42 25 42 51 59 64 82 67 72 87 30 48 88 36 37 77 79 84 89 5 6 31 68 25
37 84 37 76 33 62 72 87 30 34 48 52 64 53 84
22 83 22 31 64 82 67 72 47 75 80 81 83
38 50 38 65 43 17 58 68 25 82 67 72 88 36 50
78 83 78 79 88 36 50 82 67 72 47 80 81 83
31 29 31 64 82 67 72 87 30 48 52 77 79 88 36 37 51 44 84 89 5 6 16 29
25 67 25 40 68 69 33 62 72 87 30 34 59 89 5 75 82 67
72 80 72 47 75 80
19 5 19 82 67 72 88 36 37 51 44 55 84 89 5
49 36 49 72 87 30 48 75 88 36
42 33 42 51 44 84 89 5 52 71 82 67 72 47 75 88 36 37 76 33
76 52 76 33 49 6 16 29 48 52
58 17 58 68 25 63 65 43 17
6 55 6 16 29 48 88 36 59 89 5 52 71 82 67 72 87 30 44 55
62 77 62 33 78 79 84 89 5 52 77
68 52 68 74 57 78 79 84 89 5 52
15 80 15 30 44 84 89 5 64 82 67 72 88 36 59 48 52 80
8 25 8 16 35 64 53 88 36 59 48 52 77 79 84 89 5 75 82 67 72 87 30 44 55 58 68 25
65 33 65 43 17 33
62 82 62 72 87 30 48 75 88 36 50 82
58 53 58 77 89 5 88 36 37 59 64 53
56 72 56 74 57 78 79 88 36 37 59 48 75 82 67 72
38 6 38 65 43 52 77 79 84 89 5 6
22 83 22 34 75 80 81 83
35 37 35 59 89 5 88 36 37
51 48 51 44 55 58 77 89 5 52 64 53 88 36 59 48
27 84 27 88 36 50 82 67 72 87 30 34 79 84
14 33 14 34 48 88 36 37 76 33
21 51 21 42 51
2 77 2 82 67 72 87 30 44 79 84 89 5 75 88 36 37 55 58 77
69 89 69 76 33 49 6 31 68 25 62 72 88 36 37 55 84 89
68 77 68 74 57 78 79 88 36 37 52 64 53 84 89 5 6 77
46 48 46 37 77 89 5 6 16 29 48
56 51 56 64 71 82 67 72 47 75 88 36 59 48 52 77 79 84 89 5 6 37 55 58 68 25 62 33 51
40 17 40 68 25 35 39 65 43 17
14 41 14 28 41
41 36 41 50 82 67 72 88 36
69 59 69 76 33 53 84 89 5 88 36 59
21 41 21 26 28 41
39 78 39 6 75 82 67 72 88 36 37 49 76 33 78
7 50 7 14 37 48 88 36 50
4 83 4 82 67 72 88 36 37 51 80 81 83
4 5 4 25 38 89 5
62 67 62 72 47 75 88 36 37 51 67
21 47 21 51 44 84 89 5 64 82 67 72 47
14 71 14 37 49 6 71
28 73 28 37 72 47 75 82 67 73
13 79 13 67 72 87 30 34 79
14 70 14 28 68 69 76 33 51 44 55 84 89 5 52 64 71 82 67 72 87 30 48 88 36 37 49 6 16 35 39 65 43 17 70
2 51 2 78 79 88 36 37 51
43 71 43 44 84 89 5 6 31 64 71
70 53 70 82 67 72 88 36 37 49 69 76 33 53
19 55 19 62 33 51 44 55
87 70 87 30 48 88 36 37 76 33 78 79 84 89 5 6 31 43 17 70
85 61 85 27 44 55 84 89 5 79 88 36 37 49 76 33 61
4 59 4 23 66 77 79 88 36 59
19 57 19 56 74 57
77 47 77 79 88 36 37 52 64 53 84 89 5 6 71 82 67 72 47
21 41 21 26 28 41
26 86 26 45 50 82 67 72 47 75 88 36 59 64 86
78 17 78 79 88 36 37 76 33 53 84 89 5 6 31 56 74 57 63 65 43 17
46 77 46 37 52 77
21 6 21 42 6
15 47 15 23 37 55 84 89 5 6 88 36 59 64 82 67 72 47
21 64 21 51 44 84 89 5 52 64
49 34 49 76 33 53 84 89 5 52 71 82 67 72 87 30 34
11 88 11 68 25 84 89 5 52 71 82 67 72 47 75 88
26 36 26 88 36
30 52 30 34 48 88 36 37 52
35 72 35 59 48 52 71 82 67 72
15 80 15 23 37 59 48 88 36 50 82 67 72 47 80
57 52 57 82 67 72 88 36 59 89 5 52
7 53 7 89 5 52 71 82 67 72 47 75 88 36 59 64 53
33 47 33 78 79 88 36 59 48 52 71 82 67 72 47
59 44 59 89 5 75 82 67 72 87 30 44
65 77 65 43 44 79 84 89 5 88 36 37 77
14 75 14 34 59 64 53 88 36 50 82 67 72 47 75
87 84 87 30 44 84
9 52 9 71 82 67 72 47 75 88 36 59 48 52
68 34 68 74 57 78 79 84 89 5 88 36 50 82 67 72 87 30 34
63 53 63 53
89 52 89 5 64 82 67 72 47 75 88 36 59 48 52
68 37 68 74 57 82 67 72 47 75 88 36 37
77 32 77 89 5 6 88 36 37 52 71 82 67 72 87 30 32
56 47 56 82 67 72 47
31 48 31 64 53 84 89 5 6 71 82 67 72 47 75 88 36 59 48
4 71 4 30 44 79 84 89 5 75 88 36 59 48 52 71
40 50 40 78 79 88 36 50
31 44 31 56 82 67 72 87 30 44
59 79 59 89 5 79
39 55 39 87 30 48 75 88 36 37 55
8 83 8 41 63 53 80 81 83
74 52 74 57 63 65 43 87 30 34 59 89 5 75 82 67 72 88 36 37 49 6 16 29 48 52
49 16 49 6 16
70 36 70 82 67 72 88 36
28 32 28 37 48 88 36 59 64 82 67 72 87 30 32
42 51 42 51
59 29 59 48 75 88 36 50 82 67 72 87 30 44 79 84 89 5 6 16 29
85 6 85 88 36 59 64 71 82 67 72 87 30 44 79 84 89 5 6
11 64 11 41 76 33 78 79 84 89 5 52 64
35 55 35 39 58 77 79 88 36 50 82 67 72 87 30 34 48 52 64 53 84 89 5 6 37 76 33 51 44 55
56 72 56 82 67 72
74 71 74 57 63 65 43 52 71
16 48 16 29 48
51 61 51 59 64 71 82 67 72 47 75 88 36 37 48 52 77 79 84 89 5 6 16 35 39 76 33 61
8 60 8 40 78 79 88 36 50 60
63 36 63 65 43 87 30 34 48 52 71 82 67 72 88 36
14 71 14 42 6 88 36 59 64 71
87 89 87 30 48 52 71 82 67 72 47 75 88 36 37 51 44 55 58 68 25 62 33 53 84 89
28 25 28 68 25
16 17 16 29 48 52 64 82 67 72 87 30 34 75 88 36 37 55 84 89 5 6 31 43 17
51 50 51 44 79 88 36 50
4 23 4 23
74 52 74 57 78 79 88 36 50 82 67 72 87 30 48 52
14 44 14 59 89 5 72 87 30 44
38 81 38 65 43 17 33 62 72 88 36 50 60 81
70 36 70 82 67 72 87 30 48 88 36
22 78 22 78
35 89 35 64 82 67 72 87 30 34 48 52 77 89
46 83 46 37 76 33 62 72 47 75 80 81 83
6 75 6 31 43 17 33 53 88 36 59 89 5 64 82 67 72 47 75
49 43 49 76 33 62 72 87 30 44 55 58 68 25 38 43
68 37 68 25 82 67 72 47 75 88 36 37
51 44 51 44
28 30 28 64 82 67 72 87 30
76 83 76 33 53 80 81 83
49 20 49 76 33 51 59 64 82 67 72 87 30 44 55 84 89 5 6 31 43 17 20
18 41 18 41
4 32 4 82 67 72 87 30 32
46 30 46 37 76 33 49 6 31 64 53 88 36 59 48 52 77 79 84 89 5 72 87 30
28 55 28 70 82 67 72 87 30 44 55
35 37 35 59 64 71 82 67 72 87 30 44 84 89 5 6 31 43 17 20 45 77 79 88 36 37
77 32 77 89 5 88 36 59 64 82 67 72 87 30 32
8 80 8 9 20 40 89 5 52 80
3 58 3 20 39 58
41 32 41 57 63 53 88 36 50 82 67 72 87 30 32
76 32 76 33 62 72 87 30 32
21 6 21 42 6
87 88 87 30 48 75 88
33 32 33 53 84 89 5 75 82 67 72 87 30 32
8 63 8 41 57 63
62 64 62 33 78 79 84 89 5 64
62 80 62 33 53 80
3 64 3 9 20 45 64
23 66 23 66
19 80 19 38 89 5 88 36 59 48 52 64 82 67 72 47 80
59 29 59 48 52 71 82 67 72 88 36 37 55 58 68 69 33 51 44 79 84 89 5 6 16 29
46 37 46 37
62 84 62 72 47 75 88 36 59 89 5 79 84
14 41 14 28 41
37 71 37 52 77 79 84 89 5 64 71
19 48 19 43 17 78 79 88 36 37 55 84 89 5 75 82 67 72 87 30 48
62 86 62 33 78 79 88 36 37 48 75 82 67 72 86
69 61 69 76 33 61
64 71 64 71
59 81 59 89 5 6 75 82 67 72 47 80 81
13 32 13 68 74 57 78 79 84 89 5 6 16 87 30 32
25 86 25 35 59 89 5 64 86
68 37 68 25 79 88 36 37
4 71 4 23 66 77 79 84 89 5 52 71
4 6 4 82 67 72 47 75 88 36 37 51 44 79 84 89 5 6
30 67 30 48 75 82 67
77 86 77 89 5 6 37 72 86
62 33 62 33
20 48 20 40 78 79 84 89 5 75 82 67 72 87 30 48
1 89 1 89
30 52 30 48 52
39 77 39 87 30 34 59 64 71 82 67 72 88 36 37 77
15 73 15 30 44 55 58 75 82 67 73
69 61 69 33 61
43 17 43 17
18 86 18 22 43 44 79 88 36 59 89 5 75 82 67 72 87 30 34 86
43 55 43 44 55
34 61 34 75 82 67 72 87 30 48 88 36 37 49 76 33 61
1 33 1 39 76 33
57 86 57 82 67 72 86
72 50 72 47 75 88 36 50
69 5 69 33 78 79 88 36 37 48 75 82 67 72 87 30 34 59 64 53 84 89 5
77 53 77 89 5 52 71 82 67 72 47 75 88 36 37 49 69 33 53
3 58 3 38 43 52 64 82 67 72 88 36 37 55 58
31 82 31 68 69 76 33 53 84 89 5 72 88 36 59 48 75 82
22 61 22 78 79 84 89 5 88 36 50 82 67 72 87 30 44 55 58 68 69 33 61
8 59 8 62 33 51 59
7 47 7 64 53 88 36 59 48 75 82 67 72 47
4 86 4 25 62 33 53 88 36 37 55 84 89 5 64 82 67 72 86
34 44 34 79 88 36 59 48 52 71 82 67 72 87 30 44
77 32 77 79 88 36 59 48 75 82 67 72 87 30 32
31 36 31 43 87 30 34 75 82 67 72 88 36
78 67 78 79 88 36 37 52 71 82 67
19 30 19 43 87 30
56 83 56 78 79 83
3 34 3 30 34
9 75 9 20 45 64 53 84 89 5 75
2 30 2 56 78 79 84 89 5 6 37 51 59 48 88 36 50 82 67 72 87 30
11 82 11 88 36 37 55 84 89 5 64 82
18 52 18 59 48 88 36 37 52
16 55 16 87 30 44 55
49 83 49 6 37 51 59 48 88 36 81 83
28 86 28 77 79 84 89 5 64 71 82 67 72 87 30 34 59 48 88 36 37 49 76 33 51 86
77 81 77 79 84 89 5 52 64 53 88 36 59 48 75 82 67 72 47 80 81
31 33 31 64 82 67 72 47 75 88 36 37 76 33
27 71 27 44 55 67 72 87 30 34 48 52 71
89 50 89 5 79 88 36 50
3 64 3 27 79 84 89 5 64
51 32 51 44 55 58 75 88 36 59 48 52 77 79 84 89 5 72 87 30 32
26 55 26 42 51 44 55
23 81 23 49 69 33 62 72 88 36 50 60 81
26 48 26 88 36 50 82 67 72 87 30 34 48
65 5 65 43 87 30 44 84 89 5
41 67 41 76 33 62 72 87 30 44 79 88 36 37 59 48 52 71 82 67
56 60 56 64 82 67 72 87 30 44 84 89 5 6 88 36 50 60
74 57 74 57
56 55 56 78 79 84 89 5 88 36 59 64 71 82 67 72 87 30 44 55
16 5 16 35 64 53 88 36 50 82 67 72 87 30 44 79 84 89 5
89 84 89 5 88 36 37 59 64 71 82 67 72 87 30 48 52 77 79 84
28 86 28 77 89 5 88 36 59 48 75 82 67 72 86
8 53 8 41 57 82 67 72 87 30 34 48 52 64 53
39 84 39 65 43 52 71 82 67 72 87 30 48 88 36 59 89 5 79 84
11 48 11 59 48
8 36 8 9 71 82 67 72 88 36
15 33 15 26 42 62 33
77 53 77 89 5 64 53
13 80 13 29 48 75 80
19 79 19 56 78 79
40 63 40 89 5 6 31 56 74 57 63
9 48 9 71 82 67 72 87 30 34 48
20 55 20 55
34 67 34 75 82 67
69 29 69 76 33 51 59 89 5 52 71 82 67 72 47 75 88 36 37 49 6 16 29
8 57 8 9 20 39 76 33 53 84 89 5 52 77 79 88 36 59 48 75 82 67 72 87 30 44 55 58 68 74 57
20 50 20 45 50
19 84 19 77 79 88 36 59 64 53 84
34 47 34 48 75 82 67 72 47
20 86 20 40 89 5 72 87 30 48 88 36 37 59 64 86
87 50 87 30 34 59 89 5 75 82 67 72 88 36 50
15 44 15 23 66 78 79 88 36 59 64 71 82 67 72 87 30 44
20 79 20 40 68 25 84 89 5 64 82 67 72 87 30 34 79
31 33 31 68 69 33
3 78 3 20 56 82 67 72 87 30 34 48 88 36 37 49 76 33 78
82 83 82 67 72 88 36 37 51 59 64 53 80 81 83
82 86 82 67 72 86
46 88 46 37 59 48 88
69 17 69 33 51 44 84 89 5 6 31 43 17
68 44 68 74 57 63 53 84 89 5 72 87 30 44
64 83 64 53 80 81 83
38 70 38 65 43 17 70
18 53 18 59 64 53
68 58 68 25 35 39 58
85 50 85 88 36 50
23 50 23 37 77 79 84 89 5 75 82 67 72 88 36 50
15 71 15 23 49 76 33 78 79 84 89 5 88 36 59 64 71
43 48 43 44 84 89 5 6 71 82 67 72 88 36 37 55 58 68 74 57 48
87 72 87 30 44 79 84 89 5 72
31 36 31 43 44 84 89 5 72 47 75 88 36
42 86 42 6 31 68 25 35 64 86
64 36 64 53 88 36
69 88 69 33 51 59 64 53 88
18 43 18 22 31 43
64 81 64 53 80 81
62 48 62 33 49 72 87 30 34 59 48
59 84 59 64 53 88 36 37 77 79 84
56 86 56 82 67 72 86
28 5 28 82 67 72 88 36 37 76 33 78 79 84 89 5
63 53 63 53
59 32 59 48 75 82 67 72 87 30 32
64 32 64 71 82 67 72 87 30 32
58 53 58 75 88 36 59 64 53
13 86 13 20 55 67 72 87 30 34 86
38 55 38 43 17 78 79 88 36 37 51 59 89 5 52 71 82 67 72 87 30 44 55
11 51 11 88 36 37 51
40 48 40 68 74 57 82 67 72 87 30 34 79 88 36 59 48
74 83 74 57 63 65 43 44 55 84 89 5 75 88 36 37 59 64 82 67 72 87 30 34 79 83
4 79 4 23 66 78 79
49 61 49 69 33 61
72 71 72 87 30 48 75 88 36 59 64 53 84 89 5 52 71
15 43 15 23 49 6 31 43
31 16 31 56 64 53 84 89 5 6 16
57 84 57 63 53 84
46 55 46 37 55
39 45 39 65 43 17 20 45
69 48 69 76 33 49 6 37 48
42 88 42 62 72 87 30 34 75 88
7 47 7 57 63 53 84 89 5 88 36 59 48 75 82 67 72 47
59 53 59 48 52 71 82 67 72 88 36 37 55 58 77 89 5 64 53
27 84 27 79 84
39 58 39 58
27 84 27 78 79 84
8 30 8 16 35 39 87 30
65 5 65 43 87 30 34 75 88 36 59 89 5
34 86 34 86
11 48 11 59 48
42 55 42 51 67 72 87 30 44 79 84 89 5 88 36 37 55
65 80 65 43 87 30 48 88 36 50 82 67 72 47 75 80
18 70 18 41 70
22 45 22 31 43 17 20 45
18 79 18 20 39 87 30 34 79
1 13 1 13
1 86 1 2 9 53 88 36 37 77 79 84 89 5 75 82 67 72 86
31 50 31 64 82 67 72 88 36 50
56 30 56 74 57 82 67 72 87 30
69 71 69 33 53 84 89 5 6 71
74 36 74 57 48 88 36
25 79 25 79
72 80 72 87 30 44 84 89 5 79 88 36 59 64 53 80
18 55 18 59 89 5 88 36 50 82 67 72 87 30 44 55
15 59 15 22 31 56 74 57 48 52 77 89 5 88 36 37 59
31 86 31 56 64 86
19 61 19 69 33 61
65 34 65 43 17 20 45 50 82 67 72 47 75 88 36 37 48 52 77 79 84 89 5 6 16 87 30 34
43 29 43 52 77 89 5 6 16 29
7 73 7 43 87 30 44 84 89 5 64 71 82 67 73
20 83 20 56 64 82 67 72 87 30 34 48 75 80 81 83
18 60 18 22 78 79 84 89 5 72 47 75 88 36 50 60
25 50 25 82 67 72 47 75 88 36 50
82 84 82 67 72 87 30 34 75 88 36 59 48 52 77 89 5 6 37 55 84
56 51 56 74 57 78 79 84 89 5 6 31 68 25 33 51
76 6 76 33 51 59 48 75 82 67 72 87 30 44 55 58 77 89 5 6
42 51 42 51
57 47 57 82 67 72 47
1 75 1 13 29 48 75
26 75 26 42 51 67 72 88 36 59 48 75
64 53 64 53
64 53 64 53
21 41 21 26 28 41
64 48 64 53 84 89 5 75 88 36 50 82 67 72 87 30 34 59 48
39 78 39 76 33 78
64 55 64 71 82 67 72 47 75 88 36 59 48 52 77 79 84 89 5 6 31 43 44 55
74 59 74 57 63 53 88 36 59
89 84 89 5 52 71 82 67 72 87 30 34 59 64 53 88 36 37 51 44 79 84
30 83 30 34 48 75 80 81 83
49 43 49 6 31 68 25 63 65 43
13 32 13 26 28 70 82 67 72 47 75 88 36 37 49 6 16 87 30 32
22 32 22 78 79 84 89 5 75 82 67 72 87 30 32
18 78 18 76 33 78
19 37 19 38 43 52 64 71 82 67 72 88 36 37
4 72 4 23 37 52 71 82 67 72
59 44 59 89 5 75 88 36 37 48 52 64 82 67 72 87 30 44
62 89 62 72 87 30 44 79 84 89
20 86 20 55 58 77 79 88 36 37 49 6 16 29 48 52 71 82 67 72 86
85 81 85 27 17 60 81
2 84 2 56 82 67 72 87 30 44 79 84
26 81 26 28 82 67 72 88 36 59 48 75 80 81
38 63 38 43 17 58 68 25 63
87 60 87 30 44 84 89 5 64 82 67 72 47 75 88 36 50 60
49 43 49 6 31 43
65 16 65 43 17 20 88 36 59 48 52 64 82 67 72 87 30 44 84 89 5 6 16
1 37 1 89 5 64 53 88 36 37
63 83 63 65 43 17 58 67 72 88 36 81 83
15 33 15 26 88 36 37 77 79 84 89 5 75 82 67 72 87 30 44 55 58 68 25 33
11 71 11 41 70 82 67 72 87 30 48 52 77 79 84 89 5 6 37 51 59 64 71
38 47 38 43 87 30 44 79 88 36 59 48 52 64 82 67 72 47
87 48 87 30 34 48
42 47 42 51 59 64 71 82 67 72 47
35 75 35 64 53 84 89 5 88 36 59 48 75
69 32 69 76 33 78 79 88 36 50 82 67 72 87 30 32
3 48 3 37 76 33 78 79 88 36 59 48
56 75 56 64 53 88 36 50 82 67 72 87 30 48 52 77 89 5 6 75
69 34 69 33 78 79 84 89 5 72 87 30 34
63 17 63 65 43 17
51 83 51 44 84 89 5 75 80 81 83
15 60 15 22 78 79 84 89 5 72 87 30 48 52 64 53 88 36 50 60
40 83 40 78 79 88 36 81 83
69 6 69 33 62 72 87 30 34 79 88 36 37 77 89 5 6
56 57 56 74 57
18 20 18 20
74 75 74 57 48 52 64 82 67 72 87 30 34 75
21 71 21 51 67 72 87 30 34 59 64 71
65 33 65 43 44 79 84 89 5 6 71 82 67 72 88 36 37 76 33
19 5 19 69 76 33 53 88 36 37 48 52 77 89 5
68 67 68 25 35 39 87 30 34 79 88 36 59 64 71 82 67
11 59 11 59
21 58 21 58
78 81 78 79 88 36 81
56 88 56 64 82 67 72 47 75 88
63 52 63 65 43 52
74 64 74 57 48 52 71 82 67 72 47 75 88 36 59 64
65 72 65 43 44 79 88 36 37 48 75 82 67 72
57 32 57 63 65 43 17 20 45 77 79 84 89 5 75 82 67 72 87 30 32
13 79 13 29 48 75 88 36 59 89 5 52 77 79
34 73 34 48 88 36 37 52 71 82 67 73
31 43 31 56 74 57 63 65 43
31 81 31 68 69 76 33 53 80 81
22 59 22 34 59
2 59 2 78 79 88 36 59
25 36 25 62 33 49 72 88 36
38 6 38 89 5 6
87 5 87 30 34 79 88 36 59 89 5
40 50 40 78 79 88 36 50
69 29 69 76 33 49 6 16 29
31 53 31 64 53
14 84 14 59 48 88 36 37 52 64 71 82 67 72 87 30 34 79 84
85 89 85 88 36 59 48 52 77 89
68 67 68 69 33 51 67
22 77 22 31 43 44 55 58 77
87 34 87 30 34
14 84 14 59 48 75 82 67 72 88 36 37 49 76 33 78 79 84
57 55 57 78 79 84 89 5 6 16 29 48 88 36 50 82 67 72 87 30 44 55
28 16 28 87 30 44 79 88 36 37 76 33 49 6 16
40 72 40 68 69 33 51 44 55 67 72
88 67 88 36 59 89 5 72 87 30 34 75 82 67
25 55 25 35 59 64 53 84 89 5 6 37 76 33 51 44 55
21 59 21 51 59
64 81 64 53 84 89 5 88 36 81
2 82 2 25 35 39 6 31 64 82
20 61 20 56 78 79 88 36 50 82 67 72 87 30 34 59 89 5 6 16 61
13 36 13 28 87 30 48 75 82 67 72 88 36
4 16 4 70 82 67 72 47 75 88 36 37 51 44 84 89 5 6 16
8 70 8 41 70
74 78 74 57 72 88 36 37 76 33 78
33 73 33 78 79 88 36 50 82 67 73
42 43 42 6 16 35 39 65 43
22 53 22 78 79 84 89 5 64 53
58 71 58 77 89 5 64 71
30 75 30 48 75
43 48 43 44 55 84 89 5 72 87 30 34 48
4 52 4 49 69 76 33 78 79 84 89 5 75 88 36 37 51 44 55 67 72 87 30 48 52
62 72 62 33 78 79 88 36 37 51 59 89 5 72
68 60 68 25 38 43 52 71 82 67 72 87 30 44 79 88 36 50 60
64 44 64 53 88 36 37 52 77 89 5 6 31 43 44
31 34 31 64 53 84 89 5 6 88 36 50 82 67 72 87 30 34
11 48 11 68 74 57 63 53 84 89 5 79 88 36 59 64 82 67 72 87 30 48
70 84 70 82 67 72 47 75 88 36 59 64 53 84
39 59 39 65 43 44 55 84 89 5 75 82 67 72 87 30 48 52 64 53 88 36 37 59
56 58 56 82 67 72 87 30 48 88 36 37 55 58
39 79 39 6 71 82 67 72 87 30 48 88 36 59 64 53 84 89 5 52 77 79
35 47 35 59 89 5 75 88 36 37 52 71 82 67 72 47
41 61 41 70 82 67 72 88 36 37 55 58 68 69 76 33 49 6 16 61
9 79 9 62 72 88 36 37 49 76 33 53 84 89 5 79
11 41 11 41
30 48 30 34 48
42 86 42 6 16 87 30 44 84 89 5 75 88 36 37 59 64 71 82 67 72 86
21 32 21 51 59 48 75 82 67 72 87 30 32
60 81 60 81
64 73 64 82 67 73
16 79 16 35 64 71 82 67 72 88 36 59 89 5 52 77 79
27 81 27 78 79 88 36 81
33 75 33 51 59 64 82 67 72 47 75
28 64 28 87 30 44 55 67 72 47 75 88 36 37 52 64
74 64 74 57 72 88 36 59 48 52 64
1 53 1 49 69 76 33 53
51 67 51 59 64 82 67
46 34 46 37 77 89 5 52 71 82 67 72 87 30 34
28 84 28 87 30 48 75 88 36 37 76 33 51 44 79 84
35 5 35 39 65 43 52 64 53 84 89 5
23 73 23 37 76 33 62 72 87 30 44 79 84 89 5 6 31 43 52 64 53 88 36 59 48 75 82 67 73
78 73 78 79 88 36 59 48 75 82 67 73
74 78 74 57 78
39 44 39 76 33 51 44
26 36 26 88 36
35 36 35 59 48 75 82 67 72 88 36
33 86 33 53 84 89 5 88 36 37 49 72 86
77 32 77 89 5 88 36 50 82 67 72 87 30 32
25 32 25 38 89 5 88 36 50 82 67 72 87 30 32
3 37 3 37
14 5 14 34 79 84 89 5
19 6 19 69 33 78 79 88 36 59 64 53 84 89 5 6
38 75 38 65 43 52 64 53 84 89 5 79 88 36 59 48 75
30 80 30 48 75 80
8 57 8 28 68 74 57
1 7 1 7
69 83 69 76 33 49 72 87 30 34 75 88 36 81 83
14 80 14 59 48 75 88 36 37 77 89 5 6 31 68 25 62 72 47 80
11 79 11 59 89 5 88 36 37 49 72 87 30 48 52 77 79
49 67 49 69 33 51 67
14 86 14 28 68 69 76 33 78 79 88 36 37 59 48 52 64 86
72 83 72 47 75 80 81 83
30 80 30 48 88 36 50 82 67 72 47 80
16 84 16 87 30 34 59 89 5 79 84
13 50 13 74 57 82 67 72 87 30 44 55 58 77 89 5 88 36 50
21 77 21 58 68 25 85 27 79 88 36 37 77
56 82 56 82
43 55 43 52 71 82 67 72 87 30 44 55
62 57 62 33 53 88 36 37 52 71 82 67 72 87 30 44 55 58 68 74 57
64 67 64 53 88 36 37 77 89 5 75 82 67
65 86 65 43 52 71 82 67 72 86
57 32 57 48 75 88 36 37 76 33 51 44 79 84 89 5 6 16 87 30 32
51 52 51 59 48 52
7 61 7 62 33 61
64 47 64 71 82 67 72 47
21 45 21 26 45
40 59 40 68 74 57 48 75 82 67 72 87 30 34 59
46 58 46 37 55 58
4 71 4 30 34 75 82 67 72 88 36 59 89 5 6 71
25 83 25 35 59 64 53 84 89 5 75 82 67 72 47 80 81 83
34 80 34 48 88 36 50 82 67 72 47 80
16 75 16 87 30 48 88 36 59 89 5 75
68 36 68 25 62 72 88 36
68 78 68 69 76 33 78
37 86 37 59 64 86
46 47 46 37 72 47
23 86 23 55 67 72 86
85 5 85 88 36 37 77 79 84 89 5
27 48 27 17 58 68 69 76 33 51 59 48
77 83 77 89 5 75 88 36 59 64 71 82 67 72 47 80 81 83
49 67 49 69 33 53 88 36 59 89 5 72 47 75 82 67
70 84 70 82 67 72 87 30 34 59 89 5 75 88 36 37 55 84
82 53 82 67 72 87 30 34 75 88 36 59 89 5 64 53
4 50 4 25 85 88 36 50
22 29 22 31 43 87 30 48 75 88 36 37 59 89 5 6 16 29
15 48 15 30 34 48
40 86 40 68 74 57 63 65 43 52 77 79 88 36 50 82 67 72 86
49 51 49 69 76 33 51
6 48 6 88 36 50 82 67 72 87 30 48
40 78 40 78
20 48 20 39 65 43 44 79 84 89 5 75 88 36 37 51 67 72 87 30 34 48
3 48 3 20 88 36 50 82 67 72 87 30 48
69 53 69 76 33 78 79 88 36 37 48 52 64 53
70 50 70 82 67 72 87 30 34 75 88 36 50
64 50 64 53 88 36 50
9 32 9 62 33 53 84 89 5 79 88 36 59 48 75 82 67 72 87 30 32
9 61 9 62 33 61
69 50 69 76 33 49 72 47 75 88 36 50
35 67 35 39 58 67
37 52 37 55 84 89 5 52
62 55 62 33 78 79 88 36 50 82 67 72 87 30 44 55
72 75 72 47 75
31 17 31 43 17
13 52 13 26 28 77 89 5 52
7 53 7 64 53
18 77 18 41 50 82 67 72 87 30 44 55 58 75 88 36 37 77
72 29 72 88 36 37 59 89 5 6 16 29
85 88 85 88
59 79 59 89 5 75 82 67 72 87 30 44 55 58 77 79
18 78 18 22 43 17 78
42 53 42 51 67 72 87 30 44 84 89 5 88 36 59 64 53
42 75 42 6 88 36 59 48 52 71 82 67 72 47 75
46 64 46 37 76 33 51 44 55 84 89 5 64
18 78 18 22 43 17 20 40 78
7 81 7 57 78 79 88 36 81
14 44 14 25 38 43 44
63 80 63 65 43 52 64 82 67 72 87 30 44 84 89 5 6 37 59 48 75 80
40 55 40 78 79 88 36 37 55
1 89 1 78 79 84 89
85 33 85 27 17 33
1 44 1 7 14 34 48 88 36 50 82 67 72 87 30 44
85 32 85 27 88 36 59 48 52 71 82 67 72 87 30 32
27 36 27 88 36
76 5 76 33 51 44 55 84 89 5
35 51 35 59 89 5 6 88 36 37 51
4 72 4 23 49 69 76 33 62 72
89 47 89 5 75 82 67 72 47
14 52 14 59 48 52
4 77 4 23 66 77
23 29 23 66 78 79 88 36 59 89 5 6 16 29
21 50 21 42 51 44 55 58 77 89 5 64 82 67 72 88 36 50
33 47 33 53 88 36 37 59 64 82 67 72 47
69 78 69 76 33 78
51 32 51 59 64 71 82 67 72 87 30 32
9 84 9 20 55 67 72 88 36 37 52 77 89 5 79 84
62 67 62 72 87 30 48 88 36 59 64 53 84 89 5 75 82 67
16 5 16 87 30 34 79 84 89 5
38 16 38 43 87 30 48 75 88 36 37 51 59 64 53 84 89 5 6 16
15 64 15 26 28 37 52 64
8 78 8 40 68 74 57 48 52 64 82 67 72 87 30 34 59 89 5 88 36 37 76 33 78
72 5 72 87 30 34 75 88 36 59 48 52 77 89 5
43 84 43 44 79 84
25 55 25 38 89 5 6 16 87 30 44 55
46 84 46 37 51 44 84
62 77 62 72 87 30 44 55 58 77
87 67 87 30 34 75 82 67
49 57 49 72 87 30 44 55 58 68 74 57
21 53 21 51 59 48 52 64 53
35 32 35 39 65 43 17 70 82 67 72 87 30 32
22 33 22 43 44 55 58 67 72 88 36 37 76 33
8 72 8 9 20 39 76 33 49 72
34 75 34 59 89 5 64 53 88 36 50 82 67 72 47 75
11 53 11 59 64 53
59 48 59 48
1 60 1 39 58 67 72 88 36 50 60
68 32 68 74 57 82 67 72 87 30 32
13 83 13 29 48 52 80 81 83
87 73 87 30 44 55 58 67 73
70 73 70 82 67 73
1 80 1 13 29 48 75 88 36 50 82 67 72 47 80
9 83 9 53 84 89 5 64 82 67 72 87 30 44 55 58 68 25 62 33 78 79 83
85 50 85 88 36 50
3 16 3 30 34 79 84 89 5 72 47 75 88 36 37 49 6 16
25 61 25 63 53 88 36 37 76 33 61
65 79 65 43 44 84 89 5 64 53 88 36 59 48 52 77 79
3 37 3 37
1 37 1 37
42 30 42 6 31 43 52 64 71 82 67 72 87 30
31 73 31 56 82 67 73
1 6 1 49 6
7 53 7 29 48 52 64 53
82 86 82 67 72 86
15 16 15 23 49 76 33 62 72 87 30 48 75 88 36 37 55 84 89 5 6 16
63 61 63 65 43 17 78 79 88 36 37 49 69 76 33 61
21 60 21 51 59 89 5 6 71 82 67 72 87 30 48 88 36 50 60
56 58 56 64 53 84 89 5 72 88 36 37 55 58
21 55 21 58 77 79 88 36 37 55
76 51 76 33 53 84 89 5 79 88 36 37 51
31 33 31 56 74 57 48 88 36 37 49 69 76 33
51 83 51 44 84 89 5 52 77 79 88 36 81 83
2 44 2 78 79 84 89 5 52 64 53 88 36 59 48 75 82 67 72 87 30 44
3 34 3 64 82 67 72 87 30 34
15 27 15 22 31 68 25 85 27
88 5 88 36 59 89 5
19 36 19 62 72 87 30 48 75 88 36
58 47 58 75 88 36 50 82 67 72 47
64 71 64 53 88 36 37 51 44 55 58 68 69 33 49 6 77 89 5 52 71
2 89 2 56 64 53 84 89
34 32 34 75 82 67 72 87 30 32
78 75 78 79 88 36 59 48 52 64 53 84 89 5 75
56 47 56 74 57 72 47
88 53 88 36 59 89 5 64 53
35 64 35 64
62 60 62 33 53 84 89 5 75 82 67 72 88 36 50 60
42 79 42 51 44 84 89 5 75 82 67 72 87 30 34 48 52 77 79
31 82 31 56 64 82
65 43 65 43
21 79 21 42 62 33 51 44 79
33 47 33 49 6 31 56 74 57 78 79 84 89 5 72 47
77 84 77 79 84
87 79 87 30 48 52 77 79
38 84 38 43 52 64 53 84
2 55 2 25 63 65 43 87 30 34 79 88 36 37 55
43 17 43 17
35 60 35 64 82 67 72 88 36 50 60
38 48 38 43 17 78 79 84 89 5 6 31 64 82 67 72 88 36 59 48
42 16 42 62 33 49 6 16
4 81 4 23 55 84 89 5 6 37 52 80 81
72 5 72 47 75 88 36 59 48 52 77 79 84 89 5
70 79 70 82 67 72 87 30 44 55 84 89 5 6 77 79
2 36 2 23 66 78 79 88 36
11 32 11 68 25 33 51 44 84 89 5 52 71 82 67 72 87 30 32
57 75 57 82 67 72 47 75
88 53 88 36 59 64 53
4 25 4 25
77 84 77 89 5 64 82 67 72 87 30 44 55 84
69 64 69 33 53 88 36 37 77 79 84 89 5 64
4 47 4 49 6 71 82 67 72 47
28 29 28 77 79 84 89 5 6 16 29
27 75 27 17 20 39 87 30 34 59 89 5 6 75
35 43 35 39 65 43
62 77 62 33 49 6 77
18 51 18 76 33 51
68 37 68 74 57 78 79 88 36 37
87 79 87 30 34 79
74 86 74 57 63 65 43 44 79 88 36 37 76 33 62 72 86
76 84 76 33 51 44 55 58 68 25 84
76 61 76 33 61
87 58 87 30 34 48 88 36 37 55 58
13 73 13 84 89 5 64 71 82 67 73
3 44 3 9 53 84 89 5 88 36 50 82 67 72 87 30 44
23 71 23 66 78 79 84 89 5 75 82 67 72 87 30 34 48 52 64 71
19 55 19 43 44 55
16 75 16 87 30 44 84 89 5 52 64 71 82 67 72 47 75
22 32 22 43 17 33 78 79 88 36 59 64 82 67 72 87 30 32
39 83 39 65 43 87 30 48 52 77 79 83
3 37 3 37
4 5 4 30 44 79 88 36 59 48 52 64 53 84 89 5
40 47 40 89 5 6 71 82 67 72 47
51 86 51 44 84 89 5 79 88 36 50 82 67 72 86
4 27 4 25 85 27
4 81 4 30 44 84 89 5 75 80 81
64 47 64 82 67 72 47
56 78 56 78
7 44 7 89 5 52 77 79 88 36 59 64 71 82 67 72 87 30 44
38 5 38 43 52 71 82 67 72 88 36 37 59 89 5
28 71 28 35 64 53 84 89 5 88 36 37 59 48 52 71
72 80 72 47 80
6 83 6 77 79 88 36 59 89 5 75 80 81 83
59 44 59 48 88 36 37 51 67 72 87 30 44
11 59 11 59
1 23 1 2 23
82 84 82 67 72 87 30 44 55 58 77 79 84
87 29 87 30 48 75 82 67 72 88 36 37 51 44 55 58 68 69 33 49 6 16 29
16 83 16 29 48 52 77 89 5 79 88 36 37 72 47 75 80 81 83
69 61 69 76 33 61
62 44 62 72 87 30 44
16 36 16 29 48 52 64 82 67 72 47 75 88 36
62 44 62 33 51 44
59 81 59 64 53 80 81
4 58 4 25 40 68 74 57 48 52 64 71 82 67 72 47 75 88 36 37 76 33 78 79 84 89 5 6 16 87 30 44 55 58
18 53 18 22 43 17 33 62 72 47 75 88 36 37 48 52 64 53
20 86 20 45 50 82 67 72 87 30 34 86
18 61 18 76 33 61
82 86 82 67 72 87 30 44 55 58 75 88 36 37 51 86
88 48 88 36 37 59 48
2 81 2 23 66 77 89 5 88 36 59 48 52 80 81
30 32 30 32
42 61 42 6 16 61
6 36 6 31 64 82 67 72 47 75 88 36
62 52 62 72 87 30 44 84 89 5 88 36 37 52
4 59 4 70 82 67 72 47 75 88 36 37 51 59
8 51 8 62 33 51
58 79 58 68 74 57 78 79
76 80 76 33 53 84 89 5 52 80
30 44 30 44
74 16 74 57 63 65 43 52 77 89 5 6 16
34 47 34 79 84 89 5 72 47
19 89 19 69 76 33 51 59 89
76 30 76 33 62 72 88 36 37 52 64 53 84 89 5 6 16 35 39 87 30
9 52 9 53 88 36 50 82 67 72 87 30 34 79 84 89 5 6 16 29 48 52
1 61 1 13 26 28 64 71 82 67 72 47 75 88 36 37 76 33 78 79 84 89 5 6 16 61
56 61 56 78 79 84 89 5 6 16 61
64 36 64 71 82 67 72 88 36
41 79 41 63 65 43 87 30 34 59 64 53 88 36 37 55 84 89 5 79
8 58 8 40 89 5 75 82 67 72 87 30 44 55 58
63 80 63 65 43 87 30 34 48 75 82 67 72 47 80
49 79 49 72 47 75 88 36 37 76 33 53 84 89 5 79
4 79 4 70 82 67 72 87 30 44 55 84 89 5 79
4 33 4 25 84 89 5 64 53 88 36 37 76 33
35 37 35 64 53 84 89 5 79 88 36 37
85 32 85 27 44 55 67 72 87 30 32
64 50 64 53 84 89 5 52 77 79 88 36 50
64 53 64 53
40 48 40 68 69 76 33 49 72 87 30 48
62 71 62 33 78 79 88 36 50 82 67 72 87 30 34 48 52 71
15 52 15 26 28 87 30 34 59 64 53 84 89 5 52
51 80 51 44 84 89 5 88 36 59 64 82 67 72 47 80
26 29 26 28 35 39 6 16 29
49 80 49 69 76 33 78 79 88 36 37 48 75 82 67 72 47 80
18 20 18 20
85 82 85 88 36 37 77 79 84 89 5 64 82
3 83 3 9 71 82 67 72 87 30 48 52 77 79 84 89 5 6 31 43 44 55 58 68 69 76 33 51 80 81 83
28 72 28 37 76 33 51 44 84 89 5 75 82 67 72
1 86 1 49 76 33 53 88 36 59 64 86
15 59 15 30 34 59
41 44 41 57 82 67 72 87 30 44
69 16 69 33 78 79 84 89 5 6 16
2 37 2 23 55 58 68 69 33 62 72 88 36 37
40 77 40 78 79 88 36 59 89 5 52 77
39 80 39 65 43 87 30 44 55 84 89 5 6 77 79 88 36 37 59 48 75 82 67 72 47 80
25 52 25 40 89 5 64 71 82 67 72 47 75 88 36 37 52
4 70 4 70
69 88 69 33 53 84 89 5 6 71 82 67 72 87 30 48 75 88
21 83 21 26 42 62 33 53 84 89 5 72 87 30 48 75 80 81 83
31 78 31 43 17 78
69 71 69 76 33 62 72 88 36 59 64 71
65 86 65 43 52 71 82 67 72 86
42 59 42 62 72 87 30 44 84 89 5 88 36 59
46 17 46 37 48 75 82 67 72 87 30 34 79 88 36 59 89 5 6 16 35 39 65 43 17
19 71 19 77 79 88 36 59 64 82 67 72 87 30 44 84 89 5 52 71
18 88 18 20 55 84 89 5 52 64 82 67 72 47 75 88
1 81 1 7 29 48 52 80 81
9 53 9 53
64 44 64 71 82 67 72 87 30 44
15 47 15 26 45 64 53 84 89 5 6 88 36 50 82 67 72 47
82 83 82 67 72 47 75 88 36 81 83
21 16 21 42 6 16
82 84 82 67 72 87 30 48 88 36 37 59 89 5 79 84
76 77 76 33 49 6 77
27 61 27 79 84 89 5 64 71 82 67 72 88 36 37 76 33 61
35 17 35 39 65 43 17
76 59 76 33 78 79 84 89 5 88 36 37 59
64 50 64 71 82 67 72 47 75 88 36 50
1 41 1 7 14 28 41
68 83 68 69 33 51 59 89 5 79 88 36 50 60 81 83
58 73 58 75 82 67 73
68 81 68 69 33 53 84 89 5 72 47 80 81
51 73 51 59 48 88 36 37 52 71 82 67 73
77 61 77 89 5 52 64 82 67 72 47 75 88 36 37 76 33 49 6 16 61
22 71 22 43 44 79 84 89 5 6 16 35 64 82 67 72 47 75 88 36 59 48 52 71
74 50 74 57 72 47 75 88 36 50
21 44 21 26 42 51 44
51 5 51 44 84 89 5
56 33 56 82 67 72 88 36 37 49 69 76 33
58 17 58 68 74 57 63 65 43 17
18 80 18 59 64 82 67 72 88 36 37 55 58 75 80
3 30 3 82 67 72 87 30
33 32 33 53 88 36 59 48 75 82 67 72 87 30 32
64 75 64 71 82 67 72 47 75
40 88 40 89 5 72 88
8 57 8 9 71 82 67 72 47 75 88 36 37 59 48 52 64 53 84 89 5 6 31 68 74 57
69 5 69 33 53 84 89 5
8 5 8 41 70 82 67 72 87 30 44 55 84 89 5
89 52 89 5 64 53 88 36 37 51 59 48 52
26 5 26 42 6 88 36 37 55 84 89 5
15 26 15 26
28 82 28 68 69 33 62 72 88 36 50 82
4 33 4 23 49 69 76 33
31 73 31 64 71 82 67 73
63 75 63 65 43 52 71 82 67 72 47 75
18 59 18 41 63 53 84 89 5 75 88 36 59
42 61 42 51 59 89 5 88 36 37 76 33 61
56 59 56 78 79 84 89 5 75 88 36 59
85 81 85 88 36 59 48 75 82 67 72 47 80 81
16 80 16 87 30 48 52 64 82 67 72 47 75 80
35 59 35 39 76 33 49 6 77 79 84 89 5 88 36 59
77 81 77 79 88 36 50 82 67 72 87 30 34 75 80 81
56 78 56 74 57 78
34 44 34 75 88 36 37 52 64 82 67 72 87 30 44
40 67 40 78 79 88 36 59 89 5 64 82 67
42 61 42 6 71 82 67 72 87 30 48 75 88 36 37 76 33 61
77 48 77 89 5 72 87 30 48
64 79 64 82 67 72 87 30 34 79
1 55 1 39 76 33 78 79 84 89 5 88 36 37 48 75 82 67 72 87 30 44 55
37 84 37 51 44 55 58 67 72 88 36 59 89 5 79 84
19 43 19 43
2 36 2 23 37 52 64 53 84 89 5 79 88 36
78 86 78 79 88 36 59 89 5 72 86
19 20 19 77 79 84 89 5 52 64 53 88 36 59 48 75 82 67 72 87 30 44 55 58 68 74 57 63 65 43 17 20
27 55 27 44 55
21 67 21 58 75 82 67
42 81 42 62 33 51 80 81
43 32 43 87 30 32
25 71 25 63 65 43 52 71
68 59 68 25 79 88 36 59
69 58 69 76 33 78 79 88 36 59 64 53 84 89 5 72 87 30 44 55 58
25 5 25 82 67 72 87 30 48 52 64 53 84 89 5
37 84 37 77 79 84
35 89 35 59 64 53 84 89
42 32 42 62 33 78 79 88 36 50 82 67 72 87 30 32
3 37 3 64 53 84 89 5 88 36 37
35 27 35 39 58 68 25 85 27
21 50 21 26 42 51 67 72 47 75 88 36 50
43 86 43 87 30 34 59 89 5 72 86
8 81 8 9 53 84 89 5 6 31 43 87 30 44 79 88 36 59 48 52 71 82 67 72 47 80 81
40 36 40 78 79 88 36
15 41 15 26 28 41
9 45 9 20 45
6 55 6 37 55
4 50 4 23 37 49 72 88 36 50
4 88 4 25 79 84 89 5 88
3 67 3 64 71 82 67
64 17 64 82 67 72 88 36 59 89 5 6 16 35 39 65 43 17
76 44 76 33 62 72 87 30 44
87 30 87 30
27 81 27 17 58 77 89 5 52 80 81
33 80 33 53 80
41 83 41 81 83
19 32 19 69 33 78 79 88 36 50 82 67 72 87 30 32
74 82 74 57 78 79 84 89 5 52 64 71 82
33 48 33 78 79 88 36 59 89 5 72 87 30 48
57 79 57 63 65 43 44 79
46 59 46 37 59
76 64 76 33 53 84 89 5 6 71 82 67 72 87 30 34 59 48 52 64
23 32 23 32
8 17 8 41 63 65 43 17
11 33 11 68 69 76 33
69 37 69 33 53 88 36 37
76 72 76 33 51 67 72
13 52 13 28 37 52
89 47 89 5 6 88 36 50 82 67 72 47
65 50 65 43 17 78 79 88 36 50
74 71 74 57 78 79 84 89 5 64 71
38 27 38 43 17 20 40 78 79 84 89 5 75 88 36 59 48 52 71 82 67 72 87 30 44 55 58 68 25 85 27
78 75 78 79 88 36 59 89 5 75
4 55 4 82 67 72 47 75 88 36 37 55
62 83 62 33 51 59 64 71 82 67 72 47 75 80 81 83
3 57 3 20 56 74 57
43 47 43 87 30 48 52 77 79 88 36 37 55 58 68 74 57 82 67 72 47
4 17 4 25 38 43 17
28 63 28 41 57 63
11 5 11 88 36 59 89 5
56 63 56 74 57 63
26 73 26 88 36 59 64 53 84 89 5 52 71 82 67 73
34 32 34 79 84 89 5 6 88 36 50 82 67 72 87 30 32
59 53 59 48 52 64 53
22 67 22 34 79 88 36 59 48 52 71 82 67
28 72 28 64 53 84 89 5 75 88 36 50 82 67 72
15 75 15 26 88 36 37 49 76 33 62 72 87 30 48 75
23 86 23 49 76 33 51 86
43 17 43 17
38 83 38 43 87 30 48 88 36 59 64 71 82 67 72 47 80 81 83
8 5 8 40 89 5
56 81 56 82 67 72 88 36 59 89 5 75 80 81
13 47 13 84 89 5 6 16 35 39 65 43 44 79 88 36 50 82 67 72 47
89 86 89 5 64 86
9 45 9 20 45
64 53 64 53
7 75 7 89 5 52 77 79 88 36 50 82 67 72 47 75
3 29 3 82 67 72 87 30 48 88 36 37 49 6 16 29
21 45 21 26 45
15 48 15 23 55 67 72 88 36 59 48
23 86 23 37 55 58 75 88 36 59 64 82 67 72 87 30 34 86
77 73 77 79 84 89 5 6 16 35 64 53 88 36 59 48 75 82 67 73
7 50 7 43 52 64 82 67 72 47 75 88 36 50
65 34 65 43 87 30 34
18 75 18 76 33 51 44 55 84 89 5 79 88 36 50 82 67 72 87 30 34 48 75
85 52 85 27 78 79 88 36 37 52
51 67 51 59 48 52 77 79 84 89 5 88 36 50 82 67
31 55 31 64 71 82 67 72 47 75 88 36 37 55
23 50 23 55 58 68 25 85 88 36 50
69 44 69 33 51 44
41 73 41 63 65 43 17 78 79 84 89 5 72 88 36 50 82 67 73
19 48 19 69 76 33 78 79 88 36 37 59 64 82 67 72 87 30 48
23 47 23 55 84 89 5 6 75 82 67 72 47
38 33 38 43 87 30 44 84 89 5 52 77 79 88 36 37 76 33
8 60 8 41 70 82 67 72 87 30 44 79 84 89 5 64 53 88 36 50 60
20 5 20 40 78 79 88 36 59 89 5
88 75 88 36 59 48 52 77 79 84 89 5 64 82 67 72 47 75
40 36 40 68 69 76 33 62 72 47 75 88 36
88 81 88 36 50 60 81
39 60 39 65 43 44 79 88 36 50 60
49 43 49 76 33 78 79 84 89 5 52 64 82 67 72 87 30 44 55 58 68 74 57 63 65 43
13 71 13 84 89 5 6 75 82 67 72 88 36 37 59 48 52 71
22 83 22 43 17 78 79 83
14 36 14 25 82 67 72 88 36
11 72 11 41 76 33 49 6 31 56 64 82 67 72
40 47 40 68 25 63 53 84 89 5 75 88 36 59 64 82 67 72 47
49 64 49 6 16 29 48 52 71 82 67 72 88 36 59 64
56 29 56 74 57 78 79 88 36 37 76 33 49 6 16 29
65 73 65 43 17 70 82 67 73
64 52 64 53 84 89 5 75 82 67 72 88 36 59 48 52
31 48 31 43 17 70 82 67 72 87 30 48
77 32 77 89 5 72 87 30 32
13 73 13 84 89 5 88 36 59 48 75 82 67 73
38 50 38 89 5 64 82 67 72 47 75 88 36 50
68 6 68 69 76 33 53 84 89 5 6
23 61 23 49 69 33 61
18 44 18 22 34 48 52 77 89 5 88 36 37 72 87 30 44
25 79 25 40 78 79
20 47 20 45 50 82 67 72 47
72 36 72 88 36
74 63 74 57 63
56 47 56 74 57 82 67 72 47
68 44 68 25 63 53 84 89 5 52 77 79 88 36 37 51 44
74 88 74 57 63 65 43 87 30 34 59 64 53 88
85 44 85 88 36 37 49 72 87 30 44
39 79 39 58 77 79
56 83 56 64 71 82 67 72 88 36 50 60 81 83
2 59 2 9 53 84 89 5 6 37 76 33 51 67 72 47 75 88 36 59
64 44 64 71 82 67 72 47 75 88 36 37 51 44
85 88 85 27 44 55 67 72 47 75 88
19 81 19 82 67 72 47 75 88 36 50 60 81
15 84 15 26 42 62 33 53 84
38 44 38 65 43 44
33 52 33 78 79 84 89 5 52
77 86 77 79 88 36 37 52 71 82 67 72 86
39 78 39 65 43 87 30 34 75 88 36 37 77 89 5 6 31 56 78
39 60 39 87 30 34 75 88 36 50 60
59 86 59 89 5 88 36 37 51 67 72 86
13 81 13 74 57 82 67 72 88 36 81
59 83 59 64 82 67 72 87 30 48 75 80 81 83
69 83 69 76 33 49 72 47 75 80 81 83
25 5 25 85 88 36 59 89 5
27 48 27 17 20 45 50 82 67 72 47 75 88 36 59 48
8 67 8 62 72 87 30 34 48 88 36 50 82 67
88 61 88 36 37 52 71 82 67 72 87 30 34 79 84 89 5 6 16 61
40 79 40 78 79
20 81 20 56 78 79 84 89 5 6 71 82 67 72 87 30 34 48 75 80 81
88 44 88 36 59 64 71 82 67 72 87 30 44
9 17 9 20 56 74 57 48 52 77 79 84 89 5 88 36 50 82 67 72 87 30 44 55 58 68 25 63 65 43 17
38 82 38 43 87 30 44 84 89 5 88 36 59 64 82
40 60 40 68 69 33 51 44 55 84 89 5 88 36 50 60
74 55 74 57 48 52 71 82 67 72 87 30 44 55
19 61 19 69 33 61
85 47 85 88 36 50 82 67 72 47
78 71 78 79 88 36 37 59 48 52 64 71
20 75 20 88 36 59 48 75
31 59 31 56 82 67 72 87 30 34 79 88 36 59
14 73 14 25 79 88 36 50 82 67 73
31 75 31 43 87 30 48 52 64 82 67 72 47 75
77 44 77 89 5 79 88 36 59 48 75 82 67 72 87 30 44
62 71 62 33 51 59 89 5 64 71
21 43 21 42 51 44 55 58 68 25 38 65 43
4 59 4 30 34 59
38 71 38 43 17 58 75 82 67 72 87 30 48 52 71
25 29 25 84 89 5 6 16 29
63 52 63 65 43 87 30 44 84 89 5 6 37 72 88 36 59 48 52
22 84 22 34 79 84
21 58 21 58
49 73 49 6 16 87 30 44 79 84 89 5 64 53 88 36 37 59 48 75 82 67 73
27 61 27 17 33 61
4 34 4 82 67 72 87 30 34
8 60 8 40 78 79 84 89 5 75 82 67 72 88 36 50 60
64 47 64 82 67 72 47
49 16 49 6 16
33 48 33 78 79 88 36 59 48
82 50 82 67 72 88 36 50
14 88 14 25 79 88
22 67 22 31 56 78 79 88 36 37 72 47 75 82 67
87 58 87 30 44 55 58
57 55 57 82 67 72 87 30 44 55
76 25 76 33 78 79 84 89 5 52 64 71 82 67 72 47 75 88 36 37 55 58 68 25
15 37 15 23 37
7 29 7 29
11 81 11 41 50 60 81
40 79 40 78 79
23 61 23 49 69 33 61
58 44 58 67 72 87 30 44
13 67 13 29 48 75 88 36 37 49 6 71 82 67
49 88 49 72 88
62 53 62 33 53
22 50 22 34 79 88 36 50
35 82 35 64 53 84 89 5 52 71 82
63 71 63 53 84 89 5 64 71
1 43 1 7 43
63 83 63 53 88 36 50 82 67 72 47 80 81 83
2 55 2 23 55
28 32 28 41 49 6 77 79 88 36 37 52 64 82 67 72 87 30 32
76 36 76 33 51 44 84 89 5 52 77 79 88 36
56 71 56 64 71
43 71 43 52 64 71
65 58 65 43 52 71 82 67 72 88 36 37 55 58
2 75 2 82 67 72 47 75
27 80 27 78 79 88 36 50 82 67 72 87 30 34 48 52 77 89 5 75 80
2 80 2 78 79 84 89 5 72 47 80
49 78 49 76 33 78
16 36 16 29 48 88 36
49 57 49 6 31 56 74 57
85 64 85 27 88 36 59 64
65 78 65 43 17 78
21 86 21 58 77 89 5 88 36 50 82 67 72 86
58 79 58 75 88 36 37 52 77 79
40 44 40 68 74 57 82 67 72 47 75 88 36 37 49 69 33 51 44
41 5 41 57 78 79 84 89 5
74 6 74 57 78 79 84 89 5 6
27 61 27 44 55 58 68 69 76 33 49 6 16 61
59 52 59 48 52
43 73 43 87 30 44 79 88 36 50 82 67 73
77 79 77 79
19 84 19 69 76 33 62 72 47 75 88 36 37 77 79 84
37 79 37 48 75 82 67 72 88 36 59 89 5 79
28 64 28 87 30 44 55 58 68 69 76 33 51 59 64
15 59 15 23 37 76 33 51 67 72 87 30 34 59
23 50 23 37 59 64 53 88 36 50
3 71 3 38 65 43 52 71
72 47 72 47
26 80 26 88 36 50 82 67 72 47 80
63 17 63 65 43 17
16 81 16 29 48 88 36 50 82 67 72 47 80 81
35 33 35 39 76 33
46 89 46 37 52 77 89
65 75 65 43 44 84 89 5 88 36 37 48 75
56 30 56 64 71 82 67 72 88 36 59 48 52 77 79 84 89 5 6 31 43 87 30
49 84 49 6 16 87 30 48 75 88 36 59 64 53 84
63 32 63 65 43 87 30 32
41 36 41 76 33 51 44 55 84 89 5 75 82 67 72 87 30 34 59 64 53 88 36
2 71 2 56 64 71
18 57 18 76 33 53 88 36 37 77 79 84 89 5 75 82 67 72 87 30 44 55 58 68 74 57
4 72 4 74 57 72
16 44 16 29 48 75 88 36 59 64 71 82 67 72 87 30 44
62 53 62 33 53
42 77 42 6 71 82 67 72 87 30 48 88 36 37 77
21 6 21 26 42 6
39 89 39 65 43 52 77 79 84 89
62 52 62 72 88 36 59 64 53 84 89 5 52
70 71 70 82 67 72 47 75 88 36 37 76 33 51 59 64 71
65 67 65 43 44 79 84 89 5 88 36 59 48 75 82 67
18 43 18 22 43
72 36 72 87 30 44 55 58 77 89 5 88 36
2 80 2 9 71 82 67 72 88 36 59 48 75 80
28 52 28 68 74 57 78 79 88 36 59 48 52
69 48 69 33 51 67 72 87 30 48
8 51 8 62 33 51
34 36 34 79 84 89 5 88 36
30 50 30 44 79 84 89 5 75 88 36 50
38 78 38 43 87 30 48 52 77 79 84 89 5 88 36 37 55 58 68 69 33 78
69 89 69 76 33 53 84 89
15 26 15 26
1 30 1 39 58 77 89 5 75 88 36 37 49 76 33 62 72 87 30
57 61 57 78 79 84 89 5 6 16 61
35 84 35 39 58 68 74 57 82 67 72 87 30 44 55 84
2 71 2 23 55 58 77 79 84 89 5 6 37 52 71
11 83 11 68 74 57 63 53 88 36 59 64 82 67 72 47 80 81 83
87 72 87 30 48 88 36 50 82 67 72
38 82 38 65 43 17 33 53 88 36 59 64 82
85 84 85 88 36 59 89 5 79 84
56 30 56 82 67 72 87 30
35 73 35 39 65 43 87 30 48 75 88 36 59 64 82 67 73
78 73 78 79 88 36 50 82 67 73
2 89 2 23 37 72 88 36 59 89
20 73 20 56 64 82 67 73
51 84 51 44 84
31 34 31 43 52 71 82 67 72 87 30 34
4 75 4 23 55 84 89 5 75
22 67 22 34 75 82 67
14 64 14 42 62 33 51 59 64
21 16 21 58 75 88 36 59 48 52 64 71 82 67 72 87 30 34 79 84 89 5 6 16
4 86 4 23 49 69 76 33 53 84 89 5 75 88 36 59 48 52 64 86
4 82 4 82
62 52 62 33 53 84 89 5 52
58 73 58 68 69 33 78 79 84 89 5 88 36 59 48 52 64 82 67 73
69 82 69 33 62 72 88 36 50 82
77 47 77 89 5 75 88 36 37 72 47
18 84 18 59 64 71 82 67 72 87 30 44 79 84
13 47 13 68 69 33 51 59 48 75 82 67 72 47
85 67 85 27 88 36 50 82 67
87 36 87 30 34 48 75 88 36
70 71 70 82 67 72 47 75 88 36 37 51 59 48 52 71
21 44 21 51 44
40 73 40 78 79 88 36 50 82 67 73
63 36 63 53 88 36
14 84 14 28 70 82 67 72 47 75 88 36 59 48 52 64 53 84
39 51 39 87 30 48 88 36 37 51
35 33 35 64 71 82 67 72 47 75 88 36 37 55 84 89 5 6 31 68 25 62 33
70 71 70 82 67 72 87 30 34 48 75 88 36 37 51 44 84 89 5 6 71
31 51 31 68 74 57 82 67 72 88 36 59 48 52 77 79 84 89 5 6 37 76 33 51
72 52 72 87 30 48 52
38 52 38 43 17 58 68 25 85 27 44 84 89 5 52
88 86 88 36 59 89 5 72 86
34 48 34 48
76 79 76 33 78 79
46 53 46 37 76 33 53
51 5 51 44 79 88 36 59 89 5
31 89 31 43 52 77 89
42 64 42 62 33 78 79 88 36 37 77 89 5 64
11 72 11 59 48 75 88 36 50 82 67 72
46 64 46 37 72 47 75 88 36 59 48 52 64
40 29 40 78 79 84 89 5 6 16 29
49 59 49 6 88 36 59
4 58 4 23 66 78 79 88 36 37 48 52 71 82 67 72 87 30 44 55 58
87 75 87 30 44 55 58 77 79 88 36 50 82 67 72 47 75
65 88 65 43 17 58 68 74 57 48 88
38 36 38 65 43 52 77 79 88 36
18 75 18 22 34 79 84 89 5 64 53 88 36 59 48 75
8 5 8 41 49 76 33 78 79 88 36 59 64 71 82 67 72 87 30 44 84 89 5
13 71 13 68 74 57 63 53 84 89 5 64 71
22 73 22 43 44 79 84 89 5 6 31 68 69 76 33 49 72 87 30 34 75 82 67 73
14 47 14 59 48 88 36 37 72 47
87 33 87 30 34 48 52 77 79 88 36 37 76 33
4 78 4 25 40 68 69 76 33 78
40 89 40 68 25 85 88 36 59 64 53 84 89
64 48 64 53 88 36 37 48
68 89 68 25 82 67 72 47 75 88 36 59 89
74 83 74 57 78 79 88 36 81 83
39 61 39 6 75 88 36 37 49 76 33 61
14 50 14 25 35 64 82 67 72 87 30 48 75 88 36 50
3 82 3 37 52 64 53 88 36 59 48 75 82
31 82 31 64 71 82
49 86 49 69 33 62 72 87 30 44 55 84 89 5 52 77 79 88 36 37 51 86
21 32 21 58 77 89 5 79 88 36 50 82 67 72 87 30 32
88 36 88 36
31 6 31 64 82 67 72 87 30 34 48 75 88 36 37 55 58 68 69 76 33 78 79 84 89 5 6
88 80 88 36 59 64 71 82 67 72 47 75 80
7 36 7 43 52 71 82 67 72 47 75 88 36
46 71 46 37 48 75 82 67 72 87 30 34 79 84 89 5 52 71
69 86 69 76 33 53 88 36 50 82 67 72 86
11 72 11 41 57 82 67 72
43 17 43 17
34 48 34 75 88 36 50 82 67 72 87 30 48
69 34 69 33 51 67 72 87 30 34
70 73 70 82 67 73
3 77 3 27 17 58 77
9 48 9 62 72 87 30 48
72 48 72 47 75 88 36 37 48
38 89 38 65 43 87 30 34 79 88 36 37 55 84 89
8 60 8 16 35 59 89 5 6 75 82 67 72 88 36 50 60
56 77 56 64 82 67 72 47 75 88 36 37 48 52 77
62 6 62 72 88 36 37 49 6
40 27 40 68 25 85 27
89 44 89 5 79 88 36 50 82 67 72 87 30 44
89 86 89 5 88 36 59 48 75 82 67 72 86
74 5 74 57 63 53 84 89 5
63 32 63 65 43 17 32
15 53 15 30 48 88 36 59 64 53
78 79 78 79
3 84 3 9 53 84
1 29 1 78 79 88 36 37 77 89 5 6 16 29
13 79 13 29 48 52 77 79
18 61 18 59 89 5 6 16 61
19 6 19 82 67 72 47 75 88 36 37 48 52 77 79 84 89 5 6
26 80 26 88 36 50 82 67 72 87 30 34 48 52 77 89 5 64 53 80
62 44 62 72 87 30 44
74 63 74 57 63
2 80 2 25 84 89 5 6 71 82 67 72 47 80
15 81 15 30 34 79 88 36 81
35 64 35 64
19 32 19 69 76 33 49 6 71 82 67 72 87 30 32
4 55 4 23 55
49 29 49 69 33 78 79 88 36 50 82 67 72 87 30 44 84 89 5 6 16 29
35 79 35 39 58 77 79
42 73 42 51 44 84 89 5 52 64 71 82 67 73
40 44 40 68 69 33 51 44
21 78 21 42 51 59 64 71 82 67 72 47 75 88 36 37 49 69 33 78
1 47 1 13 84 89 5 6 75 82 67 72 47
42 84 42 62 33 53 84
85 80 85 88 36 37 48 52 80
18 37 18 20 45 50 82 67 72 87 30 48 75 88 36 37
39 72 39 65 43 87 30 34 59 64 82 67 72
4 72 4 82 67 72
22 64 22 78 79 84 89 5 64
21 36 21 51 44 55 58 75 88 36
64 53 64 53
18 45 18 20 45
27 29 27 88 36 59 48 75 82 67 72 87 30 44 55 58 77 79 84 89 5 6 16 29
76 55 76 33 53 88 36 59 48 75 82 67 72 87 30 44 55
1 71 1 89 5 6 71
42 51 42 51
28 43 28 68 74 57 63 65 43
68 80 68 69 33 49 6 77 79 84 89 5 64 82 67 72 47 80
25 55 25 33 51 59 89 5 75 82 67 72 87 30 44 55
49 80 49 69 33 53 88 36 50 82 67 72 87 30 48 75 80
35 51 35 59 48 88 36 37 49 69 76 33 51
21 64 21 26 88 36 59 64
89 81 89 5 88 36 81
1 64 1 37 51 44 84 89 5 64
37 47 37 76 33 62 72 47
31 83 31 68 69 33 78 79 83
30 86 30 34 86
49 53 49 69 33 62 72 87 30 34 75 88 36 59 64 53
19 44 19 43 44
35 67 35 64 53 84 89 5 6 75 82 67
46 55 46 37 77 79 84 89 5 72 87 30 44 55
68 67 68 69 33 51 59 89 5 75 82 67
27 81 27 78 79 88 36 81
14 82 14 37 77 79 88 36 59 89 5 64 82
74 63 74 57 63
85 79 85 88 36 37 76 33 53 84 89 5 72 87 30 44 79
82 84 82 67 72 87 30 44 84
69 79 69 76 33 51 59 48 88 36 37 77 89 5 52 71 82 67 72 87 30 34 79
2 37 2 56 74 57 63 65 43 17 70 82 67 72 87 30 34 59 48 75 88 36 37
59 86 59 64 86
62 47 62 72 47
68 81 68 74 57 48 75 82 67 72 87 30 44 79 88 36 50 60 81
87 77 87 30 44 84 89 5 75 88 36 59 48 52 77
4 84 4 30 34 79 84
56 29 56 74 57 48 75 82 67 72 88 36 37 55 58 77 89 5 6 16 29
56 5 56 78 79 84 89 5
1 37 1 51 44 55 58 68 25 85 88 36 37
43 17 43 17
62 78 62 33 78
63 5 63 53 84 89 5
11 58 11 41 49 69 76 33 78 79 88 36 59 89 5 72 87 30 44 55 58
6 67 6 16 87 30 48 88 36 37 52 64 53 84 89 5 75 82 67
26 83 26 28 64 71 82 67 72 47 75 80 81 83
56 44 56 82 67 72 87 30 44
15 84 15 23 66 77 79 88 36 59 64 53 84
77 81 77 79 88 36 59 89 5 72 47 80 81
87 80 87 30 44 55 84 89 5 64 82 67 72 88 36 59 48 75 80
74 82 74 57 72 87 30 44 55 67 82
1 66 1 2 23 66
63 44 63 65 43 44
65 48 65 43 87 30 48
15 44 15 30 44
59 48 59 48
85 63 85 88 36 59 64 71 82 67 72 87 30 44 55 58 68 74 57 63
11 75 11 59 89 5 88 36 50 82 67 72 47 75
70 52 70 82 67 72 87 30 48 52
35 55 35 39 65 43 44 55
56 33 56 78 79 88 36 37 49 76 33
56 20 56 78 79 84 89 5 88 36 59 48 52 64 71 82 67 72 87 30 44 55 58 68 74 57 63 65 43 17 20
40 55 40 78 79 84 89 5 88 36 37 59 64 82 67 72 87 30 44 55
19 57 19 77 79 84 89 5 64 82 67 72 47 75 88 36 37 55 58 68 74 57
40 77 40 78 79 84 89 5 72 87 30 48 88 36 37 77
37 50 37 59 89 5 52 71 82 67 72 47 75 88 36 50
76 30 76 33 53 84 89 5 88 36 50 82 67 72 87 30
78 84 78 79 88 36 37 48 75 82 67 72 87 30 34 59 89 5 64 53 84
62 53 62 72 88 36 59 48 52 64 53
62 80 62 33 53 88 36 59 89 5 75 80
21 36 21 58 75 82 67 72 87 30 48 88 36
1 79 1 78 79
23 47 23 37 49 69 33 78 79 84 89 5 64 82 67 72 47
25 44 25 40 78 79 88 36 59 48 52 71 82 67 72 87 30 44
14 52 14 59 64 53 88 36 50 82 67 72 87 30 44 55 58 68 74 57 63 65 43 52
41 67 41 50 82 67
14 30 14 34 59 89 5 79 88 36 50 82 67 72 87 30
3 84 3 27 17 58 67 72 87 30 48 75 88 36 37 59 89 5 79 84
57 32 57 82 67 72 87 30 32
78 79 78 79
76 48 76 33 78 79 88 36 59 64 82 67 72 87 30 34 48
4 82 4 70 82
76 43 76 33 53 84 89 5 52 77 79 88 36 59 48 75 82 67 72 87 30 44 55 58 68 25 63 65 43
16 52 16 29 48 52
3 16 3 64 71 82 67 72 87 30 34 48 75 88 36 59 89 5 6 16
22 53 22 31 68 74 57 63 53
19 61 19 62 33 61
88 5 88 36 37 77 79 84 89 5
13 81 13 74 57 78 79 84 89 5 72 87 30 44 55 58 75 80 81
39 33 39 76 33
65 30 65 43 87 30
9 52 9 53 88 36 37 49 69 76 33 62 72 87 30 34 48 52
8 37 8 41 50 82 67 72 47 75 88 36 37
69 89 69 76 33 78 79 88 36 59 89
87 36 87 30 44 55 84 89 5 52 64 82 67 72 88 36
6 67 6 37 55 67
22 60 22 31 64 71 82 67 72 88 36 50 60
70 53 70 82 67 72 87 30 48 88 36 37 77 79 84 89 5 64 53
20 79 20 40 68 25 33 78 79
46 6 46 37 49 6
3 20 3 20
8 88 8 9 71 82 67 72 87 30 44 55 84 89 5 75 88
39 58 39 58
38 77 38 65 43 44 84 89 5 6 75 82 67 72 87 30 34 48 88 36 37 52 77
56 57 56 74 57
35 53 35 39 76 33 78 79 84 89 5 64 53
34 61 34 48 88 36 37 77 79 84 89 5 6 16 61
2 17 2 56 74 57 63 65 43 17
69 53 69 76 33 78 79 84 89 5 75 82 67 72 87 30 44 55 58 68 74 57 48 88 36 59 64 53
28 67 28 37 51 44 79 84 89 5 6 31 68 74 57 72 47 75 82 67
31 64 31 56 82 67 72 87 30 48 75 88 36 59 64
82 79 82 67 72 87 30 48 88 36 59 89 5 6 77 79
56 63 56 74 57 63
46 47 46 37 72 47
8 6 8 16 87 30 44 55 84 89 5 6
23 53 23 66 78 79 88 36 37 76 33 49 6 31 64 53
64 75 64 53 88 36 50 82 67 72 47 75
65 60 65 43 52 64 82 67 72 47 75 88 36 50 60
23 48 23 55 58 67 72 87 30 48
6 36 6 31 56 82 67 72 87 30 34 75 88 36
70 47 70 82 67 72 47
19 60 19 43 87 30 44 84 89 5 88 36 50 60
68 32 68 69 33 53 88 36 50 82 67 72 87 30 32
42 64 42 51 44 79 84 89 5 6 31 64
4 47 4 25 79 84 89 5 6 16 35 59 64 71 82 67 72 47
39 25 39 58 68 25
49 50 49 76 33 51 59 48 75 88 36 50
28 55 28 35 64 53 88 36 37 55
62 71 62 33 53 88 36 50 82 67 72 87 30 48 52 64 71
27 50 27 44 79 88 36 50
31 86 31 64 86
21 83 21 42 6 75 80 81 83
74 82 74 57 48 88 36 50 82
46 89 46 37 59 89
31 89 31 56 78 79 84 89
62 44 62 72 87 30 34 48 75 88 36 37 76 33 51 44
27 84 27 79 88 36 59 64 53 84
59 73 59 64 53 84 89 5 52 77 79 88 36 37 55 58 68 69 76 33 49 72 47 75 82 67 73
63 50 63 65 43 17 70 82 67 72 88 36 50
4 73 4 30 48 75 82 67 73
59 83 59 89 5 75 80 81 83
42 60 42 6 88 36 50 60
8 80 8 16 87 30 48 52 64 82 67 72 47 80
35 37 35 59 48 88 36 37
78 83 78 79 83
43 67 43 52 77 89 5 64 53 88 36 37 76 33 62 72 47 75 82 67
82 81 82 67 72 88 36 81
16 5 16 29 48 75 82 67 72 88 36 59 89 5
88 79 88 36 50 82 67 72 87 30 34 79
68 51 68 69 76 33 49 72 87 30 44 55 84 89 5 6 31 43 52 77 79 88 36 37 51
3 30 3 30
65 71 65 43 17 78 79 88 36 37 48 52 71
21 86 21 42 6 77 89 5 88 36 59 64 86
56 55 56 82 67 72 88 36 37 51 44 55
7 52 7 64 71 82 67 72 47 75 88 36 59 48 52
56 32 56 82 67 72 87 30 32
21 55 21 26 42 51 44 55
20 29 20 40 78 79 88 36 59 89 5 6 16 29
4 53 4 82 67 72 87 30 34 79 84 89 5 64 53
76 52 76 33 53 88 36 50 82 67 72 87 30 48 52
68 63 68 74 57 63
34 55 34 59 48 88 36 37 77 79 84 89 5 52 71 82 67 72 87 30 44 55
65 53 65 43 52 71 82 67 72 47 75 88 36 37 55 58 68 69 33 53
15 75 15 22 78 79 84 89 5 88 36 59 64 71 82 67 72 47 75
11 60 11 41 50 60
2 86 2 23 37 49 69 76 33 53 84 89 5 64 86
43 36 43 52 71 82 67 72 47 75 88 36
31 5 31 56 64 71 82 67 72 87 30 34 79 88 36 59 89 5
70 5 70 82 67 72 47 75 88 36 59 48 52 77 89 5
49 36 49 6 37 72 88 36
15 6 15 26 42 62 72 47 75 88 36 59 89 5 6
11 60 11 41 63 53 84 89 5 75 82 67 72 88 36 50 60
9 44 9 62 33 51 44
34 61 34 48 88 36 37 76 33 61
11 25 11 68 25
3 55 3 27 44 55
37 36 37 77 79 84 89 5 6 71 82 67 72 47 75 88 36
21 33 21 58 77 79 84 89 5 88 36 37 76 33
26 79 26 45 50 82 67 72 88 36 37 52 77 79
2 55 2 25 38 43 87 30 44 55
20 36 20 55 84 89 5 6 75 88 36
31 79 31 56 64 53 84 89 5 52 77 79
4 78 4 74 57 78
62 30 62 33 53 84 89 5 64 82 67 72 87 30
22 89 22 78 79 84 89
63 17 63 65 43 17
15 26 15 26
14 86 14 34 79 88 36 37 51 67 72 86
14 67 14 28 70 82 67
43 75 43 44 79 88 36 59 89 5 52 71 82 67 72 87 30 48 75
11 47 11 68 69 33 49 6 77 79 88 36 59 64 53 84 89 5 52 71 82 67 72 47
62 80 62 72 47 80
15 75 15 22 43 87 30 34 79 88 36 37 59 89 5 52 64 82 67 72 47 75
74 72 74 57 63 53 88 36 50 82 67 72
19 82 19 82
18 27 18 20 56 82 67 72 47 75 88 36 59 48 52 77 79 84 89 5 6 37 51 44 55 58 68 25 85 27
59 83 59 48 52 77 79 83
64 52 64 71 82 67 72 88 36 37 52
3 55 3 30 44 55
26 86 26 88 36 59 64 71 82 67 72 87 30 44 79 84 89 5 6 37 51 86
2 6 2 56 64 82 67 72 47 75 88 36 59 48 52 77 79 84 89 5 6
69 34 69 33 53 88 36 59 89 5 6 75 82 67 72 87 30 34
3 30 3 30
8 72 8 28 70 82 67 72
49 86 49 6 37 55 84 89 5 52 64 86
13 45 13 26 45
38 83 38 89 5 52 64 53 80 81 83
22 73 22 31 56 64 71 82 67 73
37 86 37 52 77 89 5 6 86
22 55 22 43 52 77 79 84 89 5 72 87 30 44 55
64 71 64 71
3 53 3 64 53
19 83 19 38 43 52 64 71 82 67 72 87 30 34 59 89 5 6 31 68 74 57 48 75 80 81 83
63 55 63 53 84 89 5 72 87 30 48 88 36 37 55
1 89 1 7 62 72 88 36 37 49 69 33 51 44 84 89
87 47 87 30 34 59 64 53 88 36 37 52 77 79 84 89 5 6 75 82 67 72 47
3 88 3 64 71 82 67 72 88
14 51 14 25 62 33 51
87 67 87 30 44 55 84 89 5 72 47 75 82 67
57 32 57 48 75 88 36 50 82 67 72 87 30 32
87 77 87 30 34 79 88 36 37 49 6 77
63 79 63 65 43 87 30 44 84 89 5 64 71 82 67 72 88 36 59 48 52 77 79
18 55 18 41 63 65 43 52 77 79 88 36 59 64 53 84 89 5 72 87 30 44 55
21 17 21 26 28 68 25 85 27 17
64 32 64 82 67 72 87 30 32
42 59 42 62 33 53 88 36 59
35 67 35 64 71 82 67
27 50 27 44 55 84 89 5 88 36 50
70 67 70 82 67
3 82 3 9 62 72 47 75 82
4 32 4 49 69 33 53 88 36 59 48 75 82 67 72 87 30 32
87 59 87 30 34 79 88 36 37 59
76 37 76 33 49 6 37
70 32 70 82 67 72 87 30 32
87 32 87 30 32
62 51 62 33 51
27 48 27 88 36 37 59 48
11 52 11 88 36 50 82 67 72 87 30 48 52
87 50 87 30 44 79 84 89 5 6 16 35 59 64 71 82 67 72 47 75 88 36 50
8 57 8 41 57
40 73 40 89 5 88 36 50 82 67 73
68 78 68 69 76 33 78
15 43 15 22 31 43
4 27 4 25 85 27
15 55 15 22 78 79 84 89 5 64 71 82 67 72 87 30 44 55
28 82 28 82
18 60 18 59 89 5 79 88 36 50 60
25 50 25 38 65 43 44 79 88 36 50
28 55 28 64 82 67 72 87 30 34 59 48 52 77 89 5 75 88 36 37 55
21 32 21 42 51 59 89 5 72 87 30 32
26 75 26 28 82 67 72 87 30 34 79 84 89 5 75
2 55 2 9 71 82 67 72 87 30 44 55
18 84 18 59 89 5 88 36 37 76 33 51 44 79 84
20 61 20 45 77 89 5 75 82 67 72 87 30 44 55 58 68 69 33 61
56 59 56 78 79 88 36 37 59
88 75 88 36 59 48 52 64 82 67 72 47 75
49 58 49 6 37 55 58
65 57 65 43 44 55 58 75 88 36 59 64 71 82 67 72 87 30 48 52 77 79 84 89 5 6 31 68 74 57
19 86 19 43 17 78 79 88 36 59 48 75 82 67 72 86
28 60 28 82 67 72 87 30 48 75 88 36 50 60
28 34 28 37 48 52 77 79 84 89 5 88 36 59 64 71 82 67 72 87 30 34
88 52 88 36 37 52
70 5 70 82 67 72 87 30 34 59 89 5
8 71 8 62 72 87 30 48 52 71
59 52 59 48 52
18 36 18 20 88 36
35 53 35 39 65 43 17 70 82 67 72 87 30 48 88 36 37 52 64 53
26 44 26 45 77 79 88 36 37 48 52 64 71 82 67 72 87 30 44
57 52 57 78 79 84 89 5 64 71 82 67 72 47 75 88 36 59 48 52
6 50 6 37 52 64 53 84 89 5 72 47 75 88 36 50
39 58 39 58
43 17 43 17
56 86 56 74 57 82 67 72 86
19 59 19 77 79 84 89 5 88 36 59
9 45 9 20 45
51 84 51 59 48 88 36 50 82 67 72 87 30 44 84
74 60 74 57 72 87 30 34 79 88 36 50 60
7 36 7 89 5 72 87 30 44 55 58 77 79 88 36
33 73 33 53 84 89 5 72 47 75 88 36 50 82 67 73
31 77 31 68 25 38 89 5 6 16 87 30 48 88 36 37 52 77
89 79 89 5 64 71 82 67 72 88 36 59 48 52 77 79
89 32 89 5 72 87 30 32
40 79 40 78 79
65 55 65 43 44 55
58 80 58 75 88 36 59 64 71 82 67 72 87 30 34 48 52 80
74 50 74 57 63 53 88 36 50
74 89 74 57 63 53 84 89
74 48 74 57 48
27 67 27 44 84 89 5 64 71 82 67
28 25 28 77 89 5 88 36 50 82 67 72 87 30 44 55 58 68 25
34 73 34 75 88 36 50 82 67 73
28 53 28 35 64 53
4 59 4 70 82 67 72 47 75 88 36 59
8 82 8 62 33 78 79 84 89 5 52 64 71 82
85 20 85 27 17 20
85 5 85 88 36 59 64 53 84 89 5
35 43 35 39 65 43
35 61 35 59 64 82 67 72 88 36 37 76 33 61
56 55 56 64 82 67 72 87 30 44 55
18 16 18 41 76 33 62 72 47 75 88 36 37 49 6 16
11 34 11 59 48 75 88 36 50 82 67 72 87 30 34
85 73 85 88 36 37 77 89 5 72 47 75 82 67 73
18 37 18 22 78 79 88 36 37
58 29 58 77 79 84 89 5 6 16 29
49 83 49 6 31 56 82 67 72 88 36 81 83
1 63 1 78 79 84 89 5 64 71 82 67 72 87 30 44 55 58 68 74 57 63
49 83 49 72 47 80 81 83
69 88 69 76 33 62 72 47 75 88
11 33 11 59 89 5 6 37 76 33
74 75 74 57 48 75
49 60 49 6 71 82 67 72 47 75 88 36 50 60
27 81 27 17 58 77 79 88 36 59 64 71 82 67 72 47 80 81
62 61 62 33 61
13 45 13 20 45
7 86 7 64 53 88 36 37 72 86
46 52 46 37 48 52
46 83 46 37 48 75 82 67 72 87 30 34 79 88 36 81 83
65 82 65 43 17 78 79 88 36 50 82
35 78 35 64 53 84 89 5 52 77 79 88 36 50 82 67 72 87 30 44 55 58 68 74 57 78
49 61 49 76 33 61
77 75 77 79 88 36 37 51 59 89 5 64 71 82 67 72 47 75
87 72 87 30 48 75 82 67 72
51 52 51 44 79 88 36 37 76 33 53 84 89 5 75 82 67 72 87 30 34 48 52
76 33 76 33
43 67 43 44 84 89 5 75 88 36 50 82 67
30 52 30 44 79 84 89 5 88 36 59 48 52
28 47 28 35 39 76 33 51 59 89 5 64 82 67 72 47
31 47 31 43 44 84 89 5 72 47
85 75 85 27 17 20 56 64 53 84 89 5 75
34 75 34 75
42 52 42 6 16 87 30 44 79 84 89 5 52
62 77 62 33 78 79 88 36 50 82 67 72 87 30 44 84 89 5 6 77
87 84 87 30 44 84
87 89 87 30 44 84 89
8 72 8 41 57 78 79 88 36 50 82 67 72
2 25 2 25
65 86 65 43 17 33 78 79 84 89 5 88 36 59 64 71 82 67 72 86
18 61 18 41 50 82 67 72 47 75 88 36 37 77 79 84 89 5 6 31 43 17 33 61
6 53 6 16 29 48 52 71 82 67 72 47 75 88 36 37 59 89 5 64 53
35 33 35 64 71 82 67 72 88 36 37 49 69 76 33
49 78 49 69 76 33 78
9 61 9 62 33 61
87 61 87 30 34 59 48 88 36 37 76 33 61
68 52 68 74 57 48 52
34 79 34 75 88 36 37 52 64 82 67 72 87 30 44 79
65 30 65 43 87 30
23 73 23 49 69 76 33 53 84 89 5 64 71 82 67 73
26 47 26 42 62 72 47
74 88 74 57 82 67 72 88
38 73 38 43 44 79 84 89 5 52 71 82 67 73
77 36 77 79 88 36
57 80 57 63 53 80
35 5 35 64 53 84 89 5
25 84 25 84
63 86 63 65 43 17 58 75 82 67 72 86
76 61 76 33 78 79 84 89 5 6 16 61
76 86 76 33 78 79 84 89 5 88 36 50 82 67 72 86
22 25 22 31 68 25
22 30 22 34 75 88 36 50 82 67 72 87 30
62 43 62 72 88 36 59 48 52 77 79 84 89 5 6 31 43
21 47 21 26 42 6 31 68 25 62 33 78 79 84 89 5 64 53 88 36 50 82 67 72 47
22 89 22 78 79 84 89
42 80 42 62 33 51 67 72 88 36 59 64 53 84 89 5 52 80
4 32 4 70 82 67 72 87 30 32
38 86 38 43 17 70 82 67 72 87 30 34 86
42 86 42 6 75 88 36 37 48 52 71 82 67 72 86
13 52 13 74 57 63 53 84 89 5 52
3 5 3 82 67 72 47 75 88 36 37 59 89 5
9 67 9 20 88 36 37 77 79 84 89 5 6 75 82 67
58 32 58 77 79 88 36 59 64 53 84 89 5 52 71 82 67 72 87 30 32
74 78 74 57 78
87 86 87 30 34 59 89 5 72 86
63 48 63 53 88 36 59 48
51 53 51 44 84 89 5 88 36 59 64 53
25 53 25 84 89 5 64 53
30 79 30 44 79
34 83 34 75 80 81 83
78 81 78 79 88 36 50 60 81
41 71 41 49 6 77 89 5 52 64 71
22 78 22 43 17 20 56 78
8 58 8 41 70 82 67 72 87 30 48 52 64 53 84 89 5 6 75 88 36 37 51 44 55 58
6 32 6 77 89 5 52 71 82 67 72 87 30 32
89 29 89 5 6 16 29
43 48 43 52 71 82 67 72 87 30 48
2 48 2 25 35 39 76 33 78 79 88 36 59 48
19 67 19 56 74 57 63 65 43 17 20 88 36 50 82 67
49 32 49 69 76 33 53 88 36 37 59 48 75 82 67 72 87 30 32
87 81 87 30 48 52 80 81
28 77 28 77
78 80 78 79 88 36 37 51 59 89 5 72 47 80
35 33 35 59 64 71 82 67 72 47 75 88 36 37 51 44 55 58 68 69 33
13 5 13 28 41 70 82 67 72 87 30 48 52 64 53 84 89 5
42 86 42 6 37 48 52 71 82 67 72 86
82 81 82 67 72 87 30 48 52 80 81
78 79 78 79
74 70 74 57 78 79 84 89 5 75 82 67 72 87 30 44 55 58 68 25 63 65 43 17 70
70 5 70 82 67 72 87 30 44 84 89 5
51 67 51 44 79 84 89 5 72 47 75 82 67
35 84 35 59 64 71 82 67 72 47 75 88 36 37 77 89 5 79 84
85 64 85 88 36 37 76 33 53 84 89 5 64
21 37 21 42 62 33 49 6 77 89 5 79 88 36 37
62 61 62 33 78 79 84 89 5 6 16 61
58 5 58 68 74 57 78 79 88 36 37 51 44 84 89 5
22 48 22 78 79 84 89 5 72 88 36 59 48
15 88 15 23 49 69 76 33 62 72 47 75 88
3 67 3 9 53 88 36 37 76 33 51 67
58 36 58 68 74 57 82 67 72 47 75 88 36
56 72 56 64 82 67 72
27 86 27 44 84 89 5 6 75 82 67 72 86
25 50 25 79 88 36 50
35 51 35 39 6 37 76 33 51
56 32 56 64 82 67 72 87 30 32
28 86 28 70 82 67 72 86
26 84 26 28 64 82 67 72 47 75 88 36 59 89 5 79 84
34 79 34 79
3 72 3 27 44 84 89 5 79 88 36 59 64 82 67 72
88 84 88 36 37 77 79 84
68 29 68 74 57 72 88 36 37 76 33 53 84 89 5 6 16 29
26 80 26 45 77 79 84 89 5 75 80
38 53 38 43 52 77 79 84 89 5 64 53
9 81 9 71 82 67 72 87 30 34 48 88 36 59 89 5 52 80 81
8 86 8 41 50 82 67 72 86
62 60 62 72 88 36 50 60
21 75 21 42 62 72 47 75
60 81 60 81
72 83 72 47 75 88 36 59 64 53 84 89 5 6 77 79 83
7 81 7 57 72 47 80 81
15 23 15 23
76 36 76 33 78 79 88 36
59 67 59 89 5 72 87 30 48 75 88 36 50 82 67
39 82 39 6 75 88 36 59 89 5 52 71 82
56 81 56 82 67 72 47 75 80 81
70 75 70 82 67 72 47 75
19 30 19 38 65 43 52 64 71 82 67 72 87 30
76 83 76 33 53 84 89 5 64 82 67 72 47 75 80 81 83
3 53 3 9 53
69 52 69 76 33 62 72 87 30 44 79 88 36 37 48 52
21 73 21 58 68 25 84 89 5 6 88 36 50 82 67 73
59 36 59 48 52 64 82 67 72 88 36
82 32 82 67 72 87 30 32
35 72 35 39 87 30 48 52 77 89 5 88 36 50 82 67 72
49 77 49 6 37 76 33 62 72 87 30 34 75 88 36 59 48 52 77
21 30 21 58 75 82 67 72 88 36 37 55 84 89 5 6 16 87 30
78 32 78 79 88 36 50 82 67 72 87 30 32
15 77 15 23 66 77
40 17 40 68 25 38 43 17
21 32 21 58 68 69 33 62 72 87 30 32
22 55 22 43 17 58 75 82 67 72 87 30 34 59 64 53 88 36 37 48 52 77 79 84 89 5 6 31 68 69 33 51 44 55
85 50 85 27 88 36 50
46 71 46 37 72 87 30 44 84 89 5 6 71
34 50 34 79 84 89 5 75 88 36 50
39 86 39 87 30 34 79 84 89 5 64 71 82 67 72 86
77 47 77 89 5 6 16 35 59 48 52 71 82 67 72 47
38 67 38 43 87 30 48 88 36 50 82 67
38 30 38 43 87 30
69 86 69 33 49 72 86
69 57 69 76 33 49 6 31 68 74 57
14 88 14 34 79 88
89 80 89 5 64 53 88 36 37 51 59 48 52 71 82 67 72 47 80
4 73 4 30 48 52 71 82 67 73
89 73 89 5 88 36 37 48 52 71 82 67 73
74 37 74 57 82 67 72 47 75 88 36 59 89 5 6 37
65 48 65 43 52 77 89 5 64 82 67 72 47 75 88 36 59 48
76 51 76 33 78 79 84 89 5 6 37 51
15 53 15 30 34 59 48 88 36 37 76 33 53
35 79 35 64 82 67 72 88 36 37 52 77 79
34 47 34 75 88 36 59 64 53 84 89 5 52 71 82 67 72 47
49 47 49 69 76 33 53 84 89 5 6 88 36 59 64 82 67 72 47
23 52 23 37 76 33 49 6 75 88 36 59 48 52
2 23 2 23
22 47 22 78 79 88 36 50 82 67 72 47
18 30 18 20 55 67 72 87 30
57 50 57 63 65 43 52 64 82 67 72 88 36 50
69 5 69 76 33 78 79 88 36 59 64 53 84 89 5
56 33 56 64 71 82 67 72 47 75 88 36 59 48 52 77 89 5 6 16 35 39 58 68 69 76 33
43 53 43 52 71 82 67 72 47 75 88 36 59 64 53
22 29 22 31 64 82 67 72 47 75 88 36 37 76 33 78 79 84 89 5 6 16 29
87 51 87 30 48 88 36 37 51
8 41 8 28 41
22 50 22 31 64 82 67 72 88 36 50
16 80 16 35 39 65 43 44 55 58 77 79 88 36 50 82 67 72 47 80
42 30 42 6 37 48 88 36 59 89 5 52 64 71 82 67 72 87 30
3 55 3 20 55
1 80 1 37 48 52 80
1 30 1 13 84 89 5 75 88 36 59 64 71 82 67 72 87 30
72 48 72 47 75 88 36 59 48
34 52 34 59 48 75 82 67 72 88 36 37 77 79 84 89 5 52
69 44 69 76 33 78 79 84 89 5 6 88 36 50 82 67 72 87 30 44
46 79 46 37 52 71 82 67 72 87 30 44 79
34 81 34 48 88 36 59 64 53 80 81
3 48 3 37 51 59 89 5 72 87 30 48
38 20 38 65 43 17 20
65 17 65 43 17
87 50 87 30 48 75 88 36 50
20 71 20 56 74 57 82 67 72 87 30 48 75 88 36 59 89 5 64 71
30 86 30 48 88 36 50 82 67 72 86
72 32 72 87 30 32
28 6 28 41 50 82 67 72 88 36 59 64 53 84 89 5 6
28 80 28 82 67 72 87 30 48 75 80
76 36 76 33 51 44 55 58 68 74 57 78 79 88 36
35 84 35 64 71 82 67 72 47 75 88 36 37 55 58 68 25 62 33 53 84
89 36 89 5 6 71 82 67 72 88 36
69 58 69 76 33 51 44 55 58
56 30 56 74 57 63 53 84 89 5 6 16 35 39 58 75 88 36 37 72 87 30
72 32 72 87 30 32
11 64 11 59 48 52 71 82 67 72 88 36 37 77 89 5 64
59 81 59 48 52 71 82 67 72 88 36 81
85 16 85 27 78 79 84 89 5 6 16
89 47 89 5 79 88 36 50 82 67 72 47
49 79 49 6 31 68 74 57 48 75 82 67 72 87 30 34 79
89 81 89 5 75 80 81
26 52 26 42 51 59 89 5 52
8 82 8 28 37 55 67 82
42 84 42 51 44 55 84
3 16 3 64 53 88 36 37 49 6 16
74 77 74 57 78 79 88 36 37 76 33 49 6 77
11 86 11 88 36 37 51 86
33 80 33 62 72 47 75 80
46 37 46 37
65 73 65 43 17 78 79 88 36 50 82 67 73
62 79 62 33 78 79
68 88 68 25 62 33 51 44 79 84 89 5 64 53 88
2 47 2 25 40 89 5 72 47
68 44 68 69 33 51 59 48 75 88 36 37 49 72 87 30 44
39 78 39 76 33 78
3 57 3 20 56 74 57
26 32 26 88 36 50 82 67 72 87 30 32
23 80 23 49 6 88 36 37 52 64 71 82 67 72 47 80
31 75 31 64 82 67 72 88 36 59 89 5 6 16 87 30 48 75
42 6 42 6
65 48 65 43 87 30 48
1 84 1 51 44 79 84
8 41 8 41
58 50 58 77 79 84 89 5 64 71 82 67 72 87 30 48 75 88 36 50
85 17 85 27 17
13 36 13 29 48 88 36
2 67 2 33 51 44 79 84 89 5 64 82 67
59 86 59 89 5 72 86
65 81 65 43 87 30 48 88 36 59 64 82 67 72 47 80 81
37 48 37 49 69 33 62 72 87 30 48
40 58 40 78 79 84 89 5 88 36 59 64 71 82 67 72 87 30 44 55 58
11 6 11 88 36 50 82 67 72 87 30 44 79 84 89 5 6
38 89 38 89
22 64 22 31 68 25 85 88 36 59 64
6 84 6 37 48 52 64 82 67 72 47 75 88 36 59 89 5 79 84
28 84 28 87 30 34 75 88 36 37 51 44 55 84
38 83 38 65 43 52 80 81 83
43 86 43 52 77 79 88 36 37 72 86
78 32 78 79 88 36 37 76 33 51 59 64 53 84 89 5 72 87 30 32
63 53 63 53
30 83 30 34 59 89 5 72 47 75 88 36 81 83
39 86 39 76 33 51 59 89 5 88 36 50 82 67 72 86
21 61 21 42 62 72 88 36 37 49 6 16 61
68 61 68 69 76 33 61
46 6 46 37 48 88 36 59 89 5 6
85 61 85 88 36 37 76 33 61
38 20 38 43 17 20
35 16 35 59 64 71 82 67 72 87 30 44 84 89 5 6 16
38 30 38 65 43 44 55 67 72 87 30
30 50 30 48 52 77 89 5 88 36 50
22 53 22 78 79 84 89 5 52 71 82 67 72 87 30 44 55 58 68 74 57 63 53
43 44 43 87 30 44
38 25 38 43 87 30 44 55 58 68 25
21 77 21 26 45 64 71 82 67 72 88 36 37 55 84 89 5 52 77
68 36 68 74 57 48 88 36
38 51 38 43 17 70 82 67 72 88 36 37 51
69 61 69 33 61
58 36 58 68 25 35 59 64 82 67 72 87 30 48 75 88 36
51 29 51 67 72 88 36 59 89 5 6 16 29
56 86 56 74 57 48 52 77 79 88 36 50 82 67 72 86
31 29 31 64 82 67 72 47 75 88 36 59 89 5 6 16 29
74 84 74 57 78 79 84
46 59 46 37 52 71 82 67 72 87 30 48 88 36 59
8 86 8 62 33 78 79 84 89 5 88 36 37 52 64 82 67 72 86
57 61 57 72 47 75 88 36 37 49 69 33 61
9 83 9 20 88 36 59 48 52 80 81 83
11 82 11 68 74 57 78 79 84 89 5 72 87 30 34 75 82
85 27 85 27
25 53 25 62 33 53
89 32 89 5 6 16 35 64 82 67 72 87 30 32
1 20 1 13 20
21 86 21 51 44 84 89 5 79 88 36 59 48 75 82 67 72 86
19 51 19 43 44 84 89 5 64 71 82 67 72 88 36 37 76 33 51
69 80 69 33 51 59 48 75 80
85 44 85 88 36 37 72 87 30 44
74 88 74 57 82 67 72 47 75 88
42 78 42 62 72 87 30 48 88 36 37 76 33 78
76 36 76 33 78 79 84 89 5 88 36
4 63 4 23 66 77 89 5 52 64 82 67 72 87 30 48 75 88 36 37 76 33 49 6 16 35 39 58 68 74 57 63
56 63 56 74 57 63
19 53 19 43 52 64 53
8 34 8 28 64 71 82 67 72 87 30 34
70 67 70 82 67
42 43 42 51 67 72 88 36 37 55 58 68 74 57 63 65 43
68 44 68 69 76 33 51 44
8 88 8 41 50 82 67 72 47 75 88
85 73 85 88 36 37 51 44 79 84 89 5 75 82 67 73
11 5 11 88 36 37 59 64 53 84 89 5
70 52 70 82 67 72 47 75 88 36 37 52
68 75 68 25 79 88 36 37 76 33 53 84 89 5 64 71 82 67 72 47 75
68 78 68 69 33 78
65 72 65 43 17 33 78 79 88 36 59 89 5 75 82 67 72
85 57 85 27 79 88 36 59 64 71 82 67 72 87 30 44 55 58 68 74 57
49 73 49 72 88 36 59 48 52 77 79 84 89 5 64 82 67 73
8 33 8 41 76 33
27 79 27 17 58 75 88 36 37 77 79
74 32 74 57 48 52 77 89 5 64 82 67 72 87 30 32
41 48 41 70 82 67 72 88 36 59 48
76 89 76 33 51 59 64 53 88 36 37 52 77 89
40 6 40 89 5 6
63 17 63 65 43 17
23 84 23 37 72 87 30 34 79 84
76 44 76 33 51 44
18 80 18 20 40 68 74 57 78 79 88 36 37 49 76 33 62 72 47 75 80
57 80 57 72 88 36 37 51 59 48 75 80
15 63 15 23 66 78 79 84 89 5 52 71 82 67 72 87 30 44 55 58 68 74 57 63
11 61 11 68 69 76 33 61
62 61 62 33 61
28 48 28 41 49 69 76 33 51 59 48
59 86 59 89 5 79 88 36 50 82 67 72 86
23 29 23 49 6 16 29
33 84 33 51 44 84
72 52 72 88 36 37 52
65 43 65 43
6 32 6 31 43 87 30 32
37 71 37 76 33 53 88 36 59 89 5 64 71
58 32 58 68 69 33 62 72 87 30 32
42 34 42 6 77 79 88 36 37 49 69 33 53 84 89 5 75 82 67 72 87 30 34
1 75 1 13 29 48 88 36 59 64 71 82 67 72 87 30 44 79 84 89 5 75
2 73 2 33 53 84 89 5 75 82 67 73
18 78 18 41 76 33 78
46 89 46 37 48 52 77 79 88 36 50 82 67 72 87 30 44 84 89
85 17 85 27 17
38 73 38 89 5 64 82 67 73
74 78 74 57 48 75 82 67 72 88 36 37 49 69 76 33 78
4 57 4 74 57
31 52 31 43 87 30 34 48 52
58 44 58 68 74 57 63 65 43 52 77 89 5 72 87 30 44
6 79 6 16 87 30 34 79
65 37 65 43 87 30 44 84 89 5 72 88 36 37
68 89 68 74 57 82 67 72 87 30 34 79 84 89
8 45 8 9 20 45
23 50 23 37 48 52 77 89 5 6 75 88 36 50
35 16 35 39 65 43 52 71 82 67 72 47 75 88 36 59 64 53 84 89 5 6 16
65 17 65 43 17
40 43 40 68 25 63 65 43
85 84 85 27 44 79 84
39 43 39 65 43
8 60 8 41 63 65 43 44 55 58 67 72 47 75 88 36 50 60
2 83 2 33 62 72 87 30 44 84 89 5 79 83
42 32 42 51 44 84 89 5 79 88 36 37 52 64 82 67 72 87 30 32
1 44 1 7 89 5 52 64 82 67 72 88 36 37 76 33 51 44
2 67 2 33 78 79 84 89 5 88 36 50 82 67
3 52 3 38 65 43 44 79 84 89 5 6 75 88 36 50 82 67 72 87 30 48 52
41 71 41 50 82 67 72 87 30 44 79 88 36 59 89 5 64 71
74 50 74 57 72 88 36 50
65 59 65 43 87 30 34 59
58 48 58 68 69 76 33 53 88 36 37 72 87 30 48
2 61 2 78 79 84 89 5 88 36 37 49 76 33 61
13 47 13 84 89 5 75 82 67 72 47
14 52 14 42 62 72 88 36 37 52
11 44 11 59 64 53 88 36 50 82 67 72 87 30 44
87 88 87 30 48 88
42 77 42 51 44 55 58 77
14 82 14 59 48 88 36 50 82
1 9 1 2 9
88 73 88 36 59 48 52 77 79 84 89 5 75 82 67 73
35 78 35 39 65 43 17 33 78
62 6 62 33 49 72 87 30 34 79 88 36 59 48 52 77 89 5 6
74 36 74 57 48 88 36
11 72 11 59 48 88 36 37 77 89 5 72
23 55 23 55
41 84 41 50 82 67 72 47 75 88 36 59 48 52 64 53 84
22 55 22 43 44 55
27 47 27 17 70 82 67 72 47
49 25 49 6 31 68 25
65 25 65 43 17 20 39 58 68 25
38 67 38 43 44 79 88 36 59 48 75 82 67
4 67 4 70 82 67
6 75 6 75
56 37 56 78 79 84 89 5 6 71 82 67 72 47 75 88 36 37
58 50 58 75 82 67 72 88 36 50
38 20 38 65 43 17 20
56 73 56 78 79 88 36 50 82 67 73
31 52 31 68 74 57 72 87 30 48 52
40 83 40 89 5 6 37 72 47 80 81 83
57 5 57 48 52 64 53 88 36 50 82 67 72 87 30 34 79 84 89 5
85 50 85 88 36 50
40 36 40 89 5 79 88 36
22 30 22 43 87 30
7 29 7 29
40 81 40 89 5 6 88 36 59 48 75 80 81
82 86 82 67 72 88 36 59 89 5 6 16 86
38 17 38 43 17
74 79 74 57 82 67 72 47 75 88 36 37 55 58 68 69 76 33 78 79
4 84 4 70 82 67 72 87 30 44 84
28 43 28 70 82 67 72 87 30 48 52 64 53 84 89 5 6 31 56 74 57 63 65 43
78 83 78 79 84 89 5 6 31 56 74 57 82 67 72 87 30 44 55 58 75 80 81 83
9 32 9 71 82 67 72 87 30 32
11 55 11 68 69 76 33 53 88 36 37 49 6 31 43 44 55
14 25 14 25
6 83 6 37 77 89 5 75 82 67 72 47 80 81 83
87 80 87 30 48 75 80
64 29 64 71 82 67 72 88 36 37 52 77 89 5 6 16 29
39 5 39 65 43 44 84 89 5
56 57 56 74 57
41 48 41 76 33 78 79 84 89 5 6 16 35 59 48
43 81 43 17 58 77 79 84 89 5 72 47 80 81
2 47 2 23 37 76 33 78 79 84 89 5 72 47
65 16 65 43 52 64 71 82 67 72 47 75 88 36 59 89 5 6 16
3 71 3 9 53 88 36 37 77 89 5 6 71
68 37 68 74 57 78 79 84 89 5 75 88 36 37
62 64 62 72 88 36 37 51 59 64
14 70 14 28 70
68 34 68 69 33 53 84 89 5 79 88 36 59 48 52 64 82 67 72 87 30 34
85 72 85 88 36 59 64 82 67 72
8 37 8 41 50 82 67 72 88 36 37
43 52 43 52
2 67 2 56 78 79 84 89 5 72 88 36 50 82 67
38 17 38 43 17
6 44 6 31 64 53 88 36 37 55 58 77 89 5 75 82 67 72 87 30 44
42 59 42 51 44 79 84 89 5 88 36 59
14 59 14 28 64 82 67 72 88 36 37 59
87 36 87 30 34 59 89 5 72 88 36
38 88 38 43 17 33 78 79 84 89 5 88
65 79 65 43 44 79
69 59 69 33 51 59
65 79 65 43 44 79
87 81 87 30 48 52 80 81
65 86 65 43 52 64 82 67 72 86
27 44 27 44
34 71 34 59 64 71
38 86 38 65 43 17 33 62 72 86
85 78 85 27 78
3 47 3 38 65 43 44 84 89 5 79 88 36 50 82 67 72 47
9 61 9 20 40 68 69 76 33 53 88 36 59 48 75 82 67 72 87 30 34 79 84 89 5 6 16 61
8 77 8 9 53 88 36 37 77
35 59 35 39 76 33 49 6 37 52 77 79 88 36 59
40 60 40 68 25 79 88 36 50 60
22 78 22 31 56 78
7 55 7 62 72 87 30 44 55
31 50 31 56 74 57 82 67 72 47 75 88 36 50
56 71 56 74 57 78 79 84 89 5 6 71
89 53 89 5 52 71 82 67 72 87 30 48 88 36 59 64 53
2 82 2 23 37 55 84 89 5 64 53 88 36 50 82
39 84 39 58 68 69 76 33 51 59 64 82 67 72 47 75 88 36 37 49 6 77 79 84
15 34 15 23 49 69 76 33 51 44 55 67 72 87 30 34
42 55 42 51 44 55
38 67 38 65 43 44 55 67
82 81 82 67 72 88 36 81
21 57 21 26 28 37 48 75 82 67 72 87 30 44 55 58 68 74 57
87 73 87 30 44 79 84 89 5 6 88 36 59 48 75 82 67 73
49 83 49 72 88 36 50 60 81 83
15 75 15 30 44 79 84 89 5 64 82 67 72 47 75
78 32 78 79 84 89 5 64 53 88 36 59 48 52 71 82 67 72 87 30 32
39 59 39 6 16 87 30 34 59
21 25 21 51 44 55 58 68 25
65 6 65 43 52 71 82 67 72 87 30 44 55 58 77 79 88 36 59 89 5 6
15 5 15 30 34 79 88 36 37 59 89 5
74 43 74 57 63 65 43
87 89 87 30 34 79 84 89
39 6 39 76 33 49 6
85 60 85 27 88 36 50 60
31 77 31 64 71 82 67 72 87 30 48 52 77
30 53 30 48 52 64 53
74 34 74 57 48 88 36 50 82 67 72 87 30 34
19 77 19 77
15 26 15 26
19 57 19 77 79 84 89 5 88 36 59 48 52 64 82 67 72 87 30 44 55 58 68 74 57
16 36 16 35 64 82 67 72 87 30 34 75 88 36
39 79 39 58 77 79
77 79 77 79
42 44 42 62 33 78 79 88 36 50 82 67 72 87 30 44
87 78 87 30 34 59 64 71 82 67 72 47 75 88 36 37 49 76 33 78
87 77 87 30 48 52 64 71 82 67 72 47 75 88 36 59 89 5 6 77
57 73 57 82 67 73
77 79 77 79
7 67 7 14 34 59 48 75 82 67
40 37 40 68 74 57 63 53 84 89 5 75 88 36 37
14 71 14 28 82 67 72 88 36 59 48 52 64 71
21 32 21 26 88 36 37 77 89 5 64 82 67 72 87 30 32
18 57 18 41 57
23 75 23 37 51 44 84 89 5 64 71 82 67 72 47 75
20 84 20 40 68 74 57 48 52 64 71 82 67 72 87 30 34 79 84
21 36 21 26 28 82 67 72 88 36
21 37 21 26 88 36 37
39 72 39 65 43 44 79 84 89 5 75 82 67 72
78 81 78 79 88 36 37 48 52 77 89 5 72 47 80 81
8 72 8 40 68 69 33 53 88 36 50 82 67 72
43 5 43 87 30 44 79 84 89 5
43 32 43 17 33 62 72 87 30 32
43 5 43 44 84 89 5
64 86 64 86
46 89 46 37 49 69 76 33 78 79 84 89
38 78 38 43 17 78
70 75 70 82 67 72 87 30 34 75
8 82 8 28 87 30 48 75 82
87 16 87 30 34 48 52 71 82 67 72 88 36 37 77 79 84 89 5 6 16
8 52 8 40 68 25 35 39 6 77 79 84 89 5 52
38 33 38 43 52 77 79 88 36 59 89 5 6 37 76 33
18 48 18 22 43 44 84 89 5 72 88 36 37 48
30 84 30 44 84
87 37 87 30 34 79 84 89 5 72 88 36 37
33 50 33 49 6 16 87 30 44 55 67 72 88 36 50
31 36 31 68 25 85 88 36
4 59 4 49 6 77 89 5 75 88 36 50 82 67 72 87 30 34 59
8 84 8 16 29 48 52 64 71 82 67 72 47 75 88 36 37 55 58 77 79 84
39 36 39 87 30 34 59 64 53 88 36
9 71 9 71
64 32 64 82 67 72 87 30 32
42 75 42 6 16 29 48 52 71 82 67 72 47 75
1 44 1 37 77 79 84 89 5 6 71 82 67 72 87 30 44
20 83 20 45 50 60 81 83
19 47 19 77 79 84 89 5 6 88 36 59 48 75 82 67 72 47
85 67 85 27 79 88 36 37 55 67
35 89 35 39 76 33 53 88 36 59 48 75 82 67 72 87 30 34 79 84 89
65 17 65 43 17
72 73 72 88 36 59 64 71 82 67 73
64 79 64 53 84 89 5 79
72 83 72 88 36 50 60 81 83
22 44 22 43 44
3 33 3 9 53 84 89 5 6 37 76 33
22 79 22 78 79
38 59 38 43 52 64 82 67 72 47 75 88 36 59
82 44 82 67 72 87 30 44
6 81 6 71 82 67 72 47 80 81
2 77 2 33 53 84 89 5 72 47 75 88 36 37 48 52 77
28 82 28 68 25 63 65 43 87 30 44 79 84 89 5 52 71 82
62 75 62 72 47 75
2 27 2 33 49 6 75 88 36 59 48 52 64 53 84 89 5 72 87 30 44 55 58 68 25 85 27
1 88 1 37 55 58 77 79 88
14 73 14 42 62 72 87 30 48 88 36 59 89 5 75 82 67 73
69 86 69 33 78 79 84 89 5 72 87 30 34 86
46 73 46 37 72 87 30 44 79 84 89 5 64 53 88 36 59 48 75 82 67 73
1 63 1 13 28 37 59 64 53 88 36 50 82 67 72 87 30 48 52 77 79 84 89 5 6 31 56 74 57 63
21 37 21 26 88 36 37
43 52 43 87 30 34 48 52
82 50 82 67 72 88 36 50
14 88 14 25 38 43 17 78 79 84 89 5 88
62 84 62 33 53 88 36 37 52 71 82 67 72 87 30 44 79 84
8 37 8 40 68 74 57 63 65 43 87 30 48 75 82 67 72 88 36 37
62 36 62 33 49 6 71 82 67 72 87 30 34 48 75 88 36
65 43 65 43
1 37 1 2 56 74 57 63 53 88 36 37
46 30 46 37 77 79 88 36 59 48 75 82 67 72 87 30
28 89 28 64 53 84 89
60 81 60 81
27 36 27 44 55 67 72 87 30 34 75 88 36
30 84 30 48 52 71 82 67 72 47 75 88 36 59 64 53 84
39 58 39 58
68 37 68 69 33 51 59 48 75 82 67 72 87 30 44 55 58 77 79 88 36 37
87 86 87 30 34 86
68 20 68 74 57 63 65 43 17 20
72 52 72 47 75 88 36 59 89 5 52
16 73 16 29 48 52 71 82 67 73
37 83 37 76 33 53 80 81 83
8 51 8 62 33 51
51 73 51 67 73
49 70 49 76 33 53 88 36 37 51 59 48 75 82 67 72 87 30 34 79 84 89 5 6 31 43 17 70
9 71 9 71
22 64 22 78 79 88 36 37 51 44 84 89 5 75 82 67 72 87 30 34 59 64
46 67 46 37 77 89 5 72 47 75 82 67
1 78 1 2 25 85 27 78
62 34 62 72 87 30 34
70 47 70 82 67 72 47
19 72 19 82 67 72
9 48 9 20 55 84 89 5 75 88 36 50 82 67 72 87 30 48
72 84 72 47 75 88 36 59 48 52 77 89 5 6 31 68 69 33 78 79 84
3 81 3 9 20 55 58 77 89 5 79 88 36 37 51 59 64 53 80 81
76 52 76 33 78 79 84 89 5 52
15 55 15 23 37 52 77 79 88 36 50 82 67 72 87 30 44 55
62 60 62 33 53 88 36 50 60
16 48 16 35 64 82 67 72 47 75 88 36 59 48
20 61 20 45 64 53 84 89 5 72 47 75 88 36 37 49 76 33 61
3 29 3 27 79 84 89 5 6 16 29
43 84 43 87 30 44 84
85 67 85 27 79 88 36 50 82 67
38 73 38 65 43 17 70 82 67 73
82 50 82 67 72 87 30 44 79 88 36 50
2 58 2 82 67 72 88 36 59 64 53 84 89 5 6 16 35 39 58
56 37 56 74 57 72 47 75 88 36 37
35 33 35 39 76 33
68 30 68 74 57 72 87 30
22 71 22 43 17 70 82 67 72 87 30 48 52 64 71
49 52 49 76 33 51 44 84 89 5 52
21 52 21 58 77 89 5 52
42 48 42 6 16 87 30 34 59 89 5 52 71 82 67 72 88 36 37 48
59 79 59 64 53 84 89 5 79
85 58 85 27 78 79 84 89 5 88 36 37 55 58
76 60 76 33 51 59 89 5 88 36 50 60
39 25 39 58 68 25
6 83 6 16 35 64 82 67 72 87 30 48 75 88 36 50 60 81 83
87 60 87 30 34 75 88 36 50 60
88 47 88 36 50 82 67 72 47
1 51 1 51
35 55 35 39 87 30 44 55
38 80 38 65 43 87 30 48 75 82 67 72 47 80
43 47 43 44 79 88 36 50 82 67 72 47
82 79 82 67 72 47 75 88 36 59 89 5 52 77 79
20 53 20 88 36 59 64 53
42 48 42 51 44 79 84 89 5 6 88 36 50 82 67 72 87 30 48
33 61 33 61
59 50 59 48 75 88 36 50
14 55 14 59 89 5 6 16 35 39 87 30 44 55
22 59 22 43 52 77 89 5 64 82 67 72 88 36 59
69 33 69 76 33
15 73 15 23 49 69 76 33 62 72 87 30 48 88 36 59 64 71 82 67 73
69 63 69 76 33 51 59 64 82 67 72 87 30 34 48 52 77 79 84 89 5 75 88 36 37 55 58 68 74 57 63
72 73 72 87 30 34 59 64 53 84 89 5 6 37 48 52 77 79 88 36 50 82 67 73
31 60 31 43 17 60
58 86 58 75 88 36 50 82 67 72 86
38 86 38 65 43 87 30 34 86
77 32 77 79 84 89 5 75 82 67 72 87 30 32
74 83 74 57 78 79 84 89 5 52 71 82 67 72 88 36 59 64 53 80 81 83
42 78 42 6 31 56 78
22 61 22 34 48 75 88 36 37 49 6 16 61
43 73 43 87 30 48 88 36 37 72 47 75 82 67 73
51 47 51 67 72 47
88 83 88 36 50 82 67 72 47 80 81 83
62 86 62 72 86
65 34 65 43 17 58 75 88 36 37 59 89 5 64 82 67 72 87 30 34
56 59 56 78 79 84 89 5 75 82 67 72 88 36 59
39 82 39 6 37 76 33 49 72 47 75 88 36 50 82
21 73 21 51 44 55 84 89 5 72 88 36 59 64 71 82 67 73
25 71 25 85 27 17 70 82 67 72 47 75 88 36 37 52 64 71
30 32 30 32
39 50 39 65 43 52 64 53 84 89 5 79 88 36 50
57 67 57 48 52 77 79 88 36 50 82 67
62 44 62 33 78 79 88 36 37 59 48 75 82 67 72 87 30 44
70 80 70 82 67 72 88 36 59 89 5 75 80
8 77 8 16 35 64 82 67 72 47 75 88 36 59 89 5 6 77
25 67 25 62 72 47 75 82 67
15 48 15 30 44 79 88 36 59 48
64 50 64 82 67 72 47 75 88 36 50
65 60 65 43 52 77 79 84 89 5 88 36 50 60
11 59 11 59
46 64 46 37 49 69 76 33 78 79 88 36 50 82 67 72 87 30 34 59 64
26 86 26 88 36 50 82 67 72 86
46 30 46 37 49 72 87 30
31 52 31 43 17 78 79 88 36 37 77 89 5 75 82 67 72 87 30 44 55 58 68 74 57 48 52
68 51 68 69 76 33 51
26 50 26 45 50
35 53 35 39 65 43 52 71 82 67 72 88 36 59 89 5 64 53
82 55 82 67 72 87 30 44 55
62 77 62 72 47 75 88 36 37 59 48 52 77
21 79 21 42 62 33 53 88 36 59 89 5 52 64 82 67 72 87 30 44 79
46 48 46 37 59 48
56 32 56 64 71 82 67 72 87 30 32
51 73 51 44 84 89 5 6 31 68 69 33 62 72 47 75 82 67 73
85 89 85 27 44 55 58 75 82 67 72 87 30 34 79 88 36 37 52 77 89
39 16 39 58 77 79 84 89 5 75 88 36 37 49 6 16
87 75 87 30 48 52 64 53 84 89 5 79 88 36 50 82 67 72 47 75
9 75 9 62 72 87 30 48 75
78 61 78 79 84 89 5 64 53 88 36 37 49 69 76 33 61
7 83 7 14 42 6 75 88 36 50 82 67 72 47 80 81 83
4 27 4 25 85 27
35 86 35 39 87 30 34 48 52 71 82 67 72 88 36 37 59 89 5 64 86
65 44 65 43 87 30 44
22 45 22 31 43 17 20 45
78 73 78 79 88 36 50 82 67 73
41 80 41 50 82 67 72 47 80
38 6 38 65 43 44 84 89 5 6
8 79 8 9 53 84 89 5 79
22 36 22 43 52 77 89 5 79 88 36
9 81 9 20 39 6 31 64 53 88 36 59 89 5 52 80 81
19 58 19 69 76 33 53 88 36 59 48 52 77 79 84 89 5 75 82 67 72 87 30 44 55 58
38 88 38 65 43 87 30 34 79 88
28 17 28 68 25 38 43 17
27 67 27 44 79 88 36 37 51 59 89 5 72 47 75 82 67
70 86 70 82 67 72 86
14 83 14 34 48 52 71 82 67 72 47 80 81 83
62 50 62 33 53 88 36 50
28 67 28 87 30 44 55 67
35 71 35 64 71
19 72 19 69 76 33 78 79 88 36 37 52 64 71 82 67 72
39 36 39 76 33 49 6 75 88 36
63 52 63 53 84 89 5 75 82 67 72 88 36 59 48 52
63 83 63 65 43 17 78 79 84 89 5 52 64 82 67 72 87 30 44 55 58 68 74 57 48 75 88 36 50 60 81 83
2 43 2 25 63 65 43
51 52 51 67 72 47 75 88 36 59 48 52
68 5 68 25 38 89 5
30 48 30 48
76 82 76 33 62 72 47 75 82
37 73 37 77 89 5 72 87 30 48 52 64 82 67 73
49 58 49 69 33 78 79 84 89 5 75 88 36 37 59 64 71 82 67 72 87 30 44 55 58
6 53 6 16 29 48 52 71 82 67 72 87 30 44 84 89 5 79 88 36 37 59 64 53
35 79 35 64 71 82 67 72 87 30 48 75 88 36 37 49 76 33 51 59 89 5 52 77 79
2 89 2 33 53 84 89
57 67 57 48 52 77 79 88 36 37 76 33 51 59 64 82 67
38 33 38 89 5 79 88 36 37 76 33
78 73 78 79 88 36 50 82 67 73
77 50 77 79 88 36 50
3 43 3 38 43
4 32 4 25 40 78 79 88 36 59 64 71 82 67 72 87 30 32
8 60 8 16 29 48 75 82 67 72 87 30 44 79 88 36 50 60
62 88 62 33 53 84 89 5 64 71 82 67 72 47 75 88
42 53 42 62 72 47 75 88 36 37 49 69 33 53
25 73 25 82 67 73
43 50 43 52 71 82 67 72 47 75 88 36 50
78 48 78 79 84 89 5 6 37 52 71 82 67 72 88 36 59 48
65 71 65 43 52 71
19 78 19 56 78
19 82 19 82
1 52 1 39 65 43 87 30 48 52
9 79 9 71 82 67 72 47 75 88 36 37 52 64 53 84 89 5 6 31 68 74 57 78 79
69 82 69 76 33 78 79 88 36 37 72 87 30 48 75 82
62 80 62 33 53 84 89 5 52 80
14 36 14 42 62 33 78 79 88 36
82 71 82 67 72 47 75 88 36 59 64 71
31 59 31 68 69 76 33 51 44 84 89 5 52 77 79 88 36 59
19 64 19 38 65 43 87 30 34 75 88 36 59 89 5 64
19 47 19 43 52 64 53 84 89 5 75 88 36 50 82 67 72 47
38 53 38 89 5 52 71 82 67 72 87 30 34 48 88 36 37 59 64 53
85 5 85 27 44 84 89 5
43 73 43 17 33 62 72 87 30 34 75 88 36 59 64 71 82 67 73
8 78 8 9 62 33 78
37 47 37 51 44 79 88 36 50 82 67 72 47
78 71 78 79 88 36 37 51 44 84 89 5 75 82 67 72 87 30 34 48 52 71
3 81 3 64 53 88 36 50 60 81
62 36 62 72 87 30 44 84 89 5 6 37 76 33 78 79 88 36
31 44 31 56 74 57 63 65 43 44
1 53 1 89 5 64 53
28 61 28 35 39 76 33 61
28 81 28 35 39 58 75 88 36 59 89 5 72 47 80 81
43 84 43 44 79 88 36 50 82 67 72 87 30 48 52 64 53 84
40 86 40 78 79 88 36 37 49 69 33 51 59 64 82 67 72 86
49 52 49 76 33 53 88 36 50 82 67 72 87 30 48 52
88 48 88 36 50 82 67 72 87 30 48
22 60 22 43 87 30 48 75 82 67 72 88 36 50 60
1 7 1 7
4 37 4 25 85 27 79 88 36 37
62 71 62 33 51 67 72 47 75 88 36 59 64 71
43 44 43 44
68 53 68 69 76 33 51 59 64 53
56 84 56 64 53 84
33 83 33 53 84 89 5 79 88 36 81 83
15 89 15 23 55 84 89
40 51 40 68 69 33 51
31 25 31 68 25
14 86 14 59 89 5 75 88 36 50 82 67 72 86
37 80 37 48 88 36 50 82 67 72 47 80
14 34 14 34
37 71 37 59 64 71
3 58 3 20 39 87 30 44 79 88 36 37 55 58
28 55 28 41 49 69 33 51 44 55
15 67 15 30 48 52 64 71 82 67
26 83 26 28 64 53 88 36 59 48 75 80 81 83
28 70 28 41 70
57 36 57 78 79 88 36
37 79 37 72 87 30 44 79
34 52 34 75 88 36 59 89 5 6 16 29 48 52
78 5 78 79 84 89 5
31 29 31 64 71 82 67 72 47 75 88 36 59 48 52 77 79 84 89 5 6 16 29
2 53 2 56 74 57 63 53
72 61 72 87 30 44 84 89 5 75 88 36 37 49 76 33 61
37 47 37 77 89 5 52 71 82 67 72 47
38 44 38 65 43 44
70 84 70 82 67 72 87 30 44 84
89 44 89 5 64 82 67 72 88 36 37 49 69 76 33 51 44
64 83 64 53 84 89 5 88 36 37 76 33 78 79 83
39 83 39 6 71 82 67 72 47 80 81 83
82 32 82 67 72 88 36 37 77 89 5 6 16 87 30 32
68 47 68 74 57 48 88 36 50 82 67 72 47
2 36 2 78 79 84 89 5 88 36
76 47 76 33 78 79 88 36 37 49 6 31 68 25 63 53 84 89 5 72 47
14 63 14 25 63
72 44 72 87 30 44
76 16 76 33 49 6 16
68 82 68 74 57 78 79 84 89 5 75 82
43 52 43 44 79 88 36 37 59 64 53 84 89 5 6 71 82 67 72 87 30 48 52
65 6 65 43 87 30 34 79 84 89 5 6
65 32 65 43 44 79 88 36 59 48 75 82 67 72 87 30 32
9 81 9 53 84 89 5 75 82 67 72 88 36 81
74 82 74 57 82
19 59 19 77 79 84 89 5 72 88 36 59
31 58 31 43 17 58
51 71 51 59 89 5 52 71
38 89 38 43 17 20 45 50 82 67 72 87 30 48 88 36 59 89
46 47 46 37 77 79 88 36 59 64 53 84 89 5 72 47
1 32 1 37 51 59 89 5 64 53 88 36 50 82 67 72 87 30 32
82 71 82 67 72 87 30 34 48 52 71
39 34 39 76 33 62 72 87 30 34
40 60 40 68 69 33 78 79 84 89 5 72 88 36 50 60
65 44 65 43 44
37 50 37 76 33 53 88 36 50
23 86 23 66 77 79 84 89 5 64 86
74 88 74 57 72 47 75 88
41 17 41 63 65 43 17
65 60 65 43 52 71 82 67 72 88 36 50 60
33 81 33 78 79 88 36 81
11 63 11 41 63
3 34 3 30 34
27 79 27 78 79
4 32 4 23 37 51 67 72 87 30 32
15 58 15 22 31 56 74 57 63 65 43 17 58
82 86 82 67 72 87 30 34 86
68 25 68 25
23 73 23 55 84 89 5 72 47 75 82 67 73
68 63 68 74 57 63
46 57 46 37 48 52 77 79 84 89 5 6 88 36 50 82 67 72 87 30 44 55 58 68 74 57
11 33 11 41 63 53 84 89 5 64 82 67 72 87 30 44 79 88 36 37 49 76 33
28 71 28 37 51 59 48 52 64 71
58 79 58 75 82 67 72 87 30 44 84 89 5 52 77 79
46 81 46 37 76 33 62 72 47 80 81
6 55 6 16 29 48 75 88 36 37 55
15 66 15 23 66
64 50 64 82 67 72 88 36 50
23 81 23 55 84 89 5 88 36 59 64 71 82 67 72 47 80 81
25 73 25 84 89 5 79 88 36 50 82 67 73
60 81 60 81
49 67 49 6 37 48 52 64 53 88 36 50 82 67
65 70 65 43 17 70
40 75 40 68 74 57 78 79 84 89 5 75
34 5 34 79 88 36 50 82 67 72 87 30 44 84 89 5
68 58 68 74 57 82 67 72 47 75 88 36 37 55 58
39 73 39 6 37 72 88 36 50 82 67 73
56 71 56 82 67 72 88 36 37 51 59 64 53 84 89 5 52 71
7 84 7 43 44 84
22 16 22 31 56 74 57 48 52 64 71 82 67 72 47 75 88 36 59 89 5 6 16
25 83 25 79 83
37 83 37 77 89 5 64 53 88 36 59 48 75 82 67 72 47 80 81 83
87 82 87 30 48 88 36 37 59 64 71 82
4 34 4 70 82 67 72 87 30 34
58 81 58 77 89 5 79 88 36 50 60 81
14 72 14 28 87 30 48 52 71 82 67 72
13 45 13 20 45
42 81 42 6 88 36 81
34 73 34 79 84 89 5 72 87 30 48 75 88 36 37 51 59 64 82 67 73
88 86 88 36 59 89 5 6 37 52 64 86
51 61 51 67 72 88 36 37 49 69 33 61
77 84 77 79 84
22 55 22 31 43 44 55
63 61 63 65 43 17 33 61
26 48 26 28 35 59 48
49 32 49 69 33 53 88 36 50 82 67 72 87 30 32
20 75 20 39 58 67 72 47 75
16 83 16 87 30 48 75 80 81 83
38 30 38 43 17 33 49 72 87 30
3 79 3 38 65 43 52 77 79
69 72 69 33 78 79 88 36 37 55 58 68 25 38 89 5 6 71 82 67 72
2 9 2 9
4 58 4 82 67 72 87 30 48 88 36 37 55 58
4 67 4 74 57 78 79 88 36 37 59 48 52 71 82 67
38 75 38 43 44 79 88 36 59 48 52 64 71 82 67 72 47 75
25 44 25 63 65 43 87 30 44
85 25 85 27 78 79 84 89 5 64 71 82 67 72 47 75 88 36 37 49 69 76 33 51 44 55 58 68 25
4 75 4 70 82 67 72 47 75
40 89 40 78 79 84 89
58 61 58 75 88 36 50 82 67 72 87 30 44 79 84 89 5 6 16 61
18 70 18 41 70
62 55 62 72 88 36 37 49 69 76 33 51 44 55
64 81 64 53 80 81
76 71 76 33 53 84 89 5 64 71
3 64 3 64
40 75 40 89 5 88 36 50 82 67 72 47 75
69 59 69 76 33 51 67 72 87 30 34 79 84 89 5 75 88 36 59
31 80 31 64 71 82 67 72 47 75 80
82 73 82 67 73
14 25 14 25
63 75 63 65 43 44 79 84 89 5 88 36 50 82 67 72 47 75
28 53 28 41 76 33 53
42 37 42 62 33 51 44 84 89 5 52 71 82 67 72 87 30 34 48 75 88 36 37
25 47 25 38 65 43 17 33 62 72 47
34 86 34 75 82 67 72 86
35 84 35 64 82 67 72 87 30 44 84
27 32 27 17 32
7 29 7 29
18 86 18 20 40 78 79 84 89 5 72 86
85 30 85 27 44 84 89 5 6 71 82 67 72 87 30
2 29 2 78 79 88 36 37 49 6 16 29
18 52 18 22 34 75 88 36 50 82 67 72 87 30 48 52
56 79 56 74 57 63 53 88 36 59 89 5 75 82 67 72 87 30 34 79
85 33 85 27 88 36 37 76 33
9 81 9 20 45 77 79 84 89 5 75 80 81
19 16 19 38 89 5 79 88 36 37 76 33 49 6 16
46 60 46 37 59 48 75 88 36 50 60
4 89 4 70 82 67 72 87 30 34 48 88 36 59 89
15 53 15 23 49 6 16 87 30 44 84 89 5 88 36 59 64 53
21 72 21 51 59 48 88 36 50 82 67 72
39 89 39 65 43 87 30 34 48 52 77 89
26 61 26 28 82 67 72 47 75 88 36 37 49 76 33 61
89 48 89 5 75 82 67 72 87 30 48
25 83 25 35 64 82 67 72 88 36 50 60 81 83
2 84 2 78 79 84
4 55 4 23 55
43 48 43 17 20 39 76 33 49 6 16 35 64 53 84 89 5 52 77 79 88 36 37 59 48
6 47 6 37 59 48 75 88 36 50 82 67 72 47
19 81 19 77 89 5 88 36 50 82 67 72 87 30 48 75 80 81
11 30 11 59 64 71 82 67 72 87 30
7 73 7 64 53 88 36 37 52 71 82 67 73
11 53 11 41 57 78 79 88 36 59 64 53
38 34 38 65 43 44 79 84 89 5 6 31 68 25 63 53 88 36 59 48 75 82 67 72 87 30 34
13 5 13 29 48 52 77 89 5
18 25 18 59 89 5 6 31 56 64 82 67 72 87 30 44 55 58 68 25
28 64 28 82 67 72 87 30 34 59 64
56 77 56 64 71 82 67 72 88 36 59 89 5 52 77
8 88 8 9 53 84 89 5 52 64 71 82 67 72 88
21 48 21 58 68 74 57 78 79 84 89 5 72 88 36 59 48
9 45 9 20 45
19 16 19 69 76 33 51 59 64 82 67 72 47 75 88 36 37 49 6 16
35 53 35 64 53
3 30 3 64 82 67 72 87 30
28 57 28 41 57
16 75 16 35 64 82 67 72 47 75
22 48 22 43 87 30 44 55 67 72 47 75 88 36 37 77 89 5 6 31 56 74 57 48
49 72 49 76 33 78 79 84 89 5 6 31 64 71 82 67 72
3 47 3 82 67 72 47
2 34 2 25 38 65 43 44 55 84 89 5 88 36 37 48 52 71 82 67 72 87 30 34
4 80 4 30 48 52 77 79 84 89 5 6 71 82 67 72 88 36 37 49 69 76 33 51 44 55 58 75 80
51 5 51 44 84 89 5
49 25 49 69 76 33 62 72 87 30 34 48 75 88 36 37 52 77 79 84 89 5 6 31 43 17 58 68 25
65 43 65 43
21 59 21 26 45 64 71 82 67 72 88 36 59
63 61 63 53 84 89 5 6 37 49 69 33 61
40 25 40 68 25
9 75 9 53 84 89 5 52 64 82 67 72 47 75
15 33 15 22 43 17 78 79 88 36 37 76 33
38 50 38 43 87 30 34 75 88 36 50
4 29 4 70 82 67 72 47 75 88 36 37 77 89 5 6 16 29
22 43 22 43
56 89 56 74 57 82 67 72 87 30 44 55 58 77 79 84 89
28 59 28 41 50 82 67 72 87 30 44 79 84 89 5 75 88 36 59
74 50 74 57 78 79 88 36 50
42 5 42 6 75 88 36 37 52 64 71 82 67 72 87 30 44 55 84 89 5
64 73 64 82 67 73
57 55 57 63 53 84 89 5 52 77 79 88 36 37 55
74 89 74 57 63 53 84 89
22 59 22 31 64 71 82 67 72 88 36 59
3 59 3 82 67 72 88 36 59
2 84 2 23 66 77 89 5 52 71 82 67 72 88 36 59 64 53 84
63 84 63 53 88 36 37 55 67 72 87 30 34 79 84
28 67 28 82 67
25 67 25 38 43 17 33 49 72 47 75 88 36 50 82 67
63 75 63 53 84 89 5 52 77 79 88 36 37 59 48 75
7 47 7 14 59 64 53 84 89 5 52 77 79 88 36 50 82 67 72 47
14 6 14 34 59 64 71 82 67 72 87 30 48 52 77 79 88 36 37 51 44 84 89 5 6
58 5 58 67 72 88 36 37 76 33 78 79 84 89 5
31 81 31 64 82 67 72 87 30 44 55 84 89 5 52 77 79 88 36 37 51 80 81
74 71 74 57 82 67 72 47 75 88 36 59 64 53 84 89 5 52 71
27 17 27 17
19 43 19 62 33 53 84 89 5 64 71 82 67 72 47 75 88 36 37 49 6 16 35 39 65 43
14 83 14 34 79 88 36 81 83
74 61 74 57 72 88 36 37 49 76 33 61
35 83 35 39 76 33 78 79 83
87 29 87 30 44 84 89 5 6 16 29
1 48 1 78 79 88 36 37 49 69 33 62 72 87 30 34 48
1 75 1 39 87 30 48 88 36 50 82 67 72 47 75
40 78 40 68 74 57 78
31 83 31 56 74 57 48 52 71 82 67 72 87 30 34 75 80 81 83
51 50 51 59 64 82 67 72 47 75 88 36 50
68 32 68 74 57 82 67 72 87 30 32
33 36 33 51 59 89 5 72 88 36
21 86 21 51 67 72 86
40 64 40 89 5 52 71 82 67 72 47 75 88 36 59 64
6 29 6 16 29
3 52 3 82 67 72 87 30 34 48 52
3 47 3 9 20 56 64 53 88 36 37 59 48 52 71 82 67 72 47
77 73 77 79 88 36 50 82 67 73
64 86 64 86
46 59 46 37 55 67 72 87 30 34 79 84 89 5 88 36 59
27 52 27 79 84 89 5 52
70 55 70 82 67 72 88 36 37 55
63 36 63 53 88 36
27 44 27 78 79 88 36 59 48 52 77 89 5 6 71 82 67 72 87 30 44
78 83 78 79 84 89 5 75 88 36 50 82 67 72 87 30 48 52 64 53 80 81 83
87 71 87 30 48 75 88 36 59 89 5 52 71
2 58 2 78 79 88 36 37 55 58
3 86 3 64 86
19 51 19 69 76 33 51
6 5 6 77 89 5
30 67 30 44 55 58 67
74 83 74 57 78 79 83
87 50 87 30 44 55 84 89 5 79 88 36 50
7 86 7 43 87 30 48 88 36 59 89 5 64 82 67 72 86
9 84 9 20 55 67 72 88 36 37 59 89 5 52 64 53 84
87 71 87 30 48 52 71
33 83 33 62 72 88 36 81 83
31 50 31 43 44 84 89 5 52 71 82 67 72 47 75 88 36 50
57 75 57 48 88 36 37 72 47 75
63 5 63 53 88 36 37 72 87 30 34 59 89 5
59 53 59 64 53
69 82 69 76 33 53 88 36 59 64 82
21 64 21 26 45 64
34 73 34 48 88 36 59 89 5 52 71 82 67 73
4 79 4 82 67 72 87 30 44 79
6 67 6 16 35 64 71 82 67
18 67 18 41 57 78 79 84 89 5 52 64 53 88 36 37 76 33 49 72 47 75 82 67
2 33 2 33
70 67 70 82 67
76 64 76 33 53 84 89 5 64
25 44 25 85 88 36 59 89 5 52 64 71 82 67 72 87 30 44
68 50 68 74 57 82 67 72 47 75 88 36 50
3 55 3 82 67 72 87 30 44 55
77 44 77 79 84 89 5 52 64 82 67 72 87 30 44
26 52 26 42 51 59 48 52
28 29 28 35 59 48 75 88 36 50 82 67 72 87 30 34 79 84 89 5 6 16 29
89 81 89 5 64 71 82 67 72 88 36 37 51 59 48 52 80 81
46 63 46 37 49 6 31 68 25 63
16 73 16 87 30 48 52 71 82 67 73
77 52 77 79 84 89 5 64 71 82 67 72 47 75 88 36 59 48 52
11 86 11 59 48 75 82 67 72 87 30 34 86
35 78 35 39 58 68 69 76 33 78
8 33 8 41 76 33
85 48 85 88 36 59 48
27 73 27 88 36 59 48 52 71 82 67 73
4 60 4 74 57 63 65 43 87 30 34 79 84 89 5 6 37 52 64 82 67 72 88 36 50 60
42 30 42 6 16 87 30
68 55 68 69 33 51 44 55
56 34 56 64 71 82 67 72 87 30 34
18 5 18 41 57 63 53 84 89 5
8 9 8 9
89 55 89 5 52 71 82 67 72 88 36 37 55
8 72 8 16 29 48 88 36 50 82 67 72
87 43 87 30 44 84 89 5 6 31 43
28 80 28 37 51 44 79 88 36 59 48 52 64 53 84 89 5 75 82 67 72 47 80
31 72 31 43 52 71 82 67 72
65 52 65 43 17 78 79 88 36 59 48 52
4 25 4 25
40 64 40 89 5 64
18 67 18 41 49 76 33 51 44 79 88 36 37 77 89 5 64 71 82 67
39 16 39 76 33 53 88 36 59 48 75 82 67 72 87 30 44 79 84 89 5 6 16
69 86 69 33 62 72 87 30 34 86
72 84 72 88 36 59 89 5 79 84
40 58 40 78 79 84 89 5 6 31 56 74 57 48 52 71 82 67 72 87 30 44 55 58
87 50 87 30 44 84 89 5 64 71 82 67 72 88 36 50
59 73 59 89 5 64 82 67 73
59 81 59 89 5 72 88 36 81
56 77 56 64 71 82 67 72 88 36 59 89 5 52 77
11 83 11 41 63 53 80 81 83
70 44 70 82 67 72 87 30 44
72 50 72 88 36 50
27 48 27 78 79 84 89 5 6 31 68 74 57 48
21 36 21 26 42 62 33 78 79 88 36
85 73 85 88 36 50 82 67 73
15 53 15 22 78 79 88 36 37 77 89 5 64 53
40 60 40 68 25 82 67 72 47 75 88 36 50 60
38 51 38 89 5 6 16 87 30 48 52 77 79 88 36 37 76 33 51
11 47 11 88 36 50 82 67 72 47
37 53 37 76 33 53
76 5 76 33 62 72 47 75 88 36 59 89 5
3 55 3 64 82 67 72 47 75 88 36 37 51 44 55
87 82 87 30 48 52 64 71 82
34 48 34 48
65 73 65 43 44 79 88 36 50 82 67 73
46 77 46 37 77
8 25 8 41 57 63 65 43 17 20 39 6 77 79 84 89 5 75 88 36 59 64 71 82 67 72 87 30 44 55 58 68 25
33 52 33 53 88 36 59 64 71 82 67 72 87 30 48 52
70 32 70 82 67 72 87 30 32
51 75 51 67 72 47 75
3 36 3 82 67 72 47 75 88 36
38 6 38 89 5 6
31 61 31 56 82 67 72 47 75 88 36 37 76 33 61
65 30 65 43 87 30
14 30 14 59 64 82 67 72 87 30
25 71 25 84 89 5 75 82 67 72 87 30 48 52 64 71
35 58 35 39 58
33 86 33 53 84 89 5 64 86
23 48 23 66 78 79 88 36 59 48
14 33 14 37 49 76 33
15 26 15 26
35 75 35 59 89 5 6 31 64 82 67 72 47 75
40 84 40 89 5 79 84
68 81 68 25 85 27 17 70 81
34 86 34 79 88 36 50 82 67 72 86
74 5 74 57 78 79 84 89 5
1 34 1 37 77 89 5 64 71 82 67 72 87 30 34
33 79 33 78 79
42 55 42 51 44 55
31 50 31 43 17 20 45 77 79 84 89 5 6 71 82 67 72 87 30 34 48 52 64 53 88 36 50
69 86 69 33 62 72 86
37 84 37 77 79 84
3 37 3 27 17 20 45 50 82 67 72 87 30 44 84 89 5 75 88 36 37
78 32 78 79 88 36 50 82 67 72 87 30 32
69 82 69 76 33 51 44 79 88 36 37 48 52 64 71 82
22 59 22 31 56 78 79 88 36 37 76 33 53 84 89 5 64 71 82 67 72 87 30 34 59
89 53 89 5 52 64 53
23 5 23 55 58 77 79 84 89 5
13 86 13 29 48 75 82 67 72 86
57 36 57 63 65 43 44 79 84 89 5 52 71 82 67 72 88 36
22 71 22 43 87 30 48 75 88 36 37 77 79 84 89 5 6 71
13 83 13 83
18 75 18 59 48 88 36 50 82 67 72 47 75
40 55 40 68 69 76 33 78 79 88 36 59 48 75 82 67 72 87 30 44 55
6 55 6 88 36 37 77 79 84 89 5 52 71 82 67 72 87 30 44 55
38 17 38 65 43 17
4 83 4 30 44 55 58 67 72 47 75 88 36 59 89 5 6 31 56 64 53 80 81 83
63 50 63 65 43 17 70 82 67 72 87 30 48 88 36 50
69 82 69 33 49 72 88 36 59 64 53 84 89 5 52 71 82
13 55 13 26 88 36 37 52 64 82 67 72 87 30 44 55
25 55 25 85 27 17 58 77 79 88 36 50 82 67 72 87 30 44 55
74 71 74 57 78 79 88 36 37 52 71
82 75 82 67 72 47 75
15 6 15 26 42 6
85 29 85 27 17 78 79 84 89 5 6 16 29
77 79 77 89 5 79
33 53 33 51 44 55 58 75 88 36 37 48 52 64 53
15 53 15 22 78 79 88 36 37 48 75 82 67 72 87 30 44 55 84 89 5 64 53
85 59 85 27 88 36 59
87 48 87 30 48
9 84 9 53 88 36 59 64 82 67 72 87 30 44 84
74 75 74 57 48 75
31 5 31 68 69 33 53 84 89 5
13 52 13 68 74 57 82 67 72 47 75 88 36 59 48 52
78 86 78 79 84 89 5 72 86
85 5 85 27 79 88 36 59 89 5
15 81 15 30 44 84 89 5 79 88 36 50 82 67 72 47 75 80 81
19 48 19 77 89 5 88 36 59 48
4 84 4 70 82 67 72 88 36 59 89 5 64 53 84
39 72 39 87 30 48 75 88 36 59 89 5 52 71 82 67 72
18 32 18 20 39 76 33 49 6 88 36 37 52 64 71 82 67 72 87 30 32
70 81 70 81
89 81 89 5 75 80 81
27 83 27 17 20 56 82 67 72 47 80 81 83
23 61 23 49 69 33 61
49 71 49 76 33 51 67 72 88 36 37 77 79 84 89 5 52 64 71
59 80 59 89 5 52 80
3 52 3 64 82 67 72 87 30 44 84 89 5 75 88 36 59 48 52
20 53 20 45 77 89 5 72 88 36 37 52 64 53
51 71 51 67 72 87 30 44 55 58 68 74 57 63 53 88 36 59 64 71
19 53 19 82 67 72 88 36 37 49 76 33 53
27 48 27 17 33 51 59 64 82 67 72 47 75 88 36 37 48
38 50 38 65 43 17 70 82 67 72 88 36 50
88 5 88 36 59 89 5
49 64 49 6 37 51 59 64
88 83 88 36 50 82 67 72 47 80 81 83
62 84 62 33 78 79 88 36 50 82 67 72 87 30 48 52 64 53 84
19 78 19 69 76 33 78
16 55 16 87 30 44 55
64 50 64 82 67 72 47 75 88 36 50
11 57 11 68 74 57
39 32 39 87 30 32
46 5 46 37 51 44 55 84 89 5
4 66 4 23 66
68 47 68 74 57 63 65 43 52 64 82 67 72 47
63 81 63 53 80 81
62 83 62 33 51 80 81 83
28 77 28 77
59 80 59 64 71 82 67 72 47 80
68 50 68 74 57 63 65 43 87 30 44 79 84 89 5 64 53 88 36 50
62 67 62 72 87 30 34 48 88 36 37 52 64 53 84 89 5 6 71 82 67
39 71 39 6 77 89 5 75 88 36 59 48 52 71
21 64 21 42 62 33 49 72 87 30 34 79 84 89 5 64
31 30 31 56 64 82 67 72 87 30
35 51 35 39 6 77 89 5 64 71 82 67 72 87 30 44 55 58 75 88 36 37 49 69 76 33 51
3 58 3 30 44 55 58
18 67 18 59 48 52 64 71 82 67
69 60 69 76 33 62 72 88 36 50 60
64 71 64 71
20 86 20 45 64 53 88 36 59 89 5 75 82 67 72 86
28 30 28 41 63 53 88 36 50 82 67 72 87 30
2 73 2 25 82 67 73
31 43 31 68 25 63 65 43
1 67 1 49 6 16 87 30 48 52 64 82 67
76 51 76 33 51
39 33 39 76 33
65 47 65 43 17 58 67 72 47
63 83 63 53 88 36 50 82 67 72 47 80 81 83
87 36 87 30 48 88 36
6 81 6 88 36 37 76 33 51 44 79 84 89 5 75 80 81
88 79 88 36 37 72 87 30 44 79
3 60 3 9 53 84 89 5 6 71 82 67 72 88 36 50 60
31 64 31 43 52 64
65 6 65 43 17 78 79 88 36 59 48 52 71 82 67 72 87 30 44 55 84 89 5 6
33 80 33 78 79 88 36 59 64 82 67 72 87 30 34 75 80
39 36 39 65 43 87 30 34 75 82 67 72 88 36
9 48 9 71 82 67 72 47 75 88 36 37 59 48
34 17 34 48 88 36 50 82 67 72 87 30 44 79 84 89 5 6 31 43 17
38 59 38 43 44 79 88 36 59
33 83 33 78 79 88 36 50 82 67 72 47 75 80 81 83
31 37 31 64 53 88 36 37
8 17 8 16 87 30 44 55 58 68 74 57 82 67 72 88 36 37 48 52 64 53 84 89 5 6 31 43 17
4 25 4 25
38 83 38 65 43 52 77 79 83
39 71 39 87 30 44 84 89 5 52 77 79 88 36 59 64 71
2 37 2 23 49 76 33 78 79 88 36 37
40 51 40 68 69 33 51
51 44 51 44
15 80 15 23 55 84 89 5 75 80
68 83 68 74 57 48 52 64 71 82 67 72 88 36 59 89 5 6 75 80 81 83
57 75 57 63 65 43 44 55 58 67 72 87 30 48 75
22 53 22 78 79 84 89 5 75 88 36 50 82 67 72 87 30 34 48 52 64 53
11 67 11 41 57 78 79 88 36 37 77 89 5 75 82 67
78 86 78 79 84 89 5 75 82 67 72 86
40 29 40 78 79 88 36 37 48 75 82 67 72 87 30 34 59 89 5 6 16 29
89 61 89 5 52 77 79 88 36 37 76 33 61
13 52 13 29 48 52
74 25 74 57 72 88 36 37 55 58 68 25
46 43 46 37 49 76 33 62 72 47 75 88 36 59 89 5 6 31 43
22 70 22 43 17 70
3 36 3 38 89 5 64 53 88 36
42 63 42 6 77 89 5 79 88 36 59 48 75 82 67 72 87 30 44 55 58 68 74 57 63
38 6 38 43 17 33 53 84 89 5 6
37 48 37 55 58 68 74 57 82 67 72 88 36 59 48
19 6 19 77 79 84 89 5 75 82 67 72 87 30 44 55 58 68 69 33 49 6
62 47 62 72 47
18 16 18 22 34 59 48 52 71 82 67 72 47 75 88 36 37 49 6 16
7 55 7 43 44 55
57 83 57 78 79 88 36 50 60 81 83
70 32 70 82 67 72 87 30 32
39 44 39 58 75 82 67 72 87 30 44
58 61 58 68 69 76 33 61
64 47 64 82 67 72 47
2 67 2 25 62 72 87 30 44 55 58 75 82 67
19 44 19 62 72 87 30 44
70 44 70 82 67 72 87 30 44
8 84 8 41 63 65 43 17 78 79 84
11 37 11 68 25 79 84 89 5 75 82 67 72 88 36 37
15 80 15 30 44 84 89 5 52 71 82 67 72 88 36 59 64 53 80
18 52 18 41 63 53 88 36 59 89 5 52
15 70 15 22 43 17 70
13 67 13 26 28 64 71 82 67
3 45 3 20 45
19 59 19 43 44 55 58 77 89 5 6 37 51 59
3 51 3 30 44 55 67 72 88 36 37 51
59 5 59 89 5
70 47 70 82 67 72 47
11 71 11 59 64 53 84 89 5 75 88 36 50 82 67 72 87 30 48 52 71
56 37 56 82 67 72 87 30 48 75 88 36 37
57 86 57 48 75 88 36 37 59 64 53 84 89 5 72 87 30 34 86
43 84 43 52 71 82 67 72 47 75 88 36 59 64 53 84
13 36 13 68 25 79 88 36
28 58 28 77 79 88 36 59 48 52 71 82 67 72 87 30 44 55 58
87 64 87 30 44 79 84 89 5 72 47 75 88 36 59 64
70 86 70 82 67 72 86
33 71 33 78 79 88 36 37 55 84 89 5 52 71
9 29 9 71 82 67 72 88 36 37 76 33 53 84 89 5 6 16 29
14 25 14 25
35 6 35 64 82 67 72 87 30 48 75 88 36 59 89 5 6
43 80 43 52 64 82 67 72 47 80
8 64 8 28 35 39 58 68 25 38 65 43 87 30 34 59 64
31 75 31 43 87 30 48 88 36 59 89 5 64 82 67 72 47 75
15 47 15 23 66 78 79 84 89 5 52 71 82 67 72 47
25 29 25 63 65 43 87 30 48 88 36 59 89 5 6 16 29
20 84 20 56 64 82 67 72 47 75 88 36 37 51 59 48 52 77 89 5 79 84
38 36 38 89 5 52 77 79 88 36
42 86 42 6 16 86
49 44 49 72 87 30 44
82 44 82 67 72 87 30 44
63 83 63 65 43 44 79 88 36 59 89 5 52 80 81 83
64 71 64 71
1 64 1 49 76 33 51 44 55 58 68 25 38 89 5 79 88 36 59 64
11 48 11 88 36 59 64 71 82 67 72 87 30 48
62 82 62 72 87 30 48 88 36 50 82
77 67 77 79 88 36 37 48 52 71 82 67
22 55 22 34 48 75 88 36 37 76 33 78 79 84 89 5 6 31 43 87 30 44 55
68 50 68 74 57 78 79 88 36 50
11 86 11 68 69 33 78 79 84 89 5 6 16 35 39 87 30 34 86
30 80 30 48 75 80
87 47 87 30 34 59 64 71 82 67 72 47
21 82 21 51 59 89 5 88 36 50 82
28 78 28 77 89 5 6 31 56 74 57 78
8 5 8 41 76 33 78 79 84 89 5
33 84 33 62 72 47 75 88 36 37 52 64 53 84
38 58 38 65 43 17 20 55 58
31 47 31 68 25 85 88 36 50 82 67 72 47
35 6 35 59 89 5 6
56 44 56 82 67 72 87 30 44
65 51 65 43 52 77 89 5 72 47 75 88 36 37 51
69 88 69 76 33 49 6 88
63 53 63 65 43 17 33 49 72 88 36 59 64 53
23 81 23 66 78 79 88 36 81
15 37 15 23 37
28 44 28 37 51 44
21 5 21 58 77 79 84 89 5
20 47 20 55 84 89 5 6 71 82 67 72 47
2 50 2 9 71 82 67 72 87 30 48 88 36 50
21 86 21 51 86
2 81 2 25 84 89 5 52 64 71 82 67 72 88 36 59 48 75 80 81
13 53 13 29 48 75 82 67 72 88 36 59 89 5 64 53
20 83 20 39 58 77 79 83
20 71 20 45 64 82 67 72 47 75 88 36 59 89 5 52 71
70 55 70 82 67 72 87 30 44 55
65 77 65 43 52 77
76 80 76 33 49 72 47 80
49 83 49 72 88 36 59 89 5 52 80 81 83
88 81 88 36 50 82 67 72 87 30 48 75 80 81
68 43 68 25 38 65 43
68 20 68 69 76 33 78 79 88 36 50 82 67 72 87 30 34 59 48 52 64 53 84 89 5 6 16 35 39 65 43 17 20
28 37 28 64 82 67 72 88 36 37
6 44 6 31 64 53 88 36 37 52 71 82 67 72 87 30 44
77 32 77 89 5 88 36 50 82 67 72 87 30 32
27 29 27 79 84 89 5 6 16 29
64 80 64 71 82 67 72 87 30 44 55 84 89 5 75 80
18 82 18 22 43 17 33 53 88 36 59 64 71 82
64 84 64 82 67 72 87 30 34 48 88 36 37 55 84
11 77 11 68 74 57 48 52 77
3 75 3 82 67 72 47 75
62 5 62 33 53 84 89 5
2 32 2 56 64 53 88 36 59 48 75 82 67 72 87 30 32
6 81 6 71 82 67 72 88 36 59 48 75 80 81
76 30 76 33 62 72 87 30
28 70 28 37 55 58 68 25 85 27 17 70
15 32 15 23 37 49 6 16 87 30 32
4 63 4 74 57 63
31 72 31 64 53 84 89 5 88 36 37 52 71 82 67 72
6 32 6 75 82 67 72 87 30 32
16 29 16 29
40 81 40 89 5 6 75 80 81
64 5 64 71 82 67 72 47 75 88 36 59 48 52 77 79 84 89 5
63 83 63 53 88 36 81 83
2 80 2 9 62 72 47 75 80
74 64 74 57 48 52 64
38 51 38 89 5 88 36 37 51
56 63 56 74 57 63
18 61 18 41 76 33 61
87 47 87 30 34 48 88 36 59 64 53 84 89 5 6 16 35 39 76 33 62 72 47
74 89 74 57 78 79 84 89
72 36 72 47 75 88 36
58 36 58 77 89 5 52 71 82 67 72 87 30 44 79 88 36
31 63 31 56 74 57 63
20 44 20 56 82 67 72 88 36 59 89 5 6 31 43 87 30 44
4 30 4 30
34 53 34 48 52 71 82 67 72 87 30 44 79 84 89 5 64 53
56 75 56 64 82 67 72 88 36 37 59 48 75
74 6 74 57 48 75 88 36 50 82 67 72 87 30 34 79 84 89 5 6
57 75 57 72 47 75
28 43 28 68 25 38 65 43
40 30 40 89 5 75 88 36 37 48 52 71 82 67 72 87 30
23 86 23 66 78 79 84 89 5 6 86
21 79 21 51 44 79
21 84 21 26 42 62 33 51 59 48 52 71 82 67 72 87 30 44 79 84
87 75 87 30 34 48 75
3 9 3 9
14 79 14 25 40 68 69 33 78 79
11 48 11 41 70 82 67 72 87 30 48
20 83 20 56 74 57 63 65 43 87 30 44 55 84 89 5 75 80 81 83
35 47 35 59 64 71 82 67 72 47
33 83 33 51 80 81 83
41 61 41 76 33 61
23 32 23 37 76 33 62 72 87 30 32
2 64 2 56 78 79 88 36 50 82 67 72 87 30 48 52 77 89 5 64
37 5 37 59 48 52 77 89 5
2 78 2 78
27 32 27 88 36 59 48 52 71 82 67 72 87 30 32
4 5 4 74 57 48 88 36 37 55 67 72 87 30 34 79 84 89 5
38 73 38 65 43 52 77 89 5 64 53 88 36 37 59 48 75 82 67 73
42 48 42 51 44 84 89 5 6 37 55 67 72 47 75 88 36 59 48
20 48 20 56 78 79 84 89 5 52 64 53 88 36 50 82 67 72 87 30 48
40 59 40 78 79 88 36 59
16 52 16 87 30 44 84 89 5 72 47 75 88 36 59 48 52
7 79 7 64 53 84 89 5 75 88 36 37 48 52 77 79
21 67 21 26 42 51 44 55 67
3 17 3 38 43 17
40 57 40 68 74 57
74 81 74 57 63 53 88 36 59 89 5 64 82 67 72 47 80 81
9 79 9 20 56 74 57 82 67 72 47 75 88 36 37 59 89 5 79
82 71 82 67 72 87 30 44 79 84 89 5 64 71
56 77 56 64 53 88 36 59 89 5 72 87 30 48 52 77
62 48 62 33 53 88 36 37 51 59 48
35 52 35 64 71 82 67 72 87 30 34 75 88 36 59 89 5 52
65 52 65 43 52
6 79 6 75 82 67 72 87 30 44 79
4 89 4 74 57 82 67 72 88 36 59 89
28 25 28 68 25
89 48 89 5 52 77 79 88 36 59 48
39 59 39 76 33 51 44 84 89 5 72 88 36 59
69 88 69 76 33 62 72 87 30 48 88
27 79 27 78 79
59 81 59 48 75 80 81
1 7 1 7
1 77 1 37 59 48 88 36 50 82 67 72 87 30 34 79 84 89 5 6 77
69 34 69 76 33 49 72 87 30 34
49 88 49 69 33 53 84 89 5 75 88
15 75 15 26 88 36 50 82 67 72 87 30 48 75
40 81 40 78 79 88 36 81
21 78 21 42 62 33 78
4 51 4 25 82 67 72 87 30 34 59 48 88 36 37 51
49 29 49 6 16 29
3 75 3 30 44 79 88 36 37 52 64 82 67 72 47 75
6 84 6 16 29 48 88 36 59 64 71 82 67 72 87 30 44 55 84
1 52 1 89 5 52
38 71 38 43 17 20 39 6 37 72 47 75 88 36 59 89 5 64 71
65 51 65 43 17 20 40 68 69 76 33 49 6 37 51
62 64 62 72 47 75 88 36 37 52 64
57 71 57 48 88 36 37 72 87 30 44 55 84 89 5 64 71
1 52 1 13 28 70 82 67 72 87 30 48 52
56 20 56 74 57 63 65 43 17 20
28 30 28 87 30
87 58 87 30 48 75 82 67 72 88 36 37 55 58
11 83 11 88 36 81 83
40 64 40 68 25 79 84 89 5 64
23 67 23 66 78 79 84 89 5 72 87 30 34 75 88 36 50 82 67
57 47 57 63 65 43 87 30 34 48 75 88 36 37 51 44 79 84 89 5 64 82 67 72 47
34 80 34 79 88 36 59 64 53 84 89 5 6 75 82 67 72 47 80
31 29 31 68 74 57 72 88 36 37 76 33 53 84 89 5 6 16 29
9 53 9 20 56 82 67 72 87 30 48 88 36 59 64 53
20 75 20 55 84 89 5 52 71 82 67 72 87 30 48 75
39 72 39 6 37 48 88 36 50 82 67 72
28 60 28 82 67 72 87 30 34 79 88 36 50 60
30 5 30 44 84 89 5
4 77 4 23 66 77
77 52 77 89 5 75 88 36 37 48 52
40 72 40 68 25 85 88 36 37 48 52 77 79 84 89 5 64 82 67 72
19 60 19 62 72 88 36 50 60
2 32 2 82 67 72 87 30 32
11 43 11 41 57 63 65 43
2 34 2 33 51 59 64 71 82 67 72 87 30 34
69 83 69 33 53 88 36 50 82 67 72 47 75 80 81 83
57 5 57 82 67 72 88 36 37 77 79 84 89 5
19 81 19 38 65 43 87 30 48 88 36 37 55 84 89 5 6 31 56 74 57 72 47 80 81
34 36 34 48 75 88 36
63 73 63 53 84 89 5 88 36 59 48 52 71 82 67 73
14 6 14 28 68 69 76 33 49 6
19 44 19 56 64 71 82 67 72 47 75 88 36 37 51 44
46 64 46 37 77 89 5 75 82 67 72 87 30 34 48 88 36 59 64
34 32 34 79 88 36 50 82 67 72 87 30 32
41 71 41 70 82 67 72 47 75 88 36 37 76 33 78 79 84 89 5 64 71
69 29 69 33 51 59 48 75 88 36 37 49 6 16 29
14 86 14 37 48 88 36 50 82 67 72 86
57 71 57 63 65 43 17 58 68 25 85 88 36 37 49 69 76 33 78 79 84 89 5 6 16 35 64 71
3 53 3 64 53
15 88 15 23 49 6 77 79 84 89 5 88
6 80 6 75 80
35 32 35 59 48 75 82 67 72 87 30 32
89 5 89 5
15 80 15 23 37 55 58 68 74 57 48 52 64 71 82 67 72 87 30 34 59 89 5 6 75 80
8 32 8 41 63 65 43 87 30 32
26 44 26 45 50 82 67 72 88 36 37 51 44
74 83 74 57 72 47 80 81 83
41 81 41 50 82 67 72 87 30 44 84 89 5 79 88 36 37 49 76 33 53 80 81
77 83 77 89 5 6 71 82 67 72 47 75 80 81 83
4 67 4 25 79 88 36 50 82 67
11 5 11 68 69 76 33 51 44 55 84 89 5
70 5 70 82 67 72 87 30 48 52 77 89 5
56 71 56 64 71
6 44 6 31 64 53 88 36 37 59 89 5 75 82 67 72 87 30 44
62 86 62 33 51 59 48 88 36 50 82 67 72 86
85 79 85 27 79
7 79 7 89 5 79
19 6 19 43 87 30 48 88 36 37 59 89 5 6
18 52 18 20 45 50 82 67 72 47 75 88 36 37 52
1 57 1 13 68 74 57
78 5 78 79 84 89 5
35 82 35 59 64 71 82
11 89 11 59 48 88 36 50 82 67 72 87 30 44 55 84 89
76 53 76 33 53
76 33 76 33
14 32 14 28 35 64 53 88 36 50 82 67 72 87 30 32
85 53 85 88 36 59 64 53
40 63 40 68 74 57 63
35 79 35 59 64 53 88 36 50 82 67 72 87 30 48 52 77 79
38 70 38 65 43 17 70
6 71 6 71
72 79 72 87 30 44 84 89 5 79
87 50 87 30 48 52 71 82 67 72 88 36 50
63 32 63 65 43 52 71 82 67 72 87 30 32
59 86 59 64 82 67 72 86
26 81 26 28 70 81
68 6 68 69 33 49 6
72 83 72 47 80 81 83
65 89 65 43 52 64 82 67 72 87 30 34 75 88 36 59 89
14 47 14 59 64 71 82 67 72 47
27 73 27 17 33 53 84 89 5 52 64 71 82 67 73
28 34 28 64 71 82 67 72 87 30 34
1 13 1 13
4 37 4 74 57 78 79 88 36 37
59 83 59 48 88 36 37 76 33 62 72 47 80 81 83
65 34 65 43 44 79 84 89 5 52 64 53 88 36 37 59 48 75 82 67 72 87 30 34
42 48 42 51 59 48
11 44 11 59 89 5 88 36 50 82 67 72 87 30 44
62 72 62 72
14 50 14 34 48 75 82 67 72 87 30 44 84 89 5 64 53 88 36 50
87 82 87 30 34 75 88 36 50 82
70 32 70 82 67 72 87 30 32
21 26 21 26
69 73 69 76 33 49 72 88 36 50 82 67 73
11 59 11 41 76 33 78 79 84 89 5 6 71 82 67 72 47 75 88 36 37 59
65 80 65 43 44 79 84 89 5 88 36 50 82 67 72 47 80
85 80 85 88 36 37 52 71 82 67 72 47 75 80
41 50 41 50
14 37 14 37
4 77 4 70 82 67 72 87 30 48 52 64 53 88 36 37 77
49 86 49 6 16 86
39 33 39 76 33
19 32 19 43 17 20 40 78 79 88 36 37 55 58 75 82 67 72 87 30 32
70 48 70 82 67 72 88 36 59 48
87 75 87 30 34 75
34 32 34 59 64 82 67 72 87 30 32
28 32 28 35 59 48 88 36 50 82 67 72 87 30 32
25 67 25 85 27 44 55 67
23 61 23 37 48 88 36 59 64 71 82 67 72 87 30 34 79 84 89 5 6 16 61
38 72 38 43 17 20 39 76 33 78 79 84 89 5 52 64 82 67 72
43 44 43 44
3 88 3 9 20 40 89 5 6 71 82 67 72 87 30 48 88
40 79 40 78 79
46 61 46 37 49 69 76 33 61
21 48 21 26 45 77 79 88 36 50 82 67 72 87 30 48
11 59 11 68 25 62 33 78 79 84 89 5 6 37 55 67 72 88 36 59
35 25 35 64 71 82 67 72 87 30 34 75 88 36 59 48 52 77 79 84 89 5 6 37 51 44 55 58 68 25
41 83 41 57 78 79 83
87 77 87 30 48 52 77
51 83 51 67 72 87 30 48 52 77 89 5 79 83
69 77 69 33 51 59 48 52 64 53 88 36 37 77
85 80 85 27 44 79 84 89 5 75 88 36 37 72 87 30 48 52 80
20 73 20 39 87 30 34 75 88 36 37 59 48 52 64 82 67 73
59 53 59 64 53
59 50 59 89 5 72 88 36 50
4 59 4 82 67 72 47 75 88 36 59
19 82 19 77 79 88 36 50 82
89 84 89 5 52 77 79 84
39 59 39 6 16 29 48 88 36 59
18 86 18 59 48 52 64 82 67 72 47 75 88 36 37 51 86
3 78 3 37 49 76 33 78
16 79 16 29 48 75 88 36 50 82 67 72 87 30 44 79
51 47 51 44 79 88 36 50 82 67 72 47
21 67 21 58 75 82 67
37 83 37 49 69 76 33 53 84 89 5 79 88 36 81 83
87 36 87 30 34 59 64 82 67 72 88 36
19 86 19 38 65 43 52 71 82 67 72 86
23 53 23 37 49 6 71 82 67 72 47 75 88 36 59 64 53
31 6 31 43 87 30 48 52 64 82 67 72 88 36 37 59 89 5 6
3 89 3 64 53 88 36 59 89
2 23 2 23
49 44 49 76 33 51 44
31 55 31 43 44 55
2 60 2 82 67 72 47 75 88 36 50 60
42 36 42 51 59 89 5 6 75 88 36
13 52 13 68 74 57 48 52
16 44 16 29 48 88 36 59 64 82 67 72 87 30 44
30 84 30 44 55 84
1 37 1 37
65 5 65 43 52 77 79 84 89 5
3 20 3 20
65 55 65 43 17 58 67 72 87 30 44 55
77 5 77 79 84 89 5
21 32 21 26 28 87 30 32
85 89 85 27 44 55 84 89
30 32 30 32
15 88 15 30 34 79 88
34 61 34 59 64 71 82 67 72 87 30 48 52 77 89 5 79 88 36 37 49 76 33 61
16 50 16 87 30 44 79 84 89 5 6 75 88 36 50
3 77 3 20 45 77
74 36 74 57 48 75 88 36
4 48 4 82 67 72 88 36 59 48
18 37 18 41 76 33 62 72 88 36 37
18 84 18 22 43 17 33 49 6 31 56 74 57 82 67 72 47 75 88 36 37 48 52 77 79 84
33 84 33 51 44 79 84
7 71 7 64 53 84 89 5 75 82 67 72 88 36 59 48 52 71
62 61 62 33 61
33 86 33 53 88 36 37 59 48 52 64 86
65 82 65 43 52 77 79 84 89 5 88 36 50 82
39 48 39 87 30 44 79 88 36 59 48
2 72 2 33 49 72
41 53 41 76 33 53
25 29 25 85 88 36 50 82 67 72 87 30 44 79 84 89 5 6 16 29
23 53 23 55 58 77 79 84 89 5 52 64 53
39 5 39 76 33 78 79 88 36 59 89 5
22 83 22 31 64 71 82 67 72 47 75 80 81 83
76 64 76 33 49 6 31 64
1 64 1 49 76 33 78 79 88 36 59 64
76 30 76 33 53 84 89 5 75 88 36 50 82 67 72 87 30
42 88 42 6 16 29 48 75 82 67 72 88
23 50 23 66 77 79 84 89 5 6 37 49 72 87 30 48 88 36 50
21 78 21 42 62 33 78
30 17 30 44 79 84 89 5 6 31 43 17
9 75 9 62 33 78 79 88 36 59 64 53 84 89 5 72 47 75
39 16 39 76 33 49 6 16
19 70 19 62 33 78 79 88 36 37 48 52 77 89 5 6 31 43 17 70
74 79 74 57 78 79
62 72 62 33 49 6 37 59 64 53 88 36 50 82 67 72
72 84 72 87 30 34 79 84
69 43 69 76 33 53 84 89 5 88 36 59 64 71 82 67 72 87 30 44 55 58 68 74 57 63 65 43
68 60 68 69 76 33 62 72 88 36 50 60
21 44 21 26 28 64 82 67 72 87 30 44
74 64 74 57 48 88 36 37 52 64
76 55 76 33 51 59 64 71 82 67 72 88 36 37 55
85 45 85 27 17 20 45
56 53 56 64 53
1 63 1 7 57 63
56 60 56 64 82 67 72 87 30 44 55 84 89 5 6 37 51 59 48 88 36 50 60
6 48 6 75 88 36 59 48
64 79 64 82 67 72 87 30 34 59 89 5 88 36 37 48 52 77 79
76 71 76 33 51 67 72 87 30 48 52 71
11 86 11 41 70 82 67 72 87 30 34 86
31 77 31 43 87 30 48 52 64 71 82 67 72 47 75 88 36 37 55 58 77
15 81 15 26 45 64 82 67 72 87 30 44 84 89 5 6 37 55 58 75 88 36 50 60 81
4 48 4 70 82 67 72 87 30 44 84 89 5 88 36 59 48
3 17 3 27 17
14 59 14 59
28 78 28 41 57 78
4 77 4 25 40 89 5 64 71 82 67 72 87 30 48 52 77
18 71 18 76 33 49 6 75 82 67 72 88 36 59 64 71
3 36 3 38 43 87 30 44 84 89 5 88 36
22 60 22 31 56 64 71 82 67 72 88 36 50 60
1 77 1 7 29 48 52 77
42 82 42 62 33 78 79 88 36 59 48 75 82
82 79 82 67 72 88 36 37 52 64 53 84 89 5 79
21 45 21 26 45
1 30 1 2 82 67 72 87 30
30 75 30 34 75
46 57 46 37 51 44 55 58 68 74 57
19 33 19 43 44 79 88 36 37 76 33
85 78 85 27 17 78
19 47 19 43 44 55 58 75 82 67 72 47
6 55 6 71 82 67 72 87 30 44 55
39 64 39 6 31 56 82 67 72 87 30 44 84 89 5 79 88 36 59 64
33 52 33 78 79 88 36 59 48 52
42 77 42 6 37 77
2 67 2 9 20 45 50 82 67
62 6 62 33 49 6
58 75 58 75
46 5 46 37 76 33 51 59 89 5
25 81 25 62 33 49 72 47 80 81
37 84 37 59 64 53 84
69 60 69 76 33 62 72 87 30 34 75 88 36 50 60
70 61 70 82 67 72 87 30 44 79 88 36 59 89 5 6 16 61
82 48 82 67 72 87 30 48
43 36 43 17 20 45 64 53 84 89 5 52 77 79 88 36
51 53 51 59 48 88 36 50 82 67 72 87 30 44 79 84 89 5 52 64 53
40 50 40 89 5 52 77 79 88 36 50
41 55 41 76 33 51 44 79 88 36 37 55
20 83 20 56 74 57 48 88 36 37 52 80 81 83
56 29 56 82 67 72 88 36 59 48 52 64 53 84 89 5 6 16 29
63 86 63 53 88 36 37 76 33 51 59 64 86
1 36 1 37 59 64 71 82 67 72 47 75 88 36
6 81 6 77 89 5 75 80 81
37 44 37 77 79 88 36 50 82 67 72 87 30 44
19 37 19 62 33 51 67 72 88 36 37
1 20 1 13 20
11 34 11 59 48 75 82 67 72 87 30 34
19 78 19 62 72 87 30 34 75 88 36 37 49 76 33 78
13 61 13 26 42 62 33 61
56 73 56 64 53 88 36 50 82 67 73
37 86 37 77 79 88 36 50 82 67 72 86
4 23 4 23
6 5 6 77 79 88 36 37 48 52 71 82 67 72 87 30 34 59 89 5
1 9 1 2 9
39 5 39 87 30 44 79 84 89 5
1 57 1 51 59 48 52 64 82 67 72 88 36 37 49 76 33 78 79 84 89 5 6 31 68 74 57
6 80 6 88 36 59 48 52 71 82 67 72 87 30 34 79 84 89 5 75 80
65 59 65 43 17 58 75 88 36 59
69 52 69 76 33 62 72 88 36 37 48 52
16 47 16 35 39 6 31 43 44 84 89 5 75 82 67 72 47
22 67 22 34 48 52 64 71 82 67
40 82 40 68 25 63 65 43 87 30 44 84 89 5 52 64 71 82
78 86 78 79 84 89 5 6 71 82 67 72 86
56 64 56 64
21 86 21 42 51 67 72 86
27 55 27 88 36 59 89 5 6 37 55
62 33 62 33
3 33 3 9 20 39 58 68 25 33
58 67 58 77 79 88 36 37 55 67
88 50 88 36 50
21 86 21 51 86
42 75 42 51 44 84 89 5 75
22 79 22 43 87 30 48 75 88 36 59 89 5 79
69 51 69 33 51
46 43 46 37 59 48 88 36 50 82 67 72 87 30 44 79 84 89 5 6 31 43
76 72 76 33 78 79 88 36 37 72
76 16 76 33 78 79 84 89 5 64 71 82 67 72 47 75 88 36 37 49 6 16
37 44 37 59 89 5 64 82 67 72 87 30 44
19 89 19 69 76 33 53 88 36 59 48 52 64 82 67 72 87 30 44 55 58 77 89
85 71 85 27 17 58 77 89 5 52 71
76 44 76 33 53 84 89 5 6 88 36 50 82 67 72 87 30 44
9 81 9 62 33 51 80 81
87 34 87 30 34
87 89 87 30 34 79 84 89
3 9 3 9
39 20 39 65 43 17 20
15 6 15 22 31 56 78 79 88 36 37 72 87 30 48 52 77 89 5 6
38 73 38 65 43 17 70 82 67 73
28 60 28 37 59 64 82 67 72 47 75 88 36 50 60
76 84 76 33 62 72 88 36 37 77 79 84
68 34 68 69 33 53 84 89 5 52 77 79 88 36 37 49 6 31 43 87 30 34
8 33 8 28 82 67 72 88 36 37 49 76 33
6 86 6 86
59 32 59 48 52 77 79 84 89 5 6 88 36 37 72 87 30 32
69 29 69 33 49 6 16 29
2 17 2 9 20 56 64 82 67 72 47 75 88 36 37 52 77 89 5 6 31 43 17
14 86 14 28 37 52 71 82 67 72 87 30 34 86
2 72 2 9 53 84 89 5 88 36 59 64 71 82 67 72
6 75 6 71 82 67 72 87 30 34 75
77 86 77 79 84 89 5 88 36 50 82 67 72 86
19 6 19 82 67 72 87 30 44 55 84 89 5 6
9 53 9 53
64 48 64 82 67 72 47 75 88 36 59 48
63 84 63 65 43 17 33 78 79 84
13 61 13 26 42 62 33 61
68 61 68 69 33 61
68 79 68 74 57 78 79
7 17 7 43 17
22 29 22 34 48 75 82 67 72 87 30 44 84 89 5 6 16 29
28 63 28 41 63
62 52 62 72 87 30 48 52
21 72 21 26 88 36 59 48 52 64 82 67 72
7 67 7 43 17 33 51 44 84 89 5 75 88 36 37 52 71 82 67
42 57 42 62 33 49 6 31 68 74 57
8 88 8 41 70 82 67 72 88
39 81 39 6 88 36 59 89 5 75 80 81
20 47 20 39 6 31 64 71 82 67 72 47
69 36 69 33 78 79 88 36
2 37 2 25 79 84 89 5 72 87 30 34 59 64 53 88 36 37
77 86 77 79 88 36 59 64 86
27 47 27 17 78 79 84 89 5 88 36 50 82 67 72 47
8 51 8 28 68 69 76 33 51
30 47 30 34 59 48 88 36 50 82 67 72 47
68 43 68 69 76 33 62 72 87 30 44 55 84 89 5 64 53 88 36 37 49 6 31 43
68 71 68 25 40 78 79 88 36 59 64 71
69 5 69 76 33 78 79 84 89 5
20 86 20 40 68 69 33 78 79 84 89 5 75 82 67 72 87 30 34 86
35 47 35 59 89 5 88 36 37 48 75 82 67 72 47
6 55 6 88 36 37 55
18 33 18 76 33
41 79 41 57 78 79
8 37 8 41 49 72 88 36 37
20 53 20 40 78 79 84 89 5 52 71 82 67 72 88 36 37 76 33 51 59 64 53
19 71 19 43 87 30 34 48 52 71
39 67 39 6 77 89 5 75 88 36 59 64 82 67
30 86 30 34 86
4 71 4 25 38 65 43 52 71
7 80 7 64 53 84 89 5 79 88 36 59 48 52 80
8 32 8 9 20 39 87 30 32
6 67 6 88 36 37 55 67
1 36 1 13 84 89 5 72 88 36
11 27 11 68 25 85 27
19 25 19 82 67 72 47 75 88 36 37 55 84 89 5 6 31 68 25
62 83 62 33 78 79 84 89 5 75 82 67 72 47 80 81 83
87 80 87 30 48 52 80
82 36 82 67 72 87 30 44 55 58 77 79 88 36
26 81 26 42 51 59 64 82 67 72 87 30 34 79 84 89 5 52 80 81
63 73 63 53 84 89 5 72 47 75 82 67 73
89 36 89 5 64 82 67 72 88 36
68 73 68 74 57 78 79 84 89 5 6 37 72 88 36 59 48 52 71 82 67 73
77 83 77 79 88 36 81 83
31 61 31 68 69 76 33 61
38 80 38 43 87 30 34 75 88 36 59 89 5 52 80
1 16 1 39 58 67 72 47 75 88 36 37 52 64 53 84 89 5 6 16
14 79 14 25 40 78 79
76 64 76 33 51 59 48 75 88 36 37 77 79 84 89 5 64
13 32 13 74 57 72 87 30 32
11 71 11 88 36 37 48 75 82 67 72 87 30 44 55 84 89 5 52 64 71
68 82 68 69 33 78 79 88 36 59 48 52 71 82
40 27 40 68 25 85 27
11 70 11 41 70
77 44 77 79 88 36 50 82 67 72 87 30 44
39 82 39 58 77 79 88 36 50 82
57 84 57 63 53 84
18 34 18 20 56 78 79 88 36 37 49 6 77 89 5 72 87 30 34
43 50 43 87 30 34 59 48 52 77 79 84 89 5 72 88 36 50
31 71 31 56 82 67 72 47 75 88 36 59 64 71
72 48 72 87 30 48
14 71 14 28 35 59 48 88 36 37 49 6 71
46 78 46 37 76 33 78
33 79 33 78 79
6 84 6 71 82 67 72 87 30 44 84
65 60 65 43 17 60
57 81 57 48 52 64 53 88 36 59 89 5 75 80 81
65 70 65 43 17 70
6 52 6 88 36 37 51 59 48 52
70 48 70 82 67 72 87 30 44 84 89 5 6 75 88 36 59 48
76 30 76 33 78 79 88 36 50 82 67 72 87 30
74 67 74 57 48 75 88 36 37 49 72 87 30 44 55 67
58 48 58 68 69 76 33 49 6 77 89 5 72 87 30 48
7 36 7 43 52 77 89 5 64 71 82 67 72 47 75 88 36
3 50 3 38 43 87 30 48 52 71 82 67 72 88 36 50
18 67 18 59 48 52 64 53 84 89 5 88 36 50 82 67
65 59 65 43 52 77 79 88 36 59
65 5 65 43 17 33 62 72 87 30 44 55 84 89 5
8 86 8 9 71 82 67 72 86
39 43 39 65 43
9 67 9 71 82 67
2 32 2 23 66 77 89 5 75 88 36 50 82 67 72 87 30 32
69 52 69 33 62 72 47 75 88 36 59 48 52
28 30 28 87 30
15 25 15 23 37 55 58 68 25
41 17 41 63 65 43 17
68 20 68 25 35 39 65 43 17 20
8 20 8 9 20
59 71 59 64 82 67 72 87 30 34 75 88 36 37 77 89 5 52 71
2 51 2 33 51
3 86 3 30 44 84 89 5 88 36 37 72 86
34 44 34 79 88 36 59 48 75 82 67 72 87 30 44
20 5 20 40 78 79 84 89 5
18 50 18 59 64 82 67 72 88 36 50
76 47 76 33 62 72 47
8 82 8 9 53 88 36 37 51 59 64 82
21 73 21 26 28 68 69 76 33 53 84 89 5 6 88 36 37 72 87 30 34 75 82 67 73
33 81 33 49 6 77 89 5 52 64 82 67 72 47 80 81
23 5 23 37 52 77 79 88 36 59 89 5
3 48 3 30 34 48
63 53 63 53
18 36 18 20 40 68 69 33 53 88 36
82 73 82 67 73
56 47 56 78 79 84 89 5 72 47
4 60 4 70 82 67 72 47 75 88 36 50 60
1 34 1 78 79 84 89 5 88 36 59 64 71 82 67 72 87 30 34
65 70 65 43 17 70
46 32 46 37 49 69 76 33 78 79 84 89 5 52 71 82 67 72 87 30 32
57 73 57 78 79 88 36 59 89 5 64 82 67 73
16 79 16 29 48 52 71 82 67 72 87 30 34 75 88 36 37 49 69 33 78 79
40 44 40 68 74 57 72 87 30 44
76 16 76 33 53 88 36 37 48 52 77 79 84 89 5 6 16
76 32 76 33 78 79 84 89 5 64 71 82 67 72 87 30 32
25 83 25 85 27 88 36 50 82 67 72 47 80 81 83
56 67 56 64 53 84 89 5 52 77 79 88 36 59 48 75 82 67
20 32 20 39 6 77 79 88 36 59 64 82 67 72 87 30 32
69 80 69 76 33 49 6 16 87 30 44 55 58 77 79 84 89 5 72 47 80
19 36 19 56 64 82 67 72 88 36
65 36 65 43 44 84 89 5 88 36
15 44 15 22 43 44
15 48 15 30 48
64 83 64 53 88 36 81 83
4 36 4 25 35 39 6 88 36
56 64 56 64
51 81 51 67 72 47 80 81
3 86 3 64 86
2 59 2 25 84 89 5 75 82 67 72 88 36 59
59 45 59 48 52 77 79 84 89 5 75 82 67 72 87 30 44 55 58 68 74 57 63 65 43 17 20 45
56 36 56 64 82 67 72 88 36
76 6 76 33 78 79 88 36 37 59 89 5 6
18 16 18 76 33 49 6 16
76 60 76 33 49 72 47 75 88 36 50 60
23 50 23 37 59 89 5 72 87 30 34 48 88 36 50
76 80 76 33 62 72 47 80
26 71 26 88 36 59 89 5 52 71
15 6 15 22 43 52 71 82 67 72 87 30 48 75 88 36 59 89 5 6
35 60 35 39 58 75 88 36 50 60
69 58 69 33 78 79 84 89 5 6 16 87 30 48 75 88 36 37 51 44 55 58
49 89 49 76 33 62 72 88 36 59 48 52 77 79 84 89
35 47 35 59 64 71 82 67 72 47
37 84 37 52 64 82 67 72 88 36 59 89 5 79 84
1 78 1 89 5 6 31 68 74 57 78
1 48 1 7 29 48
42 83 42 51 67 72 87 30 44 55 58 68 25 35 39 76 33 53 80 81 83
58 67 58 75 82 67
1 80 1 2 78 79 88 36 50 82 67 72 47 80
49 44 49 69 33 62 72 87 30 44
35 84 35 39 76 33 78 79 84
26 79 26 88 36 37 76 33 78 79
8 63 8 40 68 25 63
65 50 65 43 52 77 89 5 72 88 36 50
7 17 7 57 63 65 43 17
18 51 18 59 64 53 88 36 37 49 69 33 51
72 80 72 88 36 59 48 52 80
21 89 21 51 44 55 84 89
39 30 39 65 43 52 77 89 5 88 36 59 64 82 67 72 87 30
22 6 22 78 79 84 89 5 6
38 63 38 65 43 44 55 84 89 5 6 31 56 74 57 63
34 55 34 48 88 36 37 77 79 84 89 5 52 71 82 67 72 87 30 44 55
43 73 43 52 71 82 67 73
68 61 68 69 33 61
2 83 2 23 55 58 68 25 35 59 89 5 75 82 67 72 47 80 81 83
77 79 77 79
26 80 26 42 6 77 89 5 75 80
74 33 74 57 78 79 88 36 59 48 75 82 67 72 87 30 44 55 58 68 69 76 33
8 29 8 16 29
22 86 22 78 79 88 36 50 82 67 72 86
62 80 62 33 78 79 88 36 50 82 67 72 47 80
40 52 40 68 25 63 65 43 17 20 55 58 77 89 5 6 71 82 67 72 47 75 88 36 37 59 48 52
27 80 27 88 36 50 82 67 72 87 30 48 52 80
28 6 28 35 39 6
19 80 19 69 33 51 44 79 84 89 5 64 53 80
89 81 89 5 64 53 80 81
6 29 6 16 29
27 32 27 79 88 36 50 82 67 72 87 30 32
42 5 42 51 44 84 89 5
42 53 42 62 33 53
77 47 77 79 88 36 50 82 67 72 47
7 83 7 29 48 52 80 81 83
74 20 74 57 63 65 43 17 20
15 53 15 26 45 64 53
64 48 64 53 84 89 5 72 87 30 48
68 48 68 74 57 78 79 88 36 50 82 67 72 87 30 34 48
43 75 43 44 84 89 5 72 47 75
38 58 38 43 44 55 58
65 82 65 43 44 84 89 5 75 88 36 37 51 59 48 52 71 82
2 50 2 78 79 88 36 50
88 50 88 36 50
13 45 13 20 45
21 82 21 58 77 89 5 64 82
43 36 43 87 30 34 79 88 36
82 79 82 67 72 87 30 44 79
39 82 39 65 43 52 71 82
14 78 14 59 64 71 82 67 72 47 75 88 36 37 49 76 33 78
39 37 39 76 33 78 79 88 36 37
34 67 34 79 88 36 50 82 67
46 89 46 37 76 33 62 72 87 30 48 75 88 36 59 89
74 67 74 57 82 67
20 86 20 39 87 30 44 84 89 5 79 88 36 50 82 67 72 86
49 61 49 69 76 33 61
35 60 35 64 82 67 72 47 75 88 36 50 60
19 29 19 69 76 33 51 59 48 88 36 50 82 67 72 87 30 44 55 84 89 5 6 16 29
46 82 46 37 77 79 88 36 59 89 5 64 71 82
39 82 39 87 30 34 75 82
2 63 2 25 63
46 84 46 37 55 67 72 47 75 88 36 59 89 5 6 77 79 84
35 80 35 64 53 88 36 59 89 5 75 82 67 72 47 80
42 89 42 6 16 29 48 52 71 82 67 72 47 75 88 36 59 64 53 84 89
64 81 64 82 67 72 87 30 44 55 84 89 5 75 80 81
25 53 25 84 89 5 6 31 68 69 33 53
76 72 76 33 53 88 36 37 72
51 52 51 59 89 5 75 88 36 37 52
56 63 56 74 57 63
89 5 89 5
4 67 4 30 44 79 84 89 5 64 53 88 36 50 82 67
65 86 65 43 52 64 86
15 75 15 30 48 52 64 82 67 72 47 75
4 77 4 70 82 67 72 88 36 59 48 52 77
18 53 18 76 33 62 72 87 30 34 79 88 36 37 77 89 5 52 64 53
3 9 3 9
40 59 40 68 69 33 53 84 89 5 52 77 79 88 36 59
1 53 1 13 26 28 35 64 53
3 57 3 82 67 72 87 30 34 75 88 36 59 89 5 6 37 55 58 68 74 57
9 32 9 71 82 67 72 87 30 32
18 64 18 59 64
85 89 85 27 44 55 84 89
89 86 89 5 75 82 67 72 86
87 5 87 30 34 79 84 89 5
56 34 56 74 57 78 79 84 89 5 64 82 67 72 87 30 34
39 58 39 58
37 86 37 52 71 82 67 72 47 75 88 36 59 64 86
7 83 7 64 53 84 89 5 52 71 82 67 72 87 30 34 75 80 81 83
28 83 28 41 81 83
22 86 22 31 56 74 57 82 67 72 47 75 88 36 59 48 52 64 53 84 89 5 6 86
34 55 34 48 88 36 59 89 5 72 87 30 44 55
46 5 46 37 51 44 84 89 5
68 67 68 69 33 53 88 36 59 89 5 64 71 82 67
7 67 7 62 72 87 30 48 52 71 82 67
40 55 40 68 25 84 89 5 52 71 82 67 72 87 30 34 59 64 53 88 36 37 55
85 59 85 88 36 37 59
62 30 62 72 87 30
89 71 89 5 6 77 79 88 36 59 64 71
57 17 57 63 65 43 17
14 37 14 59 89 5 72 87 30 34 48 75 88 36 37
74 20 74 57 63 65 43 17 20
87 83 87 30 48 52 77 89 5 72 88 36 81 83
28 81 28 70 82 67 72 47 80 81
3 59 3 30 34 79 88 36 37 76 33 51 59
70 44 70 82 67 72 87 30 44
82 52 82 67 72 88 36 37 52
22 89 22 31 64 53 84 89
19 57 19 56 74 57
57 55 57 48 52 77 79 84 89 5 64 71 82 67 72 87 30 44 55
28 37 28 41 57 72 88 36 37
19 58 19 56 82 67 72 87 30 44 55 58
40 16 40 78 79 88 36 59 89 5 6 16
2 86 2 78 79 88 36 59 48 52 64 82 67 72 87 30 34 86
46 48 46 37 51 44 84 89 5 88 36 59 48
69 53 69 33 51 59 89 5 6 31 64 53
14 80 14 59 48 52 77 79 88 36 37 72 87 30 44 84 89 5 75 80
46 63 46 37 76 33 53 88 36 59 89 5 6 31 56 74 57 63
2 89 2 25 62 72 87 30 34 48 75 88 36 37 51 59 89
25 50 25 79 88 36 50
57 55 57 82 67 72 47 75 88 36 37 55
23 50 23 49 76 33 62 72 87 30 34 59 89 5 88 36 50
68 86 68 25 85 27 17 20 88 36 37 52 71 82 67 72 86
19 80 19 77 79 84 89 5 88 36 37 59 48 52 71 82 67 72 47 75 80
87 79 87 30 34 59 48 52 64 53 84 89 5 79
22 64 22 78 79 84 89 5 52 64
63 36 63 53 88 36
62 16 62 72 87 30 44 79 84 89 5 88 36 37 76 33 49 6 16
43 75 43 17 58 75
68 67 68 69 76 33 53 88 36 59 89 5 64 71 82 67
76 64 76 33 78 79 88 36 59 64
77 86 77 79 88 36 59 89 5 52 71 82 67 72 86
38 81 38 65 43 17 70 82 67 72 47 75 88 36 50 60 81
38 52 38 65 43 17 70 82 67 72 87 30 48 75 88 36 37 52
31 29 31 43 52 71 82 67 72 87 30 48 75 88 36 59 89 5 6 16 29
40 75 40 78 79 84 89 5 72 47 75
78 81 78 79 88 36 37 52 64 82 67 72 47 80 81
15 73 15 23 55 67 73
70 75 70 82 67 72 87 30 44 84 89 5 6 31 56 78 79 88 36 59 48 75
68 89 68 25 85 88 36 59 64 53 84 89
78 75 78 79 84 89 5 75
85 51 85 27 17 33 62 72 88 36 37 51
68 63 68 74 57 63
7 53 7 14 28 70 82 67 72 87 30 48 52 64 53
68 80 68 69 76 33 51 80
74 75 74 57 82 67 72 47 75
27 55 27 79 84 89 5 64 71 82 67 72 87 30 44 55
1 34 1 51 59 64 82 67 72 87 30 34
49 58 49 76 33 51 44 55 58
40 73 40 78 79 88 36 37 77 89 5 75 82 67 73
28 86 28 64 86
68 32 68 69 33 49 72 87 30 32
18 43 18 20 39 65 43
40 44 40 68 74 57 78 79 84 89 5 52 71 82 67 72 47 75 88 36 37 51 44
72 5 72 88 36 59 89 5
64 47 64 82 67 72 47
19 67 19 43 87 30 34 59 89 5 72 47 75 88 36 50 82 67
4 58 4 23 66 77 79 84 89 5 64 71 82 67 72 87 30 44 55 58
78 55 78 79 84 89 5 75 88 36 59 64 82 67 72 87 30 44 55
31 59 31 56 78 79 84 89 5 6 71 82 67 72 87 30 34 75 88 36 37 51 59
28 6 28 70 82 67 72 88 36 37 77 89 5 6
76 50 76 33 62 72 47 75 88 36 50
70 32 70 82 67 72 87 30 32
4 50 4 23 49 76 33 62 72 88 36 50
9 36 9 62 72 87 30 34 48 75 88 36
21 33 21 42 62 33
70 55 70 82 67 72 47 75 88 36 37 49 76 33 51 44 55
43 45 43 17 20 45
4 84 4 49 76 33 62 72 87 30 34 59 48 52 77 79 84
68 29 68 74 57 82 67 72 47 75 88 36 59 64 53 84 89 5 6 16 29
33 47 33 53 88 36 59 48 52 71 82 67 72 47
14 6 14 42 6
18 77 18 20 39 58 77
8 33 8 41 49 69 76 33
43 75 43 52 77 79 84 89 5 75
35 75 35 59 64 53 88 36 50 82 67 72 47 75
11 82 11 59 64 53 84 89 5 88 36 50 82
42 60 42 6 88 36 50 60
63 47 63 53 84 89 5 75 82 67 72 47
76 57 76 33 49 6 31 68 74 57
77 52 77 79 84 89 5 75 88 36 50 82 67 72 87 30 44 55 58 68 74 57 48 52
64 44 64 82 67 72 88 36 37 51 44
38 44 38 65 43 87 30 44
33 73 33 49 6 75 82 67 73
31 43 31 68 74 57 63 65 43
74 58 74 57 78 79 84 89 5 52 71 82 67 72 87 30 44 55 58
74 72 74 57 82 67 72
65 60 65 43 17 33 62 72 87 30 48 88 36 50 60
64 48 64 82 67 72 87 30 34 59 48
15 37 15 22 43 17 33 62 72 87 30 34 79 88 36 37
39 36 39 76 33 51 67 72 88 36
20 80 20 56 78 79 84 89 5 52 64 82 67 72 47 80
1 50 1 37 52 71 82 67 72 88 36 50
85 60 85 27 17 60
11 60 11 59 64 71 82 67 72 87 30 48 75 88 36 50 60
35 86 35 59 48 75 82 67 72 86
14 47 14 37 72 47
27 5 27 44 79 84 89 5
51 79 51 44 55 58 68 25 79
40 59 40 68 69 33 49 72 88 36 59
65 51 65 43 44 79 84 89 5 75 88 36 37 49 6 31 68 69 33 51
39 64 39 58 75 82 67 72 87 30 44 84 89 5 88 36 59 64
25 55 25 38 43 44 55
21 67 21 42 51 59 64 53 88 36 37 49 6 77 89 5 72 47 75 82 67
9 5 9 53 88 36 59 64 82 67 72 87 30 44 84 89 5
38 81 38 43 44 79 88 36 50 60 81
1 25 1 2 25
57 79 57 72 87 30 34 79
3 57 3 82 67 72 88 36 37 55 58 68 74 57
15 55 15 23 55
74 80 74 57 78 79 84 89 5 6 31 56 64 53 88 36 59 48 52 80
34 36 34 48 88 36
34 73 34 79 84 89 5 75 82 67 73
38 75 38 65 43 52 64 71 82 67 72 47 75
68 70 68 69 76 33 49 6 31 43 17 70
30 84 30 34 79 84
39 43 39 65 43
42 77 42 51 59 89 5 6 37 52 77
49 44 49 76 33 53 88 36 50 82 67 72 87 30 44
39 77 39 87 30 34 59 48 52 77
35 5 35 59 89 5
15 81 15 30 48 88 36 81
85 20 85 27 17 20
51 86 51 59 64 53 88 36 37 76 33 78 79 84 89 5 6 75 82 67 72 86
4 71 4 23 55 84 89 5 75 82 67 72 87 30 48 88 36 37 52 71
15 71 15 26 45 50 82 67 72 88 36 37 51 44 84 89 5 52 64 71
1 67 1 37 51 44 79 84 89 5 6 88 36 59 64 82 67
74 77 74 57 63 65 43 52 77
57 83 57 82 67 72 87 30 48 88 36 37 51 59 64 53 80 81 83
9 86 9 53 88 36 59 89 5 75 82 67 72 87 30 34 86
31 53 31 56 74 57 78 79 88 36 50 82 67 72 87 30 44 84 89 5 64 53
22 88 22 78 79 84 89 5 88
85 77 85 27 88 36 37 48 52 77
25 52 25 85 88 36 59 48 52
30 44 30 44
14 58 14 28 35 59 48 52 77 79 88 36 37 55 58
63 47 63 65 43 17 78 79 88 36 59 48 52 77 89 5 75 82 67 72 47
22 86 22 31 56 78 79 84 89 5 64 53 88 36 50 82 67 72 86
39 16 39 6 16
63 73 63 65 43 52 64 53 84 89 5 6 88 36 50 82 67 73
89 17 89 5 6 71 82 67 72 88 36 37 76 33 51 44 55 58 68 25 38 65 43 17
68 71 68 25 35 39 6 37 55 58 67 72 87 30 48 52 71
51 71 51 44 84 89 5 52 71
19 50 19 82 67 72 47 75 88 36 50
9 84 9 71 82 67 72 88 36 37 52 64 53 84
49 86 49 69 33 51 44 84 89 5 88 36 59 48 75 82 67 72 87 30 34 86
49 84 49 69 76 33 78 79 88 36 37 55 84
30 29 30 34 79 88 36 37 48 52 77 89 5 6 16 29
15 51 15 26 42 51
82 75 82 67 72 47 75
76 47 76 33 78 79 84 89 5 88 36 50 82 67 72 47
65 37 65 43 44 84 89 5 79 88 36 37
69 37 69 33 53 84 89 5 52 71 82 67 72 88 36 37
3 53 3 38 43 52 64 53
42 61 42 62 33 61
38 17 38 43 17
39 52 39 6 75 82 67 72 87 30 34 59 48 52
56 77 56 74 57 72 87 30 34 79 84 89 5 52 77
15 80 15 22 34 48 75 80
87 84 87 30 48 52 64 71 82 67 72 88 36 59 89 5 79 84
14 41 14 28 41
74 82 74 57 63 65 43 87 30 48 52 71 82
39 82 39 6 75 82
37 52 37 55 58 68 25 38 89 5 64 82 67 72 47 75 88 36 59 48 52
2 70 2 25 85 27 17 70
19 73 19 38 65 43 17 78 79 84 89 5 88 36 37 72 47 75 82 67 73
69 6 69 33 53 88 36 37 55 67 72 87 30 44 79 84 89 5 6
4 37 4 74 57 82 67 72 47 75 88 36 37
40 80 40 89 5 72 47 75 80
18 88 18 20 88
56 71 56 64 71
77 83 77 79 83
68 89 68 25 33 51 67 72 88 36 37 52 77 79 84 89
21 32 21 42 51 44 55 84 89 5 79 88 36 37 49 6 71 82 67 72 87 30 32
58 55 58 75 88 36 50 82 67 72 87 30 44 55
7 71 7 57 78 79 84 89 5 75 88 36 37 49 69 76 33 62 72 87 30 48 52 71
28 58 28 82 67 72 47 75 88 36 37 55 58
18 32 18 20 40 89 5 6 31 43 17 32
68 50 68 69 33 49 6 77 89 5 75 82 67 72 87 30 48 88 36 50
8 34 8 16 29 48 88 36 59 89 5 52 64 82 67 72 87 30 34
28 75 28 41 57 48 75
6 73 6 31 68 69 76 33 53 88 36 59 89 5 64 71 82 67 73
22 61 22 43 52 64 82 67 72 88 36 37 76 33 61
65 75 65 43 44 79 88 36 37 51 67 72 87 30 34 48 52 64 53 84 89 5 75
30 52 30 44 55 84 89 5 75 88 36 59 48 52
8 71 8 40 68 74 57 82 67 72 87 30 48 75 88 36 37 49 6 31 56 78 79 84 89 5 52 71
3 53 3 27 88 36 59 48 52 64 53
21 53 21 42 51 59 48 52 64 53
43 44 43 17 33 51 44
8 71 8 41 76 33 51 44 79 84 89 5 64 71
77 36 77 79 88 36
14 43 14 34 59 48 75 88 36 37 55 58 68 25 79 84 89 5 6 31 43
21 84 21 51 67 72 88 36 59 89 5 79 84
34 32 34 79 88 36 37 51 44 84 89 5 64 82 67 72 87 30 32
77 80 77 79 88 36 59 48 52 80
68 70 68 25 38 65 43 17 70
76 84 76 33 78 79 84
38 25 38 43 17 58 68 25
62 59 62 72 87 30 34 79 88 36 59
87 83 87 30 34 48 52 71 82 67 72 88 36 37 49 76 33 78 79 83
9 84 9 53 84
76 67 76 33 62 72 47 75 82 67
68 75 68 25 40 78 79 88 36 50 82 67 72 47 75
42 82 42 6 71 82
63 86 63 53 84 89 5 75 82 67 72 86
39 70 39 6 31 68 25 38 43 17 70
18 16 18 41 63 65 43 44 55 67 72 47 75 88 36 59 89 5 6 16
49 60 49 6 88 36 50 60
49 48 49 69 33 78 79 84 89 5 6 16 87 30 34 48
8 79 8 28 64 53 84 89 5 88 36 37 55 58 77 79
43 5 43 17 20 40 78 79 84 89 5
56 32 56 82 67 72 87 30 32
87 29 87 30 48 52 64 71 82 67 72 47 75 88 36 59 89 5 6 16 29
49 30 49 6 88 36 50 82 67 72 87 30
20 5 20 40 89 5
78 75 78 79 84 89 5 64 71 82 67 72 47 75
31 71 31 56 64 71
68 53 68 69 76 33 53
65 60 65 43 44 84 89 5 64 71 82 67 72 87 30 48 88 36 50 60
59 84 59 48 52 77 79 84
18 59 18 59
33 47 33 51 67 72 47
30 73 30 44 55 58 68 69 76 33 62 72 47 75 82 67 73
74 88 74 57 63 65 43 52 71 82 67 72 87 30 48 75 88
35 44 35 59 64 82 67 72 87 30 44
4 43 4 25 63 65 43
2 80 2 33 51 80
31 72 31 68 69 33 49 6 75 88 36 59 48 52 71 82 67 72
89 32 89 5 52 64 82 67 72 87 30 32
72 50 72 47 75 88 36 50
38 34 38 65 43 52 77 89 5 79 88 36 50 82 67 72 87 30 34
19 82 19 56 78 79 88 36 59 89 5 52 71 82
31 82 31 56 74 57 48 52 71 82
31 6 31 64 53 88 36 59 89 5 6
56 5 56 82 67 72 87 30 48 88 36 37 52 77 89 5
15 44 15 26 28 87 30 44
56 30 56 78 79 88 36 37 76 33 53 84 89 5 64 71 82 67 72 87 30
1 86 1 78 79 88 36 37 48 75 82 67 72 86
77 52 77 79 88 36 37 59 89 5 6 75 82 67 72 87 30 34 48 52
49 81 49 72 87 30 48 52 80 81
58 48 58 75 82 67 72 87 30 48
19 6 19 56 74 57 63 65 43 52 64 53 84 89 5 6
19 81 19 62 33 53 88 36 37 49 6 31 68 25 84 89 5 52 80 81
31 5 31 56 74 57 78 79 84 89 5
62 36 62 33 49 6 77 79 88 36
41 73 41 70 82 67 73
19 57 19 56 74 57
8 77 8 41 63 53 88 36 37 59 48 52 77
1 29 1 2 23 49 6 16 29
19 67 19 43 52 71 82 67
59 53 59 89 5 64 53
35 43 35 39 65 43
15 80 15 26 28 37 59 64 82 67 72 47 80
31 79 31 64 82 67 72 87 30 48 75 88 36 59 89 5 79
63 80 63 53 84 89 5 64 71 82 67 72 47 80
3 67 3 38 65 43 87 30 48 75 82 67
28 51 28 70 82 67 72 47 75 88 36 59 89 5 6 37 55 58 68 69 76 33 51
28 32 28 64 82 67 72 87 30 32
43 67 43 44 79 88 36 59 48 52 77 89 5 72 87 30 34 75 82 67
1 44 1 39 65 43 17 78 79 88 36 50 82 67 72 87 30 48 52 77 89 5 6 37 76 33 51 44
15 17 15 22 31 43 17
23 67 23 37 59 64 82 67
18 32 18 22 31 64 71 82 67 72 87 30 32
6 73 6 37 76 33 51 44 84 89 5 88 36 50 82 67 73
88 5 88 36 37 77 89 5
19 88 19 56 64 71 82 67 72 87 30 34 75 88
59 5 59 64 71 82 67 72 87 30 34 75 88 36 37 77 89 5
22 83 22 78 79 83
85 37 85 27 44 84 89 5 72 88 36 37
74 6 74 57 63 53 84 89 5 6
23 52 23 49 6 16 35 59 48 52
51 67 51 67
4 89 4 70 82 67 72 87 30 48 88 36 59 64 53 84 89
28 37 28 37
4 50 4 23 55 58 68 25 63 53 88 36 50
15 77 15 22 78 79 88 36 59 89 5 75 82 67 72 87 30 48 52 77
49 34 49 6 37 48 88 36 59 64 71 82 67 72 87 30 34
2 45 2 9 20 45
1 80 1 49 72 47 75 80
74 30 74 57 72 87 30
69 50 69 76 33 51 59 89 5 72 88 36 50
59 50 59 64 82 67 72 88 36 50
88 83 88 36 37 49 76 33 53 80 81 83
35 88 35 59 89 5 52 64 53 88
1 30 1 51 59 64 71 82 67 72 87 30
16 86 16 35 59 48 88 36 37 52 64 86
51 61 51 59 48 75 88 36 37 49 69 33 61
46 73 46 37 59 48 75 88 36 50 82 67 73
72 73 72 47 75 88 36 37 76 33 78 79 84 89 5 64 82 67 73
85 32 85 88 36 37 48 75 82 67 72 87 30 32
65 33 65 43 44 55 58 68 25 33
35 81 35 39 65 43 87 30 48 88 36 50 60 81
26 52 26 45 50 82 67 72 87 30 48 52
4 71 4 74 57 82 67 72 88 36 59 64 71
74 34 74 57 78 79 88 36 50 82 67 72 87 30 34
76 67 76 33 62 72 88 36 50 82 67
18 33 18 76 33
31 52 31 43 52
3 25 3 38 43 52 71 82 67 72 47 75 88 36 59 89 5 6 31 68 25
20 73 20 56 78 79 84 89 5 75 88 36 59 48 52 71 82 67 73
3 36 3 37 55 84 89 5 75 88 36
26 32 26 28 37 72 87 30 32
8 48 8 9 53 88 36 37 55 58 75 82 67 72 87 30 34 59 48
87 51 87 30 48 52 64 82 67 72 88 36 37 51
26 71 26 45 50 82 67 72 47 75 88 36 37 55 58 77 89 5 64 71
64 86 64 71 82 67 72 86
46 47 46 37 51 44 79 84 89 5 64 53 88 36 50 82 67 72 47
87 64 87 30 48 75 82 67 72 88 36 59 89 5 52 64
3 9 3 9
78 55 78 79 84 89 5 6 75 88 36 37 55
1 84 1 39 65 43 87 30 44 79 84
43 53 43 44 55 58 67 72 87 30 48 52 77 89 5 6 37 76 33 53
74 51 74 57 63 53 84 89 5 52 64 82 67 72 87 30 44 55 58 68 25 38 65 43 17 78 79 88 36 37 51
58 67 58 75 88 36 37 76 33 62 72 87 30 34 48 52 64 82 67
59 79 59 48 88 36 37 77 79
41 83 41 57 48 88 36 81 83
82 48 82 67 72 87 30 34 48
8 51 8 40 78 79 88 36 37 51
85 33 85 27 17 70 82 67 72 87 30 34 79 88 36 37 49 76 33
62 71 62 33 53 88 36 37 77 89 5 6 31 68 25 35 59 64 71
21 55 21 26 28 70 82 67 72 87 30 44 55
82 55 82 67 72 87 30 44 55
27 71 27 79 88 36 50 82 67 72 87 30 34 48 52 77 89 5 64 71
41 36 41 49 69 33 51 67 72 88 36
33 84 33 53 88 36 59 64 71 82 67 72 87 30 44 55 84
62 88 62 33 49 72 88
62 16 62 72 87 30 34 59 48 52 77 79 84 89 5 6 16
9 84 9 71 82 67 72 47 75 88 36 59 89 5 52 77 79 84
59 48 59 48
7 73 7 89 5 88 36 59 64 82 67 73
8 59 8 16 87 30 48 52 77 79 84 89 5 72 88 36 59
18 43 18 22 31 43
89 86 89 5 75 88 36 37 51 86
85 78 85 27 17 33 78
62 53 62 33 53
15 72 15 22 43 52 71 82 67 72
62 77 62 33 51 67 72 47 75 88 36 37 77
58 61 58 68 69 76 33 61
18 72 18 22 31 68 69 76 33 51 44 79 88 36 50 82 67 72
41 79 41 63 53 84 89 5 64 71 82 67 72 47 75 88 36 37 49 76 33 51 59 48 52 77 79
23 55 23 55
85 89 85 27 44 79 84 89
51 53 51 44 55 84 89 5 52 64 71 82 67 72 88 36 37 76 33 53
38 79 38 43 17 70 82 67 72 88 36 59 48 52 77 79
63 67 63 65 43 87 30 48 52 64 53 84 89 5 79 88 36 50 82 67
19 73 19 56 64 53 84 89 5 79 88 36 50 82 67 73
21 88 21 26 45 64 53 84 89 5 6 77 79 88
33 47 33 53 84 89 5 75 88 36 50 82 67 72 47
41 86 41 70 82 67 72 86
13 75 13 20 40 78 79 88 36 50 82 67 72 87 30 44 84 89 5 75
21 26 21 26
6 79 6 88 36 59 48 52 77 79
46 50 46 37 52 71 82 67 72 47 75 88 36 50
19 83 19 77 89 5 52 71 82 67 72 87 30 34 79 83
85 61 85 27 44 55 58 67 72 47 75 88 36 37 76 33 61
76 5 76 33 49 72 47 75 88 36 59 89 5
40 77 40 68 25 35 39 65 43 52 64 82 67 72 87 30 34 75 88 36 37 55 58 77
9 79 9 71 82 67 72 88 36 59 64 53 84 89 5 52 77 79
38 86 38 65 43 87 30 34 86
1 53 1 89 5 64 53
40 6 40 78 79 88 36 37 51 59 48 75 82 67 72 87 30 44 55 58 68 25 35 64 53 84 89 5 6
28 80 28 37 55 84 89 5 64 53 80
88 32 88 36 59 64 82 67 72 87 30 32
74 32 74 57 82 67 72 87 30 32
25 84 25 79 88 36 59 48 75 82 67 72 87 30 44 55 84
2 82 2 56 82
56 47 56 78 79 84 89 5 88 36 59 48 75 82 67 72 47
77 84 77 89 5 52 64 82 67 72 87 30 34 48 75 88 36 37 76 33 78 79 84
69 71 69 33 49 6 71
88 80 88 36 37 52 80
70 79 70 82 67 72 47 75 88 36 37 55 84 89 5 6 77 79
76 58 76 33 53 84 89 5 52 64 82 67 72 88 36 37 55 58
56 33 56 74 57 82 67 72 87 30 44 84 89 5 75 88 36 37 76 33
74 6 74 57 63 65 43 17 58 77 89 5 6
87 34 87 30 34
11 71 11 88 36 37 48 75 82 67 72 87 30 34 79 84 89 5 52 71
49 16 49 6 16
46 30 46 37 55 84 89 5 72 87 30
18 70 18 41 70
43 50 43 87 30 34 79 84 89 5 72 47 75 88 36 50
51 83 51 59 64 82 67 72 47 80 81 83
42 51 42 51
51 84 51 44 55 84
3 5 3 20 45 64 53 84 89 5
7 52 7 64 53 88 36 37 59 48 52
49 60 49 6 77 89 5 79 88 36 50 60
35 84 35 59 89 5 75 88 36 50 82 67 72 87 30 48 52 77 79 84
87 48 87 30 48
15 26 15 26
64 84 64 71 82 67 72 87 30 34 75 88 36 37 59 48 52 77 79 84
3 55 3 9 71 82 67 72 87 30 44 55
38 6 38 65 43 44 79 84 89 5 6
82 53 82 67 72 87 30 44 79 88 36 37 59 64 53
20 44 20 39 87 30 44
62 34 62 72 87 30 34
2 84 2 56 78 79 84
42 72 42 62 72
22 47 22 34 48 75 88 36 50 82 67 72 47
35 16 35 59 48 75 88 36 37 52 77 79 84 89 5 6 16
1 59 1 39 6 16 35 64 53 84 89 5 79 88 36 59
18 16 18 76 33 78 79 84 89 5 6 16
58 80 58 77 79 84 89 5 64 53 88 36 50 82 67 72 87 30 48 52 80
27 83 27 88 36 37 55 84 89 5 64 82 67 72 47 80 81 83
11 80 11 88 36 59 48 75 80
62 84 62 33 78 79 84
78 86 78 79 84 89 5 6 37 72 86
20 17 20 45 64 82 67 72 87 30 44 79 84 89 5 6 31 43 17
20 50 20 39 58 68 69 76 33 53 84 89 5 52 77 79 88 36 50
18 41 18 41
22 64 22 31 64
27 5 27 78 79 84 89 5
64 71 64 53 88 36 59 48 75 82 67 72 87 30 34 79 84 89 5 6 71
35 30 35 59 64 71 82 67 72 87 30
57 80 57 48 75 88 36 37 77 79 84 89 5 72 87 30 34 59 64 53 80
68 30 68 25 85 27 44 79 88 36 50 82 67 72 87 30
62 64 62 33 53 84 89 5 88 36 59 64
77 36 77 89 5 72 88 36
76 53 76 33 53
42 86 42 6 16 86
23 61 23 49 69 33 61
64 5 64 53 88 36 59 89 5
64 17 64 71 82 67 72 47 75 88 36 37 55 58 68 25 38 65 43 17
43 50 43 52 71 82 67 72 47 75 88 36 50
19 86 19 38 89 5 6 71 82 67 72 86
3 5 3 82 67 72 87 30 34 48 52 64 53 88 36 59 89 5
65 80 65 43 17 33 62 72 88 36 37 55 58 77 89 5 6 75 80
39 83 39 87 30 48 88 36 37 76 33 78 79 84 89 5 6 31 43 52 80 81 83
1 52 1 7 57 78 79 84 89 5 52
22 61 22 43 44 84 89 5 6 16 87 30 48 88 36 37 76 33 61
21 47 21 42 51 44 79 84 89 5 52 71 82 67 72 47
49 64 49 6 75 88 36 37 52 64
85 70 85 27 17 70
20 5 20 40 78 79 88 36 59 89 5
57 67 57 63 65 43 17 33 78 79 88 36 37 48 52 77 89 5 75 82 67
13 84 13 84
35 75 35 39 58 75
39 71 39 6 71
65 79 65 43 87 30 48 75 82 67 72 88 36 37 55 58 77 89 5 79
77 84 77 79 88 36 37 51 44 55 84
22 79 22 78 79
15 67 15 26 42 51 44 79 88 36 59 48 52 77 89 5 64 71 82 67
49 71 49 6 71
74 70 74 57 63 65 43 17 70
42 16 42 6 16
85 32 85 27 78 79 84 89 5 64 53 88 36 37 51 44 55 58 75 82 67 72 87 30 32
23 86 23 55 84 89 5 72 86
26 81 26 28 37 48 75 82 67 72 47 80 81
74 80 74 57 78 79 88 36 50 82 67 72 47 75 80
89 44 89 5 75 82 67 72 87 30 44
76 30 76 33 62 72 87 30
14 84 14 42 6 31 43 87 30 48 88 36 59 89 5 79 84
43 44 43 44
1 66 1 2 23 66
2 60 2 9 20 39 76 33 53 84 89 5 64 71 82 67 72 47 75 88 36 50 60
43 50 43 44 55 67 72 87 30 34 59 48 88 36 50
87 6 87 30 48 88 36 59 89 5 6
31 88 31 56 78 79 88
35 64 35 64
22 52 22 34 75 82 67 72 88 36 37 59 48 52
64 52 64 82 67 72 87 30 48 52
6 84 6 31 56 64 71 82 67 72 87 30 34 75 88 36 37 52 77 79 84
49 55 49 6 37 76 33 51 44 55
40 44 40 68 74 57 63 65 43 52 64 53 84 89 5 6 88 36 50 82 67 72 87 30 44
41 75 41 50 82 67 72 87 30 48 52 77 79 84 89 5 6 75
62 81 62 33 51 59 89 5 75 88 36 50 60 81
85 6 85 27 78 79 88 36 59 48 52 71 82 67 72 87 30 44 55 84 89 5 6
40 73 40 78 79 88 36 59 48 52 71 82 67 73
42 58 42 62 33 49 6 31 56 74 57 48 75 88 36 37 51 59 89 5 64 82 67 72 87 30 44 55 58
46 67 46 37 72 47 75 82 67
21 80 21 51 59 64 71 82 67 72 47 75 80
31 20 31 43 17 20
25 84 25 84
4 63 4 74 57 63
41 80 41 76 33 51 44 84 89 5 75 88 36 59 64 71 82 67 72 47 80
9 32 9 71 82 67 72 47 75 88 36 37 77 79 84 89 5 6 16 87 30 32
74 52 74 57 48 88 36 50 82 67 72 87 30 44 55 58 77 89 5 52
43 71 43 52 71
28 70 28 70
1 66 1 2 23 66
40 61 40 89 5 88 36 37 49 76 33 61
16 61 16 61
1 82 1 13 29 48 75 82
27 47 27 79 88 36 50 82 67 72 47
2 77 2 25 33 53 84 89 5 88 36 50 82 67 72 87 30 48 52 77
56 82 56 78 79 84 89 5 64 53 88 36 50 82
65 48 65 43 87 30 48
22 52 22 31 43 17 78 79 88 36 59 48 52
77 53 77 89 5 64 53
62 82 62 33 51 67 72 88 36 50 82
89 44 89 5 88 36 50 82 67 72 87 30 44
21 60 21 26 42 51 44 84 89 5 64 53 88 36 50 60
27 32 27 78 79 88 36 50 82 67 72 87 30 32
30 80 30 48 75 80
21 86 21 51 67 72 86
40 72 40 78 79 84 89 5 88 36 50 82 67 72
2 52 2 78 79 84 89 5 52
39 71 39 65 43 17 33 62 72 47 75 88 36 59 64 71
13 55 13 28 77 79 88 36 37 59 48 52 64 53 84 89 5 6 16 35 39 76 33 62 72 87 30 44 55
2 82 2 56 64 53 88 36 50 82
4 53 4 70 82 67 72 87 30 34 79 84 89 5 64 53
15 26 15 26
11 41 11 41
35 48 35 59 48
3 75 3 37 49 69 76 33 78 79 84 89 5 75
37 32 37 76 33 78 79 84 89 5 75 88 36 59 64 82 67 72 87 30 32
42 30 42 62 33 49 6 37 48 52 64 82 67 72 87 30
74 73 74 57 48 88 36 37 77 89 5 75 82 67 73
14 37 14 25 62 72 87 30 34 79 84 89 5 6 88 36 37
88 79 88 36 37 76 33 78 79
2 72 2 82 67 72
28 34 28 37 51 44 55 67 72 87 30 34
40 88 40 68 74 57 63 65 43 87 30 48 52 71 82 67 72 47 75 88
63 29 63 53 88 36 59 89 5 6 16 29
59 5 59 64 53 84 89 5
19 88 19 43 17 58 75 88
65 45 65 43 17 20 45
13 84 13 84
76 73 76 33 49 72 87 30 48 88 36 50 82 67 73
38 33 38 89 5 6 75 88 36 37 76 33
85 80 85 88 36 50 82 67 72 47 80
22 36 22 31 68 25 84 89 5 75 82 67 72 87 30 44 79 88 36
15 81 15 26 42 51 80 81
21 34 21 26 28 87 30 34
37 79 37 59 48 75 88 36 50 82 67 72 87 30 34 79
41 81 41 70 82 67 72 47 80 81
3 30 3 30
74 57 74 57
9 45 9 20 45
18 82 18 41 50 82
68 70 68 25 63 65 43 17 70
18 60 18 76 33 78 79 88 36 50 60
21 64 21 42 62 72 47 75 88 36 59 64
56 60 56 82 67 72 87 30 44 84 89 5 6 88 36 50 60
26 80 26 28 68 69 76 33 51 44 84 89 5 6 88 36 59 48 52 64 71 82 67 72 47 80
88 53 88 36 59 64 53
49 44 49 76 33 62 72 87 30 44
28 59 28 82 67 72 47 75 88 36 59
62 44 62 72 87 30 44
2 64 2 9 20 55 58 77 79 88 36 59 89 5 52 64
40 78 40 78
88 71 88 36 59 89 5 52 64 71
63 83 63 53 80 81 83
11 73 11 88 36 59 64 71 82 67 73
2 59 2 56 64 82 67 72 87 30 34 79 88 36 59
88 81 88 36 59 64 82 67 72 87 30 44 84 89 5 75 80 81
4 79 4 74 57 78 79
69 80 69 33 62 72 47 80
26 83 26 28 68 74 57 82 67 72 88 36 37 52 64 53 80 81 83
51 5 51 59 89 5
39 80 39 65 43 87 30 48 75 82 67 72 47 80
38 33 38 65 43 17 33
3 59 3 38 89 5 6 75 88 36 59
40 30 40 89 5 64 71 82 67 72 87 30
74 89 74 57 63 65 43 52 71 82 67 72 87 30 48 75 88 36 37 51 44 84 89
40 67 40 68 25 38 65 43 17 70 82 67
49 81 49 6 16 29 48 75 82 67 72 87 30 34 79 84 89 5 88 36 37 51 80 81
74 55 74 57 82 67 72 88 36 37 51 44 55
27 17 27 17
49 89 49 6 71 82 67 72 47 75 88 36 37 52 64 53 84 89
62 81 62 72 87 30 44 79 84 89 5 52 80 81
59 47 59 64 82 67 72 47
46 88 46 37 72 87 30 48 75 88
2 82 2 9 62 33 78 79 88 36 50 82
62 84 62 72 88 36 37 77 79 84
21 30 21 42 62 72 87 30
13 36 13 29 48 88 36
65 30 65 43 17 70 82 67 72 87 30
41 48 41 70 82 67 72 88 36 37 76 33 51 59 48
22 75 22 34 79 88 36 59 48 52 64 82 67 72 47 75
40 67 40 78 79 84 89 5 75 82 67
19 84 19 77 89 5 6 37 51 44 79 84
62 48 62 72 88 36 59 48
49 6 49 6
22 32 22 43 52 64 82 67 72 87 30 32
14 32 14 25 62 33 53 88 36 59 64 71 82 67 72 87 30 32
41 75 41 70 82 67 72 88 36 59 48 52 64 53 84 89 5 75
49 83 49 6 88 36 50 82 67 72 47 75 80 81 83
56 33 56 82 67 72 88 36 37 76 33
22 80 22 31 64 53 84 89 5 52 80
3 17 3 38 43 17
13 81 13 20 39 76 33 53 80 81
76 43 76 33 51 67 72 47 75 88 36 37 55 84 89 5 6 31 43
1 81 1 49 72 87 30 34 79 88 36 81
21 67 21 42 51 67
21 52 21 26 42 6 31 64 71 82 67 72 87 30 48 52
27 73 27 79 88 36 37 55 58 75 82 67 73
74 60 74 57 78 79 88 36 50 60
3 32 3 82 67 72 87 30 32
2 48 2 56 78 79 88 36 59 48
25 86 25 62 72 86
31 51 31 64 71 82 67 72 88 36 37 51
62 89 62 33 78 79 88 36 59 89
11 80 11 68 69 33 51 44 84 89 5 52 71 82 67 72 47 75 80
88 61 88 36 59 64 53 84 89 5 6 16 61
1 60 1 51 67 72 88 36 50 60
33 55 33 51 44 55
76 72 76 33 78 79 84 89 5 72
1 48 1 51 59 48
74 84 74 57 72 87 30 44 55 84
4 78 4 25 33 78
76 71 76 33 62 72 87 30 34 75 88 36 59 89 5 64 71
89 84 89 5 52 64 71 82 67 72 88 36 37 51 44 79 84
65 32 65 43 17 32
57 47 57 78 79 88 36 50 82 67 72 47
38 33 38 65 43 17 20 39 76 33
21 5 21 58 77 89 5
21 80 21 58 68 25 35 39 6 88 36 50 82 67 72 47 75 80
22 44 22 43 52 64 53 84 89 5 72 87 30 44
1 26 1 13 26
26 84 26 28 35 39 65 43 87 30 44 79 84
56 78 56 78
1 64 1 13 84 89 5 88 36 50 82 67 72 87 30 48 52 64
39 88 39 6 71 82 67 72 88
28 80 28 82 67 72 87 30 34 79 84 89 5 6 75 80
38 67 38 89 5 52 71 82 67
41 50 41 76 33 53 84 89 5 72 88 36 50
25 36 25 85 27 17 78 79 84 89 5 64 71 82 67 72 87 30 44 55 58 68 74 57 48 88 36
41 75 41 70 82 67 72 88 36 37 49 76 33 78 79 84 89 5 75
78 5 78 79 84 89 5
2 84 2 33 78 79 84
23 67 23 49 6 37 55 67
21 26 21 26
8 63 8 41 63
38 83 38 65 43 52 71 82 67 72 88 36 37 59 89 5 79 83
21 83 21 26 45 50 60 81 83
49 50 49 6 31 64 71 82 67 72 47 75 88 36 50
56 89 56 82 67 72 88 36 37 51 44 79 84 89
35 16 35 39 76 33 53 84 89 5 6 16
9 80 9 53 88 36 50 82 67 72 47 80
87 60 87 30 34 48 52 64 53 84 89 5 75 82 67 72 88 36 50 60
70 86 70 82 67 72 47 75 88 36 59 89 5 6 16 86
16 86 16 86
42 52 42 6 37 52
1 84 1 37 59 89 5 6 16 87 30 44 84
39 37 39 65 43 52 77 89 5 6 31 64 53 88 36 37
64 52 64 53 84 89 5 6 88 36 59 48 52
62 25 62 33 49 72 87 30 48 52 64 53 88 36 37 77 89 5 6 31 68 25
49 64 49 6 71 82 67 72 88 36 37 51 59 64
40 77 40 68 74 57 72 87 30 34 59 89 5 6 77
1 48 1 78 79 88 36 50 82 67 72 87 30 48
56 32 56 82 67 72 87 30 32
51 48 51 59 48
58 55 58 68 74 57 48 52 71 82 67 72 88 36 37 55
39 80 39 6 16 35 64 82 67 72 88 36 59 89 5 52 80
23 83 23 37 48 88 36 59 64 82 67 72 87 30 34 75 80 81 83
15 72 15 22 43 52 71 82 67 72
11 48 11 59 48
8 75 8 9 20 39 76 33 49 6 88 36 50 82 67 72 87 30 48 75
1 32 1 2 9 53 88 36 59 64 71 82 67 72 87 30 32
28 79 28 68 74 57 82 67 72 87 30 44 55 84 89 5 6 77 79
8 20 8 9 20
22 20 22 43 17 20
77 47 77 79 84 89 5 64 82 67 72 47
35 81 35 39 76 33 51 80 81
38 32 38 65 43 87 30 32
1 52 1 2 23 55 58 68 25 38 65 43 52
76 53 76 33 78 79 88 36 59 89 5 64 53
62 25 62 33 49 6 77 79 84 89 5 52 64 53 88 36 59 48 75 82 67 72 87 30 44 55 58 68 25
22 83 22 31 68 25 38 43 87 30 48 88 36 50 82 67 72 47 80 81 83
78 61 78 79 84 89 5 6 31 56 82 67 72 88 36 37 49 76 33 61
8 41 8 41
19 58 19 69 33 78 79 84 89 5 64 71 82 67 72 87 30 44 55 58
49 36 49 69 76 33 62 72 47 75 88 36
7 71 7 14 37 76 33 78 79 84 89 5 52 71
58 36 58 75 88 36
2 83 2 82 67 72 47 80 81 83
65 78 65 43 44 55 58 77 89 5 64 82 67 72 87 30 48 88 36 37 49 76 33 78
18 37 18 59 64 53 88 36 37
13 55 13 74 57 78 79 88 36 37 77 89 5 72 87 30 44 55
69 89 69 76 33 78 79 84 89
40 52 40 78 79 84 89 5 72 47 75 88 36 37 59 48 52
42 6 42 6
65 89 65 43 44 84 89
89 73 89 5 88 36 37 72 47 75 82 67 73
23 66 23 66
59 44 59 64 53 88 36 37 51 44
6 52 6 37 77 89 5 75 88 36 59 48 52
27 32 27 79 88 36 59 64 71 82 67 72 87 30 32
87 72 87 30 48 52 64 53 88 36 37 59 89 5 6 71 82 67 72
14 53 14 25 79 88 36 50 82 67 72 87 30 48 52 64 53
22 61 22 31 68 69 76 33 61
87 72 87 30 44 84 89 5 88 36 50 82 67 72
40 36 40 78 79 88 36
21 5 21 42 6 77 79 88 36 50 82 67 72 87 30 34 59 89 5
39 67 39 65 43 17 20 88 36 50 82 67
58 53 58 67 72 88 36 37 77 89 5 64 53
87 79 87 30 44 79
89 48 89 5 75 88 36 59 48
15 73 15 23 49 76 33 53 84 89 5 64 82 67 73
18 72 18 20 45 77 79 88 36 50 82 67 72
15 75 15 23 66 77 79 88 36 37 72 47 75
2 6 2 25 62 33 53 88 36 37 48 52 77 89 5 6
20 83 20 88 36 59 64 53 80 81 83
57 47 57 78 79 88 36 59 48 75 82 67 72 47
8 57 8 41 57
28 79 28 77 89 5 79
2 6 2 33 78 79 88 36 59 48 75 82 67 72 87 30 44 84 89 5 6
1 47 1 2 23 66 77 79 88 36 50 82 67 72 47
15 89 15 26 45 77 89
40 72 40 78 79 88 36 50 82 67 72
11 25 11 68 25
42 81 42 51 44 79 88 36 81
49 73 49 72 47 75 82 67 73
4 5 4 30 44 79 88 36 59 89 5
34 71 34 48 88 36 59 89 5 52 64 71
19 75 19 69 33 62 72 47 75
57 75 57 78 79 88 36 59 64 82 67 72 87 30 34 75
1 80 1 89 5 64 71 82 67 72 47 75 88 36 37 59 48 52 80
23 73 23 66 78 79 84 89 5 52 71 82 67 73
39 48 39 87 30 34 48
14 37 14 37
38 17 38 43 17
18 84 18 59 64 53 88 36 50 82 67 72 87 30 34 79 84
9 81 9 53 80 81
42 83 42 51 80 81 83
22 6 22 43 44 55 58 77 89 5 6
78 86 78 79 88 36 50 82 67 72 86
69 44 69 33 51 59 64 53 84 89 5 79 88 36 37 48 75 82 67 72 87 30 44
11 41 11 41
8 30 8 41 49 69 76 33 51 67 72 87 30
31 36 31 64 53 84 89 5 88 36
49 53 49 76 33 62 72 88 36 59 64 53
39 44 39 65 43 44
74 61 74 57 63 53 84 89 5 52 64 71 82 67 72 87 30 44 55 58 68 25 62 33 49 6 16 61
39 37 39 76 33 51 44 84 89 5 75 88 36 37
62 36 62 72 88 36
56 57 56 74 57
16 36 16 29 48 88 36
37 47 37 59 64 53 84 89 5 79 88 36 50 82 67 72 47
22 78 22 78
11 41 11 41
8 52 8 16 29 48 52
89 83 89 5 88 36 59 64 71 82 67 72 87 30 34 48 75 80 81 83
2 53 2 25 63 53
65 71 65 43 44 79 84 89 5 52 71
69 52 69 76 33 78 79 84 89 5 52
16 79 16 87 30 34 48 52 64 71 82 67 72 88 36 59 89 5 79
39 43 39 65 43
89 81 89 5 64 71 82 67 72 47 80 81
3 5 3 64 82 67 72 87 30 44 84 89 5
11 78 11 68 74 57 78
27 71 27 44 84 89 5 64 71
15 79 15 26 28 68 25 84 89 5 64 71 82 67 72 47 75 88 36 37 51 59 48 52 77 79
6 48 6 71 82 67 72 87 30 48
57 55 57 78 79 88 36 37 55
35 75 35 64 53 88 36 37 49 72 47 75
40 81 40 78 79 84 89 5 75 82 67 72 47 80 81
70 80 70 82 67 72 47 80
68 84 68 69 76 33 49 6 16 35 39 87 30 44 79 84
2 78 2 78
41 53 41 63 53
56 58 56 78 79 84 89 5 72 87 30 44 55 58
46 79 46 37 55 84 89 5 79
18 73 18 22 43 87 30 48 75 82 67 73
9 45 9 20 45
57 67 57 78 79 88 36 59 64 82 67
85 57 85 88 36 37 59 48 75 82 67 72 87 30 44 55 58 68 74 57
2 20 2 9 20
38 89 38 89
18 5 18 22 34 75 88 36 37 52 71 82 67 72 87 30 44 55 58 77 89 5
64 50 64 53 84 89 5 6 71 82 67 72 87 30 44 79 88 36 50
87 86 87 30 48 88 36 59 64 71 82 67 72 86
2 57 2 78 79 84 89 5 75 88 36 50 82 67 72 87 30 44 55 58 68 74 57
82 81 82 67 72 47 75 80 81
27 79 27 17 70 82 67 72 87 30 48 88 36 59 89 5 79
68 30 68 74 57 48 88 36 59 89 5 52 71 82 67 72 87 30
65 61 65 43 52 71 82 67 72 87 30 34 79 84 89 5 64 53 88 36 37 49 76 33 61
23 44 23 37 51 44
63 52 63 53 84 89 5 79 88 36 59 48 52
49 83 49 76 33 53 88 36 59 48 75 82 67 72 87 30 44 55 58 77 79 83
8 6 8 40 78 79 84 89 5 6
28 59 28 37 52 64 71 82 67 72 87 30 48 75 88 36 59
65 53 65 43 44 84 89 5 79 88 36 50 82 67 72 87 30 34 59 64 53
41 79 41 70 82 67 72 88 36 37 55 84 89 5 79
41 79 41 57 78 79
7 50 7 29 48 52 77 89 5 88 36 50
42 47 42 6 37 55 58 75 82 67 72 47
39 34 39 87 30 34
11 43 11 41 63 65 43
2 58 2 23 37 55 58
39 5 39 87 30 44 55 58 77 89 5
39 80 39 58 67 72 88 36 37 49 6 31 43 52 80
28 82 28 41 57 48 52 77 79 84 89 5 75 82
31 17 31 43 17
58 79 58 75 88 36 37 52 77 79
69 64 69 33 78 79 84 89 5 75 88 36 59 64
21 32 21 42 62 33 51 44 79 88 36 50 82 67 72 87 30 32
2 43 2 25 38 43
42 83 42 6 31 56 64 71 82 67 72 87 30 48 88 36 59 89 5 52 80 81 83
7 73 7 57 82 67 73
37 5 37 52 64 53 88 36 59 89 5
8 52 8 9 71 82 67 72 88 36 37 59 89 5 52
76 86 76 33 78 79 88 36 59 89 5 52 71 82 67 72 86
62 81 62 33 53 80 81
49 16 49 72 88 36 37 76 33 53 84 89 5 6 16
28 37 28 35 59 48 75 82 67 72 88 36 37
64 32 64 71 82 67 72 87 30 32
85 58 85 88 36 50 82 67 72 87 30 44 55 58
8 20 8 9 20
14 58 14 37 55 58
28 34 28 35 39 6 37 59 64 71 82 67 72 87 30 34
89 53 89 5 64 53
72 83 72 88 36 50 60 81 83
77 86 77 79 84 89 5 72 86
62 77 62 33 53 84 89 5 52 77
21 72 21 42 51 59 89 5 88 36 37 49 72
19 73 19 69 33 62 72 87 30 48 52 71 82 67 73
23 75 23 37 52 64 82 67 72 47 75
8 32 8 62 33 78 79 84 89 5 88 36 59 64 82 67 72 87 30 32
8 72 8 41 76 33 53 84 89 5 64 71 82 67 72
27 48 27 88 36 59 48
38 61 38 65 43 44 79 88 36 37 76 33 61
74 33 74 57 78 79 84 89 5 88 36 50 82 67 72 87 30 44 55 58 68 25 33
14 32 14 28 35 39 76 33 51 59 89 5 52 71 82 67 72 87 30 32
6 61 6 16 61
69 59 69 76 33 51 44 79 88 36 37 77 89 5 72 87 30 34 59
76 86 76 33 49 72 86
46 64 46 37 72 88 36 59 89 5 6 31 43 52 64
8 36 8 62 33 51 67 72 88 36
15 82 15 23 55 84 89 5 79 88 36 59 48 52 71 82
27 75 27 78 79 84 89 5 75
42 44 42 6 77 89 5 72 88 36 37 49 76 33 51 44
46 47 46 37 77 89 5 88 36 50 82 67 72 47
28 48 28 64 53 84 89 5 88 36 59 48
27 83 27 78 79 83
82 48 82 67 72 47 75 88 36 59 64 53 84 89 5 6 16 29 48
69 89 69 76 33 53 88 36 59 89
1 78 1 78
68 79 68 69 33 62 72 47 75 88 36 59 89 5 79
18 82 18 41 76 33 62 72 47 75 88 36 50 82
46 33 46 37 49 69 33
58 84 58 77 79 84
57 50 57 48 75 88 36 50
11 73 11 59 64 53 88 36 50 82 67 73
28 43 28 68 74 57 63 65 43
39 37 39 58 77 79 88 36 37
85 82 85 88 36 50 82
8 67 8 62 33 53 84 89 5 52 64 71 82 67
68 50 68 25 82 67 72 88 36 50
14 60 14 25 84 89 5 52 77 79 88 36 50 60
11 86 11 88 36 50 82 67 72 87 30 44 79 84 89 5 52 64 86
21 64 21 42 6 31 68 69 33 49 72 88 36 59 89 5 64
57 52 57 63 53 84 89 5 64 82 67 72 88 36 59 48 52
19 16 19 69 33 78 79 84 89 5 6 16
8 78 8 40 78
85 78 85 27 78
22 78 22 31 68 69 76 33 78
68 32 68 25 79 88 36 59 48 52 77 89 5 64 71 82 67 72 87 30 32
62 82 62 72 87 30 34 75 82
87 82 87 30 48 75 82
3 48 3 37 77 79 84 89 5 88 36 50 82 67 72 87 30 34 48
28 81 28 87 30 34 59 48 52 71 82 67 72 47 80 81
31 77 31 64 53 88 36 59 89 5 6 37 52 77
18 58 18 76 33 53 84 89 5 88 36 50 82 67 72 87 30 44 55 58
25 32 25 63 65 43 44 79 88 36 37 52 77 89 5 6 16 29 48 75 82 67 72 87 30 32
18 63 18 41 63
85 86 85 27 78 79 88 36 59 48 75 82 67 72 87 30 34 86
6 32 6 16 35 59 48 88 36 50 82 67 72 87 30 32
1 53 1 51 59 48 52 71 82 67 72 88 36 37 49 76 33 53
64 48 64 53 88 36 59 48
57 71 57 63 65 43 17 70 82 67 72 87 30 48 75 88 36 37 77 89 5 52 64 71
74 55 74 57 48 75 82 67 72 88 36 37 55
87 5 87 30 44 79 88 36 37 59 89 5
35 63 35 64 71 82 67 72 87 30 44 55 58 68 74 57 63
64 53 64 53
40 57 40 68 74 57
18 33 18 76 33
6 55 6 31 64 82 67 72 87 30 44 55
69 6 69 76 33 49 6
56 47 56 74 57 72 47
22 80 22 31 56 74 57 82 67 72 88 36 37 76 33 53 80
41 48 41 63 53 88 36 37 55 84 89 5 6 16 29 48
38 34 38 43 17 78 79 84 89 5 72 87 30 34
46 5 46 37 55 84 89 5
42 80 42 6 75 80
58 5 58 75 88 36 59 64 71 82 67 72 87 30 48 52 77 79 84 89 5
68 58 68 69 76 33 53 88 36 37 77 79 84 89 5 75 82 67 72 87 30 44 55 58
63 67 63 53 88 36 59 64 82 67
18 51 18 59 64 82 67 72 47 75 88 36 37 76 33 51
46 37 46 37
26 47 26 42 6 37 51 59 48 75 88 36 50 82 67 72 47
21 59 21 42 51 67 72 88 36 37 59
3 83 3 64 71 82 67 72 87 30 48 75 88 36 50 60 81 83
74 58 74 57 48 52 64 82 67 72 87 30 34 75 88 36 37 51 44 55 58
9 84 9 20 45 64 82 67 72 87 30 34 59 48 52 77 89 5 6 37 55 84
68 6 68 69 33 49 6
18 60 18 76 33 53 88 36 50 60
1 37 1 51 59 64 82 67 72 88 36 37
8 79 8 40 78 79
87 52 87 30 48 52
89 44 89 5 88 36 50 82 67 72 87 30 44
76 84 76 33 53 84
31 48 31 68 25 35 59 48
14 88 14 28 77 79 88
8 29 8 16 29
69 33 69 76 33
70 80 70 82 67 72 47 80
39 30 39 6 16 35 64 71 82 67 72 87 30
41 32 41 57 63 53 84 89 5 52 71 82 67 72 87 30 32
15 71 15 30 48 52 71
21 67 21 26 88 36 50 82 67
76 59 76 33 78 79 84 89 5 75 82 67 72 87 30 34 59
28 53 28 64 53
49 78 49 76 33 78
49 79 49 6 37 72 87 30 44 84 89 5 79
41 61 41 50 82 67 72 47 75 88 36 37 49 76 33 61
69 77 69 76 33 49 6 77
11 36 11 41 49 69 76 33 78 79 88 36
7 67 7 29 48 75 88 36 50 82 67
77 17 77 89 5 75 88 36 50 82 67 72 87 30 44 55 58 68 25 63 65 43 17
39 52 39 6 71 82 67 72 47 75 88 36 59 89 5 52
68 43 68 25 38 43
46 60 46 37 59 48 75 82 67 72 88 36 50 60
56 67 56 64 71 82 67
30 32 30 32
6 48 6 71 82 67 72 87 30 48
56 72 56 64 53 88 36 50 82 67 72
9 55 9 20 55
8 51 8 16 35 39 58 75 88 36 37 49 76 33 51
4 73 4 74 57 48 88 36 50 82 67 73
19 29 19 82 67 72 88 36 59 64 53 84 89 5 6 16 29
13 44 13 74 57 63 53 84 89 5 79 88 36 59 64 82 67 72 87 30 44
82 75 82 67 72 88 36 37 51 44 55 58 68 74 57 63 53 84 89 5 6 75
28 41 28 41
2 17 2 82 67 72 47 75 88 36 37 55 58 68 74 57 48 52 77 89 5 6 31 43 17
22 81 22 78 79 88 36 81
1 64 1 7 14 42 51 44 84 89 5 75 88 36 59 48 52 64
22 89 22 34 48 52 71 82 67 72 88 36 59 64 53 84 89
18 6 18 22 31 64 53 84 89 5 6
87 37 87 30 48 88 36 37
14 29 14 25 40 68 74 57 78 79 84 89 5 6 16 29
6 32 6 88 36 59 64 71 82 67 72 87 30 32
40 81 40 68 25 79 88 36 37 52 64 82 67 72 47 75 80 81
18 67 18 59 64 71 82 67
6 47 6 88 36 59 89 5 75 82 67 72 47
76 82 76 33 51 67 82
6 71 6 77 89 5 64 71
77 53 77 89 5 64 53
16 79 16 35 64 53 88 36 59 89 5 75 82 67 72 87 30 34 79
33 47 33 62 72 47
8 67 8 28 87 30 44 79 84 89 5 72 47 75 88 36 59 64 82 67
57 83 57 63 53 80 81 83
11 86 11 59 48 75 88 36 37 51 44 79 84 89 5 72 86
56 50 56 64 53 88 36 50
68 30 68 69 76 33 78 79 84 89 5 6 16 87 30
42 78 42 6 31 56 74 57 78
41 55 41 70 82 67 72 47 75 88 36 37 55
56 78 56 78
35 37 35 39 58 68 25 79 88 36 37
88 79 88 36 59 64 53 84 89 5 79
78 84 78 79 84
65 51 65 43 52 77 89 5 75 88 36 37 51
22 55 22 31 64 53 84 89 5 6 16 29 48 52 77 79 88 36 37 49 72 87 30 44 55
37 84 37 55 84
62 82 62 33 78 79 88 36 50 82
21 84 21 42 6 16 29 48 88 36 59 64 82 67 72 87 30 44 79 84
41 71 41 70 82 67 72 47 75 88 36 37 55 58 77 79 84 89 5 64 71
2 5 2 9 71 82 67 72 87 30 44 55 84 89 5
64 5 64 71 82 67 72 47 75 88 36 37 49 76 33 78 79 84 89 5
69 72 69 76 33 78 79 84 89 5 72
68 60 68 25 63 65 43 17 20 45 50 60
62 51 62 33 51
7 53 7 89 5 6 88 36 59 64 53
78 5 78 79 88 36 59 89 5
22 47 22 31 64 53 88 36 50 82 67 72 47
78 36 78 79 88 36
51 5 51 59 48 88 36 37 77 79 84 89 5
1 33 1 49 6 77 89 5 75 88 36 37 76 33
40 67 40 78 79 84 89 5 52 71 82 67
4 44 4 25 33 62 72 87 30 44
8 70 8 28 41 70
13 53 13 74 57 72 47 75 88 36 59 89 5 64 53
39 80 39 58 75 88 36 37 51 80
62 33 62 33
14 25 14 25
69 59 69 33 62 72 88 36 59
89 32 89 5 79 88 36 37 55 58 75 82 67 72 87 30 32
78 17 78 79 88 36 59 89 5 75 82 67 72 87 30 44 55 58 68 25 85 27 17
4 80 4 49 6 31 56 78 79 88 36 37 76 33 51 44 84 89 5 64 82 67 72 87 30 48 75 80
69 30 69 76 33 62 72 87 30
51 55 51 44 55
72 50 72 87 30 44 79 84 89 5 88 36 50
85 77 85 88 36 37 77
85 59 85 88 36 37 59
77 32 77 79 84 89 5 72 87 30 32
14 77 14 37 59 64 71 82 67 72 87 30 48 52 77
9 55 9 20 39 76 33 53 88 36 37 55
39 36 39 87 30 34 79 88 36
49 16 49 69 76 33 62 72 87 30 44 84 89 5 6 16
30 73 30 34 48 88 36 59 64 71 82 67 73
30 75 30 44 55 58 77 89 5 75
38 61 38 43 87 30 44 55 58 67 72 88 36 37 76 33 61
19 57 19 43 52 71 82 67 72 47 75 88 36 59 64 53 84 89 5 6 31 56 74 57
21 5 21 58 77 89 5
58 52 58 77 79 88 36 37 52
77 44 77 79 88 36 59 64 82 67 72 87 30 44
6 71 6 37 48 52 71
68 88 68 25 40 78 79 88
56 73 56 64 53 84 89 5 72 87 30 44 55 58 67 73
85 30 85 27 78 79 88 36 50 82 67 72 87 30
35 48 35 59 48
88 32 88 36 37 51 67 72 87 30 32
59 71 59 48 88 36 37 52 77 79 84 89 5 6 71
26 44 26 42 62 33 51 59 89 5 6 75 88 36 50 82 67 72 87 30 44
56 36 56 82 67 72 47 75 88 36
74 67 74 57 78 79 84 89 5 6 16 29 48 75 82 67
19 63 19 56 74 57 63
85 27 85 27
27 5 27 79 88 36 37 51 44 84 89 5
19 75 19 38 65 43 17 20 55 58 75
7 47 7 29 48 75 82 67 72 47
18 47 18 76 33 78 79 88 36 59 48 52 64 71 82 67 72 47
35 52 35 39 65 43 44 55 58 75 88 36 37 52
1 81 1 49 76 33 78 79 88 36 81
15 83 15 30 44 79 84 89 5 52 80 81 83
68 80 68 74 57 72 87 30 44 84 89 5 75 80
16 32 16 87 30 32
31 73 31 43 52 77 79 88 36 59 48 75 82 67 73
57 75 57 48 75
46 30 46 37 59 48 75 88 36 50 82 67 72 87 30
39 36 39 65 43 87 30 34 59 64 71 82 67 72 88 36
46 55 46 37 77 79 84 89 5 75 88 36 50 82 67 72 87 30 44 55
2 83 2 23 37 48 88 36 50 82 67 72 47 75 80 81 83
70 86 70 82 67 72 88 36 59 64 86
38 89 38 65 43 52 64 53 84 89
7 83 7 62 72 88 36 59 48 52 77 79 84 89 5 64 53 80 81 83
68 52 68 74 57 63 53 88 36 37 52
49 64 49 69 76 33 53 84 89 5 52 64
22 60 22 31 43 52 64 82 67 72 87 30 44 84 89 5 79 88 36 50 60
33 32 33 53 84 89 5 88 36 59 48 52 64 71 82 67 72 87 30 32
20 53 20 88 36 37 48 52 77 79 84 89 5 6 31 43 44 55 58 75 82 67 72 87 30 34 59 64 53
42 33 42 62 33
56 78 56 78
68 48 68 69 33 78 79 84 89 5 52 64 71 82 67 72 47 75 88 36 59 48
74 78 74 57 78
78 44 78 79 88 36 37 59 48 52 64 53 84 89 5 72 87 30 44
69 75 69 33 51 44 55 67 72 47 75
4 59 4 23 37 77 79 88 36 59
7 32 7 14 59 64 82 67 72 87 30 32
63 45 63 65 43 17 20 45
62 44 62 33 51 44
38 58 38 65 43 17 33 78 79 84 89 5 88 36 59 64 71 82 67 72 87 30 44 55 58
78 83 78 79 83
70 55 70 82 67 72 88 36 59 64 53 84 89 5 6 16 35 39 76 33 51 44 55
15 75 15 22 31 68 25 62 33 78 79 84 89 5 64 53 88 36 59 48 75
63 80 63 65 43 87 30 48 52 64 82 67 72 47 75 80
22 83 22 31 43 52 80 81 83
18 75 18 20 56 82 67 72 87 30 48 75
39 83 39 76 33 53 84 89 5 52 64 71 82 67 72 87 30 34 75 80 81 83
65 79 65 43 44 79
22 67 22 78 79 88 36 59 48 52 64 71 82 67
15 50 15 23 37 59 64 82 67 72 87 30 34 48 88 36 50
19 47 19 38 43 17 78 79 88 36 59 48 75 82 67 72 47
25 67 25 35 39 65 43 52 71 82 67
42 81 42 51 59 64 71 82 67 72 87 30 48 52 77 89 5 88 36 81
15 48 15 23 37 48
51 81 51 80 81
20 75 20 39 6 71 82 67 72 47 75
74 36 74 57 82 67 72 47 75 88 36
19 33 19 69 33
27 86 27 17 70 82 67 72 88 36 37 49 69 76 33 51 86
63 44 63 65 43 44
37 50 37 49 76 33 62 72 88 36 50
18 20 18 20
40 80 40 78 79 84 89 5 52 64 53 80
38 36 38 43 44 84 89 5 52 64 82 67 72 47 75 88 36
4 32 4 30 32
35 60 35 59 89 5 75 88 36 50 60
59 80 59 64 53 84 89 5 75 80
49 47 49 76 33 78 79 88 36 37 48 75 82 67 72 47
85 25 85 88 36 37 52 77 79 84 89 5 75 82 67 72 87 30 44 55 58 68 25
58 84 58 75 88 36 59 64 53 84
78 44 78 79 88 36 59 89 5 75 82 67 72 87 30 44
88 71 88 36 50 82 67 72 87 30 48 52 77 89 5 6 16 35 59 64 71
4 70 4 70
42 47 42 6 71 82 67 72 47
14 6 14 28 70 82 67 72 87 30 34 48 52 77 89 5 6
4 53 4 49 76 33 53
62 47 62 72 47
58 79 58 75 88 36 59 64 71 82 67 72 87 30 44 79
57 17 57 63 65 43 17
3 6 3 37 49 76 33 51 44 79 84 89 5 6
38 83 38 65 43 17 20 56 82 67 72 88 36 50 60 81 83
49 25 49 6 31 68 25
25 67 25 85 27 88 36 50 82 67
1 82 1 7 57 63 53 88 36 37 59 48 75 82
78 50 78 79 88 36 50
42 58 42 51 67 72 87 30 44 55 58
25 5 25 40 68 69 76 33 53 84 89 5
43 55 43 87 30 48 88 36 37 76 33 51 44 55
27 75 27 17 20 40 78 79 84 89 5 6 31 64 71 82 67 72 47 75
87 32 87 30 32
4 48 4 74 57 48
62 6 62 72 47 75 88 36 37 76 33 49 6
22 34 22 34
87 86 87 30 48 52 77 89 5 72 88 36 59 64 86
70 44 70 82 67 72 87 30 44
8 48 8 16 29 48
64 67 64 82 67
20 55 20 55
25 81 25 85 27 78 79 88 36 50 82 67 72 47 80 81
42 5 42 62 33 51 59 48 52 71 82 67 72 87 30 44 84 89 5
7 84 7 43 17 78 79 84
65 60 65 43 17 20 55 84 89 5 72 88 36 50 60
11 33 11 41 49 76 33
39 57 39 58 68 74 57
69 50 69 33 53 88 36 50
26 67 26 45 50 82 67
37 52 37 52
4 84 4 30 48 75 88 36 37 49 76 33 78 79 84
56 6 56 82 67 72 87 30 34 59 64 53 88 36 37 51 44 79 84 89 5 6
88 81 88 36 50 60 81
3 80 3 37 48 52 77 79 84 89 5 64 82 67 72 47 80
64 84 64 71 82 67 72 87 30 44 84
49 72 49 6 71 82 67 72
1 67 1 7 89 5 6 77 79 88 36 37 49 72 87 30 48 75 82 67
62 61 62 33 61
46 50 46 37 76 33 51 59 64 71 82 67 72 87 30 48 52 77 89 5 75 88 36 50
89 84 89 5 72 87 30 44 79 84
31 82 31 68 74 57 82
19 52 19 56 64 82 67 72 87 30 44 55 58 68 69 33 51 59 48 88 36 37 52
38 83 38 65 43 44 79 84 89 5 6 37 72 47 75 80 81 83
4 73 4 82 67 73
56 86 56 64 82 67 72 87 30 44 79 88 36 59 48 52 77 89 5 6 16 86
38 84 38 65 43 87 30 44 84
28 48 28 37 48
6 83 6 71 82 67 72 88 36 50 60 81 83
18 45 18 20 45
38 5 38 89 5
85 81 85 88 36 50 60 81
56 84 56 64 53 84
76 52 76 33 53 84 89 5 52
39 79 39 87 30 34 79
41 81 41 57 63 65 43 52 71 82 67 72 88 36 37 48 75 80 81
76 71 76 33 51 44 79 84 89 5 6 71
28 37 28 64 82 67 72 87 30 34 59 89 5 6 37
42 17 42 6 31 68 25 85 27 17
39 33 39 76 33
39 64 39 65 43 52 64
64 79 64 82 67 72 87 30 34 48 52 77 79
77 36 77 79 84 89 5 64 53 88 36
38 17 38 43 17
4 77 4 30 44 84 89 5 64 53 88 36 59 48 52 77
60 83 60 81 83
21 43 21 58 75 88 36 59 89 5 6 31 43
38 78 38 43 44 55 58 68 25 40 78
69 89 69 76 33 53 88 36 59 48 75 82 67 72 87 30 34 79 84 89
68 89 68 25 40 89
43 71 43 52 71
31 72 31 56 74 57 72
40 33 40 68 25 33
56 59 56 82 67 72 87 30 44 55 58 68 25 79 84 89 5 88 36 37 59
37 53 37 49 76 33 53
57 32 57 63 65 43 52 77 89 5 79 88 36 50 82 67 72 87 30 32
3 86 3 64 71 82 67 72 86
4 52 4 82 67 72 87 30 48 52
31 84 31 56 82 67 72 47 75 88 36 37 76 33 53 84
11 37 11 59 64 82 67 72 88 36 37
64 52 64 82 67 72 47 75 88 36 59 48 52
82 52 82 67 72 88 36 37 77 79 84 89 5 52
30 53 30 34 59 64 53
85 79 85 27 79
2 43 2 9 20 40 68 25 38 65 43
28 81 28 70 82 67 72 87 30 48 88 36 81
3 89 3 64 53 84 89
30 84 30 44 55 84
28 78 28 77 79 84 89 5 6 37 76 33 78
20 67 20 55 67
31 61 31 68 69 76 33 61
18 73 18 20 45 77 89 5 72 88 36 50 82 67 73
46 32 46 37 52 64 71 82 67 72 87 30 32
40 17 40 68 25 38 65 43 17
82 86 82 67 72 86
78 53 78 79 84 89 5 64 53
4 67 4 74 57 82 67
65 17 65 43 17
11 63 11 68 74 57 63
69 57 69 76 33 53 84 89 5 64 82 67 72 87 30 48 88 36 37 55 58 68 74 57
33 83 33 49 72 87 30 34 48 52 77 89 5 75 88 36 50 60 81 83
33 48 33 78 79 88 36 50 82 67 72 87 30 44 84 89 5 6 37 48
16 17 16 35 39 65 43 17
58 44 58 77 79 88 36 50 82 67 72 87 30 44
4 52 4 30 48 52
69 75 69 33 49 6 75
18 77 18 41 63 65 43 17 58 77
4 79 4 49 76 33 53 88 36 59 89 5 72 87 30 34 79
1 84 1 13 68 74 57 63 65 43 52 71 82 67 72 87 30 34 59 64 53 88 36 37 76 33 78 79 84
51 86 51 86
26 75 26 88 36 37 48 52 71 82 67 72 87 30 44 55 58 75
56 86 56 64 86
46 64 46 37 48 52 71 82 67 72 87 30 44 84 89 5 75 88 36 59 64
22 53 22 43 52 64 53
35 82 35 64 71 82
28 63 28 41 63
57 44 57 48 88 36 50 82 67 72 87 30 44
40 48 40 89 5 75 88 36 59 48
76 79 76 33 51 59 48 88 36 37 77 79
38 80 38 43 52 64 53 84 89 5 88 36 37 55 58 68 69 33 62 72 47 80
34 17 34 75 82 67 72 88 36 37 52 64 53 84 89 5 6 31 43 17
11 16 11 59 64 82 67 72 88 36 37 76 33 49 6 16
72 29 72 88 36 37 77 89 5 6 16 29
65 5 65 43 17 78 79 84 89 5
57 86 57 48 88 36 50 82 67 72 86
14 71 14 25 40 68 69 76 33 49 72 88 36 59 64 71
68 47 68 25 85 88 36 59 64 53 84 89 5 75 82 67 72 47
7 86 7 29 48 75 82 67 72 87 30 34 86
23 50 23 49 6 31 43 52 77 79 88 36 50
65 73 65 43 52 77 89 5 88 36 50 82 67 73
15 53 15 30 34 48 52 64 53
39 50 39 6 75 88 36 50
89 67 89 5 64 71 82 67
6 83 6 31 56 78 79 84 89 5 64 53 88 36 59 48 52 71 82 67 72 87 30 34 75 80 81 83
49 55 49 69 76 33 78 79 84 89 5 6 16 29 48 75 82 67 72 87 30 44 55
46 30 46 37 48 88 36 50 82 67 72 87 30
42 81 42 51 59 89 5 72 88 36 81
8 60 8 62 33 53 84 89 5 6 88 36 50 60
25 47 25 38 43 87 30 44 79 84 89 5 88 36 50 82 67 72 47
78 75 78 79 84 89 5 6 75
87 71 87 30 48 52 71
41 83 41 76 33 49 6 37 77 79 83
37 53 37 55 58 77 79 84 89 5 6 75 88 36 59 48 52 64 53
14 89 14 34 75 82 67 72 87 30 44 55 58 68 69 33 53 88 36 59 89
70 86 70 82 67 72 87 30 34 86
85 30 85 88 36 50 82 67 72 87 30
59 75 59 89 5 79 88 36 37 72 47 75
16 84 16 87 30 34 79 84
21 37 21 58 67 72 88 36 37
88 71 88 36 59 64 71
30 50 30 34 79 88 36 50
56 67 56 82 67
78 44 78 79 84 89 5 72 87 30 44
33 47 33 51 44 79 84 89 5 88 36 50 82 67 72 47
31 37 31 43 44 84 89 5 79 88 36 37
14 16 14 42 6 16
33 73 33 53 88 36 37 49 72 47 75 82 67 73
3 78 3 82 67 72 87 30 34 79 88 36 37 76 33 78
27 53 27 44 79 84 89 5 64 53
4 5 4 49 76 33 51 44 84 89 5
74 88 74 57 48 52 64 71 82 67 72 87 30 44 84 89 5 75 88
41 73 41 57 48 75 82 67 73
76 88 76 33 62 72 47 75 88
19 83 19 43 44 84 89 5 88 36 59 48 52 64 53 80 81 83
15 44 15 23 37 52 77 89 5 64 71 82 67 72 87 30 44
46 59 46 37 59
68 75 68 25 40 78 79 88 36 59 64 82 67 72 47 75
8 78 8 62 33 78
14 72 14 42 6 31 43 44 79 84 89 5 72
40 73 40 68 74 57 48 75 88 36 50 82 67 73
42 80 42 6 31 43 52 77 89 5 79 88 36 37 72 47 80
15 67 15 26 45 77 89 5 79 88 36 59 64 82 67
23 36 23 37 55 84 89 5 75 88 36
43 73 43 44 79 88 36 59 64 82 67 73
11 51 11 68 69 76 33 51
14 5 14 37 76 33 53 84 89 5
89 81 89 5 75 82 67 72 47 80 81
68 71 68 69 76 33 51 44 79 88 36 37 48 52 64 71
35 72 35 39 65 43 17 20 55 58 67 72
38 16 38 89 5 6 16
57 61 57 72 88 36 37 76 33 49 6 16 61
8 48 8 40 68 25 35 39 58 77 79 88 36 37 48
56 55 56 64 71 82 67 72 88 36 37 55
21 81 21 42 62 72 47 75 80 81
72 81 72 87 30 44 79 88 36 50 60 81
74 36 74 57 63 53 88 36
46 78 46 37 76 33 78
77 32 77 79 88 36 37 52 64 82 67 72 87 30 32
49 5 49 76 33 53 84 89 5
28 84 28 35 64 82 67 72 87 30 44 84
43 86 43 87 30 34 48 52 64 86
85 79 85 27 78 79
31 75 31 56 82 67 72 47 75
33 48 33 51 59 48
19 80 19 56 82 67 72 47 80
18 51 18 76 33 51
78 52 78 79 88 36 59 89 5 75 82 67 72 87 30 34 48 52
2 78 2 56 78
21 51 21 51
15 43 15 22 43
63 71 63 53 84 89 5 72 87 30 44 79 88 36 37 51 59 64 71
39 59 39 6 31 56 74 57 72 88 36 59
2 64 2 33 62 72 88 36 37 59 89 5 64
42 16 42 51 67 72 47 75 88 36 59 89 5 6 16
58 52 58 67 72 87 30 48 52
22 60 22 34 75 82 67 72 88 36 50 60
87 44 87 30 44
22 43 22 43
40 60 40 68 74 57 48 52 64 71 82 67 72 87 30 34 59 89 5 79 88 36 50 60
70 50 70 82 67 72 87 30 44 84 89 5 79 88 36 50
65 45 65 43 17 20 45
58 32 58 75 88 36 50 82 67 72 87 30 32
13 61 13 84 89 5 72 88 36 37 49 69 76 33 61
74 60 74 57 82 67 72 87 30 48 88 36 50 60
49 81 49 6 37 76 33 51 44 84 89 5 79 88 36 50 60 81
82 52 82 67 72 87 30 34 59 89 5 52
76 33 76 33
59 84 59 89 5 75 88 36 37 48 52 71 82 67 72 87 30 44 84
58 50 58 68 69 76 33 62 72 88 36 50
4 33 4 74 57 82 67 72 87 30 48 52 77 79 88 36 37 49 76 33
6 81 6 77 89 5 64 53 80 81
38 16 38 43 17 78 79 88 36 37 76 33 49 6 16
7 79 7 64 71 82 67 72 87 30 48 52 77 79
69 5 69 33 51 44 84 89 5
19 82 19 43 17 70 82
39 48 39 6 77 79 84 89 5 75 82 67 72 87 30 48
46 71 46 37 76 33 78 79 88 36 50 82 67 72 87 30 48 52 64 71
62 59 62 72 87 30 34 59
65 58 65 43 44 55 58
27 55 27 44 84 89 5 6 37 55
43 81 43 17 33 51 44 84 89 5 79 88 36 37 59 64 53 80 81
49 34 49 76 33 51 44 79 84 89 5 75 82 67 72 87 30 34
22 43 22 31 43
38 89 38 43 52 77 79 84 89
46 17 46 37 52 64 82 67 72 87 30 44 55 58 77 79 84 89 5 6 31 43 17
22 82 22 78 79 88 36 50 82
87 58 87 30 44 55 58
85 45 85 27 17 20 45
40 59 40 78 79 88 36 59
77 67 77 79 88 36 50 82 67
57 5 57 82 67 72 88 36 37 77 89 5
56 43 56 74 57 63 65 43
6 55 6 31 68 25 82 67 72 47 75 88 36 37 55
22 80 22 31 56 74 57 48 75 80
15 33 15 23 55 58 75 88 36 59 48 52 77 89 5 6 37 76 33
38 73 38 43 87 30 34 59 64 82 67 73
22 17 22 43 17
41 79 41 49 69 33 78 79
7 29 7 29
2 72 2 33 53 84 89 5 64 82 67 72
68 79 68 69 76 33 53 88 36 37 77 89 5 79
56 86 56 74 57 82 67 72 86
2 78 2 56 78
49 37 49 69 76 33 51 59 64 71 82 67 72 88 36 37
18 61 18 59 64 82 67 72 88 36 37 77 79 84 89 5 6 16 61
37 73 37 77 79 88 36 59 48 75 82 67 73
40 75 40 78 79 88 36 37 49 69 33 53 84 89 5 72 87 30 48 75
57 36 57 63 65 43 52 71 82 67 72 88 36
35 45 35 39 65 43 17 20 45
14 64 14 59 89 5 64
59 32 59 89 5 52 64 53 88 36 37 55 58 68 74 57 63 65 43 87 30 32
49 63 49 6 77 79 84 89 5 75 82 67 72 87 30 44 55 58 68 25 63
41 48 41 49 6 16 87 30 48
1 53 1 2 33 62 72 88 36 59 89 5 64 53
62 16 62 33 53 84 89 5 6 16
4 70 4 70
2 63 2 56 74 57 63
65 59 65 43 52 71 82 67 72 87 30 48 88 36 59
62 59 62 72 87 30 48 88 36 59
31 67 31 64 82 67
56 78 56 78
28 80 28 41 63 53 80
69 32 69 76 33 78 79 88 36 50 82 67 72 87 30 32
42 51 42 51
30 53 30 48 75 88 36 59 64 53
37 5 37 48 52 77 89 5
62 84 62 33 53 84
87 60 87 30 48 88 36 50 60
15 43 15 22 43
77 47 77 89 5 79 88 36 50 82 67 72 47
8 89 8 40 78 79 88 36 59 64 53 84 89
11 47 11 88 36 50 82 67 72 47
89 67 89 5 64 71 82 67
85 80 85 27 44 79 88 36 37 51 59 48 75 82 67 72 47 80
77 81 77 79 88 36 81
20 55 20 55
68 43 68 74 57 48 52 71 82 67 72 88 36 59 89 5 6 31 43
51 48 51 59 48
33 50 33 49 6 16 29 48 75 82 67 72 88 36 50
64 32 64 82 67 72 87 30 32
42 5 42 6 31 56 64 53 88 36 59 48 52 77 79 84 89 5
59 83 59 64 82 67 72 47 75 80 81 83
15 48 15 23 66 78 79 88 36 59 64 82 67 72 87 30 34 48
19 52 19 62 33 51 59 48 75 88 36 37 49 72 87 30 34 79 84 89 5 52
3 88 3 82 67 72 88
63 32 63 65 43 44 79 84 89 5 6 71 82 67 72 87 30 32
87 88 87 30 44 55 58 67 72 47 75 88
19 60 19 82 67 72 87 30 48 88 36 50 60
65 16 65 43 52 64 53 88 36 59 48 75 82 67 72 87 30 44 84 89 5 6 16
85 43 85 88 36 37 59 64 53 84 89 5 6 16 29 48 75 82 67 72 87 30 44 55 58 68 25 38 43
19 6 19 82 67 72 47 75 88 36 37 59 48 52 77 79 84 89 5 6
18 80 18 20 39 65 43 52 71 82 67 72 88 36 37 55 58 75 80
1 51 1 13 84 89 5 72 47 75 88 36 37 49 76 33 51
33 44 33 51 44
16 36 16 29 48 88 36
76 58 76 33 62 72 87 30 44 55 58
42 51 42 6 16 29 48 75 88 36 37 51
78 47 78 79 88 36 50 82 67 72 47
34 47 34 59 48 75 88 36 37 51 44 55 84 89 5 72 47
69 71 69 33 49 72 87 30 34 79 88 36 59 64 71
1 7 1 7
49 72 49 6 88 36 37 48 52 71 82 67 72
22 48 22 43 52 77 89 5 64 82 67 72 88 36 37 48
21 88 21 26 28 64 71 82 67 72 88
34 86 34 86
35 60 35 39 65 43 87 30 48 75 88 36 50 60
74 72 74 57 63 53 88 36 50 82 67 72
14 78 14 25 40 78
7 71 7 14 34 79 84 89 5 64 71
65 52 65 43 17 78 79 84 89 5 6 71 82 67 72 87 30 34 75 88 36 37 59 48 52
4 86 4 82 67 72 86
21 79 21 26 45 77 79
26 52 26 88 36 50 82 67 72 87 30 34 59 48 52
26 67 26 28 41 63 53 84 89 5 6 77 79 88 36 50 82 67
21 82 21 42 51 59 89 5 52 71 82
26 79 26 45 77 79
89 32 89 5 64 82 67 72 87 30 32
62 59 62 33 51 59
7 53 7 64 71 82 67 72 88 36 37 76 33 53
4 88 4 49 6 31 64 53 88
77 55 77 89 5 6 31 56 64 71 82 67 72 87 30 34 59 48 88 36 37 55
11 52 11 88 36 59 48 52
43 67 43 44 55 67
64 81 64 53 84 89 5 6 77 79 88 36 81
30 47 30 44 84 89 5 52 64 82 67 72 47
85 77 85 88 36 37 49 69 76 33 62 72 87 30 48 52 77
72 48 72 87 30 34 48
31 77 31 64 82 67 72 47 75 88 36 37 77
88 5 88 36 37 59 48 52 77 89 5
6 48 6 77 89 5 64 71 82 67 72 47 75 88 36 59 48
76 36 76 33 53 84 89 5 88 36
49 20 49 6 31 43 17 20
88 55 88 36 50 82 67 72 87 30 44 55
13 29 13 29
63 71 63 65 43 17 78 79 84 89 5 6 31 64 71
21 52 21 26 42 62 33 51 44 79 84 89 5 88 36 59 48 52
11 82 11 59 64 53 88 36 37 48 75 82
64 73 64 82 67 73
33 79 33 78 79
42 48 42 62 33 51 59 48
7 50 7 62 33 53 88 36 50
35 88 35 59 64 53 88
40 36 40 68 25 84 89 5 79 88 36
15 82 15 22 34 59 64 71 82
65 44 65 43 44
2 81 2 78 79 84 89 5 64 82 67 72 47 75 80 81
31 25 31 43 17 70 82 67 72 47 75 88 36 37 55 58 68 25
56 6 56 78 79 88 36 50 82 67 72 87 30 44 84 89 5 6
51 48 51 59 89 5 88 36 37 76 33 62 72 87 30 48
1 34 1 7 29 48 75 88 36 50 82 67 72 87 30 34
6 32 6 31 64 71 82 67 72 87 30 32
38 82 38 89 5 75 82
3 52 3 64 82 67 72 47 75 88 36 37 55 84 89 5 52
72 36 72 88 36
18 55 18 20 55
4 81 4 30 44 55 67 72 88 36 59 89 5 52 80 81
56 25 56 78 79 84 89 5 75 88 36 59 64 71 82 67 72 87 30 44 55 58 68 25
21 73 21 42 6 16 29 48 52 71 82 67 73
87 77 87 30 44 79 88 36 59 89 5 52 77
1 59 1 39 6 31 68 69 33 51 59
88 47 88 36 37 52 64 82 67 72 47
37 29 37 52 71 82 67 72 47 75 88 36 59 89 5 6 16 29
28 6 28 64 82 67 72 88 36 59 48 52 77 79 84 89 5 6
16 81 16 29 48 75 80 81
88 53 88 36 59 89 5 52 64 53
64 75 64 71 82 67 72 47 75
4 60 4 82 67 72 88 36 50 60
57 53 57 63 53
15 61 15 23 49 69 33 61
85 84 85 27 79 84
22 55 22 43 44 55
58 84 58 77 79 88 36 37 59 48 75 82 67 72 87 30 44 55 84
4 79 4 49 76 33 51 44 55 84 89 5 79
51 36 51 59 48 52 71 82 67 72 47 75 88 36
4 83 4 82 67 72 47 75 88 36 50 60 81 83
15 48 15 23 66 77 89 5 52 71 82 67 72 87 30 48
64 81 64 71 82 67 72 87 30 44 55 84 89 5 52 77 79 88 36 50 60 81
87 53 87 30 48 52 71 82 67 72 88 36 59 64 53
58 86 58 77 79 84 89 5 6 16 29 48 88 36 59 64 71 82 67 72 86
87 81 87 30 48 75 88 36 59 64 82 67 72 47 80 81
38 83 38 43 17 58 77 89 5 6 31 56 78 79 88 36 50 82 67 72 47 80 81 83
13 52 13 28 64 82 67 72 87 30 34 59 89 5 6 37 52
70 71 70 82 67 72 47 75 88 36 59 48 52 71
37 81 37 77 79 88 36 59 64 53 80 81
56 37 56 64 53 88 36 37
1 89 1 13 29 48 52 64 53 84 89
40 86 40 78 79 84 89 5 64 86
30 73 30 48 75 88 36 37 59 64 71 82 67 73
49 71 49 76 33 51 67 72 47 75 88 36 59 64 53 84 89 5 52 71
18 78 18 22 78
68 72 68 25 85 27 88 36 37 49 76 33 62 72
7 80 7 14 42 6 37 48 88 36 59 89 5 64 71 82 67 72 87 30 34 75 80
74 16 74 57 48 75 88 36 37 59 64 82 67 72 87 30 34 79 84 89 5 6 16
69 55 69 76 33 78 79 88 36 37 52 71 82 67 72 87 30 44 55
87 79 87 30 44 79
40 17 40 78 79 88 36 59 64 53 84 89 5 6 75 82 67 72 87 30 44 55 58 68 74 57 63 65 43 17
21 77 21 51 44 79 88 36 37 77
20 5 20 45 64 53 84 89 5
74 59 74 57 63 65 43 17 70 82 67 72 47 75 88 36 37 51 59
1 36 1 2 33 62 72 87 30 48 88 36
85 72 85 88 36 59 64 71 82 67 72
43 81 43 87 30 44 84 89 5 79 88 36 37 48 75 80 81
8 47 8 16 87 30 48 52 77 79 88 36 50 82 67 72 47
43 45 43 17 20 45
28 89 28 82 67 72 47 75 88 36 37 77 89
20 73 20 73
38 84 38 43 52 77 89 5 79 84
63 75 63 65 43 52 77 79 84 89 5 88 36 59 48 75
22 79 22 43 17 70 82 67 72 87 30 44 79
4 33 4 70 82 67 72 47 75 88 36 37 76 33
21 6 21 42 6
74 84 74 57 48 52 77 79 84
39 77 39 58 77
49 32 49 72 87 30 32
1 55 1 37 48 52 77 89 5 6 16 87 30 44 55
35 6 35 39 6
11 84 11 59 89 5 72 87 30 34 79 84
23 44 23 55 84 89 5 79 88 36 59 64 71 82 67 72 87 30 44
69 78 69 76 33 78
19 88 19 77 79 84 89 5 88
74 29 74 57 78 79 84 89 5 75 88 36 59 48 52 71 82 67 72 87 30 44 55 58 68 25 35 39 6 16 29
4 78 4 23 66 78
28 75 28 70 82 67 72 87 30 48 75
40 51 40 89 5 75 88 36 37 51
9 86 9 53 88 36 37 59 48 75 82 67 72 86
57 61 57 63 65 43 87 30 34 75 88 36 37 49 6 16 61
1 52 1 2 56 78 79 88 36 59 89 5 52
34 84 34 75 82 67 72 87 30 44 79 88 36 37 76 33 53 84
39 89 39 76 33 49 6 88 36 59 64 82 67 72 87 30 44 84 89
42 72 42 62 33 78 79 88 36 59 48 75 82 67 72
7 44 7 14 28 87 30 44
69 51 69 33 51
16 44 16 87 30 48 52 71 82 67 72 47 75 88 36 59 89 5 6 37 49 76 33 51 44
19 59 19 62 72 88 36 37 49 69 33 51 59
87 36 87 30 34 75 82 67 72 88 36
15 77 15 30 48 88 36 37 77
2 80 2 23 49 76 33 53 80
27 61 27 44 79 84 89 5 6 16 61
46 60 46 37 76 33 51 59 89 5 79 88 36 50 60
77 55 77 79 84 89 5 6 37 72 87 30 44 55
46 79 46 37 59 64 71 82 67 72 87 30 48 52 77 79
20 44 20 56 64 82 67 72 88 36 37 51 44
4 36 4 82 67 72 47 75 88 36
65 78 65 43 17 33 78
35 33 35 64 53 88 36 37 49 69 76 33
69 43 69 76 33 53 84 89 5 75 82 67 72 87 30 44 55 58 68 25 38 65 43
16 52 16 87 30 48 52
16 55 16 29 48 52 64 82 67 72 47 75 88 36 37 55
30 50 30 48 88 36 50
31 37 31 68 69 76 33 62 72 87 30 48 75 88 36 37
56 51 56 82 67 72 87 30 34 79 88 36 59 48 52 64 53 84 89 5 6 16 35 39 76 33 51
34 36 34 79 84 89 5 88 36
58 86 58 75 82 67 72 86
4 77 4 74 57 63 65 43 87 30 34 79 88 36 37 52 77
30 71 30 34 79 84 89 5 88 36 37 59 64 71
13 32 13 20 55 84 89 5 52 77 79 88 36 59 48 75 82 67 72 87 30 32
19 51 19 43 17 70 82 67 72 88 36 37 51
15 33 15 23 49 76 33
16 84 16 87 30 44 55 84
89 52 89 5 64 53 88 36 37 76 33 51 59 48 52
46 61 46 37 76 33 61
18 89 18 76 33 78 79 88 36 37 48 52 77 89
26 48 26 28 70 82 67 72 88 36 59 48
6 75 6 37 77 89 5 75
1 72 1 7 29 48 75 82 67 72
8 47 8 62 72 47
68 78 68 74 57 78
60 83 60 81 83
39 58 39 87 30 44 55 58
46 78 46 37 49 76 33 78
43 50 43 52 64 71 82 67 72 88 36 50
59 50 59 89 5 88 36 50
88 44 88 36 59 48 52 77 79 84 89 5 6 71 82 67 72 87 30 44
7 47 7 64 71 82 67 72 47
7 47 7 43 87 30 48 88 36 59 89 5 6 75 82 67 72 47
62 47 62 33 53 84 89 5 64 71 82 67 72 47
85 36 85 27 88 36
8 70 8 41 70
8 48 8 28 41 49 69 33 62 72 47 75 88 36 59 48
89 84 89 5 72 87 30 44 55 84
69 50 69 33 53 88 36 50
57 36 57 48 88 36
35 47 35 39 6 88 36 37 49 69 76 33 53 84 89 5 72 47
89 61 89 5 88 36 37 49 76 33 61
28 63 28 41 63
18 43 18 22 31 43
19 88 19 43 52 64 71 82 67 72 47 75 88
42 50 42 51 67 72 47 75 88 36 50
11 61 11 41 50 82 67 72 47 75 88 36 37 77 89 5 6 16 61
39 43 39 65 43
1 47 1 2 25 84 89 5 6 71 82 67 72 47
1 52 1 37 59 48 52
35 5 35 59 48 75 82 67 72 87 30 34 79 88 36 37 55 84 89 5
69 43 69 33 51 67 72 87 30 48 75 88 36 37 77 79 84 89 5 6 31 43
74 48 74 57 48
65 82 65 43 44 79 88 36 37 48 52 77 89 5 75 82
15 59 15 22 34 59
40 44 40 68 69 76 33 62 72 87 30 44
13 55 13 20 55
37 73 37 72 47 75 82 67 73
18 80 18 76 33 78 79 84 89 5 72 47 80
11 80 11 68 25 63 65 43 17 58 77 89 5 6 75 80
65 80 65 43 87 30 34 75 88 36 59 64 71 82 67 72 47 80
26 32 26 88 36 37 52 71 82 67 72 87 30 32
42 73 42 62 72 87 30 44 55 58 75 82 67 73
21 25 21 58 68 25
37 71 37 49 69 76 33 53 84 89 5 88 36 59 48 52 71
18 34 18 22 34
62 89 62 72 87 30 48 88 36 59 89
85 60 85 88 36 50 60
37 75 37 51 44 55 84 89 5 75
28 51 28 68 69 76 33 51
49 82 49 6 31 56 78 79 84 89 5 75 82
63 48 63 65 43 52 71 82 67 72 88 36 59 48
68 48 68 74 57 63 65 43 87 30 48
18 51 18 41 49 76 33 51
38 53 38 65 43 52 77 79 88 36 59 64 53
37 50 37 48 88 36 50
8 47 8 28 68 25 62 33 53 88 36 50 82 67 72 47
31 71 31 68 74 57 63 53 84 89 5 52 64 71
8 80 8 9 71 82 67 72 88 36 37 52 77 89 5 75 80
14 37 14 25 38 43 44 84 89 5 72 47 75 88 36 37
30 75 30 48 88 36 50 82 67 72 47 75
21 55 21 26 28 87 30 44 55
37 80 37 52 64 53 84 89 5 6 75 80
33 5 33 62 72 47 75 88 36 59 89 5
21 84 21 51 44 84
18 78 18 22 78
3 44 3 38 43 44
4 34 4 30 34
42 79 42 51 67 72 87 30 34 79
70 79 70 82 67 72 47 75 88 36 37 49 76 33 78 79
77 71 77 79 84 89 5 52 71
74 60 74 57 78 79 88 36 50 60
78 55 78 79 88 36 59 48 52 64 53 84 89 5 72 87 30 44 55
38 59 38 65 43 87 30 44 55 58 75 88 36 59
78 81 78 79 88 36 59 48 52 77 89 5 72 47 80 81
9 17 9 71 82 67 72 47 75 88 36 59 48 52 64 53 84 89 5 6 31 43 17
49 53 49 69 76 33 53
49 34 49 72 87 30 34
37 5 37 49 6 71 82 67 72 47 75 88 36 59 64 53 84 89 5
43 83 43 17 33 53 88 36 37 59 48 52 71 82 67 72 87 30 44 84 89 5 6 77 79 83
68 59 68 69 76 33 78 79 84 89 5 88 36 37 51 59
13 81 13 26 28 64 82 67 72 88 36 59 89 5 6 75 80 81
56 34 56 82 67 72 87 30 34
21 33 21 42 6 31 56 82 67 72 88 36 37 49 69 33
20 32 20 55 58 75 88 36 37 72 87 30 32
85 32 85 88 36 50 82 67 72 87 30 32
15 71 15 23 37 77 79 88 36 50 82 67 72 87 30 48 52 64 71
11 83 11 41 70 81 83
68 48 68 25 85 27 79 84 89 5 75 82 67 72 88 36 59 48
31 32 31 64 82 67 72 87 30 32
49 67 49 69 33 62 72 87 30 34 79 84 89 5 64 71 82 67
87 77 87 30 48 88 36 59 89 5 52 77
42 71 42 51 59 64 71
65 60 65 43 17 58 68 74 57 82 67 72 47 75 88 36 50 60
26 44 26 88 36 50 82 67 72 87 30 44
39 57 39 87 30 44 55 58 68 74 57
39 34 39 58 67 72 87 30 34
43 79 43 87 30 44 84 89 5 79
11 78 11 68 74 57 78
68 88 68 74 57 82 67 72 88
9 53 9 20 39 65 43 52 77 79 84 89 5 64 53
87 61 87 30 44 79 84 89 5 75 82 67 72 88 36 37 49 69 33 61
25 75 25 63 65 43 52 64 82 67 72 87 30 44 55 58 68 69 33 53 84 89 5 79 88 36 37 59 48 75
35 78 35 64 53 88 36 59 48 52 77 79 84 89 5 6 37 49 72 87 30 44 55 58 68 69 76 33 78
74 29 74 57 63 65 43 87 30 44 79 84 89 5 6 16 29
19 82 19 82
78 5 78 79 84 89 5
25 52 25 62 33 53 84 89 5 88 36 59 64 71 82 67 72 87 30 48 52
58 53 58 67 72 88 36 37 52 64 53
65 71 65 43 52 71
15 70 15 23 66 78 79 88 36 37 48 75 82 67 72 87 30 44 55 84 89 5 6 31 68 74 57 63 65 43 17 70
14 47 14 28 82 67 72 47
23 55 23 55
15 30 15 30
23 67 23 49 69 33 51 67
57 36 57 48 52 71 82 67 72 47 75 88 36
35 89 35 59 89
69 63 69 76 33 53 84 89 5 52 64 82 67 72 87 30 48 75 88 36 37 55 58 68 74 57 63
13 80 13 26 42 6 16 87 30 44 84 89 5 75 82 67 72 88 36 59 48 52 80
4 60 4 82 67 72 47 75 88 36 50 60
9 75 9 71 82 67 72 47 75
18 72 18 76 33 78 79 84 89 5 6 37 49 72
3 57 3 9 20 40 68 74 57
46 75 46 37 77 89 5 52 64 82 67 72 87 30 34 75
63 29 63 53 88 36 59 48 75 82 67 72 87 30 44 84 89 5 6 16 29
65 53 65 43 52 64 53
21 16 21 26 42 6 16
35 6 35 59 89 5 6
11 84 11 59 89 5 79 84
89 52 89 5 52
70 73 70 82 67 73
72 5 72 88 36 37 51 44 79 84 89 5
56 52 56 74 57 48 75 82 67 72 88 36 59 89 5 52
14 47 14 34 48 88 36 59 64 82 67 72 47
43 32 43 87 30 32
8 37 8 40 78 79 84 89 5 6 71 82 67 72 88 36 37
62 34 62 72 87 30 34
19 82 19 43 17 70 82
19 72 19 69 33 62 72
88 80 88 36 59 48 75 80
74 75 74 57 48 75
87 73 87 30 48 52 71 82 67 73
87 6 87 30 48 75 82 67 72 88 36 37 76 33 53 84 89 5 6
2 47 2 33 51 59 64 53 84 89 5 79 88 36 37 48 52 71 82 67 72 47
76 89 76 33 53 84 89
65 48 65 43 52 77 89 5 72 87 30 48
88 55 88 36 37 52 77 79 84 89 5 6 71 82 67 72 87 30 44 55
21 5 21 58 68 69 76 33 62 72 87 30 44 84 89 5
25 17 25 85 27 17
1 75 1 13 20 56 82 67 72 47 75
43 17 43 17
7 47 7 57 63 53 84 89 5 72 47
42 34 42 6 31 56 82 67 72 87 30 34
31 80 31 64 53 80
1 66 1 2 23 66
34 50 34 59 89 5 79 88 36 50
30 83 30 34 79 83
69 67 69 76 33 49 72 47 75 82 67
77 71 77 89 5 75 88 36 37 59 48 52 64 71
8 33 8 41 76 33
76 60 76 33 78 79 84 89 5 6 71 82 67 72 88 36 50 60
76 89 76 33 51 59 89
37 52 37 52
42 33 42 62 33
14 78 14 34 79 88 36 59 48 52 64 53 84 89 5 6 31 56 78
59 48 59 48
40 77 40 78 79 84 89 5 52 71 82 67 72 87 30 44 55 58 77
13 83 13 20 39 6 37 52 64 82 67 72 88 36 59 48 75 80 81 83
43 45 43 17 20 45
6 80 6 77 89 5 88 36 50 82 67 72 47 75 80
11 60 11 41 63 65 43 52 77 79 84 89 5 6 75 88 36 50 60
70 47 70 82 67 72 47
11 59 11 41 70 82 67 72 87 30 34 59
49 47 49 69 76 33 53 88 36 37 52 77 79 84 89 5 72 47
1 9 1 2 9
34 55 34 59 64 53 84 89 5 88 36 37 55
1 34 1 7 57 48 52 77 89 5 75 88 36 59 64 71 82 67 72 87 30 34
74 60 74 57 82 67 72 88 36 50 60
88 55 88 36 59 89 5 6 31 43 44 55
20 71 20 45 64 71
49 37 49 6 16 29 48 75 88 36 37
34 32 34 59 89 5 75 88 36 37 72 87 30 32
49 59 49 69 33 53 84 89 5 75 82 67 72 87 30 44 79 88 36 59
8 61 8 16 61
23 55 23 55
13 73 13 68 25 40 78 79 84 89 5 52 64 71 82 67 73
62 86 62 33 51 67 72 87 30 48 88 36 59 64 86
1 59 1 78 79 88 36 59
49 53 49 69 33 53
39 47 39 65 43 87 30 44 84 89 5 79 88 36 59 64 82 67 72 47
46 59 46 37 49 72 88 36 59
88 83 88 36 59 64 53 84 89 5 75 82 67 72 47 80 81 83
14 84 14 34 59 89 5 64 53 84
40 52 40 89 5 52
56 59 56 82 67 72 87 30 34 59
13 32 13 74 57 82 67 72 87 30 32
31 82 31 68 25 79 84 89 5 64 71 82
63 81 63 53 88 36 37 52 80 81
89 80 89 5 75 82 67 72 47 80
41 55 41 76 33 53 84 89 5 52 77 79 88 36 50 82 67 72 87 30 44 55
3 81 3 82 67 72 87 30 48 75 80 81
63 47 63 53 84 89 5 79 88 36 50 82 67 72 47
46 55 46 37 77 79 88 36 59 89 5 72 87 30 44 55
30 61 30 34 59 48 52 64 82 67 72 47 75 88 36 37 51 44 55 84 89 5 6 16 61
1 70 1 13 26 28 70
2 33 2 25 62 72 47 75 88 36 37 76 33
87 80 87 30 44 79 88 36 50 82 67 72 47 75 80
56 88 56 64 82 67 72 88
19 20 19 38 65 43 17 20
27 61 27 44 55 84 89 5 64 53 88 36 37 76 33 61
40 89 40 78 79 84 89
37 36 37 55 58 75 82 67 72 87 30 34 79 88 36
70 71 70 82 67 72 88 36 37 51 44 84 89 5 64 71
14 82 14 28 37 59 89 5 88 36 50 82
51 71 51 44 84 89 5 64 71
31 67 31 56 74 57 72 47 75 88 36 37 49 76 33 78 79 84 89 5 64 71 82 67
3 73 3 20 39 65 43 87 30 34 59 48 88 36 37 52 64 53 84 89 5 72 47 75 82 67 73
87 75 87 30 44 79 84 89 5 52 64 82 67 72 47 75
25 52 25 85 88 36 50 82 67 72 87 30 34 79 84 89 5 52
39 43 39 65 43
9 81 9 71 82 67 72 88 36 37 59 48 52 80 81
38 53 38 65 43 17 20 39 76 33 53
62 61 62 33 61
20 67 20 40 89 5 88 36 59 48 75 82 67
82 79 82 67 72 87 30 44 84 89 5 79
13 79 13 74 57 72 87 30 44 79
46 34 46 37 55 67 72 87 30 34
56 30 56 64 71 82 67 72 87 30
38 17 38 65 43 17
2 61 2 33 61
58 79 58 68 25 79
39 86 39 58 77 79 84 89 5 6 71 82 67 72 86
22 86 22 78 79 88 36 37 48 75 82 67 72 87 30 34 86
41 44 41 76 33 62 72 87 30 44
70 50 70 82 67 72 47 75 88 36 50
85 29 85 88 36 37 48 52 64 82 67 72 87 30 44 79 84 89 5 6 16 29
30 73 30 34 48 75 82 67 73
85 63 85 27 44 55 58 68 74 57 63
78 29 78 79 88 36 50 82 67 72 87 30 44 84 89 5 6 16 29
19 43 19 38 65 43
42 55 42 62 72 87 30 44 55
9 84 9 20 88 36 37 52 71 82 67 72 87 30 44 79 84
13 61 13 20 40 68 74 57 72 87 30 44 84 89 5 6 16 61
85 67 85 88 36 59 89 5 64 71 82 67
82 83 82 67 72 88 36 37 77 89 5 64 53 80 81 83
62 81 62 33 49 6 77 89 5 72 47 80 81
40 61 40 68 69 33 61
87 60 87 30 44 55 84 89 5 52 64 82 67 72 47 75 88 36 50 60
49 51 49 76 33 51
63 84 63 65 43 17 70 82 67 72 87 30 34 79 88 36 37 51 59 48 52 77 89 5 64 53 84
7 47 7 89 5 72 47
6 48 6 37 52 71 82 67 72 87 30 48
40 25 40 68 25
70 50 70 82 67 72 47 75 88 36 50
21 36 21 58 77 79 88 36
3 58 3 20 55 58
14 72 14 59 89 5 88 36 50 82 67 72
78 55 78 79 88 36 37 51 44 55
34 47 34 75 88 36 37 76 33 51 59 64 53 84 89 5 72 47
20 50 20 40 68 25 82 67 72 87 30 34 79 84 89 5 88 36 50
65 79 65 43 17 78 79
49 80 49 69 76 33 78 79 88 36 50 82 67 72 87 30 48 75 80
85 6 85 88 36 59 48 52 77 89 5 6
9 84 9 53 84
82 5 82 67 72 87 30 48 75 88 36 59 64 53 84 89 5
6 36 6 77 79 88 36
65 45 65 43 17 20 45
2 48 2 33 51 67 72 87 30 48
68 48 68 25 63 65 43 87 30 34 48
35 36 35 39 6 75 82 67 72 88 36
1 32 1 39 58 75 88 36 50 82 67 72 87 30 32
19 83 19 43 44 84 89 5 52 64 82 67 72 88 36 37 77 79 83
40 82 40 78 79 88 36 59 48 75 82
16 36 16 35 64 71 82 67 72 87 30 34 75 88 36
3 59 3 20 39 87 30 34 59
49 55 49 6 88 36 37 48 75 82 67 72 87 30 44 55
77 36 77 89 5 64 82 67 72 47 75 88 36
27 55 27 44 55
20 53 20 39 65 43 17 70 82 67 72 88 36 59 48 52 64 53
21 77 21 58 68 74 57 48 52 77
1 77 1 89 5 6 37 77
87 29 87 30 44 84 89 5 6 16 29
22 86 22 78 79 88 36 59 48 52 77 89 5 6 31 64 86
4 25 4 25
7 61 7 14 42 62 33 61
1 47 1 78 79 84 89 5 6 37 52 71 82 67 72 47
9 29 9 71 82 67 72 88 36 37 49 6 16 29
22 53 22 31 68 74 57 48 75 82 67 72 87 30 44 55 84 89 5 88 36 59 64 53
65 47 65 43 44 55 67 72 47
76 5 76 33 51 44 55 67 72 88 36 37 52 77 79 84 89 5
88 55 88 36 37 48 52 71 82 67 72 87 30 44 55
11 75 11 88 36 50 82 67 72 47 75
56 37 56 82 67 72 47 75 88 36 37
31 67 31 68 74 57 72 88 36 50 82 67
34 75 34 75
8 82 8 16 35 39 58 68 74 57 72 87 30 44 84 89 5 79 88 36 59 48 75 82
78 81 78 79 88 36 81
68 27 68 25 85 27
35 79 35 39 87 30 34 79
72 84 72 87 30 44 84
14 86 14 59 48 75 82 67 72 87 30 34 79 84 89 5 6 86
63 79 63 65 43 17 33 53 84 89 5 79
22 16 22 34 59 89 5 6 16
41 48 41 50 82 67 72 88 36 37 59 48
13 84 13 29 48 88 36 50 82 67 72 87 30 44 79 84
38 47 38 43 17 58 77 89 5 88 36 50 82 67 72 47
58 5 58 67 72 47 75 88 36 37 48 52 77 79 84 89 5
40 84 40 89 5 79 84
31 5 31 68 25 63 65 43 52 64 53 84 89 5
74 84 74 57 82 67 72 88 36 37 77 79 84
65 51 65 43 17 78 79 84 89 5 88 36 37 49 76 33 51
23 36 23 37 59 64 53 88 36
7 48 7 57 78 79 88 36 59 48
16 17 16 29 48 52 77 79 88 36 59 64 71 82 67 72 87 30 44 55 58 68 74 57 63 65 43 17
14 89 14 28 41 63 53 84 89
2 80 2 78 79 84 89 5 52 64 53 88 36 59 48 75 80
77 50 77 89 5 52 71 82 67 72 47 75 88 36 50
28 84 28 77 79 88 36 37 52 64 53 84
87 44 87 30 44
56 77 56 74 57 82 67 72 87 30 48 75 88 36 37 55 58 77
21 16 21 51 59 64 71 82 67 72 47 75 88 36 37 76 33 53 84 89 5 6 16
22 84 22 43 52 77 79 84
8 78 8 40 78
62 78 62 33 78
78 67 78 79 88 36 37 76 33 51 44 55 67
82 55 82 67 72 88 36 37 55
51 52 51 44 79 84 89 5 6 75 88 36 50 82 67 72 87 30 48 52
1 9 1 2 9
68 34 68 25 62 72 87 30 34
8 75 8 40 78 79 84 89 5 75
68 32 68 25 35 39 6 31 64 53 84 89 5 72 87 30 32
62 50 62 72 87 30 44 84 89 5 79 88 36 50
76 73 76 33 62 72 47 75 82 67 73
1 25 1 2 25
76 5 76 33 51 59 64 71 82 67 72 87 30 48 52 77 89 5
9 83 9 62 72 88 36 37 77 79 83
76 48 76 33 62 72 87 30 48
74 47 74 57 82 67 72 47
15 77 15 26 42 6 88 36 37 76 33 51 44 84 89 5 52 77
69 83 69 76 33 53 80 81 83
88 84 88 36 37 59 48 52 71 82 67 72 87 30 44 79 84
46 58 46 37 76 33 51 44 79 88 36 59 64 53 84 89 5 6 31 43 17 58
8 30 8 41 57 78 79 84 89 5 88 36 59 64 71 82 67 72 87 30
8 30 8 16 87 30
68 51 68 69 76 33 51
78 79 78 79
58 29 58 75 88 36 37 52 71 82 67 72 87 30 44 84 89 5 6 16 29
22 34 22 34
46 75 46 37 49 69 33 51 67 72 47 75
4 43 4 25 38 65 43
49 78 49 69 33 78
3 6 3 82 67 72 88 36 37 49 6
19 44 19 43 44
49 20 49 76 33 78 79 88 36 59 64 71 82 67 72 87 30 48 52 77 89 5 6 16 35 39 65 43 17 20
11 81 11 59 64 71 82 67 72 87 30 34 79 88 36 50 60 81
23 80 23 66 77 89 5 88 36 50 82 67 72 47 80
39 51 39 76 33 51
37 86 37 72 87 30 44 79 84 89 5 64 86
76 16 76 33 78 79 88 36 59 64 53 84 89 5 6 16
70 47 70 82 67 72 47
35 73 35 59 64 82 67 73
40 53 40 78 79 88 36 59 64 53
82 36 82 67 72 47 75 88 36
21 81 21 58 75 88 36 50 60 81
58 47 58 77 89 5 79 88 36 37 52 71 82 67 72 47
39 79 39 65 43 87 30 34 79
11 50 11 88 36 50
56 55 56 64 71 82 67 72 87 30 44 55
58 47 58 67 72 47
40 37 40 78 79 88 36 37
49 44 49 6 75 88 36 37 48 52 64 53 84 89 5 72 87 30 44
82 81 82 67 72 47 75 88 36 50 60 81
4 5 4 25 85 88 36 59 48 52 77 79 84 89 5
31 16 31 56 82 67 72 88 36 37 48 52 77 79 84 89 5 6 16
18 45 18 20 45
39 34 39 65 43 87 30 34
56 89 56 82 67 72 47 75 88 36 37 77 79 84 89
13 67 13 26 28 35 64 71 82 67
40 6 40 89 5 6
87 82 87 30 44 84 89 5 72 47 75 88 36 37 55 67 82
22 70 22 43 17 70
11 80 11 59 89 5 72 47 80
51 50 51 59 64 71 82 67 72 87 30 44 55 58 68 69 76 33 49 6 75 88 36 50
46 17 46 37 48 52 77 79 88 36 50 82 67 72 87 30 44 55 84 89 5 6 31 43 17
51 48 51 59 89 5 72 87 30 44 79 88 36 37 48
19 6 19 77 89 5 6
63 86 63 53 88 36 50 82 67 72 86
82 75 82 67 72 47 75
3 47 3 37 76 33 49 72 47
82 83 82 67 72 88 36 59 48 52 80 81 83
9 75 9 20 45 64 82 67 72 47 75
15 72 15 30 44 79 84 89 5 75 82 67 72
21 80 21 42 6 77 79 84 89 5 52 80
33 84 33 78 79 88 36 59 89 5 64 53 84
65 64 65 43 17 58 68 74 57 63 53 88 36 50 82 67 72 87 30 48 52 64
87 86 87 30 48 52 71 82 67 72 86
74 75 74 57 78 79 88 36 50 82 67 72 47 75
69 30 69 33 51 44 55 84 89 5 6 16 87 30
11 82 11 59 48 52 71 82
3 81 3 37 77 79 84 89 5 88 36 50 60 81
69 17 69 76 33 62 72 88 36 37 52 77 79 84 89 5 6 31 68 25 85 27 17
35 51 35 59 48 52 71 82 67 72 88 36 37 49 69 33 51
30 44 30 44
62 6 62 33 78 79 84 89 5 75 88 36 37 49 6
27 32 27 17 20 56 74 57 48 88 36 50 82 67 72 87 30 32
39 71 39 87 30 34 48 75 82 67 72 88 36 59 64 71
3 82 3 38 43 44 84 89 5 79 88 36 50 82
23 50 23 55 67 72 88 36 50
18 43 18 20 56 74 57 63 65 43
4 48 4 25 35 59 48
40 72 40 89 5 72
3 50 3 9 20 56 82 67 72 88 36 50
62 86 62 33 78 79 84 89 5 72 86
46 60 46 37 48 52 77 89 5 6 16 87 30 34 79 88 36 50 60
76 59 76 33 62 72 87 30 48 52 77 79 84 89 5 88 36 59
1 86 1 39 87 30 44 79 84 89 5 64 86
38 34 38 65 43 17 78 79 84 89 5 72 87 30 34
14 50 14 28 82 67 72 47 75 88 36 50
22 37 22 31 43 44 79 88 36 37
85 71 85 27 78 79 84 89 5 52 64 71
14 5 14 28 77 89 5
11 50 11 59 64 71 82 67 72 88 36 50
28 84 28 64 71 82 67 72 87 30 44 84
72 50 72 87 30 44 55 84 89 5 88 36 50
14 48 14 42 51 44 84 89 5 79 88 36 50 82 67 72 87 30 48
4 16 4 49 6 16
7 67 7 43 17 78 79 88 36 50 82 67
41 5 41 63 53 88 36 37 52 77 79 84 89 5
21 26 21 26
72 67 72 87 30 34 79 88 36 50 82 67
46 88 46 37 49 69 76 33 53 84 89 5 52 64 71 82 67 72 88
9 55 9 20 45 64 71 82 67 72 47 75 88 36 37 51 44 55
15 58 15 23 55 58
88 53 88 36 37 76 33 49 6 31 64 53
20 55 20 55
57 48 57 63 65 43 87 30 44 55 84 89 5 52 64 82 67 72 88 36 59 48
40 61 40 89 5 79 88 36 37 49 76 33 61
39 32 39 65 43 17 32
70 36 70 82 67 72 88 36
3 30 3 9 20 88 36 37 77 79 84 89 5 6 31 43 52 64 82 67 72 87 30
19 60 19 43 87 30 44 84 89 5 6 16 35 59 48 88 36 50 60
46 78 46 37 76 33 78
87 30 87 30
46 30 46 37 55 58 67 72 87 30
11 70 11 41 70
34 80 34 48 52 71 82 67 72 87 30 44 79 84 89 5 75 80
85 77 85 27 88 36 37 77
6 61 6 16 61
39 44 39 65 43 44
77 44 77 89 5 79 88 36 37 59 64 82 67 72 87 30 44
1 34 1 51 59 48 88 36 50 82 67 72 87 30 34
77 86 77 79 84 89 5 88 36 50 82 67 72 86
65 48 65 43 44 55 84 89 5 64 71 82 67 72 87 30 48
74 17 74 57 63 65 43 17
56 44 56 78 79 88 36 59 89 5 6 16 35 39 87 30 44
56 30 56 78 79 84 89 5 88 36 59 48 75 82 67 72 87 30
62 36 62 72 87 30 48 88 36
3 5 3 9 20 40 78 79 84 89 5
85 20 85 88 36 59 64 82 67 72 87 30 48 52 77 89 5 6 31 43 17 20
23 79 23 37 77 79
3 50 3 64 82 67 72 47 75 88 36 50
23 53 23 66 77 79 84 89 5 64 53
65 77 65 43 52 64 71 82 67 72 87 30 48 75 88 36 37 77
69 50 69 33 53 88 36 50
70 81 70 81
70 73 70 82 67 73
14 57 14 25 35 39 58 68 74 57
87 25 87 30 34 59 64 82 67 72 47 75 88 36 37 52 77 79 84 89 5 6 31 43 44 55 58 68 25
85 61 85 27 17 33 61
42 79 42 51 59 89 5 6 77 79
15 47 15 23 37 52 71 82 67 72 47
74 47 74 57 78 79 88 36 59 89 5 72 47
2 9 2 9
85 17 85 27 17
56 6 56 64 53 88 36 37 49 6
65 72 65 43 52 71 82 67 72
59 84 59 64 82 67 72 88 36 37 51 44 79 84
4 60 4 82 67 72 87 30 48 75 88 36 50 60
33 44 33 62 72 87 30 44
59 81 59 48 88 36 81
68 50 68 25 79 88 36 50
2 6 2 56 78 79 84 89 5 6
87 71 87 30 44 84 89 5 64 71
9 53 9 71 82 67 72 88 36 37 52 64 53
69 37 69 33 53 84 89 5 88 36 37
82 32 82 67 72 87 30 32
21 50 21 26 88 36 50
2 77 2 33 51 44 55 84 89 5 72 87 30 48 75 88 36 37 77
11 79 11 41 57 78 79
13 61 13 29 48 52 71 82 67 72 47 75 88 36 37 59 64 53 84 89 5 6 16 61
3 63 3 82 67 72 87 30 44 79 84 89 5 6 16 35 39 58 68 74 57 63
40 77 40 68 69 33 49 72 87 30 34 79 88 36 59 89 5 52 77
39 53 39 65 43 17 78 79 88 36 59 64 53
85 71 85 27 78 79 84 89 5 6 71
31 71 31 68 69 76 33 78 79 84 89 5 6 71
89 50 89 5 6 31 64 82 67 72 88 36 50
18 44 18 22 34 48 75 88 36 59 89 5 6 71 82 67 72 87 30 44
76 5 76 33 78 79 84 89 5
76 30 76 33 78 79 88 36 50 82 67 72 87 30
20 86 20 39 65 43 17 78 79 88 36 50 82 67 72 86
76 59 76 33 51 44 84 89 5 88 36 59
88 44 88 36 50 82 67 72 87 30 44
39 43 39 65 43
89 53 89 5 64 53
56 81 56 78 79 88 36 81
8 44 8 9 20 40 68 74 57 48 52 71 82 67 72 87 30 44
31 50 31 43 52 71 82 67 72 47 75 88 36 50
85 48 85 88 36 59 48
39 16 39 6 16
2 83 2 25 62 33 51 67 72 87 30 44 84 89 5 88 36 37 77 79 83
59 52 59 48 52
21 57 21 42 6 31 68 74 57
1 77 1 89 5 52 77
74 52 74 57 48 52
68 27 68 25 85 27
8 58 8 16 35 39 58
74 32 74 57 82 67 72 87 30 32
15 88 15 30 34 59 89 5 72 88
31 81 31 68 74 57 48 75 80 81
65 73 65 43 17 70 82 67 73
31 33 31 43 17 33
51 36 51 59 48 75 82 67 72 88 36
28 30 28 77 79 88 36 50 82 67 72 87 30
74 6 74 57 78 79 84 89 5 88 36 59 48 75 82 67 72 87 30 44 55 58 68 69 76 33 49 6
11 64 11 68 25 62 72 47 75 88 36 59 64
26 50 26 45 50
58 55 58 77 79 88 36 59 48 52 64 71 82 67 72 87 30 44 55
35 6 35 39 65 43 44 55 84 89 5 6
39 51 39 6 88 36 37 51
18 30 18 20 56 82 67 72 87 30
40 32 40 78 79 88 36 50 82 67 72 87 30 44 84 89 5 6 31 68 25 38 65 43 17 32
3 73 3 30 48 52 77 89 5 6 37 55 58 68 69 76 33 49 72 88 36 50 82 67 73
4 86 4 25 84 89 5 75 88 36 59 48 52 71 82 67 72 86
51 50 51 59 48 88 36 50
51 67 51 59 89 5 64 82 67
3 86 3 9 53 88 36 50 82 67 72 86
57 81 57 78 79 84 89 5 64 53 88 36 59 48 52 71 82 67 72 87 30 44 55 58 75 80 81
23 36 23 66 77 79 84 89 5 6 88 36
25 73 25 84 89 5 72 87 30 48 52 64 71 82 67 73
74 5 74 57 72 88 36 37 52 77 89 5
76 52 76 33 78 79 84 89 5 52
15 61 15 22 34 75 82 67 72 88 36 59 64 53 84 89 5 6 16 61
2 30 2 78 79 84 89 5 88 36 59 48 52 71 82 67 72 87 30
72 55 72 87 30 44 55
21 43 21 42 6 31 43
15 50 15 26 88 36 50
42 61 42 62 33 61
28 41 28 41
4 43 4 25 63 65 43
15 41 15 26 28 41
64 81 64 53 88 36 50 82 67 72 87 30 44 79 84 89 5 52 80 81
27 32 27 44 84 89 5 79 88 36 59 64 82 67 72 87 30 32
40 61 40 68 69 76 33 61
39 59 39 6 16 29 48 88 36 37 59
46 73 46 37 48 88 36 59 64 71 82 67 73
89 84 89 5 75 88 36 37 51 59 64 71 82 67 72 87 30 34 48 52 77 79 84
41 17 41 63 65 43 17
28 73 28 68 25 38 43 44 55 84 89 5 64 82 67 73
87 5 87 30 44 55 67 72 47 75 88 36 37 59 89 5
43 52 43 52
3 16 3 64 71 82 67 72 88 36 37 51 59 89 5 6 16
20 52 20 39 6 88 36 59 64 71 82 67 72 87 30 34 48 52
18 50 18 20 88 36 50
59 44 59 48 52 77 89 5 64 82 67 72 47 75 88 36 37 51 44
31 53 31 64 53
35 71 35 39 6 71
20 86 20 45 77 89 5 75 82 67 72 86
41 75 41 57 78 79 88 36 59 48 75
46 79 46 37 48 52 77 79
49 32 49 72 87 30 32
25 5 25 82 67 72 87 30 48 75 88 36 37 55 84 89 5
87 48 87 30 48
39 83 39 58 68 69 76 33 53 80 81 83
56 5 56 78 79 84 89 5
18 88 18 22 34 48 75 88
21 29 21 58 68 69 33 49 6 16 29
40 52 40 78 79 88 36 37 77 89 5 52
39 34 39 87 30 34
82 80 82 67 72 47 75 80
14 36 14 25 38 89 5 88 36
13 84 13 28 70 82 67 72 87 30 34 79 84
33 5 33 78 79 84 89 5
19 67 19 56 78 79 84 89 5 52 64 71 82 67
70 32 70 82 67 72 87 30 32
89 47 89 5 75 82 67 72 47
15 16 15 26 42 6 16
3 80 3 37 72 47 75 80
35 5 35 39 76 33 49 72 47 75 88 36 37 59 89 5
87 58 87 30 44 55 58
59 55 59 64 71 82 67 72 87 30 48 52 77 79 84 89 5 75 88 36 37 51 44 55
11 34 11 88 36 50 82 67 72 87 30 34
85 36 85 88 36
64 44 64 53 88 36 37 49 72 87 30 44
23 47 23 37 49 76 33 53 88 36 59 89 5 6 71 82 67 72 47
28 61 28 77 89 5 6 16 61
1 78 1 2 78
41 44 41 76 33 78 79 88 36 37 49 72 87 30 44
18 77 18 20 88 36 37 77
59 5 59 64 71 82 67 72 88 36 37 49 6 77 79 84 89 5
78 73 78 79 88 36 37 48 75 82 67 73
62 47 62 33 78 79 84 89 5 6 71 82 67 72 47
65 60 65 43 17 60
82 75 82 67 72 47 75
13 36 13 29 48 75 82 67 72 88 36
15 66 15 23 66
58 50 58 68 25 79 88 36 50
43 61 43 44 84 89 5 6 16 61
87 33 87 30 34 59 89 5 6 16 35 64 71 82 67 72 47 75 88 36 37 49 76 33
8 89 8 28 41 57 48 88 36 59 64 53 84 89
31 84 31 68 74 57 63 53 84
35 72 35 59 89 5 64 53 88 36 50 82 67 72
70 79 70 82 67 72 87 30 48 75 88 36 59 64 53 84 89 5 52 77 79
37 55 37 55
70 84 70 82 67 72 87 30 44 55 84
76 78 76 33 78
28 34 28 87 30 34
57 79 57 82 67 72 47 75 88 36 37 55 58 77 89 5 79
62 84 62 33 53 88 36 59 89 5 72 87 30 44 84
14 37 14 37
14 84 14 25 35 39 6 16 29 48 52 64 82 67 72 87 30 34 59 89 5 79 84
35 83 35 39 76 33 53 80 81 83
85 48 85 88 36 59 48
42 79 42 6 37 51 44 79
62 81 62 72 47 80 81
27 53 27 79 88 36 50 82 67 72 87 30 34 59 48 52 77 89 5 6 31 56 64 53
22 78 22 43 17 78
56 88 56 64 82 67 72 47 75 88
57 55 57 78 79 88 36 37 55
65 78 65 43 17 58 68 25 35 64 53 84 89 5 6 31 56 78
85 88 85 88
8 77 8 16 87 30 44 55 58 77
59 83 59 64 71 82 67 72 87 30 44 79 88 36 50 60 81 83
82 79 82 67 72 87 30 44 79
74 82 74 57 48 75 82
88 50 88 36 50
59 44 59 64 71 82 67 72 87 30 34 75 88 36 37 55 58 68 69 76 33 51 44
49 81 49 72 88 36 50 60 81
69 48 69 76 33 62 72 87 30 48
40 86 40 78 79 84 89 5 72 47 75 88 36 59 64 86
13 32 13 26 45 64 53 84 89 5 6 16 87 30 32
85 53 85 88 36 59 64 53
46 50 46 37 72 87 30 44 84 89 5 79 88 36 50
88 36 88 36
69 61 69 76 33 61
41 86 41 57 48 52 71 82 67 72 86
57 73 57 63 53 88 36 37 55 67 73
41 81 41 76 33 78 79 84 89 5 64 71 82 67 72 88 36 37 52 80 81
30 67 30 48 75 82 67
11 61 11 68 69 33 61
85 53 85 88 36 50 82 67 72 87 30 44 79 84 89 5 6 16 35 64 53
89 36 89 5 72 88 36
21 48 21 26 45 64 71 82 67 72 87 30 48
68 44 68 74 57 82 67 72 87 30 44
3 80 3 82 67 72 47 75 80
82 86 82 67 72 86
28 17 28 68 74 57 63 65 43 17
38 80 38 89 5 72 47 80
42 73 42 51 44 84 89 5 6 77 79 88 36 50 82 67 73
57 71 57 63 65 43 17 58 75 88 36 59 89 5 72 87 30 34 48 52 71
40 44 40 68 25 84 89 5 64 71 82 67 72 87 30 44
8 72 8 9 62 72
28 57 28 41 57
68 73 68 25 63 53 88 36 59 48 75 82 67 73
11 37 11 88 36 37
72 75 72 87 30 34 75
31 60 31 43 52 71 82 67 72 47 75 88 36 50 60
30 79 30 48 88 36 37 76 33 78 79
74 58 74 57 78 79 84 89 5 64 71 82 67 72 87 30 34 59 48 75 88 36 37 55 58
11 32 11 88 36 50 82 67 72 87 30 32
26 75 26 45 50 82 67 72 47 75
6 44 6 31 68 69 76 33 51 44
37 61 37 76 33 61
22 36 22 31 64 82 67 72 47 75 88 36
70 84 70 82 67 72 88 36 37 52 77 79 84
18 17 18 22 31 43 17
14 81 14 25 62 72 88 36 81
46 75 46 37 48 75
28 77 28 70 82 67 72 47 75 88 36 37 77
21 82 21 42 62 33 51 44 79 88 36 50 82
8 58 8 28 35 39 87 30 44 55 58
28 80 28 68 69 33 53 80
62 55 62 72 88 36 37 55
21 6 21 42 6
62 64 62 72 47 75 88 36 37 77 79 84 89 5 64
87 67 87 30 34 79 84 89 5 64 82 67
87 6 87 30 34 59 89 5 6
8 59 8 16 29 48 75 88 36 59
7 84 7 43 87 30 34 59 64 53 84
2 50 2 82 67 72 88 36 50
2 78 2 56 78
27 75 27 17 70 82 67 72 47 75
21 73 21 51 44 79 84 89 5 72 87 30 34 48 52 71 82 67 73
49 82 49 76 33 53 88 36 50 82
22 78 22 78
59 5 59 64 82 67 72 87 30 48 88 36 37 77 89 5
46 36 46 37 76 33 62 72 47 75 88 36
19 75 19 56 82 67 72 47 75
64 29 64 82 67 72 47 75 88 36 59 89 5 6 16 29
85 80 85 88 36 50 82 67 72 87 30 48 75 80
11 37 11 59 48 52 71 82 67 72 88 36 37
22 33 22 43 17 78 79 88 36 37 49 69 76 33
27 32 27 17 32
26 5 26 28 87 30 34 75 88 36 37 77 89 5
8 79 8 41 76 33 51 59 89 5 79
33 55 33 62 72 88 36 37 55
82 67 82 67
18 53 18 59 89 5 6 71 82 67 72 88 36 37 52 64 53
2 53 2 25 38 89 5 52 71 82 67 72 88 36 59 64 53
3 75 3 9 71 82 67 72 47 75
11 88 11 68 74 57 78 79 88
40 47 40 68 25 38 89 5 88 36 50 82 67 72 47
3 58 3 27 17 58
65 81 65 43 44 55 84 89 5 88 36 59 48 75 82 67 72 47 80 81
51 86 51 86
31 63 31 68 25 63
28 53 28 70 82 67 72 88 36 37 59 64 53
49 36 49 69 76 33 53 84 89 5 79 88 36
35 80 35 59 64 82 67 72 87 30 48 75 80
27 79 27 17 78 79
15 33 15 22 31 68 25 33
89 5 89 5
78 75 78 79 84 89 5 72 87 30 48 75
4 80 4 25 40 68 74 57 48 75 80
72 47 72 47
13 80 13 67 72 47 80
76 30 76 33 49 72 87 30
35 75 35 64 53 84 89 5 52 71 82 67 72 47 75
21 72 21 51 59 64 82 67 72
68 67 68 74 57 63 65 43 17 70 82 67
31 47 31 64 71 82 67 72 47
42 17 42 62 33 78 79 88 36 59 48 52 64 82 67 72 87 30 44 55 84 89 5 6 16 35 39 65 43 17
49 30 49 76 33 78 79 88 36 37 72 87 30
76 71 76 33 78 79 84 89 5 52 64 71
15 89 15 26 45 50 82 67 72 87 30 34 75 88 36 37 59 48 52 64 53 84 89
74 6 74 57 48 52 71 82 67 72 87 30 44 55 58 75 88 36 37 77 89 5 6
87 51 87 30 48 88 36 37 51
28 60 28 82 67 72 47 75 88 36 50 60
62 32 62 72 87 30 32
19 48 19 77 79 88 36 50 82 67 72 87 30 48
27 55 27 44 55
18 55 18 20 55
18 43 18 22 31 43
46 47 46 37 76 33 62 72 47
35 58 35 39 58
7 52 7 29 48 52
7 79 7 43 44 84 89 5 52 77 79
14 32 14 28 35 39 87 30 32
23 86 23 49 76 33 53 84 89 5 52 64 86
49 16 49 6 16
69 78 69 33 78
42 67 42 62 72 47 75 82 67
62 83 62 33 53 84 89 5 64 82 67 72 87 30 34 48 52 77 79 83
56 5 56 78 79 84 89 5
2 50 2 33 51 59 48 52 77 79 84 89 5 72 87 30 34 75 88 36 50
49 73 49 72 87 30 34 59 64 82 67 73
22 72 22 31 43 44 79 88 36 50 82 67 72
35 32 35 59 64 71 82 67 72 87 30 32
59 75 59 64 82 67 72 47 75
21 37 21 51 59 48 88 36 37
69 47 69 33 49 6 16 35 39 65 43 87 30 34 48 88 36 59 64 53 84 89 5 75 82 67 72 47
56 79 56 78 79
23 32 23 32
51 73 51 59 48 88 36 50 82 67 73
58 36 58 68 69 33 51 44 79 88 36
41 71 41 70 82 67 72 88 36 37 48 52 77 89 5 6 71
3 60 3 38 43 52 77 79 84 89 5 72 47 75 88 36 50 60
18 78 18 76 33 78
1 6 1 49 6
16 50 16 29 48 52 71 82 67 72 87 30 44 84 89 5 79 88 36 50
15 41 15 26 28 41
14 25 14 25
19 55 19 38 65 43 87 30 44 55
56 29 56 64 71 82 67 72 47 75 88 36 59 48 52 77 89 5 6 16 29
69 51 69 76 33 51
11 32 11 68 74 57 82 67 72 87 30 32
37 44 37 59 48 75 82 67 72 87 30 44
49 53 49 76 33 53
30 50 30 44 55 67 72 47 75 88 36 50
38 5 38 43 87 30 44 84 89 5
70 80 70 82 67 72 87 30 48 75 88 36 59 89 5 64 53 80
28 17 28 35 64 82 67 72 47 75 88 36 59 48 52 77 89 5 6 31 43 17
41 48 41 49 76 33 51 44 55 58 75 82 67 72 87 30 48
22 82 22 31 64 71 82
46 58 46 37 51 44 55 58
21 47 21 58 77 79 88 36 59 89 5 6 75 82 67 72 47
41 79 41 49 76 33 53 84 89 5 88 36 37 51 67 72 87 30 44 55 58 77 79
22 73 22 34 48 75 88 36 50 82 67 73
21 89 21 58 75 88 36 50 82 67 72 87 30 48 52 77 89
3 58 3 20 40 78 79 84 89 5 75 88 36 50 82 67 72 87 30 44 55 58
38 60 38 65 43 17 78 79 88 36 50 60
40 67 40 78 79 84 89 5 88 36 37 52 71 82 67
68 29 68 69 33 49 6 16 29
56 58 56 64 53 84 89 5 6 77 79 88 36 37 76 33 51 44 55 58
82 44 82 67 72 88 36 37 51 59 89 5 6 16 87 30 44
21 30 21 26 45 64 82 67 72 87 30
82 80 82 67 72 88 36 59 64 53 80
38 44 38 89 5 75 88 36 50 82 67 72 87 30 44
14 55 14 25 40 78 79 84 89 5 6 71 82 67 72 87 30 44 55
4 44 4 82 67 72 87 30 44
8 20 8 9 20
56 57 56 74 57
22 80 22 34 75 80
35 45 35 39 6 31 43 17 20 45
39 30 39 6 16 35 59 48 52 71 82 67 72 87 30
15 48 15 30 34 48
20 45 20 45
76 64 76 33 51 44 79 88 36 59 89 5 64
39 82 39 76 33 62 72 88 36 50 82
38 60 38 65 43 17 60
11 50 11 68 74 57 82 67 72 87 30 44 55 84 89 5 79 88 36 50
2 17 2 9 71 82 67 72 87 30 34 75 88 36 59 48 52 64 53 84 89 5 6 31 56 74 57 63 65 43 17
8 82 8 62 33 53 84 89 5 75 82
76 71 76 33 51 59 48 88 36 50 82 67 72 87 30 44 79 84 89 5 64 71
2 75 2 78 79 88 36 59 48 75
2 57 2 56 74 57
28 37 28 37
40 67 40 89 5 75 82 67
46 83 46 37 72 47 75 88 36 81 83
88 48 88 36 37 48
4 55 4 25 35 64 71 82 67 72 88 36 37 52 77 89 5 6 16 87 30 44 55
77 84 77 79 84
11 89 11 68 74 57 48 88 36 37 77 79 84 89
4 36 4 82 67 72 47 75 88 36
15 89 15 26 28 87 30 44 84 89
42 82 42 51 59 89 5 72 87 30 44 55 58 75 88 36 50 82
33 83 33 51 80 81 83
18 61 18 41 57 63 65 43 17 20 40 68 69 76 33 61
6 36 6 75 82 67 72 87 30 48 52 77 79 88 36
49 55 49 76 33 78 79 88 36 37 51 59 64 71 82 67 72 87 30 44 55
74 71 74 57 82 67 72 47 75 88 36 59 48 52 71
49 73 49 69 76 33 62 72 87 30 48 75 82 67 73
33 32 33 53 84 89 5 52 64 71 82 67 72 87 30 32
23 86 23 66 78 79 84 89 5 64 71 82 67 72 86
74 75 74 57 72 87 30 48 75
40 25 40 68 25
87 78 87 30 34 75 82 67 72 88 36 37 52 64 53 84 89 5 6 31 43 44 55 58 68 69 76 33 78
28 81 28 41 57 82 67 72 88 36 50 60 81
9 73 9 20 73
85 20 85 27 17 20
43 67 43 52 71 82 67
8 36 8 41 57 78 79 88 36
49 25 49 69 33 53 84 89 5 79 88 36 59 48 52 71 82 67 72 87 30 44 55 58 68 25
65 71 65 43 52 71
19 89 19 77 79 84 89
87 67 87 30 44 79 84 89 5 88 36 50 82 67
15 27 15 23 49 69 33 51 44 55 58 68 25 85 27
63 84 63 65 43 17 78 79 84
2 45 2 9 20 45
59 47 59 64 82 67 72 47
26 47 26 45 50 82 67 72 47
42 51 42 51
35 29 35 39 76 33 51 67 72 87 30 44 55 84 89 5 6 16 29
49 81 49 76 33 62 72 87 30 34 59 64 53 80 81
38 77 38 43 44 79 88 36 59 64 53 84 89 5 75 82 67 72 87 30 34 48 52 77
38 51 38 43 17 58 75 88 36 37 51
18 75 18 22 31 64 53 84 89 5 79 88 36 50 82 67 72 47 75
37 79 37 76 33 51 44 79
22 86 22 34 86
74 75 74 57 48 88 36 37 76 33 78 79 84 89 5 64 82 67 72 47 75
26 75 26 28 87 30 44 79 88 36 59 64 82 67 72 47 75
13 83 13 84 89 5 64 53 80 81 83
42 33 42 62 33
31 36 31 43 44 84 89 5 72 47 75 88 36
3 55 3 30 34 59 89 5 64 82 67 72 88 36 37 55
62 52 62 72 87 30 34 79 88 36 59 89 5 52
74 73 74 57 78 79 84 89 5 75 88 36 50 82 67 73
46 78 46 37 76 33 78
25 67 25 33 51 59 64 71 82 67
78 36 78 79 84 89 5 52 64 53 88 36
69 51 69 76 33 51
58 83 58 77 89 5 79 83
82 67 82 67
1 63 1 13 68 74 57 63
58 48 58 68 25 63 53 84 89 5 6 77 79 88 36 37 48
11 80 11 41 49 76 33 78 79 84 89 5 64 53 80
2 82 2 33 78 79 88 36 50 82
82 50 82 67 72 88 36 50
65 55 65 43 87 30 44 55
22 89 22 31 64 71 82 67 72 47 75 88 36 59 89
57 44 57 78 79 84 89 5 6 31 43 87 30 44
42 33 42 6 88 36 37 49 69 76 33
40 30 40 78 79 84 89 5 88 36 50 82 67 72 87 30
39 86 39 6 37 72 86
78 81 78 79 84 89 5 88 36 37 52 64 71 82 67 72 87 30 34 48 75 80 81
72 71 72 88 36 59 48 52 77 79 84 89 5 6 71
63 75 63 53 88 36 50 82 67 72 47 75
68 53 68 74 57 82 67 72 88 36 59 64 53
69 16 69 76 33 51 59 48 75 88 36 37 49 6 16
19 82 19 38 43 87 30 44 84 89 5 72 47 75 82
82 83 82 67 72 47 80 81 83
19 89 19 56 74 57 48 52 64 53 88 36 50 82 67 72 87 30 34 79 84 89
40 50 40 78 79 88 36 50
49 36 49 72 87 30 48 88 36
78 83 78 79 83
46 50 46 37 59 48 52 71 82 67 72 87 30 34 75 88 36 50
4 66 4 23 66
7 83 7 29 48 52 64 53 88 36 50 60 81 83
35 43 35 59 64 71 82 67 72 87 30 44 55 58 77 89 5 6 31 43
40 64 40 78 79 84 89 5 64
2 16 2 9 71 82 67 72 47 75 88 36 59 48 52 64 53 84 89 5 6 16
33 81 33 78 79 84 89 5 72 47 75 88 36 81
30 86 30 34 86
3 29 3 30 44 79 88 36 37 48 52 64 53 84 89 5 6 16 29
64 17 64 71 82 67 72 47 75 88 36 59 48 52 77 79 84 89 5 6 31 43 17
19 6 19 43 87 30 34 79 88 36 59 64 53 84 89 5 6
76 78 76 33 78
38 37 38 89 5 64 71 82 67 72 47 75 88 36 37
89 84 89 5 52 64 71 82 67 72 47 75 88 36 37 55 84
2 23 2 23
62 88 62 33 53 88
4 47 4 49 69 33 62 72 47
20 29 20 39 6 16 29
26 73 26 73
65 51 65 43 17 33 49 6 37 51
28 30 28 82 67 72 87 30
49 55 49 6 77 89 5 79 88 36 37 76 33 51 44 55
20 67 20 45 50 82 67
23 55 23 55
46 50 46 37 59 48 52 64 53 84 89 5 6 71 82 67 72 88 36 50
33 83 33 49 6 71 82 67 72 87 30 34 75 80 81 83
28 25 28 68 25
23 48 23 55 84 89 5 6 16 29 48
19 79 19 43 44 84 89 5 64 53 88 36 50 82 67 72 87 30 48 52 77 79
82 73 82 67 73
57 50 57 72 88 36 50
89 73 89 5 64 82 67 73
14 57 14 25 40 68 74 57
85 61 85 27 17 33 61
1 25 1 13 68 25
65 59 65 43 87 30 44 84 89 5 79 88 36 59
43 71 43 44 84 89 5 64 82 67 72 88 36 59 48 52 71
25 67 25 85 88 36 59 89 5 6 16 87 30 44 55 67
22 51 22 43 17 33 51
51 71 51 59 48 52 64 71
68 44 68 25 84 89 5 88 36 50 82 67 72 87 30 44
35 73 35 64 71 82 67 73
38 77 38 89 5 52 77
20 50 20 55 67 72 87 30 44 84 89 5 6 37 49 69 76 33 78 79 88 36 50
34 79 34 59 89 5 79
4 51 4 25 82 67 72 87 30 48 75 88 36 59 64 53 84 89 5 6 37 51
11 29 11 88 36 37 49 72 87 30 34 79 84 89 5 6 16 29
76 88 76 33 51 59 64 71 82 67 72 47 75 88
9 45 9 20 45
25 50 25 35 59 48 52 77 79 84 89 5 64 82 67 72 88 36 50
56 88 56 82 67 72 47 75 88
57 86 57 82 67 72 86
46 82 46 37 51 44 79 84 89 5 6 75 82
38 75 38 43 52 77 89 5 88 36 50 82 67 72 87 30 48 75
18 64 18 22 34 48 52 64
76 52 76 33 53 88 36 37 52
27 36 27 79 88 36
2 33 2 33
11 59 11 59
4 63 4 74 57 63
49 79 49 76 33 53 88 36 59 64 82 67 72 87 30 34 48 52 77 89 5 79
64 83 64 71 82 67 72 87 30 34 75 88 36 59 89 5 52 80 81 83
76 79 76 33 78 79
85 61 85 88 36 37 76 33 61
4 70 4 70
3 20 3 20
23 79 23 49 76 33 53 84 89 5 64 71 82 67 72 88 36 37 77 79
35 43 35 39 65 43
68 81 68 25 84 89 5 52 71 82 67 72 47 75 80 81
59 67 59 89 5 6 71 82 67
15 32 15 30 32
74 82 74 57 82
1 84 1 51 44 79 84
31 79 31 43 44 79
23 48 23 66 78 79 84 89 5 75 88 36 59 64 82 67 72 87 30 48
7 44 7 29 48 88 36 50 82 67 72 87 30 44
70 55 70 82 67 72 87 30 44 55
82 84 82 67 72 47 75 88 36 37 49 76 33 51 59 89 5 79 84
4 20 4 30 34 48 75 82 67 72 88 36 37 76 33 49 6 31 43 17 20
89 55 89 5 6 16 29 48 75 82 67 72 87 30 44 55
14 32 14 59 48 75 88 36 37 52 77 79 84 89 5 72 87 30 32
40 86 40 89 5 88 36 59 64 71 82 67 72 86
42 71 42 6 88 36 59 64 53 84 89 5 52 71
69 50 69 33 62 72 88 36 50
69 59 69 33 53 88 36 59
3 45 3 9 20 45
11 75 11 88 36 37 49 72 47 75
39 81 39 65 43 17 33 51 44 79 88 36 59 64 82 67 72 47 80 81
26 55 26 28 82 67 72 87 30 48 75 88 36 37 55
2 75 2 25 85 88 36 37 59 48 75
14 80 14 42 51 44 55 58 67 72 47 75 80
70 53 70 82 67 72 87 30 34 79 88 36 59 64 53
85 75 85 88 36 59 64 82 67 72 47 75
33 36 33 78 79 88 36
6 73 6 37 51 67 73
49 44 49 69 76 33 51 59 48 75 82 67 72 87 30 44
11 32 11 68 74 57 78 79 88 36 59 89 5 52 71 82 67 72 87 30 32
68 43 68 74 57 63 65 43
65 33 65 43 87 30 44 84 89 5 52 71 82 67 72 88 36 37 76 33
31 86 31 56 64 71 82 67 72 87 30 34 86
69 57 69 33 49 6 31 56 74 57
74 77 74 57 63 53 84 89 5 52 77
42 36 42 51 59 64 82 67 72 47 75 88 36
1 84 1 78 79 84
28 5 28 64 82 67 72 87 30 48 75 88 36 37 49 69 33 78 79 84 89 5
20 44 20 56 64 53 84 89 5 52 71 82 67 72 87 30 44
57 36 57 48 52 77 89 5 88 36
39 59 39 65 43 44 84 89 5 6 75 82 67 72 87 30 34 59
2 59 2 9 20 40 78 79 88 36 59
1 30 1 49 6 88 36 37 48 75 82 67 72 87 30
21 71 21 42 6 37 55 58 77 89 5 75 88 36 50 82 67 72 87 30 48 52 64 71
41 36 41 49 76 33 53 84 89 5 64 71 82 67 72 47 75 88 36
8 61 8 16 61
49 78 49 6 37 76 33 78
87 51 87 30 44 79 88 36 37 51
65 6 65 43 52 64 53 84 89 5 6
40 50 40 68 25 85 27 78 79 84 89 5 64 82 67 72 47 75 88 36 50
2 73 2 56 82 67 73
40 5 40 78 79 84 89 5
18 36 18 22 43 17 70 82 67 72 47 75 88 36
4 25 4 25
22 84 22 31 68 74 57 48 75 82 67 72 87 30 34 79 84
28 86 28 64 71 82 67 72 86
15 58 15 22 43 52 77 79 88 36 59 48 75 82 67 72 87 30 44 84 89 5 6 37 55 58
6 61 6 16 61
3 63 3 64 71 82 67 72 87 30 44 79 84 89 5 6 31 56 74 57 63
30 84 30 44 55 58 75 88 36 59 89 5 6 31 56 78 79 84
51 61 51 44 55 58 75 88 36 59 64 71 82 67 72 87 30 48 52 77 79 84 89 5 6 37 49 76 33 61
26 80 26 45 77 79 84 89 5 72 87 30 48 88 36 37 52 80
35 83 35 59 64 71 82 67 72 87 30 44 84 89 5 88 36 50 60 81 83
63 29 63 65 43 44 84 89 5 6 16 29
18 63 18 41 63
4 61 4 74 57 48 88 36 59 64 71 82 67 72 87 30 44 55 58 68 69 33 61
7 75 7 43 52 71 82 67 72 47 75
22 77 22 34 79 84 89 5 88 36 59 48 52 77
15 58 15 30 44 55 58
39 48 39 58 77 89 5 52 64 82 67 72 87 30 48
77 71 77 89 5 64 71
18 43 18 22 31 43
19 77 19 77
7 44 7 43 87 30 44
18 73 18 22 34 79 84 89 5 75 82 67 73
56 75 56 78 79 88 36 50 82 67 72 47 75
14 82 14 28 41 76 33 78 79 84 89 5 72 87 30 34 59 64 82
28 58 28 41 76 33 62 72 88 36 37 52 64 53 84 89 5 6 31 43 87 30 44 55 58
49 82 49 76 33 51 67 82
56 48 56 82 67 72 87 30 44 84 89 5 88 36 59 48
2 34 2 25 33 51 44 84 89 5 75 82 67 72 87 30 34
9 55 9 20 45 64 71 82 67 72 88 36 37 49 69 76 33 51 44 55
87 36 87 30 48 75 82 67 72 88 36
23 48 23 37 48
76 78 76 33 78
28 64 28 82 67 72 87 30 44 84 89 5 88 36 59 48 52 64
57 86 57 48 52 77 79 84 89 5 72 87 30 34 59 64 86
64 84 64 53 84
68 78 68 25 33 78
3 43 3 38 65 43
51 52 51 59 48 52
1 79 1 89 5 75 82 67 72 87 30 48 52 77 79
42 37 42 6 37
62 55 62 33 51 44 55
89 75 89 5 64 82 67 72 47 75
31 67 31 64 53 84 89 5 6 16 29 48 52 77 79 88 36 50 82 67
35 80 35 64 82 67 72 47 80
18 34 18 59 48 88 36 50 82 67 72 87 30 34
76 33 76 33
21 55 21 26 88 36 37 55
18 44 18 59 48 88 36 37 77 79 84 89 5 52 64 82 67 72 87 30 44
56 79 56 78 79
19 72 19 62 33 49 72
14 60 14 25 40 68 74 57 48 75 88 36 50 60
85 25 85 27 78 79 84 89 5 52 71 82 67 72 87 30 44 55 58 68 25
1 33 1 2 56 74 57 78 79 84 89 5 88 36 50 82 67 72 87 30 44 55 58 68 69 33
9 55 9 71 82 67 72 47 75 88 36 37 51 44 55
30 47 30 44 79 88 36 59 89 5 75 82 67 72 47
88 5 88 36 50 82 67 72 87 30 34 59 64 53 84 89 5
25 52 25 38 65 43 52
78 47 78 79 88 36 59 64 53 84 89 5 52 71 82 67 72 47
65 64 65 43 44 79 88 36 50 82 67 72 87 30 48 52 77 89 5 6 16 35 64
13 32 13 26 42 51 59 48 52 64 71 82 67 72 87 30 32
49 30 49 76 33 62 72 87 30
74 52 74 57 78 79 88 36 37 59 89 5 75 82 67 72 87 30 48 52
23 86 23 37 55 58 75 88 36 59 89 5 72 86
65 6 65 43 87 30 48 88 36 37 59 64 53 84 89 5 6
39 72 39 58 68 74 57 78 79 88 36 37 59 48 52 71 82 67 72
4 57 4 74 57
56 63 56 74 57 63
13 32 13 84 89 5 52 77 79 88 36 59 64 82 67 72 87 30 32
7 55 7 57 72 87 30 44 84 89 5 79 88 36 37 55
31 67 31 56 74 57 48 75 82 67
59 5 59 89 5
46 67 46 37 49 69 76 33 62 72 87 30 44 55 67
65 71 65 43 87 30 34 59 64 71
57 5 57 78 79 88 36 37 59 64 53 84 89 5
76 37 76 33 78 79 84 89 5 72 87 30 48 75 88 36 37
20 36 20 39 58 67 72 88 36
74 48 74 57 63 65 43 87 30 48
18 16 18 41 70 82 67 72 47 75 88 36 37 77 79 84 89 5 6 16
3 60 3 37 72 88 36 50 60
78 86 78 79 84 89 5 88 36 50 82 67 72 86
20 47 20 88 36 59 64 53 84 89 5 72 47
76 33 76 33
65 55 65 43 52 77 79 88 36 37 55
31 73 31 64 53 84 89 5 79 88 36 59 48 75 82 67 73
11 53 11 41 63 53
74 47 74 57 72 47
27 50 27 88 36 50
11 75 11 68 74 57 48 75
46 51 46 37 51
14 89 14 59 89
40 57 40 68 74 57
25 84 25 35 59 48 75 82 67 72 88 36 37 51 44 84
31 6 31 64 82 67 72 88 36 37 76 33 49 6
1 32 1 51 67 72 87 30 32
63 81 63 65 43 52 77 79 84 89 5 6 88 36 81
11 51 11 68 69 76 33 51
19 71 19 82 67 72 47 75 88 36 59 48 52 71
85 88 85 88
38 71 38 89 5 6 37 52 64 71
88 71 88 36 37 77 79 84 89 5 52 71
64 5 64 53 84 89 5
8 37 8 28 87 30 44 55 58 75 88 36 37
62 32 62 33 49 6 71 82 67 72 87 30 32
65 6 65 43 87 30 34 79 84 89 5 6
14 72 14 42 62 72
76 80 76 33 62 72 47 80
28 43 28 41 57 63 65 43
19 58 19 82 67 72 47 75 88 36 59 48 52 64 53 84 89 5 6 31 68 74 57 63 65 43 44 55 58
70 17 70 82 67 72 47 75 88 36 37 51 44 55 58 68 74 57 63 65 43 17
1 51 1 49 69 33 51
4 53 4 82 67 72 87 30 48 75 88 36 37 52 64 53
21 52 21 51 67 72 88 36 59 89 5 52
22 63 22 31 68 74 57 63
38 60 38 65 43 17 60
74 34 74 57 82 67 72 87 30 34
38 58 38 43 87 30 44 55 58
14 75 14 37 51 59 48 75
57 48 57 82 67 72 88 36 37 48
22 81 22 34 75 82 67 72 47 80 81
19 16 19 38 89 5 6 16
1 80 1 39 87 30 34 75 88 36 50 82 67 72 47 80
74 5 74 57 48 88 36 50 82 67 72 87 30 34 59 89 5
85 58 85 27 44 55 58
3 34 3 30 34
74 72 74 57 63 65 43 17 70 82 67 72
4 63 4 74 57 63
31 25 31 68 25
58 52 58 67 72 47 75 88 36 59 48 52
16 79 16 29 48 75 82 67 72 88 36 59 64 53 84 89 5 79
69 75 69 76 33 51 59 89 5 52 64 53 88 36 50 82 67 72 47 75
14 58 14 37 55 58
15 80 15 30 48 88 36 37 59 64 71 82 67 72 47 75 80
64 47 64 71 82 67 72 47
35 55 35 39 6 75 88 36 50 82 67 72 87 30 44 55
8 89 8 41 63 53 84 89
77 80 77 79 88 36 50 82 67 72 87 30 44 55 58 68 69 33 51 59 89 5 6 37 48 75 80
25 71 25 38 65 43 44 55 58 75 88 36 59 48 52 71
62 16 62 33 53 88 36 37 52 71 82 67 72 87 30 34 79 84 89 5 6 16
2 57 2 56 74 57
85 27 85 27
23 84 23 49 6 16 35 59 89 5 79 84
9 50 9 71 82 67 72 87 30 44 79 88 36 50
58 80 58 77 79 84 89 5 75 80
62 37 62 33 49 6 31 56 64 71 82 67 72 87 30 44 55 84 89 5 88 36 37
25 80 25 82 67 72 47 80
74 55 74 57 78 79 88 36 50 82 67 72 87 30 44 55
65 89 65 43 44 84 89
21 51 21 51
68 36 68 25 38 89 5 88 36
18 5 18 76 33 62 72 88 36 59 64 53 84 89 5
41 79 41 49 6 77 79
13 67 13 26 45 77 79 84 89 5 75 88 36 50 82 67
65 47 65 43 87 30 34 48 75 88 36 50 82 67 72 47
6 83 6 16 29 48 88 36 81 83
65 60 65 43 17 60
13 75 13 84 89 5 79 88 36 59 48 75
68 32 68 25 84 89 5 72 87 30 32
20 44 20 56 78 79 84 89 5 64 71 82 67 72 47 75 88 36 37 51 44
18 41 18 41
49 37 49 6 37
35 67 35 59 48 52 77 79 88 36 37 72 47 75 82 67
11 34 11 59 64 53 84 89 5 75 82 67 72 87 30 34
64 81 64 71 82 67 72 88 36 81
4 52 4 30 48 52
68 59 68 25 85 27 78 79 84 89 5 88 36 59
28 63 28 41 63
23 67 23 49 69 33 62 72 88 36 50 82 67
2 59 2 25 35 64 71 82 67 72 47 75 88 36 59
76 75 76 33 53 88 36 59 64 82 67 72 47 75
8 59 8 41 76 33 51 59
46 51 46 37 51
42 53 42 51 67 72 87 30 44 55 58 68 74 57 48 52 77 89 5 6 88 36 37 49 69 76 33 53
49 67 49 76 33 62 72 87 30 48 88 36 37 59 64 82 67
65 89 65 43 87 30 34 79 84 89
31 88 31 68 74 57 72 88
49 86 49 69 33 62 72 86
46 71 46 37 55 58 75 88 36 59 48 52 77 89 5 6 71
2 53 2 9 53
34 79 34 79
11 30 11 68 25 35 64 53 88 36 50 82 67 72 87 30
68 5 68 69 33 53 84 89 5
35 84 35 39 6 71 82 67 72 47 75 88 36 37 49 69 33 53 84
6 61 6 16 61
51 71 51 44 55 84 89 5 52 64 71
72 81 72 47 80 81
7 83 7 14 37 76 33 78 79 88 36 59 64 53 80 81 83
4 48 4 49 72 47 75 88 36 59 48
58 32 58 77 89 5 6 16 87 30 32
3 55 3 38 43 44 55
56 47 56 74 57 63 53 84 89 5 88 36 59 48 75 82 67 72 47
15 53 15 26 45 64 71 82 67 72 87 30 44 79 84 89 5 6 16 35 39 65 43 17 33 53
89 75 89 5 88 36 59 64 82 67 72 87 30 34 48 75
28 78 28 68 74 57 78
89 75 89 5 88 36 37 59 64 82 67 72 47 75
28 47 28 82 67 72 47
38 80 38 43 44 79 88 36 50 82 67 72 47 75 80
89 75 89 5 52 64 82 67 72 88 36 59 48 75
56 60 56 82 67 72 87 30 34 75 88 36 50 60
85 51 85 27 44 79 84 89 5 88 36 37 49 76 33 51
62 89 62 72 87 30 44 79 84 89
38 29 38 43 52 64 82 67 72 87 30 48 88 36 37 49 6 16 29
22 71 22 34 59 48 52 64 71
15 32 15 23 32
33 81 33 53 80 81
39 25 39 58 68 25
49 37 49 69 76 33 78 79 84 89 5 64 71 82 67 72 47 75 88 36 37
39 89 39 76 33 78 79 84 89
62 58 62 72 88 36 37 49 6 31 68 25 85 27 17 20 55 58
2 36 2 78 79 88 36
57 61 57 72 87 30 34 59 89 5 64 53 88 36 37 76 33 61
40 30 40 89 5 72 87 30
18 57 18 20 45 77 79 84 89 5 52 64 53 88 36 50 82 67 72 87 30 44 55 58 68 74 57
35 81 35 64 82 67 72 88 36 50 60 81
4 6 4 25 82 67 72 47 75 88 36 37 77 79 84 89 5 6
78 79 78 79
3 80 3 37 52 80
85 60 85 88 36 50 60
22 25 22 31 68 25
40 71 40 78 79 88 36 37 52 71
11 84 11 88 36 59 48 52 77 79 84
35 5 35 59 89 5
58 44 58 75 88 36 59 48 52 64 71 82 67 72 87 30 44
4 47 4 74 57 48 88 36 59 89 5 75 82 67 72 47
11 16 11 41 49 69 76 33 53 84 89 5 6 16
8 88 8 41 49 72 47 75 88
78 84 78 79 88 36 37 76 33 62 72 87 30 48 52 64 53 84
3 70 3 27 17 70
23 52 23 55 58 68 69 76 33 49 6 37 72 88 36 59 48 52
72 67 72 87 30 48 52 71 82 67
85 17 85 27 17
56 64 56 64
76 78 76 33 78
19 47 19 62 33 53 84 89 5 75 88 36 59 48 52 71 82 67 72 47
19 79 19 82 67 72 47 75 88 36 59 64 53 84 89 5 6 16 87 30 34 79
11 32 11 68 69 33 78 79 84 89 5 88 36 37 52 71 82 67 72 87 30 32
21 71 21 26 45 64 82 67 72 88 36 37 52 71
68 79 68 25 38 89 5 52 77 79
28 88 28 87 30 48 88
2 51 2 9 20 40 78 79 88 36 37 76 33 51
19 78 19 56 78
35 59 35 59
87 52 87 30 48 52
87 70 87 30 48 52 71 82 67 72 47 75 88 36 59 89 5 6 16 35 39 65 43 17 70
70 50 70 82 67 72 87 30 34 75 88 36 50
65 79 65 43 44 84 89 5 79
40 25 40 68 25
14 59 14 59
11 44 11 59 48 75 82 67 72 88 36 37 51 44
41 83 41 50 82 67 72 87 30 44 79 84 89 5 6 16 35 64 53 88 36 37 48 75 80 81 83
88 53 88 36 37 48 52 71 82 67 72 87 30 44 84 89 5 64 53
56 89 56 82 67 72 87 30 44 55 58 68 25 84 89
42 63 42 6 31 56 74 57 63
18 45 18 20 45
59 80 59 64 53 88 36 50 82 67 72 47 80
21 73 21 42 6 77 79 88 36 37 49 72 87 30 44 84 89 5 75 82 67 73
19 84 19 56 82 67 72 88 36 37 77 89 5 64 53 84
56 84 56 64 82 67 72 88 36 37 59 89 5 52 77 79 84
30 44 30 44
28 59 28 64 82 67 72 87 30 44 55 58 77 79 84 89 5 88 36 59
15 66 15 23 66
20 84 20 56 74 57 78 79 84
63 52 63 65 43 17 70 82 67 72 87 30 48 52
31 50 31 64 71 82 67 72 47 75 88 36 50
38 34 38 43 17 78 79 88 36 59 89 5 6 75 82 67 72 87 30 34
15 6 15 26 42 62 33 49 6
41 29 41 76 33 53 88 36 37 49 72 87 30 44 55 84 89 5 6 16 29
16 53 16 35 39 6 77 89 5 79 88 36 59 64 53
7 71 7 89 5 64 82 67 72 47 75 88 36 59 48 52 71
88 55 88 36 59 48 52 77 89 5 64 82 67 72 87 30 44 55
26 5 26 28 37 55 58 68 74 57 72 87 30 48 88 36 59 89 5
2 25 2 25
20 52 20 88 36 59 89 5 52
21 81 21 26 45 77 79 84 89 5 75 82 67 72 47 80 81
35 37 35 64 82 67 72 88 36 37
22 52 22 31 43 52
88 50 88 36 50
38 83 38 89 5 6 75 82 67 72 88 36 81 83
62 32 62 72 87 30 32
56 60 56 82 67 72 88 36 50 60
34 53 34 48 52 64 82 67 72 87 30 44 84 89 5 6 31 56 74 57 63 53
62 51 62 72 88 36 37 51
21 50 21 51 59 64 71 82 67 72 87 30 44 84 89 5 52 77 79 88 36 50
56 25 56 82 67 72 87 30 44 79 84 89 5 88 36 37 55 58 68 25
76 29 76 33 51 59 64 71 82 67 72 47 75 88 36 37 77 89 5 6 16 29
65 88 65 43 17 70 82 67 72 87 30 48 75 88
27 5 27 88 36 37 77 79 84 89 5
63 47 63 53 84 89 5 6 16 29 48 88 36 59 64 71 82 67 72 47
15 71 15 23 37 52 71
11 50 11 68 74 57 78 79 84 89 5 75 82 67 72 88 36 50
43 61 43 17 33 61
13 50 13 20 40 68 25 63 65 43 52 77 79 84 89 5 88 36 50
77 81 77 79 84 89 5 88 36 59 48 75 80 81
21 77 21 42 51 44 55 58 77
19 48 19 43 44 79 84 89 5 75 88 36 50 82 67 72 87 30 48
82 32 82 67 72 87 30 32
13 81 13 68 69 33 51 67 72 47 80 81
30 29 30 34 48 52 71 82 67 72 88 36 37 49 69 76 33 53 84 89 5 6 16 29
58 79 58 68 25 84 89 5 6 88 36 37 52 77 79
13 83 13 20 39 58 68 25 85 27 78 79 88 36 59 48 52 80 81 83
88 32 88 36 37 49 76 33 51 59 89 5 64 82 67 72 87 30 32
33 47 33 62 72 47
46 63 46 37 49 76 33 78 79 88 36 59 64 82 67 72 87 30 48 52 77 89 5 6 31 56 74 57 63
51 32 51 44 79 88 36 59 48 75 82 67 72 87 30 32
28 60 28 68 69 33 78 79 88 36 50 60
49 81 49 6 88 36 50 82 67 72 47 80 81
33 53 33 53
41 48 41 49 69 76 33 53 84 89 5 75 88 36 59 48
3 34 3 20 40 78 79 88 36 37 48 52 64 71 82 67 72 87 30 34
43 50 43 44 55 58 68 74 57 48 52 77 79 84 89 5 6 88 36 50
74 72 74 57 72
49 32 49 72 87 30 32
21 30 21 58 75 88 36 50 82 67 72 87 30
38 60 38 43 44 84 89 5 72 88 36 50 60
39 61 39 58 75 82 67 72 87 30 34 79 88 36 37 76 33 61
26 45 26 45
15 29 15 26 28 37 52 64 82 67 72 47 75 88 36 59 89 5 6 16 29
1 58 1 78 79 84 89 5 64 53 88 36 59 48 52 71 82 67 72 87 30 44 55 58
43 47 43 44 79 88 36 50 82 67 72 47
13 17 13 74 57 63 65 43 17
37 67 37 77 79 88 36 50 82 67
82 83 82 67 72 87 30 34 75 88 36 37 49 69 76 33 53 80 81 83
8 86 8 62 72 86
65 51 65 43 87 30 44 55 84 89 5 64 82 67 72 88 36 37 76 33 51
28 41 28 41
69 71 69 33 53 84 89 5 64 82 67 72 47 75 88 36 59 48 52 71
20 61 20 56 78 79 84 89 5 6 16 61
87 6 87 30 44 55 84 89 5 88 36 37 76 33 49 6
41 52 41 76 33 53 88 36 50 82 67 72 87 30 34 79 84 89 5 52
15 78 15 22 78
26 84 26 28 68 69 76 33 51 44 84
22 58 22 78 79 84 89 5 64 71 82 67 72 87 30 44 55 58
77 44 77 79 84 89 5 64 82 67 72 87 30 44
77 83 77 89 5 79 83
1 36 1 49 6 88 36
1 53 1 2 9 53
3 80 3 38 65 43 87 30 44 84 89 5 72 47 80
69 71 69 76 33 53 84 89 5 6 71
20 52 20 39 65 43 52
56 83 56 82 67 72 88 36 81 83
6 81 6 71 82 67 72 87 30 34 59 64 53 84 89 5 88 36 81
23 67 23 49 69 33 53 84 89 5 64 71 82 67
57 73 57 48 88 36 59 64 82 67 73
85 34 85 88 36 59 64 71 82 67 72 87 30 34
23 52 23 49 72 87 30 44 84 89 5 6 88 36 59 48 52
7 86 7 57 78 79 84 89 5 6 86
42 58 42 51 44 55 58
4 6 4 49 6
14 63 14 25 40 68 74 57 63
2 79 2 82 67 72 47 75 88 36 37 48 52 64 53 84 89 5 79
22 59 22 34 48 75 88 36 59
41 17 41 57 63 65 43 17
43 47 43 87 30 34 59 89 5 88 36 50 82 67 72 47
74 86 74 57 48 88 36 37 72 86
82 48 82 67 72 47 75 88 36 59 48
49 32 49 69 76 33 53 88 36 59 89 5 64 82 67 72 87 30 32
85 60 85 88 36 50 60
25 80 25 84 89 5 52 71 82 67 72 88 36 59 48 75 80
41 84 41 63 53 84
19 50 19 77 79 88 36 50
31 50 31 43 52 71 82 67 72 88 36 50
39 78 39 76 33 78
16 47 16 29 48 52 71 82 67 72 47
21 89 21 26 88 36 37 52 71 82 67 72 87 30 44 55 84 89
28 16 28 77 79 84 89 5 75 88 36 59 48 52 71 82 67 72 87 30 44 55 58 68 69 33 49 6 16
39 30 39 87 30
14 51 14 37 51
69 53 69 33 53
9 55 9 20 55
57 17 57 63 65 43 17
19 50 19 56 82 67 72 88 36 50
1 71 1 51 59 64 71
51 67 51 59 48 52 64 53 88 36 37 72 87 30 34 79 84 89 5 6 75 82 67
85 64 85 27 44 55 84 89 5 88 36 59 64
30 86 30 44 55 58 75 88 36 50 82 67 72 86
77 84 77 79 84
21 16 21 42 6 16
6 50 6 37 77 89 5 88 36 50
8 33 8 28 41 76 33
38 34 38 65 43 87 30 34
15 83 15 30 34 75 88 36 50 60 81 83
19 57 19 56 74 57
3 78 3 20 40 78
1 7 1 7
82 75 82 67 72 47 75
38 51 38 89 5 72 47 75 88 36 37 51
82 47 82 67 72 47
15 47 15 22 34 59 64 82 67 72 47
4 61 4 49 76 33 61
35 55 35 64 53 88 36 50 82 67 72 87 30 48 52 77 79 84 89 5 6 37 51 44 55
8 61 8 28 70 82 67 72 87 30 48 88 36 37 55 58 68 25 33 61
8 52 8 62 33 51 59 48 75 82 67 72 88 36 37 52
34 52 34 79 84 89 5 64 53 88 36 37 72 87 30 48 52
28 25 28 68 25
11 64 11 41 49 6 16 35 64
65 50 65 43 44 55 58 77 79 84 89 5 75 88 36 50
85 48 85 27 17 78 79 88 36 37 48
85 83 85 27 79 84 89 5 64 53 80 81 83
35 67 35 64 71 82 67
72 53 72 88 36 59 89 5 64 53
39 5 39 76 33 51 44 84 89 5
41 32 41 63 53 88 36 50 82 67 72 87 30 32
88 80 88 36 50 82 67 72 87 30 48 75 80
69 53 69 33 53
82 71 82 67 72 47 75 88 36 59 64 53 84 89 5 52 71
74 86 74 57 72 86
82 50 82 67 72 87 30 48 52 77 89 5 75 88 36 50
46 32 46 37 59 48 75 82 67 72 87 30 32
89 50 89 5 6 75 88 36 50
28 71 28 35 59 64 71
14 80 14 59 48 75 88 36 50 82 67 72 47 80
70 29 70 82 67 72 87 30 48 88 36 59 89 5 6 16 29
28 73 28 77 89 5 64 53 88 36 59 48 52 71 82 67 73
15 36 15 22 31 68 74 57 48 88 36
58 83 58 68 69 76 33 49 6 71 82 67 72 88 36 50 60 81 83
30 48 30 34 59 48
65 30 65 43 17 33 62 72 87 30
62 32 62 72 87 30 32
26 47 26 88 36 37 51 44 79 84 89 5 64 82 67 72 47
58 17 58 68 74 57 63 65 43 17
39 30 39 76 33 78 79 84 89 5 88 36 59 64 82 67 72 87 30
19 37 19 56 78 79 88 36 37
74 78 74 57 72 88 36 37 49 69 76 33 78
9 73 9 53 84 89 5 75 82 67 73
26 36 26 42 6 77 89 5 88 36
58 5 58 75 82 67 72 88 36 37 77 89 5
23 44 23 37 48 88 36 50 82 67 72 87 30 44
13 75 13 68 74 57 63 53 88 36 50 82 67 72 47 75
56 71 56 78 79 84 89 5 52 71
64 86 64 82 67 72 86
76 64 76 33 51 44 55 84 89 5 52 77 79 88 36 59 64
43 44 43 52 64 53 88 36 37 49 76 33 78 79 84 89 5 75 82 67 72 87 30 44
59 32 59 64 53 88 36 37 55 58 68 25 85 27 78 79 84 89 5 72 87 30 32
65 33 65 43 17 20 55 58 68 25 33
87 43 87 30 34 79 88 36 59 89 5 6 16 35 39 65 43
39 27 39 65 43 17 33 53 84 89 5 64 71 82 67 72 88 36 37 55 58 68 25 85 27
19 20 19 38 43 17 20
6 47 6 31 64 53 88 36 59 48 52 77 89 5 72 47
2 20 2 9 20
2 73 2 56 74 57 63 65 43 17 33 51 44 79 84 89 5 6 75 88 36 59 48 52 64 71 82 67 73
76 36 76 33 53 88 36
8 83 8 41 50 60 81 83
38 37 38 43 44 55 58 75 82 67 72 87 30 48 88 36 37
89 86 89 5 72 86
1 29 1 7 29
2 48 2 33 78 79 84 89 5 64 82 67 72 88 36 59 48
43 44 43 44
16 84 16 35 39 87 30 34 75 88 36 59 64 53 84
58 81 58 75 88 36 59 64 71 82 67 72 47 80 81
43 75 43 87 30 48 88 36 50 82 67 72 47 75
3 27 3 27
6 73 6 77 89 5 75 88 36 50 82 67 73
69 50 69 33 78 79 84 89 5 64 71 82 67 72 87 30 44 55 58 75 88 36 50
26 67 26 45 77 79 84 89 5 6 31 64 82 67
11 29 11 41 50 82 67 72 47 75 88 36 37 55 58 77 89 5 6 16 29
62 88 62 72 88
58 67 58 75 88 36 37 49 69 76 33 53 84 89 5 64 82 67
19 71 19 69 76 33 78 79 88 36 59 64 71
59 75 59 48 52 77 89 5 75
56 30 56 82 67 72 87 30
72 50 72 88 36 50
38 37 38 89 5 6 88 36 37
58 48 58 75 88 36 37 72 87 30 34 59 48
76 81 76 33 78 79 84 89 5 75 82 67 72 88 36 50 60 81
43 5 43 87 30 48 88 36 59 89 5
43 50 43 17 78 79 84 89 5 75 88 36 50
58 73 58 77 79 88 36 37 76 33 53 84 89 5 72 47 75 82 67 73
21 63 21 26 45 64 82 67 72 88 36 59 89 5 6 31 68 74 57 63
37 47 37 55 67 72 47
39 79 39 58 77 79
85 72 85 27 17 70 82 67 72
78 50 78 79 88 36 50
57 67 57 82 67
1 63 1 13 68 74 57 63
30 81 30 48 75 80 81
14 64 14 34 75 88 36 37 59 48 52 64
19 86 19 69 76 33 51 86
40 53 40 78 79 88 36 50 82 67 72 87 30 48 52 64 53
62 53 62 33 53
20 36 20 55 84 89 5 52 64 53 88 36
59 53 59 89 5 64 53
42 20 42 62 33 53 88 36 50 82 67 72 87 30 44 55 58 68 74 57 63 65 43 17 20
9 71 9 71
4 86 4 23 37 51 44 55 58 75 82 67 72 86
19 43 19 43
39 88 39 65 43 44 79 88
14 34 14 34
62 73 62 72 87 30 48 88 36 50 82 67 73
18 86 18 41 63 53 88 36 37 72 86
21 82 21 26 88 36 50 82
38 6 38 89 5 6
2 71 2 23 66 78 79 84 89 5 72 87 30 34 75 88 36 37 59 48 52 64 71
11 80 11 41 70 82 67 72 47 80
25 83 25 79 88 36 59 89 5 75 80 81 83
87 33 87 30 48 52 77 79 88 36 37 49 76 33
87 79 87 30 34 79
9 47 9 71 82 67 72 47
4 36 4 25 79 84 89 5 88 36
26 47 26 88 36 37 49 69 76 33 53 84 89 5 6 31 64 71 82 67 72 47
3 86 3 30 48 75 88 36 59 64 53 84 89 5 6 86
59 79 59 64 53 88 36 37 49 69 76 33 78 79
65 86 65 43 52 77 79 84 89 5 6 31 68 69 76 33 62 72 86
87 84 87 30 44 84
25 83 25 82 67 72 88 36 37 55 84 89 5 79 83
30 36 30 34 75 88 36
56 51 56 74 57 63 53 88 36 37 51
30 44 30 44
1 52 1 37 52
2 36 2 33 51 44 79 88 36
46 16 46 37 76 33 49 6 16
20 71 20 88 36 59 89 5 52 71
21 57 21 58 75 88 36 37 48 52 77 79 84 89 5 6 31 56 74 57
28 32 28 41 76 33 62 72 87 30 32
46 33 46 37 76 33
37 50 37 77 89 5 6 88 36 50
76 60 76 33 53 84 89 5 79 88 36 50 60
63 67 63 65 43 52 64 71 82 67
74 84 74 57 72 87 30 44 55 84
70 86 70 82 67 72 86
62 55 62 33 53 84 89 5 52 64 71 82 67 72 87 30 44 55
40 53 40 68 25 63 53
22 60 22 43 17 60
22 20 22 43 17 20
19 67 19 82 67
8 86 8 62 72 86
20 86 20 45 77 79 84 89 5 6 75 88 36 37 51 86
25 73 25 79 88 36 50 82 67 73
72 84 72 87 30 44 84
19 51 19 56 64 53 84 89 5 6 75 88 36 37 76 33 51
22 5 22 78 79 88 36 37 51 44 55 58 75 82 67 72 87 30 48 52 77 89 5
46 17 46 37 76 33 78 79 84 89 5 6 16 35 39 65 43 17
49 43 49 69 33 51 44 79 84 89 5 6 31 68 25 38 65 43
62 43 62 72 88 36 59 48 52 77 89 5 6 31 68 25 38 65 43
56 78 56 78
35 48 35 59 48
26 53 26 45 64 53
39 72 39 87 30 44 84 89 5 72
69 82 69 33 53 88 36 37 59 89 5 72 87 30 48 75 82
46 79 46 37 55 58 75 82 67 72 87 30 34 59 89 5 79
46 33 46 37 55 58 68 25 33
18 36 18 59 48 88 36
85 17 85 27 17
58 48 58 75 82 67 72 88 36 59 48
65 75 65 43 52 71 82 67 72 47 75
25 71 25 79 88 36 59 48 52 64 71
41 50 41 49 72 88 36 50
38 47 38 43 87 30 34 48 75 88 36 37 59 89 5 6 31 56 82 67 72 47
65 36 65 43 87 30 34 75 88 36
1 60 1 2 33 62 72 88 36 50 60
88 5 88 36 50 82 67 72 87 30 34 79 84 89 5
62 47 62 72 47
69 5 69 33 78 79 84 89 5
11 52 11 41 70 82 67 72 47 75 88 36 59 64 53 84 89 5 52
70 32 70 82 67 72 87 30 32
3 43 3 38 65 43
46 79 46 37 52 77 79
62 47 62 33 78 79 88 36 50 82 67 72 47
15 58 15 23 66 78 79 88 36 59 48 75 82 67 72 87 30 44 55 58
76 88 76 33 53 88
21 50 21 26 45 50
20 75 20 55 58 77 79 88 36 59 48 52 64 53 84 89 5 75
33 52 33 62 72 87 30 34 48 52
65 77 65 43 87 30 48 52 77
65 44 65 43 44
76 50 76 33 78 79 88 36 50
3 71 3 27 88 36 59 64 71
31 59 31 64 82 67 72 88 36 37 51 59
2 73 2 33 51 67 73
22 58 22 43 17 58
3 32 3 64 71 82 67 72 87 30 32
49 25 49 6 37 76 33 53 84 89 5 88 36 59 64 82 67 72 87 30 44 55 58 68 25
18 64 18 22 31 64
8 60 8 9 62 72 47 75 88 36 50 60
89 53 89 5 52 71 82 67 72 87 30 44 79 88 36 59 64 53
65 55 65 43 52 64 71 82 67 72 47 75 88 36 37 55
38 51 38 43 87 30 48 52 64 82 67 72 88 36 37 51
11 53 11 88 36 37 49 69 76 33 51 44 79 84 89 5 64 53
43 48 43 44 79 84 89 5 64 53 88 36 37 59 48
8 52 8 9 20 88 36 37 76 33 78 79 84 89 5 52
26 5 26 28 70 82 67 72 87 30 48 75 88 36 59 89 5
77 80 77 89 5 6 37 52 64 53 88 36 59 48 75 80
57 67 57 63 65 43 52 77 79 84 89 5 72 88 36 37 55 58 67
68 83 68 74 57 78 79 84 89 5 75 88 36 81 83
85 77 85 88 36 37 49 6 77
68 83 68 74 57 48 88 36 50 60 81 83
68 33 68 69 33
40 52 40 78 79 88 36 59 48 75 82 67 72 87 30 44 84 89 5 52
21 80 21 58 77 89 5 52 64 53 80
76 44 76 33 51 44
76 83 76 33 78 79 83
85 57 85 88 36 59 48 52 71 82 67 72 87 30 44 55 58 68 74 57
68 83 68 74 57 63 53 80 81 83
4 71 4 30 34 59 89 5 52 71
69 32 69 33 53 84 89 5 6 77 79 88 36 37 48 52 71 82 67 72 87 30 32
30 44 30 44
56 27 56 82 67 72 87 30 44 79 88 36 59 48 52 64 53 84 89 5 6 37 55 58 68 25 85 27
11 82 11 88 36 37 77 89 5 64 82
1 30 1 13 84 89 5 75 82 67 72 87 30
39 6 39 6
3 6 3 20 40 68 69 76 33 53 84 89 5 72 88 36 37 49 6
40 48 40 68 25 85 88 36 59 64 82 67 72 87 30 48
40 37 40 78 79 84 89 5 75 88 36 37
46 52 46 37 51 59 48 52
11 29 11 68 74 57 63 65 43 52 71 82 67 72 88 36 37 59 64 53 84 89 5 6 16 29
62 36 62 72 88 36
1 36 1 37 49 69 33 53 88 36
51 32 51 59 48 52 64 53 88 36 37 55 58 68 25 35 39 65 43 87 30 32
8 47 8 28 87 30 48 88 36 59 64 82 67 72 47
13 67 13 26 28 37 55 58 68 74 57 78 79 84 89 5 72 47 75 82 67
40 79 40 78 79
31 6 31 68 74 57 82 67 72 88 36 37 49 6
20 50 20 40 78 79 84 89 5 6 71 82 67 72 47 75 88 36 50
72 84 72 88 36 59 89 5 79 84
56 81 56 82 67 72 47 80 81
6 17 6 31 43 17
46 80 46 37 76 33 78 79 88 36 59 48 52 77 89 5 75 80
46 53 46 37 59 64 53
37 73 37 59 89 5 72 88 36 50 82 67 73
82 67 82 67
3 44 3 38 89 5 64 53 88 36 59 48 75 82 67 72 87 30 44
33 32 33 53 84 89 5 88 36 50 82 67 72 87 30 32
19 43 19 43
41 73 41 50 82 67 73
88 86 88 36 37 48 75 82 67 72 86
6 32 6 31 68 69 33 49 72 87 30 32
14 41 14 28 41
31 55 31 43 52 71 82 67 72 88 36 37 55
65 86 65 43 17 70 82 67 72 86
15 30 15 30
40 37 40 89 5 64 71 82 67 72 47 75 88 36 37
70 80 70 82 67 72 47 80
82 48 82 67 72 88 36 59 48
11 81 11 68 25 62 72 47 80 81
62 34 62 33 49 6 71 82 67 72 87 30 34
51 84 51 59 48 75 82 67 72 87 30 34 79 84
28 57 28 68 74 57
1 51 1 51
76 50 76 33 53 84 89 5 75 82 67 72 88 36 50
26 75 26 28 68 69 76 33 51 67 72 47 75
40 59 40 78 79 84 89 5 72 47 75 88 36 37 59
37 48 37 59 48
18 63 18 22 43 17 58 68 74 57 63
77 48 77 89 5 75 88 36 59 48
3 16 3 82 67 72 87 30 34 79 84 89 5 6 16
56 79 56 78 79
46 64 46 37 49 6 31 64
39 84 39 87 30 48 75 88 36 37 59 64 53 84
15 52 15 23 37 49 6 71 82 67 72 88 36 59 64 53 84 89 5 52
49 27 49 76 33 53 88 36 37 77 79 84 89 5 52 64 71 82 67 72 87 30 44 55 58 68 25 85 27
38 78 38 65 43 17 78
15 80 15 22 34 79 88 36 50 82 67 72 87 30 44 84 89 5 64 53 80
33 61 33 61
11 70 11 41 70
27 75 27 44 55 58 75
40 32 40 68 69 33 51 44 79 88 36 50 82 67 72 87 30 32
56 67 56 82 67
14 17 14 42 6 77 79 84 89 5 75 88 36 59 64 82 67 72 87 30 44 55 58 68 74 57 63 65 43 17
26 84 26 45 77 79 84
14 70 14 28 70
82 53 82 67 72 47 75 88 36 59 89 5 64 53
69 32 69 33 49 72 87 30 32
41 71 41 50 82 67 72 87 30 34 79 84 89 5 64 71
2 30 2 23 55 84 89 5 6 77 79 88 36 50 82 67 72 87 30
46 82 46 37 51 59 48 88 36 50 82
74 80 74 57 63 53 80
46 75 46 37 55 84 89 5 88 36 59 48 75
58 47 58 68 69 33 53 84 89 5 52 77 79 88 36 37 51 59 64 82 67 72 47
49 77 49 6 77
18 82 18 22 34 59 89 5 52 71 82
87 83 87 30 44 55 67 72 88 36 81 83
22 86 22 43 87 30 44 84 89 5 72 86
88 53 88 36 59 64 53
40 34 40 78 79 88 36 50 82 67 72 87 30 34
41 86 41 70 82 67 72 86
87 44 87 30 44
14 32 14 25 63 53 88 36 50 82 67 72 87 30 32
51 83 51 80 81 83
28 80 28 64 82 67 72 47 80
30 44 30 44
22 64 22 34 48 75 82 67 72 88 36 59 89 5 64
46 79 46 37 55 84 89 5 52 77 79
23 71 23 37 51 59 64 71
57 71 57 63 53 88 36 37 76 33 49 6 71
38 67 38 43 44 79 88 36 50 82 67
19 83 19 43 44 55 84 89 5 75 82 67 72 87 30 48 52 77 79 83
38 72 38 43 52 71 82 67 72
3 27 3 27
1 29 1 7 29
82 84 82 67 72 47 75 88 36 37 76 33 78 79 84
39 6 39 6
72 53 72 87 30 44 84 89 5 79 88 36 59 48 52 64 53
18 82 18 59 48 88 36 50 82
18 81 18 22 31 64 82 67 72 47 80 81
22 33 22 78 79 84 89 5 88 36 59 64 71 82 67 72 87 30 44 55 58 68 69 76 33
82 61 82 67 72 47 75 88 36 59 48 52 64 53 84 89 5 6 37 76 33 61
64 79 64 71 82 67 72 47 75 88 36 37 52 77 89 5 79
46 36 46 37 49 76 33 53 88 36
18 86 18 20 39 76 33 78 79 88 36 59 64 86
62 80 62 33 53 88 36 50 82 67 72 47 80
85 71 85 27 79 88 36 50 82 67 72 87 30 34 59 64 71
65 37 65 43 44 55 58 75 88 36 37
6 5 6 77 89 5
15 59 15 30 48 88 36 59
2 57 2 9 20 56 74 57
22 58 22 31 43 17 58
69 71 69 33 51 44 79 84 89 5 6 75 88 36 59 64 82 67 72 87 30 48 52 71
78 67 78 79 88 36 37 52 77 89 5 75 82 67
16 80 16 29 48 52 71 82 67 72 88 36 59 64 53 80
58 71 58 75 82 67 72 88 36 37 49 69 33 53 84 89 5 52 71
35 84 35 64 82 67 72 88 36 37 77 79 84
30 86 30 44 84 89 5 6 86
59 81 59 64 82 67 72 47 80 81
28 50 28 82 67 72 47 75 88 36 50
49 25 49 69 76 33 51 44 55 58 68 25
39 48 39 65 43 52 77 79 84 89 5 75 88 36 59 48
14 37 14 59 48 75 82 67 72 87 30 44 79 84 89 5 88 36 37
63 83 63 53 80 81 83
13 50 13 84 89 5 88 36 50
28 81 28 70 81
21 75 21 58 75
49 89 49 69 76 33 78 79 88 36 37 59 48 52 64 82 67 72 87 30 44 84 89
26 67 26 28 70 82 67
3 32 3 64 53 88 36 59 48 75 82 67 72 87 30 32
87 89 87 30 48 88 36 37 51 59 64 53 84 89
68 86 68 25 40 89 5 88 36 50 82 67 72 86
38 64 38 43 52 77 89 5 64
74 36 74 57 82 67 72 87 30 44 55 58 75 88 36
89 32 89 5 52 64 53 88 36 59 48 75 82 67 72 87 30 32
41 83 41 49 72 47 75 80 81 83
2 66 2 23 66
18 30 18 41 76 33 53 88 36 50 82 67 72 87 30
49 55 49 76 33 62 72 88 36 37 55
1 9 1 2 9
63 86 63 53 88 36 37 52 71 82 67 72 86
74 52 74 57 48 52
31 72 31 56 64 82 67 72
26 53 26 42 62 33 53
28 81 28 77 79 84 89 5 75 82 67 72 87 30 44 55 58 68 74 57 48 88 36 81
19 78 19 82 67 72 88 36 37 76 33 78
70 73 70 82 67 73
4 33 4 49 69 76 33
82 55 82 67 72 87 30 44 55
87 30 87 30
33 80 33 62 72 87 30 34 75 80
56 72 56 82 67 72
8 79 8 16 87 30 48 75 88 36 37 76 33 78 79
56 63 56 74 57 63
4 78 4 49 76 33 78
38 61 38 43 17 33 61
49 50 49 69 76 33 51 44 55 84 89 5 88 36 50
1 41 1 7 14 28 41
68 80 68 69 33 78 79 84 89 5 72 88 36 59 48 75 80
65 82 65 43 52 64 71 82
37 67 37 49 69 33 78 79 84 89 5 6 31 43 44 55 58 75 82 67
2 5 2 9 53 88 36 59 48 75 82 67 72 87 30 34 79 84 89 5
57 86 57 78 79 84 89 5 64 86
15 6 15 26 42 6
88 44 88 36 50 82 67 72 87 30 44
34 36 34 48 88 36
46 16 46 37 76 33 62 72 87 30 34 59 89 5 6 16
8 81 8 16 87 30 34 75 80 81
76 79 76 33 78 79
28 59 28 82 67 72 47 75 88 36 37 51 59
19 6 19 69 76 33 49 6
13 61 13 26 28 41 70 82 67 72 88 36 37 76 33 61
87 86 87 30 48 52 71 82 67 72 47 75 88 36 37 49 69 76 33 78 79 84 89 5 64 86
41 81 41 57 48 52 80 81
19 83 19 56 78 79 83
76 58 76 33 78 79 84 89 5 72 87 30 44 55 58
6 61 6 16 61
21 72 21 58 67 72
4 79 4 49 72 47 75 88 36 37 77 79
68 51 68 69 33 51
85 81 85 27 17 60 81
8 70 8 41 70
7 29 7 29
34 71 34 59 64 71
49 86 49 6 37 72 86
14 17 14 25 85 27 17
85 16 85 88 36 50 82 67 72 87 30 48 52 77 89 5 6 16
21 41 21 26 28 41
39 17 39 65 43 17
3 72 3 9 71 82 67 72
8 79 8 41 49 6 88 36 50 82 67 72 87 30 44 79
38 84 38 43 44 84
4 84 4 23 66 78 79 84
34 86 34 86
31 47 31 56 64 71 82 67 72 47
2 16 2 56 78 79 88 36 37 77 89 5 6 16
11 59 11 88 36 59
33 17 33 49 6 16 35 39 65 43 17
11 17 11 41 63 65 43 17
11 55 11 88 36 37 76 33 51 44 55
19 73 19 69 76 33 78 79 88 36 59 48 75 82 67 73
15 86 15 26 45 50 82 67 72 86
6 36 6 31 68 69 33 49 72 88 36
43 81 43 17 60 81
6 53 6 16 87 30 44 84 89 5 64 53
72 67 72 87 30 48 75 82 67
19 34 19 77 79 84 89 5 88 36 59 48 75 82 67 72 87 30 34
26 61 26 42 6 16 61
31 60 31 56 82 67 72 87 30 34 75 88 36 50 60
11 61 11 41 76 33 61
16 67 16 87 30 48 52 77 79 88 36 50 82 67
89 47 89 5 52 71 82 67 72 47
39 25 39 58 68 25
46 44 46 37 51 59 64 53 84 89 5 75 82 67 72 87 30 44
42 52 42 6 77 79 84 89 5 52
1 34 1 78 79 88 36 37 48 52 71 82 67 72 87 30 34
89 81 89 5 72 88 36 37 48 52 80 81
8 67 8 16 87 30 48 75 82 67
35 58 35 39 58
43 5 43 87 30 34 79 84 89 5
63 52 63 53 84 89 5 64 71 82 67 72 88 36 59 48 52
11 44 11 41 63 53 88 36 37 48 52 71 82 67 72 87 30 44
78 67 78 79 84 89 5 64 71 82 67
1 6 1 7 43 52 64 53 84 89 5 6
82 50 82 67 72 87 30 48 88 36 50
38 86 38 89 5 6 88 36 59 64 82 67 72 86
69 88 69 76 33 49 72 88
28 77 28 77
14 17 14 34 48 75 88 36 59 89 5 6 31 43 17
14 17 14 25 85 27 17
34 50 34 75 88 36 50
11 71 11 59 48 52 71
33 79 33 51 59 64 71 82 67 72 87 30 44 55 58 77 79
21 34 21 26 28 70 82 67 72 87 30 34
14 72 14 25 79 84 89 5 88 36 50 82 67 72
56 59 56 82 67 72 87 30 44 79 88 36 59
8 89 8 62 33 51 44 84 89
39 55 39 87 30 44 55
64 47 64 53 88 36 50 82 67 72 47
69 78 69 76 33 78
11 57 11 41 57
69 20 69 33 78 79 84 89 5 75 88 36 50 82 67 72 87 30 44 55 58 68 74 57 63 65 43 17 20
16 73 16 29 48 88 36 59 64 82 67 73
3 47 3 38 43 44 84 89 5 6 37 48 75 88 36 59 64 71 82 67 72 47
26 32 26 45 77 89 5 75 88 36 59 64 71 82 67 72 87 30 32
35 59 35 64 53 88 36 59
31 17 31 43 17
2 43 2 25 35 39 65 43
69 33 69 33
70 53 70 82 67 72 47 75 88 36 59 64 53
35 37 35 39 65 43 52 71 82 67 72 87 30 34 59 48 88 36 37
19 80 19 69 76 33 78 79 88 36 37 49 6 16 29 48 52 71 82 67 72 47 80
31 43 31 68 74 57 63 65 43
33 52 33 78 79 88 36 37 52
13 67 13 84 89 5 79 88 36 50 82 67
39 64 39 87 30 44 55 58 68 74 57 78 79 84 89 5 64
69 6 69 33 62 72 87 30 44 55 84 89 5 6
85 29 85 88 36 50 82 67 72 87 30 34 79 84 89 5 6 16 29
62 75 62 33 53 84 89 5 72 47 75
8 79 8 62 33 51 59 64 71 82 67 72 88 36 37 55 84 89 5 79
40 50 40 89 5 64 53 88 36 50
15 52 15 22 31 56 82 67 72 88 36 37 48 52
27 17 27 17
62 34 62 72 87 30 34
58 36 58 67 72 87 30 48 52 77 79 84 89 5 88 36
14 47 14 37 48 75 88 36 50 82 67 72 47
11 64 11 88 36 59 64
59 83 59 48 75 80 81 83
78 32 78 79 88 36 59 48 52 71 82 67 72 87 30 32
28 71 28 41 50 82 67 72 88 36 37 55 84 89 5 52 64 71
41 55 41 49 76 33 51 44 84 89 5 52 71 82 67 72 87 30 48 75 88 36 37 55
85 79 85 27 78 79
40 79 40 78 79
15 36 15 23 37 48 88 36
19 82 19 77 79 84 89 5 64 82
76 61 76 33 61
40 33 40 68 69 33
18 60 18 59 48 52 77 89 5 79 88 36 50 60
88 5 88 36 37 77 79 84 89 5
87 83 87 30 48 88 36 59 64 71 82 67 72 47 75 80 81 83
11 48 11 41 63 65 43 17 20 55 58 77 79 84 89 5 75 88 36 59 48
21 82 21 51 44 55 67 72 87 30 34 79 88 36 59 89 5 75 82
18 57 18 22 31 68 74 57
77 53 77 79 88 36 37 76 33 53
11 33 11 68 69 76 33
14 75 14 28 37 76 33 53 84 89 5 75
21 6 21 26 42 6
87 48 87 30 48
43 36 43 52 71 82 67 72 87 30 48 75 88 36
30 73 30 48 52 71 82 67 73
74 84 74 57 63 53 84
62 50 62 33 51 44 79 88 36 50
28 60 28 64 71 82 67 72 88 36 50 60
56 48 56 74 57 48
21 79 21 42 51 59 48 75 88 36 37 55 58 67 72 87 30 44 79
21 30 21 51 44 84 89 5 52 64 82 67 72 87 30
40 34 40 89 5 88 36 59 48 52 71 82 67 72 87 30 34
40 36 40 78 79 88 36
4 70 4 70
8 41 8 28 41
56 89 56 82 67 72 88 36 37 76 33 53 84 89
21 72 21 42 62 72
3 59 3 37 77 89 5 6 75 88 36 59
3 20 3 20
34 36 34 79 88 36
35 73 35 39 58 68 74 57 48 75 88 36 37 51 44 55 84 89 5 6 31 64 82 67 73
2 72 2 82 67 72
68 84 68 69 33 49 72 88 36 59 89 5 64 53 84
63 80 63 53 88 36 59 64 82 67 72 87 30 44 79 84 89 5 6 16 29 48 75 80
34 86 34 86
21 53 21 51 59 48 88 36 37 52 64 53
89 55 89 5 52 71 82 67 72 47 75 88 36 37 55
63 61 63 53 84 89 5 6 16 61
27 75 27 88 36 37 49 72 47 75
70 55 70 82 67 72 87 30 44 55
8 59 8 9 53 88 36 59
3 51 3 9 62 33 51
64 84 64 53 88 36 59 48 52 71 82 67 72 87 30 44 84
1 48 1 37 52 64 71 82 67 72 87 30 48
1 9 1 2 9
8 88 8 28 37 48 88
28 82 28 41 49 72 87 30 34 75 82
18 43 18 22 43
38 78 38 89 5 6 31 56 78
22 34 22 43 17 20 39 6 88 36 59 64 53 84 89 5 72 87 30 34
69 34 69 76 33 51 59 48 52 77 79 84 89 5 6 16 35 64 82 67 72 87 30 34
3 37 3 9 71 82 67 72 87 30 44 79 84 89 5 64 53 88 36 37
2 61 2 56 82 67 72 47 75 88 36 37 76 33 61
74 33 74 57 63 65 43 17 20 39 76 33
89 44 89 5 88 36 37 48 52 71 82 67 72 87 30 44
15 82 15 26 88 36 37 72 87 30 44 79 84 89 5 75 82
68 84 68 74 57 78 79 84
15 43 15 22 43
15 16 15 23 49 6 16
37 80 37 59 48 88 36 50 82 67 72 87 30 34 79 84 89 5 64 53 80
14 36 14 34 79 88 36
65 32 65 43 87 30 32
77 44 77 89 5 6 16 29 48 88 36 50 82 67 72 87 30 44
1 53 1 13 28 35 39 6 37 55 84 89 5 75 88 36 59 64 53
76 53 76 33 53
19 43 19 43
77 48 77 79 84 89 5 75 88 36 37 49 6 16 87 30 48
4 32 4 23 32
39 6 39 6
33 61 33 61
9 79 9 71 82 67 72 87 30 44 55 58 75 88 36 59 64 53 84 89 5 52 77 79
19 71 19 38 89 5 6 16 29 48 88 36 59 64 71
20 86 20 56 64 86
56 58 56 74 57 82 67 72 87 30 44 55 58
40 83 40 68 74 57 63 65 43 52 80 81 83
21 58 21 58
4 30 4 25 79 88 36 50 82 67 72 87 30
18 75 18 41 63 53 88 36 59 64 71 82 67 72 47 75
22 72 22 34 48 52 64 53 88 36 59 89 5 75 82 67 72
63 79 63 53 84 89 5 79
65 34 65 43 87 30 34
28 63 28 64 53 88 36 59 48 52 77 79 84 89 5 75 82 67 72 87 30 44 55 58 68 74 57 63
77 52 77 89 5 88 36 59 48 52
26 45 26 45
89 71 89 5 64 71
15 79 15 22 31 56 64 53 88 36 59 48 75 82 67 72 87 30 34 79
39 52 39 87 30 34 48 52
11 6 11 41 49 72 87 30 34 59 48 88 36 37 77 89 5 6
65 83 65 43 52 64 53 84 89 5 6 88 36 50 82 67 72 87 30 34 59 48 75 80 81 83
6 75 6 16 35 39 87 30 48 88 36 37 59 64 82 67 72 47 75
40 50 40 68 74 57 78 79 84 89 5 52 71 82 67 72 47 75 88 36 50
37 75 37 55 84 89 5 79 88 36 50 82 67 72 47 75
31 60 31 64 53 84 89 5 72 88 36 50 60
7 75 7 14 37 49 72 87 30 34 75
22 89 22 34 59 89
42 48 42 51 44 79 88 36 59 48
2 36 2 23 49 69 76 33 78 79 88 36
57 75 57 48 52 64 53 88 36 50 82 67 72 47 75
39 81 39 87 30 44 84 89 5 52 71 82 67 72 47 75 80 81
72 36 72 47 75 88 36
46 32 46 37 48 88 36 59 89 5 72 87 30 32
18 58 18 59 64 71 82 67 72 87 30 48 52 77 79 84 89 5 88 36 37 55 58
31 84 31 56 74 57 78 79 88 36 37 55 58 68 69 76 33 53 84
89 84 89 5 6 71 82 67 72 87 30 44 84
87 5 87 30 48 52 71 82 67 72 88 36 59 64 53 84 89 5
57 48 57 72 87 30 34 48
9 86 9 20 55 58 68 74 57 63 65 43 17 33 53 84 89 5 64 86
46 61 46 37 76 33 61
38 17 38 43 17
82 53 82 67 72 88 36 37 76 33 53
27 53 27 88 36 59 48 52 64 53
39 32 39 76 33 78 79 84 89 5 52 64 82 67 72 87 30 32
6 52 6 37 48 52
33 50 33 53 88 36 50
16 75 16 87 30 48 75
68 83 68 25 35 39 87 30 48 88 36 59 64 82 67 72 47 80 81 83
39 81 39 76 33 51 80 81
41 83 41 76 33 49 72 88 36 81 83
56 84 56 74 57 48 88 36 59 64 53 84
11 51 11 88 36 37 76 33 51
72 79 72 87 30 48 88 36 37 77 79
65 32 65 43 87 30 32
43 86 43 87 30 34 79 88 36 37 72 86
49 34 49 69 76 33 78 79 88 36 59 48 52 77 89 5 75 82 67 72 87 30 34
62 64 62 33 51 59 64
8 51 8 41 76 33 51
11 34 11 88 36 50 82 67 72 87 30 34
35 64 35 64
4 78 4 74 57 78
72 52 72 88 36 59 48 52
20 81 20 39 65 43 17 60 81
76 73 76 33 51 59 89 5 52 71 82 67 73
28 48 28 82 67 72 87 30 44 84 89 5 88 36 59 48
59 50 59 89 5 6 75 88 36 50
3 37 3 37
15 48 15 23 66 77 89 5 79 88 36 37 51 67 72 87 30 34 48
62 36 62 33 53 84 89 5 88 36
74 53 74 57 82 67 72 47 75 88 36 59 64 53
4 57 4 23 66 77 79 84 89 5 75 82 67 72 87 30 44 55 58 68 74 57
56 88 56 78 79 84 89 5 72 47 75 88
1 33 1 49 76 33
1 5 1 2 82 67 72 87 30 44 55 84 89 5
28 34 28 87 30 34
3 79 3 27 79
72 81 72 88 36 81
42 30 42 51 44 84 89 5 72 87 30
26 79 26 45 77 79
19 59 19 43 17 33 62 72 47 75 88 36 59
31 71 31 43 17 70 82 67 72 88 36 59 48 52 77 79 84 89 5 64 71
15 33 15 26 28 68 25 63 65 43 52 71 82 67 72 88 36 37 49 76 33
3 57 3 9 20 40 68 74 57
19 50 19 56 78 79 84 89 5 64 53 88 36 50
39 6 39 6
19 61 19 62 33 61
7 53 7 14 28 64 53
28 33 28 70 82 67 72 87 30 44 55 58 77 89 5 6 88 36 37 49 69 33
20 81 20 88 36 81
14 5 14 34 79 88 36 37 55 84 89 5
1 81 1 78 79 88 36 81
11 41 11 41
16 52 16 29 48 52
7 61 7 62 33 61
46 77 46 37 55 58 77
77 71 77 89 5 52 64 71
69 80 69 76 33 53 80
20 86 20 39 87 30 48 52 64 71 82 67 72 86
23 84 23 66 77 79 84
15 73 15 22 34 48 75 82 67 73
38 43 38 65 43
42 25 42 6 31 68 25
31 52 31 68 74 57 48 88 36 59 89 5 52
82 47 82 67 72 47
40 32 40 89 5 88 36 50 82 67 72 87 30 32
38 80 38 43 44 84 89 5 72 87 30 34 79 88 36 37 51 59 48 75 80
59 47 59 48 75 88 36 50 82 67 72 47
28 16 28 70 82 67 72 87 30 34 59 48 88 36 37 77 89 5 6 16
40 60 40 89 5 64 82 67 72 47 75 88 36 50 60
11 84 11 59 48 75 82 67 72 87 30 44 55 84
64 5 64 82 67 72 87 30 48 75 88 36 59 89 5
21 30 21 42 6 88 36 59 64 71 82 67 72 87 30
87 50 87 30 34 48 52 64 82 67 72 88 36 50
22 5 22 78 79 88 36 37 76 33 62 72 87 30 44 84 89 5
34 47 34 59 64 53 84 89 5 88 36 37 48 75 82 67 72 47
59 53 59 64 53
1 55 1 7 43 44 55
72 36 72 47 75 88 36
18 60 18 22 78 79 84 89 5 52 71 82 67 72 88 36 50 60
69 75 69 76 33 62 72 47 75
14 36 14 34 79 88 36
22 80 22 43 17 70 82 67 72 47 75 88 36 37 51 80
3 33 3 9 62 33
20 79 20 40 89 5 64 71 82 67 72 87 30 44 79
16 55 16 87 30 44 55
63 32 63 53 84 89 5 75 82 67 72 87 30 32
63 61 63 53 84 89 5 6 16 35 59 64 82 67 72 47 75 88 36 37 76 33 61
68 27 68 25 85 27
85 43 85 27 78 79 88 36 50 82 67 72 87 30 44 84 89 5 6 31 43
58 86 58 75 82 67 72 88 36 59 89 5 64 86
38 34 38 65 43 44 55 84 89 5 75 88 36 50 82 67 72 87 30 34
3 6 3 38 89 5 6
62 51 62 33 51
31 55 31 43 44 55
8 51 8 41 76 33 51
40 72 40 68 74 57 63 53 84 89 5 79 88 36 37 59 64 71 82 67 72
77 55 77 79 88 36 59 89 5 52 71 82 67 72 87 30 44 55
4 36 4 74 57 78 79 88 36
18 57 18 41 50 82 67 72 87 30 34 75 88 36 37 77 89 5 6 31 68 74 57
2 88 2 9 62 33 53 84 89 5 88
35 81 35 59 64 53 80 81
41 71 41 50 82 67 72 47 75 88 36 59 64 71
85 44 85 27 44
85 17 85 27 17
4 61 4 74 57 78 79 88 36 59 64 53 84 89 5 75 82 67 72 87 30 44 55 58 68 25 33 61
85 43 85 88 36 59 89 5 6 31 43
16 73 16 87 30 48 88 36 59 64 71 82 67 73
23 66 23 66
13 84 13 84
62 82 62 72 47 75 88 36 50 82
40 73 40 68 69 33 49 6 31 56 74 57 63 65 43 44 79 88 36 37 59 48 75 82 67 73
23 52 23 37 52
14 30 14 28 70 82 67 72 87 30
14 6 14 25 38 43 87 30 48 52 71 82 67 72 47 75 88 36 59 64 53 84 89 5 6
64 86 64 82 67 72 86
18 32 18 76 33 78 79 84 89 5 88 36 50 82 67 72 87 30 32
39 52 39 87 30 34 75 88 36 59 64 53 84 89 5 52
49 48 49 6 71 82 67 72 87 30 34 59 48
13 55 13 20 55
70 84 70 82 67 72 47 75 88 36 59 89 5 6 77 79 84
40 53 40 89 5 88 36 37 49 76 33 53
31 70 31 43 17 70
51 5 51 44 79 84 89 5
23 83 23 66 77 79 88 36 50 60 81 83
20 73 20 45 64 71 82 67 73
65 83 65 43 17 60 81 83
35 81 35 59 89 5 6 75 80 81
74 81 74 57 72 47 80 81
63 75 63 53 84 89 5 75
43 47 43 17 58 75 82 67 72 47
72 53 72 47 75 88 36 37 55 58 68 69 76 33 78 79 84 89 5 64 53
74 59 74 57 48 75 82 67 72 87 30 34 59
30 36 30 48 52 71 82 67 72 47 75 88 36
60 81 60 81
9 55 9 53 84 89 5 88 36 59 64 82 67 72 87 30 44 55
15 48 15 26 28 37 48
28 5 28 64 53 84 89 5
11 78 11 68 74 57 78
38 43 38 65 43
11 86 11 68 74 57 48 75 88 36 50 82 67 72 86
28 78 28 77 79 84 89 5 6 31 43 87 30 34 48 75 82 67 72 88 36 37 49 76 33 78
42 36 42 6 37 48 52 71 82 67 72 87 30 44 55 58 77 89 5 64 53 88 36
13 45 13 26 45
62 89 62 33 49 6 71 82 67 72 88 36 59 64 53 84 89
40 71 40 68 25 35 64 82 67 72 47 75 88 36 37 55 58 77 89 5 6 71
72 81 72 88 36 59 89 5 52 80 81
57 52 57 48 52
2 33 2 33
22 60 22 43 87 30 44 79 84 89 5 52 71 82 67 72 47 75 88 36 50 60
87 30 87 30
69 60 69 33 51 59 48 52 71 82 67 72 87 30 44 84 89 5 75 88 36 50 60
19 88 19 56 74 57 72 88
31 72 31 68 69 76 33 53 88 36 50 82 67 72
3 78 3 37 77 79 88 36 59 64 53 84 89 5 75 82 67 72 87 30 44 55 58 68 74 57 78
18 57 18 20 40 68 25 62 72 47 75 88 36 37 49 6 31 56 74 57
85 48 85 88 36 59 64 53 84 89 5 6 31 43 52 71 82 67 72 87 30 48
21 64 21 42 6 75 82 67 72 87 30 48 52 64
20 50 20 40 89 5 75 88 36 50
18 6 18 59 64 71 82 67 72 47 75 88 36 37 55 58 68 74 57 48 52 77 89 5 6
57 86 57 78 79 84 89 5 72 86
19 78 19 38 43 52 77 79 88 36 59 48 75 82 67 72 87 30 44 55 58 68 69 33 78
1 36 1 89 5 52 77 79 88 36
30 84 30 44 55 58 77 89 5 88 36 59 64 53 84
33 48 33 78 79 88 36 50 82 67 72 87 30 48
27 84 27 88 36 37 51 67 72 87 30 34 79 84
64 52 64 53 88 36 37 59 89 5 52
65 37 65 43 17 58 68 25 35 59 64 82 67 72 47 75 88 36 37
4 82 4 49 72 88 36 50 82
68 63 68 74 57 63
42 37 42 51 44 55 67 72 47 75 88 36 37
4 23 4 23
19 67 19 43 87 30 48 52 77 79 88 36 50 82 67
27 36 27 44 55 84 89 5 64 53 88 36
43 84 43 44 79 84
40 64 40 89 5 64
14 64 14 28 70 82 67 72 88 36 37 59 89 5 64
3 36 3 9 71 82 67 72 47 75 88 36
39 48 39 6 16 29 48
19 47 19 38 89 5 6 77 79 88 36 50 82 67 72 47
85 89 85 88 36 37 51 44 84 89
8 48 8 16 87 30 48
31 16 31 56 64 53 84 89 5 6 16
16 83 16 29 48 75 88 36 50 60 81 83
49 59 49 76 33 51 59
78 53 78 79 84 89 5 6 37 59 64 53
49 60 49 76 33 62 72 88 36 50 60
69 79 69 33 78 79
33 44 33 51 59 48 52 64 82 67 72 87 30 44
9 32 9 62 72 87 30 32
2 55 2 9 20 55
1 55 1 7 43 17 20 55
69 60 69 76 33 49 6 16 87 30 34 48 75 82 67 72 88 36 50 60
88 48 88 36 50 82 67 72 87 30 34 48
68 79 68 74 57 48 52 77 79
22 5 22 78 79 84 89 5
88 84 88 36 50 82 67 72 87 30 44 55 84
41 36 41 50 82 67 72 88 36
69 84 69 33 53 84
38 43 38 43
82 84 82 67 72 88 36 37 77 89 5 79 84
68 17 68 74 57 63 65 43 17
69 53 69 33 53
15 78 15 22 78
8 71 8 9 71
65 77 65 43 44 79 84 89 5 88 36 37 77
28 33 28 35 39 87 30 34 59 89 5 52 77 79 88 36 37 76 33
74 63 74 57 63
22 52 22 31 43 17 70 82 67 72 47 75 88 36 37 51 59 48 52
18 77 18 41 76 33 49 72 88 36 37 77
2 72 2 56 78 79 84 89 5 88 36 50 82 67 72
72 50 72 88 36 50
15 26 15 26
18 59 18 41 49 72 88 36 59
56 48 56 82 67 72 87 30 48
69 47 69 76 33 53 88 36 50 82 67 72 47
22 61 22 34 59 64 71 82 67 72 88 36 37 76 33 61
27 81 27 88 36 50 60 81
15 36 15 30 44 55 84 89 5 64 53 88 36
49 84 49 72 87 30 34 59 89 5 52 77 79 84
7 83 7 14 59 48 75 80 81 83
1 13 1 13
7 5 7 14 25 84 89 5
22 43 22 31 43
35 64 35 59 64
19 17 19 43 17
43 83 43 52 80 81 83
63 5 63 53 88 36 37 76 33 51 44 84 89 5
39 86 39 58 68 74 57 82 67 72 87 30 34 75 88 36 37 55 84 89 5 6 86
26 45 26 45
22 60 22 78 79 84 89 5 88 36 50 60
2 30 2 9 53 84 89 5 52 77 79 88 36 59 48 75 82 67 72 87 30
13 75 13 26 45 77 89 5 52 71 82 67 72 47 75
25 50 25 84 89 5 64 53 88 36 50
14 60 14 42 6 37 52 77 89 5 88 36 50 60
64 47 64 82 67 72 47
19 48 19 82 67 72 87 30 44 84 89 5 64 53 88 36 37 51 59 48
74 17 74 57 63 65 43 17
87 73 87 30 48 75 82 67 73
74 20 74 57 78 79 84 89 5 88 36 59 48 52 71 82 67 72 87 30 44 55 58 68 25 63 65 43 17 20
72 36 72 87 30 44 79 88 36
28 6 28 37 49 6
15 80 15 23 66 77 79 88 36 37 51 59 48 75 80
37 5 37 59 48 88 36 50 82 67 72 87 30 44 55 58 77 89 5
30 71 30 34 79 88 36 59 64 71
88 55 88 36 37 55
1 81 1 13 60 81
59 81 59 48 52 77 79 88 36 81
74 57 74 57
4 72 4 25 35 64 71 82 67 72
41 71 41 49 6 71
40 88 40 89 5 79 88
35 58 35 39 58
31 32 31 64 53 88 36 50 82 67 72 87 30 32
39 33 39 76 33
88 32 88 36 37 72 87 30 32
38 59 38 65 43 52 71 82 67 72 87 30 34 79 88 36 59
33 86 33 62 72 86
88 52 88 36 37 55 84 89 5 6 16 29 48 52
22 51 22 31 68 25 82 67 72 87 30 34 75 88 36 37 51
87 34 87 30 34
31 43 31 43
78 52 78 79 84 89 5 88 36 59 48 52
9 5 9 53 88 36 59 64 71 82 67 72 87 30 48 52 77 79 84 89 5
62 33 62 33
59 79 59 48 52 64 71 82 67 72 87 30 34 75 88 36 37 76 33 51 44 84 89 5 79
39 84 39 58 68 69 33 53 88 36 37 55 67 72 87 30 34 79 84
8 75 8 9 62 72 47 75
2 80 2 33 53 80
28 79 28 68 25 35 64 53 88 36 50 82 67 72 87 30 44 79
18 83 18 20 88 36 59 89 5 72 47 80 81 83
37 55 37 55
14 82 14 25 63 53 88 36 50 82
6 47 6 88 36 50 82 67 72 47
14 36 14 34 75 88 36
89 71 89 5 6 71
22 71 22 78 79 84 89 5 52 64 71
11 16 11 88 36 50 82 67 72 87 30 34 59 89 5 6 16
46 88 46 37 49 6 88
18 79 18 76 33 78 79
19 52 19 62 33 78 79 88 36 59 89 5 52
31 43 31 43
6 53 6 77 79 84 89 5 88 36 59 64 53
37 83 37 55 84 89 5 64 71 82 67 72 87 30 44 79 88 36 50 60 81 83
77 47 77 89 5 72 47
76 84 76 33 53 84
18 78 18 22 78
35 44 35 64 82 67 72 87 30 44
35 30 35 59 64 71 82 67 72 87 30
21 41 21 26 28 41
31 20 31 43 17 20
49 51 49 69 76 33 51
76 25 76 33 78 79 88 36 59 64 82 67 72 87 30 48 52 77 89 5 6 31 68 25
57 71 57 82 67 72 87 30 48 88 36 59 89 5 52 64 71
82 84 82 67 72 87 30 44 79 88 36 37 55 84
19 86 19 62 72 86
38 59 38 89 5 6 88 36 59
72 52 72 47 75 88 36 59 48 52
4 37 4 23 37
39 43 39 65 43
22 55 22 78 79 84 89 5 88 36 37 51 44 55
14 29 14 42 6 16 29
11 60 11 41 50 60
14 64 14 25 79 84 89 5 64
65 52 65 43 52
68 55 68 74 57 82 67 72 87 30 34 59 89 5 75 88 36 37 51 44 55
88 5 88 36 50 82 67 72 87 30 44 79 84 89 5
62 81 62 33 78 79 88 36 59 48 52 80 81
19 61 19 82 67 72 47 75 88 36 37 77 79 84 89 5 6 16 61
76 51 76 33 51
35 51 35 59 48 52 71 82 67 72 47 75 88 36 37 51
18 61 18 20 40 89 5 6 16 61
85 43 85 88 36 37 51 44 84 89 5 6 31 43
42 86 42 51 86
72 48 72 87 30 48
1 53 1 13 74 57 78 79 84 89 5 88 36 37 52 64 53
35 43 35 39 65 43
23 48 23 66 77 79 88 36 59 48
13 36 13 74 57 48 75 88 36
82 81 82 67 72 88 36 81
49 58 49 69 76 33 51 44 55 58
27 84 27 44 84
23 80 23 66 77 79 84 89 5 88 36 50 82 67 72 87 30 34 59 64 53 80
87 17 87 30 44 55 84 89 5 6 31 43 17
88 73 88 36 37 72 47 75 82 67 73
65 80 65 43 87 30 48 52 71 82 67 72 47 75 88 36 59 64 53 80
22 50 22 31 43 17 33 78 79 88 36 50
65 73 65 43 44 55 84 89 5 72 87 30 48 88 36 50 82 67 73
14 81 14 37 51 80 81
6 50 6 37 76 33 51 67 72 87 30 44 79 88 36 50
3 25 3 27 78 79 84 89 5 52 71 82 67 72 87 30 44 55 58 68 25
69 51 69 76 33 53 84 89 5 88 36 37 51
28 63 28 41 63
49 83 49 6 75 82 67 72 87 30 48 88 36 37 77 79 83
7 80 7 64 82 67 72 47 80
4 73 4 74 57 72 47 75 82 67 73
18 71 18 20 55 58 75 88 36 59 48 52 71
82 32 82 67 72 87 30 32
41 17 41 50 82 67 72 87 30 44 79 88 36 59 89 5 6 31 68 74 57 63 65 43 17
3 73 3 37 51 59 48 88 36 50 82 67 73
11 89 11 68 69 33 53 84 89
3 43 3 27 88 36 37 55 58 68 74 57 63 65 43
65 51 65 43 17 78 79 88 36 37 51
77 53 77 79 84 89 5 52 64 53
74 17 74 57 82 67 72 88 36 37 51 59 64 53 84 89 5 6 31 43 17
37 75 37 51 59 89 5 75
68 88 68 25 62 33 51 59 48 52 77 79 84 89 5 75 88
15 86 15 26 42 51 67 72 86
85 52 85 27 17 78 79 84 89 5 52
22 5 22 43 44 84 89 5
76 44 76 33 51 59 64 82 67 72 47 75 88 36 37 52 77 79 84 89 5 6 16 35 39 87 30 44
77 48 77 89 5 64 82 67 72 87 30 34 59 48
28 80 28 82 67 72 88 36 37 51 59 48 75 80
59 61 59 89 5 75 82 67 72 88 36 37 49 69 33 61
68 89 68 74 57 78 79 88 36 50 82 67 72 87 30 44 55 84 89
62 80 62 72 87 30 48 52 80
37 47 37 59 64 82 67 72 47
26 79 26 42 6 71 82 67 72 87 30 34 75 88 36 37 48 52 77 89 5 79
88 47 88 36 59 48 52 64 82 67 72 47
25 71 25 35 39 6 71
87 60 87 30 34 48 75 82 67 72 88 36 50 60
56 79 56 64 71 82 67 72 88 36 59 48 52 77 79
4 80 4 49 6 88 36 37 72 87 30 34 48 75 80
27 44 27 79 84 89 5 88 36 50 82 67 72 87 30 44
85 60 85 27 88 36 50 60
23 44 23 37 52 77 79 84 89 5 64 82 67 72 87 30 44
38 84 38 89 5 75 82 67 72 87 30 48 88 36 59 64 53 84
57 61 57 48 88 36 37 76 33 61
16 83 16 29 48 88 36 37 76 33 78 79 83
41 5 41 57 63 65 43 52 77 89 5
28 6 28 35 64 82 67 72 47 75 88 36 59 48 52 77 89 5 6
39 81 39 65 43 87 30 34 59 64 71 82 67 72 47 75 88 36 50 60 81
18 52 18 20 45 50 82 67 72 87 30 48 75 88 36 37 52
22 32 22 43 87 30 32
3 67 3 37 76 33 53 88 36 59 64 82 67
64 17 64 71 82 67 72 47 75 88 36 37 52 77 89 5 6 31 68 25 38 43 17
78 86 78 79 88 36 50 82 67 72 86
38 51 38 65 43 52 71 82 67 72 87 30 48 75 88 36 37 51
59 29 59 64 71 82 67 72 47 75 88 36 37 48 52 77 79 84 89 5 6 16 29
46 30 46 37 49 72 87 30
74 29 74 57 82 67 72 47 75 88 36 59 48 52 64 53 84 89 5 6 16 29
62 29 62 72 87 30 44 55 84 89 5 6 16 29
2 86 2 56 82 67 72 86
8 73 8 62 72 88 36 50 82 67 73
9 47 9 20 56 78 79 88 36 50 82 67 72 47
40 72 40 78 79 84 89 5 75 82 67 72
51 81 51 80 81
18 70 18 41 70
13 71 13 29 48 75 88 36 59 64 71
11 43 11 68 74 57 63 65 43
65 43 65 43
49 77 49 76 33 78 79 84 89 5 52 77
9 32 9 53 88 36 50 82 67 72 87 30 32
18 36 18 20 55 58 75 88 36
43 5 43 44 84 89 5
6 44 6 16 87 30 44
9 67 9 62 72 87 30 48 75 88 36 50 82 67
40 84 40 68 74 57 78 79 84
64 83 64 53 84 89 5 79 88 36 50 82 67 72 47 80 81 83
56 43 56 82 67 72 88 36 37 48 52 64 53 84 89 5 6 31 43
20 75 20 39 87 30 34 59 48 88 36 50 82 67 72 47 75
42 75 42 51 67 72 47 75
13 61 13 26 42 62 33 61
38 77 38 89 5 64 71 82 67 72 47 75 88 36 59 48 52 77
72 80 72 88 36 37 48 75 80
65 33 65 43 52 71 82 67 72 87 30 48 88 36 37 76 33
35 33 35 39 76 33
46 67 46 37 59 64 71 82 67
4 47 4 25 40 78 79 84 89 5 6 31 56 64 82 67 72 47
51 73 51 44 79 88 36 50 82 67 73
59 79 59 64 53 84 89 5 72 87 30 48 88 36 37 52 77 79
30 83 30 48 75 80 81 83
6 71 6 71
49 51 49 69 76 33 51
38 64 38 89 5 52 64
6 48 6 37 59 48
35 57 35 39 87 30 48 75 88 36 59 89 5 6 31 56 74 57
43 80 43 87 30 48 75 82 67 72 47 80
25 73 25 84 89 5 6 37 48 75 88 36 50 82 67 73
11 83 11 59 89 5 79 83
56 34 56 74 57 63 65 43 44 84 89 5 88 36 59 64 71 82 67 72 87 30 34
62 50 62 33 78 79 88 36 50
40 52 40 68 74 57 63 65 43 44 84 89 5 88 36 37 51 67 72 87 30 48 52
19 57 19 56 74 57
39 36 39 65 43 87 30 44 84 89 5 52 64 71 82 67 72 47 75 88 36
4 51 4 82 67 72 87 30 48 75 88 36 37 51
11 81 11 41 49 69 33 78 79 84 89 5 52 71 82 67 72 87 30 48 75 80 81
8 81 8 28 77 89 5 6 71 82 67 72 47 80 81
40 5 40 78 79 84 89 5
18 75 18 59 64 82 67 72 47 75
22 25 22 43 52 71 82 67 72 87 30 48 88 36 37 55 58 68 25
87 52 87 30 48 52
4 43 4 74 57 63 65 43
38 77 38 65 43 44 84 89 5 52 77
63 73 63 53 84 89 5 6 77 79 88 36 50 82 67 73
15 47 15 22 31 64 82 67 72 47
16 61 16 61
15 64 15 30 48 88 36 37 55 84 89 5 64
39 72 39 76 33 51 59 64 82 67 72
33 36 33 62 72 47 75 88 36
89 55 89 5 6 88 36 50 82 67 72 87 30 44 55
87 70 87 30 44 55 58 68 74 57 63 65 43 17 70
46 78 46 37 49 76 33 78
28 88 28 35 59 48 52 64 82 67 72 87 30 34 79 88
78 55 78 79 88 36 50 82 67 72 87 30 44 55
68 75 68 25 79 88 36 59 89 5 52 64 82 67 72 87 30 34 75
15 30 15 22 34 48 88 36 50 82 67 72 87 30
21 88 21 58 68 74 57 82 67 72 47 75 88
35 51 35 59 64 71 82 67 72 47 75 88 36 37 49 69 76 33 51
18 6 18 76 33 62 72 87 30 34 75 88 36 37 49 6
15 80 15 23 49 69 33 51 80
7 50 7 64 71 82 67 72 88 36 50
69 30 69 76 33 53 84 89 5 64 82 67 72 87 30
22 51 22 31 64 82 67 72 87 30 48 88 36 37 49 76 33 51
31 80 31 64 82 67 72 47 75 80
28 86 28 35 64 86
78 86 78 79 88 36 37 76 33 49 72 86
3 5 3 38 43 87 30 44 55 84 89 5
1 50 1 51 59 89 5 72 87 30 34 79 88 36 50
70 73 70 82 67 73
6 55 6 75 88 36 37 55
82 79 82 67 72 47 75 88 36 37 55 84 89 5 79
20 84 20 55 84
31 72 31 68 25 40 78 79 88 36 37 76 33 53 84 89 5 52 64 71 82 67 72
2 66 2 23 66
31 80 31 56 82 67 72 47 80
69 37 69 76 33 49 6 75 88 36 37
34 50 34 59 64 82 67 72 87 30 48 52 77 79 88 36 50
14 48 14 34 59 89 5 75 88 36 50 82 67 72 87 30 48
40 64 40 68 74 57 48 52 64
42 86 42 6 88 36 37 59 64 86
23 61 23 37 76 33 61
74 67 74 57 78 79 88 36 50 82 67
87 86 87 30 44 84 89 5 64 86
65 20 65 43 17 20
9 47 9 62 72 47
30 73 30 44 55 58 75 82 67 73
13 61 13 67 72 87 30 48 52 64 53 88 36 37 49 76 33 61
43 84 43 44 84
9 73 9 71 82 67 73
63 83 63 53 80 81 83
18 5 18 22 31 56 82 67 72 88 36 59 89 5
4 5 4 25 85 27 78 79 84 89 5
11 77 11 68 25 38 65 43 52 77
39 83 39 65 43 17 20 40 89 5 64 53 88 36 59 48 52 80 81 83
64 53 64 53
68 57 68 74 57
58 86 58 75 88 36 59 64 86
21 61 21 58 68 69 33 61
39 44 39 6 75 88 36 50 82 67 72 87 30 44
39 6 39 6
58 73 58 77 89 5 52 64 71 82 67 73
62 48 62 33 51 44 79 88 36 37 48
49 59 49 76 33 78 79 88 36 37 52 77 89 5 75 82 67 72 87 30 34 59
18 70 18 41 70
2 83 2 25 85 88 36 50 82 67 72 47 80 81 83
27 5 27 44 55 84 89 5
87 60 87 30 44 55 84 89 5 72 47 75 88 36 50 60
16 55 16 35 39 87 30 44 55
85 33 85 27 79 84 89 5 6 31 56 82 67 72 47 75 88 36 37 76 33
42 34 42 62 72 87 30 34
62 37 62 72 87 30 44 79 88 36 37
57 48 57 48
38 58 38 43 17 58
69 30 69 76 33 78 79 84 89 5 72 87 30
65 33 65 43 17 33
41 44 41 49 69 76 33 51 44
76 80 76 33 62 72 47 80
3 72 3 82 67 72
22 33 22 34 48 52 71 82 67 72 87 30 44 79 84 89 5 88 36 37 76 33
21 80 21 58 68 74 57 48 52 77 79 88 36 37 49 6 75 80
64 5 64 82 67 72 47 75 88 36 37 77 79 84 89 5
70 47 70 82 67 72 47
58 48 58 67 72 87 30 34 48
14 81 14 59 64 53 88 36 37 51 80 81
22 51 22 34 79 88 36 37 51
18 82 18 41 63 65 43 17 58 67 72 88 36 50 82
37 84 37 52 64 82 67 72 47 75 88 36 59 89 5 79 84
56 55 56 78 79 88 36 37 55
13 67 13 67
76 47 76 33 62 72 47
25 83 25 85 88 36 59 48 75 80 81 83
82 48 82 67 72 47 75 88 36 59 48
14 83 14 37 49 72 47 75 88 36 50 60 81 83
69 59 69 76 33 78 79 84 89 5 88 36 59
26 5 26 28 35 59 89 5
35 47 35 59 64 82 67 72 47
4 72 4 30 48 88 36 59 64 71 82 67 72
56 59 56 82 67 72 88 36 37 59
64 75 64 71 82 67 72 88 36 37 52 77 89 5 75
11 50 11 88 36 50
88 5 88 36 37 77 79 84 89 5
87 52 87 30 44 79 88 36 37 51 59 48 52
14 79 14 25 79
14 25 14 25
51 86 51 59 48 52 64 71 82 67 72 86
30 36 30 48 52 71 82 67 72 88 36
42 50 42 62 33 51 44 79 88 36 50
15 82 15 30 34 59 64 82
31 83 31 43 87 30 34 59 64 53 84 89 5 6 75 80 81 83
46 48 46 37 49 6 16 35 39 76 33 62 72 87 30 48
57 81 57 82 67 72 47 75 80 81
23 79 23 66 77 79
28 61 28 70 82 67 72 47 75 88 36 59 64 53 84 89 5 6 16 61
35 81 35 39 6 16 87 30 34 59 48 52 77 79 84 89 5 75 88 36 50 82 67 72 47 80 81
18 79 18 22 34 48 52 64 71 82 67 72 88 36 59 89 5 79
38 63 38 65 43 52 77 79 84 89 5 88 36 50 82 67 72 87 30 44 55 58 68 74 57 63
27 52 27 78 79 88 36 50 82 67 72 87 30 44 84 89 5 6 31 43 52
18 86 18 20 45 50 82 67 72 87 30 44 84 89 5 79 88 36 59 64 86
34 61 34 75 88 36 37 76 33 61
8 20 8 9 20
62 53 62 33 53
49 55 49 69 33 51 44 55
8 43 8 41 63 65 43
23 5 23 37 77 89 5
69 84 69 76 33 62 72 88 36 59 89 5 6 31 68 25 38 65 43 44 84
70 52 70 82 67 72 87 30 44 84 89 5 75 88 36 37 51 59 48 52
89 52 89 5 64 71 82 67 72 47 75 88 36 37 51 59 48 52
40 53 40 68 25 85 27 88 36 37 77 79 84 89 5 6 71 82 67 72 87 30 48 52 64 53
42 81 42 62 33 49 72 88 36 81
28 75 28 70 82 67 72 47 75
76 77 76 33 51 59 89 5 52 77
87 64 87 30 48 52 64
23 75 23 49 6 16 87 30 48 75
18 64 18 20 40 78 79 84 89 5 88 36 59 64
23 61 23 37 76 33 61
85 16 85 27 44 84 89 5 6 16
14 83 14 37 51 59 89 5 52 71 82 67 72 87 30 48 75 88 36 50 60 81 83
6 48 6 88 36 59 48
42 73 42 62 33 53 84 89 5 64 71 82 67 73
89 36 89 5 88 36
19 88 19 77 79 88
65 6 65 43 87 30 48 52 77 79 88 36 37 51 44 84 89 5 6
38 72 38 65 43 52 71 82 67 72
18 25 18 20 40 68 25
19 71 19 43 44 79 84 89 5 64 71
35 32 35 39 87 30 32
38 67 38 43 44 79 88 36 50 82 67
43 55 43 44 79 88 36 37 55
87 52 87 30 48 52
30 52 30 48 52
26 80 26 42 51 80
69 5 69 76 33 78 79 84 89 5
16 50 16 35 64 82 67 72 87 30 48 88 36 50
57 73 57 82 67 73
63 67 63 65 43 44 55 58 67
49 47 49 6 16 35 59 64 53 88 36 50 82 67 72 47
19 60 19 82 67 72 87 30 44 84 89 5 75 88 36 50 60
18 58 18 22 43 44 55 58
58 47 58 68 74 57 78 79 88 36 59 64 82 67 72 47
87 67 87 30 44 84 89 5 6 77 79 88 36 59 48 52 71 82 67
20 75 20 40 68 74 57 63 53 84 89 5 52 77 79 88 36 50 82 67 72 87 30 44 55 58 75
14 88 14 37 49 6 31 43 44 79 88
40 55 40 78 79 84 89 5 75 88 36 50 82 67 72 87 30 44 55
63 73 63 53 88 36 37 72 87 30 34 79 84 89 5 64 82 67 73
25 61 25 33 61
7 48 7 64 53 84 89 5 52 77 79 88 36 59 48
26 50 26 45 77 89 5 52 64 53 88 36 50
19 53 19 43 17 70 82 67 72 47 75 88 36 59 64 53
4 43 4 25 38 43
65 82 65 43 52 77 89 5 88 36 37 51 67 82
22 36 22 31 68 74 57 72 87 30 34 59 89 5 88 36
9 50 9 53 88 36 50
49 50 49 6 77 79 88 36 50
69 50 69 33 51 59 48 88 36 50
15 81 15 22 31 64 71 82 67 72 47 75 88 36 81
4 86 4 70 82 67 72 86
38 52 38 43 52
2 79 2 78 79
8 67 8 9 20 40 89 5 6 37 52 64 71 82 67
1 26 1 13 26
70 29 70 82 67 72 88 36 37 77 79 84 89 5 6 16 29
39 48 39 76 33 78 79 84 89 5 64 53 88 36 50 82 67 72 87 30 48
16 80 16 35 64 71 82 67 72 88 36 37 55 84 89 5 75 80
65 33 65 43 17 33
38 84 38 65 43 17 58 68 25 63 53 88 36 37 52 77 79 84
85 73 85 27 78 79 84 89 5 88 36 50 82 67 73
70 80 70 82 67 72 47 80
85 51 85 88 36 37 51
9 48 9 71 82 67 72 87 30 48
2 77 2 78 79 84 89 5 6 16 35 64 71 82 67 72 87 30 44 55 58 68 74 57 63 65 43 52 77
18 77 18 22 78 79 84 89 5 75 88 36 59 48 52 77
31 67 31 56 82 67
4 81 4 23 49 76 33 78 79 88 36 81
23 83 23 66 78 79 83
27 48 27 88 36 59 89 5 75 82 67 72 87 30 48
19 58 19 69 33 51 44 84 89 5 64 71 82 67 72 47 75 88 36 37 55 58
37 55 37 55
65 59 65 43 52 71 82 67 72 88 36 37 59
8 73 8 16 87 30 34 79 88 36 59 89 5 75 82 67 73
76 30 76 33 53 88 36 37 77 79 84 89 5 52 64 82 67 72 87 30
87 5 87 30 48 52 71 82 67 72 88 36 37 51 59 64 53 84 89 5
34 53 34 79 88 36 37 52 71 82 67 72 87 30 44 84 89 5 64 53
76 6 76 33 49 6
42 83 42 6 88 36 81 83
51 73 51 44 79 88 36 59 89 5 72 87 30 34 75 82 67 73
39 89 39 6 88 36 37 51 44 79 84 89
87 73 87 30 44 84 89 5 72 47 75 82 67 73
74 44 74 57 63 65 43 44
46 50 46 37 77 89 5 88 36 50
42 50 42 62 33 53 84 89 5 75 82 67 72 87 30 34 79 88 36 50
31 34 31 64 53 84 89 5 79 88 36 37 76 33 49 72 87 30 34
21 17 21 42 6 31 64 53 84 89 5 75 82 67 72 87 30 44 55 58 68 74 57 63 65 43 17
77 80 77 89 5 75 80
22 89 22 34 79 88 36 37 52 64 71 82 67 72 87 30 44 55 84 89
40 53 40 68 74 57 78 79 88 36 59 48 52 64 53
18 82 18 22 31 56 82
88 52 88 36 59 89 5 52
8 50 8 16 35 39 6 31 68 74 57 78 79 88 36 50
56 30 56 64 82 67 72 87 30
56 60 56 82 67 72 47 75 88 36 50 60
68 6 68 74 57 63 65 43 52 71 82 67 72 87 30 34 75 88 36 37 49 69 76 33 51 59 64 53 84 89 5 6
33 36 33 51 44 79 88 36
62 84 62 72 88 36 59 89 5 52 77 79 84
9 73 9 53 88 36 59 48 52 64 71 82 67 73
31 86 31 43 87 30 44 84 89 5 72 86
15 66 15 23 66
11 53 11 59 64 53
85 36 85 88 36
4 58 4 23 66 77 79 84 89 5 88 36 37 48 75 82 67 72 87 30 44 55 58
39 80 39 76 33 62 72 47 80
8 64 8 28 64
49 61 49 76 33 61
56 88 56 78 79 88
15 44 15 30 44
15 73 15 26 45 77 89 5 88 36 37 72 47 75 82 67 73
1 60 1 37 77 89 5 6 88 36 50 60
1 32 1 49 6 16 29 48 75 88 36 59 89 5 72 87 30 32
65 88 65 43 17 70 82 67 72 88
63 67 63 65 43 17 33 51 44 84 89 5 72 87 30 48 88 36 50 82 67
37 5 37 55 58 68 74 57 78 79 84 89 5
11 48 11 59 48
16 32 16 35 59 89 5 75 88 36 50 82 67 72 87 30 32
41 67 41 49 69 33 51 44 55 84 89 5 79 88 36 59 64 71 82 67
62 82 62 72 88 36 50 82
49 55 49 72 88 36 37 55
18 53 18 20 88 36 37 52 77 79 84 89 5 64 53
43 44 43 44
72 29 72 87 30 44 84 89 5 6 16 29
40 51 40 68 69 76 33 51
40 75 40 78 79 88 36 50 82 67 72 47 75
68 67 68 74 57 82 67
78 52 78 79 88 36 59 89 5 72 87 30 48 52
82 73 82 67 73
57 80 57 72 47 80
82 67 82 67
74 89 74 57 63 53 88 36 59 89
14 53 14 25 33 53
82 83 82 67 72 47 75 88 36 59 89 5 79 83
28 58 28 87 30 48 52 71 82 67 72 47 75 88 36 59 64 53 84 89 5 6 37 76 33 51 44 55 58
22 32 22 78 79 84 89 5 72 87 30 32
88 44 88 36 50 82 67 72 87 30 44
68 17 68 25 85 27 17
85 37 85 88 36 37
62 55 62 72 87 30 44 55
35 60 35 39 6 37 77 89 5 72 47 75 88 36 50 60
82 44 82 67 72 88 36 37 51 44
35 6 35 64 82 67 72 47 75 88 36 37 52 77 89 5 6
89 36 89 5 6 77 79 88 36
69 34 69 76 33 62 72 87 30 34
87 89 87 30 34 48 52 71 82 67 72 88 36 37 51 44 79 84 89
74 88 74 57 82 67 72 88
58 79 58 68 74 57 72 88 36 37 77 79
42 81 42 62 33 78 79 84 89 5 64 53 80 81
15 57 15 22 31 68 74 57
35 32 35 39 76 33 53 88 36 50 82 67 72 87 30 32
69 73 69 33 51 44 55 84 89 5 75 82 67 73
46 32 46 37 59 48 75 82 67 72 87 30 32
2 45 2 9 20 45
56 67 56 74 57 72 47 75 82 67
14 86 14 28 87 30 34 59 89 5 88 36 37 76 33 51 86
68 63 68 74 57 63
19 52 19 38 65 43 17 70 82 67 72 47 75 88 36 37 59 64 53 84 89 5 6 31 68 74 57 48 52
11 44 11 59 64 82 67 72 47 75 88 36 37 76 33 51 44
82 17 82 67 72 87 30 44 79 84 89 5 75 88 36 37 55 58 68 25 38 43 17
15 5 15 23 37 55 67 72 87 30 44 84 89 5
31 59 31 64 53 84 89 5 52 71 82 67 72 87 30 44 55 58 77 79 88 36 37 51 59
7 73 7 62 72 88 36 37 48 75 82 67 73
74 32 74 57 78 79 88 36 37 76 33 51 67 72 87 30 32
38 72 38 65 43 52 64 71 82 67 72
82 32 82 67 72 87 30 32
21 47 21 42 6 88 36 59 48 75 82 67 72 47
26 47 26 88 36 59 48 75 82 67 72 47
65 37 65 43 87 30 44 84 89 5 52 71 82 67 72 47 75 88 36 37
9 29 9 71 82 67 72 87 30 34 75 88 36 59 89 5 6 16 29
31 59 31 56 74 57 48 75 82 67 72 87 30 44 79 88 36 59
59 67 59 89 5 6 77 79 88 36 50 82 67
2 34 2 9 53 84 89 5 79 88 36 37 48 52 71 82 67 72 87 30 34
18 57 18 41 57
77 50 77 89 5 75 88 36 50
57 67 57 78 79 88 36 37 48 52 64 71 82 67
7 75 7 43 44 55 58 75
76 86 76 33 78 79 88 36 59 48 75 82 67 72 86
25 67 25 79 88 36 50 82 67
42 5 42 6 31 68 25 85 27 17 58 77 89 5
9 86 9 62 72 88 36 37 51 86
41 36 41 63 65 43 44 79 88 36
22 64 22 31 64
11 86 11 88 36 50 82 67 72 86
69 67 69 33 53 88 36 37 49 72 87 30 44 79 84 89 5 64 71 82 67
11 33 11 68 69 33
76 37 76 33 53 84 89 5 88 36 37
87 5 87 30 44 79 84 89 5
18 33 18 20 40 68 69 76 33
37 52 37 48 52
46 88 46 37 55 58 67 72 87 30 48 52 77 89 5 75 88
33 48 33 53 84 89 5 64 71 82 67 72 87 30 34 48
65 30 65 43 87 30
43 86 43 17 33 49 6 37 48 88 36 59 89 5 72 86
31 79 31 43 44 55 84 89 5 75 88 36 50 82 67 72 87 30 48 52 77 79
4 81 4 82 67 72 47 80 81
39 78 39 76 33 78
87 37 87 30 44 79 84 89 5 6 88 36 37
85 61 85 88 36 37 52 64 82 67 72 87 30 44 79 84 89 5 6 16 61
46 50 46 37 55 84 89 5 72 87 30 34 75 88 36 50
2 43 2 25 38 65 43
9 50 9 62 33 53 84 89 5 75 88 36 50
9 55 9 20 55
38 5 38 65 43 52 77 89 5
18 75 18 41 63 65 43 87 30 44 84 89 5 72 47 75
18 67 18 76 33 53 88 36 59 89 5 75 82 67
1 17 1 13 20 45 77 79 84 89 5 75 82 67 72 88 36 37 55 58 68 74 57 63 65 43 17
69 55 69 76 33 53 88 36 37 55
87 55 87 30 44 55
27 86 27 78 79 88 36 37 48 52 77 89 5 75 82 67 72 87 30 34 86
8 75 8 41 49 69 33 53 88 36 37 52 71 82 67 72 87 30 48 75
18 80 18 22 34 75 80
2 44 2 56 78 79 84 89 5 72 87 30 44
38 43 38 43
34 83 34 59 48 52 77 79 83
31 16 31 68 25 38 89 5 6 16
89 86 89 5 6 88 36 59 64 86
87 47 87 30 44 79 88 36 50 82 67 72 47
76 86 76 33 62 72 86
85 44 85 27 44
51 53 51 44 79 88 36 59 64 53
39 64 39 76 33 78 79 88 36 59 64
76 51 76 33 51
37 75 37 77 89 5 79 88 36 59 48 75
21 36 21 51 59 64 53 88 36
38 78 38 43 52 71 82 67 72 88 36 59 89 5 6 31 56 74 57 78
14 88 14 28 68 25 82 67 72 88
43 36 43 44 79 88 36
22 67 22 31 43 52 64 53 84 89 5 88 36 37 49 69 76 33 51 59 48 75 82 67
78 81 78 79 84 89 5 64 53 80 81
62 67 62 72 47 75 88 36 37 59 48 52 71 82 67
88 84 88 36 37 48 52 77 79 84
68 17 68 25 35 39 65 43 17
87 88 87 30 44 55 58 75 88
20 45 20 45
31 78 31 43 17 20 56 78
69 6 69 76 33 51 59 48 52 71 82 67 72 47 75 88 36 37 49 6
21 73 21 51 67 73
13 86 13 20 45 64 86
57 81 57 82 67 72 87 30 48 75 80 81
11 58 11 59 89 5 79 88 36 37 49 69 33 51 44 55 58
3 30 3 30
13 80 13 68 74 57 78 79 84 89 5 88 36 37 49 76 33 51 44 55 67 72 87 30 34 75 80
1 9 1 2 9
76 44 76 33 51 44
15 60 15 26 45 77 79 84 89 5 52 64 82 67 72 47 75 88 36 50 60
88 47 88 36 37 49 72 47
11 81 11 41 70 81
85 84 85 88 36 37 59 64 53 84
68 89 68 74 57 78 79 84 89
18 30 18 22 34 79 84 89 5 72 87 30
3 83 3 30 34 48 88 36 37 77 79 84 89 5 52 71 82 67 72 47 80 81 83
42 32 42 6 16 87 30 32
14 72 14 42 6 77 89 5 64 71 82 67 72
70 83 70 83
40 81 40 89 5 64 82 67 72 47 80 81
68 5 68 69 33 49 6 16 29 48 52 77 79 88 36 37 51 44 84 89 5
18 16 18 20 45 64 71 82 67 72 47 75 88 36 37 52 77 79 84 89 5 6 16
11 41 11 41
20 73 20 39 76 33 49 72 87 30 34 75 88 36 37 52 64 71 82 67 73
63 17 63 65 43 17
28 29 28 64 71 82 67 72 87 30 44 84 89 5 6 16 29
42 32 42 51 59 64 82 67 72 87 30 32
31 25 31 68 25
7 32 7 43 44 79 84 89 5 52 64 53 88 36 37 72 87 30 32
38 44 38 89 5 6 37 51 44
16 61 16 61
11 71 11 41 50 82 67 72 88 36 59 89 5 64 71
42 34 42 51 59 48 52 64 71 82 67 72 87 30 34
18 75 18 41 57 48 52 77 89 5 75
69 43 69 33 49 6 31 43
2 73 2 82 67 73
69 34 69 33 78 79 84 89 5 88 36 37 48 52 71 82 67 72 87 30 34
38 55 38 43 44 55
11 89 11 41 57 72 88 36 37 55 58 77 79 84 89
15 52 15 30 48 75 82 67 72 88 36 37 52
38 37 38 65 43 17 58 68 69 33 78 79 84 89 5 64 82 67 72 87 30 34 75 88 36 37
4 64 4 82 67 72 87 30 44 79 88 36 37 48 52 77 89 5 6 31 43 17 20 56 64
87 71 87 30 34 48 52 71
21 58 21 58
40 5 40 78 79 84 89 5
51 80 51 80
49 79 49 6 31 68 74 57 78 79
68 32 68 69 33 53 84 89 5 88 36 50 82 67 72 87 30 32
77 52 77 89 5 75 88 36 37 48 52
25 81 25 40 78 79 88 36 59 64 53 80 81
2 44 2 33 51 44
1 34 1 2 78 79 88 36 59 48 52 77 89 5 6 71 82 67 72 87 30 34
58 47 58 67 72 47
19 48 19 62 33 51 44 79 84 89 5 6 16 35 64 53 88 36 50 82 67 72 87 30 34 59 48
9 52 9 62 33 51 59 89 5 75 82 67 72 87 30 48 52
76 33 76 33
13 83 13 29 48 75 80 81 83
49 89 49 76 33 78 79 84 89
63 75 63 65 43 44 84 89 5 72 47 75
39 71 39 65 43 17 78 79 88 36 59 48 52 71
78 50 78 79 88 36 50
39 5 39 6 75 82 67 72 88 36 37 49 76 33 53 84 89 5
58 36 58 75 82 67 72 88 36
14 78 14 42 51 59 64 53 88 36 37 76 33 78
1 47 1 2 23 37 76 33 53 84 89 5 88 36 50 82 67 72 47
2 43 2 23 66 78 79 84 89 5 64 71 82 67 72 87 30 44 55 58 68 74 57 63 65 43
39 88 39 58 77 79 88
7 44 7 43 44
9 81 9 71 82 67 72 47 80 81
65 59 65 43 17 58 75 88 36 59
26 86 26 88 36 50 82 67 72 86
28 82 28 37 59 48 75 88 36 50 82
43 44 43 87 30 34 48 52 71 82 67 72 47 75 88 36 37 51 44
27 36 27 78 79 84 89 5 6 16 87 30 44 55 67 72 88 36
19 61 19 62 33 61
40 84 40 78 79 84
64 73 64 82 67 73
68 34 68 74 57 63 65 43 52 77 79 88 36 37 51 44 55 67 72 87 30 34
68 59 68 69 33 62 72 47 75 88 36 59
56 6 56 82 67 72 87 30 44 79 84 89 5 6
39 79 39 87 30 34 48 75 88 36 59 64 53 84 89 5 79
31 58 31 43 44 55 58
39 36 39 65 43 87 30 48 88 36
34 84 34 59 48 75 88 36 50 82 67 72 87 30 44 84
6 86 6 75 88 36 37 51 86
34 44 34 75 88 36 37 59 64 71 82 67 72 87 30 44
15 86 15 23 55 84 89 5 88 36 59 48 75 82 67 72 87 30 34 86
3 83 3 9 62 72 47 80 81 83
68 73 68 69 76 33 49 6 31 56 64 82 67 73
25 67 25 84 89 5 72 88 36 50 82 67
11 73 11 59 64 53 84 89 5 6 88 36 37 72 47 75 82 67 73
42 84 42 6 37 59 48 75 82 67 72 87 30 34 79 84
56 57 56 74 57
65 58 65 43 17 58
31 43 31 43
16 67 16 29 48 88 36 37 59 89 5 72 47 75 82 67
76 6 76 33 49 6
16 71 16 29 48 52 71
6 53 6 31 68 74 57 63 53
68 79 68 25 38 43 17 58 77 89 5 64 82 67 72 88 36 37 76 33 51 44 79
16 83 16 35 59 89 5 75 88 36 81 83
30 84 30 48 88 36 59 64 53 84
72 80 72 88 36 37 49 69 76 33 78 79 84 89 5 75 80
23 5 23 66 78 79 88 36 37 77 89 5
20 71 20 56 82 67 72 47 75 88 36 37 48 52 77 79 84 89 5 64 71
65 86 65 43 17 70 82 67 72 86
56 77 56 64 71 82 67 72 47 75 88 36 37 48 52 77
89 80 89 5 75 80
40 55 40 68 69 76 33 51 44 55
42 55 42 51 44 55
56 86 56 74 57 72 86
49 5 49 6 71 82 67 72 87 30 48 75 88 36 59 89 5
46 88 46 37 72 47 75 88
74 44 74 57 78 79 88 36 37 51 59 89 5 64 82 67 72 87 30 44
82 75 82 67 72 88 36 37 48 75
72 5 72 87 30 48 88 36 37 59 89 5
25 79 25 82 67 72 87 30 34 59 48 75 88 36 37 77 79
34 50 34 59 64 53 84 89 5 72 47 75 88 36 50
15 77 15 23 49 6 31 43 17 58 75 88 36 37 77
56 64 56 64
49 50 49 69 33 62 72 88 36 50
3 16 3 20 39 6 16
19 83 19 38 43 17 58 77 79 83
39 58 39 58
2 52 2 56 82 67 72 87 30 48 52
28 80 28 87 30 48 88 36 50 82 67 72 47 80
9 53 9 71 82 67 72 87 30 34 48 75 88 36 59 64 53
35 33 35 39 76 33
56 58 56 78 79 84 89 5 75 88 36 59 64 71 82 67 72 87 30 44 55 58
89 71 89 5 6 71
42 80 42 62 72 87 30 44 84 89 5 75 80
64 52 64 82 67 72 87 30 34 59 48 52
65 44 65 43 44
40 25 40 68 25
76 89 76 33 78 79 88 36 37 48 52 71 82 67 72 87 30 44 84 89
11 83 11 59 89 5 64 53 80 81 83
62 64 62 33 51 59 89 5 88 36 37 52 64
56 57 56 74 57
39 72 39 87 30 48 52 77 79 88 36 50 82 67 72
69 72 69 33 49 72
74 5 74 57 63 53 84 89 5
2 82 2 25 79 88 36 37 59 64 71 82
1 60 1 49 6 37 51 44 79 84 89 5 52 71 82 67 72 87 30 48 88 36 50 60
46 36 46 37 48 52 77 89 5 75 88 36
18 41 18 41
16 47 16 87 30 44 79 88 36 59 48 52 71 82 67 72 47
77 71 77 79 88 36 59 64 71
68 43 68 74 57 63 65 43
6 81 6 77 79 88 36 50 82 67 72 47 80 81
51 55 51 44 79 84 89 5 6 37 55
49 32 49 76 33 78 79 84 89 5 88 36 50 82 67 72 87 30 32
38 6 38 89 5 6
56 63 56 74 57 63
37 71 37 59 64 71
27 36 27 78 79 88 36
57 50 57 82 67 72 87 30 34 48 75 88 36 50
69 37 69 33 78 79 88 36 37
40 78 40 78
89 84 89 5 6 88 36 37 49 72 87 30 44 84
14 55 14 28 37 55
58 52 58 67 72 87 30 34 79 84 89 5 6 37 52
76 32 76 33 53 88 36 37 55 67 72 87 30 32
77 53 77 89 5 64 53
26 86 26 45 64 53 88 36 37 48 52 71 82 67 72 86
13 83 13 29 48 88 36 50 82 67 72 87 30 44 79 83
68 84 68 25 63 65 43 87 30 34 79 84
76 64 76 33 78 79 84 89 5 52 71 82 67 72 88 36 59 64
15 82 15 23 55 84 89 5 6 75 88 36 37 72 87 30 34 48 52 64 71 82
87 59 87 30 44 84 89 5 64 82 67 72 88 36 59
31 71 31 43 52 71
35 34 35 39 87 30 34
39 52 39 58 67 72 87 30 34 75 88 36 59 89 5 6 16 29 48 52
74 6 74 57 63 65 43 52 77 79 84 89 5 6
26 73 26 73
6 29 6 16 29
42 79 42 62 72 87 30 34 79
40 71 40 89 5 88 36 50 82 67 72 87 30 48 52 71
7 53 7 14 34 79 84 89 5 52 64 53
74 32 74 57 63 65 43 52 77 89 5 72 87 30 32
34 44 34 59 89 5 88 36 50 82 67 72 87 30 44
19 63 19 43 44 55 58 68 74 57 63
19 64 19 38 43 52 77 79 84 89 5 75 88 36 59 64
21 32 21 51 44 79 88 36 59 89 5 75 82 67 72 87 30 32
41 29 41 63 65 43 52 64 71 82 67 72 87 30 34 75 88 36 59 89 5 6 16 29
87 71 87 30 48 75 82 67 72 88 36 59 64 71
31 75 31 68 25 62 33 53 84 89 5 52 64 71 82 67 72 87 30 48 75
28 25 28 68 25
8 59 8 62 33 51 44 79 88 36 59
89 52 89 5 88 36 59 48 52
18 17 18 22 31 43 17
28 84 28 41 76 33 78 79 84
3 89 3 38 89
25 81 25 38 65 43 52 80 81
23 5 23 55 84 89 5
16 36 16 87 30 44 55 84 89 5 88 36
14 53 14 37 49 76 33 53
64 75 64 71 82 67 72 87 30 34 75
82 73 82 67 73
56 71 56 64 71
30 50 30 34 75 88 36 50
18 17 18 22 43 17
74 81 74 57 63 53 84 89 5 88 36 50 60 81
4 5 4 30 44 84 89 5
28 83 28 87 30 48 75 88 36 50 82 67 72 47 80 81 83
1 43 1 39 65 43
33 83 33 51 44 84 89 5 79 83
2 17 2 78 79 84 89 5 6 31 43 17
28 50 28 35 39 6 31 68 69 76 33 78 79 84 89 5 75 88 36 50
85 6 85 27 44 79 84 89 5 6
35 47 35 59 64 82 67 72 47
11 32 11 88 36 50 82 67 72 87 30 32
64 73 64 71 82 67 73
35 47 35 64 71 82 67 72 47
42 67 42 6 16 87 30 34 79 84 89 5 52 71 82 67
62 71 62 72 88 36 59 89 5 6 71
38 80 38 65 43 17 33 51 80
1 67 1 2 9 62 72 88 36 50 82 67
15 45 15 26 45
23 36 23 66 78 79 84 89 5 75 88 36
21 57 21 58 68 74 57
88 67 88 36 50 82 67
89 75 89 5 75
26 81 26 45 77 79 88 36 59 89 5 52 80 81
72 84 72 88 36 59 64 53 84
20 32 20 45 77 79 88 36 37 59 48 52 71 82 67 72 87 30 32
87 86 87 30 34 59 64 86
69 82 69 76 33 62 72 47 75 82
11 27 11 68 25 85 27
42 60 42 51 59 64 82 67 72 88 36 50 60
41 17 41 76 33 53 88 36 37 59 89 5 75 82 67 72 87 30 44 55 58 68 74 57 63 65 43 17
56 50 56 74 57 82 67 72 87 30 48 88 36 50
21 72 21 58 67 72
2 84 2 78 79 84
39 88 39 65 43 52 64 71 82 67 72 87 30 48 75 88
18 79 18 22 31 43 87 30 44 84 89 5 79
49 72 49 69 76 33 51 44 79 84 89 5 52 71 82 67 72
56 75 56 64 53 88 36 37 76 33 62 72 47 75
26 80 26 88 36 37 52 71 82 67 72 87 30 48 75 80
59 50 59 64 53 88 36 50
8 45 8 9 20 45
23 84 23 37 49 69 33 51 59 64 53 84
56 6 56 82 67 72 87 30 44 84 89 5 64 53 88 36 37 49 6
49 33 49 69 76 33
40 25 40 89 5 6 31 68 25
39 84 39 65 43 44 84
82 71 82 67 72 87 30 34 75 88 36 59 89 5 6 31 56 64 71
16 67 16 29 48 88 36 50 82 67
70 52 70 82 67 72 87 30 48 52
65 47 65 43 44 55 84 89 5 6 77 79 88 36 50 82 67 72 47
35 48 35 59 48
39 89 39 76 33 62 72 87 30 44 55 84 89
38 6 38 65 43 52 64 82 67 72 87 30 48 75 88 36 37 51 59 89 5 6
42 6 42 6
78 50 78 79 88 36 50
8 25 8 28 68 25
87 5 87 30 34 48 88 36 59 89 5
40 88 40 89 5 79 88
3 89 3 37 52 77 79 84 89
18 80 18 41 63 65 43 44 79 88 36 59 89 5 52 80
9 67 9 53 88 36 59 89 5 6 71 82 67
2 61 2 33 61
46 82 46 37 72 87 30 48 88 36 50 82
21 45 21 26 45
65 16 65 43 52 71 82 67 72 87 30 44 79 88 36 37 77 89 5 6 16
14 33 14 42 62 33
58 79 58 68 69 33 62 72 87 30 48 52 77 79
85 64 85 27 78 79 84 89 5 64
38 47 38 89 5 52 64 82 67 72 47
26 36 26 45 77 89 5 72 88 36
13 5 13 29 48 88 36 50 82 67 72 87 30 44 84 89 5
49 78 49 76 33 78
59 67 59 48 52 64 71 82 67
76 52 76 33 78 79 88 36 50 82 67 72 87 30 44 84 89 5 52
76 75 76 33 51 44 79 88 36 37 59 48 52 71 82 67 72 47 75
46 84 46 37 55 84
15 61 15 26 42 62 33 61
65 70 65 43 17 70
82 83 82 67 72 88 36 50 60 81 83
31 5 31 43 87 30 48 75 88 36 37 49 6 16 35 59 89 5
74 82 74 57 63 65 43 17 33 53 88 36 37 51 59 48 75 82
76 73 76 33 78 79 88 36 59 89 5 72 47 75 82 67 73
57 55 57 48 52 77 79 84 89 5 64 53 88 36 50 82 67 72 87 30 44 55
43 5 43 17 20 39 87 30 48 52 71 82 67 72 47 75 88 36 59 64 53 84 89 5
69 81 69 76 33 62 72 47 80 81
89 73 89 5 6 88 36 50 82 67 73
51 73 51 44 84 89 5 64 82 67 73
4 34 4 25 62 33 51 59 48 75 88 36 37 77 89 5 72 87 30 34
70 71 70 82 67 72 87 30 34 75 88 36 37 48 52 64 71
38 59 38 89 5 6 71 82 67 72 47 75 88 36 59
41 80 41 57 48 88 36 59 89 5 75 80
1 43 1 7 43
1 64 1 49 69 76 33 53 88 36 37 55 58 68 74 57 72 87 30 34 48 52 64
25 73 25 38 65 43 87 30 44 55 67 73
56 64 56 82 67 72 87 30 44 84 89 5 75 88 36 59 64
8 53 8 9 53
6 32 6 71 82 67 72 87 30 32
1 80 1 2 56 82 67 72 47 80
23 47 23 49 69 76 33 53 88 36 37 72 47
42 43 42 6 31 43
69 86 69 76 33 62 72 86
4 37 4 25 35 64 71 82 67 72 47 75 88 36 59 48 52 77 79 84 89 5 6 37
62 71 62 72 87 30 48 88 36 37 52 77 79 84 89 5 6 31 64 71
3 32 3 37 76 33 78 79 88 36 59 48 52 71 82 67 72 87 30 32
38 5 38 65 43 44 84 89 5
3 60 3 9 71 82 67 72 47 75 88 36 50 60
38 64 38 43 87 30 34 59 48 52 64
19 36 19 43 52 64 71 82 67 72 87 30 34 59 89 5 79 88 36
11 73 11 68 69 33 49 72 47 75 82 67 73
18 63 18 22 34 79 88 36 59 48 75 82 67 72 87 30 44 55 58 68 74 57 63
7 80 7 62 33 78 79 88 36 59 64 71 82 67 72 47 80
11 43 11 41 63 65 43
31 88 31 68 69 76 33 53 84 89 5 6 75 82 67 72 88
85 44 85 27 44
46 50 46 37 52 71 82 67 72 87 30 48 75 88 36 50
30 84 30 34 59 89 5 79 84
4 55 4 23 55
39 30 39 6 71 82 67 72 87 30
31 79 31 64 53 84 89 5 72 47 75 88 36 37 76 33 51 59 48 52 77 79
1 20 1 2 9 20
68 67 68 69 33 62 72 47 75 82 67
82 83 82 67 72 47 80 81 83
69 29 69 33 78 79 88 36 59 48 52 77 89 5 6 16 29
13 73 13 20 55 84 89 5 72 47 75 88 36 59 48 52 71 82 67 73
19 32 19 43 44 55 58 75 88 36 37 72 87 30 32
63 48 63 53 84 89 5 79 88 36 59 48
41 75 41 50 82 67 72 88 36 37 77 79 84 89 5 75
2 71 2 9 71
21 25 21 26 28 68 25
85 63 85 27 17 33 78 79 88 36 59 48 75 82 67 72 87 30 44 55 58 68 74 57 63
28 53 28 87 30 34 59 64 53
18 36 18 22 31 43 87 30 44 79 88 36
59 83 59 48 88 36 37 55 67 72 87 30 34 75 80 81 83
51 50 51 67 72 87 30 48 52 77 79 88 36 50
37 48 37 48
27 17 27 17
1 33 1 7 62 33
2 23 2 23
49 6 49 6
42 30 42 62 33 78 79 84 89 5 52 64 53 88 36 59 48 75 82 67 72 87 30
37 61 37 49 69 33 61
87 44 87 30 44
87 71 87 30 34 75 82 67 72 88 36 59 64 71
39 32 39 87 30 32
68 29 68 25 82 67 72 47 75 88 36 59 64 53 84 89 5 6 16 29
11 17 11 59 64 71 82 67 72 47 75 88 36 37 52 77 79 84 89 5 6 31 43 44 55 58 68 25 85 27 17
28 43 28 35 39 65 43
39 73 39 58 68 74 57 48 88 36 37 52 64 53 84 89 5 6 71 82 67 73
2 30 2 25 35 39 65 43 87 30
31 84 31 56 74 57 63 53 84
1 57 1 13 74 57
2 66 2 23 66
38 81 38 43 52 64 71 82 67 72 87 30 48 75 80 81
19 48 19 82 67 72 88 36 59 48
63 80 63 53 84 89 5 72 47 75 80
87 48 87 30 48
28 82 28 64 53 84 89 5 52 71 82
42 29 42 6 16 29
4 52 4 30 48 52
30 79 30 44 79
42 77 42 62 72 47 75 88 36 37 77
22 73 22 34 59 48 52 64 53 84 89 5 6 37 55 58 68 74 57 72 88 36 50 82 67 73
27 73 27 88 36 50 82 67 73
28 71 28 87 30 44 55 58 77 79 84 89 5 88 36 37 52 71
27 79 27 78 79
8 47 8 41 49 72 47
4 29 4 49 69 33 51 59 48 52 64 53 88 36 50 82 67 72 87 30 34 79 84 89 5 6 16 29
51 83 51 59 89 5 64 53 80 81 83
74 16 74 57 72 88 36 59 89 5 6 16
65 20 65 43 17 20
31 6 31 43 52 77 89 5 6
68 86 68 25 79 88 36 59 64 86
43 71 43 52 71
31 6 31 68 25 40 78 79 84 89 5 6
15 57 15 22 31 68 74 57
23 48 23 49 6 16 87 30 34 48
38 36 38 89 5 52 71 82 67 72 88 36
38 80 38 43 17 58 77 79 88 36 59 48 75 80
62 86 62 33 78 79 88 36 59 64 86
9 55 9 53 88 36 37 55
42 79 42 62 33 51 44 79
78 55 78 79 84 89 5 52 71 82 67 72 87 30 44 55
68 84 68 74 57 63 65 43 52 64 53 88 36 59 89 5 79 84
74 5 74 57 82 67 72 88 36 37 49 76 33 78 79 84 89 5
87 77 87 30 34 59 64 82 67 72 88 36 37 52 77
69 64 69 33 78 79 88 36 37 72 87 30 34 59 64
33 47 33 53 88 36 50 82 67 72 47
49 44 49 6 16 29 48 88 36 50 82 67 72 87 30 44
3 60 3 27 17 33 53 84 89 5 88 36 50 60
1 50 1 37 52 64 82 67 72 47 75 88 36 50
77 48 77 89 5 72 47 75 88 36 37 48
65 67 65 43 17 20 56 82 67
2 9 2 9
65 77 65 43 52 77
27 86 27 78 79 84 89 5 6 86
70 48 70 82 67 72 88 36 59 48
56 64 56 64
4 81 4 23 37 77 79 84 89 5 52 71 82 67 72 87 30 48 75 80 81
64 36 64 71 82 67 72 47 75 88 36
56 80 56 82 67 72 88 36 59 48 52 64 53 80
40 77 40 78 79 84 89 5 52 71 82 67 72 87 30 34 75 88 36 37 77
62 86 62 33 51 86
35 50 35 59 89 5 75 82 67 72 88 36 50
1 67 1 78 79 88 36 50 82 67
77 75 77 79 84 89 5 88 36 50 82 67 72 47 75
88 71 88 36 59 48 52 77 89 5 64 71
38 34 38 65 43 87 30 34
3 20 3 20
69 80 69 33 51 80
89 79 89 5 79
69 82 69 76 33 53 84 89 5 75 82
49 61 49 76 33 61
40 58 40 78 79 88 36 59 89 5 6 37 52 64 71 82 67 72 87 30 44 55 58
23 61 23 49 69 76 33 61
13 45 13 26 45
3 73 3 37 55 58 68 69 76 33 78 79 84 89 5 72 88 36 50 82 67 73
38 82 38 89 5 75 82
8 86 8 40 68 74 57 78 79 88 36 59 64 86
15 25 15 22 31 68 25
1 7 1 7
88 81 88 36 59 89 5 72 87 30 48 75 80 81
8 51 8 40 78 79 84 89 5 75 88 36 37 51
43 50 43 52 77 89 5 88 36 50
15 45 15 26 45
68 75 68 74 57 63 53 88 36 37 49 6 75
77 81 77 89 5 52 64 53 88 36 50 60 81
37 80 37 76 33 51 80
22 84 22 78 79 88 36 50 82 67 72 87 30 44 84
21 64 21 58 68 74 57 78 79 84 89 5 52 64
87 77 87 30 44 84 89 5 75 82 67 72 88 36 37 55 58 77
21 86 21 58 67 72 86
82 71 82 67 72 87 30 34 75 88 36 59 64 71
87 75 87 30 44 79 88 36 59 64 82 67 72 47 75
21 48 21 51 44 84 89 5 64 82 67 72 87 30 48
46 48 46 37 77 79 84 89 5 6 88 36 59 48
76 86 76 33 78 79 88 36 50 82 67 72 86
33 50 33 78 79 88 36 50
46 55 46 37 55
37 61 37 49 69 76 33 61
82 61 82 67 72 88 36 37 76 33 61
56 78 56 74 57 48 75 88 36 37 76 33 78
22 89 22 43 52 77 89
69 89 69 33 78 79 84 89
42 64 42 51 59 64
74 51 74 57 82 67 72 47 75 88 36 37 51
9 81 9 53 84 89 5 52 80 81
31 72 31 64 71 82 67 72
69 53 69 76 33 53
16 81 16 29 48 52 71 82 67 72 87 30 44 55 58 75 88 36 50 60 81
64 29 64 82 67 72 87 30 34 48 88 36 59 89 5 6 16 29
30 75 30 48 52 77 79 84 89 5 6 16 35 64 71 82 67 72 47 75
15 48 15 22 78 79 88 36 37 76 33 53 84 89 5 64 71 82 67 72 87 30 48
89 75 89 5 88 36 50 82 67 72 47 75
11 43 11 41 63 65 43
3 70 3 27 17 70
43 53 43 87 30 48 52 71 82 67 72 47 75 88 36 37 59 64 53
42 6 42 51 67 72 88 36 37 49 6
69 33 69 76 33
13 84 13 26 28 35 64 71 82 67 72 88 36 37 52 77 79 84
85 34 85 88 36 59 48 75 82 67 72 87 30 34
23 47 23 37 77 89 5 72 47
72 86 72 86
8 25 8 40 68 25
68 89 68 69 76 33 53 84 89
39 67 39 65 43 87 30 44 55 58 67
87 80 87 30 48 75 80
8 55 8 41 49 6 37 55
35 50 35 64 71 82 67 72 87 30 34 75 88 36 50
39 88 39 65 43 52 77 89 5 88
37 71 37 49 72 87 30 44 84 89 5 6 31 64 71
1 20 1 2 9 20
74 59 74 57 72 88 36 59
23 29 23 66 78 79 84 89 5 6 16 29
11 67 11 41 49 6 77 79 84 89 5 52 64 71 82 67
72 50 72 88 36 50
85 64 85 88 36 59 64
22 80 22 31 56 74 57 82 67 72 88 36 59 48 52 80
65 50 65 43 52 64 82 67 72 47 75 88 36 50
65 75 65 43 52 77 89 5 72 47 75
31 20 31 43 17 20
39 47 39 87 30 34 59 48 52 77 89 5 88 36 37 49 6 71 82 67 72 47
64 73 64 53 88 36 59 89 5 52 71 82 67 73
76 67 76 33 51 59 64 53 84 89 5 88 36 37 48 75 82 67
15 45 15 26 45
63 84 63 53 84
38 25 38 65 43 17 58 68 25
31 36 31 43 87 30 44 79 84 89 5 75 88 36
1 30 1 39 76 33 78 79 84 89 5 88 36 59 64 82 67 72 87 30
20 71 20 39 6 77 89 5 64 71
63 83 63 65 43 52 64 53 88 36 81 83
6 48 6 31 56 64 53 84 89 5 79 88 36 37 59 48
19 5 19 62 33 51 44 55 84 89 5
6 55 6 71 82 67 72 87 30 44 55
89 83 89 5 72 87 30 48 88 36 81 83
68 71 68 74 57 72 87 30 34 75 88 36 37 77 89 5 64 71
40 51 40 68 69 76 33 78 79 88 36 37 51
39 36 39 76 33 53 84 89 5 72 47 75 88 36
15 71 15 26 45 50 82 67 72 47 75 88 36 37 77 89 5 52 71
21 5 21 26 42 51 44 84 89 5
42 67 42 6 77 79 88 36 50 82 67
25 17 25 38 65 43 17
6 80 6 77 79 84 89 5 72 47 75 80
31 77 31 64 82 67 72 88 36 37 48 52 77
37 32 37 77 79 84 89 5 72 87 30 32
13 83 13 28 35 59 64 71 82 67 72 87 30 44 55 84 89 5 88 36 50 60 81 83
15 66 15 23 66
28 72 28 77 79 84 89 5 6 75 82 67 72
77 67 77 89 5 64 82 67
20 53 20 56 74 57 63 65 43 52 64 53
37 5 37 77 79 84 89 5
19 67 19 77 89 5 64 71 82 67
31 50 31 64 82 67 72 88 36 50
76 37 76 33 78 79 88 36 59 89 5 6 37
42 80 42 51 80
70 71 70 82 67 72 87 30 34 59 48 52 71
62 6 62 33 49 6
59 83 59 64 71 82 67 72 47 75 80 81 83
46 72 46 37 52 77 89 5 88 36 59 48 75 82 67 72
69 17 69 33 51 44 84 89 5 6 31 43 17
49 71 49 76 33 78 79 84 89 5 6 71
30 44 30 44
60 81 60 81
46 79 46 37 59 89 5 79
4 83 4 82 67 72 87 30 44 84 89 5 6 37 48 88 36 50 60 81 83
69 71 69 33 62 72 87 30 34 48 75 88 36 37 51 44 79 84 89 5 6 71
68 89 68 25 62 33 78 79 88 36 50 82 67 72 87 30 44 84 89
87 78 87 30 44 55 58 68 69 76 33 78
28 80 28 64 53 84 89 5 75 80
56 50 56 82 67 72 88 36 50
88 75 88 36 50 82 67 72 87 30 34 59 48 75
6 86 6 88 36 50 82 67 72 87 30 44 84 89 5 52 64 86
16 52 16 87 30 34 48 52
57 79 57 78 79
89 75 89 5 79 88 36 37 52 64 82 67 72 87 30 48 75
28 88 28 64 71 82 67 72 47 75 88
41 67 41 63 53 88 36 37 59 48 75 82 67
65 20 65 43 17 20
1 47 1 78 79 84 89 5 72 47
58 73 58 67 73
43 83 43 52 77 79 88 36 81 83
40 25 40 68 25
20 73 20 56 78 79 84 89 5 52 71 82 67 73
42 44 42 6 75 88 36 50 82 67 72 87 30 44
70 55 70 82 67 72 88 36 37 55
82 71 82 67 72 47 75 88 36 59 64 53 84 89 5 6 71
76 58 76 33 78 79 84 89 5 52 64 82 67 72 87 30 44 55 58
31 37 31 64 71 82 67 72 87 30 48 88 36 37
8 83 8 62 72 47 80 81 83
56 59 56 74 57 48 52 77 89 5 64 82 67 72 47 75 88 36 37 59
15 89 15 23 49 6 88 36 50 82 67 72 87 30 48 52 77 89
56 52 56 78 79 88 36 50 82 67 72 87 30 34 59 48 52
38 78 38 43 17 78
33 71 33 78 79 88 36 59 64 71
11 36 11 88 36
8 6 8 16 35 39 76 33 62 72 88 36 37 51 59 89 5 6
31 50 31 56 78 79 88 36 50
76 37 76 33 53 84 89 5 79 88 36 37
87 78 87 30 34 75 82 67 72 88 36 37 76 33 78
69 51 69 76 33 78 79 84 89 5 88 36 37 51
6 36 6 31 64 71 82 67 72 88 36
33 71 33 78 79 88 36 50 82 67 72 87 30 48 52 77 89 5 64 71
78 48 78 79 88 36 50 82 67 72 87 30 34 48
3 53 3 27 44 84 89 5 64 53
89 52 89 5 75 88 36 59 48 52
16 29 16 29
11 64 11 88 36 37 52 71 82 67 72 87 30 44 79 84 89 5 64
42 25 42 6 31 68 25
9 75 9 53 84 89 5 52 71 82 67 72 88 36 37 48 75
27 50 27 44 79 88 36 50
82 86 82 67 72 86
65 86 65 43 44 55 67 72 88 36 37 77 79 84 89 5 6 16 86
31 59 31 43 87 30 34 59
69 59 69 76 33 53 88 36 59
34 61 34 75 82 67 72 87 30 48 52 77 79 88 36 37 76 33 61
72 53 72 88 36 59 64 53
76 60 76 33 78 79 84 89 5 72 47 75 88 36 50 60
57 81 57 48 88 36 81
69 80 69 76 33 53 84 89 5 64 82 67 72 88 36 59 48 75 80
4 6 4 49 6
11 57 11 41 57
70 53 70 82 67 72 47 75 88 36 37 77 89 5 6 31 68 69 33 53
35 36 35 64 53 88 36
38 80 38 65 43 44 79 84 89 5 64 53 88 36 50 82 67 72 87 30 34 59 48 52 80
19 50 19 62 72 47 75 88 36 50
28 60 28 87 30 44 84 89 5 64 71 82 67 72 88 36 50 60
7 67 7 64 82 67
76 77 76 33 53 84 89 5 75 82 67 72 87 30 34 48 52 77
6 55 6 75 88 36 37 55
35 71 35 59 89 5 52 71
43 79 43 44 55 84 89 5 64 53 88 36 59 48 75 82 67 72 87 30 34 79
4 72 4 25 79 84 89 5 52 64 82 67 72
59 32 59 89 5 88 36 50 82 67 72 87 30 32
41 81 41 70 81
74 53 74 57 63 53
11 53 11 41 63 53
21 32 21 26 45 50 82 67 72 87 30 32
28 6 28 41 57 82 67 72 87 30 48 52 77 79 84 89 5 6
31 33 31 68 74 57 78 79 88 36 37 76 33
1 37 1 39 58 67 72 87 30 34 75 88 36 37
42 79 42 6 16 87 30 34 79
42 83 42 6 75 80 81 83
40 59 40 78 79 84 89 5 72 47 75 88 36 59
20 67 20 88 36 59 48 75 82 67
2 16 2 56 64 82 67 72 47 75 88 36 37 51 44 79 84 89 5 6 16
1 63 1 13 74 57 63
7 32 7 43 17 70 82 67 72 87 30 32
35 36 35 59 64 53 84 89 5 88 36
85 86 85 27 88 36 37 59 48 75 82 67 72 86
58 86 58 77 89 5 6 37 51 86
87 75 87 30 44 55 67 72 47 75
63 36 63 65 43 87 30 44 79 88 36
20 32 20 40 89 5 64 82 67 72 87 30 32
2 59 2 23 37 52 64 53 88 36 59
62 82 62 72 47 75 88 36 50 82
70 55 70 82 67 72 88 36 37 55
11 77 11 68 25 62 72 87 30 34 59 48 88 36 37 77
68 88 68 25 82 67 72 47 75 88
28 48 28 35 59 48
42 52 42 51 59 48 88 36 37 77 89 5 52
2 36 2 23 49 69 33 78 79 88 36
49 30 49 69 76 33 51 59 64 53 88 36 50 82 67 72 87 30
9 50 9 71 82 67 72 87 30 34 59 48 52 64 53 88 36 50
30 32 30 32
37 5 37 55 84 89 5
18 60 18 41 57 82 67 72 47 75 88 36 50 60
59 80 59 48 88 36 37 49 6 71 82 67 72 87 30 44 79 84 89 5 64 53 80
56 73 56 82 67 73
39 55 39 87 30 44 55
30 48 30 48
18 77 18 41 76 33 51 59 64 71 82 67 72 87 30 34 48 52 77
3 67 3 38 65 43 17 70 82 67
39 86 39 87 30 44 55 58 77 79 88 36 50 82 67 72 86
68 72 68 69 76 33 53 84 89 5 79 88 36 59 48 75 82 67 72
69 44 69 76 33 62 72 87 30 44
11 84 11 88 36 59 48 75 82 67 72 87 30 34 79 84
78 83 78 79 83
49 50 49 72 87 30 34 48 75 88 36 50
78 53 78 79 84 89 5 52 71 82 67 72 47 75 88 36 37 59 64 53
38 52 38 43 52
56 43 56 64 82 67 72 47 75 88 36 59 89 5 6 31 68 25 38 43
46 53 46 37 52 64 53
15 45 15 26 45
85 80 85 27 88 36 59 64 71 82 67 72 87 30 44 84 89 5 6 75 80
72 75 72 47 75
68 52 68 25 63 65 43 52
33 53 33 53
31 57 31 68 74 57
74 48 74 57 63 65 43 17 70 82 67 72 47 75 88 36 59 48
85 84 85 27 88 36 37 76 33 51 44 84
23 75 23 49 6 88 36 50 82 67 72 47 75
77 53 77 79 84 89 5 88 36 50 82 67 72 87 30 44 55 58 68 25 35 59 64 53
22 81 22 31 68 74 57 82 67 72 88 36 50 60 81
21 86 21 42 6 37 59 48 75 88 36 50 82 67 72 87 30 44 79 84 89 5 64 86
38 59 38 43 87 30 34 48 88 36 59
41 47 41 57 82 67 72 47
39 5 39 58 75 82 67 72 87 30 44 84 89 5
2 82 2 56 74 57 78 79 84 89 5 52 64 71 82
22 73 22 78 79 84 89 5 72 47 75 82 67 73
35 33 35 39 76 33
49 53 49 6 71 82 67 72 47 75 88 36 37 55 58 68 25 62 33 78 79 84 89 5 52 64 53
8 30 8 41 49 72 87 30
49 50 49 6 71 82 67 72 87 30 48 52 77 79 88 36 50
18 32 18 41 76 33 78 79 84 89 5 75 82 67 72 87 30 32
19 5 19 38 89 5
40 30 40 89 5 75 82 67 72 87 30
57 86 57 82 67 72 47 75 88 36 37 49 76 33 51 86
15 23 15 23
70 52 70 82 67 72 87 30 48 88 36 37 52
16 47 16 87 30 34 79 84 89 5 72 47
26 48 26 45 77 89 5 72 88 36 37 48
70 53 70 82 67 72 88 36 59 64 53
62 60 62 33 53 88 36 50 60
65 33 65 43 44 84 89 5 64 53 88 36 37 76 33
22 81 22 31 43 17 60 81
63 29 63 65 43 17 33 49 72 88 36 59 64 53 84 89 5 6 16 29
28 50 28 82 67 72 88 36 50
68 47 68 25 84 89 5 75 88 36 37 59 64 82 67 72 47
42 16 42 6 16
46 71 46 37 55 84 89 5 52 64 71
76 53 76 33 53
30 67 30 44 79 84 89 5 88 36 37 52 71 82 67
35 32 35 39 6 31 68 69 33 49 72 87 30 32
4 47 4 25 38 43 87 30 48 75 88 36 37 77 89 5 6 31 64 82 67 72 47
11 84 11 68 74 57 48 75 88 36 59 89 5 72 87 30 34 79 84
89 50 89 5 88 36 50
69 75 69 33 62 72 47 75
65 44 65 43 44
77 32 77 79 88 36 59 48 52 71 82 67 72 87 30 32
28 73 28 68 74 57 72 47 75 82 67 73
65 30 65 43 87 30
57 79 57 48 75 82 67 72 87 30 34 79
74 58 74 57 78 79 88 36 50 82 67 72 87 30 44 55 58
63 32 63 53 84 89 5 52 77 79 88 36 50 82 67 72 87 30 32
7 67 7 43 52 71 82 67
18 84 18 22 43 44 79 84
1 82 1 13 68 69 33 51 44 55 67 72 47 75 82
85 86 85 27 79 84 89 5 88 36 59 64 71 82 67 72 86
11 25 11 68 25
38 51 38 43 17 33 51
19 61 19 62 33 61
3 71 3 38 43 52 71
3 36 3 9 71 82 67 72 87 30 44 79 88 36
35 83 35 59 64 53 84 89 5 52 80 81 83
14 53 14 28 68 69 76 33 53
39 48 39 65 43 44 84 89 5 79 88 36 50 82 67 72 87 30 48
31 60 31 68 69 76 33 78 79 88 36 50 60
34 5 34 59 89 5
72 47 72 47
8 53 8 41 50 82 67 72 47 75 88 36 37 52 64 53
39 82 39 87 30 48 75 88 36 37 76 33 51 67 82
51 61 51 59 89 5 79 88 36 37 49 6 16 61
28 34 28 41 50 82 67 72 87 30 34
22 83 22 78 79 88 36 50 82 67 72 87 30 34 48 52 64 53 80 81 83
35 75 35 39 87 30 48 75
26 86 26 42 51 59 64 71 82 67 72 86
40 78 40 78
38 83 38 43 52 64 82 67 72 88 36 50 60 81 83
42 79 42 6 71 82 67 72 47 75 88 36 59 64 53 84 89 5 79
30 86 30 34 86
76 60 76 33 62 72 87 30 44 84 89 5 79 88 36 50 60
11 67 11 88 36 59 48 75 82 67
87 82 87 30 44 55 58 68 69 33 62 72 88 36 59 89 5 75 82
59 61 59 64 71 82 67 72 47 75 88 36 37 76 33 61
42 53 42 6 31 64 53
1 81 1 49 6 16 35 64 82 67 72 47 75 80 81
41 48 41 63 65 43 87 30 48
56 34 56 64 53 88 36 50 82 67 72 87 30 34
41 44 41 63 65 43 44
57 53 57 82 67 72 47 75 88 36 37 49 6 16 35 59 64 53
22 83 22 78 79 84 89 5 6 71 82 67 72 88 36 50 60 81 83
31 44 31 56 82 67 72 47 75 88 36 37 51 44
8 77 8 28 64 71 82 67 72 88 36 37 76 33 53 84 89 5 52 77
18 55 18 20 55
65 63 65 43 52 64 82 67 72 87 30 44 55 58 68 74 57 63
15 30 15 30
28 53 28 64 53
37 53 37 72 87 30 48 52 64 53
40 86 40 68 69 76 33 49 6 77 89 5 64 86
11 84 11 88 36 37 55 84
3 53 3 38 89 5 88 36 37 59 48 52 64 53
23 79 23 37 51 44 79
14 52 14 37 51 59 64 53 88 36 50 82 67 72 87 30 48 52
21 63 21 58 68 74 57 63
35 55 35 39 65 43 44 55
49 43 49 76 33 53 84 89 5 6 31 68 25 63 65 43
18 51 18 41 49 69 33 51
87 75 87 30 48 52 77 89 5 79 88 36 59 64 82 67 72 47 75
40 67 40 78 79 84 89 5 6 88 36 37 72 87 30 44 55 58 75 82 67
74 60 74 57 63 53 84 89 5 72 87 30 44 79 88 36 50 60
26 83 26 28 77 89 5 72 47 80 81 83
33 48 33 49 72 88 36 59 48
68 5 68 69 76 33 49 6 31 43 52 71 82 67 72 88 36 37 51 59 64 53 84 89 5
31 48 31 43 44 84 89 5 88 36 37 59 48
42 72 42 6 31 68 74 57 63 53 84 89 5 72
18 88 18 59 89 5 79 88
22 32 22 34 48 88 36 50 82 67 72 87 30 32
77 67 77 79 84 89 5 64 82 67
41 79 41 76 33 78 79
2 81 2 56 82 67 72 47 75 80 81
22 44 22 43 87 30 44
38 79 38 43 52 77 79
14 52 14 37 51 44 55 84 89 5 52
76 59 76 33 53 84 89 5 75 88 36 59
20 32 20 88 36 59 48 75 82 67 72 87 30 32
26 44 26 42 51 67 72 87 30 44
46 79 46 37 59 48 75 88 36 50 82 67 72 87 30 34 79
56 25 56 78 79 88 36 50 82 67 72 87 30 44 55 58 68 25
59 50 59 64 82 67 72 88 36 50
23 84 23 37 48 75 88 36 50 82 67 72 87 30 34 59 89 5 79 84
18 48 18 59 48
56 57 56 74 57
42 81 42 51 80 81
77 5 77 89 5
58 67 58 68 74 57 63 53 88 36 59 64 82 67
14 84 14 42 51 44 55 84
25 53 25 38 43 44 84 89 5 72 47 75 88 36 37 52 64 53
2 58 2 82 67 72 87 30 44 84 89 5 6 77 79 88 36 37 55 58
69 33 69 76 33
31 43 31 43
13 75 13 29 48 75
49 50 49 6 37 55 84 89 5 79 88 36 50
6 52 6 16 29 48 75 82 67 72 87 30 34 79 84 89 5 52
30 75 30 48 75
74 83 74 57 72 87 30 34 79 83
7 75 7 62 72 47 75
4 43 4 82 67 72 87 30 48 75 88 36 37 77 79 84 89 5 6 31 43
14 5 14 42 6 16 29 48 88 36 59 89 5
2 61 2 33 61
22 44 22 43 44
16 84 16 29 48 52 71 82 67 72 87 30 34 75 88 36 59 64 53 84
13 67 13 20 39 58 67
2 32 2 25 79 88 36 59 89 5 75 82 67 72 87 30 32
76 80 76 33 53 80
21 58 21 58
28 84 28 64 53 84
20 71 20 88 36 59 64 71
88 67 88 36 50 82 67
35 82 35 59 48 52 71 82
68 78 68 69 33 78
31 77 31 43 17 33 78 79 84 89 5 75 82 67 72 87 30 44 55 58 77
60 83 60 81 83
46 52 46 37 52
3 58 3 20 55 58
43 44 43 87 30 44
74 6 74 57 78 79 88 36 50 82 67 72 87 30 44 55 84 89 5 6
74 60 74 57 63 53 84 89 5 79 88 36 50 60
30 81 30 48 52 80 81
34 44 34 59 48 75 82 67 72 87 30 44
13 47 13 74 57 82 67 72 47
14 63 14 25 63
37 84 37 76 33 78 79 88 36 59 89 5 72 87 30 48 52 64 53 84
21 47 21 42 62 72 47
39 16 39 76 33 62 72 88 36 37 49 6 16
4 57 4 74 57
74 52 74 57 72 87 30 48 52
58 47 58 68 74 57 72 47
76 75 76 33 49 6 31 56 82 67 72 47 75
13 73 13 68 25 33 78 79 88 36 50 82 67 73
82 73 82 67 73
82 79 82 67 72 47 75 88 36 37 52 77 89 5 79
56 80 56 64 53 80
68 86 68 69 76 33 53 88 36 37 59 48 75 82 67 72 86
88 50 88 36 50
11 73 11 59 64 53 84 89 5 75 88 36 37 48 52 71 82 67 73
1 51 1 7 14 25 35 59 64 71 82 67 72 88 36 37 76 33 51
49 36 49 69 33 62 72 87 30 48 75 88 36
77 36 77 79 88 36
41 79 41 50 82 67 72 47 75 88 36 37 52 64 53 84 89 5 79
25 61 25 33 61
11 53 11 59 48 88 36 37 49 6 71 82 67 72 87 30 34 79 84 89 5 64 53
63 52 63 65 43 44 55 67 72 87 30 34 48 52
18 32 18 20 40 78 79 88 36 59 64 82 67 72 87 30 32
62 81 62 72 47 80 81
8 53 8 9 20 56 64 53
85 37 85 88 36 37
22 71 22 34 75 88 36 50 82 67 72 87 30 48 52 71
18 57 18 41 57
1 61 1 49 76 33 61
13 50 13 26 28 35 64 53 88 36 50
74 32 74 57 72 87 30 32
68 37 68 25 84 89 5 88 36 37
6 81 6 77 89 5 72 88 36 81
34 75 34 79 88 36 59 64 53 84 89 5 75
20 81 20 40 68 69 33 51 80 81
34 79 34 59 64 53 84 89 5 88 36 50 82 67 72 87 30 44 79
3 82 3 27 44 79 88 36 59 89 5 6 31 56 74 57 72 87 30 34 48 75 82
51 81 51 80 81
46 64 46 37 59 89 5 64
49 64 49 6 71 82 67 72 87 30 48 75 88 36 37 77 89 5 64
56 55 56 74 57 82 67 72 88 36 37 55
4 16 4 30 48 75 88 36 59 64 53 84 89 5 6 16
43 81 43 44 79 88 36 50 82 67 72 87 30 48 52 64 53 84 89 5 75 80 81
11 78 11 41 76 33 78
2 64 2 82 67 72 88 36 59 64
89 44 89 5 64 82 67 72 87 30 44
82 81 82 67 72 47 80 81
39 50 39 58 67 72 87 30 34 48 88 36 50
14 70 14 28 70
8 45 8 9 20 45
62 44 62 72 88 36 37 76 33 51 44
68 59 68 25 62 33 53 84 89 5 88 36 59
49 32 49 6 88 36 50 82 67 72 87 30 32
40 57 40 89 5 6 31 68 74 57
22 48 22 31 43 17 33 53 84 89 5 72 88 36 59 48
26 50 26 28 64 82 67 72 88 36 50
87 16 87 30 48 52 64 53 88 36 59 89 5 6 16
4 30 4 30
19 32 19 82 67 72 87 30 32
65 32 65 43 44 84 89 5 88 36 37 48 52 71 82 67 72 87 30 32
60 81 60 81
18 33 18 76 33
3 48 3 38 43 17 58 67 72 87 30 48
51 36 51 59 89 5 88 36
2 43 2 25 38 43
1 89 1 13 84 89
46 59 46 37 76 33 53 84 89 5 6 31 43 52 71 82 67 72 88 36 59
51 75 51 67 72 47 75
2 36 2 9 62 33 78 79 84 89 5 88 36
43 36 43 44 84 89 5 75 82 67 72 88 36
1 59 1 37 49 6 88 36 59
4 73 4 82 67 73
68 5 68 74 57 78 79 88 36 37 77 89 5
26 81 26 28 64 82 67 72 88 36 59 48 75 80 81
3 51 3 20 88 36 37 51
77 83 77 79 88 36 59 89 5 6 16 87 30 34 48 75 80 81 83
38 63 38 65 43 44 55 58 68 74 57 63
49 75 49 72 47 75
6 75 6 31 43 44 84 89 5 72 47 75
38 67 38 89 5 64 53 88 36 50 82 67
41 79 41 70 82 67 72 88 36 59 64 53 84 89 5 6 77 79
82 36 82 67 72 47 75 88 36
57 5 57 72 47 75 88 36 37 55 84 89 5
49 73 49 76 33 78 79 88 36 37 51 59 64 53 84 89 5 6 31 56 74 57 72 87 30 34 48 52 71 82 67 73
51 50 51 67 72 87 30 44 84 89 5 79 88 36 50
31 30 31 64 82 67 72 87 30
38 89 38 65 43 17 58 77 89
18 72 18 59 48 75 88 36 50 82 67 72
18 73 18 41 76 33 53 84 89 5 64 71 82 67 73
88 84 88 36 37 48 52 64 82 67 72 87 30 44 79 84
62 5 62 33 51 44 79 88 36 59 89 5
85 44 85 27 44
14 67 14 34 75 82 67
21 84 21 42 62 33 51 44 55 84
51 67 51 44 84 89 5 52 71 82 67
35 71 35 39 87 30 44 55 84 89 5 6 31 68 74 57 78 79 88 36 37 48 52 71
18 82 18 41 63 65 43 17 33 51 67 82
68 5 68 74 57 72 88 36 37 49 69 76 33 78 79 84 89 5
77 55 77 79 84 89 5 75 82 67 72 87 30 48 88 36 37 55
22 51 22 78 79 88 36 37 51
16 50 16 29 48 75 88 36 50
1 23 1 2 23
74 16 74 57 63 65 43 87 30 34 48 52 77 79 84 89 5 6 16
77 79 77 79
39 51 39 76 33 49 6 16 35 59 48 52 64 82 67 72 88 36 37 51
3 64 3 37 52 64
8 73 8 62 33 51 67 73
26 47 26 42 62 72 47
15 73 15 26 73
11 55 11 59 48 88 36 37 55
76 5 76 33 49 6 77 79 88 36 59 89 5
13 67 13 26 42 62 72 88 36 50 82 67
7 45 7 43 17 20 45
74 84 74 57 48 88 36 59 89 5 64 53 84
56 61 56 64 53 84 89 5 75 82 67 72 88 36 37 76 33 61
25 71 25 40 78 79 84 89 5 52 71
31 59 31 64 82 67 72 87 30 34 59
14 75 14 25 33 62 72 87 30 34 75
68 80 68 25 82 67 72 88 36 37 59 89 5 75 80
23 17 23 55 84 89 5 6 31 43 17
33 81 33 62 72 87 30 48 88 36 81
68 71 68 25 63 53 88 36 59 64 71
49 51 49 72 47 75 88 36 37 51
25 29 25 82 67 72 87 30 48 88 36 59 89 5 6 16 29
56 50 56 78 79 88 36 50
15 61 15 30 44 79 84 89 5 6 16 61
76 53 76 33 49 6 71 82 67 72 47 75 88 36 37 48 52 77 79 84 89 5 64 53
30 50 30 48 88 36 50
8 6 8 62 72 87 30 48 88 36 37 52 77 89 5 6
65 86 65 43 87 30 34 48 52 71 82 67 72 86
42 64 42 6 31 64
88 55 88 36 50 82 67 72 87 30 44 55
8 80 8 62 33 51 80
59 80 59 48 75 80
4 66 4 23 66
42 67 42 62 33 51 59 89 5 64 82 67
20 75 20 56 82 67 72 47 75
9 32 9 71 82 67 72 87 30 32
9 80 9 62 33 53 80
89 83 89 5 75 82 67 72 47 80 81 83
27 47 27 78 79 88 36 50 82 67 72 47
4 53 4 70 82 67 72 87 30 34 79 84 89 5 64 53
78 47 78 79 88 36 59 89 5 72 47
28 86 28 82 67 72 86
74 77 74 57 78 79 88 36 59 48 52 77
87 32 87 30 32
46 25 46 37 55 58 68 25
46 86 46 37 72 86
7 44 7 57 78 79 88 36 37 59 89 5 75 82 67 72 87 30 44
2 79 2 78 79
14 72 14 59 89 5 75 82 67 72
21 83 21 26 88 36 81 83
69 6 69 33 49 6
31 60 31 64 71 82 67 72 47 75 88 36 50 60
78 81 78 79 84 89 5 72 88 36 50 60 81
87 75 87 30 34 75
31 51 31 68 25 82 67 72 47 75 88 36 37 76 33 51
2 61 2 33 61
15 33 15 30 48 52 77 89 5 79 88 36 37 76 33
40 6 40 89 5 6
85 83 85 88 36 37 49 76 33 53 84 89 5 72 87 30 34 79 83
13 73 13 84 89 5 88 36 37 52 71 82 67 73
7 71 7 64 71
56 50 56 64 82 67 72 87 30 48 52 77 79 88 36 50
68 73 68 74 57 82 67 73
2 79 2 56 78 79
2 63 2 25 63
3 48 3 64 71 82 67 72 87 30 48
30 73 30 44 84 89 5 88 36 37 59 48 75 82 67 73
39 70 39 65 43 17 70
39 52 39 6 77 79 84 89 5 52
41 79 41 57 63 53 88 36 50 82 67 72 87 30 34 59 89 5 52 77 79
35 55 35 64 71 82 67 72 87 30 44 55
28 52 28 41 50 82 67 72 47 75 88 36 37 48 52
46 67 46 37 76 33 78 79 88 36 50 82 67
1 71 1 51 44 84 89 5 52 71
28 67 28 35 64 71 82 67
8 6 8 62 33 49 6
19 71 19 77 89 5 52 64 71
38 84 38 43 17 78 79 84
40 55 40 78 79 84 89 5 6 16 35 39 87 30 44 55
15 72 15 30 44 79 84 89 5 64 71 82 67 72
65 50 65 43 87 30 34 59 48 52 71 82 67 72 88 36 50
51 73 51 44 79 84 89 5 6 16 29 48 75 82 67 73
35 89 35 59 89
46 81 46 37 59 64 53 80 81
22 17 22 34 79 84 89 5 64 71 82 67 72 87 30 44 55 58 68 74 57 63 65 43 17
19 83 19 69 33 62 72 47 80 81 83
89 36 89 5 75 88 36
1 57 1 7 62 33 78 79 84 89 5 6 16 29 48 75 82 67 72 88 36 37 51 44 55 58 68 74 57
7 67 7 29 48 52 71 82 67
43 73 43 44 55 67 73
76 78 76 33 78
19 16 19 56 64 82 67 72 88 36 37 49 6 16
70 71 70 82 67 72 88 36 59 89 5 6 16 35 64 71
85 52 85 27 88 36 50 82 67 72 87 30 48 52
1 29 1 37 48 52 77 89 5 6 16 29
18 81 18 20 88 36 81
62 44 62 33 49 6 88 36 50 82 67 72 87 30 44
8 67 8 28 87 30 34 75 88 36 50 82 67
49 80 49 6 37 55 67 72 47 80
46 77 46 37 77
4 78 4 25 40 78
82 86 82 67 72 88 36 37 76 33 51 86
22 63 22 43 17 58 68 74 57 63
26 80 26 88 36 37 55 58 68 69 33 51 80
65 81 65 43 44 55 58 77 79 84 89 5 64 71 82 67 72 87 30 48 88 36 50 60 81
88 84 88 36 37 76 33 53 84
1 7 1 7
51 55 51 44 55
6 29 6 16 29
46 81 46 37 52 71 82 67 72 88 36 50 60 81
31 57 31 68 74 57
39 75 39 87 30 44 79 84 89 5 88 36 50 82 67 72 47 75
49 36 49 76 33 51 59 48 52 77 79 88 36
31 47 31 64 53 84 89 5 72 47
3 77 3 82 67 72 87 30 44 55 84 89 5 52 77
39 81 39 58 75 80 81
22 48 22 34 79 84 89 5 88 36 50 82 67 72 87 30 48
49 64 49 72 88 36 59 64
20 29 20 45 64 53 88 36 59 89 5 6 16 29
18 50 18 22 43 87 30 44 79 88 36 50
3 51 3 27 17 58 68 74 57 82 67 72 47 75 88 36 59 48 52 64 53 84 89 5 6 37 51
31 77 31 64 71 82 67 72 47 75 88 36 37 55 58 68 69 76 33 78 79 84 89 5 52 77
18 61 18 41 76 33 61
43 84 43 44 79 84
82 67 82 67
65 51 65 43 44 55 67 72 87 30 34 79 88 36 37 51
31 37 31 43 87 30 34 75 88 36 37
21 89 21 51 59 64 71 82 67 72 87 30 44 84 89
87 33 87 30 48 52 64 71 82 67 72 88 36 37 76 33
31 86 31 68 74 57 63 53 84 89 5 79 88 36 59 48 75 82 67 72 86
22 61 22 34 59 48 75 82 67 72 88 36 37 76 33 61
39 72 39 65 43 44 55 58 77 89 5 64 82 67 72
1 29 1 7 29
38 34 38 43 52 64 82 67 72 87 30 34
70 5 70 82 67 72 88 36 37 77 79 84 89 5
34 86 34 79 88 36 59 89 5 52 64 82 67 72 86
41 32 41 49 69 33 62 72 87 30 32
82 53 82 67 72 87 30 34 59 64 53
22 37 22 31 56 64 53 84 89 5 6 75 88 36 37
28 89 28 70 82 67 72 87 30 34 48 52 64 53 84 89
41 55 41 63 65 43 87 30 44 55
46 51 46 37 51
22 36 22 34 59 48 88 36
74 43 74 57 63 65 43
1 50 1 39 76 33 53 84 89 5 64 71 82 67 72 47 75 88 36 50
13 47 13 74 57 78 79 88 36 37 48 52 64 82 67 72 47
1 61 1 37 76 33 61
21 34 21 58 77 89 5 6 16 87 30 34
23 79 23 66 78 79
4 51 4 25 33 51
20 80 20 88 36 59 48 52 80
1 5 1 2 25 40 68 69 76 33 78 79 88 36 59 48 52 71 82 67 72 87 30 44 55 58 77 89 5
33 79 33 78 79
21 78 21 42 62 33 78
6 83 6 75 80 81 83
18 79 18 41 50 82 67 72 87 30 34 59 89 5 79
63 5 63 65 43 44 55 58 75 82 67 72 88 36 37 76 33 78 79 84 89 5
64 5 64 71 82 67 72 87 30 44 79 84 89 5
88 48 88 36 50 82 67 72 87 30 48
76 55 76 33 78 79 88 36 59 48 52 64 82 67 72 87 30 44 55
11 16 11 68 69 76 33 53 88 36 37 52 77 79 84 89 5 6 16
21 30 21 58 75 88 36 37 59 64 82 67 72 87 30
7 75 7 64 53 88 36 37 49 6 71 82 67 72 87 30 44 55 58 77 79 84 89 5 75
74 83 74 57 72 47 80 81 83
78 79 78 79
49 75 49 76 33 51 44 79 88 36 59 64 71 82 67 72 87 30 34 75
3 81 3 64 53 88 36 81
30 79 30 44 79
6 71 6 71
37 47 37 52 77 89 5 88 36 59 64 71 82 67 72 47
22 59 22 34 75 88 36 59
1 67 1 89 5 64 82 67
89 75 89 5 52 64 82 67 72 88 36 37 48 75
3 55 3 37 59 48 88 36 50 82 67 72 87 30 44 55
77 79 77 79
65 80 65 43 52 71 82 67 72 88 36 59 89 5 6 75 80
38 44 38 43 44
72 71 72 88 36 59 89 5 52 71
85 20 85 27 17 20
1 72 1 39 87 30 34 75 88 36 37 51 67 72
64 67 64 82 67
28 79 28 35 64 53 84 89 5 72 87 30 44 79
42 25 42 6 31 68 25
31 89 31 64 71 82 67 72 87 30 34 48 75 88 36 59 89
58 61 58 68 69 76 33 61
56 6 56 64 82 67 72 47 75 88 36 59 89 5 6
68 53 68 25 79 84 89 5 6 31 64 53
2 32 2 25 35 39 65 43 44 84 89 5 64 71 82 67 72 87 30 32
8 20 8 9 20
43 48 43 87 30 48
22 88 22 34 59 64 82 67 72 47 75 88
46 89 46 37 48 75 82 67 72 87 30 34 79 84 89
23 47 23 49 69 33 78 79 88 36 37 72 47
14 27 14 25 85 27
15 66 15 23 66
42 64 42 51 44 79 88 36 37 59 89 5 64
31 75 31 43 17 20 55 84 89 5 6 77 79 88 36 37 59 48 75
23 67 23 55 58 77 79 88 36 59 64 53 84 89 5 75 82 67
74 89 74 57 63 65 43 52 71 82 67 72 87 30 44 79 84 89
2 86 2 23 55 58 75 82 67 72 87 30 34 86
27 79 27 78 79
20 17 20 39 76 33 78 79 84 89 5 6 31 43 17
28 84 28 70 82 67 72 87 30 34 79 88 36 37 59 64 53 84
19 50 19 82 67 72 47 75 88 36 50
57 86 57 82 67 72 87 30 48 75 88 36 59 64 86
41 84 41 57 63 53 84
85 52 85 27 79 84 89 5 64 71 82 67 72 47 75 88 36 59 48 52
39 32 39 76 33 62 72 87 30 32
11 79 11 41 49 69 76 33 78 79
4 78 4 74 57 78
30 50 30 44 79 88 36 50
59 52 59 48 88 36 37 49 6 16 87 30 44 55 58 68 69 33 53 84 89 5 52
3 67 3 20 88 36 37 48 75 82 67
88 52 88 36 59 48 52
9 32 9 71 82 67 72 87 30 32
18 63 18 41 63
23 36 23 66 77 79 88 36
64 53 64 53
40 59 40 89 5 72 88 36 59
25 80 25 33 78 79 88 36 37 77 89 5 75 80
40 71 40 89 5 72 88 36 59 64 71
42 25 42 51 44 55 58 68 25
21 45 21 26 45
4 25 4 25
9 73 9 62 33 78 79 84 89 5 72 47 75 82 67 73
23 50 23 37 49 6 16 87 30 34 59 48 75 88 36 50
3 81 3 30 34 79 84 89 5 64 53 88 36 37 72 47 80 81
57 61 57 63 65 43 87 30 34 48 52 71 82 67 72 88 36 37 76 33 61
23 86 23 49 6 16 86
15 16 15 23 66 77 89 5 6 16
39 80 39 76 33 62 72 47 80
7 29 7 29
70 44 70 82 67 72 87 30 44
2 61 2 56 78 79 88 36 37 49 69 33 61
39 70 39 65 43 17 70
21 53 21 42 6 31 43 87 30 34 79 88 36 59 48 52 77 89 5 64 53
14 89 14 34 59 89
62 53 62 33 53
3 30 3 20 45 64 82 67 72 87 30
72 67 72 47 75 88 36 59 64 71 82 67
88 79 88 36 59 89 5 52 77 79
18 84 18 76 33 53 84
65 61 65 43 52 64 82 67 72 47 75 88 36 59 89 5 6 16 61
30 79 30 44 79
22 73 22 43 52 71 82 67 73
18 25 18 20 40 68 25
41 73 41 50 82 67 73
68 58 68 25 79 84 89 5 72 47 75 88 36 37 55 58
33 73 33 51 59 64 53 88 36 50 82 67 73
21 34 21 51 59 48 75 82 67 72 87 30 34
7 17 7 43 17
76 59 76 33 51 59
64 52 64 53 88 36 50 82 67 72 87 30 34 59 89 5 52
2 36 2 78 79 88 36
19 71 19 69 33 62 72 47 75 88 36 37 48 52 64 53 84 89 5 6 71
87 64 87 30 48 52 64
65 78 65 43 17 78
15 61 15 23 37 49 69 33 61
13 83 13 83
87 53 87 30 48 88 36 59 64 53
46 79 46 37 59 89 5 79
8 9 8 9
22 58 22 78 79 88 36 59 64 53 84 89 5 6 75 82 67 72 87 30 44 55 58
77 84 77 79 84
4 77 4 70 82 67 72 47 75 88 36 59 89 5 6 77
8 80 8 28 68 69 76 33 53 88 36 37 49 6 75 82 67 72 47 80
41 17 41 63 65 43 17
35 80 35 64 71 82 67 72 47 80
72 52 72 87 30 48 52
85 57 85 88 36 59 48 52 77 79 84 89 5 75 82 67 72 87 30 44 55 58 68 74 57
33 44 33 51 44
25 79 25 85 88 36 59 48 52 77 79
46 34 46 37 55 84 89 5 88 36 59 64 82 67 72 87 30 34
76 60 76 33 51 67 72 88 36 50 60
85 81 85 27 17 33 49 6 71 82 67 72 87 30 48 88 36 59 64 53 84 89 5 52 80 81
39 55 39 65 43 87 30 44 55
18 61 18 76 33 61
82 55 82 67 72 47 75 88 36 37 55
6 71 6 71
56 80 56 78 79 88 36 37 48 52 80
42 77 42 6 88 36 37 52 77
8 30 8 62 72 87 30
57 75 57 63 65 43 87 30 44 79 88 36 50 82 67 72 47 75
63 17 63 65 43 17
8 29 8 16 29
28 41 28 41
85 88 85 88
8 80 8 28 87 30 48 75 80
76 67 76 33 78 79 88 36 59 89 5 75 82 67
1 61 1 49 69 76 33 61
76 75 76 33 49 6 37 48 88 36 59 64 53 84 89 5 72 47 75
38 34 38 89 5 6 31 68 69 33 62 72 87 30 34
20 52 20 39 87 30 44 55 58 67 72 47 75 88 36 59 48 52
6 53 6 88 36 37 51 59 48 52 77 79 84 89 5 64 53
3 37 3 37
14 78 14 25 40 78
11 72 11 41 49 72
58 83 58 68 69 76 33 51 59 89 5 88 36 50 60 81 83
18 78 18 76 33 78
28 75 28 87 30 48 88 36 37 76 33 49 72 47 75
11 60 11 68 74 57 82 67 72 87 30 48 88 36 50 60
31 44 31 56 78 79 88 36 59 48 52 71 82 67 72 87 30 44
21 37 21 26 28 82 67 72 88 36 37
28 59 28 37 55 84 89 5 75 88 36 59
18 83 18 59 48 88 36 37 76 33 53 84 89 5 79 83
22 59 22 31 68 25 85 88 36 59
25 79 25 82 67 72 47 75 88 36 59 64 53 84 89 5 79
8 47 8 28 82 67 72 47
8 64 8 28 77 79 88 36 59 48 75 82 67 72 87 30 44 84 89 5 52 64
65 53 65 43 52 64 53
88 81 88 36 59 48 75 82 67 72 87 30 34 79 84 89 5 64 53 80 81
69 63 69 33 78 79 84 89 5 6 75 82 67 72 87 30 44 55 58 68 74 57 63
4 36 4 74 57 48 75 82 67 72 88 36
62 53 62 33 51 67 72 88 36 37 77 79 84 89 5 52 64 53
15 41 15 26 28 41
11 36 11 59 64 82 67 72 87 30 34 48 75 88 36
39 79 39 65 43 17 58 75 82 67 72 88 36 59 48 52 77 79
59 73 59 48 52 71 82 67 73
1 79 1 7 43 17 78 79
37 80 37 55 84 89 5 79 88 36 59 48 52 64 82 67 72 47 75 80
43 50 43 87 30 44 55 67 72 88 36 50
40 71 40 78 79 88 36 59 64 53 84 89 5 6 71
31 32 31 68 74 57 78 79 88 36 50 82 67 72 87 30 32
3 72 3 20 55 67 72
22 58 22 78 79 84 89 5 64 53 88 36 37 55 58
15 88 15 23 55 84 89 5 6 16 29 48 52 64 82 67 72 47 75 88
18 86 18 20 56 74 57 82 67 72 88 36 37 55 84 89 5 6 86
42 32 42 6 16 87 30 32
42 43 42 62 33 51 59 48 52 64 71 82 67 72 87 30 34 75 88 36 37 77 89 5 6 31 43
18 67 18 59 64 82 67
58 71 58 77 79 84 89 5 88 36 50 82 67 72 87 30 34 48 52 64 71
46 78 46 37 76 33 78
68 43 68 25 38 43
59 71 59 48 52 71
8 63 8 41 57 63
28 86 28 87 30 44 79 88 36 37 48 75 82 67 72 86
4 71 4 82 67 72 47 75 88 36 59 64 71
25 52 25 63 65 43 52
77 29 77 89 5 6 16 29
3 50 3 27 78 79 84 89 5 88 36 50
64 36 64 82 67 72 47 75 88 36
87 86 87 30 44 55 84 89 5 88 36 37 51 86
1 13 1 13
57 80 57 78 79 88 36 37 51 59 48 75 80
3 80 3 64 53 88 36 59 48 75 80
33 5 33 78 79 84 89 5
18 80 18 20 40 78 79 88 36 37 49 6 31 43 52 71 82 67 72 47 75 80
74 34 74 57 48 52 71 82 67 72 87 30 34
51 55 51 44 84 89 5 79 88 36 37 55
77 75 77 89 5 75
4 23 4 23
77 47 77 79 84 89 5 72 47
1 67 1 39 6 37 77 89 5 52 64 71 82 67
25 44 25 79 84 89 5 75 88 36 37 76 33 51 44
3 9 3 9
14 75 14 25 82 67 72 87 30 34 75
3 17 3 38 43 17
39 30 39 76 33 53 88 36 37 55 58 75 82 67 72 87 30
21 26 21 26
21 58 21 42 6 16 35 39 58
88 67 88 36 50 82 67
33 36 33 62 72 47 75 88 36
35 16 35 59 48 52 77 79 88 36 37 49 6 16
19 55 19 69 33 51 44 55
