31 47 31 56 64 71 82 24 27 52 77 75 88 5 6 47
14 47 14 42 51 59 64 71 82 24 27 52 77 75 88 5 6 47
1 16 1 7 57 72 88 5 6 16
16 52 16 29 48 88 5 6 77 75 82 24 27 52
16 80 16 29 48 52 80
39 84 39 58 77 75 88 5 52 71 82 24 27 44 79 84
33 24 33 49 72 88 5 75 82 24
14 27 14 42 62 72 75 88 5 52 71 82 24 27
88 5 88 5
41 29 41 66 77 75 88 5 6 16 29
27 84 27 52 77 75 88 5 79 84
56 86 56 82 24 89 86
70 50 70 82 24 27 44 55 58 50
23 67 23 37 50 60 55 58 67
14 63 14 28 41 63
2 61 2 33 61
25 75 25 79 88 5 52 77 75
13 52 13 0 20 88 5 52
2 24 2 82 24
19 82 19 82
19 78 19 43 44 55 58 77 75 88 5 52 71 82 24 27 78
14 25 14 25
72 52 72 88 5 52
25 24 25 82 24
51 83 51 80 81 83
19 77 19 62 72 75 88 5 6 16 29 48 52 77
15 70 15 26 28 41 70
3 55 3 30 34 79 88 5 52 77 75 82 24 27 44 55
14 54 14 42 51 54
11 72 11 88 5 52 64 71 82 24 27 44 55 67 72
64 50 64 71 82 24 27 44 55 58 50
8 57 8 28 41 57
28 53 28 37 52 77 75 88 5 64 53
26 5 26 45 64 53 88 5
31 50 31 43 44 55 58 50
1 70 1 7 14 28 41 70
43 86 43 44 84 89 86
3 58 3 64 71 82 24 27 44 55 58
2 71 2 9 20 39 58 67 82 24 71
39 60 39 58 50 60
70 24 70 82 24
26 54 26 42 51 54
18 88 18 22 43 52 77 75 88
35 71 35 39 58 67 72 88 5 52 64 82 24 71
26 86 26 42 51 59 89 86
39 89 39 58 77 89
64 52 64 71 82 24 27 52
43 79 43 44 79
8 9 8 9
23 86 23 66 78 84 89 86
34 44 34 48 88 5 6 71 82 24 27 44
8 89 8 28 41 66 77 89
20 73 20 73
57 67 57 67
22 78 22 43 44 79 88 5 52 71 82 24 27 78
22 44 22 34 48 52 77 75 88 5 64 82 24 27 44
2 55 2 9 50 60 55
11 53 11 88 5 52 64 53
1 41 1 7 14 28 41
49 80 49 72 75 88 5 64 53 80
6 86 6 88 5 64 86
14 29 14 28 37 52 64 53 88 5 6 16 29
42 73 42 62 72 75 88 5 64 82 24 73
28 78 28 41 57 72 75 82 24 27 78
20 47 20 39 58 50 60 55 67 82 24 27 44 79 88 5 6 47
77 5 77 75 88 5
85 37 85 88 5 6 37
23 67 23 37 50 60 55 58 67
2 6 2 56 82 24 27 44 55 67 72 75 88 5 6
39 81 39 58 67 82 24 27 79 88 5 64 53 80 81
2 64 2 23 66 77 75 88 5 64
19 67 19 43 44 55 67
15 59 15 30 34 79 88 5 6 16 35 59
70 5 70 82 24 27 44 79 88 5
3 86 3 9 71 82 24 27 78 84 89 86
19 44 19 43 44
64 80 64 82 24 27 79 88 5 75 80
11 24 11 88 5 6 71 82 24
31 72 31 56 64 82 24 27 79 88 5 72
64 71 64 82 24 71
49 82 49 72 75 82
70 71 70 82 24 71
7 52 7 64 53 88 5 75 82 24 27 52
72 75 72 75
7 84 7 64 82 24 27 79 84
6 80 6 88 5 72 75 80
23 86 23 37 48 88 5 52 77 75 82 24 27 79 84 89 86
14 72 14 34 79 88 5 72
14 79 14 25 62 72 75 88 5 79
13 79 13 60 55 67 82 24 27 79
35 27 35 39 58 50 60 55 67 82 24 27
7 29 7 43 52 64 71 82 24 27 79 88 5 6 16 29
15 29 15 30 29
77 79 77 75 82 24 27 79
33 80 33 67 72 88 5 75 80
4 64 4 30 34 48 88 5 52 64
41 75 41 57 72 88 5 75
40 86 40 78 84 89 86
72 86 72 88 5 89 86
62 82 62 72 75 82
28 29 28 82 24 27 52 77 75 88 5 6 16 29
28 82 28 82
35 64 35 59 64
6 48 6 16 29 48
64 83 64 53 88 5 75 82 24 83
3 44 3 27 44
39 60 39 58 50 60
6 80 6 31 56 64 71 82 24 27 44 79 88 5 52 80
19 81 19 56 64 71 82 24 27 52 80 81
18 73 18 20 73
4 79 4 49 72 75 88 5 52 71 82 24 27 79
30 5 30 34 48 88 5
56 24 56 64 82 24
30 29 30 29
34 50 34 79 88 5 64 71 82 24 27 44 55 58 50
85 43 85 88 5 6 31 43
18 73 18 20 56 64 53 88 5 52 77 75 82 24 73
25 48 25 12 29 48
6 81 6 31 43 52 80 81
23 67 23 37 51 59 24 27 44 55 67
11 81 11 88 5 75 80 81
8 47 8 62 72 75 82 24 27 88 5 6 47
9 81 9 50 60 55 58 67 82 24 27 44 79 88 5 6 77 75 80 81
21 63 21 26 28 41 57 63
3 67 3 30 44 55 58 67
19 44 19 43 44
15 45 15 26 45
41 53 41 70 82 24 27 79 88 5 6 31 56 64 53
30 50 30 44 55 58 50
23 84 23 37 50 82 24 27 44 84
4 73 4 30 29 48 88 5 72 75 82 24 73
1 27 1 2 56 64 71 82 24 27
18 77 18 20 88 5 6 37 52 77
40 86 40 78 84 89 86
49 64 49 72 75 88 5 64
56 72 56 64 71 82 24 27 44 55 58 67 72
56 58 56 64 71 82 24 27 79 88 5 6 31 43 44 55 58
15 54 15 22 43 54
19 81 19 62 72 75 80 81
49 5 49 72 88 5
38 89 38 89
19 67 19 43 44 55 67
1 10 1 13 0 10
56 44 56 82 24 27 44
22 60 22 34 79 88 5 52 71 82 24 27 44 55 58 50 60
49 50 49 72 75 88 5 64 71 82 24 27 44 55 58 50
19 81 19 62 72 88 5 6 71 82 24 27 52 77 75 80 81
14 71 14 25 12 44 79 88 5 52 71
2 73 2 56 82 24 73
23 80 23 37 51 59 64 53 80
18 83 18 59 64 53 88 5 72 75 82 24 83
22 82 22 31 43 44 55 67 72 88 5 52 71 82
31 55 31 43 44 55
1 9 1 2 9
33 61 33 61
62 55 62 72 88 5 52 64 82 24 27 44 55
19 80 19 43 52 80
59 86 59 24 89 86
1 43 1 7 43
18 43 18 22 43
1 24 1 13 28 82 24
9 81 9 62 72 88 5 75 80 81
1 78 1 2 82 24 27 78
22 51 22 34 48 52 71 82 24 27 88 5 6 37 51
6 48 6 16 29 48
56 53 56 64 53
3 27 3 37 49 72 75 82 24 27
22 66 22 34 66
58 5 58 50 82 24 27 44 79 88 5
41 81 41 66 77 75 88 5 64 53 80 81
51 73 51 67 73
23 67 23 37 59 64 82 24 27 44 55 67
72 53 72 75 82 24 27 52 64 53
85 60 85 88 5 64 82 24 27 44 55 58 50 60
2 5 2 56 82 24 27 88 5
2 89 2 23 66 77 89
23 81 23 66 77 75 88 5 52 80 81
15 89 15 22 31 56 64 71 82 24 89
6 5 6 47 75 88 5
2 84 2 33 78 84
19 78 19 43 52 71 82 24 27 78
7 47 7 43 52 71 82 24 27 79 88 5 6 47
30 47 30 29 48 52 71 82 24 27 79 88 5 6 47
72 67 72 75 88 5 64 82 24 27 44 55 67
14 61 14 25 33 61
25 80 25 79 88 5 72 75 80
21 82 21 58 77 75 82
58 81 58 77 75 82 24 27 79 88 5 6 47 80 81
35 81 35 39 58 50 60 55 67 82 24 27 52 77 75 80 81
85 47 85 88 5 6 47
70 80 70 82 24 27 88 5 75 80
19 79 19 56 64 53 88 5 79
49 60 49 72 75 88 5 64 71 82 24 27 44 55 58 50 60
1 27 1 13 29 48 52 77 75 82 24 27
28 84 28 37 51 59 24 27 52 64 53 88 5 79 84
22 60 22 31 56 64 71 82 24 27 52 77 75 88 5 6 16 35 39 58 50 60
28 72 28 35 39 58 50 60 55 67 72
14 52 14 25 12 60 55 58 50 82 24 27 52
15 29 15 30 29
25 73 25 85 88 5 64 71 82 24 73
14 80 14 42 51 59 64 53 80
25 66 25 12 66
6 83 6 47 80 81 83
85 43 85 88 5 6 31 43
72 86 72 75 88 5 89 86
19 27 19 43 52 64 82 24 27
4 60 4 49 72 75 82 24 27 44 55 58 50 60
39 73 39 58 50 60 55 67 73
16 48 16 29 48
56 43 56 64 82 24 27 52 77 75 88 5 6 31 43
41 86 41 49 72 86
25 48 25 79 88 5 6 37 48
31 58 31 56 64 71 82 24 27 88 5 6 37 50 60 55 58
15 59 15 30 34 59
49 89 49 72 75 82 24 89
26 53 26 28 64 53
9 73 9 71 82 24 73
39 73 39 58 67 72 75 82 24 73
14 89 14 34 79 88 5 89
88 55 88 5 64 71 82 24 27 44 55
3 72 3 9 20 55 67 72
35 86 35 39 58 67 72 88 5 64 86
8 66 8 28 41 66
28 27 28 35 59 64 82 24 27
41 55 41 49 72 88 5 52 77 75 82 24 27 44 55
37 44 37 48 88 5 52 71 82 24 27 44
11 6 11 88 5 6
25 83 25 82 24 83
18 88 18 20 39 58 67 72 75 88
30 84 30 34 59 64 53 84
13 45 13 26 45
30 50 30 44 55 58 50
4 77 4 23 66 77
28 63 28 41 57 63
8 41 8 28 41
43 73 43 44 55 67 72 75 88 5 52 71 82 24 73
22 84 22 34 66 77 75 82 24 27 88 5 6 31 43 44 79 84
18 58 18 22 31 56 64 53 88 5 75 82 24 27 44 55 58
25 54 25 33 51 54
21 58 21 58
85 5 85 88 5
43 53 43 52 77 75 88 5 6 31 56 64 53
2 84 2 78 84
22 27 22 34 66 77 75 82 24 27
23 67 23 49 72 88 5 52 71 82 24 27 44 55 67
72 48 72 88 5 6 37 48
14 12 14 25 12
34 75 34 79 88 5 6 77 75
62 5 62 72 75 88 5
35 79 35 39 58 67 82 24 27 79
19 67 19 82 24 27 44 55 58 67
3 29 3 30 29
58 29 58 77 75 82 24 27 79 88 5 6 16 29
23 50 23 37 50
8 53 8 41 66 77 75 88 5 6 71 82 24 27 52 64 53
62 44 62 72 75 82 24 27 44
18 58 18 22 43 44 55 58
21 81 21 26 42 51 54 81
16 55 16 44 55
15 24 15 26 42 51 67 82 24
8 88 8 9 50 82 24 27 44 55 67 72 88
22 78 22 34 59 24 27 78
21 88 21 26 28 37 59 64 53 88
37 44 37 72 75 88 5 6 16 44
64 67 64 53 88 5 52 71 82 24 27 44 55 58 67
1 16 1 2 9 20 88 5 6 16
11 5 11 59 24 27 88 5
18 88 18 22 31 43 52 71 82 24 27 79 88
60 80 60 55 67 72 75 80
49 84 49 72 75 88 5 79 84
18 78 18 20 56 64 71 82 24 27 78
2 32 2 9 20 32
1 30 1 13 0 10 30
42 78 42 51 67 82 24 27 78
14 79 14 42 62 72 75 88 5 6 71 82 24 27 44 79
8 44 8 9 62 72 88 5 64 71 82 24 27 44
49 55 49 72 88 5 75 82 24 27 44 55
15 78 15 26 45 50 82 24 27 78
42 78 42 62 72 88 5 52 71 82 24 27 78
62 77 62 72 88 5 52 77
15 44 15 30 44
9 44 9 62 72 75 82 24 27 44
15 29 15 30 29
2 79 2 33 51 59 64 71 82 24 27 52 77 75 88 5 79
34 55 34 79 88 5 6 37 50 82 24 27 44 55
22 43 22 43
28 58 28 41 50 60 55 58
60 81 60 55 58 50 82 24 27 79 88 5 6 37 72 75 80 81
31 16 31 56 64 53 88 5 6 16
35 53 35 59 64 53
85 86 85 88 5 75 82 24 89 86
72 71 72 75 88 5 6 71
1 7 1 7
2 37 2 23 37
70 50 70 82 24 27 44 55 58 50
62 43 62 72 88 5 6 31 43
39 67 39 58 67
9 81 9 62 72 88 5 52 80 81
4 52 4 70 82 24 27 52
51 54 51 54
82 83 82 24 83
59 83 59 24 83
27 73 27 44 79 88 5 6 77 75 82 24 73
20 50 20 39 58 50
2 47 2 23 66 77 75 82 24 27 52 64 53 88 5 6 47
35 83 35 39 58 77 75 88 5 64 82 24 83
14 61 14 25 33 61
26 54 26 42 51 54
37 71 37 52 71
28 86 28 64 71 82 24 27 78 84 89 86
21 60 21 26 88 5 6 31 56 64 71 82 24 27 44 55 58 50 60
21 51 21 42 51
28 89 28 77 89
1 41 1 7 14 28 41
15 44 15 22 43 44
56 58 56 82 24 27 44 55 58
16 44 16 44
14 67 14 25 33 67
8 89 8 62 72 75 88 5 79 84 89
3 64 3 64
28 48 28 37 48
62 64 62 72 75 88 5 64
4 78 4 23 66 78
43 67 43 44 55 67
85 73 85 88 5 75 82 24 73
14 89 14 28 41 66 78 84 89
31 72 31 43 52 64 53 88 5 72
59 80 59 64 71 82 24 27 44 79 88 5 52 80
51 55 51 67 72 88 5 75 82 24 27 44 55
1 66 1 7 14 25 12 66
1 66 1 7 14 25 12 66
15 53 15 30 48 52 71 82 24 27 44 79 88 5 64 53
4 34 4 30 34
2 71 2 9 71
37 71 37 77 75 82 24 71
8 41 8 41
82 73 82 24 73
57 5 57 82 24 27 79 88 5
1 58 1 13 60 55 58
22 80 22 43 52 71 82 24 27 88 5 72 75 80
1 61 1 7 14 25 33 61
2 53 2 82 24 27 88 5 6 37 52 64 53
70 44 70 82 24 27 44
39 47 39 58 50 82 24 27 88 5 6 47
14 25 14 25
2 58 2 23 37 50 60 55 58
39 77 39 58 77
15 83 15 26 88 5 79 83
60 79 60 55 67 82 24 27 44 79
7 54 7 43 54
33 52 33 67 82 24 27 52
64 52 64 82 24 27 52
31 79 31 56 64 82 24 27 44 79
3 44 3 27 44
77 55 77 75 82 24 27 44 55
21 43 21 26 88 5 6 31 43
9 53 9 50 82 24 27 44 55 58 67 72 75 88 5 52 64 53
51 54 51 54
85 79 85 88 5 6 37 72 75 82 24 27 79
35 52 35 59 64 82 24 27 88 5 52
42 80 42 62 72 75 80
37 53 37 52 71 82 24 27 44 79 88 5 64 53
1 12 1 7 14 25 12
21 81 21 26 42 62 72 75 80 81
27 83 27 52 71 82 24 83
15 73 15 30 48 52 64 71 82 24 73
35 84 35 59 64 71 82 24 27 88 5 79 84
26 24 26 45 50 82 24
3 67 3 9 20 39 58 67
3 30 3 30
85 84 85 88 5 52 71 82 24 27 44 79 84
42 71 42 62 72 88 5 75 82 24 71
1 57 1 13 28 41 57
14 50 14 28 41 50
16 71 16 44 79 88 5 6 71
8 48 8 28 37 48
77 81 77 75 88 5 64 53 80 81
33 54 33 51 54
23 55 23 66 77 75 82 24 27 79 88 5 6 37 50 60 55
41 73 41 70 82 24 73
14 59 14 59
60 81 60 55 67 82 24 27 88 5 64 53 80 81
2 72 2 23 49 72
1 23 1 2 23
8 54 8 28 37 77 75 88 5 6 31 43 54
13 32 13 28 41 70 32
26 73 26 28 64 82 24 73
85 37 85 88 5 6 37
39 60 39 58 50 60
72 50 72 75 88 5 52 64 71 82 24 27 44 55 58 50
9 81 9 71 82 24 27 79 88 5 75 80 81
35 59 35 59
3 24 3 30 44 79 88 5 75 82 24
7 54 7 43 54
51 50 51 67 72 88 5 6 37 50
41 55 41 49 72 88 5 6 47 75 82 24 27 44 55
42 72 42 62 72
28 51 28 37 51
49 79 49 72 88 5 79
13 29 13 29
4 89 4 49 72 88 5 64 71 82 24 89
88 24 88 5 72 75 82 24
85 79 85 88 5 79
21 81 21 42 62 72 88 5 6 47 80 81
7 81 7 64 53 88 5 75 80 81
43 67 43 44 55 58 67
85 86 85 88 5 6 77 75 82 24 27 78 84 89 86
85 52 85 88 5 6 71 82 24 27 52
31 83 31 56 64 82 24 83
19 53 19 56 82 24 27 52 77 75 88 5 64 53
72 5 72 88 5
42 53 42 62 72 75 88 5 6 71 82 24 27 52 64 53
51 55 51 67 72 75 82 24 27 44 55
42 44 42 62 72 75 82 24 27 44
27 73 27 52 77 75 82 24 73
19 78 19 43 44 79 88 5 75 82 24 27 78
8 54 8 62 72 75 88 5 6 31 43 54
2 61 2 33 61
4 52 4 82 24 27 52
70 71 70 82 24 71
72 55 72 75 88 5 6 16 44 55
3 79 3 64 53 88 5 79
60 53 60 55 58 77 75 82 24 27 88 5 52 64 53
28 6 28 64 53 88 5 6
39 48 39 58 77 75 88 5 6 16 29 48
39 73 39 58 67 73
26 50 26 45 50
2 83 2 82 24 83
6 24 6 37 49 72 88 5 75 82 24
33 80 33 49 72 75 80
27 52 27 52
62 50 62 72 88 5 6 37 50
9 55 9 20 55
2 16 2 56 64 71 82 24 27 79 88 5 6 16
8 71 8 9 71
58 55 58 50 60 55
9 71 9 62 72 88 5 52 77 75 82 24 71
39 58 39 58
1 20 1 13 20
1 37 1 37
20 32 20 32
70 47 70 82 24 27 44 79 88 5 6 47
22 64 22 43 44 79 88 5 72 75 82 24 27 52 64
1 66 1 13 28 41 66
49 16 49 72 75 88 5 6 16
49 75 49 72 75
2 51 2 23 37 51
70 48 70 82 24 27 88 5 6 16 29 48
85 75 85 88 5 6 77 75
35 64 35 39 58 67 72 75 82 24 27 79 88 5 64
28 57 28 41 57
43 55 43 44 55
15 60 15 22 43 52 64 71 82 24 27 44 55 67 72 75 88 5 6 37 50 60
35 84 35 59 64 53 84
49 89 49 72 75 88 5 89
7 75 7 62 72 75
72 48 72 88 5 6 37 48
30 66 30 34 66
7 86 7 57 78 84 89 86
19 82 19 56 82
30 75 30 34 48 52 77 75
88 55 88 5 75 82 24 27 44 55
26 73 26 73
78 84 78 84
8 55 8 9 20 55
39 86 39 58 50 60 55 67 72 88 5 79 84 89 86
64 55 64 71 82 24 27 44 55
60 83 60 55 58 77 75 80 81 83
20 50 20 88 5 75 82 24 27 44 55 58 50
7 29 7 14 34 59 64 53 88 5 6 16 29
62 16 62 72 88 5 6 16
38 89 38 89
7 81 7 14 59 24 27 44 79 88 5 6 47 75 80 81
3 52 3 30 48 88 5 52
3 48 3 30 29 48
19 73 19 82 24 73
4 29 4 30 29
19 24 19 56 82 24
4 44 4 70 82 24 27 44
33 79 33 62 72 88 5 79
1 64 1 37 52 64
23 48 23 37 48
42 55 42 62 72 88 5 6 71 82 24 27 44 55
62 77 62 72 88 5 52 77
14 66 14 34 66
18 82 18 22 43 52 71 82
72 83 72 75 88 5 64 71 82 24 83
13 67 13 0 20 39 58 67
49 71 49 72 75 82 24 27 79 88 5 64 71
51 52 51 59 64 82 24 27 52
3 20 3 9 20
14 33 14 25 33
2 84 2 9 20 39 58 77 75 82 24 27 52 64 53 84
8 58 8 62 72 75 88 5 52 71 82 24 27 44 55 58
19 55 19 56 82 24 27 44 55
21 59 21 26 88 5 6 16 35 59
4 37 4 23 37
15 5 15 30 34 48 75 88 5
57 83 57 72 75 80 81 83
28 67 28 35 39 58 50 60 55 67
27 53 27 88 5 64 53
8 72 8 9 62 72
56 83 56 82 24 27 88 5 52 80 81 83
14 33 14 25 33
19 5 19 56 82 24 27 88 5
51 83 51 54 81 83
49 83 49 72 88 5 52 77 75 80 81 83
14 88 14 34 79 88
28 86 28 35 39 58 50 60 55 84 89 86
60 53 60 55 58 50 82 24 27 44 79 88 5 64 53
1 26 1 13 26
18 20 18 20
22 54 22 31 43 54
8 63 8 41 57 63
22 52 22 43 52
2 47 2 33 67 72 88 5 6 47
15 86 15 30 34 86
51 53 51 67 72 88 5 64 53
13 79 13 60 55 58 77 75 88 5 52 71 82 24 27 79
8 82 8 9 62 72 88 5 75 82
3 9 3 9
19 75 19 56 64 82 24 27 79 88 5 75
21 88 21 58 77 75 82 24 27 88
70 73 70 82 24 27 44 55 67 73
22 88 22 34 79 88
4 53 4 49 72 75 82 24 27 79 88 5 64 53
43 84 43 44 84
16 80 16 29 48 75 88 5 64 53 80
72 81 72 75 80 81
2 50 2 56 64 53 88 5 75 82 24 27 44 55 58 50
11 44 11 59 64 53 88 5 75 82 24 27 44
6 75 6 16 35 59 64 53 88 5 75
28 52 28 37 72 88 5 64 71 82 24 27 52
77 71 77 75 82 24 27 79 88 5 6 31 56 64 71
2 75 2 23 37 50 60 55 67 72 75
22 72 22 34 48 75 82 24 27 79 88 5 72
51 71 51 67 72 88 5 75 82 24 71
18 80 18 20 39 58 77 75 80
2 80 2 23 37 52 77 75 88 5 6 47 80
14 57 14 28 41 57
22 55 22 43 44 55
3 66 3 30 34 66
9 75 9 62 72 88 5 75
14 5 14 34 79 88 5
21 78 21 58 77 75 88 5 52 64 82 24 27 78
14 47 14 42 62 72 88 5 6 47
11 82 11 88 5 75 82
2 73 2 33 62 72 88 5 75 82 24 73
58 52 58 50 60 55 67 82 24 27 52
15 55 15 30 44 55
4 32 4 70 32
31 16 31 56 64 71 82 24 27 52 77 75 88 5 6 16
9 32 9 20 32
7 44 7 64 53 88 5 72 75 82 24 27 44
19 75 19 62 72 75
28 73 28 41 50 82 24 73
72 67 72 88 5 6 31 43 52 77 75 82 24 27 44 55 67
57 67 57 67
16 29 16 29
6 55 6 71 82 24 27 44 55
37 50 37 50
72 84 72 75 82 24 27 44 79 84
19 27 19 43 44 79 88 5 52 64 71 82 24 27
15 83 15 26 88 5 6 16 29 48 75 80 81 83
7 50 7 57 82 24 27 44 55 58 50
27 24 27 52 77 75 88 5 64 82 24
11 78 11 88 5 75 82 24 27 78
31 75 31 43 44 79 88 5 52 77 75
27 81 27 52 80 81
64 81 64 82 24 27 44 55 58 77 75 88 5 52 80 81
22 27 22 43 52 64 71 82 24 27
7 83 7 14 42 51 54 81 83
4 50 4 70 82 24 27 44 55 58 50
77 75 77 75
23 24 23 49 72 75 82 24
35 71 35 59 24 71
31 83 31 56 64 71 82 24 27 52 80 81 83
4 55 4 30 29 48 52 71 82 24 27 44 55
72 52 72 88 5 52
58 47 58 77 75 88 5 6 47
49 89 49 72 75 88 5 6 37 52 77 89
18 77 18 20 39 58 77
19 77 19 43 52 77
15 48 15 30 48
20 73 20 88 5 52 71 82 24 73
56 47 56 64 53 88 5 6 47
15 41 15 26 28 41
25 84 25 85 88 5 6 37 48 52 64 71 82 24 27 78 84
30 24 30 48 75 82 24
8 89 8 9 50 82 24 27 88 5 89
35 50 35 39 58 50
30 71 30 29 48 75 82 24 71
11 64 11 88 5 52 64
77 50 77 75 88 5 6 16 35 39 58 50
62 24 62 72 88 5 64 82 24
30 80 30 29 48 88 5 64 53 80
9 86 9 62 72 75 88 5 79 84 89 86
62 75 62 72 75
82 71 82 24 71
39 60 39 58 50 60
14 41 14 28 41
31 27 31 56 64 53 88 5 72 75 82 24 27
85 71 85 88 5 72 75 82 24 71
7 52 7 14 28 77 75 82 24 27 79 88 5 52
19 16 19 82 24 27 79 88 5 6 16
56 27 56 82 24 27
1 30 1 13 0 10 30
9 86 9 20 56 64 71 82 24 27 88 5 79 84 89 86
28 73 28 64 82 24 73
85 82 85 88 5 75 82
39 44 39 58 67 82 24 27 44
62 88 62 72 75 88
72 81 72 75 80 81
18 66 18 22 34 66
15 82 15 22 34 48 75 88 5 52 64 71 82
21 75 21 42 62 72 88 5 75
28 84 28 37 52 64 53 88 5 75 82 24 27 44 79 84
28 37 28 37
38 89 38 89
2 6 2 82 24 27 88 5 6
39 81 39 58 67 82 24 27 79 88 5 75 80 81
3 88 3 27 79 88
13 84 13 29 48 88 5 72 75 82 24 27 44 84
23 24 23 37 59 64 71 82 24
85 55 85 88 5 6 37 48 52 77 75 82 24 27 44 55
70 84 70 82 24 27 44 84
42 6 42 62 72 75 88 5 6
42 75 42 62 72 88 5 75
14 51 14 42 51
30 54 30 48 52 77 75 88 5 6 31 43 54
4 66 4 23 66
28 84 28 37 77 75 88 5 79 84
14 33 14 25 33
14 71 14 34 59 64 71
77 83 77 75 80 81 83
28 5 28 35 39 58 77 75 88 5
33 48 33 67 72 88 5 6 16 29 48
41 32 41 70 32
31 52 31 56 64 53 88 5 72 75 82 24 27 52
56 83 56 82 24 27 44 79 83
6 53 6 37 52 64 53
60 29 60 55 58 77 75 82 24 27 79 88 5 6 16 29
28 89 28 64 53 84 89
23 47 23 37 52 71 82 24 27 44 55 67 72 75 88 5 6 47
6 53 6 31 56 64 53
62 55 62 72 75 88 5 52 71 82 24 27 44 55
1 88 1 2 56 64 53 88
14 64 14 42 62 72 75 88 5 6 37 59 64
43 55 43 44 55
34 50 34 79 88 5 52 64 82 24 27 44 55 58 50
42 27 42 51 67 82 24 27
35 51 35 59 64 82 24 27 44 55 67 72 75 88 5 6 37 51
1 59 1 39 58 67 82 24 27 79 88 5 6 37 59
22 75 22 43 44 55 58 77 75
56 16 56 64 53 88 5 6 16
72 29 72 88 5 6 16 29
28 75 28 64 71 82 24 27 88 5 72 75
25 61 25 33 61
42 47 42 62 72 88 5 6 47
62 37 62 72 88 5 6 37
57 81 57 72 88 5 64 71 82 24 27 52 77 75 80 81
59 84 59 64 82 24 27 78 84
15 73 15 26 73
28 79 28 64 82 24 27 79
8 70 8 41 70
14 73 14 25 62 72 75 82 24 73
19 88 19 43 44 55 67 82 24 27 52 77 75 88
39 75 39 58 77 75
23 80 23 66 77 75 80
42 79 42 51 59 64 71 82 24 27 44 55 67 72 75 88 5 79
57 80 57 67 82 24 27 79 88 5 75 80
19 77 19 43 52 77
15 58 15 22 31 43 44 55 58
14 37 14 28 37
3 82 3 37 48 75 82
15 57 15 26 28 41 57
19 72 19 62 72
15 26 15 26
1 75 1 13 26 45 64 71 82 24 27 52 77 75
8 71 8 41 70 82 24 71
22 72 22 43 52 71 82 24 27 88 5 72
34 75 34 48 52 71 82 24 27 79 88 5 6 37 51 67 72 75
21 67 21 42 51 67
31 80 31 43 44 79 88 5 64 53 80
28 80 28 35 59 24 27 44 79 88 5 75 80
20 86 20 55 67 82 24 27 44 84 89 86
42 73 42 51 59 24 73
35 83 35 39 58 77 75 80 81 83
49 88 49 72 75 82 24 27 88
43 52 43 52
18 32 18 20 32
16 86 16 35 39 58 67 72 88 5 89 86
4 47 4 49 72 75 82 24 27 88 5 6 47
11 78 11 59 64 82 24 27 78
38 86 38 89 86
1 89 1 78 84 89
62 83 62 72 88 5 6 71 82 24 27 44 79 83
22 52 22 43 44 79 88 5 72 75 82 24 27 52
30 29 30 29
8 41 8 28 41
2 20 2 9 20
82 53 82 24 27 44 55 67 72 88 5 64 53
19 44 19 43 44
62 71 62 72 75 88 5 52 71
35 60 35 39 58 50 60
1 79 1 7 64 71 82 24 27 79
3 72 3 9 62 72
35 50 35 39 58 50
77 83 77 75 80 81 83
51 67 51 67
33 44 33 62 72 75 88 5 6 31 43 44
42 16 42 62 72 88 5 6 16
35 80 35 39 58 77 75 80
1 88 1 49 72 75 88
14 67 14 25 33 67
72 24 72 88 5 75 82 24
28 78 28 82 24 27 78
13 71 13 0 20 56 82 24 71
1 0 1 13 0
56 72 56 64 82 24 27 88 5 72
64 55 64 71 82 24 27 44 55
19 58 19 43 52 64 53 88 5 72 75 82 24 27 44 55 58
1 43 1 7 64 71 82 24 27 44 79 88 5 6 31 43
21 84 21 42 62 72 88 5 64 71 82 24 27 79 84
22 44 22 31 56 82 24 27 44
3 55 3 27 44 55
26 29 26 45 64 82 24 27 79 88 5 6 16 29
35 82 35 59 24 71 82
22 27 22 31 56 64 71 82 24 27
19 52 19 62 72 75 88 5 52
59 67 59 24 27 44 55 67
31 16 31 56 64 53 88 5 6 16
85 55 85 88 5 52 77 75 82 24 27 44 55
64 53 64 53
21 63 21 26 28 41 63
42 77 42 62 72 88 5 52 77
62 55 62 72 75 88 5 52 71 82 24 27 44 55
23 54 23 49 72 75 88 5 6 31 43 54
1 23 1 2 23
28 77 28 82 24 27 79 88 5 52 77
49 24 49 72 88 5 64 82 24
34 67 34 48 52 77 75 82 24 27 44 55 58 67
85 55 85 88 5 75 82 24 27 44 55
6 83 6 71 82 24 83
21 71 21 42 62 72 88 5 6 31 56 82 24 71
3 51 3 37 51
42 51 42 51
22 66 22 34 66
34 75 34 66 77 75
4 88 4 70 82 24 27 79 88
88 71 88 5 6 47 75 82 24 71
62 47 62 72 88 5 6 47
51 67 51 67
88 71 88 5 6 16 29 48 75 82 24 71
34 55 34 79 88 5 52 71 82 24 27 44 55
30 71 30 29 48 52 71
25 75 25 12 45 77 75
59 79 59 64 71 82 24 27 79
21 5 21 58 67 82 24 27 44 79 88 5
8 78 8 9 71 82 24 27 78
43 83 43 44 79 88 5 75 80 81 83
1 44 1 37 52 77 75 82 24 27 44
3 84 3 82 24 27 44 79 84
39 73 39 58 67 73
14 77 14 25 12 29 48 52 77
37 84 37 52 77 75 88 5 6 71 82 24 27 78 84
15 43 15 26 42 51 59 64 71 82 24 27 79 88 5 6 31 43
25 50 25 79 88 5 52 71 82 24 27 44 55 58 50
4 55 4 70 82 24 27 44 55
7 29 7 62 72 75 82 24 27 44 79 88 5 6 16 29
31 16 31 56 64 71 82 24 27 88 5 6 16
26 53 26 45 64 53
39 44 39 58 77 75 88 5 6 16 44
35 53 35 39 58 67 82 24 27 52 64 53
1 81 1 39 58 50 60 55 67 72 75 80 81
58 47 58 77 75 88 5 6 47
21 41 21 26 28 41
19 86 19 43 54 86
2 80 2 23 37 51 80
51 52 51 59 24 27 44 79 88 5 6 31 43 52
15 5 15 30 44 79 88 5
49 78 49 72 75 82 24 27 78
14 55 14 25 12 24 27 44 55
21 63 21 26 28 41 57 63
23 86 23 49 72 86
57 47 57 72 75 88 5 6 47
85 71 85 88 5 52 71
57 73 57 82 24 73
2 51 2 33 51
11 53 11 59 24 27 44 55 58 77 75 88 5 52 64 53
31 83 31 43 52 71 82 24 27 79 88 5 75 80 81 83
6 86 6 37 77 89 86
34 67 34 79 88 5 6 16 44 55 58 67
31 83 31 43 54 81 83
49 59 49 72 75 82 24 27 88 5 6 37 59
31 58 31 43 44 55 58
14 67 14 28 82 24 27 44 55 67
14 60 14 25 12 50 60
62 72 62 72
1 27 1 37 52 77 75 88 5 6 71 82 24 27
19 53 19 56 64 53
22 43 22 43
6 67 6 16 35 39 58 67
82 24 82 24
1 29 1 13 29
7 29 7 43 44 79 88 5 6 16 29
49 58 49 72 75 82 24 27 44 55 58
15 70 15 26 28 41 70
62 5 62 72 75 88 5
56 29 56 64 53 88 5 6 16 29
3 77 3 37 50 60 55 58 77
6 84 6 71 82 24 27 44 55 58 67 72 88 5 64 53 84
42 78 42 51 59 64 71 82 24 27 78
30 79 30 34 79
70 5 70 82 24 27 79 88 5
56 6 56 64 53 88 5 6
19 77 19 56 82 24 27 44 79 88 5 6 77
14 63 14 25 63
39 89 39 58 77 75 88 5 89
82 5 82 24 27 79 88 5
49 88 49 72 88
21 86 21 58 67 82 24 27 78 84 89 86
4 61 4 23 61
35 67 35 39 58 67
14 86 14 34 48 75 88 5 89 86
28 75 28 77 75
56 53 56 64 53
33 67 33 49 72 88 5 52 71 82 24 27 44 55 67
42 77 42 51 59 24 27 52 77
18 73 18 20 73
39 16 39 58 67 82 24 27 44 79 88 5 6 16
4 24 4 70 82 24
58 67 58 50 60 55 67
3 54 3 64 82 24 27 79 88 5 6 31 43 54
2 51 2 33 51
18 53 18 22 34 48 52 64 53
30 24 30 34 48 88 5 75 82 24
18 84 18 59 64 71 82 24 27 79 88 5 6 37 50 60 55 84
31 73 31 43 52 64 82 24 73
15 77 15 22 43 52 77
22 6 22 34 48 52 64 53 88 5 6
41 81 41 50 82 24 27 52 77 75 80 81
25 55 25 12 50 60 55
1 53 1 37 51 67 82 24 27 44 79 88 5 64 53
1 33 1 7 14 25 33
1 64 1 37 72 75 88 5 52 64
60 50 60 55 58 50
15 45 15 26 45
1 71 1 2 33 67 72 88 5 64 82 24 27 52 71
82 67 82 24 27 88 5 6 37 51 67
9 5 9 62 72 88 5
56 82 56 82
41 79 41 49 72 88 5 79
56 29 56 64 82 24 27 79 88 5 6 16 29
64 75 64 71 82 24 27 52 77 75
35 64 35 39 58 77 75 88 5 6 37 51 59 64
70 80 70 82 24 27 88 5 75 80
39 5 39 58 67 72 88 5
1 83 1 37 52 77 75 80 81 83
21 70 21 26 28 41 70
57 24 57 67 82 24
72 71 72 75 88 5 64 82 24 71
33 53 33 62 72 75 82 24 27 79 88 5 64 53
9 44 9 71 82 24 27 44
34 84 34 48 75 82 24 27 79 84
15 79 15 30 34 79
4 44 4 82 24 27 79 88 5 6 31 43 44
59 83 59 64 53 80 81 83
21 84 21 58 50 60 55 67 82 24 27 88 5 79 84
30 79 30 44 55 58 77 75 88 5 79
6 48 6 37 48
43 80 43 52 80
64 53 64 53
22 75 22 34 48 75
28 44 28 64 71 82 24 27 44
13 0 13 0
8 64 8 9 62 72 75 82 24 27 52 64
21 16 21 26 42 62 72 75 88 5 6 16
25 44 25 79 88 5 64 82 24 27 44
20 83 20 55 58 67 72 88 5 6 47 75 80 81 83
9 5 9 50 82 24 27 44 79 88 5
15 29 15 30 29
38 89 38 89
82 44 82 24 27 44
34 75 34 79 88 5 6 71 82 24 27 44 55 67 72 75
6 67 6 37 50 60 55 67
26 50 26 45 50
18 32 18 20 32
18 72 18 59 64 71 82 24 27 52 77 75 88 5 72
15 79 15 30 34 48 52 71 82 24 27 79
22 58 22 31 43 44 55 58
22 72 22 31 43 44 79 88 5 72
51 79 51 67 72 88 5 75 82 24 27 79
85 80 85 88 5 6 71 82 24 27 52 64 53 80
7 61 7 14 25 33 61
70 81 70 81
2 53 2 33 62 72 88 5 6 31 43 52 64 53
41 75 41 66 77 75
14 86 14 34 59 89 86
2 83 2 23 66 77 75 82 24 83
22 83 22 34 48 75 80 81 83
25 67 25 33 67
2 47 2 33 62 72 75 82 24 27 88 5 6 47
22 60 22 43 52 71 82 24 27 44 55 58 50 60
70 86 70 82 24 27 52 64 53 84 89 86
4 50 4 23 37 50
7 80 7 62 72 75 88 5 52 80
13 10 13 0 10
3 84 3 64 53 88 5 52 71 82 24 27 79 84
25 50 25 12 50
28 66 28 41 66
15 34 15 22 34
21 37 21 26 28 37
64 5 64 82 24 27 79 88 5
14 73 14 42 51 67 73
34 75 34 48 52 77 75
7 44 7 43 52 64 53 88 5 72 75 82 24 27 44
1 86 1 49 72 75 88 5 52 71 82 24 27 78 84 89 86
7 47 7 64 82 24 27 44 79 88 5 6 47
56 75 56 64 71 82 24 27 52 77 75
9 84 9 71 82 24 27 79 88 5 64 53 84
2 32 2 9 20 32
31 84 31 43 52 71 82 24 27 44 84
56 48 56 64 82 24 27 52 77 75 88 5 6 37 48
28 57 28 41 57
49 89 49 72 88 5 89
85 44 85 88 5 6 16 29 48 52 64 71 82 24 27 44
85 71 85 88 5 64 71
1 54 1 7 43 54
13 67 13 60 55 67
2 82 2 82
27 71 27 79 88 5 6 47 75 82 24 71
49 37 49 72 75 88 5 6 37
57 79 57 67 72 88 5 52 71 82 24 27 44 79
28 41 28 41
43 47 43 44 79 88 5 6 47
64 75 64 53 88 5 6 16 35 39 58 77 75
85 29 85 88 5 6 16 29
2 43 2 9 20 39 58 50 82 24 27 79 88 5 6 31 43
18 71 18 59 64 82 24 71
14 27 14 25 82 24 27
26 80 26 28 41 50 60 55 67 82 24 27 44 79 88 5 72 75 80
23 73 23 37 72 75 82 24 73
43 84 43 52 71 82 24 27 44 84
57 79 57 72 88 5 52 64 71 82 24 27 79
13 53 13 60 55 58 50 82 24 27 52 77 75 88 5 64 53
85 52 85 88 5 52
18 79 18 20 56 64 53 88 5 79
13 50 13 0 45 50
34 54 34 66 77 75 82 24 27 79 88 5 6 31 43 54
72 73 72 75 88 5 52 64 82 24 73
15 37 15 26 88 5 6 37
18 88 18 22 34 59 64 53 88
13 50 13 28 41 50
4 80 4 23 49 72 75 88 5 64 53 80
41 86 41 70 82 24 89 86
28 52 28 64 53 88 5 75 82 24 27 52
8 67 8 41 49 72 75 82 24 27 44 55 67
18 48 18 22 34 48
78 86 78 84 89 86
28 78 28 64 71 82 24 27 78
14 75 14 25 35 59 64 53 88 5 72 75
77 83 77 75 82 24 83
88 24 88 5 72 75 82 24
58 67 58 67
37 53 37 59 64 53
70 67 70 82 24 27 44 55 58 67
82 81 82 24 27 52 80 81
15 73 15 26 28 35 59 64 71 82 24 73
14 88 14 28 35 59 64 53 88
35 50 35 39 58 50
22 66 22 34 66
35 82 35 59 24 71 82
72 48 72 75 88 5 6 37 48
15 63 15 26 28 41 57 63
31 72 31 43 52 71 82 24 27 44 55 67 72
85 55 85 88 5 75 82 24 27 44 55
82 54 82 24 27 44 55 67 72 75 88 5 6 31 43 54
64 84 64 53 84
28 52 28 82 24 27 52
2 66 2 23 66
31 5 31 56 82 24 27 79 88 5
64 86 64 71 82 24 27 52 77 75 88 5 6 86
35 88 35 39 58 50 60 55 67 82 24 27 44 79 88
20 44 20 56 82 24 27 44
9 48 9 50 60 55 67 72 75 82 24 27 79 88 5 6 16 29 48
35 52 35 59 64 71 82 24 27 52
13 48 13 29 48
33 24 33 62 72 75 88 5 52 64 71 82 24
18 54 18 22 31 43 54
28 79 28 35 59 24 27 79
62 50 62 72 75 88 5 6 37 50
3 86 3 64 71 82 24 89 86
60 83 60 55 58 50 82 24 83
15 44 15 22 43 44
20 47 20 56 64 53 88 5 6 47
62 44 62 72 75 88 5 64 71 82 24 27 44
15 47 15 26 28 64 53 88 5 6 47
21 5 21 58 67 72 75 88 5
37 50 37 50
60 86 60 55 67 82 24 89 86
51 83 51 80 81 83
16 47 16 35 39 58 67 72 88 5 6 47
2 20 2 9 20
13 83 13 83
31 59 31 43 52 71 82 24 27 44 55 58 67 72 75 88 5 6 16 35 59
27 53 27 79 88 5 52 64 53
18 77 18 59 64 53 88 5 52 77
8 79 8 9 71 82 24 27 44 79
8 83 8 9 71 82 24 83
26 86 26 45 50 82 24 89 86
34 80 34 79 88 5 75 80
35 78 35 59 64 71 82 24 27 78
3 54 3 37 52 71 82 24 27 44 79 88 5 6 31 43 54
18 52 18 20 56 82 24 27 52
85 59 85 88 5 6 37 51 59
6 55 6 71 82 24 27 44 55
72 5 72 88 5
60 71 60 55 67 82 24 27 79 88 5 52 71
42 81 42 51 80 81
1 78 1 7 57 78
64 83 64 71 82 24 27 79 83
58 83 58 50 60 55 67 82 24 27 79 88 5 6 77 75 80 81 83
1 25 1 7 14 25
1 70 1 13 28 41 70
11 86 11 88 5 64 86
21 45 21 26 45
14 27 14 28 35 39 58 50 60 55 67 72 88 5 52 77 75 82 24 27
18 89 18 20 40 78 84 89
26 47 26 42 51 67 72 75 82 24 27 44 79 88 5 6 47
15 41 15 26 28 41
3 52 3 82 24 27 52
11 84 11 88 5 64 53 84
21 78 21 42 51 59 24 27 78
60 52 60 55 58 77 75 88 5 52
31 37 31 43 44 55 67 72 75 88 5 6 37
16 47 16 29 48 52 71 82 24 27 88 5 6 47
27 84 27 78 84
13 5 13 29 48 52 77 75 88 5
1 55 1 13 60 55
2 53 2 56 64 53
64 86 64 71 82 24 27 52 77 89 86
19 75 19 56 64 71 82 24 27 79 88 5 72 75
15 48 15 30 48
77 79 77 75 82 24 27 44 79
4 23 4 23
13 53 13 0 45 77 75 88 5 64 53
62 77 62 72 75 88 5 64 71 82 24 27 52 77
28 52 28 37 77 75 82 24 27 44 79 88 5 6 16 29 48 52
77 73 77 75 88 5 6 71 82 24 73
62 47 62 72 88 5 6 47
26 45 26 45
33 52 33 62 72 88 5 52
2 77 2 9 20 39 58 77
19 81 19 43 44 79 88 5 64 71 82 24 27 52 77 75 80 81
19 75 19 56 64 53 88 5 6 47 75
31 53 31 56 64 53
11 86 11 59 64 71 82 24 27 78 84 89 86
21 78 21 26 45 50 60 55 58 67 82 24 27 78
8 41 8 41
56 43 56 64 53 88 5 6 31 43
51 44 51 67 72 75 88 5 52 64 71 82 24 27 44
60 5 60 55 58 67 82 24 27 79 88 5
31 27 31 43 44 79 88 5 72 75 82 24 27
85 55 85 88 5 6 47 75 82 24 27 44 55
3 84 3 9 71 82 24 27 79 84
34 50 34 59 64 71 82 24 27 44 55 58 50
88 71 88 5 72 75 82 24 27 52 71
22 72 22 43 44 79 88 5 72
11 71 11 88 5 75 82 24 71
42 89 42 51 67 82 24 89
1 73 1 39 58 50 60 55 67 72 88 5 6 31 56 82 24 73
22 78 22 43 44 55 67 82 24 27 78
57 83 57 63 83
21 66 21 26 28 41 66
11 5 11 88 5
34 81 34 48 75 80 81
72 81 72 88 5 75 80 81
14 29 14 34 79 88 5 6 16 29
33 84 33 78 84
82 79 82 24 27 79
22 51 22 31 56 64 71 82 24 27 44 79 88 5 6 37 51
43 24 43 52 64 53 88 5 6 71 82 24
57 73 57 67 73
58 73 58 67 73
30 67 30 44 55 67
2 67 2 33 67
20 32 20 32
22 80 22 31 56 82 24 27 52 80
1 5 1 13 0 27 52 64 53 88 5
35 86 35 59 64 71 82 24 89 86
43 44 43 44
37 50 37 52 71 82 24 27 79 88 5 6 31 43 44 55 58 50
26 81 26 42 51 59 64 53 88 5 52 77 75 80 81
13 84 13 60 55 84
8 80 8 62 72 88 5 6 47 80
3 32 3 9 20 32
8 47 8 9 20 55 58 67 72 88 5 6 47
42 89 42 62 72 75 82 24 89
2 54 2 33 51 54
41 24 41 66 77 75 82 24
14 6 14 42 51 67 72 75 88 5 6
28 80 28 37 52 80
13 61 13 0 10 17 33 61
37 24 37 50 60 55 58 67 82 24
21 41 21 26 28 41
57 52 57 72 88 5 52
2 47 2 9 62 72 88 5 6 47
15 71 15 22 34 59 24 71
35 80 35 39 58 77 75 88 5 52 80
59 71 59 64 71
18 47 18 22 31 56 64 71 82 24 27 79 88 5 6 47
22 72 22 43 44 79 88 5 72
22 88 22 43 52 77 75 82 24 27 79 88
35 75 35 39 58 67 82 24 27 44 79 88 5 72 75
1 13 1 13
22 81 22 43 44 55 67 72 75 88 5 64 53 80 81
58 5 58 77 75 82 24 27 44 55 67 72 88 5
19 16 19 82 24 27 52 64 53 88 5 6 16
85 48 85 88 5 6 37 48
31 64 31 56 64
34 24 34 79 88 5 72 75 82 24
85 60 85 88 5 52 71 82 24 27 44 55 58 50 60
21 53 21 58 67 82 24 27 88 5 64 53
21 77 21 58 50 82 24 27 88 5 52 77
30 81 30 34 48 75 80 81
2 60 2 9 50 60
39 80 39 58 50 82 24 27 88 5 75 80
26 80 26 42 51 59 64 53 80
39 71 39 58 67 82 24 71
31 50 31 43 44 55 58 50
20 47 20 88 5 6 47
49 47 49 72 88 5 6 47
56 16 56 64 71 82 24 27 44 55 67 72 75 88 5 6 16
30 71 30 29 48 75 88 5 6 16 44 55 58 67 82 24 71
35 73 35 59 64 53 88 5 6 31 43 52 77 75 82 24 73
78 84 78 84
15 77 15 30 48 52 77
34 48 34 48
21 67 21 58 50 60 55 67
41 66 41 66
22 54 22 43 54
16 52 16 44 79 88 5 64 71 82 24 27 52
23 80 23 66 77 75 80
11 86 11 59 64 82 24 89 86
85 88 85 88
82 50 82 24 27 44 55 58 50
56 52 56 82 24 27 52
49 58 49 72 88 5 6 71 82 24 27 44 55 58
4 84 4 23 66 77 75 88 5 64 53 84
72 55 72 75 88 5 6 71 82 24 27 44 55
8 60 8 62 72 88 5 52 77 75 82 24 27 44 55 58 50 60
18 82 18 59 24 27 52 64 82
51 50 51 59 24 27 44 55 58 50
21 82 21 26 88 5 72 75 82
31 83 31 43 44 55 58 77 75 88 5 79 83
23 29 23 37 48 88 5 6 16 29
28 5 28 41 70 82 24 27 44 79 88 5
51 84 51 67 82 24 27 78 84
14 52 14 34 79 88 5 75 82 24 27 52
82 86 82 24 27 79 84 89 86
19 5 19 56 64 71 82 24 27 44 55 58 77 75 88 5
1 84 1 39 58 50 60 55 84
1 66 1 13 28 41 66
14 48 14 34 48
22 6 22 43 52 71 82 24 27 88 5 6
37 81 37 50 60 55 67 82 24 27 88 5 72 75 80 81
2 54 2 33 51 54
57 83 57 67 82 24 27 44 55 58 77 75 80 81 83
8 86 8 62 72 86
1 73 1 7 64 71 82 24 73
31 52 31 43 52
13 29 13 29
16 83 16 29 48 52 80 81 83
49 80 49 72 75 80
27 80 27 79 88 5 72 75 80
58 55 58 50 60 55
26 29 26 42 62 72 75 88 5 6 16 29
1 79 1 49 72 75 88 5 79
62 83 62 72 75 88 5 6 16 29 48 52 64 71 82 24 83
34 47 34 66 77 75 82 24 27 88 5 6 47
51 47 51 59 64 53 88 5 6 47
18 80 18 59 64 53 80
18 71 18 59 24 71
64 47 64 71 82 24 27 79 88 5 6 47
78 86 78 84 89 86
14 82 14 34 79 88 5 64 71 82
43 54 43 54
15 81 15 22 34 79 88 5 6 71 82 24 27 52 77 75 80 81
42 83 42 51 67 72 75 82 24 27 79 83
49 80 49 72 88 5 52 64 53 80
85 24 85 88 5 6 71 82 24
2 84 2 82 24 27 78 84
43 71 43 52 64 71
26 80 26 28 77 75 80
26 80 26 45 77 75 80
21 6 21 58 67 72 88 5 6
6 50 6 37 50
42 55 42 62 72 88 5 6 71 82 24 27 44 55
25 80 25 35 39 58 67 72 88 5 75 80
6 79 6 77 75 88 5 79
15 59 15 30 34 59
30 5 30 29 48 52 71 82 24 27 79 88 5
15 63 15 26 28 41 57 63
85 5 85 88 5
49 50 49 72 88 5 64 71 82 24 27 44 55 58 50
23 84 23 66 78 84
64 73 64 53 88 5 6 37 77 75 82 24 73
1 47 1 7 64 82 24 27 79 88 5 6 47
70 83 70 82 24 83
19 53 19 62 72 75 82 24 27 79 88 5 64 53
11 52 11 88 5 6 31 43 52
88 55 88 5 52 71 82 24 27 44 55
6 86 6 71 82 24 89 86
4 66 4 30 34 66
72 79 72 75 82 24 27 88 5 6 16 44 79
85 89 85 88 5 89
3 72 3 9 20 88 5 52 64 71 82 24 27 44 55 67 72
33 44 33 62 72 88 5 75 82 24 27 44
31 44 31 43 44
31 80 31 56 64 82 24 27 44 79 88 5 75 80
2 58 2 9 50 60 55 58
7 67 7 57 67
49 80 49 72 88 5 75 80
8 41 8 41
39 53 39 58 77 75 82 24 27 88 5 64 53
42 73 42 51 59 64 53 88 5 52 71 82 24 73
2 9 2 9
26 79 26 88 5 72 75 82 24 27 79
23 53 23 49 72 88 5 64 53
13 5 13 28 64 71 82 24 27 79 88 5
15 59 15 26 42 51 59
6 79 6 71 82 24 27 79
28 48 28 64 71 82 24 27 44 55 67 72 75 88 5 6 16 29 48
18 80 18 20 39 58 50 60 55 67 82 24 27 79 88 5 6 31 43 52 64 53 80
4 61 4 23 61
85 53 85 88 5 6 31 56 64 53
88 73 88 5 75 82 24 73
56 81 56 82 24 27 88 5 6 16 29 48 75 80 81
28 48 28 37 48
21 50 21 42 51 59 24 27 44 55 58 50
39 82 39 58 50 82
72 44 72 75 88 5 64 71 82 24 27 44
77 24 77 75 82 24
42 75 42 51 67 72 75
1 73 1 7 14 25 35 39 58 77 75 88 5 52 71 82 24 73
35 89 35 59 24 27 79 84 89
2 51 2 33 51
72 24 72 75 88 5 52 71 82 24
16 5 16 29 48 75 88 5
4 77 4 49 72 88 5 52 77
27 67 27 44 55 67
41 24 41 66 77 75 82 24
14 89 14 59 64 53 88 5 72 75 82 24 89
4 89 4 82 24 27 44 79 84 89
2 53 2 9 62 72 88 5 64 53
40 78 40 78
82 73 82 24 73
82 44 82 24 27 44
8 72 8 62 72
15 48 15 22 34 48
33 50 33 62 72 88 5 6 37 50
15 75 15 26 28 77 75
42 5 42 51 67 72 88 5
35 75 35 59 64 53 88 5 75
62 72 62 72
2 43 2 56 64 53 88 5 6 31 43
72 24 72 88 5 64 82 24
21 24 21 58 77 75 82 24
82 81 82 24 27 52 64 53 80 81
2 88 2 56 82 24 27 52 77 75 88
2 75 2 33 51 67 72 75
64 83 64 71 82 24 27 88 5 52 80 81 83
11 72 11 88 5 72
30 81 30 44 79 88 5 64 71 82 24 27 52 80 81
57 24 57 82 24
8 64 8 28 77 75 88 5 52 64
62 80 62 72 75 80
26 52 26 45 77 75 82 24 27 79 88 5 52
6 47 6 47
14 61 14 25 33 61
31 59 31 43 52 71 82 24 27 44 79 88 5 6 37 59
31 84 31 56 64 53 88 5 75 82 24 27 79 84
25 73 25 12 73
25 61 25 33 61
19 71 19 82 24 71
33 52 33 51 59 24 27 44 55 58 77 75 88 5 52
37 81 37 77 75 80 81
3 55 3 27 44 55
58 47 58 67 72 75 82 24 27 88 5 6 47
25 71 25 12 75 82 24 71
18 78 18 20 39 58 50 82 24 27 78
2 59 2 33 51 59
9 84 9 20 40 78 84
18 86 18 22 31 43 52 64 86
20 55 20 55
7 32 7 14 28 41 70 32
72 80 72 75 80
18 67 18 22 31 43 52 71 82 24 27 44 55 58 67
85 53 85 88 5 64 53
4 5 4 70 82 24 27 52 64 53 88 5
20 52 20 88 5 52
25 5 25 79 88 5
16 83 16 29 48 52 71 82 24 83
41 73 41 50 60 55 58 77 75 88 5 52 64 71 82 24 73
28 73 28 37 49 72 75 88 5 6 71 82 24 73
28 50 28 41 50
19 86 19 62 72 75 82 24 27 79 88 5 6 77 89 86
16 53 16 29 48 88 5 64 53
21 70 21 26 28 41 70
18 20 18 20
21 6 21 58 77 75 82 24 27 44 55 67 72 88 5 6
72 84 72 88 5 79 84
33 81 33 62 72 75 80 81
49 48 49 72 75 88 5 6 37 48
33 24 33 51 67 82 24
88 86 88 5 64 53 84 89 86
1 41 1 7 14 28 41
82 44 82 24 27 44
28 53 28 64 53
18 34 18 22 34
28 32 28 41 70 32
8 81 8 62 72 88 5 64 71 82 24 27 52 80 81
13 79 13 29 48 52 77 75 88 5 79
28 32 28 41 70 32
28 47 28 37 52 71 82 24 27 88 5 6 47
28 43 28 77 75 82 24 27 79 88 5 6 31 43
49 72 49 72
2 78 2 78
1 77 1 37 49 72 88 5 6 77
35 53 35 59 64 53
14 70 14 28 41 70
18 84 18 20 88 5 79 84
4 53 4 30 34 48 52 77 75 88 5 64 53
2 64 2 23 37 52 64
15 72 15 22 31 43 52 71 82 24 27 79 88 5 72
1 17 1 13 0 10 17
35 77 35 59 64 71 82 24 27 52 77
9 54 9 20 55 67 72 75 88 5 6 31 43 54
20 86 20 88 5 6 86
39 60 39 58 50 60
31 79 31 56 64 53 88 5 72 75 82 24 27 44 79
56 54 56 64 82 24 27 88 5 6 37 51 54
22 16 22 31 43 52 77 75 82 24 27 44 79 88 5 6 16
72 29 72 75 88 5 6 16 29
72 71 72 75 88 5 6 71
88 83 88 5 79 83
43 79 43 44 55 67 72 88 5 6 37 48 52 71 82 24 27 79
88 71 88 5 64 71
28 66 28 41 66
9 79 9 62 72 88 5 79
27 5 27 88 5
8 70 8 28 41 70
21 63 21 26 28 41 63
51 44 51 59 64 71 82 24 27 44
21 89 21 42 51 59 89
26 66 26 28 41 66
19 37 19 43 52 71 82 24 27 88 5 6 37
60 24 60 55 67 82 24
13 81 13 26 28 82 24 27 88 5 52 80 81
21 6 21 58 67 72 88 5 6
31 50 31 43 52 77 75 82 24 27 44 55 58 67 72 88 5 6 37 50
41 52 41 49 72 75 88 5 52
33 50 33 67 72 88 5 52 71 82 24 27 44 55 58 50
64 48 64 71 82 24 27 52 77 75 88 5 6 37 48
9 67 9 20 39 58 67
31 89 31 56 64 71 82 24 89
2 5 2 33 67 82 24 27 79 88 5
38 86 38 89 86
8 44 8 28 82 24 27 44
18 16 18 20 39 58 67 82 24 27 79 88 5 6 16
13 29 13 29
31 81 31 56 82 24 27 79 88 5 64 53 80 81
8 20 8 9 20
3 34 3 30 34
11 5 11 88 5
6 24 6 71 82 24
21 53 21 42 51 59 64 53
41 5 41 66 77 75 82 24 27 88 5
28 58 28 82 24 27 44 55 58
3 72 3 9 62 72
11 55 11 59 24 27 44 55
20 75 20 56 82 24 27 44 79 88 5 6 47 75
39 55 39 58 50 60 55
28 75 28 35 39 58 67 72 88 5 75
25 5 25 85 88 5
21 59 21 42 51 59
14 79 14 59 24 27 88 5 79
49 71 49 72 75 82 24 27 88 5 6 31 43 52 71
56 83 56 64 53 80 81 83
19 47 19 43 52 64 71 82 24 27 79 88 5 6 47
18 75 18 22 43 52 71 82 24 27 79 88 5 6 16 44 55 58 67 72 75
1 78 1 78
85 29 85 88 5 6 16 29
18 67 18 59 24 27 44 55 67
14 79 14 34 79
51 5 51 59 24 27 88 5
39 52 39 58 77 75 82 24 27 44 79 88 5 52
31 54 31 43 54
70 71 70 82 24 27 52 64 71
70 67 70 82 24 27 44 55 58 67
64 55 64 71 82 24 27 44 55
18 75 18 59 64 53 88 5 6 16 35 39 58 50 82 24 27 52 77 75
21 75 21 58 77 75
85 6 85 88 5 6
14 44 14 34 66 77 75 82 24 27 44
13 47 13 29 48 52 64 71 82 24 27 44 55 58 77 75 88 5 6 47
72 86 72 86
18 5 18 59 64 71 82 24 27 44 79 88 5
51 24 51 67 72 75 82 24
2 88 2 56 64 53 88
39 16 39 58 77 75 82 24 27 44 79 88 5 6 16
13 5 13 26 45 77 75 82 24 27 88 5
60 79 60 55 67 82 24 27 79
6 24 6 71 82 24
43 81 43 44 79 88 5 64 71 82 24 27 52 77 75 80 81
3 30 3 30
20 81 20 56 64 71 82 24 27 52 77 75 80 81
14 59 14 42 51 59
31 24 31 43 44 79 88 5 52 71 82 24
1 52 1 49 72 75 82 24 27 88 5 52
6 44 6 71 82 24 27 44
3 5 3 30 48 52 77 75 88 5
1 58 1 39 58
31 83 31 56 82 24 83
25 83 25 62 72 88 5 75 80 81 83
27 5 27 88 5
77 71 77 75 88 5 52 64 71
64 29 64 53 88 5 6 16 29
41 81 41 50 82 24 27 52 80 81
8 47 8 28 77 75 82 24 27 88 5 6 47
15 26 15 26
72 48 72 75 88 5 6 37 48
11 67 11 59 24 27 44 55 58 67
39 16 39 58 67 72 88 5 6 16
19 78 19 43 52 64 82 24 27 78
28 53 28 35 39 58 50 82 24 27 52 77 75 88 5 64 53
37 54 37 51 54
28 44 28 41 70 82 24 27 44
16 50 16 35 39 58 50
60 52 60 55 67 72 75 82 24 27 52
56 54 56 64 71 82 24 27 79 88 5 6 31 43 54
31 52 31 43 44 79 88 5 75 82 24 27 52
23 48 23 37 52 71 82 24 27 44 55 58 67 72 75 88 5 6 16 29 48
28 84 28 64 53 88 5 6 31 43 44 55 67 82 24 27 79 84
56 64 56 64
31 77 31 43 52 71 82 24 27 88 5 6 77
15 70 15 26 28 41 70
34 55 34 79 88 5 52 71 82 24 27 44 55
28 78 28 41 50 60 55 67 72 88 5 75 82 24 27 78
3 20 3 9 20
51 80 51 59 64 71 82 24 27 44 79 88 5 52 80
13 84 13 0 20 56 64 53 88 5 52 71 82 24 27 78 84
39 88 39 58 50 60 55 67 72 75 88
28 66 28 41 66
35 37 35 59 64 53 88 5 6 37
4 66 4 23 66
25 44 25 85 88 5 6 71 82 24 27 44
77 50 77 75 82 24 27 44 55 58 50
25 86 25 33 62 72 88 5 79 84 89 86
35 44 35 39 58 77 75 88 5 64 82 24 27 44
30 52 30 29 48 88 5 72 75 82 24 27 52
1 41 1 7 14 28 41
11 44 11 59 64 82 24 27 44
49 71 49 72 75 82 24 71
31 44 31 43 52 71 82 24 27 44
11 82 11 59 24 27 79 88 5 52 71 82
19 88 19 62 72 75 88
16 50 16 44 55 58 50
41 48 41 50 60 55 58 77 75 88 5 6 16 29 48
21 54 21 42 51 54
72 80 72 75 88 5 6 31 43 52 80
63 83 63 83
62 52 62 72 88 5 75 82 24 27 52
19 53 19 56 82 24 27 44 55 58 77 75 88 5 6 31 43 52 64 53
20 75 20 88 5 52 64 82 24 27 44 55 58 77 75
62 80 62 72 75 80
42 75 42 51 67 72 75
57 50 57 67 72 88 5 52 71 82 24 27 44 55 58 50
72 84 72 75 88 5 64 53 84
14 72 14 28 37 59 64 53 88 5 52 71 82 24 27 44 55 67 72
31 60 31 56 82 24 27 44 55 67 72 88 5 6 16 35 39 58 50 60
35 83 35 39 58 67 72 75 88 5 79 83
4 67 4 82 24 27 44 55 67
7 61 7 14 25 33 61
60 5 60 55 67 72 88 5
18 34 18 22 34
9 29 9 50 60 55 67 72 88 5 6 16 29
8 88 8 28 77 75 88
72 54 72 75 88 5 6 31 43 54
39 79 39 58 50 82 24 27 79
39 60 39 58 50 60
39 88 39 58 50 60 55 67 72 88
64 24 64 82 24
41 52 41 49 72 88 5 52
39 72 39 58 50 60 55 67 72
8 59 8 28 37 51 59
23 73 23 37 72 75 88 5 64 71 82 24 73
88 75 88 5 75
35 83 35 39 58 77 75 80 81 83
2 82 2 33 67 82
8 32 8 28 41 70 32
27 79 27 79
31 16 31 56 64 71 82 24 27 52 77 75 88 5 6 16
85 89 85 88 5 64 53 84 89
31 80 31 56 82 24 27 79 88 5 64 53 80
30 67 30 44 55 58 67
35 29 35 59 64 71 82 24 27 88 5 6 16 29
57 75 57 72 75
51 24 51 59 64 82 24
19 60 19 82 24 27 79 88 5 6 16 44 55 58 50 60
23 24 23 66 77 75 88 5 52 64 82 24
60 79 60 55 58 77 75 88 5 64 82 24 27 79
14 45 14 25 12 45
14 27 14 25 12 72 75 82 24 27
35 5 35 39 58 77 75 88 5
30 83 30 48 88 5 6 77 75 80 81 83
13 66 13 26 28 41 66
8 58 8 9 20 39 58
59 67 59 24 27 44 55 67
15 84 15 26 45 50 82 24 27 78 84
21 59 21 42 51 59
18 71 18 22 43 44 79 88 5 52 77 75 82 24 71
2 47 2 56 82 24 27 52 64 53 88 5 6 47
51 44 51 59 64 53 88 5 72 75 82 24 27 44
51 75 51 59 24 27 79 88 5 75
22 54 22 31 43 54
13 80 13 0 20 39 58 77 75 80
56 77 56 64 71 82 24 27 79 88 5 52 77
39 5 39 58 77 75 82 24 27 79 88 5
25 45 25 12 45
7 79 7 14 59 24 27 79
25 67 25 79 88 5 52 71 82 24 27 44 55 67
56 82 56 82
18 73 18 59 64 82 24 73
28 81 28 35 39 58 77 75 80 81
35 60 35 39 58 50 60
30 86 30 44 55 67 72 86
21 66 21 26 28 41 66
19 55 19 43 52 64 82 24 27 44 55
18 86 18 22 43 54 86
59 50 59 64 53 88 5 75 82 24 27 44 55 58 50
9 52 9 71 82 24 27 52
42 6 42 62 72 75 88 5 6
8 6 8 9 62 72 88 5 6
85 47 85 88 5 6 47
85 58 85 88 5 72 75 82 24 27 44 55 58
88 83 88 5 64 71 82 24 27 79 83
21 27 21 58 50 60 55 67 72 88 5 75 82 24 27
64 83 64 71 82 24 83
56 88 56 64 53 88
70 79 70 82 24 27 88 5 79
31 55 31 56 64 82 24 27 44 55
14 72 14 34 59 64 71 82 24 27 52 77 75 88 5 72
22 48 22 34 48
64 53 64 53
64 5 64 53 88 5
88 47 88 5 6 47
19 72 19 62 72
1 47 1 37 50 60 55 67 72 75 88 5 6 47
15 77 15 22 34 48 75 82 24 27 52 77
4 88 4 49 72 75 82 24 27 79 88
1 44 1 39 58 50 82 24 27 44
13 80 13 29 48 52 64 71 82 24 27 88 5 75 80
82 24 82 24
4 30 4 30
26 53 26 28 82 24 27 44 79 88 5 52 64 53
8 80 8 62 72 75 80
59 5 59 24 27 79 88 5
21 66 21 26 28 41 66
3 75 3 27 88 5 52 77 75
30 24 30 29 48 52 77 75 82 24
56 88 56 64 82 24 27 88
39 60 39 58 50 60
64 83 64 53 80 81 83
30 71 30 29 48 52 71
28 73 28 82 24 73
2 5 2 56 64 71 82 24 27 79 88 5
18 72 18 20 39 58 67 72
6 84 6 31 43 44 79 88 5 64 53 84
7 24 7 57 82 24
72 55 72 88 5 52 71 82 24 27 44 55
13 10 13 0 10
15 41 15 26 28 41
26 79 26 88 5 75 82 24 27 79
14 50 14 34 79 88 5 64 71 82 24 27 44 55 58 50
57 71 57 67 82 24 71
8 58 8 62 72 75 82 24 27 44 55 58
1 59 1 2 9 71 82 24 27 44 55 67 72 75 88 5 6 37 59
35 75 35 59 64 71 82 24 27 44 55 67 72 75
33 81 33 51 59 64 53 80 81
35 59 35 59
21 89 21 58 67 72 75 82 24 27 88 5 64 53 84 89
33 81 33 51 67 82 24 27 52 80 81
25 47 25 35 59 64 71 82 24 27 88 5 6 47
19 43 19 43
16 75 16 44 79 88 5 72 75
26 75 26 88 5 72 75
33 71 33 62 72 75 88 5 52 71
15 64 15 30 29 48 88 5 64
28 29 28 37 77 75 82 24 27 44 55 67 72 88 5 6 16 29
22 37 22 34 79 88 5 6 37
41 66 41 66
62 72 62 72
41 71 41 66 77 75 88 5 52 64 71
15 53 15 30 29 48 52 71 82 24 27 44 55 67 72 75 88 5 64 53
19 43 19 43
21 57 21 26 28 41 57
28 52 28 35 39 58 67 82 24 27 88 5 52
21 83 21 58 67 82 24 83
28 88 28 35 59 24 27 79 88
28 51 28 37 51
27 86 27 52 71 82 24 89 86
15 77 15 26 42 51 59 64 71 82 24 27 44 79 88 5 52 77
49 67 49 72 88 5 52 77 75 82 24 27 44 55 67
22 27 22 31 43 52 77 75 88 5 6 37 50 82 24 27
7 80 7 43 52 71 82 24 27 88 5 64 53 80
15 51 15 26 42 51
2 53 2 33 51 59 24 27 88 5 52 64 53
15 64 15 30 48 52 71 82 24 27 44 79 88 5 64
31 81 31 43 54 81
21 48 21 26 28 37 48
3 75 3 82 24 27 79 88 5 6 47 75
58 55 58 50 60 55
56 64 56 64
28 44 28 82 24 27 44
49 47 49 72 75 88 5 6 47
15 26 15 26
70 44 70 82 24 27 44
41 24 41 49 72 88 5 75 82 24
16 73 16 29 48 88 5 6 71 82 24 73
35 78 35 39 58 77 75 82 24 27 78
21 50 21 58 50
64 53 64 53
15 51 15 26 28 35 39 58 50 60 55 67 72 75 88 5 6 37 51
30 52 30 34 79 88 5 64 71 82 24 27 52
1 55 1 37 50 60 55
18 89 18 22 31 43 52 64 53 88 5 89
82 83 82 24 27 88 5 72 75 80 81 83
18 44 18 22 43 44
2 72 2 23 37 51 59 64 53 88 5 72
60 79 60 55 58 67 72 88 5 79
22 84 22 31 56 82 24 27 78 84
43 80 43 52 71 82 24 27 88 5 72 75 80
8 71 8 41 57 82 24 71
49 88 49 72 75 82 24 27 79 88
1 59 1 37 59
14 79 14 42 51 67 72 75 82 24 27 79
14 63 14 28 41 63
25 83 25 79 88 5 72 75 80 81 83
1 81 1 2 33 62 72 88 5 52 80 81
82 55 82 24 27 44 55
28 80 28 35 59 24 27 88 5 64 53 80
34 79 34 79
64 53 64 53
28 75 28 64 71 82 24 27 44 79 88 5 52 77 75
30 52 30 29 48 88 5 52
56 82 56 64 53 88 5 75 82
57 67 57 67
82 75 82 24 27 79 88 5 72 75
3 78 3 27 78
18 83 18 59 24 83
18 32 18 20 32
49 54 49 72 75 88 5 6 31 43 54
58 53 58 50 60 55 67 82 24 27 79 88 5 64 53
34 79 34 79
11 84 11 59 64 53 84
14 12 14 25 12
1 72 1 2 23 49 72
20 71 20 39 58 50 82 24 71
20 84 20 88 5 72 75 82 24 27 79 84
18 59 18 59
7 44 7 43 52 64 82 24 27 44
9 53 9 50 60 55 67 82 24 27 52 64 53
15 32 15 26 28 41 70 32
51 73 51 59 64 82 24 73
60 52 60 55 58 67 82 24 27 52
15 44 15 30 34 59 64 82 24 27 44
1 63 1 7 57 63
39 59 39 58 50 60 55 67 72 88 5 6 37 51 59
13 83 13 0 27 79 83
28 83 28 37 77 75 88 5 6 71 82 24 27 79 83
15 24 15 30 48 88 5 72 75 82 24
23 73 23 49 72 88 5 6 16 29 48 75 82 24 73
26 50 26 28 37 50
23 48 23 66 77 75 88 5 6 16 29 48
2 51 2 33 51
15 34 15 30 34
15 26 15 26
31 54 31 43 54
85 72 85 88 5 6 37 72
8 78 8 41 49 72 75 88 5 64 71 82 24 27 78
14 59 14 25 35 59
59 75 59 64 71 82 24 27 79 88 5 52 77 75
21 50 21 26 45 50
82 79 82 24 27 79
8 64 8 9 71 82 24 27 79 88 5 64
20 75 20 88 5 6 77 75
15 72 15 26 88 5 72
14 6 14 34 66 77 75 82 24 27 44 79 88 5 6
21 70 21 26 28 41 70
85 67 85 88 5 72 75 82 24 27 44 55 67
7 66 7 14 25 12 66
31 43 31 43
33 47 33 62 72 88 5 6 47
33 47 33 49 72 75 82 24 27 44 79 88 5 6 47
21 81 21 26 42 51 80 81
85 58 85 88 5 75 82 24 27 44 55 58
2 47 2 9 62 72 88 5 6 47
39 60 39 58 50 60
33 71 33 51 59 24 27 88 5 52 71
41 47 41 70 82 24 27 88 5 6 47
2 71 2 33 62 72 88 5 52 71
18 67 18 20 39 58 67
7 47 7 64 71 82 24 27 52 77 75 88 5 6 47
78 86 78 84 89 86
70 52 70 82 24 27 79 88 5 52
16 83 16 29 48 88 5 64 82 24 27 79 83
43 54 43 54
3 44 3 37 51 67 82 24 27 44
33 50 33 62 72 88 5 6 16 44 55 58 50
85 55 85 88 5 52 71 82 24 27 44 55
70 84 70 82 24 27 44 55 84
28 50 28 37 72 88 5 6 71 82 24 27 44 55 58 50
51 79 51 67 72 75 88 5 79
6 29 6 16 29
26 84 26 88 5 52 71 82 24 27 78 84
30 80 30 48 75 80
34 55 34 48 52 71 82 24 27 44 55
57 55 57 82 24 27 44 55
16 79 16 29 48 75 88 5 6 37 52 64 71 82 24 27 79
35 47 35 59 64 53 88 5 6 47
49 80 49 72 75 82 24 27 79 88 5 64 53 80
20 50 20 39 58 50
51 50 51 67 72 88 5 52 71 82 24 27 44 55 58 50
82 73 82 24 73
11 58 11 88 5 52 64 82 24 27 44 55 58
22 83 22 43 52 71 82 24 27 88 5 64 53 80 81 83
25 45 25 12 45
4 81 4 70 81
3 60 3 9 50 60
28 32 28 41 70 32
37 81 37 48 52 77 75 88 5 64 53 80 81
1 77 1 2 33 62 72 88 5 6 31 43 52 77
43 44 43 52 77 75 82 24 27 44
21 86 21 42 62 72 88 5 79 84 89 86
23 5 23 66 77 75 82 24 27 88 5
70 24 70 82 24
77 52 77 75 82 24 27 52
19 29 19 62 72 88 5 6 16 29
22 50 22 43 44 55 58 50
88 79 88 5 79
7 48 7 57 72 75 82 24 27 44 79 88 5 6 16 29 48
34 5 34 48 52 64 53 88 5
15 53 15 22 43 52 71 82 24 27 79 88 5 64 53
70 83 70 82 24 83
1 57 1 7 14 28 41 57
28 32 28 41 70 32
56 80 56 82 24 27 52 77 75 80
57 67 57 67
56 67 56 64 82 24 27 79 88 5 6 31 43 44 55 67
16 75 16 44 55 67 72 75
3 5 3 9 20 88 5
9 75 9 20 56 64 82 24 27 79 88 5 6 77 75
60 50 60 55 58 50
21 79 21 42 62 72 75 88 5 6 31 43 52 71 82 24 27 79
39 71 39 58 50 82 24 71
43 71 43 52 71
60 53 60 55 67 72 88 5 64 53
16 75 16 44 55 58 67 72 75
26 75 26 28 64 53 88 5 6 31 43 52 77 75
41 44 41 49 72 75 88 5 6 31 43 44
56 81 56 64 71 82 24 27 79 88 5 6 37 50 60 55 67 72 75 80 81
34 44 34 48 88 5 52 77 75 82 24 27 44
28 83 28 77 75 88 5 52 64 53 80 81 83
25 53 25 79 88 5 64 53
2 9 2 9
15 80 15 26 28 82 24 27 88 5 72 75 80
15 52 15 26 28 77 75 82 24 27 52
19 89 19 43 52 77 89
2 23 2 23
72 67 72 75 82 24 27 44 55 58 67
20 32 20 32
16 84 16 44 84
57 67 57 67
22 66 22 34 66
57 53 57 72 88 5 64 53
18 67 18 20 55 58 67
60 79 60 55 58 50 82 24 27 52 77 75 88 5 79
59 84 59 24 27 79 84
42 89 42 62 72 88 5 52 77 75 82 24 89
82 44 82 24 27 44
15 55 15 22 31 43 44 55
82 86 82 24 89 86
62 54 62 72 75 82 24 27 88 5 6 31 43 54
2 72 2 33 62 72
49 54 49 72 88 5 6 37 51 54
82 83 82 24 83
60 73 60 55 58 50 82 24 73
70 81 70 81
85 88 85 88
82 24 82 24
58 47 58 77 75 88 5 6 47
21 54 21 42 51 54
56 73 56 82 24 73
42 55 42 51 67 82 24 27 79 88 5 6 31 43 44 55
13 71 13 20 88 5 64 82 24 71
39 72 39 58 77 75 82 24 27 44 55 67 72
2 86 2 78 84 89 86
11 55 11 88 5 6 77 75 82 24 27 44 55
25 71 25 82 24 71
39 55 39 58 50 60 55
56 58 56 64 71 82 24 27 52 77 75 88 5 6 16 35 39 58
56 78 56 64 71 82 24 27 78
27 53 27 44 79 88 5 52 64 53
9 44 9 50 82 24 27 44
1 75 1 7 62 72 75
4 66 4 30 34 66
56 44 56 64 53 88 5 75 82 24 27 44
15 59 15 22 34 59
1 70 1 7 14 28 41 70
19 78 19 56 64 82 24 27 78
59 83 59 24 27 44 79 88 5 64 53 80 81 83
21 16 21 26 42 51 67 72 88 5 6 16
2 33 2 33
23 67 23 37 77 75 88 5 6 16 29 48 52 71 82 24 27 44 55 67
2 88 2 33 67 72 75 88
31 77 31 56 64 71 82 24 27 79 88 5 52 77
49 53 49 72 88 5 64 53
51 73 51 67 73
34 53 34 79 88 5 6 37 51 59 64 53
27 54 27 52 64 53 88 5 6 37 51 54
14 44 14 42 62 72 75 82 24 27 44
13 73 13 26 88 5 72 75 82 24 73
58 50 58 50
31 27 31 43 52 71 82 24 27
11 50 11 88 5 72 75 82 24 27 44 55 58 50
2 37 2 56 64 82 24 27 44 55 67 72 75 88 5 6 37
8 32 8 9 20 32
22 24 22 34 48 88 5 6 77 75 82 24
42 83 42 51 67 82 24 83
6 54 6 31 43 54
41 50 41 50
7 50 7 43 52 71 82 24 27 44 55 58 50
19 77 19 43 52 77
8 82 8 28 37 77 75 82
39 50 39 58 50
39 80 39 58 67 82 24 27 88 5 72 75 80
39 82 39 58 67 72 75 82
6 24 6 77 75 82 24
62 52 62 72 75 82 24 27 88 5 52
30 53 30 44 55 67 82 24 27 52 64 53
14 53 14 25 33 51 59 64 53
15 83 15 30 44 55 58 77 75 88 5 6 37 52 80 81 83
31 54 31 43 54
35 81 35 59 64 82 24 27 88 5 72 75 80 81
19 67 19 43 52 77 75 82 24 27 44 55 67
64 47 64 53 88 5 6 47
26 24 26 28 35 59 24
21 54 21 42 51 54
2 80 2 82 24 27 88 5 75 80
16 55 16 29 48 75 82 24 27 44 55
11 27 11 59 64 53 88 5 75 82 24 27
13 47 13 29 48 52 71 82 24 27 88 5 6 47
49 24 49 72 75 88 5 6 16 29 48 52 71 82 24
35 53 35 39 58 77 75 88 5 6 71 82 24 27 52 64 53
8 20 8 9 20
14 71 14 25 35 59 24 71
15 59 15 26 28 35 59
30 53 30 44 79 88 5 64 53
14 71 14 34 66 77 75 82 24 27 52 71
7 80 7 14 25 35 39 58 50 82 24 27 88 5 72 75 80
64 44 64 71 82 24 27 44
3 32 3 9 20 32
2 59 2 33 51 59
4 79 4 82 24 27 79
62 80 62 72 75 82 24 27 52 80
9 50 9 50
28 53 28 77 75 82 24 27 79 88 5 64 53
85 16 85 88 5 6 16
8 75 8 9 71 82 24 27 44 79 88 5 75
23 61 23 61
56 6 56 82 24 27 79 88 5 6
16 73 16 44 55 58 67 72 75 82 24 73
4 37 4 23 37
9 5 9 71 82 24 27 79 88 5
72 52 72 75 82 24 27 79 88 5 6 37 48 52
28 51 28 64 71 82 24 27 88 5 6 37 51
34 75 34 48 75
42 83 42 51 59 64 71 82 24 27 44 79 88 5 75 80 81 83
3 34 3 30 34
8 66 8 41 66
15 34 15 22 34
22 73 22 34 48 52 64 53 88 5 6 16 44 55 67 73
22 73 22 31 56 64 82 24 73
39 53 39 58 77 75 88 5 64 53
19 44 19 56 64 53 88 5 6 77 75 82 24 27 44
18 37 18 20 55 58 77 75 82 24 27 79 88 5 6 37
51 71 51 59 24 71
9 84 9 62 72 88 5 52 64 71 82 24 27 79 84
51 50 51 67 72 88 5 6 77 75 82 24 27 44 55 58 50
25 71 25 79 88 5 6 37 51 67 82 24 71
27 53 27 79 88 5 64 53
9 84 9 62 72 88 5 6 16 44 79 84
16 71 16 29 48 88 5 64 71
20 75 20 39 58 67 82 24 27 52 64 53 88 5 72 75
37 52 37 48 88 5 52
7 53 7 43 44 79 88 5 64 53
72 5 72 88 5
3 52 3 30 34 66 77 75 82 24 27 88 5 52
16 52 16 35 39 58 77 75 82 24 27 52
58 73 58 77 75 88 5 6 71 82 24 73
57 24 57 82 24
60 29 60 55 67 72 75 82 24 27 79 88 5 6 16 29
23 73 23 49 72 88 5 52 71 82 24 73
4 23 4 23
3 71 3 37 48 52 64 53 88 5 6 47 75 82 24 71
62 79 62 72 75 88 5 79
23 32 23 32
6 83 6 37 50 60 55 67 72 75 80 81 83
8 79 8 41 49 72 75 88 5 79
64 80 64 71 82 24 27 79 88 5 75 80
49 81 49 72 88 5 6 16 35 39 58 77 75 80 81
59 53 59 64 53
14 55 14 34 48 75 88 5 52 64 71 82 24 27 44 55
8 27 8 62 72 88 5 6 71 82 24 27
22 60 22 34 79 88 5 52 71 82 24 27 44 55 58 50 60
28 78 28 82 24 27 78
3 51 3 37 51
3 78 3 27 78
51 52 51 59 24 27 52
14 64 14 34 59 64
64 84 64 71 82 24 27 52 77 75 88 5 79 84
22 84 22 34 59 24 27 44 79 84
30 86 30 44 55 84 89 86
19 60 19 56 64 71 82 24 27 44 55 58 50 60
43 75 43 52 77 75
7 55 7 14 34 79 88 5 6 37 52 64 71 82 24 27 44 55
21 26 21 26
27 86 27 78 84 89 86
7 48 7 64 71 82 24 27 52 77 75 88 5 6 16 29 48
26 75 26 45 64 53 88 5 75
1 80 1 2 33 51 80
77 55 77 75 88 5 52 64 71 82 24 27 44 55
14 73 14 42 62 72 75 88 5 6 71 82 24 73
64 79 64 71 82 24 27 79
1 82 1 2 23 49 72 75 82
31 67 31 43 44 55 67
1 17 1 13 0 10 17
8 9 8 9
60 44 60 55 58 67 72 75 82 24 27 44
70 52 70 82 24 27 52
42 47 42 51 59 64 71 82 24 27 52 77 75 88 5 6 47
26 44 26 88 5 6 16 35 39 58 50 82 24 27 44
22 80 22 31 56 64 82 24 27 88 5 52 80
62 43 62 72 88 5 6 31 43
35 72 35 39 58 50 60 55 67 72
2 59 2 33 51 59
11 58 11 59 64 82 24 27 44 55 58
8 50 8 9 50
60 86 60 55 67 82 24 27 78 84 89 86
9 53 9 71 82 24 27 79 88 5 64 53
64 5 64 71 82 24 27 44 55 58 67 72 88 5
56 27 56 82 24 27
20 32 20 32
21 24 21 26 88 5 72 75 82 24
1 30 1 13 0 10 30
11 5 11 88 5
8 77 8 28 77
1 58 1 7 43 44 55 58
28 50 28 35 59 24 27 44 55 58 50
20 80 20 56 64 53 80
58 73 58 67 82 24 73
85 44 85 88 5 6 31 43 44
2 32 2 23 32
42 60 42 51 59 24 27 44 55 58 50 60
1 26 1 13 26
35 83 35 39 58 77 75 82 24 27 79 83
4 80 4 82 24 27 88 5 75 80
28 27 28 41 50 60 55 67 82 24 27
14 60 14 28 41 49 72 88 5 64 82 24 27 44 55 58 50 60
31 84 31 43 44 84
6 53 6 37 77 75 82 24 27 52 64 53
33 50 33 67 82 24 27 44 55 58 50
56 88 56 64 71 82 24 27 88
30 53 30 34 59 64 53
34 48 34 48
1 30 1 13 0 10 30
18 55 18 20 55
42 27 42 51 67 82 24 27
9 67 9 62 72 88 5 6 37 50 60 55 67
85 84 85 88 5 75 82 24 27 78 84
11 27 11 59 24 27
1 86 1 39 58 50 60 55 67 72 75 82 24 27 44 79 84 89 86
11 82 11 59 64 82
18 88 18 20 88
64 79 64 53 88 5 52 71 82 24 27 79
15 66 15 30 34 66
37 71 37 49 72 75 82 24 27 52 71
6 44 6 31 43 44
64 83 64 53 80 81 83
33 80 33 62 72 75 88 5 64 53 80
57 79 57 82 24 27 44 55 67 72 88 5 79
13 10 13 0 10
62 88 62 72 75 88
41 52 41 66 77 75 82 24 27 52
42 73 42 51 67 82 24 73
11 86 11 88 5 64 86
15 44 15 30 44
39 75 39 58 67 72 75
23 5 23 49 72 88 5
22 75 22 34 66 77 75
59 48 59 64 82 24 27 52 77 75 88 5 6 16 29 48
30 80 30 44 79 88 5 72 75 80
49 75 49 72 88 5 52 77 75
70 67 70 82 24 27 44 55 67
35 43 35 59 64 53 88 5 6 31 43
33 84 33 67 72 75 88 5 64 82 24 27 78 84
21 6 21 42 62 72 88 5 6
18 24 18 20 39 58 50 60 55 67 82 24
1 81 1 7 43 44 55 58 77 75 88 5 64 71 82 24 27 52 80 81
13 17 13 0 10 17
58 47 58 77 75 82 24 27 88 5 6 47
42 5 42 51 67 82 24 27 52 77 75 88 5
1 60 1 37 50 60
3 82 3 30 29 48 75 82
82 71 82 24 27 88 5 52 71
49 60 49 72 75 88 5 64 71 82 24 27 44 55 58 50 60
11 79 11 88 5 72 75 82 24 27 44 79
22 47 22 31 56 82 24 27 79 88 5 6 47
62 72 62 72
28 81 28 35 39 58 67 82 24 27 44 79 88 5 72 75 80 81
14 88 14 42 62 72 75 88
43 71 43 44 55 58 67 72 88 5 6 71
35 67 35 39 58 67
58 53 58 67 72 88 5 64 53
64 83 64 82 24 27 88 5 52 80 81 83
21 60 21 58 50 60
1 80 1 7 64 53 80
27 5 27 88 5
35 81 35 39 58 77 75 80 81
4 58 4 30 44 55 58
62 77 62 72 88 5 52 77
19 86 19 43 44 84 89 86
43 81 43 52 80 81
31 78 31 43 52 71 82 24 27 78
34 86 34 66 77 89 86
4 32 4 23 32
6 50 6 77 75 82 24 27 44 55 58 50
57 44 57 72 75 82 24 27 44
49 6 49 72 75 82 24 27 79 88 5 6
22 80 22 43 44 79 88 5 75 82 24 27 52 64 53 80
42 71 42 51 67 82 24 71
1 54 1 37 51 54
58 50 58 50
3 77 3 37 77
14 54 14 42 51 54
18 54 18 22 43 54
3 73 3 82 24 73
6 29 6 16 29
13 80 13 28 64 53 80
25 50 25 79 88 5 6 16 44 55 58 50
2 72 2 9 62 72
31 83 31 56 82 24 83
33 84 33 78 84
26 48 26 28 64 71 82 24 27 79 88 5 6 16 29 48
25 50 25 35 39 58 50
27 50 27 44 55 58 50
56 50 56 82 24 27 44 55 58 50
33 71 33 51 67 82 24 27 88 5 52 71
9 81 9 62 72 75 80 81
82 52 82 24 27 44 55 58 67 72 88 5 6 31 43 52
18 82 18 22 31 43 52 71 82
30 5 30 44 55 58 77 75 88 5
14 47 14 25 79 88 5 6 47
2 37 2 23 37
14 52 14 28 41 49 72 88 5 52
21 72 21 42 51 67 72
18 77 18 59 64 71 82 24 27 88 5 6 77
19 27 19 56 64 82 24 27
11 84 11 88 5 52 71 82 24 27 78 84
16 53 16 35 59 64 53
6 84 6 71 82 24 27 44 84
42 6 42 62 72 88 5 6
85 58 85 88 5 75 82 24 27 44 55 58
34 71 34 48 75 82 24 71
25 44 25 79 88 5 6 37 59 64 82 24 27 44
30 67 30 48 88 5 75 82 24 27 44 55 67
2 43 2 56 64 71 82 24 27 88 5 6 31 43
8 50 8 28 41 50
60 83 60 55 67 72 75 82 24 83
14 66 14 25 12 66
62 47 62 72 88 5 6 47
34 80 34 79 88 5 72 75 82 24 27 52 64 53 80
23 71 23 66 77 75 82 24 27 52 64 71
19 71 19 62 72 75 88 5 6 16 29 48 52 71
1 54 1 7 43 54
14 71 14 59 24 71
22 60 22 43 52 71 82 24 27 44 55 58 50 60
31 83 31 56 64 71 82 24 83
59 71 59 64 71
33 67 33 67
1 26 1 13 26
4 50 4 49 72 88 5 52 77 75 82 24 27 44 55 58 50
37 5 37 50 60 55 58 77 75 82 24 27 88 5
19 80 19 56 64 53 80
35 71 35 39 58 67 82 24 71
39 44 39 58 67 82 24 27 44
14 6 14 59 64 71 82 24 27 88 5 6
18 24 18 22 43 52 77 75 82 24
1 47 1 37 49 72 88 5 6 47
30 50 30 44 55 58 50
15 71 15 26 28 64 71
56 50 56 64 53 88 5 6 31 43 44 55 58 50
59 84 59 64 53 84
58 81 58 77 75 88 5 6 47 80 81
18 75 18 22 34 48 52 77 75
37 44 37 51 67 72 88 5 6 16 44
62 67 62 72 75 88 5 6 37 51 67
78 84 78 84
39 37 39 58 67 72 88 5 6 37
1 59 1 13 0 10 30 34 59
15 26 15 26
8 52 8 62 72 88 5 6 31 43 52
18 64 18 20 88 5 64
27 29 27 52 64 53 88 5 6 16 29
28 58 28 35 39 58
37 48 37 52 71 82 24 27 79 88 5 6 16 29 48
1 25 1 7 14 25
28 64 28 64
6 80 6 77 75 80
4 86 4 70 82 24 27 79 88 5 64 86
4 88 4 23 37 52 64 71 82 24 27 44 55 67 72 88
62 58 62 72 75 82 24 27 44 55 58
18 37 18 59 64 82 24 27 79 88 5 6 37
39 64 39 58 67 82 24 27 44 79 88 5 64
22 37 22 43 52 71 82 24 27 79 88 5 6 37
31 77 31 43 44 55 58 77
78 86 78 84 89 86
41 52 41 49 72 75 88 5 64 71 82 24 27 52
62 5 62 72 75 88 5
15 66 15 26 28 41 66
28 27 28 82 24 27
8 80 8 41 50 60 55 67 72 88 5 6 47 80
20 83 20 56 82 24 27 52 77 75 80 81 83
14 25 14 25
4 73 4 23 37 52 71 82 24 73
3 50 3 82 24 27 52 77 75 88 5 6 31 43 44 55 58 50
31 52 31 43 52
25 47 25 62 72 88 5 6 47
41 67 41 57 67
4 88 4 49 72 88
15 50 15 22 31 56 64 71 82 24 27 44 55 58 50
85 55 85 88 5 64 71 82 24 27 44 55
14 32 14 28 41 70 32
60 84 60 55 84
19 78 19 62 72 88 5 52 71 82 24 27 78
8 73 8 28 77 75 88 5 64 71 82 24 73
34 81 34 79 88 5 52 64 71 82 24 27 44 55 58 67 72 75 80 81
7 83 7 83
33 67 33 67
35 77 35 39 58 77
64 73 64 82 24 73
59 71 59 64 71
57 67 57 67
56 37 56 82 24 27 88 5 6 37
15 54 15 22 43 54
77 80 77 75 80
21 64 21 42 62 72 75 88 5 64
6 5 6 37 49 72 88 5
8 48 8 9 20 88 5 6 16 29 48
14 53 14 28 35 59 64 53
56 24 56 82 24
26 5 26 88 5
31 78 31 56 64 53 88 5 72 75 82 24 27 78
31 72 31 43 52 64 71 82 24 27 44 55 67 72
14 75 14 42 51 67 72 88 5 64 71 82 24 27 52 77 75
8 73 8 41 70 82 24 73
56 54 56 64 71 82 24 27 52 77 75 88 5 6 31 43 54
43 79 43 52 71 82 24 27 44 79
19 72 19 82 24 27 79 88 5 72
19 58 19 82 24 27 44 55 58
56 73 56 64 82 24 73
88 73 88 5 52 64 71 82 24 73
72 47 72 88 5 6 47
37 48 37 48
59 44 59 64 82 24 27 44
28 64 28 64
27 47 27 52 64 53 88 5 6 47
3 59 3 9 62 72 88 5 6 37 59
23 24 23 49 72 75 88 5 6 71 82 24
82 71 82 24 27 88 5 52 71
39 50 39 58 50
14 43 14 34 48 88 5 6 31 43
1 44 1 13 29 48 75 82 24 27 44
21 32 21 26 28 41 70 32
15 6 15 26 88 5 6
1 17 1 13 0 10 17
14 84 14 42 62 72 88 5 64 53 84
8 67 8 62 72 75 82 24 27 44 55 67
42 51 42 51
2 89 2 23 37 48 75 88 5 64 53 84 89
20 86 20 39 58 77 89 86
4 55 4 70 82 24 27 44 55
18 47 18 20 88 5 6 47
39 50 39 58 50
72 83 72 75 88 5 79 83
23 50 23 37 50
64 73 64 53 88 5 75 82 24 73
18 89 18 22 43 52 71 82 24 89
62 78 62 72 75 88 5 6 71 82 24 27 78
22 44 22 43 44
3 86 3 27 88 5 64 86
3 89 3 37 72 88 5 75 82 24 27 79 84 89
25 79 25 35 59 24 27 79
39 84 39 58 50 82 24 27 88 5 79 84
56 37 56 64 71 82 24 27 44 79 88 5 6 37
33 81 33 62 72 75 80 81
1 34 1 7 14 34
1 13 1 13
8 77 8 62 72 75 88 5 64 71 82 24 27 52 77
22 50 22 43 44 55 58 50
51 47 51 59 64 82 24 27 52 77 75 88 5 6 47
23 24 23 37 49 72 75 82 24
14 51 14 42 51
21 16 21 58 77 75 88 5 6 16
11 59 11 59
88 50 88 5 52 77 75 82 24 27 44 55 58 50
13 84 13 0 20 56 64 71 82 24 27 79 84
16 86 16 44 55 84 89 86
18 80 18 59 64 53 80
31 86 31 43 54 86
31 55 31 43 44 55
56 71 56 82 24 71
18 55 18 20 39 58 67 72 75 82 24 27 44 55
58 54 58 50 82 24 27 79 88 5 6 31 43 54
51 75 51 59 64 71 82 24 27 88 5 6 37 49 72 75
57 52 57 67 72 88 5 6 71 82 24 27 52
35 5 35 39 58 77 75 88 5
8 52 8 9 71 82 24 27 52
8 27 8 9 62 72 75 82 24 27
43 53 43 52 64 53
37 53 37 52 71 82 24 27 79 88 5 64 53
7 47 7 57 72 88 5 6 47
8 70 8 41 70
30 54 30 48 88 5 6 37 51 54
42 54 42 51 54
57 53 57 67 82 24 27 88 5 64 53
19 52 19 43 52
88 5 88 5
3 78 3 30 48 52 71 82 24 27 78
25 53 25 33 62 72 88 5 64 53
3 24 3 64 82 24
43 24 43 44 55 67 72 88 5 64 71 82 24
64 47 64 71 82 24 27 79 88 5 6 47
41 79 41 66 77 75 88 5 52 64 71 82 24 27 79
20 5 20 56 82 24 27 88 5
21 37 21 26 28 37
58 44 58 67 82 24 27 44
42 52 42 62 72 88 5 52
2 61 2 33 61
22 82 22 43 44 55 58 67 82
11 24 11 59 64 53 88 5 52 77 75 82 24
18 6 18 22 31 56 64 53 88 5 6
63 83 63 83
49 27 49 72 88 5 64 71 82 24 27
31 86 31 43 52 64 86
21 32 21 26 28 41 70 32
21 64 21 26 45 77 75 82 24 27 79 88 5 64
82 67 82 24 27 44 55 67
37 71 37 77 75 82 24 27 52 71
4 67 4 49 72 75 82 24 27 44 55 67
4 55 4 30 44 55
19 71 19 56 64 71
85 81 85 88 5 72 75 80 81
6 67 6 71 82 24 27 44 55 58 67
3 50 3 37 50
62 6 62 72 88 5 6
49 58 49 72 75 88 5 6 37 48 52 64 71 82 24 27 44 55 58
9 75 9 50 60 55 58 77 75
56 77 56 82 24 27 52 77
42 5 42 62 72 75 82 24 27 79 88 5
1 66 1 7 14 28 41 66
59 47 59 64 71 82 24 27 88 5 6 47
3 75 3 27 52 77 75
14 61 14 25 33 61
15 83 15 30 44 79 83
14 53 14 28 37 52 64 53
14 71 14 59 64 82 24 71
35 29 35 59 64 53 88 5 6 16 29
19 44 19 43 44
4 32 4 70 32
62 47 62 72 75 88 5 6 47
28 89 28 37 59 24 27 44 84 89
62 27 62 72 88 5 52 77 75 82 24 27
41 83 41 57 72 88 5 52 80 81 83
4 89 4 30 48 75 88 5 52 71 82 24 89
70 24 70 82 24
58 53 58 67 82 24 27 44 79 88 5 6 31 43 52 64 53
22 47 22 43 52 71 82 24 27 44 79 88 5 6 47
21 88 21 42 51 67 72 88
8 80 8 9 71 82 24 27 79 88 5 52 77 75 80
14 59 14 59
4 82 4 49 72 88 5 6 37 48 75 82
22 66 22 34 66
8 79 8 62 72 88 5 79
31 71 31 43 44 55 58 67 82 24 71
11 81 11 88 5 6 47 80 81
1 50 1 13 20 55 58 50
42 48 42 62 72 88 5 6 16 29 48
4 55 4 49 72 88 5 6 16 44 55
62 77 62 72 88 5 6 77
39 75 39 58 50 60 55 67 82 24 27 88 5 52 77 75
9 73 9 62 72 75 82 24 73
88 81 88 5 6 77 75 80 81
3 37 3 37
85 60 85 88 5 52 77 75 82 24 27 44 55 58 50 60
42 89 42 51 67 82 24 27 52 77 89
2 88 2 33 49 72 75 88
62 16 62 72 75 82 24 27 88 5 6 16
72 71 72 88 5 52 71
70 83 70 82 24 83
58 83 58 67 72 88 5 52 80 81 83
15 32 15 26 28 41 70 32
2 81 2 82 24 27 88 5 52 64 53 80 81
9 5 9 62 72 88 5
39 16 39 58 50 60 55 67 72 88 5 6 16
30 24 30 48 52 71 82 24
1 57 1 7 14 28 41 57
77 5 77 75 88 5
49 80 49 72 75 80
11 59 11 59
21 77 21 26 28 35 39 58 77
1 55 1 39 58 50 60 55
42 43 42 62 72 75 82 24 27 44 79 88 5 6 31 43
14 53 14 34 59 64 53
15 82 15 22 34 66 77 75 82
15 57 15 26 28 41 57
22 72 22 43 44 55 58 67 72
88 71 88 5 72 75 82 24 71
88 84 88 5 75 82 24 27 79 84
30 52 30 29 48 52
4 75 4 23 49 72 88 5 6 31 56 64 71 82 24 27 52 77 75
64 71 64 53 88 5 52 71
1 60 1 2 9 50 60
26 32 26 28 41 70 32
85 71 85 88 5 75 82 24 71
3 48 3 37 48
22 24 22 31 56 64 71 82 24
62 77 62 72 88 5 64 71 82 24 27 52 77
2 20 2 9 20
3 37 3 37
77 47 77 75 88 5 6 47
42 43 42 62 72 75 88 5 6 31 43
13 44 13 28 41 57 82 24 27 44
28 32 28 41 70 32
56 55 56 64 82 24 27 44 55
21 54 21 42 51 54
15 88 15 26 88
49 58 49 72 75 88 5 52 71 82 24 27 44 55 58
88 50 88 5 75 82 24 27 44 55 58 50
3 20 3 9 20
4 30 4 30
22 60 22 31 43 44 55 58 50 60
34 24 34 59 24
20 47 20 88 5 6 47
42 43 42 51 59 64 71 82 24 27 79 88 5 6 31 43
22 81 22 31 43 52 80 81
39 67 39 58 50 60 55 67
34 52 34 66 77 75 82 24 27 44 55 67 72 88 5 52
33 75 33 49 72 75
6 86 6 77 75 88 5 64 53 84 89 86
20 5 20 55 67 72 88 5
37 52 37 52
42 78 42 62 72 75 82 24 27 78
59 71 59 24 71
11 24 11 88 5 6 31 43 44 55 67 72 75 82 24
85 88 85 88
35 50 35 39 58 50
31 54 31 43 54
22 44 22 43 44
14 33 14 25 33
82 81 82 24 27 44 55 67 72 75 80 81
1 12 1 7 14 25 12
4 75 4 49 72 88 5 75
27 47 27 79 88 5 6 47
16 71 16 29 48 52 64 71
72 44 72 88 5 6 71 82 24 27 44
13 73 13 0 20 88 5 64 71 82 24 73
25 61 25 33 61
18 67 18 20 55 58 67
4 66 4 23 66
27 24 27 88 5 75 82 24
21 5 21 58 50 82 24 27 88 5
21 27 21 58 77 75 88 5 64 71 82 24 27
88 54 88 5 6 31 43 54
39 71 39 58 67 72 88 5 75 82 24 71
82 71 82 24 71
19 67 19 62 72 75 88 5 6 37 59 24 27 44 55 67
33 61 33 61
13 10 13 0 10
28 83 28 41 50 60 55 58 77 75 80 81 83
14 70 14 28 41 70
60 80 60 55 58 77 75 80
19 80 19 62 72 75 82 24 27 88 5 64 53 80
59 52 59 64 71 82 24 27 88 5 52
85 16 85 88 5 6 16
64 24 64 82 24
41 48 41 50 60 55 58 67 72 88 5 6 16 29 48
14 82 14 42 62 72 75 82
3 34 3 30 34
70 71 70 82 24 71
31 81 31 56 64 53 80 81
42 54 42 51 54
62 48 62 72 75 88 5 6 37 48
49 64 49 72 75 82 24 27 52 64
82 81 82 24 27 79 88 5 6 37 51 67 72 75 80 81
16 75 16 29 48 52 71 82 24 27 88 5 72 75
1 59 1 2 33 51 59
14 34 14 34
59 79 59 64 71 82 24 27 52 77 75 88 5 79
1 55 1 49 72 75 88 5 64 82 24 27 44 55
39 58 39 58
7 45 7 14 25 12 45
23 24 23 37 49 72 75 82 24
22 16 22 43 52 71 82 24 27 44 55 67 72 75 88 5 6 16
85 80 85 88 5 75 80
2 24 2 56 82 24
4 79 4 82 24 27 79
6 54 6 37 51 54
26 44 26 28 77 75 88 5 52 71 82 24 27 44
49 78 49 72 75 88 5 52 71 82 24 27 78
37 71 37 50 60 55 58 67 82 24 71
16 84 16 35 39 58 77 75 88 5 52 71 82 24 27 44 84
4 64 4 49 72 88 5 64
28 24 28 64 82 24
64 84 64 71 82 24 27 88 5 79 84
85 24 85 88 5 64 71 82 24
11 89 11 88 5 72 75 82 24 27 52 77 89
26 67 26 42 51 67
20 53 20 88 5 52 64 53
70 79 70 82 24 27 44 79
49 52 49 72 88 5 52
88 55 88 5 64 71 82 24 27 44 55
19 58 19 56 82 24 27 44 79 88 5 6 16 35 39 58
8 43 8 62 72 88 5 6 31 43
8 53 8 9 71 82 24 27 44 55 67 72 75 88 5 64 53
27 29 27 44 79 88 5 6 16 29
77 52 77 75 88 5 6 16 29 48 52
9 80 9 71 82 24 27 88 5 52 77 75 80
40 86 40 78 84 89 86
62 50 62 72 88 5 6 47 75 82 24 27 44 55 58 50
21 71 21 58 67 72 88 5 75 82 24 71
1 53 1 7 64 53
23 67 23 66 77 75 82 24 27 79 88 5 6 16 44 55 67
39 73 39 58 67 72 88 5 6 31 56 64 71 82 24 73
23 71 23 37 77 75 88 5 64 71
16 55 16 29 48 75 88 5 6 37 50 82 24 27 44 55
4 23 4 23
88 71 88 5 64 71
72 81 72 75 80 81
41 55 41 50 60 55
1 89 1 78 84 89
13 17 13 0 10 17
3 6 3 82 24 27 52 77 75 88 5 6
13 5 13 29 48 52 71 82 24 27 44 79 88 5
49 88 49 72 75 82 24 27 88
18 59 18 22 31 43 52 77 75 82 24 27 79 88 5 6 37 51 59
42 59 42 51 59
14 37 14 28 37
41 73 41 70 82 24 73
59 44 59 64 71 82 24 27 52 77 75 88 5 6 16 44
30 83 30 34 48 88 5 64 53 80 81 83
49 53 49 72 88 5 64 53
34 44 34 79 88 5 52 64 82 24 27 44
1 43 1 37 48 88 5 6 31 43
37 50 37 50
7 54 7 43 54
15 50 15 26 45 50
62 53 62 72 75 88 5 6 71 82 24 27 52 64 53
43 48 43 52 71 82 24 27 88 5 6 16 29 48
19 59 19 62 72 88 5 6 16 35 59
11 83 11 88 5 52 64 71 82 24 83
1 7 1 7
21 50 21 58 50
62 53 62 72 75 88 5 52 64 53
85 71 85 88 5 72 75 82 24 71
22 66 22 34 66
85 84 85 88 5 64 82 24 27 44 79 84
14 81 14 28 77 75 88 5 6 16 29 48 52 80 81
88 73 88 5 52 77 75 82 24 73
51 24 51 67 82 24
59 86 59 64 71 82 24 89 86
35 83 35 59 64 71 82 24 27 44 55 58 77 75 88 5 79 83
58 67 58 67
16 44 16 44
4 73 4 70 82 24 73
1 43 1 7 43
4 53 4 82 24 27 52 64 53
49 88 49 72 88
13 75 13 28 64 53 88 5 52 77 75
77 50 77 75 88 5 52 71 82 24 27 44 55 58 50
2 53 2 82 24 27 44 55 58 67 72 88 5 64 53
64 84 64 71 82 24 27 88 5 79 84
72 81 72 75 80 81
18 72 18 22 43 44 79 88 5 72
33 86 33 78 84 89 86
2 23 2 23
26 55 26 45 64 53 88 5 6 71 82 24 27 44 55
27 55 27 44 55
85 27 85 88 5 6 37 50 82 24 27
1 33 1 7 14 25 33
23 75 23 66 77 75
42 71 42 62 72 88 5 6 47 75 82 24 71
49 89 49 72 88 5 79 84 89
49 73 49 72 88 5 6 71 82 24 27 44 55 67 73
42 43 42 51 67 72 75 88 5 6 31 43
18 81 18 22 43 44 55 58 67 82 24 27 88 5 72 75 80 81
25 55 25 79 88 5 75 82 24 27 44 55
2 44 2 82 24 27 44
4 70 4 70
18 48 18 22 31 43 52 77 75 88 5 6 16 29 48
28 82 28 37 50 82
60 81 60 55 67 72 88 5 6 37 50 82 24 27 52 77 75 80 81
2 59 2 9 71 82 24 27 52 64 53 88 5 6 37 59
3 59 3 37 59
25 24 25 62 72 75 82 24
2 89 2 78 84 89
82 50 82 24 27 44 55 58 50
8 20 8 9 20
77 50 77 75 88 5 52 71 82 24 27 44 55 58 50
56 47 56 82 24 27 79 88 5 6 47
35 59 35 59
60 81 60 55 58 67 82 24 27 44 79 88 5 6 47 75 80 81
3 59 3 30 34 59
8 50 8 28 64 82 24 27 44 55 58 50
41 75 41 49 72 88 5 75
40 84 40 78 84
2 16 2 33 67 72 88 5 6 16
77 50 77 75 88 5 52 64 71 82 24 27 44 55 58 50
35 81 35 59 64 71 82 24 27 88 5 52 77 75 80 81
1 20 1 13 0 10 17 20
57 52 57 72 88 5 52
35 6 35 59 64 82 24 27 44 55 67 72 75 88 5 6
16 52 16 44 79 88 5 72 75 82 24 27 52
4 72 4 23 37 49 72
21 44 21 26 28 77 75 88 5 52 71 82 24 27 44
41 66 41 66
7 54 7 43 54
1 83 1 37 49 72 75 80 81 83
7 80 7 62 72 88 5 6 31 43 52 80
9 83 9 62 72 75 80 81 83
19 59 19 62 72 88 5 6 37 51 59
82 73 82 24 73
7 5 7 14 28 35 39 58 77 75 82 24 27 88 5
70 81 70 81
49 67 49 72 75 88 5 64 82 24 27 44 55 67
4 5 4 30 29 48 52 77 75 88 5
21 32 21 26 28 41 70 32
22 72 22 43 44 55 58 67 72
88 44 88 5 64 71 82 24 27 44
43 55 43 44 55
56 75 56 64 53 88 5 72 75
85 75 85 88 5 75
6 29 6 16 29
28 55 28 35 39 58 50 60 55
28 70 28 41 70
15 82 15 26 28 82
28 64 28 64
35 77 35 39 58 67 82 24 27 88 5 52 77
7 86 7 62 72 75 88 5 79 84 89 86
3 43 3 30 48 88 5 6 31 43
34 86 34 66 77 75 88 5 72 86
21 27 21 26 28 35 39 58 77 75 88 5 52 71 82 24 27
18 58 18 20 55 58
70 53 70 82 24 27 44 79 88 5 64 53
18 84 18 22 31 56 82 24 27 88 5 79 84
18 80 18 59 64 71 82 24 27 79 88 5 52 77 75 80
33 5 33 51 67 72 88 5
56 82 56 82
22 79 22 34 79
9 29 9 71 82 24 27 44 55 58 67 72 75 88 5 6 16 29
62 67 62 72 75 88 5 6 71 82 24 27 44 55 67
51 86 51 54 86
31 37 31 43 44 79 88 5 6 37
49 16 49 72 75 82 24 27 52 64 53 88 5 6 16
23 66 23 66
82 55 82 24 27 44 55
2 82 2 9 62 72 75 88 5 6 37 51 59 64 71 82
18 44 18 20 88 5 52 71 82 24 27 44
14 84 14 42 62 72 88 5 75 82 24 27 78 84
35 53 35 59 64 53
15 24 15 22 43 52 71 82 24
30 71 30 44 55 58 77 75 82 24 27 52 71
57 50 57 82 24 27 44 55 58 50
31 82 31 56 82
56 73 56 82 24 73
15 58 15 26 42 51 59 24 27 44 55 58
77 84 77 75 88 5 52 64 71 82 24 27 79 84
22 66 22 34 66
31 84 31 56 82 24 27 79 84
28 78 28 64 71 82 24 27 78
19 81 19 43 44 79 88 5 6 16 35 39 58 77 75 80 81
39 48 39 58 77 75 82 24 27 52 64 53 88 5 6 37 48
1 23 1 2 23
70 50 70 82 24 27 44 55 58 50
4 47 4 30 44 79 88 5 6 47
1 33 1 2 33
21 44 21 26 28 77 75 88 5 64 82 24 27 44
11 72 11 59 24 27 79 88 5 6 37 72
56 16 56 64 53 88 5 6 16
23 61 23 61
23 67 23 66 77 75 88 5 52 71 82 24 27 44 55 67
14 44 14 28 77 75 88 5 52 64 82 24 27 44
6 55 6 16 35 39 58 77 75 88 5 64 71 82 24 27 44 55
15 71 15 26 88 5 52 71
28 79 28 82 24 27 88 5 79
4 5 4 49 72 88 5
39 82 39 58 50 60 55 67 72 75 88 5 64 82
19 79 19 43 52 64 53 88 5 75 82 24 27 44 79
35 6 35 39 58 50 60 55 67 72 88 5 6
39 6 39 58 67 72 88 5 6
3 32 3 9 20 32
35 24 35 59 64 71 82 24
4 54 4 82 24 27 44 79 88 5 6 31 43 54
14 57 14 28 41 57
18 53 18 22 31 43 52 64 53
14 33 14 25 33
56 53 56 64 53
58 71 58 50 60 55 67 82 24 71
23 84 23 37 48 52 71 82 24 27 88 5 64 53 84
49 82 49 72 88 5 6 31 43 44 55 67 82
42 88 42 51 59 24 27 44 55 67 72 88
20 75 20 55 67 72 75
39 86 39 58 77 75 88 5 64 71 82 24 27 79 84 89 86
26 80 26 45 77 75 88 5 64 53 80
43 47 43 52 64 71 82 24 27 88 5 6 47
8 75 8 41 50 82 24 27 79 88 5 6 47 75
56 79 56 64 71 82 24 27 79
21 73 21 26 88 5 75 82 24 73
3 52 3 37 52
72 47 72 75 82 24 27 79 88 5 6 47
7 54 7 43 54
15 16 15 22 43 52 64 71 82 24 27 88 5 6 16
23 44 23 37 51 67 72 88 5 6 31 43 52 71 82 24 27 44
49 53 49 72 75 82 24 27 88 5 64 53
62 53 62 72 88 5 52 64 53
15 75 15 30 48 52 77 75
7 75 7 43 52 77 75
8 80 8 62 72 88 5 64 53 80
58 67 58 67
51 29 51 67 72 88 5 6 16 29
56 82 56 64 82
72 67 72 88 5 64 71 82 24 27 44 55 67
35 84 35 39 58 67 72 88 5 64 71 82 24 27 79 84
7 54 7 43 54
33 54 33 51 54
7 54 7 43 54
14 12 14 25 12
58 67 58 67
20 80 20 56 64 82 24 27 44 55 67 72 75 88 5 52 80
51 55 51 67 72 88 5 75 82 24 27 44 55
8 53 8 9 71 82 24 27 44 79 88 5 64 53
4 53 4 30 29 48 52 71 82 24 27 79 88 5 64 53
82 84 82 24 27 44 79 84
59 81 59 64 53 80 81
13 5 13 26 45 77 75 88 5
42 71 42 51 59 64 82 24 71
27 67 27 44 55 67
39 83 39 58 77 75 88 5 64 53 80 81 83
58 55 58 50 60 55
1 45 1 7 14 25 12 45
28 29 28 37 52 77 75 88 5 6 16 29
7 53 7 43 44 79 88 5 64 53
3 59 3 30 34 59
77 44 77 75 88 5 64 71 82 24 27 44
37 44 37 72 88 5 6 16 44
31 60 31 43 44 55 58 50 60
59 5 59 24 27 44 79 88 5
4 72 4 49 72
39 67 39 58 67
57 83 57 72 88 5 75 80 81 83
28 32 28 41 70 32
2 33 2 33
59 52 59 64 71 82 24 27 52
4 78 4 23 66 78
25 71 25 79 88 5 52 71
72 84 72 88 5 52 64 82 24 27 78 84
14 25 14 25
60 81 60 55 58 67 72 75 80 81
51 71 51 67 82 24 71
28 84 28 64 53 84
58 73 58 77 75 82 24 73
28 89 28 82 24 89
4 32 4 70 32
2 53 2 33 49 72 88 5 64 53
35 81 35 59 64 71 82 24 27 88 5 72 75 80 81
34 73 34 79 88 5 75 82 24 73
14 84 14 34 66 78 84
38 86 38 89 86
6 5 6 77 75 88 5
39 86 39 58 50 60 55 84 89 86
15 82 15 30 44 55 58 77 75 82
20 32 20 32
27 80 27 52 80
3 89 3 9 71 82 24 27 79 84 89
21 83 21 58 50 60 55 67 72 88 5 6 47 80 81 83
15 60 15 22 43 44 55 58 50 60
1 43 1 37 50 60 55 67 72 88 5 6 31 43
23 75 23 66 77 75
20 47 20 39 58 50 60 55 67 72 88 5 6 47
20 54 20 55 67 72 75 88 5 6 31 43 54
39 55 39 58 50 82 24 27 44 55
22 54 22 43 54
14 72 14 34 79 88 5 6 31 56 64 71 82 24 27 44 55 67 72
22 6 22 31 56 64 71 82 24 27 79 88 5 6
31 47 31 43 44 55 67 72 88 5 6 47
1 66 1 2 23 66
16 67 16 44 55 67
77 47 77 75 88 5 6 47
23 86 23 49 72 86
70 5 70 82 24 27 44 79 88 5
14 77 14 59 24 27 88 5 52 77
1 61 1 2 33 61
14 86 14 42 51 86
34 86 34 66 77 89 86
20 67 20 55 67
19 82 19 82
15 88 15 30 34 66 77 75 88
6 75 6 31 56 64 53 88 5 75
1 80 1 13 28 35 59 64 71 82 24 27 88 5 72 75 80
64 73 64 82 24 73
41 86 41 49 72 88 5 52 64 71 82 24 89 86
21 81 21 42 51 80 81
6 5 6 16 44 55 58 50 82 24 27 52 77 75 88 5
27 86 27 88 5 72 75 82 24 89 86
18 32 18 20 32
82 47 82 24 27 79 88 5 6 47
9 67 9 50 60 55 67
70 32 70 32
9 73 9 50 60 55 67 73
72 50 72 75 88 5 6 37 50
14 89 14 42 62 72 75 88 5 52 71 82 24 89
56 6 56 64 71 82 24 27 52 77 75 88 5 6
21 52 21 58 77 75 82 24 27 88 5 52
1 5 1 2 9 50 82 24 27 79 88 5
59 52 59 24 27 52
9 80 9 20 39 58 67 72 88 5 52 80
21 60 21 58 50 60
85 88 85 88
39 71 39 58 67 82 24 27 52 71
11 43 11 59 64 53 88 5 6 31 43
85 44 85 88 5 64 71 82 24 27 44
49 80 49 72 75 80
37 5 37 49 72 88 5
27 52 27 52
33 81 33 51 54 81
28 82 28 37 51 59 24 27 52 64 82
11 88 11 59 24 27 88
35 59 35 59
1 32 1 7 14 28 41 70 32
11 80 11 59 64 71 82 24 27 88 5 6 77 75 80
16 52 16 35 39 58 77 75 82 24 27 52
13 5 13 0 20 88 5
28 77 28 37 51 59 64 82 24 27 88 5 52 77
13 54 13 26 42 51 54
9 83 9 20 56 82 24 83
49 75 49 72 88 5 75
11 82 11 88 5 64 82
3 81 3 30 34 66 77 75 80 81
41 24 41 50 82 24
22 58 22 34 48 75 88 5 64 82 24 27 44 55 58
6 84 6 77 75 82 24 27 44 84
60 67 60 55 67
51 73 51 59 64 53 88 5 72 75 82 24 73
4 81 4 70 81
1 50 1 39 58 50
62 5 62 72 88 5
13 10 13 0 10
14 47 14 25 85 88 5 6 47
85 75 85 88 5 52 77 75
88 80 88 5 64 53 80
41 80 41 70 82 24 27 52 80
56 16 56 64 71 82 24 27 88 5 6 16
11 75 11 88 5 64 71 82 24 27 52 77 75
35 59 35 59
56 86 56 82 24 89 86
39 83 39 58 77 75 88 5 52 64 53 80 81 83
4 77 4 30 44 55 67 72 75 88 5 64 82 24 27 52 77
35 67 35 59 64 82 24 27 44 55 67
4 82 4 23 49 72 88 5 75 82
8 72 8 62 72
26 80 26 28 41 50 82 24 27 88 5 6 37 77 75 80
21 84 21 42 51 59 64 71 82 24 27 44 79 84
59 86 59 89 86
27 54 27 88 5 6 31 43 54
14 44 14 59 24 27 44
21 54 21 42 51 54
16 52 16 35 39 58 77 75 88 5 52
21 45 21 26 45
8 78 8 40 78
16 80 16 29 48 75 82 24 27 52 64 53 80
18 82 18 59 24 71 82
56 73 56 64 71 82 24 73
41 5 41 57 72 75 82 24 27 79 88 5
3 34 3 30 34
15 48 15 30 29 48
27 24 27 88 5 64 82 24
49 73 49 72 75 82 24 73
59 47 59 64 71 82 24 27 44 79 88 5 6 47
3 67 3 27 44 55 67
8 66 8 28 41 66
2 53 2 23 49 72 88 5 64 53
20 86 20 40 78 84 89 86
18 16 18 22 34 59 24 27 79 88 5 6 16
15 43 15 22 43
16 50 16 35 39 58 50
49 27 49 72 88 5 6 47 75 82 24 27
56 58 56 64 53 88 5 52 71 82 24 27 44 55 58
21 43 21 26 42 51 59 64 82 24 27 52 77 75 88 5 6 31 43
88 44 88 5 6 31 43 52 77 75 82 24 27 44
8 75 8 41 57 72 75
41 5 41 57 72 75 88 5
22 24 22 43 52 64 53 88 5 6 77 75 82 24
3 59 3 30 34 59
88 48 88 5 6 16 29 48
57 29 57 72 88 5 6 16 29
19 64 19 56 64
31 64 31 43 52 64
26 81 26 45 50 60 55 58 77 75 80 81
20 52 20 88 5 52
35 67 35 39 58 67
13 61 13 0 10 17 33 61
6 75 6 47 75
18 71 18 22 31 43 44 55 67 72 75 82 24 71
26 54 26 42 51 54
16 24 16 29 48 52 77 75 82 24
14 37 14 28 37
31 83 31 56 64 71 82 24 83
88 53 88 5 6 71 82 24 27 52 64 53
26 83 26 42 62 72 75 82 24 83
11 86 11 59 89 86
57 86 57 82 24 89 86
2 59 2 33 51 59
31 73 31 43 52 71 82 24 73
51 86 51 86
31 24 31 43 44 79 88 5 72 75 82 24
19 52 19 82 24 27 79 88 5 52
13 53 13 28 77 75 88 5 64 53
13 48 13 29 48
64 67 64 82 24 27 44 55 67
28 27 28 82 24 27
42 64 42 51 67 72 75 82 24 27 88 5 64
23 53 23 66 77 75 88 5 64 53
58 79 58 50 82 24 27 79
18 73 18 20 55 58 77 75 82 24 73
62 5 62 72 88 5
60 79 60 55 67 72 88 5 64 71 82 24 27 79
8 24 8 41 57 82 24
30 52 30 48 52
15 73 15 26 88 5 72 75 82 24 73
57 47 57 67 72 88 5 6 47
82 71 82 24 71
13 53 13 26 28 37 52 77 75 82 24 27 44 79 88 5 64 53
6 83 6 88 5 75 82 24 27 52 80 81 83
14 86 14 42 51 59 64 53 84 89 86
25 71 25 82 24 71
8 41 8 28 41
37 81 37 49 72 75 80 81
19 59 19 43 44 79 88 5 6 37 59
31 88 31 56 64 53 88
18 32 18 20 32
3 89 3 9 71 82 24 89
33 75 33 49 72 75
3 44 3 27 44
56 77 56 64 53 88 5 52 77
31 71 31 43 52 77 75 82 24 71
77 80 77 75 82 24 27 44 79 88 5 64 53 80
33 54 33 51 54
59 50 59 64 71 82 24 27 44 55 58 50
1 86 1 39 58 67 72 86
15 81 15 22 43 54 81
7 86 7 64 71 82 24 27 44 55 67 72 86
7 80 7 43 52 64 71 82 24 27 44 79 88 5 75 80
60 71 60 55 67 82 24 71
82 83 82 24 83
82 53 82 24 27 88 5 64 53
7 54 7 43 54
20 47 20 39 58 67 72 88 5 6 47
2 27 2 9 71 82 24 27
1 9 1 2 9
31 77 31 43 52 77
26 29 26 28 64 53 88 5 6 16 29
23 71 23 37 51 59 64 71
14 58 14 28 64 53 88 5 6 16 35 39 58
2 24 2 9 20 88 5 52 77 75 82 24
30 24 30 44 55 58 77 75 82 24
77 67 77 75 88 5 6 37 50 60 55 58 67
78 84 78 84
21 41 21 26 28 41
60 80 60 55 67 82 24 27 88 5 75 80
85 53 85 88 5 64 53
70 53 70 82 24 27 44 55 67 72 75 88 5 64 53
22 82 22 31 56 64 53 88 5 52 71 82
72 52 72 75 88 5 52
27 81 27 88 5 75 80 81
39 82 39 58 77 75 82
15 70 15 26 28 41 70
7 55 7 43 52 64 53 88 5 6 37 77 75 82 24 27 44 55
77 86 77 75 88 5 64 71 82 24 89 86
33 83 33 62 72 75 80 81 83
26 52 26 88 5 64 82 24 27 52
4 23 4 23
39 72 39 58 77 75 82 24 27 88 5 72
1 73 1 37 77 75 82 24 73
19 44 19 43 44
30 73 30 34 79 88 5 52 71 82 24 27 44 55 67 73
35 27 35 39 58 50 60 55 67 82 24 27
8 88 8 62 72 88
11 37 11 88 5 6 37
56 75 56 64 71 82 24 27 88 5 75
41 50 41 50
26 80 26 45 50 82 24 27 79 88 5 72 75 80
1 66 1 13 26 28 41 66
4 52 4 49 72 75 88 5 52
11 27 11 59 64 53 88 5 72 75 82 24 27
35 80 35 59 64 71 82 24 27 88 5 72 75 80
85 58 85 88 5 75 82 24 27 44 55 58
15 16 15 30 48 75 88 5 6 16
27 44 27 44
18 51 18 59 24 27 44 55 58 77 75 88 5 6 37 51
9 79 9 50 60 55 58 77 75 88 5 52 64 82 24 27 79
4 55 4 30 34 79 88 5 72 75 82 24 27 44 55
18 60 18 22 31 43 44 55 58 50 60
22 43 22 31 43
15 27 15 26 88 5 75 82 24 27
13 10 13 0 10
62 55 62 72 88 5 6 77 75 82 24 27 44 55
2 33 2 33
63 83 63 83
14 81 14 34 79 88 5 75 80 81
62 78 62 72 88 5 6 31 43 52 64 82 24 27 78
9 73 9 62 72 75 88 5 6 71 82 24 73
60 79 60 55 67 82 24 27 79
72 79 72 88 5 6 71 82 24 27 79
35 51 35 59 64 53 88 5 6 37 51
2 53 2 9 71 82 24 27 52 64 53
43 84 43 44 79 88 5 75 82 24 27 78 84
64 86 64 86
3 79 3 27 44 79
85 89 85 88 5 89
1 78 1 78
57 52 57 72 88 5 52
42 37 42 51 67 82 24 27 52 77 75 88 5 6 37
4 29 4 30 29
13 55 13 60 55
51 5 51 59 24 27 79 88 5
21 77 21 58 77
1 43 1 7 43
35 52 35 59 64 53 88 5 52
33 83 33 49 72 75 80 81 83
2 50 2 9 50
42 89 42 51 67 82 24 27 44 84 89
15 27 15 22 31 43 52 64 71 82 24 27
85 75 85 88 5 52 77 75
25 29 25 62 72 75 88 5 6 16 29
70 52 70 82 24 27 52
33 81 33 62 72 75 82 24 27 44 79 88 5 64 53 80 81
85 67 85 88 5 6 31 56 64 71 82 24 27 44 55 67
16 24 16 35 59 24
19 89 19 56 82 24 89
88 44 88 5 75 82 24 27 44
77 84 77 75 82 24 27 78 84
2 73 2 33 67 73
34 84 34 66 77 75 88 5 6 71 82 24 27 44 55 84
21 27 21 58 77 75 82 24 27
7 54 7 14 42 51 54
23 80 23 49 72 75 80
33 48 33 51 59 24 27 79 88 5 6 16 29 48
22 44 22 43 44
37 55 37 50 60 55
22 75 22 31 43 52 77 75
28 88 28 77 75 88
3 53 3 64 53
70 67 70 82 24 27 44 55 67
20 5 20 88 5
14 89 14 42 62 72 88 5 52 77 89
4 29 4 30 29
72 84 72 75 88 5 6 71 82 24 27 79 84
14 66 14 28 41 66
14 67 14 59 64 71 82 24 27 44 55 67
14 79 14 28 35 59 64 71 82 24 27 79
25 24 25 79 88 5 72 75 82 24
28 37 28 37
15 64 15 26 42 51 59 64
14 48 14 34 48
59 52 59 24 27 52
70 5 70 82 24 27 88 5
31 78 31 43 44 79 88 5 75 82 24 27 78
9 86 9 71 82 24 27 79 84 89 86
3 59 3 37 51 59
18 59 18 59
1 73 1 39 58 77 75 82 24 73
25 52 25 12 66 77 75 88 5 52
28 66 28 41 66
23 73 23 66 77 75 82 24 73
34 84 34 79 84
56 5 56 82 24 27 88 5
85 83 85 88 5 52 77 75 82 24 83
2 47 2 82 24 27 44 55 67 72 88 5 6 47
11 79 11 88 5 6 16 44 79
1 29 1 13 29
34 71 34 66 77 75 88 5 6 71
4 29 4 30 34 59 24 27 79 88 5 6 16 29
42 29 42 62 72 75 88 5 6 16 29
1 23 1 2 23
8 77 8 9 71 82 24 27 52 77
42 81 42 62 72 75 82 24 27 88 5 64 53 80 81
42 73 42 62 72 88 5 52 71 82 24 73
37 48 37 48
2 73 2 9 62 72 88 5 52 71 82 24 73
51 47 51 59 64 82 24 27 79 88 5 6 47
18 67 18 20 55 67
1 77 1 37 50 82 24 27 52 77
14 82 14 28 64 71 82
85 44 85 88 5 72 75 82 24 27 44
22 79 22 34 79
85 16 85 88 5 6 16
20 48 20 39 58 67 82 24 27 52 77 75 88 5 6 16 29 48
11 24 11 88 5 72 75 82 24
8 59 8 28 35 59
35 77 35 59 24 27 52 77
27 80 27 52 80
30 47 30 29 48 75 88 5 6 47
43 47 43 44 79 88 5 6 47
11 58 11 88 5 64 71 82 24 27 44 55 58
43 86 43 44 79 84 89 86
13 73 13 0 20 39 58 50 60 55 67 82 24 73
22 50 22 43 52 64 53 88 5 75 82 24 27 44 55 58 50
85 80 85 88 5 72 75 80
31 52 31 43 52
8 79 8 41 66 77 75 88 5 79
15 47 15 22 43 52 71 82 24 27 88 5 6 47
72 44 72 75 88 5 6 71 82 24 27 44
82 73 82 24 73
14 44 14 42 51 67 72 75 82 24 27 44
49 58 49 72 75 88 5 64 71 82 24 27 44 55 58
22 80 22 31 43 44 79 88 5 75 80
34 52 34 66 77 75 82 24 27 44 79 88 5 52
28 58 28 35 39 58
18 55 18 20 55
85 27 85 88 5 6 71 82 24 27
56 44 56 64 71 82 24 27 88 5 6 31 43 44
11 86 11 59 64 71 82 24 27 78 84 89 86
15 75 15 26 45 77 75
15 84 15 22 34 66 77 75 88 5 52 71 82 24 27 79 84
13 75 13 29 48 75
43 5 43 44 55 67 82 24 27 79 88 5
19 44 19 62 72 75 82 24 27 44
30 48 30 29 48
15 48 15 30 48
49 86 49 72 75 88 5 79 84 89 86
23 75 23 37 49 72 75
26 53 26 45 64 53
18 20 18 20
63 83 63 83
31 88 31 56 82 24 27 52 64 53 88
27 81 27 79 88 5 64 53 80 81
49 5 49 72 75 88 5
49 83 49 72 88 5 79 83
21 78 21 42 62 72 88 5 75 82 24 27 78
60 55 60 55
31 47 31 43 52 71 82 24 27 88 5 6 47
14 82 14 28 82
56 81 56 64 71 82 24 27 79 88 5 52 77 75 80 81
62 84 62 72 75 88 5 52 64 53 84
7 80 7 64 71 82 24 27 79 88 5 6 47 80
58 71 58 50 82 24 71
30 55 30 44 55
18 88 18 59 64 71 82 24 27 88
8 58 8 28 35 39 58
1 63 1 7 14 25 63
56 75 56 64 82 24 27 44 55 58 77 75
25 83 25 35 59 64 71 82 24 83
6 73 6 37 72 88 5 75 82 24 27 44 55 67 73
39 55 39 58 50 60 55
26 54 26 42 51 54
42 58 42 62 72 75 82 24 27 44 55 58
58 81 58 67 72 88 5 64 82 24 27 52 80 81
13 75 13 29 48 88 5 72 75
49 6 49 72 88 5 6
1 41 1 13 26 28 41
8 60 8 28 35 39 58 50 60
26 44 26 45 50 60 55 58 77 75 88 5 64 71 82 24 27 44
88 80 88 5 6 47 75 80
3 55 3 9 71 82 24 27 44 55
88 55 88 5 52 77 75 82 24 27 44 55
22 16 22 31 56 64 71 82 24 27 88 5 6 16
77 24 77 75 88 5 64 82 24
25 55 25 12 50 60 55
62 75 62 72 75
35 71 35 39 58 50 60 55 67 72 75 88 5 52 71
21 48 21 58 67 72 88 5 6 16 29 48
25 66 25 12 66
9 50 9 50
3 16 3 27 79 88 5 6 16
64 73 64 71 82 24 73
15 59 15 26 42 51 59
28 32 28 41 70 32
19 54 19 43 54
15 6 15 26 42 62 72 75 88 5 6
13 24 13 20 39 58 67 82 24
9 71 9 20 39 58 50 82 24 71
13 75 13 26 45 77 75
22 24 22 31 56 82 24
1 66 1 2 23 66
62 5 62 72 88 5
14 81 14 25 79 88 5 52 71 82 24 27 44 55 58 77 75 80 81
64 80 64 53 80
21 47 21 26 42 51 67 72 88 5 6 47
19 50 19 43 44 55 58 50
33 44 33 67 82 24 27 44
23 71 23 49 72 75 82 24 27 88 5 52 64 71
19 60 19 62 72 75 82 24 27 44 55 58 50 60
14 60 14 25 35 39 58 50 60
4 48 4 30 29 48
28 70 28 41 70
37 79 37 59 64 53 88 5 75 82 24 27 44 79
33 73 33 51 67 73
18 66 18 22 34 66
34 86 34 66 78 84 89 86
56 6 56 64 71 82 24 27 52 77 75 88 5 6
27 44 27 44
14 33 14 25 33
85 27 85 88 5 64 71 82 24 27
11 82 11 59 64 82
34 52 34 48 75 82 24 27 44 55 67 72 88 5 6 31 43 52
19 89 19 43 52 77 75 82 24 89
56 82 56 64 71 82
82 79 82 24 27 79
57 55 57 67 82 24 27 52 77 75 88 5 6 16 44 55
49 27 49 72 88 5 6 16 35 59 24 27
42 77 42 62 72 75 88 5 6 31 43 52 77
19 24 19 62 72 75 88 5 6 37 52 64 71 82 24
14 34 14 34
37 71 37 51 59 24 71
2 53 2 33 62 72 75 88 5 64 53
88 80 88 5 52 80
13 84 13 84
85 83 85 88 5 6 47 75 80 81 83
39 89 39 58 67 82 24 89
21 60 21 58 50 60
34 84 34 79 88 5 64 71 82 24 27 44 84
23 55 23 49 72 88 5 6 31 43 44 55
23 73 23 37 50 60 55 67 73
39 60 39 58 50 60
15 75 15 30 34 48 52 71 82 24 27 79 88 5 6 37 77 75
34 50 34 59 64 53 88 5 52 71 82 24 27 44 55 58 50
20 83 20 56 82 24 83
7 75 7 64 71 82 24 27 79 88 5 52 77 75
41 52 41 50 82 24 27 52
62 50 62 72 88 5 52 71 82 24 27 44 55 58 50
14 32 14 28 41 70 32
16 29 16 29
18 71 18 20 39 58 50 60 55 67 72 75 82 24 71
39 64 39 58 77 75 82 24 27 88 5 64
49 37 49 72 88 5 6 37
59 84 59 24 27 79 84
28 67 28 82 24 27 44 55 67
3 30 3 30
13 71 13 28 37 50 82 24 71
4 27 4 70 82 24 27
58 75 58 77 75
42 82 42 62 72 75 82
28 47 28 77 75 88 5 6 47
37 44 37 52 71 82 24 27 44
64 83 64 53 80 81 83
13 44 13 29 48 52 77 75 88 5 6 16 35 59 24 27 44
19 51 19 43 52 64 82 24 27 79 88 5 6 37 51
15 79 15 22 31 43 44 79
15 66 15 22 34 66
9 5 9 62 72 75 82 24 27 79 88 5
59 52 59 64 53 88 5 52
49 55 49 72 75 82 24 27 44 55
57 73 57 67 73
70 52 70 82 24 27 52
49 16 49 72 88 5 6 16
26 55 26 88 5 52 64 82 24 27 44 55
70 84 70 82 24 27 78 84
13 61 13 0 10 17 33 61
19 78 19 62 72 88 5 52 64 71 82 24 27 78
22 43 22 43
82 48 82 24 27 88 5 6 16 29 48
35 80 35 39 58 77 75 80
1 33 1 7 14 25 33
8 27 8 28 64 71 82 24 27
88 47 88 5 6 47
8 43 8 62 72 75 88 5 6 31 43
28 44 28 64 71 82 24 27 44
64 29 64 71 82 24 27 52 77 75 88 5 6 16 29
56 27 56 64 53 88 5 52 71 82 24 27
31 73 31 43 52 64 82 24 73
58 73 58 50 60 55 67 73
18 47 18 20 39 58 50 60 55 67 72 88 5 6 47
23 81 23 37 48 52 80 81
64 67 64 82 24 27 44 55 67
72 81 72 75 80 81
1 0 1 13 0
2 32 2 23 32
49 83 49 72 88 5 64 82 24 27 52 77 75 80 81 83
2 54 2 33 51 54
15 30 15 30
7 55 7 14 34 48 52 64 82 24 27 44 55
42 67 42 51 67
3 34 3 30 34
56 75 56 64 71 82 24 27 88 5 75
16 47 16 29 48 52 64 53 88 5 6 47
23 81 23 66 77 75 80 81
22 80 22 31 43 52 71 82 24 27 44 79 88 5 6 16 35 39 58 67 72 75 80
22 24 22 31 56 64 71 82 24
3 88 3 82 24 27 88
21 44 21 42 51 59 64 53 88 5 75 82 24 27 44
70 50 70 82 24 27 44 55 58 50
30 53 30 29 48 52 64 53
57 67 57 67
3 53 3 9 20 88 5 64 53
9 79 9 71 82 24 27 44 79
4 73 4 23 37 51 59 64 53 88 5 72 75 82 24 73
21 57 21 26 28 41 57
9 79 9 20 39 58 77 75 82 24 27 44 79
15 5 15 30 48 88 5
62 47 62 72 75 88 5 6 47
22 72 22 43 52 71 82 24 27 44 55 58 67 72
8 43 8 62 72 88 5 6 31 43
56 53 56 64 53
49 72 49 72
20 83 20 56 64 82 24 27 79 88 5 75 80 81 83
82 55 82 24 27 44 55
6 73 6 16 44 79 88 5 64 82 24 73
19 73 19 82 24 73
3 16 3 30 48 75 88 5 6 16
4 55 4 30 44 55
19 77 19 82 24 27 52 77
15 54 15 22 31 43 54
8 78 8 28 64 71 82 24 27 78
8 37 8 62 72 88 5 6 37
58 80 58 67 72 88 5 6 77 75 80
42 55 42 51 67 72 75 82 24 27 44 55
70 55 70 82 24 27 44 55
16 84 16 35 59 64 71 82 24 27 78 84
1 5 1 13 26 42 51 59 24 27 44 79 88 5
16 75 16 44 79 88 5 52 77 75
16 48 16 29 48
77 81 77 75 80 81
6 55 6 31 43 44 55
70 84 70 82 24 27 79 88 5 52 64 53 84
42 44 42 51 59 24 27 44
3 47 3 9 71 82 24 27 52 77 75 88 5 6 47
43 5 43 52 77 75 88 5
22 84 22 34 79 88 5 52 64 53 84
9 55 9 50 60 55
70 73 70 82 24 73
25 83 25 62 72 88 5 79 83
34 24 34 79 88 5 6 37 77 75 82 24
1 84 1 49 72 88 5 79 84
70 5 70 82 24 27 88 5
22 54 22 43 54
1 66 1 13 0 10 30 34 66
14 61 14 25 33 61
33 47 33 49 72 75 88 5 6 47
70 75 70 82 24 27 79 88 5 52 77 75
49 77 49 72 88 5 52 77
15 44 15 26 45 50 82 24 27 44
20 86 20 39 58 77 75 82 24 89 86
27 52 27 79 88 5 52
7 71 7 14 28 64 71
14 77 14 25 35 39 58 77
25 48 25 12 29 48
22 78 22 34 79 88 5 72 75 82 24 27 78
42 6 42 51 59 64 53 88 5 6
57 80 57 82 24 27 52 77 75 80
39 80 39 58 50 82 24 27 52 77 75 80
60 24 60 55 67 82 24
27 24 27 88 5 64 82 24
8 78 8 40 78
56 79 56 82 24 27 79
11 58 11 59 64 71 82 24 27 44 55 58
22 6 22 34 66 77 75 82 24 27 52 64 53 88 5 6
77 50 77 75 82 24 27 44 55 58 50
14 82 14 28 35 39 58 50 82
31 86 31 43 52 64 86
51 83 51 67 82 24 27 52 77 75 88 5 64 53 80 81 83
3 27 3 27
23 81 23 49 72 88 5 75 80 81
70 80 70 82 24 27 79 88 5 72 75 80
33 61 33 61
3 50 3 37 50
58 50 58 50
30 53 30 29 48 52 71 82 24 27 44 55 58 67 72 75 88 5 6 31 56 64 53
18 55 18 20 39 58 50 60 55
34 47 34 66 77 75 88 5 6 47
31 88 31 56 64 53 88
62 75 62 72 75
60 81 60 55 67 72 75 80 81
22 47 22 43 52 77 75 88 5 6 47
56 75 56 64 71 82 24 27 79 88 5 72 75
85 60 85 88 5 75 82 24 27 44 55 58 50 60
11 73 11 88 5 64 82 24 73
15 41 15 26 28 41
57 5 57 82 24 27 88 5
11 77 11 88 5 52 77
59 53 59 64 53
3 72 3 37 72
15 72 15 30 29 48 52 64 71 82 24 27 88 5 72
1 80 1 7 43 52 77 75 80
14 81 14 59 24 27 44 79 88 5 72 75 80 81
57 50 57 72 88 5 52 64 71 82 24 27 44 55 58 50
23 47 23 37 77 75 88 5 6 47
33 67 33 67
51 84 51 59 64 53 88 5 52 71 82 24 27 78 84
42 88 42 62 72 88
11 80 11 88 5 75 80
27 24 27 88 5 72 75 82 24
8 84 8 28 41 57 78 84
64 86 64 71 82 24 89 86
49 83 49 72 88 5 52 80 81 83
64 73 64 71 82 24 73
19 47 19 82 24 27 44 79 88 5 6 47
42 6 42 62 72 88 5 6
70 32 70 32
49 67 49 72 88 5 6 37 50 60 55 67
15 16 15 26 42 51 67 72 88 5 6 16
7 53 7 43 52 77 75 82 24 27 79 88 5 64 53
21 24 21 26 88 5 64 71 82 24
51 80 51 80
4 80 4 49 72 88 5 52 80
11 55 11 88 5 72 75 82 24 27 44 55
21 64 21 42 62 72 88 5 64
1 17 1 13 0 10 17
21 73 21 42 51 67 73
27 50 27 44 55 58 50
34 66 34 66
39 83 39 58 50 60 55 67 72 75 88 5 64 82 24 83
31 75 31 56 82 24 27 52 64 53 88 5 75
85 72 85 88 5 72
64 47 64 71 82 24 27 88 5 6 47
28 32 28 41 70 32
23 44 23 49 72 88 5 6 31 56 82 24 27 44
27 71 27 79 88 5 72 75 82 24 71
14 64 14 59 64
27 48 27 79 88 5 6 16 29 48
1 44 1 39 58 50 82 24 27 44
28 5 28 77 75 88 5
3 59 3 37 59
42 83 42 62 72 75 80 81 83
22 67 22 31 43 44 55 67
34 44 34 79 88 5 64 71 82 24 27 44
20 71 20 39 58 50 82 24 71
56 71 56 64 71
14 43 14 42 51 59 24 27 79 88 5 6 31 43
21 16 21 42 62 72 88 5 6 16
13 66 13 28 41 66
77 47 77 75 88 5 6 47
20 47 20 88 5 6 47
2 67 2 33 67
51 67 51 67
85 83 85 88 5 64 71 82 24 27 52 80 81 83
22 77 22 34 66 77
25 45 25 12 45
56 6 56 64 71 82 24 27 52 77 75 88 5 6
85 5 85 88 5
28 75 28 37 49 72 75
58 83 58 50 82 24 83
8 66 8 41 66
14 77 14 25 62 72 75 88 5 52 77
33 71 33 62 72 88 5 75 82 24 71
2 79 2 56 82 24 27 79
49 37 49 72 88 5 6 37
72 67 72 88 5 52 71 82 24 27 44 55 67
85 64 85 88 5 64
43 55 43 44 55
2 23 2 23
30 55 30 44 55
14 34 14 34
11 88 11 59 64 53 88
8 59 8 62 72 88 5 6 37 51 59
14 57 14 28 41 57
56 67 56 64 53 88 5 52 71 82 24 27 44 55 67
25 79 25 79
28 82 28 37 48 75 82
30 81 30 44 55 67 82 24 27 79 88 5 64 53 80 81
35 6 35 39 58 50 60 55 67 72 88 5 6
8 41 8 41
60 53 60 55 67 82 24 27 52 77 75 88 5 64 53
82 24 82 24
18 54 18 22 31 43 54
30 80 30 48 52 71 82 24 27 88 5 6 47 80
3 89 3 9 50 60 55 67 82 24 27 79 84 89
37 47 37 52 71 82 24 27 79 88 5 6 47
41 67 41 57 67
25 66 25 12 66
1 75 1 37 48 88 5 72 75
8 60 8 9 20 55 58 50 60
57 79 57 72 75 88 5 6 31 56 64 71 82 24 27 79
35 29 35 39 58 67 72 88 5 6 16 29
64 86 64 71 82 24 89 86
51 71 51 67 82 24 71
85 89 85 88 5 89
1 58 1 13 20 39 58
70 55 70 82 24 27 44 55
35 86 35 59 89 86
22 52 22 34 59 64 82 24 27 52
20 86 20 88 5 64 71 82 24 89 86
2 71 2 56 64 71
4 27 4 82 24 27
1 64 1 13 0 10 48 75 88 5 52 64
23 81 23 37 52 64 53 80 81
9 32 9 20 32
64 55 64 53 88 5 6 77 75 82 24 27 44 55
9 50 9 50
15 60 15 22 31 43 44 55 58 50 60
7 44 7 43 44
42 54 42 51 54
77 52 77 75 82 24 27 79 88 5 52
13 84 13 28 35 59 24 27 78 84
31 24 31 56 82 24
56 16 56 64 71 82 24 27 88 5 6 16
43 79 43 52 71 82 24 27 79
43 5 43 44 79 88 5
39 58 39 58
34 80 34 79 88 5 52 80
18 64 18 20 56 64
23 29 23 66 77 75 88 5 6 16 29
14 41 14 28 41
18 86 18 59 64 53 84 89 86
3 16 3 30 29 48 52 71 82 24 27 79 88 5 6 16
1 25 1 7 14 25
6 83 6 31 43 44 55 67 82 24 27 52 77 75 80 81 83
58 81 58 67 72 88 5 6 77 75 80 81
2 6 2 33 49 72 75 88 5 6
15 89 15 30 44 55 84 89
19 6 19 43 44 79 88 5 6
14 64 14 28 64
35 27 35 39 58 50 82 24 27
1 82 1 39 58 67 82
26 81 26 88 5 72 75 80 81
21 86 21 42 62 72 75 88 5 89 86
85 64 85 88 5 64
56 60 56 64 71 82 24 27 44 55 58 50 60
15 41 15 26 28 41
8 52 8 28 37 52
42 86 42 62 72 88 5 64 82 24 89 86
41 86 41 66 78 84 89 86
33 24 33 51 59 64 71 82 24
23 81 23 49 72 88 5 64 71 82 24 27 52 80 81
64 52 64 82 24 27 88 5 52
30 83 30 48 52 64 53 88 5 6 71 82 24 27 44 55 58 67 72 75 80 81 83
88 83 88 5 72 75 80 81 83
1 57 1 7 14 28 41 57
43 54 43 54
14 80 14 28 64 53 80
14 77 14 42 62 72 88 5 52 77
22 48 22 34 48
21 75 21 42 62 72 88 5 52 77 75
21 64 21 42 62 72 88 5 6 31 56 64
11 78 11 88 5 6 71 82 24 27 78
19 27 19 82 24 27
19 55 19 43 44 55
35 53 35 59 64 53
39 71 39 58 67 72 75 82 24 71
42 43 42 62 72 88 5 6 31 43
1 72 1 49 72
18 59 18 59
64 53 64 53
64 71 64 53 88 5 52 71
60 5 60 55 58 77 75 88 5
2 80 2 33 67 72 88 5 6 71 82 24 27 52 64 53 80
28 82 28 41 66 77 75 82
18 59 18 59
56 75 56 82 24 27 79 88 5 6 31 43 44 55 67 72 75
60 81 60 55 58 77 75 82 24 27 79 88 5 52 80 81
28 57 28 41 57
11 81 11 88 5 75 80 81
34 44 34 79 88 5 72 75 82 24 27 44
59 71 59 64 82 24 71
14 27 14 34 48 88 5 64 82 24 27
63 83 63 83
42 77 42 62 72 88 5 6 16 35 39 58 67 82 24 27 52 77
59 53 59 64 53
78 84 78 84
1 24 1 49 72 75 88 5 52 64 71 82 24
82 86 82 24 89 86
56 6 56 64 71 82 24 27 79 88 5 6
26 86 26 45 64 53 84 89 86
39 67 39 58 50 60 55 67
58 83 58 77 75 88 5 79 83
21 72 21 42 51 59 64 53 88 5 72
82 79 82 24 27 44 79
6 53 6 71 82 24 27 88 5 64 53
26 53 26 28 64 53
8 41 8 41
15 50 15 22 31 43 44 55 67 82 24 27 79 88 5 6 37 50
60 44 60 55 58 67 82 24 27 44
41 73 41 57 72 88 5 75 82 24 73
35 75 35 39 58 77 75
70 83 70 82 24 83
9 5 9 62 72 75 88 5
13 86 13 20 88 5 89 86
27 73 27 52 77 75 82 24 73
35 77 35 59 64 82 24 27 79 88 5 52 77
58 29 58 50 82 24 27 88 5 6 16 29
14 24 14 28 35 59 24
19 48 19 62 72 75 88 5 6 37 48
4 27 4 49 72 88 5 75 82 24 27
16 50 16 35 39 58 50
85 6 85 88 5 6
57 80 57 72 88 5 75 80
49 50 49 72 88 5 6 71 82 24 27 44 55 58 50
19 24 19 56 64 82 24
64 75 64 71 82 24 27 79 88 5 75
25 84 25 62 72 75 88 5 52 71 82 24 27 44 84
72 53 72 75 88 5 64 53
4 84 4 30 48 75 82 24 27 52 64 53 84
1 53 1 39 58 77 75 88 5 64 53
18 54 18 22 31 43 54
31 47 31 56 64 82 24 27 52 77 75 88 5 6 47
49 6 49 72 75 88 5 6
22 43 22 43
62 44 62 72 75 82 24 27 44
56 59 56 64 71 82 24 27 52 77 75 88 5 6 37 51 59
19 67 19 43 44 55 67
49 71 49 72 75 82 24 71
26 84 26 42 51 67 82 24 27 79 84
6 48 6 16 29 48
8 58 8 41 50 60 55 58
14 54 14 42 51 54
35 55 35 39 58 77 75 82 24 27 79 88 5 6 16 44 55
6 29 6 16 29
18 66 18 22 34 66
6 86 6 86
82 73 82 24 73
8 83 8 41 63 83
22 77 22 34 59 24 27 52 77
31 80 31 56 64 71 82 24 27 88 5 72 75 80
42 78 42 62 72 88 5 75 82 24 27 78
28 27 28 35 39 58 50 82 24 27
56 86 56 64 82 24 89 86
43 67 43 44 55 67
28 24 28 64 82 24
4 71 4 23 37 77 75 82 24 71
22 73 22 43 52 71 82 24 73
21 67 21 58 50 60 55 67
37 53 37 52 71 82 24 27 79 88 5 64 53
59 83 59 64 53 80 81 83
35 60 35 39 58 50 60
2 43 2 56 82 24 27 44 79 88 5 6 31 43
58 52 58 50 60 55 67 72 75 88 5 6 16 29 48 52
62 75 62 72 88 5 6 77 75
72 86 72 75 88 5 79 84 89 86
19 54 19 43 54
82 52 82 24 27 88 5 52
35 37 35 59 64 71 82 24 27 52 77 75 88 5 6 37
59 80 59 64 53 80
1 86 1 78 84 89 86
41 71 41 66 77 75 88 5 52 71
64 50 64 82 24 27 44 55 58 50
43 5 43 52 71 82 24 27 79 88 5
11 81 11 59 64 71 82 24 27 44 79 88 5 52 77 75 80 81
15 50 15 26 45 50
6 5 6 77 75 82 24 27 88 5
85 48 85 88 5 6 16 29 48
28 71 28 35 39 58 50 60 55 67 72 88 5 6 37 77 75 82 24 27 52 64 71
51 75 51 67 72 88 5 75
41 53 41 57 72 75 88 5 64 53
3 83 3 37 77 75 80 81 83
2 20 2 9 20
31 50 31 56 64 53 88 5 6 37 50
18 20 18 20
21 84 21 42 62 72 75 82 24 27 88 5 64 53 84
2 71 2 82 24 71
6 52 6 88 5 52
6 52 6 37 49 72 88 5 52
41 79 41 49 72 88 5 64 71 82 24 27 79
3 79 3 27 79
31 16 31 43 44 55 67 72 75 82 24 27 52 64 53 88 5 6 16
28 77 28 35 39 58 77
72 86 72 88 5 6 86
34 24 34 59 24
18 78 18 22 43 44 79 88 5 52 64 71 82 24 27 78
1 43 1 7 43
43 47 43 44 79 88 5 6 47
20 86 20 56 64 86
16 83 16 44 55 67 82 24 83
56 80 56 64 71 82 24 27 88 5 52 77 75 80
70 24 70 82 24
72 24 72 88 5 6 77 75 82 24
57 80 57 72 75 88 5 52 80
31 58 31 56 64 53 88 5 52 71 82 24 27 44 55 58
60 55 60 55
6 47 6 47
56 88 56 64 82 24 27 79 88
72 53 72 75 88 5 6 16 29 48 52 64 53
82 54 82 24 27 52 77 75 88 5 6 37 51 54
56 53 56 82 24 27 79 88 5 64 53
82 67 82 24 27 44 55 67
21 58 21 58
22 75 22 43 44 55 67 72 75
35 16 35 59 64 71 82 24 27 52 77 75 88 5 6 16
39 58 39 58
30 55 30 44 55
2 37 2 9 71 82 24 27 44 79 88 5 6 37
11 44 11 59 64 71 82 24 27 44
63 83 63 83
43 48 43 44 79 88 5 6 16 29 48
62 37 62 72 75 88 5 6 37
15 89 15 26 42 51 67 72 75 88 5 52 64 82 24 89
23 52 23 37 48 88 5 52
85 82 85 88 5 72 75 82
18 80 18 20 56 64 82 24 27 88 5 75 80
49 84 49 72 75 82 24 27 78 84
62 71 62 72 75 88 5 52 64 71
18 5 18 20 56 64 71 82 24 27 79 88 5
82 67 82 24 27 44 55 67
58 67 58 50 60 55 67
35 73 35 59 64 53 88 5 75 82 24 73
11 77 11 59 64 71 82 24 27 79 88 5 52 77
19 73 19 82 24 73
60 48 60 55 67 72 75 88 5 6 37 48
21 32 21 26 28 41 70 32
35 48 35 59 64 53 88 5 6 16 29 48
31 64 31 56 64
58 81 58 67 72 88 5 75 80 81
2 77 2 9 20 88 5 6 77
13 52 13 29 48 88 5 52
22 71 22 31 56 64 53 88 5 52 71
9 84 9 62 72 88 5 52 71 82 24 27 78 84
20 53 20 39 58 50 60 55 67 82 24 27 52 64 53
41 52 41 70 82 24 27 79 88 5 52
35 71 35 59 24 27 52 64 71
7 24 7 14 28 82 24
57 52 57 67 72 75 88 5 52
14 51 14 42 51
85 75 85 88 5 72 75
18 84 18 22 43 44 79 84
21 27 21 26 45 64 82 24 27
40 84 40 78 84
15 84 15 22 31 43 44 55 84
70 24 70 82 24
33 80 33 51 59 64 53 88 5 6 47 80
28 53 28 64 53
82 47 82 24 27 52 64 53 88 5 6 47
43 73 43 44 79 88 5 52 64 71 82 24 73
14 32 14 28 41 70 32
22 50 22 43 44 55 58 50
85 6 85 88 5 6
19 58 19 62 72 88 5 52 71 82 24 27 44 55 58
28 51 28 37 51
23 44 23 37 52 64 82 24 27 44
23 61 23 61
64 73 64 82 24 73
9 67 9 50 60 55 67
82 81 82 24 27 79 88 5 6 16 44 55 67 72 75 80 81
15 72 15 26 42 62 72
14 89 14 59 64 71 82 24 89
49 48 49 72 75 88 5 6 37 48
28 44 28 37 52 71 82 24 27 44
88 83 88 5 52 71 82 24 27 44 55 67 72 75 80 81 83
39 79 39 58 67 72 75 82 24 27 79
15 80 15 22 31 56 64 71 82 24 27 79 88 5 52 80
58 79 58 50 60 55 67 82 24 27 79
59 67 59 24 27 44 55 67
9 67 9 71 82 24 27 52 64 53 88 5 6 37 50 60 55 58 67
62 29 62 72 88 5 6 16 29
3 89 3 27 78 84 89
35 24 35 39 58 67 72 75 82 24
62 83 62 72 75 82 24 83
26 80 26 45 50 60 55 67 72 88 5 75 80
85 6 85 88 5 6
37 54 37 72 88 5 6 31 43 54
15 84 15 26 45 77 75 88 5 79 84
20 52 20 55 58 67 72 88 5 52
56 60 56 64 82 24 27 44 55 58 50 60
57 67 57 67
4 50 4 30 44 55 58 50
1 32 1 13 28 41 70 32
14 77 14 34 66 77
37 83 37 52 80 81 83
34 52 34 48 52
21 51 21 42 51
8 75 8 9 62 72 75
15 59 15 30 34 59
42 81 42 51 67 82 24 27 88 5 75 80 81
21 66 21 26 28 41 66
64 83 64 82 24 27 88 5 79 83
2 24 2 82 24
1 86 1 37 59 64 82 24 89 86
85 27 85 88 5 75 82 24 27
1 50 1 39 58 50
3 37 3 9 71 82 24 27 44 79 88 5 6 37
1 7 1 7
64 86 64 82 24 89 86
14 52 14 25 85 88 5 52
16 83 16 35 39 58 77 75 82 24 27 79 83
56 80 56 82 24 27 88 5 6 31 43 44 55 67 72 75 80
3 44 3 64 71 82 24 27 44
35 53 35 39 58 50 60 55 67 72 75 88 5 64 53
56 52 56 64 82 24 27 52
43 54 43 54
31 81 31 56 64 71 82 24 27 79 88 5 72 75 80 81
15 73 15 22 43 44 79 88 5 6 37 77 75 82 24 73
28 51 28 37 51
57 84 57 78 84
3 29 3 30 29
88 86 88 5 64 53 84 89 86
43 71 43 52 71
14 6 14 34 79 88 5 6
2 83 2 56 82 24 27 44 55 67 72 75 80 81 83
3 54 3 64 71 82 24 27 79 88 5 6 37 51 54
62 79 62 72 88 5 79
19 51 19 43 52 64 53 88 5 6 37 51
7 83 7 43 52 71 82 24 83
70 44 70 82 24 27 44
22 29 22 31 43 44 79 88 5 6 16 29
77 81 77 75 88 5 64 71 82 24 27 52 80 81
28 50 28 37 50
21 64 21 42 51 59 64
77 24 77 75 82 24
28 73 28 41 70 82 24 73
51 44 51 67 72 88 5 52 71 82 24 27 44
51 54 51 54
18 73 18 59 24 73
3 66 3 30 34 66
8 89 8 9 62 72 75 88 5 89
3 44 3 30 44
51 80 51 80
41 47 41 50 82 24 27 79 88 5 6 47
21 89 21 42 62 72 75 82 24 27 78 84 89
57 83 57 67 72 88 5 64 53 80 81 83
1 71 1 39 58 67 82 24 27 52 71
30 54 30 29 48 52 71 82 24 27 44 79 88 5 6 31 43 54
15 88 15 22 34 79 88
77 73 77 75 88 5 64 82 24 73
26 80 26 28 64 71 82 24 27 44 55 67 72 88 5 6 77 75 80
41 71 41 49 72 75 82 24 71
18 82 18 20 39 58 50 82
2 54 2 33 51 54
19 79 19 56 82 24 27 79
39 50 39 58 50
23 86 23 49 72 88 5 89 86
60 52 60 55 58 50 82 24 27 52
49 67 49 72 75 88 5 6 16 35 39 58 67
9 73 9 20 73
22 80 22 43 52 71 82 24 27 79 88 5 72 75 80
72 75 72 75
35 55 35 39 58 50 60 55
56 53 56 82 24 27 44 55 67 72 75 88 5 64 53
77 83 77 75 88 5 52 80 81 83
18 84 18 20 88 5 72 75 82 24 27 79 84
14 79 14 25 35 59 64 82 24 27 44 79
31 88 31 56 64 71 82 24 27 52 77 75 88
13 80 13 28 37 72 88 5 75 80
18 86 18 20 55 84 89 86
49 50 49 72 88 5 52 64 82 24 27 44 55 58 50
28 44 28 77 75 82 24 27 44
31 27 31 43 52 64 71 82 24 27
57 86 57 72 86
31 53 31 43 52 71 82 24 27 44 55 67 72 88 5 64 53
49 53 49 72 75 88 5 52 64 53
19 47 19 62 72 75 82 24 27 44 79 88 5 6 47
30 50 30 48 88 5 6 31 56 64 71 82 24 27 44 55 58 50
14 37 14 28 37
21 37 21 26 28 37
72 79 72 88 5 75 82 24 27 44 79
23 32 23 32
51 80 51 80
4 70 4 70
1 48 1 37 48
4 67 4 82 24 27 44 55 67
19 16 19 82 24 27 79 88 5 6 16
56 79 56 82 24 27 79
35 67 35 39 58 50 60 55 67
9 84 9 71 82 24 27 44 79 84
4 73 4 23 66 77 75 82 24 73
15 79 15 30 29 48 88 5 79
1 54 1 7 43 54
42 16 42 51 67 72 75 88 5 6 16
3 75 3 37 52 77 75
27 73 27 52 77 75 82 24 73
4 29 4 30 29
43 84 43 44 79 84
8 88 8 41 66 77 75 88
85 67 85 88 5 72 75 82 24 27 44 55 58 67
6 55 6 71 82 24 27 44 55
88 80 88 5 64 71 82 24 27 52 80
13 81 13 29 48 88 5 75 80 81
22 52 22 31 43 52
2 51 2 33 51
30 67 30 44 55 58 67
35 82 35 39 58 77 75 82
7 32 7 14 28 41 70 32
2 86 2 33 62 72 86
3 75 3 64 82 24 27 52 77 75
42 5 42 51 59 64 82 24 27 79 88 5
14 48 14 34 48
8 63 8 28 41 63
34 80 34 79 88 5 64 71 82 24 27 52 80
26 32 26 28 41 70 32
2 23 2 23
16 48 16 29 48
42 5 42 62 72 88 5
11 59 11 59
21 63 21 26 28 41 57 63
39 86 39 58 67 72 88 5 64 53 84 89 86
41 66 41 66
11 64 11 59 64
23 81 23 49 72 88 5 64 71 82 24 27 52 80 81
9 32 9 20 32
8 84 8 40 78 84
26 53 26 88 5 64 53
8 89 8 40 78 84 89
58 67 58 50 60 55 67
41 55 41 50 60 55
77 71 77 75 82 24 71
9 83 9 71 82 24 27 52 64 53 80 81 83
56 5 56 82 24 27 79 88 5
58 55 58 50 60 55
22 83 22 43 52 71 82 24 27 88 5 75 80 81 83
60 5 60 55 67 72 88 5
4 61 4 23 61
7 45 7 14 25 12 45
4 83 4 30 34 79 88 5 52 77 75 80 81 83
41 83 41 57 63 83
21 70 21 26 28 41 70
7 73 7 64 71 82 24 73
30 66 30 34 66
21 45 21 26 45
13 17 13 0 10 17
26 66 26 28 41 66
70 75 70 82 24 27 79 88 5 52 77 75
33 61 33 61
2 48 2 33 49 72 75 88 5 6 37 48
11 77 11 59 64 53 88 5 72 75 82 24 27 52 77
13 71 13 28 82 24 71
18 47 18 22 43 52 64 71 82 24 27 44 55 67 72 88 5 6 47
26 52 26 88 5 52
11 47 11 59 64 71 82 24 27 44 79 88 5 6 47
3 88 3 64 71 82 24 27 44 79 88
35 83 35 39 58 77 75 80 81 83
30 53 30 48 88 5 64 53
28 82 28 82
60 47 60 55 67 72 75 88 5 6 47
56 88 56 64 53 88
4 16 4 70 82 24 27 79 88 5 6 16
25 45 25 12 45
18 43 18 22 43
85 67 85 88 5 75 82 24 27 44 55 67
8 47 8 28 41 50 60 55 67 72 75 88 5 6 47
28 71 28 77 75 82 24 71
7 12 7 14 25 12
3 29 3 30 29
8 80 8 41 66 77 75 80
1 44 1 7 62 72 75 88 5 6 71 82 24 27 44
16 44 16 35 39 58 77 75 88 5 52 64 71 82 24 27 44
1 7 1 7
3 58 3 9 50 60 55 58
2 33 2 33
89 86 89 86
8 79 8 62 72 75 82 24 27 79
1 84 1 49 72 75 88 5 6 31 43 52 64 71 82 24 27 79 84
56 84 56 82 24 27 44 79 84
41 53 41 70 82 24 27 52 64 53
88 81 88 5 64 71 82 24 27 52 77 75 80 81
42 79 42 51 59 24 27 79
18 6 18 22 43 44 55 58 77 75 82 24 27 52 64 53 88 5 6
62 16 62 72 75 88 5 6 16
62 75 62 72 75
14 66 14 34 66
4 80 4 23 66 77 75 80
21 89 21 58 50 82 24 89
14 51 14 42 51
59 83 59 24 83
14 45 14 25 12 45
2 55 2 9 20 88 5 6 31 43 44 55
82 81 82 24 27 79 88 5 52 77 75 80 81
27 71 27 79 88 5 72 75 82 24 71
41 84 41 57 67 72 88 5 52 71 82 24 27 79 84
20 24 20 88 5 52 71 82 24
33 81 33 67 72 75 80 81
25 86 25 40 78 84 89 86
18 72 18 59 64 71 82 24 27 79 88 5 72
56 73 56 82 24 73
15 82 15 26 42 51 59 64 82
11 82 11 88 5 52 71 82
23 54 23 37 48 52 64 71 82 24 27 44 55 58 77 75 88 5 6 31 43 54
34 67 34 66 77 75 88 5 52 71 82 24 27 44 55 67
30 55 30 48 88 5 6 37 72 75 82 24 27 44 55
72 84 72 75 88 5 64 71 82 24 27 79 84
8 63 8 41 63
14 44 14 28 82 24 27 44
4 30 4 30
30 84 30 44 55 84
22 58 22 43 44 55 58
62 27 62 72 75 82 24 27
19 59 19 62 72 88 5 6 16 35 59
23 79 23 37 48 88 5 79
21 64 21 42 62 72 88 5 64
39 81 39 58 50 60 55 67 72 88 5 75 80 81
31 5 31 43 52 71 82 24 27 88 5
62 81 62 72 75 80 81
15 83 15 26 45 77 75 80 81 83
14 57 14 28 41 57
14 25 14 25
20 47 20 55 67 72 75 88 5 6 47
21 80 21 58 67 72 88 5 64 71 82 24 27 52 77 75 80
58 86 58 77 89 86
13 86 13 28 41 57 72 88 5 64 86
51 48 51 59 64 82 24 27 79 88 5 6 16 29 48
8 43 8 41 66 77 75 88 5 6 31 43
43 86 43 52 71 82 24 89 86
13 45 13 0 45
22 86 22 43 54 86
62 81 62 72 75 80 81
27 52 27 44 79 88 5 52
18 16 18 22 34 48 88 5 6 16
49 58 49 72 88 5 6 37 59 24 27 44 55 58
33 24 33 51 67 82 24
7 12 7 14 25 12
42 79 42 62 72 88 5 79
56 89 56 64 71 82 24 89
82 44 82 24 27 44
35 79 35 59 24 27 79
18 58 18 20 39 58
40 86 40 78 84 89 86
30 84 30 34 59 64 53 84
51 53 51 59 64 53
82 54 82 24 27 44 79 88 5 6 31 43 54
22 64 22 43 52 64
7 83 7 62 72 75 88 5 6 16 44 79 83
39 80 39 58 77 75 88 5 64 53 80
33 47 33 62 72 88 5 6 47
2 82 2 82
30 47 30 48 52 77 75 88 5 6 47
11 89 11 88 5 6 47 75 82 24 27 78 84 89
34 67 34 79 88 5 64 71 82 24 27 44 55 67
39 6 39 58 67 72 75 88 5 6
26 81 26 28 64 71 82 24 27 79 88 5 75 80 81
23 55 23 66 77 75 88 5 52 71 82 24 27 44 55
28 37 28 37
4 67 4 70 82 24 27 44 55 58 67
35 67 35 39 58 50 60 55 67
62 86 62 72 75 88 5 79 84 89 86
14 63 14 25 63
6 5 6 37 72 88 5
26 44 26 88 5 52 64 71 82 24 27 44
85 54 85 88 5 6 31 43 54
56 84 56 82 24 27 88 5 64 53 84
4 89 4 82 24 89
39 71 39 58 77 75 88 5 52 71
25 84 25 33 78 84
25 24 25 62 72 75 88 5 52 71 82 24
56 75 56 64 53 88 5 52 71 82 24 27 44 55 58 77 75
15 30 15 30
19 53 19 62 72 88 5 64 53
31 80 31 43 52 77 75 80
16 73 16 44 55 58 50 82 24 73
56 80 56 64 71 82 24 27 52 80
64 75 64 71 82 24 27 52 77 75
15 75 15 26 42 51 59 64 71 82 24 27 79 88 5 6 37 77 75
42 51 42 51
82 81 82 24 27 79 88 5 6 31 43 54 81
2 67 2 33 67
30 44 30 48 52 71 82 24 27 44
59 53 59 64 53
13 75 13 28 37 77 75
1 44 1 49 72 88 5 52 77 75 82 24 27 44
4 48 4 30 48
8 48 8 9 71 82 24 27 44 55 67 72 75 88 5 6 37 48
13 17 13 0 10 17
3 77 3 64 82 24 27 44 79 88 5 6 77
39 47 39 58 50 82 24 27 79 88 5 6 47
51 48 51 59 64 82 24 27 88 5 6 37 48
25 75 25 79 88 5 72 75
58 71 58 77 75 82 24 71
70 86 70 82 24 89 86
58 84 58 50 60 55 84
59 48 59 64 71 82 24 27 44 79 88 5 6 16 29 48
39 77 39 58 77
14 33 14 25 33
14 50 14 42 62 72 88 5 64 82 24 27 44 55 58 50
62 37 62 72 88 5 6 37
35 5 35 39 58 50 82 24 27 52 64 53 88 5
15 48 15 30 29 48
56 79 56 64 53 88 5 79
4 83 4 30 48 75 80 81 83
9 50 9 20 55 58 50
43 75 43 52 71 82 24 27 79 88 5 75
62 72 62 72
18 44 18 59 64 53 88 5 75 82 24 27 44
21 66 21 26 28 41 66
51 24 51 67 72 88 5 52 71 82 24
4 34 4 30 34
35 58 35 39 58
20 50 20 39 58 50
19 82 19 43 52 77 75 82
82 52 82 24 27 79 88 5 52
22 80 22 31 43 52 71 82 24 27 79 88 5 72 75 80
60 71 60 55 67 82 24 71
49 44 49 72 88 5 6 31 43 44
9 50 9 50
3 55 3 9 50 60 55
14 67 14 42 62 72 88 5 52 77 75 82 24 27 44 55 58 67
4 86 4 70 82 24 27 88 5 79 84 89 86
13 73 13 28 35 59 24 73
70 84 70 82 24 27 44 79 84
70 80 70 82 24 27 52 77 75 80
27 83 27 44 79 83
1 7 1 7
56 44 56 64 71 82 24 27 44
42 81 42 51 80 81
13 10 13 0 10
21 27 21 42 62 72 75 82 24 27
22 24 22 31 43 52 77 75 82 24
72 84 72 75 82 24 27 44 84
14 72 14 42 62 72
77 5 77 75 82 24 27 88 5
77 73 77 75 88 5 52 64 71 82 24 73
13 79 13 0 10 48 52 64 82 24 27 79
19 82 19 43 44 55 58 77 75 82
2 20 2 9 20
19 6 19 56 64 53 88 5 6
18 43 18 22 43
58 53 58 50 82 24 27 52 77 75 88 5 6 37 51 59 64 53
13 67 13 26 42 51 67
14 24 14 34 48 75 82 24
88 44 88 5 72 75 82 24 27 44
43 83 43 44 55 67 72 88 5 52 71 82 24 27 79 83
3 71 3 37 59 24 71
77 84 77 75 88 5 6 16 29 48 52 64 53 84
35 84 35 39 58 77 75 82 24 27 78 84
9 32 9 20 32
21 70 21 26 28 41 70
21 6 21 58 67 82 24 27 88 5 6
28 60 28 41 50 60
42 71 42 51 59 64 71
4 81 4 70 81
25 45 25 12 45
39 77 39 58 77
23 24 23 66 77 75 88 5 6 31 43 52 71 82 24
88 80 88 5 72 75 80
51 71 51 59 64 53 88 5 52 71
27 86 27 88 5 64 71 82 24 89 86
39 79 39 58 50 60 55 67 72 75 82 24 27 88 5 79
21 73 21 26 73
77 80 77 75 80
16 81 16 44 79 88 5 72 75 80 81
4 47 4 49 72 75 88 5 6 47
3 58 3 9 20 39 58
20 75 20 39 58 67 72 75
15 50 15 30 44 55 58 50
22 60 22 34 79 88 5 64 71 82 24 27 44 55 58 50 60
70 53 70 82 24 27 79 88 5 64 53
11 16 11 59 64 71 82 24 27 52 77 75 88 5 6 16
39 72 39 58 67 72
13 73 13 0 10 17 20 56 82 24 73
37 50 37 50
8 52 8 28 77 75 82 24 27 79 88 5 52
62 44 62 72 75 82 24 27 44
21 51 21 26 42 51
30 71 30 44 55 58 67 82 24 71
43 83 43 52 80 81 83
26 86 26 42 51 54 86
13 75 13 26 88 5 64 71 82 24 27 44 55 67 72 75
35 24 35 39 58 50 82 24
43 47 43 52 77 75 82 24 27 88 5 6 47
27 44 27 44
14 70 14 28 41 70
15 52 15 22 34 66 77 75 88 5 52
42 84 42 62 72 88 5 75 82 24 27 79 84
19 71 19 82 24 71
22 58 22 31 56 82 24 27 44 55 58
22 88 22 34 48 75 82 24 27 44 79 88
11 64 11 59 64
35 80 35 39 58 77 75 80
40 89 40 78 84 89
56 16 56 82 24 27 52 77 75 88 5 6 16
13 83 13 20 88 5 6 47 80 81 83
21 52 21 42 62 72 75 82 24 27 52
4 58 4 49 72 75 88 5 52 71 82 24 27 44 55 58
26 75 26 42 51 67 82 24 27 52 77 75
30 53 30 48 75 82 24 27 44 55 67 72 88 5 64 53
31 64 31 56 64
41 86 41 57 78 84 89 86
72 52 72 88 5 75 82 24 27 52
70 81 70 81
62 67 62 72 75 88 5 64 71 82 24 27 44 55 67
25 53 25 35 59 64 53
7 44 7 43 52 77 75 82 24 27 44
6 79 6 88 5 64 82 24 27 79
28 83 28 37 48 88 5 52 80 81 83
35 6 35 59 64 53 88 5 6
22 54 22 43 54
57 5 57 82 24 27 79 88 5
28 5 28 77 75 88 5
30 83 30 29 48 52 80 81 83
28 70 28 41 70
9 52 9 50 82 24 27 44 79 88 5 52
62 64 62 72 88 5 64
35 59 35 59
59 48 59 64 71 82 24 27 44 55 67 72 88 5 6 37 48
21 32 21 26 28 41 70 32
21 77 21 58 67 72 75 82 24 27 52 64 53 88 5 6 77
20 47 20 56 64 53 88 5 6 47
58 52 58 50 60 55 67 82 24 27 52
31 37 31 43 44 79 88 5 6 37
25 73 25 12 29 48 52 64 53 88 5 75 82 24 27 44 55 67 73
7 86 7 62 72 75 88 5 52 77 89 86
19 64 19 43 52 64
20 50 20 39 58 50
11 73 11 88 5 52 71 82 24 73
42 80 42 62 72 88 5 6 31 43 52 64 53 80
51 81 51 80 81
4 29 4 30 29
14 70 14 28 41 70
37 83 37 49 72 75 80 81 83
51 73 51 67 73
70 86 70 82 24 89 86
64 71 64 53 88 5 75 82 24 27 52 71
13 0 13 0
37 86 37 72 88 5 89 86
1 89 1 78 84 89
35 53 35 59 64 53
35 71 35 59 64 82 24 71
25 54 25 12 75 88 5 6 31 43 54
3 83 3 27 52 71 82 24 83
13 66 13 28 41 66
11 6 11 59 24 27 79 88 5 6
27 81 27 79 88 5 75 80 81
15 50 15 26 42 51 67 82 24 27 44 55 58 50
1 9 1 2 9
26 66 26 28 41 66
26 75 26 28 41 57 82 24 27 88 5 75
18 6 18 59 24 27 44 79 88 5 6
6 55 6 71 82 24 27 44 55
19 37 19 62 72 88 5 6 37
15 51 15 26 42 51
19 71 19 43 44 55 58 77 75 82 24 71
85 89 85 88 5 79 84 89
51 80 51 80
30 55 30 34 79 88 5 6 16 44 55
63 83 63 83
13 80 13 29 48 52 80
14 55 14 34 79 88 5 52 77 75 82 24 27 44 55
9 86 9 20 39 58 67 72 75 88 5 64 53 84 89 86
70 53 70 82 24 27 52 64 53
41 55 41 49 72 75 82 24 27 44 55
27 81 27 79 88 5 72 75 80 81
14 52 14 28 35 39 58 67 72 75 88 5 6 31 56 64 71 82 24 27 52
13 17 13 0 10 17
23 81 23 37 77 75 80 81
35 29 35 59 24 27 44 79 88 5 6 16 29
49 71 49 72 88 5 75 82 24 71
59 75 59 24 27 52 77 75
15 66 15 26 28 41 66
9 55 9 20 55
57 80 57 82 24 27 44 79 88 5 6 37 72 75 80
9 5 9 62 72 75 88 5
28 52 28 64 82 24 27 79 88 5 6 16 29 48 52
77 52 77 75 82 24 27 52
15 60 15 26 28 37 50 60
22 58 22 31 43 44 55 58
15 27 15 26 45 64 53 88 5 52 71 82 24 27
21 67 21 58 50 60 55 67
2 9 2 9
13 61 13 0 10 17 33 61
72 81 72 75 80 81
28 77 28 35 39 58 77
26 84 26 42 62 72 88 5 79 84
15 82 15 22 31 56 64 71 82
3 83 3 37 59 24 83
3 73 3 9 71 82 24 73
85 82 85 88 5 75 82
60 80 60 55 58 77 75 82 24 27 88 5 52 80
31 71 31 56 82 24 71
21 70 21 26 28 41 70
43 75 43 52 77 75
34 86 34 86
25 54 25 35 59 64 71 82 24 27 79 88 5 6 31 43 54
88 83 88 5 72 75 80 81 83
2 55 2 9 50 60 55
42 6 42 62 72 88 5 6
14 75 14 25 79 88 5 64 71 82 24 27 44 55 67 72 75
25 44 25 62 72 88 5 75 82 24 27 44
21 54 21 42 51 54
22 43 22 43
8 59 8 62 72 75 82 24 27 79 88 5 6 16 35 59
70 47 70 82 24 27 79 88 5 6 47
56 24 56 64 82 24
77 47 77 75 82 24 27 79 88 5 6 47
25 55 25 62 72 75 82 24 27 44 55
14 81 14 28 37 51 59 24 27 44 55 67 72 75 80 81
1 43 1 7 64 53 88 5 6 31 43
72 80 72 75 80
42 50 42 51 67 82 24 27 44 55 58 50
27 81 27 44 55 58 77 75 80 81
62 78 62 72 88 5 52 71 82 24 27 78
41 71 41 57 67 72 75 88 5 52 64 71
13 17 13 0 10 17
49 67 49 72 75 82 24 27 44 55 67
11 78 11 88 5 75 82 24 27 78
56 77 56 64 71 82 24 27 44 79 88 5 52 77
27 53 27 79 88 5 64 53
4 89 4 30 29 48 88 5 52 71 82 24 89
60 54 60 55 67 82 24 27 52 64 53 88 5 6 37 51 54
11 24 11 88 5 52 71 82 24
11 86 11 59 64 53 88 5 79 84 89 86
39 86 39 58 77 89 86
31 24 31 56 82 24
58 52 58 50 60 55 67 72 88 5 52
49 81 49 72 75 82 24 27 44 79 88 5 52 80 81
22 78 22 34 59 64 71 82 24 27 78
56 27 56 64 82 24 27
11 29 11 59 64 53 88 5 6 16 29
51 75 51 59 64 53 88 5 72 75
14 32 14 28 41 70 32
30 75 30 34 79 88 5 6 47 75
14 41 14 28 41
23 44 23 37 77 75 88 5 6 31 43 44
28 79 28 77 75 88 5 79
59 47 59 64 71 82 24 27 79 88 5 6 47
3 27 3 27
3 78 3 37 49 72 88 5 52 64 71 82 24 27 78
64 50 64 82 24 27 44 55 58 50
3 77 3 82 24 27 52 77
88 80 88 5 72 75 80
19 80 19 62 72 88 5 6 31 43 52 77 75 80
26 67 26 28 37 59 24 27 44 55 67
85 84 85 88 5 75 82 24 27 78 84
62 5 62 72 88 5
31 47 31 56 82 24 27 79 88 5 6 47
2 23 2 23
20 79 20 55 67 82 24 27 44 79
15 82 15 30 34 59 64 53 88 5 52 77 75 82
4 67 4 23 37 52 64 71 82 24 27 44 55 67
23 83 23 49 72 88 5 64 53 80 81 83
22 75 22 34 66 77 75
43 44 43 44
31 82 31 43 52 64 71 82
19 47 19 62 72 88 5 6 47
3 9 3 9
2 23 2 23
18 79 18 59 24 27 52 77 75 88 5 79
31 78 31 56 64 71 82 24 27 78
14 75 14 59 24 27 44 55 67 72 75
43 75 43 44 79 88 5 72 75
62 75 62 72 75
31 44 31 43 44
11 77 11 59 64 71 82 24 27 79 88 5 52 77
15 52 15 30 48 52
7 86 7 14 59 89 86
1 58 1 39 58
1 44 1 37 51 67 82 24 27 44
28 72 28 41 57 67 72
14 44 14 28 77 75 88 5 52 64 82 24 27 44
26 54 26 42 51 54
60 48 60 55 67 82 24 27 44 79 88 5 6 16 29 48
35 53 35 59 64 53
7 80 7 62 72 75 80
43 53 43 52 71 82 24 27 79 88 5 6 16 35 59 64 53
3 37 3 37
40 84 40 78 84
42 51 42 51
33 52 33 67 72 75 82 24 27 79 88 5 52
56 80 56 82 24 27 44 55 67 72 88 5 64 53 80
8 32 8 41 70 32
13 52 13 0 10 30 48 52
22 43 22 43
19 24 19 62 72 75 82 24
70 83 70 81 83
8 66 8 41 66
1 54 1 2 33 51 54
15 72 15 30 44 55 67 72
3 66 3 30 34 66
42 48 42 51 67 72 75 88 5 6 16 29 48
8 44 8 9 71 82 24 27 44
34 81 34 59 24 27 79 88 5 75 80 81
6 80 6 71 82 24 27 79 88 5 75 80
11 72 11 88 5 64 71 82 24 27 44 55 67 72
7 79 7 43 52 71 82 24 27 79
3 86 3 9 71 82 24 89 86
56 48 56 64 82 24 27 79 88 5 6 16 29 48
72 24 72 88 5 6 77 75 82 24
70 53 70 82 24 27 44 55 58 77 75 88 5 64 53
64 55 64 82 24 27 52 77 75 88 5 6 37 50 60 55
7 53 7 64 53
18 89 18 22 34 48 52 71 82 24 89
89 86 89 86
31 83 31 56 82 24 83
1 57 1 13 26 28 41 57
19 71 19 43 52 77 75 82 24 27 44 55 67 72 88 5 64 71
4 88 4 49 72 75 88
49 27 49 72 88 5 52 71 82 24 27
25 67 25 12 44 55 67
58 44 58 50 60 55 67 72 88 5 52 71 82 24 27 44
26 45 26 45
34 73 34 59 24 73
15 79 15 22 31 43 52 71 82 24 27 44 79
3 30 3 30
4 79 4 30 44 55 67 72 88 5 79
14 53 14 28 37 59 64 53
2 82 2 82
27 50 27 44 55 58 50
4 80 4 23 37 72 75 80
28 55 28 35 39 58 67 82 24 27 44 55
26 66 26 28 41 66
77 54 77 75 82 24 27 79 88 5 6 31 43 54
39 78 39 58 50 60 55 67 72 88 5 52 71 82 24 27 78
23 80 23 37 49 72 75 80
15 86 15 26 28 41 57 82 24 27 79 84 89 86
25 44 25 79 88 5 6 16 35 59 24 27 44
25 48 25 12 29 48
2 23 2 23
62 50 62 72 75 88 5 6 16 35 39 58 50
20 55 20 39 58 67 72 75 82 24 27 79 88 5 6 31 43 44 55
8 66 8 28 41 66
2 24 2 23 37 59 64 53 88 5 52 71 82 24
4 50 4 70 82 24 27 44 55 58 50
56 82 56 82
39 50 39 58 50
18 86 18 59 89 86
16 67 16 35 39 58 67
35 89 35 39 58 67 72 88 5 64 53 84 89
3 44 3 37 48 52 77 75 88 5 6 16 44
18 37 18 22 34 48 52 77 75 88 5 6 37
21 57 21 26 28 41 57
51 5 51 59 64 53 88 5
4 32 4 70 32
72 52 72 88 5 6 16 29 48 52
14 44 14 34 79 88 5 52 77 75 82 24 27 44
21 67 21 58 67
1 25 1 7 14 25
34 71 34 66 77 75 82 24 71
31 86 31 56 64 71 82 24 27 44 84 89 86
56 73 56 82 24 73
82 55 82 24 27 44 55
8 82 8 41 57 82
23 75 23 66 77 75
85 73 85 88 5 75 82 24 73
14 63 14 28 41 63
4 86 4 30 29 48 88 5 6 77 75 82 24 89 86
30 50 30 44 55 58 50
1 27 1 2 33 67 82 24 27
26 66 26 28 41 66
85 88 85 88
2 53 2 82 24 27 79 88 5 64 53
22 71 22 34 66 77 75 82 24 71
88 24 88 5 64 82 24
3 81 3 27 88 5 52 80 81
60 84 60 55 84
51 55 51 67 72 88 5 75 82 24 27 44 55
22 71 22 43 44 55 67 82 24 71
64 73 64 82 24 73
70 84 70 82 24 27 78 84
49 75 49 72 88 5 52 77 75
4 24 4 70 82 24
15 44 15 22 34 79 88 5 6 31 43 44
70 71 70 82 24 71
70 50 70 82 24 27 44 55 58 50
11 88 11 88
15 71 15 30 34 79 88 5 72 75 82 24 27 52 71
41 32 41 70 32
64 83 64 71 82 24 27 79 88 5 75 80 81 83
11 44 11 88 5 52 71 82 24 27 44
28 53 28 35 39 58 67 72 75 82 24 27 52 64 53
85 72 85 88 5 72
56 6 56 82 24 27 79 88 5 6
21 29 21 42 51 67 72 88 5 6 16 29
35 53 35 39 58 77 75 82 24 27 79 88 5 52 64 53
27 53 27 79 88 5 64 53
56 79 56 64 71 82 24 27 79
85 64 85 88 5 64
39 50 39 58 50
1 63 1 7 14 25 63
8 58 8 28 35 59 64 71 82 24 27 44 55 58
34 52 34 79 88 5 64 82 24 27 52
22 73 22 43 44 79 88 5 6 16 29 48 75 82 24 73
59 81 59 64 53 80 81
38 86 38 89 86
16 83 16 44 55 67 72 75 88 5 64 53 80 81 83
8 59 8 28 35 59
16 48 16 29 48
26 50 26 45 50
6 44 6 16 44
77 5 77 75 82 24 27 79 88 5
49 16 49 72 88 5 6 16
88 54 88 5 6 31 43 54
8 64 8 28 35 39 58 67 72 88 5 64
18 79 18 59 64 71 82 24 27 88 5 79
30 80 30 34 79 88 5 72 75 80
28 70 28 41 70
3 24 3 64 53 88 5 72 75 82 24
20 50 20 39 58 50
8 73 8 41 50 60 55 58 67 73
6 73 6 16 44 79 88 5 75 82 24 73
2 33 2 33
31 89 31 43 44 79 88 5 52 77 75 82 24 89
8 5 8 28 37 77 75 88 5
30 83 30 48 88 5 79 83
15 52 15 26 42 62 72 88 5 6 71 82 24 27 52
58 79 58 67 82 24 27 88 5 79
30 86 30 48 52 71 82 24 27 78 84 89 86
51 24 51 59 24
34 52 34 48 88 5 6 77 75 82 24 27 52
8 63 8 28 41 63
18 32 18 20 32
14 12 14 25 12
1 10 1 13 0 10
39 78 39 58 50 60 55 67 72 88 5 75 82 24 27 78
14 48 14 34 48
19 6 19 56 64 53 88 5 6
70 67 70 82 24 27 44 55 67
22 48 22 31 56 64 82 24 27 79 88 5 6 37 48
26 52 26 88 5 52
25 86 25 33 49 72 88 5 79 84 89 86
8 86 8 41 57 72 75 82 24 89 86
28 63 28 41 57 63
77 44 77 75 82 24 27 44
15 44 15 22 43 44
31 72 31 43 52 71 82 24 27 44 79 88 5 72
20 52 20 88 5 72 75 82 24 27 52
51 86 51 54 86
85 82 85 88 5 52 64 82
2 43 2 9 20 56 64 71 82 24 27 52 77 75 88 5 6 31 43
4 23 4 23
28 78 28 41 66 77 75 88 5 6 37 52 71 82 24 27 78
14 52 14 42 51 59 64 82 24 27 79 88 5 52
1 83 1 2 23 49 72 88 5 75 80 81 83
15 5 15 26 42 62 72 88 5
7 45 7 14 25 12 45
4 6 4 82 24 27 79 88 5 6
35 24 35 59 64 82 24
14 59 14 59
15 43 15 22 43
18 67 18 20 55 67
28 88 28 35 59 64 71 82 24 27 79 88
39 53 39 58 67 72 88 5 64 53
51 52 51 59 64 71 82 24 27 52
1 34 1 13 0 10 30 34
14 12 14 25 12
70 52 70 82 24 27 79 88 5 52
21 44 21 26 88 5 75 82 24 27 44
85 55 85 88 5 52 71 82 24 27 44 55
6 5 6 71 82 24 27 79 88 5
11 55 11 59 64 71 82 24 27 44 55
22 73 22 34 48 52 77 75 82 24 73
22 64 22 31 56 64
28 78 28 82 24 27 78
9 84 9 71 82 24 27 44 84
62 64 62 72 75 88 5 64
3 88 3 9 50 60 55 67 72 75 88
15 86 15 22 34 59 89 86
37 5 37 59 64 71 82 24 27 79 88 5
8 41 8 41
13 48 13 60 55 67 82 24 27 44 79 88 5 6 16 29 48
39 60 39 58 50 60
31 47 31 56 64 71 82 24 27 79 88 5 6 47
19 78 19 43 52 71 82 24 27 78
3 34 3 30 34
20 44 20 88 5 52 71 82 24 27 44
3 88 3 30 29 48 75 88
26 84 26 42 62 72 88 5 6 37 52 77 75 82 24 27 79 84
39 50 39 58 50
30 79 30 48 52 64 53 88 5 79
13 17 13 0 10 17
15 80 15 26 28 41 50 60 55 58 77 75 80
13 79 13 26 88 5 64 71 82 24 27 79
33 50 33 49 72 75 82 24 27 44 55 58 50
70 47 70 82 24 27 79 88 5 6 47
19 75 19 62 72 75
14 55 14 28 41 50 60 55
70 24 70 82 24
22 73 22 34 59 64 82 24 73
8 6 8 62 72 75 82 24 27 44 79 88 5 6
28 24 28 41 49 72 88 5 75 82 24
56 82 56 64 82
14 83 14 34 59 64 71 82 24 27 52 77 75 88 5 6 31 43 44 79 83
82 47 82 24 27 88 5 6 47
41 81 41 49 72 75 80 81
18 5 18 22 31 56 64 71 82 24 27 79 88 5
2 6 2 23 49 72 75 88 5 6
26 86 26 88 5 52 64 86
11 51 11 59 24 27 44 79 88 5 6 37 51
37 84 37 48 88 5 75 82 24 27 79 84
26 67 26 42 62 72 88 5 52 64 82 24 27 44 55 67
2 80 2 82 24 27 88 5 72 75 80
35 73 35 59 64 71 82 24 73
31 73 31 56 82 24 73
34 75 34 59 24 27 88 5 72 75
41 5 41 57 82 24 27 79 88 5
64 83 64 82 24 83
9 80 9 71 82 24 27 79 88 5 75 80
77 50 77 75 88 5 6 71 82 24 27 44 55 58 50
57 52 57 67 72 75 88 5 52
88 86 88 5 64 86
59 86 59 64 53 84 89 86
1 37 1 2 23 37
28 16 28 64 82 24 27 79 88 5 6 16
49 55 49 72 88 5 52 71 82 24 27 44 55
2 61 2 23 61
3 9 3 9
21 77 21 26 28 37 77
62 58 62 72 75 88 5 52 71 82 24 27 44 55 58
62 83 62 72 88 5 75 80 81 83
42 71 42 51 59 64 53 88 5 6 71
16 81 16 44 79 88 5 72 75 80 81
18 50 18 59 64 71 82 24 27 88 5 6 37 50
51 50 51 59 64 82 24 27 44 55 58 50
21 80 21 42 51 80
64 67 64 82 24 27 52 77 75 88 5 6 37 51 67
78 84 78 84
56 24 56 64 53 88 5 75 82 24
28 37 28 37
18 71 18 22 43 52 71
22 73 22 34 66 77 75 82 24 73
35 6 35 39 58 50 82 24 27 52 77 75 88 5 6
14 89 14 42 51 59 64 71 82 24 27 52 77 75 88 5 89
15 41 15 26 28 41
7 75 7 62 72 75
39 50 39 58 50
39 67 39 58 50 60 55 67
2 80 2 9 50 60 55 58 77 75 80
28 71 28 64 82 24 27 79 88 5 52 71
1 27 1 39 58 77 75 88 5 64 71 82 24 27
37 84 37 52 71 82 24 27 88 5 6 16 44 79 84
18 80 18 22 43 44 55 67 82 24 27 79 88 5 75 80
26 83 26 42 51 80 81 83
51 53 51 67 72 75 88 5 64 53
23 79 23 37 52 71 82 24 27 79
22 77 22 43 52 77
41 50 41 50
8 32 8 28 41 70 32
11 78 11 88 5 6 16 29 48 75 82 24 27 78
13 24 13 26 45 64 71 82 24
4 30 4 30
49 88 49 72 75 88
1 45 1 7 14 25 12 45
27 47 27 79 88 5 6 47
19 84 19 62 72 75 88 5 52 64 71 82 24 27 78 84
62 83 62 72 75 88 5 52 71 82 24 27 79 83
62 75 62 72 75
19 71 19 62 72 88 5 6 71
13 73 13 26 28 35 59 24 73
8 72 8 62 72
51 52 51 67 82 24 27 88 5 52
33 86 33 62 72 88 5 6 77 89 86
21 52 21 26 28 41 70 82 24 27 52
2 50 2 23 37 50
19 86 19 56 82 24 89 86
28 86 28 64 86
1 10 1 13 0 10
6 86 6 47 75 88 5 64 82 24 27 44 55 67 72 86
35 60 35 39 58 50 60
85 88 85 88
42 53 42 62 72 88 5 6 47 75 82 24 27 52 64 53
16 81 16 29 48 88 5 72 75 80 81
64 80 64 71 82 24 27 79 88 5 6 16 29 48 75 80
1 23 1 2 23
15 45 15 26 45
14 45 14 25 12 45
56 58 56 64 71 82 24 27 44 55 58
60 53 60 55 58 77 75 88 5 64 53
31 64 31 56 64
88 75 88 5 72 75
8 53 8 28 37 51 67 82 24 27 52 77 75 88 5 64 53
21 72 21 26 42 62 72
2 83 2 9 62 72 75 80 81 83
3 79 3 64 53 88 5 52 71 82 24 27 44 79
58 83 58 77 75 82 24 83
4 67 4 30 44 55 58 67
58 47 58 77 75 88 5 6 47
49 71 49 72 75 82 24 71
2 32 2 23 32
18 66 18 22 34 66
21 26 21 26
4 16 4 49 72 75 88 5 6 16
34 24 34 48 88 5 72 75 82 24
28 55 28 37 49 72 75 82 24 27 44 55
77 81 77 75 80 81
21 52 21 26 45 50 82 24 27 52
2 33 2 33
9 81 9 50 82 24 27 52 80 81
18 37 18 22 43 52 64 53 88 5 6 37
70 5 70 82 24 27 79 88 5
28 52 28 37 59 24 27 88 5 52
31 67 31 56 64 82 24 27 44 55 67
62 80 62 72 88 5 75 80
33 79 33 51 67 82 24 27 44 79
15 78 15 26 88 5 64 71 82 24 27 78
22 88 22 34 66 77 75 82 24 27 52 64 53 88
23 53 23 66 77 75 82 24 27 52 64 53
25 48 25 12 60 55 67 82 24 27 79 88 5 6 37 48
22 66 22 34 66
59 75 59 64 71 82 24 27 88 5 75
35 81 35 59 64 53 80 81
4 52 4 49 72 88 5 52
8 55 8 9 71 82 24 27 44 55
42 51 42 51
22 89 22 43 44 79 88 5 75 82 24 89
7 73 7 43 52 77 75 82 24 73
9 53 9 71 82 24 27 79 88 5 64 53
59 83 59 64 71 82 24 27 88 5 79 83
56 73 56 82 24 73
41 52 41 70 82 24 27 52
30 5 30 34 48 52 64 53 88 5
62 52 62 72 88 5 75 82 24 27 52
51 67 51 67
77 53 77 75 88 5 6 71 82 24 27 52 64 53
3 58 3 64 71 82 24 27 44 55 58
23 55 23 49 72 75 82 24 27 44 55
28 89 28 82 24 27 78 84 89
15 64 15 22 31 56 64
57 73 57 72 75 88 5 64 71 82 24 27 44 55 67 73
13 61 13 0 10 17 33 61
4 78 4 23 66 78
49 44 49 72 88 5 6 31 43 44
3 30 3 30
11 80 11 88 5 72 75 80
22 67 22 31 43 44 55 67
62 88 62 72 88
31 75 31 43 44 79 88 5 75
3 44 3 37 49 72 88 5 64 82 24 27 44
23 81 23 37 77 75 82 24 27 79 88 5 64 53 80 81
13 10 13 0 10
85 71 85 88 5 6 77 75 82 24 71
14 72 14 42 62 72
42 5 42 51 67 72 88 5
15 78 15 26 88 5 52 71 82 24 27 78
14 44 14 25 33 62 72 75 82 24 27 44
15 51 15 26 42 51
85 60 85 88 5 72 75 82 24 27 44 55 58 50 60
3 5 3 30 44 55 58 77 75 88 5
4 71 4 30 48 52 71
19 79 19 43 44 79
28 60 28 37 50 60
26 32 26 28 41 70 32
56 82 56 82
70 5 70 82 24 27 88 5
3 83 3 37 49 72 88 5 79 83
34 86 34 79 88 5 89 86
70 86 70 82 24 89 86
22 48 22 34 48
13 75 13 60 55 67 82 24 27 44 79 88 5 75
85 89 85 88 5 89
16 81 16 44 79 88 5 6 31 43 52 77 75 80 81
56 79 56 64 53 88 5 79
51 52 51 59 24 27 52
2 81 2 9 71 82 24 27 79 88 5 75 80 81
64 47 64 53 88 5 6 47
3 55 3 30 44 55
14 71 14 59 24 71
22 75 22 34 48 75
60 67 60 55 58 67
56 53 56 64 53
39 78 39 58 50 60 55 67 72 75 88 5 52 71 82 24 27 78
26 81 26 28 64 82 24 27 88 5 6 37 77 75 80 81
1 59 1 37 59
3 16 3 9 71 82 24 27 79 88 5 6 16
19 79 19 82 24 27 44 79
42 79 42 62 72 88 5 75 82 24 27 79
20 86 20 88 5 79 84 89 86
1 79 1 39 58 67 72 75 88 5 64 82 24 27 79
2 77 2 56 64 71 82 24 27 52 77
42 71 42 62 72 88 5 52 71
82 47 82 24 27 44 55 58 77 75 88 5 6 47
35 86 35 59 24 89 86
31 79 31 43 52 77 75 88 5 79
33 29 33 62 72 75 88 5 6 16 29
56 89 56 82 24 89
14 41 14 28 41
4 88 4 82 24 27 44 79 88
9 44 9 20 88 5 64 82 24 27 44
51 81 51 67 72 88 5 75 80 81
8 53 8 62 72 75 82 24 27 88 5 64 53
1 37 1 37
49 89 49 72 75 88 5 52 71 82 24 27 78 84 89
18 34 18 22 34
18 59 18 22 34 59
11 6 11 88 5 6
3 32 3 9 20 32
34 50 34 79 88 5 52 71 82 24 27 44 55 58 50
31 5 31 43 52 77 75 82 24 27 79 88 5
1 73 1 37 59 64 71 82 24 73
20 75 20 39 58 67 72 88 5 75
85 80 85 88 5 52 80
22 55 22 31 43 44 55
42 58 42 51 59 64 53 88 5 52 71 82 24 27 44 55 58
16 47 16 35 39 58 77 75 88 5 6 47
1 67 1 13 60 55 58 67
49 44 49 72 88 5 64 71 82 24 27 44
18 27 18 22 43 44 55 58 67 82 24 27
62 79 62 72 88 5 64 71 82 24 27 79
1 52 1 2 56 64 82 24 27 52
25 71 25 33 49 72 88 5 64 82 24 71
9 80 9 71 82 24 27 79 88 5 52 80
26 32 26 28 41 70 32
85 67 85 88 5 52 77 75 82 24 27 44 55 58 67
1 20 1 2 9 20
26 44 26 42 62 72 75 88 5 52 64 71 82 24 27 44
6 86 6 86
15 48 15 30 48
4 37 4 23 37
14 45 14 25 12 45
43 54 43 54
49 43 49 72 88 5 6 31 43
19 71 19 56 82 24 71
88 48 88 5 6 16 29 48
25 12 25 12
8 5 8 9 20 39 58 50 60 55 67 82 24 27 79 88 5
15 53 15 26 42 51 67 82 24 27 52 64 53
26 53 26 42 62 72 88 5 64 53
8 9 8 9
1 32 1 7 14 28 41 70 32
39 84 39 58 77 75 88 5 6 16 29 48 52 64 82 24 27 44 55 84
11 78 11 59 24 27 78
8 89 8 41 57 67 72 75 88 5 64 82 24 89
23 50 23 37 50
41 67 41 50 60 55 67
37 52 37 52
11 64 11 59 64
57 84 57 78 84
28 50 28 35 39 58 50
58 44 58 67 72 88 5 52 77 75 82 24 27 44
8 6 8 9 71 82 24 27 44 79 88 5 6
28 37 28 37
19 37 19 82 24 27 44 79 88 5 6 37
21 72 21 42 51 59 64 53 88 5 6 71 82 24 27 44 55 58 67 72
39 86 39 58 77 89 86
2 23 2 23
42 44 42 62 72 88 5 6 16 44
1 78 1 78
85 58 85 88 5 52 77 75 82 24 27 44 55 58
21 57 21 26 28 41 57
88 55 88 5 6 16 44 55
70 79 70 82 24 27 44 79
19 86 19 43 44 55 58 67 82 24 27 79 84 89 86
82 79 82 24 27 79
9 71 9 20 88 5 6 37 49 72 75 82 24 71
14 86 14 34 66 77 89 86
42 71 42 51 59 64 71
1 0 1 13 0
1 88 1 13 29 48 75 88
8 82 8 41 57 82
25 52 25 35 59 24 27 52
42 75 42 51 59 64 53 88 5 75
85 71 85 88 5 6 47 75 82 24 27 52 64 71
7 24 7 14 28 37 77 75 88 5 52 64 82 24
23 54 23 37 51 54
33 50 33 67 72 88 5 64 71 82 24 27 44 55 58 50
40 84 40 78 84
37 5 37 72 75 82 24 27 88 5
57 24 57 82 24
26 44 26 42 51 67 72 88 5 52 71 82 24 27 44
56 88 56 64 53 88
13 0 13 0
11 24 11 59 24
41 47 41 57 82 24 27 44 79 88 5 6 47
21 58 21 58
39 89 39 58 67 72 88 5 6 71 82 24 89
39 5 39 58 67 72 75 88 5
27 5 27 79 88 5
4 34 4 30 34
11 81 11 88 5 64 53 80 81
9 5 9 62 72 88 5
19 80 19 62 72 75 80
56 73 56 82 24 73
21 70 21 26 28 41 70
62 79 62 72 88 5 52 71 82 24 27 79
23 61 23 61
11 55 11 88 5 52 71 82 24 27 44 55
28 84 28 37 52 71 82 24 27 44 84
35 79 35 39 58 50 82 24 27 79
25 71 25 79 88 5 72 75 82 24 27 52 71
26 50 26 28 37 50
56 86 56 64 71 82 24 27 44 55 84 89 86
7 81 7 64 53 88 5 72 75 80 81
25 50 25 33 51 67 82 24 27 44 55 58 50
88 53 88 5 6 16 44 55 67 72 75 82 24 27 52 64 53
14 33 14 25 33
18 71 18 22 34 59 24 27 52 64 71
64 55 64 82 24 27 44 55
82 81 82 24 27 52 77 75 80 81
28 70 28 41 70
4 6 4 23 66 77 75 82 24 27 88 5 6
59 53 59 64 53
26 73 26 42 51 59 24 73
60 84 60 55 67 72 75 88 5 52 64 53 84
14 70 14 28 41 70
14 72 14 25 33 49 72
77 71 77 75 82 24 71
22 44 22 43 44
62 73 62 72 75 82 24 73
82 47 82 24 27 88 5 6 47
62 27 62 72 88 5 52 71 82 24 27
39 86 39 58 50 60 55 84 89 86
51 71 51 67 82 24 71
59 5 59 64 71 82 24 27 88 5
59 73 59 64 71 82 24 73
51 73 51 59 24 73
34 48 34 48
15 48 15 22 34 48
43 71 43 52 71
38 89 38 89
62 77 62 72 88 5 6 37 59 24 27 52 77
18 75 18 22 31 43 52 64 71 82 24 27 79 88 5 75
34 55 34 79 88 5 75 82 24 27 44 55
39 60 39 58 50 60
33 44 33 49 72 75 88 5 6 71 82 24 27 44
82 5 82 24 27 79 88 5
35 84 35 59 64 53 84
21 78 21 42 62 72 88 5 52 71 82 24 27 78
15 71 15 26 28 35 39 58 67 82 24 71
22 43 22 31 43
14 27 14 59 64 71 82 24 27
77 55 77 75 82 24 27 79 88 5 6 16 44 55
35 89 35 59 89
8 81 8 9 50 60 55 67 72 88 5 75 80 81
2 55 2 23 37 72 88 5 52 71 82 24 27 44 55
14 72 14 25 35 39 58 50 60 55 67 72
8 81 8 62 72 88 5 64 53 80 81
15 43 15 22 43
11 37 11 88 5 6 37
1 70 1 7 14 28 41 70
56 50 56 64 82 24 27 44 55 58 50
64 80 64 53 88 5 75 80
1 59 1 7 14 42 51 59
59 50 59 64 71 82 24 27 44 55 58 50
4 77 4 30 34 48 52 77
70 80 70 82 24 27 79 88 5 52 64 53 80
8 60 8 62 72 75 82 24 27 44 55 58 50 60
30 73 30 48 75 82 24 73
13 67 13 20 39 58 50 60 55 67
28 55 28 37 50 60 55
28 53 28 35 59 64 53
1 0 1 13 0
8 29 8 28 37 59 24 27 88 5 6 16 29
2 66 2 23 66
70 67 70 82 24 27 44 55 58 67
21 71 21 26 42 51 67 72 88 5 64 71
3 44 3 37 48 52 71 82 24 27 44
3 60 3 9 50 60
19 64 19 56 64
41 71 41 49 72 88 5 75 82 24 71
88 44 88 5 6 31 56 64 71 82 24 27 44
18 32 18 20 32
42 50 42 51 59 24 27 44 55 58 50
39 81 39 58 77 75 88 5 52 80 81
31 60 31 43 52 77 75 88 5 6 16 35 39 58 50 60
64 52 64 82 24 27 88 5 52
7 67 7 14 25 33 51 67
35 59 35 59
43 44 43 44
2 58 2 9 71 82 24 27 44 55 58
3 24 3 30 48 52 71 82 24
22 81 22 43 52 71 82 24 27 88 5 6 77 75 80 81
1 66 1 13 0 10 30 34 66
34 24 34 59 24
37 52 37 51 59 64 53 88 5 52
27 75 27 44 55 67 72 75
85 37 85 88 5 6 37
34 66 34 66
27 24 27 44 55 67 72 75 88 5 64 71 82 24
8 66 8 28 41 66
30 47 30 44 79 88 5 6 47
19 59 19 43 52 64 82 24 27 88 5 6 16 35 59
1 86 1 89 86
8 59 8 28 35 59
6 24 6 88 5 64 82 24
18 20 18 20
1 75 1 2 9 20 55 67 72 75
26 32 26 28 41 70 32
8 64 8 9 71 82 24 27 79 88 5 52 64
14 64 14 42 62 72 75 88 5 64
8 63 8 28 41 57 63
8 72 8 62 72
40 89 40 78 84 89
13 67 13 29 48 75 82 24 27 79 88 5 6 16 35 39 58 67
58 86 58 77 75 88 5 64 53 84 89 86
23 79 23 37 77 75 82 24 27 88 5 79
28 86 28 64 53 84 89 86
26 44 26 88 5 6 71 82 24 27 44
21 64 21 58 50 60 55 67 72 75 82 24 27 79 88 5 6 37 59 64
28 89 28 35 59 89
31 37 31 56 64 53 88 5 6 37
2 59 2 56 64 71 82 24 27 88 5 6 16 35 59
22 59 22 43 52 71 82 24 27 79 88 5 6 16 35 59
19 89 19 62 72 75 82 24 89
6 80 6 47 80
1 63 1 13 26 28 41 63
39 27 39 58 50 82 24 27
4 55 4 23 37 50 60 55
19 27 19 82 24 27
18 37 18 20 88 5 6 37
59 44 59 24 27 44
28 47 28 37 77 75 88 5 6 47
51 80 51 80
21 82 21 26 45 77 75 82
3 82 3 82
59 55 59 24 27 44 55
35 72 35 39 58 77 75 88 5 72
2 83 2 9 71 82 24 83
43 73 43 44 79 88 5 75 82 24 73
19 44 19 43 44
14 89 14 59 24 27 79 84 89
15 44 15 30 44
57 71 57 82 24 71
26 86 26 42 62 72 86
88 86 88 5 89 86
57 47 57 82 24 27 44 79 88 5 6 47
85 67 85 88 5 75 82 24 27 44 55 58 67
1 52 1 37 52
2 80 2 33 62 72 75 80
8 52 8 62 72 88 5 52
28 52 28 37 72 88 5 6 77 75 82 24 27 52
35 71 35 39 58 77 75 82 24 71
20 79 20 88 5 52 64 82 24 27 44 79
37 54 37 51 54
37 80 37 51 80
15 30 15 30
1 88 1 7 43 52 77 75 88
35 83 35 59 64 71 82 24 83
31 60 31 43 52 64 71 82 24 27 44 55 58 50 60
35 58 35 39 58
56 24 56 82 24
30 73 30 29 48 52 64 53 88 5 75 82 24 73
33 24 33 62 72 88 5 6 31 43 44 55 67 82 24
28 75 28 41 66 77 75
8 88 8 62 72 88
19 71 19 43 52 64 82 24 71
8 77 8 28 77
43 53 43 52 71 82 24 27 88 5 64 53
33 47 33 49 72 75 82 24 27 44 79 88 5 6 47
2 73 2 82 24 73
42 64 42 51 67 82 24 27 44 79 88 5 64
13 44 13 28 77 75 82 24 27 44
62 82 62 72 88 5 52 64 82
14 64 14 34 59 64
49 52 49 72 75 82 24 27 52
11 72 11 88 5 72
13 66 13 0 10 30 34 66
3 43 3 64 71 82 24 27 88 5 6 31 43
41 67 41 50 60 55 67
62 52 62 72 75 82 24 27 52
28 52 28 35 39 58 77 75 88 5 64 71 82 24 27 52
31 64 31 43 52 71 82 24 27 79 88 5 64
20 84 20 55 58 77 75 88 5 64 82 24 27 44 79 84
56 44 56 64 71 82 24 27 52 77 75 88 5 6 16 44
41 71 41 70 82 24 71
56 71 56 64 71
70 55 70 82 24 27 44 55
49 82 49 72 75 82
31 16 31 43 52 71 82 24 27 79 88 5 6 16
82 79 82 24 27 52 77 75 88 5 79
14 12 14 25 12
56 5 56 64 53 88 5
8 83 8 62 72 88 5 64 82 24 27 79 83
25 84 25 79 84
14 61 14 25 33 61
85 55 85 88 5 64 82 24 27 44 55
9 75 9 71 82 24 27 88 5 75
37 50 37 50
21 24 21 58 67 72 75 82 24
77 44 77 75 82 24 27 44
22 71 22 31 56 82 24 71
1 55 1 39 58 50 60 55
27 86 27 44 79 84 89 86
15 55 15 30 44 55
21 86 21 42 62 72 75 82 24 89 86
9 86 9 62 72 88 5 89 86
13 66 13 26 28 41 66
8 37 8 62 72 88 5 6 37
1 23 1 2 23
4 51 4 23 37 51
42 80 42 62 72 75 80
14 27 14 28 82 24 27
31 16 31 56 82 24 27 88 5 6 16
35 51 35 59 64 53 88 5 6 37 51
31 47 31 43 52 71 82 24 27 88 5 6 47
35 47 35 59 64 82 24 27 79 88 5 6 47
21 86 21 26 88 5 6 31 43 44 79 84 89 86
31 80 31 56 82 24 27 79 88 5 72 75 80
60 81 60 55 67 82 24 27 88 5 64 53 80 81
20 53 20 56 64 53
37 79 37 77 75 82 24 27 79
18 72 18 59 64 71 82 24 27 52 77 75 88 5 72
3 53 3 64 53
4 67 4 82 24 27 44 55 67
15 71 15 22 34 59 64 82 24 27 52 71
64 79 64 71 82 24 27 44 79
21 89 21 26 42 62 72 88 5 6 71 82 24 89
13 17 13 0 10 17
14 37 14 34 66 77 75 82 24 27 79 88 5 6 37
15 86 15 30 44 79 84 89 86
2 81 2 23 66 77 75 80 81
11 44 11 59 24 27 44
18 34 18 22 34
31 24 31 56 64 82 24
64 73 64 71 82 24 73
21 79 21 58 50 60 55 67 72 75 88 5 52 71 82 24 27 79
22 34 22 34
85 64 85 88 5 64
11 64 11 88 5 64
7 12 7 14 25 12
78 86 78 84 89 86
28 67 28 35 39 58 50 60 55 67
8 55 8 9 71 82 24 27 44 55
57 67 57 67
33 5 33 67 72 88 5
31 29 31 43 52 71 82 24 27 88 5 6 16 29
23 81 23 66 77 75 80 81
13 44 13 29 48 52 64 71 82 24 27 44
41 81 41 70 81
14 33 14 25 33
62 81 62 72 75 80 81
60 75 60 55 58 77 75
39 80 39 58 67 72 88 5 52 80
34 48 34 48
13 52 13 29 48 52
21 81 21 42 51 80 81
49 80 49 72 75 88 5 64 53 80
1 30 1 13 0 10 30
25 24 25 85 88 5 72 75 82 24
33 71 33 62 72 88 5 64 71
13 10 13 0 10
34 5 34 48 88 5
14 45 14 25 12 45
31 44 31 43 44
1 29 1 13 29
21 75 21 58 77 75
28 75 28 77 75
15 81 15 26 42 51 80 81
13 10 13 0 10
22 43 22 43
7 53 7 64 53
57 75 57 82 24 27 79 88 5 6 16 44 55 67 72 75
85 72 85 88 5 6 71 82 24 27 44 55 58 67 72
2 78 2 33 78
14 45 14 25 12 45
1 52 1 49 72 88 5 52
13 0 13 0
39 80 39 58 67 82 24 27 88 5 64 53 80
9 75 9 71 82 24 27 79 88 5 6 37 49 72 75
22 75 22 31 43 52 64 82 24 27 44 55 67 72 75
57 71 57 72 88 5 64 71
77 47 77 75 88 5 6 47
2 6 2 23 37 77 75 82 24 27 79 88 5 6
8 71 8 9 62 72 88 5 64 82 24 71
15 58 15 22 34 79 88 5 52 71 82 24 27 44 55 58
25 29 25 33 67 72 88 5 6 16 29
57 67 57 67
13 81 13 20 56 64 71 82 24 27 88 5 72 75 80 81
26 83 26 28 37 72 75 88 5 64 53 80 81 83
85 73 85 88 5 6 47 75 82 24 73
82 67 82 24 27 44 55 67
11 52 11 88 5 72 75 82 24 27 52
7 48 7 43 44 79 88 5 6 16 29 48
49 75 49 72 75
33 81 33 67 82 24 27 52 80 81
3 66 3 30 34 66
23 44 23 49 72 88 5 75 82 24 27 44
13 0 13 0
20 73 20 73
33 80 33 51 80
15 48 15 30 29 48
28 75 28 41 57 82 24 27 52 64 53 88 5 6 77 75
1 33 1 13 0 10 17 33
31 5 31 43 52 64 53 88 5
28 66 28 41 66
82 73 82 24 73
22 72 22 43 44 55 58 67 72
3 88 3 64 53 88
58 73 58 50 82 24 73
21 89 21 42 51 59 24 27 52 77 89
19 88 19 62 72 88
39 6 39 58 50 82 24 27 52 77 75 88 5 6
8 32 8 28 41 70 32
14 86 14 42 62 72 86
41 67 41 50 60 55 58 67
85 77 85 88 5 6 71 82 24 27 52 77
13 5 13 26 28 35 39 58 67 72 75 88 5
3 9 3 9
56 83 56 82 24 27 88 5 72 75 80 81 83
21 81 21 42 62 72 75 80 81
8 59 8 28 37 59
51 80 51 59 64 71 82 24 27 79 88 5 75 80
1 34 1 7 14 34
13 45 13 0 45
58 55 58 50 60 55
11 55 11 59 64 71 82 24 27 44 55
27 24 27 88 5 64 71 82 24
23 47 23 66 77 75 88 5 6 47
7 75 7 43 52 64 53 88 5 75
77 24 77 75 82 24
41 53 41 57 82 24 27 44 55 67 72 88 5 64 53
56 84 56 64 71 82 24 27 44 84
2 86 2 56 64 86
9 24 9 20 88 5 64 82 24
1 70 1 13 26 28 41 70
1 80 1 37 52 64 53 80
51 75 51 59 64 53 88 5 75
56 84 56 64 53 84
7 66 7 14 28 41 66
30 55 30 44 55
19 84 19 62 72 88 5 6 16 35 59 64 82 24 27 78 84
15 44 15 22 43 44
19 67 19 56 64 82 24 27 44 55 67
39 77 39 58 50 82 24 27 52 77
28 37 28 37
25 45 25 12 45
62 73 62 72 88 5 52 77 75 82 24 73
6 29 6 16 29
31 52 31 43 52
34 75 34 66 77 75
18 44 18 22 43 44
56 54 56 82 24 27 79 88 5 6 31 43 54
22 51 22 31 56 64 71 82 24 27 52 77 75 88 5 6 37 51
56 59 56 64 82 24 27 52 77 75 88 5 6 37 51 59
27 53 27 52 64 53
11 86 11 59 24 27 52 77 89 86
56 73 56 64 71 82 24 73
62 79 62 72 88 5 52 71 82 24 27 79
31 64 31 56 64
2 66 2 23 66
82 71 82 24 71
82 67 82 24 27 44 55 58 67
7 80 7 64 71 82 24 27 52 80
28 32 28 41 70 32
28 51 28 37 51
28 37 28 37
8 72 8 62 72
31 77 31 56 64 71 82 24 27 79 88 5 52 77
88 83 88 5 6 71 82 24 83
8 6 8 28 35 39 58 67 72 75 88 5 6
8 44 8 41 57 72 88 5 52 77 75 82 24 27 44
39 55 39 58 50 60 55
11 6 11 59 24 27 79 88 5 6
22 77 22 31 43 52 77
22 81 22 34 48 88 5 52 80 81
18 16 18 22 34 59 64 82 24 27 52 77 75 88 5 6 16
62 55 62 72 88 5 64 71 82 24 27 44 55
9 67 9 50 60 55 67
4 79 4 49 72 75 88 5 64 71 82 24 27 79
85 83 85 88 5 6 71 82 24 83
27 52 27 52
28 66 28 41 66
19 58 19 82 24 27 44 55 58
85 67 85 88 5 6 16 29 48 52 71 82 24 27 44 55 67
59 83 59 64 82 24 83
23 29 23 66 77 75 88 5 6 16 29
70 80 70 82 24 27 88 5 72 75 80
62 29 62 72 75 82 24 27 79 88 5 6 16 29
33 75 33 49 72 75
49 78 49 72 88 5 64 71 82 24 27 78
26 50 26 45 64 71 82 24 27 44 55 58 50
13 71 13 60 55 67 72 88 5 6 31 56 82 24 71
35 16 35 59 64 53 88 5 6 16
1 33 1 2 33
42 55 42 62 72 88 5 75 82 24 27 44 55
11 73 11 88 5 6 71 82 24 27 44 55 67 73
20 24 20 39 58 67 82 24
42 37 42 51 59 64 53 88 5 6 37
4 60 4 70 82 24 27 44 55 58 50 60
19 27 19 62 72 88 5 75 82 24 27
25 79 25 12 50 82 24 27 88 5 79
60 81 60 55 58 67 72 75 88 5 6 31 43 54 81
23 66 23 66
28 78 28 35 39 58 67 82 24 27 78
23 81 23 37 51 80 81
1 78 1 2 78
14 29 14 42 62 72 88 5 6 16 29
7 53 7 62 72 88 5 64 53
2 50 2 56 64 71 82 24 27 44 55 58 50
25 45 25 12 45
4 55 4 70 82 24 27 44 55
15 41 15 26 28 41
59 84 59 64 53 88 5 75 82 24 27 44 79 84
1 84 1 39 58 50 82 24 27 78 84
42 73 42 51 67 73
26 45 26 45
2 50 2 9 50
6 52 6 31 56 64 82 24 27 52
4 64 4 49 72 75 88 5 52 64
1 77 1 39 58 77
7 79 7 62 72 75 82 24 27 88 5 79
3 5 3 37 51 59 64 71 82 24 27 79 88 5
58 83 58 50 60 55 67 72 88 5 64 82 24 83
78 86 78 84 89 86
85 86 85 88 5 89 86
56 88 56 64 71 82 24 27 79 88
31 75 31 43 52 77 75
42 89 42 62 72 75 88 5 64 71 82 24 27 52 77 89
28 81 28 64 53 80 81
42 51 42 51
8 70 8 41 70
26 48 26 42 51 59 24 27 52 77 75 88 5 6 37 48
18 59 18 59
11 6 11 88 5 6
8 32 8 28 41 70 32
85 6 85 88 5 6
39 60 39 58 50 60
88 83 88 5 72 75 82 24 27 79 83
14 70 14 28 41 70
14 55 14 59 24 27 44 55
39 16 39 58 77 75 82 24 27 52 64 53 88 5 6 16
2 16 2 56 82 24 27 79 88 5 6 16
2 59 2 33 51 59
8 59 8 62 72 75 88 5 6 16 35 59
25 12 25 12
33 55 33 67 82 24 27 44 55
85 52 85 88 5 52
25 52 25 12 75 82 24 27 44 55 67 72 88 5 52
11 89 11 59 64 53 84 89
39 80 39 58 77 75 80
7 83 7 14 34 48 52 77 75 82 24 27 88 5 79 83
11 52 11 88 5 52
4 34 4 30 34
77 24 77 75 82 24
21 86 21 58 50 82 24 89 86
56 86 56 82 24 89 86
62 82 62 72 75 82
4 64 4 49 72 88 5 6 37 59 64
59 44 59 64 53 88 5 52 77 75 82 24 27 44
33 53 33 49 72 88 5 64 53
2 37 2 23 37
19 50 19 43 52 71 82 24 27 44 55 58 50
64 71 64 71
23 67 23 49 72 75 88 5 6 16 35 39 58 50 60 55 67
60 67 60 55 58 67
1 79 1 37 72 88 5 75 82 24 27 44 79
14 66 14 34 66
72 67 72 75 88 5 6 37 50 60 55 67
39 6 39 58 67 82 24 27 44 79 88 5 6
14 37 14 28 37
15 48 15 30 29 48
6 52 6 47 75 88 5 52
11 84 11 88 5 52 77 75 82 24 27 78 84
35 5 35 39 58 50 82 24 27 79 88 5
19 55 19 82 24 27 88 5 6 37 50 60 55
1 24 1 39 58 67 82 24
9 55 9 71 82 24 27 44 55
37 71 37 59 24 27 52 71
59 48 59 64 82 24 27 88 5 6 16 29 48
34 48 34 59 64 82 24 27 79 88 5 6 16 29 48
2 32 2 23 32
31 73 31 43 52 71 82 24 73
34 86 34 66 77 75 88 5 64 82 24 89 86
15 26 15 26
7 44 7 43 44
1 23 1 2 23
3 9 3 9
8 70 8 41 70
57 44 57 82 24 27 44
13 53 13 29 48 88 5 64 53
39 84 39 58 50 60 55 84
8 86 8 41 57 82 24 27 52 77 75 88 5 72 86
77 48 77 75 88 5 6 16 29 48
39 72 39 58 50 60 55 67 72
16 81 16 35 59 64 53 88 5 75 80 81
7 50 7 43 52 64 82 24 27 79 88 5 6 16 35 39 58 50
3 51 3 9 62 72 88 5 6 37 51
15 50 15 30 29 48 88 5 6 16 35 39 58 50
13 75 13 29 48 52 77 75
42 75 42 51 67 72 75
18 44 18 22 43 44
77 71 77 75 82 24 71
35 78 35 39 58 50 60 55 67 72 75 82 24 27 78
21 80 21 42 62 72 75 80
31 5 31 43 44 55 58 77 75 88 5
3 34 3 30 34
6 79 6 88 5 64 82 24 27 79
62 50 62 72 88 5 52 64 71 82 24 27 44 55 58 50
20 44 20 39 58 50 82 24 27 44
2 51 2 33 51
1 72 1 2 9 62 72
3 51 3 37 51
49 78 49 72 75 82 24 27 78
14 57 14 28 41 57
3 88 3 37 49 72 75 88
26 86 26 88 5 72 75 82 24 89 86
15 27 15 22 43 44 79 88 5 72 75 82 24 27
1 20 1 13 20
62 79 62 72 88 5 79
43 86 43 52 71 82 24 27 44 55 84 89 86
57 53 57 72 75 88 5 52 64 53
1 43 1 7 43
1 73 1 39 58 50 60 55 67 73
41 79 41 66 77 75 88 5 52 64 82 24 27 79
58 67 58 67
35 75 35 59 24 27 52 77 75
22 60 22 34 48 52 77 75 88 5 6 31 56 64 71 82 24 27 44 55 58 50 60
23 53 23 66 77 75 82 24 27 79 88 5 64 53
85 47 85 88 5 6 47
33 54 33 51 54
1 51 1 37 51
13 71 13 29 48 75 88 5 64 71
42 59 42 51 59
31 60 31 43 44 55 67 72 75 82 24 27 79 88 5 6 16 35 39 58 50 60
88 5 88 5
60 24 60 55 58 67 72 88 5 6 37 50 82 24
85 86 85 88 5 6 71 82 24 27 52 64 53 84 89 86
56 86 56 64 82 24 89 86
4 58 4 82 24 27 44 55 58
62 75 62 72 75
31 72 31 43 52 71 82 24 27 44 79 88 5 72
1 25 1 7 14 25
18 64 18 59 64
15 88 15 26 28 37 49 72 75 88
56 78 56 82 24 27 78
27 84 27 78 84
42 24 42 62 72 75 82 24
3 86 3 9 62 72 75 88 5 89 86
3 16 3 9 71 82 24 27 52 64 53 88 5 6 16
59 29 59 64 53 88 5 6 16 29
14 75 14 34 79 88 5 6 37 50 60 55 58 77 75
59 55 59 24 27 44 55
23 29 23 66 77 75 82 24 27 88 5 6 16 29
59 71 59 64 53 88 5 6 71
39 75 39 58 67 72 75
39 59 39 58 77 75 88 5 6 16 35 59
1 5 1 13 26 88 5
15 81 15 26 42 62 72 75 80 81
22 52 22 34 79 88 5 52
9 44 9 50 82 24 27 44
3 58 3 27 44 55 58
27 44 27 44
13 67 13 0 10 17 20 56 64 71 82 24 27 79 88 5 6 16 44 55 58 67
37 44 37 59 64 71 82 24 27 79 88 5 6 31 43 44
4 77 4 23 66 77
8 54 8 9 20 56 64 71 82 24 27 79 88 5 6 31 43 54
4 23 4 23
13 83 13 60 55 67 72 88 5 64 53 80 81 83
15 66 15 30 34 66
58 24 58 50 60 55 67 72 75 88 5 64 82 24
15 59 15 22 34 59
2 24 2 33 51 67 82 24
4 53 4 23 37 52 64 53
51 80 51 80
1 57 1 7 57
85 83 85 88 5 72 75 80 81 83
85 82 85 88 5 52 64 71 82
22 53 22 43 52 64 53
3 50 3 9 50
88 67 88 5 6 16 44 55 67
18 83 18 59 64 71 82 24 27 79 88 5 72 75 80 81 83
14 71 14 42 51 67 82 24 71
15 81 15 22 34 48 75 80 81
82 47 82 24 27 79 88 5 6 47
62 84 62 72 88 5 79 84
42 75 42 62 72 75
8 57 8 41 57
28 82 28 41 70 82
7 50 7 43 44 55 58 50
3 34 3 30 34
3 6 3 9 62 72 88 5 6
26 45 26 45
72 75 72 75
25 50 25 12 50
1 67 1 39 58 67
14 34 14 34
56 81 56 64 53 88 5 75 80 81
51 55 51 59 64 71 82 24 27 44 55
22 71 22 31 56 64 82 24 71
31 52 31 43 52
31 53 31 56 64 53
37 81 37 50 60 55 58 77 75 82 24 27 79 88 5 64 53 80 81
56 6 56 64 53 88 5 6
15 55 15 30 34 79 88 5 52 77 75 82 24 27 44 55
6 29 6 16 29
1 80 1 49 72 88 5 75 80
6 53 6 31 43 44 79 88 5 75 82 24 27 52 64 53
16 48 16 29 48
8 89 8 28 35 59 64 71 82 24 89
88 79 88 5 6 31 43 44 79
2 59 2 33 51 59
43 84 43 44 55 84
19 67 19 62 72 75 82 24 27 44 55 67
13 80 13 0 10 17 20 39 58 67 82 24 27 79 88 5 52 77 75 80
14 44 14 25 62 72 75 82 24 27 44
42 55 42 51 67 82 24 27 44 55
15 54 15 22 31 43 54
82 75 82 24 27 44 55 58 67 72 75
60 29 60 55 67 72 75 82 24 27 44 79 88 5 6 16 29
60 24 60 55 67 82 24
15 24 15 26 42 51 67 82 24
21 6 21 58 67 72 75 82 24 27 52 64 53 88 5 6
41 86 41 66 78 84 89 86
37 47 37 72 88 5 6 47
14 50 14 28 41 66 77 75 88 5 52 64 71 82 24 27 44 55 58 50
25 50 25 35 39 58 67 82 24 27 88 5 6 37 50
49 43 49 72 75 82 24 27 79 88 5 6 31 43
51 29 51 59 64 82 24 27 52 77 75 88 5 6 16 29
8 16 8 41 49 72 88 5 6 16
21 50 21 58 50
37 67 37 49 72 88 5 52 71 82 24 27 44 55 67
8 53 8 28 35 59 64 53
56 86 56 82 24 27 78 84 89 86
85 50 85 88 5 52 71 82 24 27 44 55 58 50
25 48 25 85 88 5 6 16 29 48
85 44 85 88 5 72 75 82 24 27 44
1 78 1 78
60 83 60 55 67 82 24 83
28 67 28 41 57 67
3 29 3 30 29
13 73 13 0 20 39 58 50 60 55 67 73
49 50 49 72 88 5 52 71 82 24 27 44 55 58 50
30 29 30 29
35 52 35 39 58 77 75 88 5 52
42 72 42 51 67 72
11 75 11 88 5 6 77 75
42 59 42 51 59
3 71 3 64 82 24 27 79 88 5 52 71
15 6 15 30 48 88 5 6
59 67 59 64 82 24 27 44 55 58 67
85 60 85 88 5 6 31 43 44 55 58 50 60
1 71 1 13 28 82 24 71
3 24 3 27 44 79 88 5 72 75 82 24
26 47 26 88 5 6 47
13 50 13 28 35 39 58 50
49 78 49 72 88 5 52 71 82 24 27 78
19 50 19 43 44 55 58 50
33 52 33 49 72 75 88 5 52
7 83 7 43 44 79 88 5 64 71 82 24 83
22 53 22 31 56 82 24 27 52 64 53
1 0 1 13 0
8 73 8 9 50 60 55 67 72 88 5 6 37 59 64 71 82 24 73
2 27 2 9 20 88 5 64 71 82 24 27
1 67 1 7 14 59 24 27 44 55 58 67
57 73 57 72 75 82 24 73
62 88 62 72 88
7 48 7 57 82 24 27 52 77 75 88 5 6 37 48
88 80 88 5 72 75 80
28 88 28 77 75 88
33 80 33 67 72 88 5 64 53 80
31 58 31 56 82 24 27 44 55 58
85 86 85 88 5 72 86
51 71 51 59 64 71
57 84 57 78 84
30 48 30 29 48
15 88 15 30 48 75 88
27 81 27 79 88 5 52 80 81
37 71 37 49 72 75 82 24 27 52 71
39 5 39 58 50 60 55 67 72 88 5
13 32 13 20 32
60 80 60 55 58 67 72 88 5 75 80
85 81 85 88 5 72 75 80 81
1 20 1 2 9 20
14 37 14 59 64 82 24 27 79 88 5 6 37
13 79 13 0 27 44 55 67 72 75 88 5 79
33 81 33 67 72 75 80 81
35 81 35 39 58 67 72 88 5 52 80 81
11 64 11 59 64
21 70 21 26 28 41 70
31 81 31 56 64 71 82 24 27 79 88 5 52 77 75 80 81
8 44 8 62 72 75 88 5 52 71 82 24 27 44
16 75 16 29 48 88 5 75
88 71 88 5 75 82 24 71
1 72 1 39 58 67 72
62 53 62 72 75 82 24 27 52 64 53
49 54 49 72 75 88 5 6 37 51 54
19 48 19 62 72 75 88 5 6 16 29 48
23 75 23 49 72 75
42 50 42 51 59 24 27 44 79 88 5 6 16 35 39 58 50
22 64 22 31 43 44 79 88 5 52 64
23 53 23 66 77 75 88 5 52 64 53
1 80 1 37 48 52 71 82 24 27 79 88 5 6 16 44 55 67 72 75 80
7 80 7 57 67 82 24 27 88 5 75 80
60 48 60 55 67 72 75 88 5 6 37 48
88 47 88 5 6 47
56 81 56 64 53 88 5 72 75 80 81
41 55 41 50 60 55
21 5 21 26 45 77 75 88 5
21 58 21 58
15 58 15 26 28 35 39 58
31 24 31 43 52 77 75 82 24
89 86 89 86
23 80 23 49 72 75 80
30 86 30 48 88 5 6 16 44 55 84 89 86
62 71 62 72 75 88 5 52 71
72 53 72 75 82 24 27 79 88 5 64 53
3 78 3 30 34 66 78
4 86 4 23 66 77 75 88 5 52 71 82 24 27 78 84 89 86
26 80 26 88 5 72 75 80
4 44 4 30 48 88 5 6 77 75 82 24 27 44
33 53 33 49 72 88 5 6 16 35 59 64 53
31 53 31 43 44 79 88 5 64 53
88 44 88 5 52 71 82 24 27 44
8 77 8 28 77
8 63 8 41 57 63
35 52 35 59 64 82 24 27 52
88 24 88 5 75 82 24
85 75 85 88 5 6 77 75
20 5 20 56 64 71 82 24 27 44 79 88 5
7 52 7 43 52
28 47 28 37 48 88 5 6 47
22 34 22 34
56 6 56 64 53 88 5 6
49 77 49 72 88 5 6 77
35 5 35 59 64 71 82 24 27 88 5
26 32 26 28 41 70 32
82 73 82 24 73
51 50 51 59 64 71 82 24 27 88 5 6 16 35 39 58 50
15 83 15 22 31 56 64 53 88 5 79 83
16 48 16 29 48
1 41 1 13 26 28 41
19 50 19 56 64 71 82 24 27 44 55 58 50
15 27 15 22 34 79 88 5 6 16 35 59 64 71 82 24 27
11 59 11 59
37 86 37 59 89 86
1 70 1 7 14 28 41 70
15 30 15 30
33 67 33 51 67
2 53 2 33 49 72 88 5 64 53
39 86 39 58 50 60 55 67 72 88 5 79 84 89 86
14 50 14 34 59 64 53 88 5 72 75 82 24 27 44 55 58 50
14 81 14 59 64 53 80 81
11 75 11 59 64 71 82 24 27 52 77 75
6 75 6 77 75
21 52 21 42 62 72 75 88 5 52
15 52 15 22 34 66 77 75 82 24 27 79 88 5 52
49 47 49 72 88 5 6 47
2 37 2 23 37
20 44 20 56 64 71 82 24 27 44
63 83 63 83
14 81 14 59 64 53 88 5 72 75 80 81
60 75 60 55 58 50 82 24 27 79 88 5 75
56 83 56 82 24 27 88 5 79 83
11 75 11 59 64 53 88 5 6 31 43 52 77 75
35 86 35 59 24 27 78 84 89 86
58 47 58 67 72 88 5 6 47
1 52 1 7 43 52
13 66 13 0 10 30 34 66
21 16 21 42 51 67 72 88 5 6 16
28 77 28 37 77
22 50 22 43 44 55 58 50
26 52 26 45 77 75 88 5 64 71 82 24 27 52
35 27 35 59 64 53 88 5 6 37 50 60 55 58 77 75 82 24 27
88 71 88 5 72 75 82 24 71
62 47 62 72 75 88 5 6 47
49 53 49 72 88 5 64 53
51 53 51 67 72 88 5 64 53
11 84 11 88 5 64 53 84
72 67 72 75 88 5 64 82 24 27 44 55 67
8 6 8 9 20 56 82 24 27 88 5 6
7 71 7 62 72 88 5 52 71
7 66 7 14 25 12 66
49 73 49 72 75 82 24 73
1 59 1 7 14 28 35 59
57 81 57 82 24 27 88 5 72 75 80 81
16 47 16 29 48 52 64 71 82 24 27 44 55 67 72 75 88 5 6 47
31 27 31 43 44 55 67 82 24 27
33 81 33 49 72 75 80 81
3 9 3 9
27 24 27 44 79 88 5 52 77 75 82 24
26 54 26 42 51 54
18 34 18 22 34
3 51 3 9 20 39 58 77 75 88 5 6 37 51
31 51 31 43 52 64 71 82 24 27 79 88 5 6 37 51
34 67 34 79 88 5 64 71 82 24 27 44 55 58 67
49 82 49 72 75 88 5 52 64 71 82
14 88 14 25 12 60 55 58 77 75 82 24 27 88
58 86 58 67 82 24 89 86
8 58 8 41 70 82 24 27 44 55 58
27 83 27 79 88 5 6 77 75 80 81 83
89 86 89 86
21 82 21 26 42 62 72 75 82
39 55 39 58 77 75 88 5 6 31 43 52 71 82 24 27 44 55
22 43 22 31 43
25 24 25 33 67 72 75 82 24
31 67 31 43 44 55 67
20 5 20 88 5
57 5 57 72 88 5
60 81 60 55 67 82 24 27 88 5 64 53 80 81
42 54 42 51 54
57 5 57 72 75 88 5
2 52 2 33 49 72 75 88 5 52
28 86 28 41 70 82 24 27 52 77 75 88 5 89 86
9 32 9 20 32
64 29 64 71 82 24 27 88 5 6 16 29
3 88 3 27 79 88
39 89 39 58 77 75 82 24 27 52 64 53 84 89
26 45 26 45
31 5 31 56 64 53 88 5
26 84 26 28 37 52 64 82 24 27 44 79 84
26 48 26 28 37 48
3 27 3 27
28 82 28 64 71 82
42 52 42 62 72 88 5 52
18 77 18 59 64 71 82 24 27 79 88 5 6 77
18 81 18 22 34 59 64 53 80 81
34 71 34 79 88 5 72 75 82 24 71
49 60 49 72 88 5 75 82 24 27 44 55 58 50 60
25 73 25 82 24 73
35 16 35 59 64 71 82 24 27 88 5 6 16
2 83 2 9 50 82 24 27 44 79 83
19 78 19 43 52 71 82 24 27 78
62 27 62 72 75 88 5 64 71 82 24 27
30 48 30 48
77 50 77 75 88 5 6 16 35 39 58 50
88 79 88 5 64 71 82 24 27 79
14 79 14 42 62 72 88 5 64 82 24 27 79
77 86 77 75 88 5 72 86
21 44 21 58 50 82 24 27 44
70 81 70 82 24 27 52 80 81
19 81 19 62 72 88 5 64 53 80 81
49 24 49 72 75 82 24
9 5 9 50 60 55 67 72 75 82 24 27 79 88 5
37 53 37 52 64 53
27 86 27 88 5 75 82 24 89 86
72 54 72 88 5 6 31 43 54
23 52 23 49 72 88 5 52
27 83 27 52 71 82 24 83
35 48 35 39 58 50 60 55 67 72 88 5 6 37 48
1 70 1 7 14 28 41 70
42 58 42 51 59 64 82 24 27 88 5 6 37 50 60 55 58
4 86 4 23 49 72 88 5 52 64 71 82 24 27 78 84 89 86
37 86 37 72 88 5 64 71 82 24 89 86
2 50 2 9 50
43 73 43 44 79 88 5 52 71 82 24 73
7 12 7 14 25 12
14 57 14 28 41 57
62 81 62 72 88 5 64 82 24 27 52 80 81
42 50 42 62 72 75 88 5 64 71 82 24 27 44 55 58 50
2 60 2 9 50 60
2 66 2 23 66
2 73 2 33 51 67 73
56 82 56 64 53 88 5 6 47 75 82
7 80 7 14 34 79 88 5 75 80
1 29 1 13 29
19 88 19 43 52 71 82 24 27 44 55 67 72 88
19 73 19 62 72 88 5 6 71 82 24 73
2 67 2 33 67
21 82 21 58 50 60 55 67 72 88 5 75 82
56 64 56 64
60 81 60 55 67 82 24 27 79 88 5 72 75 80 81
57 81 57 82 24 27 79 88 5 64 53 80 81
43 24 43 52 64 71 82 24
21 60 21 26 45 50 60
57 53 57 82 24 27 79 88 5 64 53
85 73 85 88 5 72 75 82 24 73
42 50 42 51 59 64 82 24 27 44 55 58 50
19 58 19 43 44 55 58
35 27 35 59 24 27
57 83 57 82 24 27 44 79 83
27 67 27 44 55 67
1 41 1 13 26 28 41
21 51 21 42 51
21 86 21 26 45 64 86
25 29 25 12 29
31 54 31 43 54
59 86 59 64 71 82 24 89 86
31 88 31 43 52 64 71 82 24 27 88
25 24 25 85 88 5 64 82 24
39 47 39 58 50 82 24 27 44 79 88 5 6 47
20 75 20 56 64 53 88 5 52 77 75
18 84 18 20 40 78 84
3 34 3 30 34
88 5 88 5
21 77 21 58 77
21 66 21 26 28 41 66
18 48 18 22 34 48
77 79 77 75 88 5 52 64 71 82 24 27 79
26 84 26 88 5 64 53 84
22 47 22 31 43 44 79 88 5 6 47
14 43 14 59 24 27 88 5 6 31 43
77 55 77 75 88 5 52 71 82 24 27 44 55
2 20 2 9 20
62 73 62 72 75 82 24 73
39 60 39 58 50 60
14 6 14 59 64 53 88 5 6
72 81 72 75 80 81
20 53 20 56 82 24 27 88 5 64 53
34 79 34 79
56 24 56 82 24
23 54 23 37 51 54
18 50 18 20 39 58 50
85 75 85 88 5 52 77 75
16 71 16 35 39 58 50 82 24 27 88 5 52 71
28 84 28 35 59 64 53 88 5 79 84
35 60 35 39 58 50 60
13 48 13 29 48
9 52 9 71 82 24 27 79 88 5 52
30 75 30 44 55 58 77 75
42 55 42 62 72 88 5 64 71 82 24 27 44 55
4 59 4 49 72 88 5 6 16 35 59
20 84 20 55 84
2 80 2 33 49 72 75 80
41 79 41 70 82 24 27 79
30 75 30 48 52 77 75
27 86 27 88 5 89 86
58 75 58 77 75
62 77 62 72 75 82 24 27 88 5 52 77
14 24 14 28 41 66 77 75 88 5 64 82 24
51 53 51 67 82 24 27 88 5 64 53
18 27 18 59 64 53 88 5 52 77 75 82 24 27
4 5 4 23 66 77 75 88 5
31 54 31 43 54
56 37 56 82 24 27 79 88 5 6 37
42 73 42 62 72 75 88 5 64 82 24 73
31 80 31 56 64 53 80
51 75 51 59 24 27 79 88 5 72 75
1 89 1 37 51 59 64 71 82 24 89
22 59 22 34 59
8 89 8 40 78 84 89
8 53 8 9 50 60 55 58 67 72 88 5 64 53
37 84 37 77 75 82 24 27 78 84
33 61 33 61
23 81 23 49 72 75 80 81
35 55 35 59 24 27 44 55
9 79 9 71 82 24 27 79
2 9 2 9
35 80 35 39 58 67 72 75 88 5 6 16 29 48 52 80
42 37 42 62 72 88 5 6 37
3 67 3 64 82 24 27 44 55 67
20 83 20 55 58 77 75 82 24 83
15 37 15 26 28 37
14 48 14 34 48
25 79 25 85 88 5 75 82 24 27 79
39 47 39 58 67 72 75 88 5 6 47
1 84 1 39 58 67 72 75 82 24 27 78 84
21 89 21 42 62 72 88 5 75 82 24 89
14 79 14 42 51 67 82 24 27 79
49 27 49 72 88 5 75 82 24 27
70 32 70 32
27 52 27 79 88 5 52
56 88 56 82 24 27 52 77 75 88
42 52 42 62 72 88 5 52
23 44 23 49 72 88 5 64 71 82 24 27 44
14 32 14 28 41 70 32
39 27 39 58 67 72 75 82 24 27
49 64 49 72 88 5 64
85 5 85 88 5
21 77 21 58 77
62 77 62 72 88 5 64 82 24 27 52 77
11 52 11 59 64 82 24 27 79 88 5 52
57 84 57 78 84
72 24 72 75 88 5 6 37 51 67 82 24
31 47 31 43 44 55 67 82 24 27 52 77 75 88 5 6 47
3 86 3 9 50 60 55 84 89 86
16 79 16 35 59 64 71 82 24 27 88 5 79
28 52 28 82 24 27 79 88 5 52
11 44 11 59 64 71 82 24 27 44
30 79 30 48 52 64 82 24 27 79
15 47 15 26 28 64 53 88 5 6 47
25 29 25 12 29
21 51 21 42 51
18 24 18 22 34 79 88 5 72 75 82 24
14 53 14 34 66 77 75 88 5 64 53
23 73 23 37 72 75 88 5 52 71 82 24 73
7 80 7 64 82 24 27 52 80
30 50 30 34 59 64 53 88 5 52 77 75 82 24 27 44 55 58 50
28 79 28 41 57 67 82 24 27 79
33 81 33 51 54 81
22 88 22 34 48 88
30 71 30 48 52 71
62 88 62 72 75 88
21 60 21 58 50 60
3 72 3 82 24 27 79 88 5 72
26 29 26 45 50 82 24 27 52 77 75 88 5 6 16 29
15 64 15 22 43 52 71 82 24 27 44 79 88 5 6 31 56 64
4 88 4 23 49 72 88
31 86 31 56 82 24 89 86
30 47 30 48 52 71 82 24 27 44 79 88 5 6 47
4 53 4 23 49 72 75 88 5 64 53
3 73 3 37 72 75 82 24 73
62 24 62 72 75 82 24
56 59 56 64 82 24 27 52 77 75 88 5 6 37 51 59
9 81 9 20 88 5 64 53 80 81
21 55 21 26 45 50 60 55
1 43 1 7 43
39 52 39 58 77 75 88 5 64 71 82 24 27 52
3 16 3 64 82 24 27 44 55 67 72 88 5 6 16
28 48 28 37 48
85 60 85 88 5 52 64 71 82 24 27 44 55 58 50 60
14 88 14 25 33 67 72 88
15 78 15 22 34 66 78
15 27 15 22 34 79 88 5 52 77 75 82 24 27
88 86 88 5 64 53 84 89 86
1 83 1 39 58 50 82 24 27 88 5 72 75 80 81 83
9 24 9 71 82 24
39 77 39 58 77
2 73 2 33 51 59 24 73
30 83 30 44 79 88 5 6 37 59 24 83
18 54 18 59 64 82 24 27 44 79 88 5 6 37 51 54
70 75 70 82 24 27 79 88 5 6 47 75
18 75 18 22 34 59 24 27 52 77 75
15 67 15 22 31 43 44 55 67
3 84 3 27 78 84
85 81 85 88 5 64 53 80 81
34 71 34 59 24 71
26 52 26 88 5 52
28 50 28 37 50
42 84 42 51 59 64 53 84
19 59 19 82 24 27 52 77 75 88 5 6 16 35 59
22 73 22 31 56 82 24 73
22 66 22 34 66
56 54 56 64 71 82 24 27 44 55 58 67 72 88 5 6 31 43 54
21 44 21 26 28 77 75 88 5 52 71 82 24 27 44
60 52 60 55 67 72 75 82 24 27 79 88 5 6 31 43 52
2 52 2 33 67 82 24 27 52
22 58 22 43 52 64 53 88 5 75 82 24 27 44 55 58
1 34 1 13 0 10 30 34
70 83 70 82 24 27 44 79 88 5 75 80 81 83
18 55 18 20 55
18 80 18 22 34 66 77 75 80
18 24 18 20 56 64 53 88 5 72 75 82 24
3 9 3 9
43 50 43 44 55 58 50
8 80 8 41 49 72 88 5 64 53 80
11 55 11 88 5 72 75 82 24 27 44 55
30 73 30 34 66 77 75 88 5 52 64 71 82 24 27 44 55 67 73
15 88 15 22 34 79 88
14 66 14 34 66
22 67 22 43 44 55 67
56 44 56 64 71 82 24 27 44
49 71 49 72 75 82 24 27 88 5 52 71
19 5 19 62 72 75 82 24 27 79 88 5
49 81 49 72 88 5 6 71 82 24 27 52 80 81
21 5 21 42 51 67 72 88 5
1 9 1 2 9
13 86 13 28 77 89 86
9 24 9 71 82 24
31 6 31 43 44 55 67 72 88 5 6
6 73 6 88 5 75 82 24 27 44 55 58 67 73
18 89 18 22 34 48 88 5 64 71 82 24 27 78 84 89
72 71 72 88 5 6 16 29 48 52 64 71
62 71 62 72 88 5 64 71
8 88 8 62 72 88
35 47 35 39 58 77 75 82 24 27 88 5 6 47
70 44 70 82 24 27 44
39 77 39 58 67 82 24 27 52 77
15 30 15 30
28 53 28 41 70 82 24 27 79 88 5 64 53
39 78 39 58 50 60 55 67 82 24 27 78
28 27 28 64 82 24 27
41 80 41 66 77 75 80
14 12 14 25 12
14 54 14 28 64 71 82 24 27 88 5 6 31 43 54
4 55 4 30 44 55
88 79 88 5 79
58 55 58 50 60 55
22 75 22 34 66 77 75
1 45 1 13 26 45
30 75 30 29 48 75
18 77 18 22 34 66 77
57 81 57 82 24 27 52 77 75 80 81
28 41 28 41
56 27 56 82 24 27
37 83 37 59 24 27 79 83
26 81 26 88 5 52 71 82 24 27 44 55 58 67 72 75 80 81
28 63 28 41 57 63
57 48 57 72 88 5 6 16 29 48
77 83 77 75 82 24 27 44 79 83
23 66 23 66
16 48 16 29 48
11 52 11 88 5 6 71 82 24 27 52
7 81 7 43 54 81
2 84 2 78 84
42 5 42 62 72 88 5
18 75 18 22 34 59 64 71 82 24 27 44 79 88 5 52 77 75
72 55 72 75 88 5 52 71 82 24 27 44 55
18 58 18 59 64 53 88 5 52 71 82 24 27 44 55 58
11 44 11 59 24 27 44
88 73 88 5 75 82 24 73
27 83 27 88 5 79 83
8 59 8 28 35 59
51 47 51 59 64 53 88 5 6 47
43 55 43 44 55
4 48 4 30 48
8 32 8 9 20 32
3 5 3 27 88 5
3 50 3 9 50
11 58 11 59 64 53 88 5 6 47 75 82 24 27 44 55 58
4 79 4 30 29 48 75 88 5 52 64 82 24 27 79
1 50 1 39 58 50
11 47 11 59 64 71 82 24 27 88 5 6 47
56 89 56 64 82 24 27 44 79 84 89
62 83 62 72 75 88 5 52 80 81 83
4 32 4 70 32
27 47 27 88 5 6 47
8 32 8 28 41 70 32
39 86 39 58 67 72 75 88 5 79 84 89 86
19 83 19 43 44 79 83
62 24 62 72 75 82 24
27 50 27 44 55 58 50
37 73 37 49 72 88 5 52 64 71 82 24 73
15 55 15 22 34 79 88 5 75 82 24 27 44 55
4 48 4 30 29 48
4 47 4 23 49 72 75 88 5 6 47
85 54 85 88 5 6 31 43 54
28 37 28 64 71 82 24 27 44 79 88 5 6 37
19 86 19 43 44 79 88 5 64 86
33 73 33 62 72 75 82 24 73
51 44 51 67 72 88 5 52 77 75 82 24 27 44
8 72 8 28 77 75 82 24 27 44 79 88 5 72
1 55 1 49 72 88 5 6 31 43 44 55
20 50 20 39 58 50
49 24 49 72 88 5 6 77 75 82 24
51 80 51 59 64 53 80
56 43 56 82 24 27 52 77 75 88 5 6 31 43
77 71 77 75 88 5 64 71
88 73 88 5 64 82 24 73
42 84 42 62 72 75 82 24 27 44 79 84
15 89 15 22 43 52 71 82 24 27 44 79 84 89
21 54 21 42 51 54
26 32 26 28 41 70 32
43 55 43 44 55
34 73 34 59 64 71 82 24 73
16 79 16 44 79
21 67 21 58 77 75 88 5 52 64 71 82 24 27 44 55 67
62 55 62 72 75 88 5 64 71 82 24 27 44 55
19 82 19 43 52 77 75 82
31 58 31 43 44 55 58
14 33 14 25 33
1 82 1 37 48 52 77 75 88 5 64 71 82
31 59 31 43 52 64 71 82 24 27 88 5 6 37 59
9 53 9 71 82 24 27 52 64 53
2 52 2 33 62 72 75 82 24 27 88 5 52
22 82 22 31 56 64 71 82
34 55 34 59 24 27 44 55
23 80 23 66 77 75 80
20 81 20 39 58 67 82 24 27 52 77 75 80 81
30 73 30 48 52 64 71 82 24 73
19 88 19 43 44 79 88
6 80 6 16 35 59 64 71 82 24 27 79 88 5 75 80
14 78 14 42 62 72 88 5 52 71 82 24 27 78
14 63 14 25 63
11 72 11 88 5 72
31 52 31 56 64 71 82 24 27 52
19 24 19 56 82 24
60 48 60 55 58 77 75 88 5 6 16 29 48
15 75 15 22 31 43 52 71 82 24 27 88 5 6 37 48 75
16 48 16 29 48
35 67 35 59 24 27 79 88 5 6 16 44 55 58 67
49 55 49 72 88 5 6 77 75 82 24 27 44 55
7 24 7 62 72 88 5 75 82 24
26 45 26 45
49 89 49 72 88 5 89
85 89 85 88 5 89
56 6 56 64 71 82 24 27 79 88 5 6
1 75 1 37 72 75
23 80 23 49 72 75 80
4 53 4 82 24 27 44 79 88 5 64 53
49 73 49 72 88 5 6 77 75 82 24 73
19 80 19 56 64 71 82 24 27 79 88 5 52 77 75 80
40 84 40 78 84
19 52 19 43 52
28 6 28 37 51 67 72 88 5 6
62 24 62 72 88 5 6 31 56 64 71 82 24
64 67 64 82 24 27 44 55 67
21 24 21 58 67 82 24
4 72 4 49 72
38 86 38 89 86
34 84 34 66 77 75 88 5 52 71 82 24 27 79 84
2 47 2 9 62 72 75 82 24 27 44 79 88 5 6 47
57 79 57 72 88 5 75 82 24 27 79
70 81 70 81
39 53 39 58 50 60 55 67 82 24 27 88 5 64 53
7 67 7 62 72 88 5 75 82 24 27 44 55 67
82 80 82 24 27 79 88 5 64 53 80
16 5 16 44 55 58 77 75 82 24 27 79 88 5
28 53 28 37 59 64 53
70 71 70 82 24 27 44 79 88 5 6 71
22 72 22 34 79 88 5 64 71 82 24 27 44 55 67 72
58 50 58 50
41 79 41 70 82 24 27 44 55 67 72 88 5 79
56 89 56 64 82 24 89
4 43 4 70 82 24 27 44 79 88 5 6 31 43
56 64 56 64
82 73 82 24 73
28 53 28 82 24 27 44 55 67 72 75 88 5 52 64 53
60 80 60 55 67 72 88 5 75 80
56 64 56 64
8 79 8 28 77 75 82 24 27 44 79
77 52 77 75 82 24 27 88 5 52
39 88 39 58 67 72 88
22 27 22 43 52 77 75 88 5 64 82 24 27
51 67 51 67
58 47 58 67 72 88 5 6 47
19 44 19 43 44
43 81 43 54 81
31 59 31 43 52 64 71 82 24 27 44 79 88 5 6 16 35 59
72 52 72 75 88 5 52
1 72 1 37 49 72
1 17 1 13 0 10 17
3 60 3 9 71 82 24 27 44 55 58 50 60
33 47 33 67 72 88 5 6 47
15 34 15 22 34
37 5 37 49 72 88 5
62 50 62 72 88 5 52 71 82 24 27 44 55 58 50
85 55 85 88 5 6 16 29 48 52 71 82 24 27 44 55
56 54 56 64 82 24 27 79 88 5 6 31 43 54
35 43 35 59 64 82 24 27 88 5 6 31 43
31 43 31 43
20 80 20 55 67 72 88 5 6 16 35 59 64 71 82 24 27 52 80
42 79 42 51 59 24 27 44 79
70 83 70 82 24 83
2 77 2 23 37 48 88 5 72 75 82 24 27 52 77
1 16 1 7 43 52 71 82 24 27 79 88 5 6 16
31 88 31 56 82 24 27 88
22 48 22 34 48
20 53 20 56 64 53
25 86 25 38 89 86
21 79 21 42 51 59 64 71 82 24 27 79
2 58 2 9 20 39 58
89 86 89 86
2 73 2 23 49 72 75 82 24 73
21 73 21 42 51 67 82 24 73
88 48 88 5 6 16 29 48
39 16 39 58 67 72 75 82 24 27 88 5 6 16
15 29 15 30 29
22 84 22 43 44 84
19 54 19 43 54
30 73 30 34 66 77 75 82 24 73
2 58 2 9 50 60 55 58
58 81 58 50 60 55 67 82 24 27 44 79 88 5 6 77 75 80 81
16 80 16 29 48 88 5 75 80
34 71 34 79 88 5 52 71
6 47 6 47
21 16 21 26 28 64 82 24 27 52 77 75 88 5 6 16
1 45 1 7 14 25 12 45
16 84 16 29 48 88 5 79 84
8 9 8 9
42 82 42 62 72 75 88 5 64 71 82
15 73 15 22 31 43 52 77 75 88 5 6 16 35 59 64 71 82 24 27 44 55 67 73
35 77 35 39 58 77
3 29 3 30 29
43 86 43 44 79 88 5 6 47 75 82 24 27 78 84 89 86
60 47 60 55 67 72 75 88 5 6 47
15 60 15 22 43 52 77 75 88 5 6 31 56 64 82 24 27 44 55 58 50 60
64 44 64 82 24 27 44
15 83 15 30 29 48 75 88 5 64 71 82 24 83
3 9 3 9
14 12 14 25 12
28 66 28 41 66
2 58 2 9 50 60 55 58
15 50 15 26 45 50
51 73 51 67 73
37 75 37 49 72 88 5 6 77 75
85 60 85 88 5 52 77 75 82 24 27 44 55 58 50 60
3 64 3 82 24 27 44 79 88 5 64
56 47 56 82 24 27 88 5 6 47
39 78 39 58 77 75 82 24 27 78
33 44 33 62 72 88 5 52 71 82 24 27 44
82 53 82 24 27 79 88 5 52 64 53
42 44 42 62 72 75 82 24 27 44
2 33 2 33
64 83 64 82 24 83
1 10 1 13 0 10
41 66 41 66
42 58 42 51 59 24 27 44 55 58
16 80 16 29 48 52 77 75 80
2 48 2 23 49 72 75 88 5 6 16 29 48
19 72 19 62 72
19 73 19 56 82 24 73
88 73 88 5 52 71 82 24 73
30 55 30 44 55
31 60 31 43 44 55 58 50 60
64 79 64 53 88 5 79
42 79 42 51 59 24 27 79
14 83 14 42 62 72 75 80 81 83
85 58 85 88 5 72 75 82 24 27 44 55 58
6 54 6 37 51 54
25 61 25 33 61
15 60 15 26 45 50 60
26 79 26 45 64 82 24 27 79
1 37 1 37
14 72 14 42 51 67 72
14 41 14 28 41
70 32 70 32
28 55 28 64 82 24 27 44 55
15 5 15 30 44 79 88 5
43 83 43 44 55 58 77 75 82 24 83
58 55 58 50 82 24 27 44 55
8 59 8 28 35 59
42 71 42 51 59 24 71
59 44 59 64 71 82 24 27 44
20 73 20 73
88 81 88 5 6 77 75 80 81
57 44 57 72 75 82 24 27 44
28 48 28 77 75 82 24 27 79 88 5 6 16 29 48
62 48 62 72 88 5 6 16 29 48
22 6 22 34 59 24 27 88 5 6
27 55 27 44 55
3 86 3 27 52 71 82 24 89 86
7 75 7 62 72 75
1 44 1 2 23 66 77 75 82 24 27 44
82 44 82 24 27 44
77 24 77 75 82 24
72 24 72 75 88 5 6 31 56 64 82 24
41 79 41 57 72 88 5 79
1 57 1 7 14 28 41 57
2 27 2 23 49 72 75 82 24 27
85 78 85 88 5 72 75 82 24 27 78
2 52 2 9 71 82 24 27 52
49 82 49 72 75 82
2 23 2 23
18 89 18 22 43 44 79 84 89
3 29 3 30 29
13 17 13 0 10 17
43 86 43 44 79 84 89 86
13 71 13 26 45 77 75 88 5 52 71
9 73 9 50 60 55 67 73
1 58 1 37 77 75 88 5 52 71 82 24 27 44 55 58
85 58 85 88 5 64 82 24 27 44 55 58
25 71 25 79 88 5 72 75 82 24 71
19 43 19 43
72 75 72 75
49 77 49 72 75 82 24 27 52 77
33 79 33 51 59 24 27 79
26 67 26 45 50 60 55 58 67
35 24 35 59 24
11 86 11 88 5 89 86
51 55 51 59 64 71 82 24 27 44 55
2 32 2 23 32
33 61 33 61
4 53 4 82 24 27 79 88 5 52 64 53
14 59 14 59
6 67 6 16 44 55 58 67
8 60 8 9 50 60
11 24 11 88 5 75 82 24
6 47 6 47
19 83 19 43 54 81 83
59 81 59 24 27 52 64 53 80 81
3 55 3 9 50 60 55
20 83 20 88 5 6 37 51 80 81 83
1 79 1 39 58 67 72 75 88 5 64 82 24 27 44 79
88 48 88 5 6 16 29 48
72 80 72 88 5 52 77 75 80
3 80 3 30 48 88 5 6 37 51 67 72 75 80
64 29 64 82 24 27 44 55 58 77 75 88 5 6 16 29
70 79 70 82 24 27 79
22 83 22 31 56 64 71 82 24 27 88 5 75 80 81 83
1 82 1 2 82
57 84 57 78 84
56 54 56 64 53 88 5 6 31 43 54
42 79 42 51 67 72 88 5 79
72 80 72 75 80
35 80 35 39 58 50 82 24 27 79 88 5 64 53 80
16 44 16 44
35 44 35 59 64 53 88 5 75 82 24 27 44
30 67 30 34 66 77 75 88 5 52 71 82 24 27 44 55 58 67
7 84 7 14 34 79 88 5 52 64 82 24 27 78 84
22 84 22 31 43 44 79 84
22 64 22 31 56 64
14 67 14 25 35 39 58 50 60 55 67
59 86 59 89 86
23 75 23 37 51 67 72 75
42 27 42 62 72 88 5 64 71 82 24 27
31 53 31 43 44 79 88 5 6 71 82 24 27 52 64 53
43 52 43 52
2 55 2 23 66 77 75 88 5 52 71 82 24 27 44 55
30 52 30 34 66 77 75 88 5 52
26 44 26 88 5 72 75 82 24 27 44
34 81 34 48 52 80 81
60 67 60 55 58 67
13 86 13 29 48 75 88 5 72 86
35 79 35 59 64 71 82 24 27 44 79
31 83 31 43 54 81 83
43 52 43 44 79 88 5 75 82 24 27 52
49 55 49 72 88 5 52 71 82 24 27 44 55
28 41 28 41
33 67 33 51 59 24 27 44 55 67
41 67 41 57 67
3 9 3 9
37 86 37 59 89 86
13 17 13 0 10 17
6 54 6 31 43 54
18 77 18 20 39 58 77
31 47 31 43 52 77 75 88 5 6 47
16 75 16 29 48 75
51 67 51 67
15 81 15 22 31 43 44 79 88 5 6 16 29 48 52 80 81
49 79 49 72 75 88 5 6 71 82 24 27 79
56 86 56 64 82 24 27 52 77 89 86
11 86 11 88 5 89 86
1 9 1 2 9
51 52 51 67 72 88 5 52
70 73 70 82 24 73
62 64 62 72 75 88 5 64
7 5 7 64 71 82 24 27 44 55 58 67 72 88 5
60 48 60 55 67 72 88 5 6 16 29 48
20 44 20 88 5 6 71 82 24 27 44
19 27 19 43 44 79 88 5 75 82 24 27
4 71 4 49 72 88 5 64 71
15 52 15 30 29 48 52
22 48 22 34 48
1 12 1 7 14 25 12
77 24 77 75 88 5 6 71 82 24
18 53 18 20 39 58 67 82 24 27 79 88 5 64 53
20 24 20 39 58 77 75 82 24
62 5 62 72 88 5
19 54 19 43 54
85 89 85 88 5 89
85 89 85 88 5 6 37 51 67 72 75 82 24 27 44 84 89
23 47 23 49 72 88 5 6 47
35 43 35 39 58 67 72 88 5 6 31 43
89 86 89 86
19 89 19 82 24 27 79 84 89
30 48 30 48
11 73 11 88 5 72 75 82 24 73
18 84 18 20 56 64 82 24 27 78 84
77 86 77 75 88 5 89 86
1 27 1 39 58 67 82 24 27
72 71 72 75 88 5 6 37 52 71
62 24 62 72 88 5 64 71 82 24
21 81 21 58 77 75 88 5 64 53 80 81
30 29 30 29
56 81 56 64 71 82 24 27 44 79 88 5 75 80 81
64 24 64 71 82 24
57 67 57 67
39 47 39 58 77 75 88 5 6 47
28 66 28 41 66
21 83 21 26 42 51 59 64 82 24 27 88 5 79 83
1 17 1 13 0 10 17
7 45 7 14 25 12 45
31 53 31 56 64 53
4 59 4 49 72 75 88 5 6 37 59
82 79 82 24 27 79
4 75 4 23 66 77 75
35 64 35 59 24 27 44 55 58 67 72 88 5 52 64
58 67 58 50 60 55 67
64 84 64 71 82 24 27 78 84
20 83 20 39 58 50 60 55 67 82 24 83
59 55 59 64 53 88 5 52 77 75 82 24 27 44 55
25 12 25 12
51 52 51 59 64 53 88 5 52
59 86 59 64 53 84 89 86
14 25 14 25
33 86 33 67 72 88 5 52 71 82 24 27 78 84 89 86
3 55 3 9 20 39 58 77 75 88 5 6 37 50 60 55
13 83 13 60 55 67 72 75 80 81 83
42 37 42 62 72 88 5 6 37
57 81 57 67 72 75 88 5 52 80 81
27 55 27 44 55
26 84 26 88 5 79 84
7 54 7 43 54
51 80 51 80
11 72 11 59 24 27 88 5 72
14 63 14 28 41 63
8 58 8 9 62 72 75 82 24 27 44 55 58
22 82 22 43 52 64 53 88 5 6 71 82
7 81 7 14 42 51 54 81
16 5 16 44 79 88 5
49 50 49 72 88 5 6 37 50
9 55 9 20 55
28 77 28 77
35 82 35 59 64 71 82
23 83 23 66 77 75 82 24 83
23 52 23 37 52
21 52 21 58 67 72 88 5 6 37 59 24 27 52
70 5 70 82 24 27 88 5
77 84 77 75 88 5 64 53 84
11 24 11 88 5 75 82 24
35 78 35 59 24 27 78
31 55 31 56 82 24 27 44 55
15 26 15 26
82 73 82 24 73
26 44 26 88 5 75 82 24 27 44
8 52 8 62 72 75 88 5 52
19 77 19 43 52 77
49 53 49 72 88 5 75 82 24 27 52 64 53
21 16 21 26 88 5 6 16
11 67 11 88 5 72 75 82 24 27 44 55 67
51 52 51 59 64 82 24 27 52
58 53 58 67 72 75 88 5 52 64 53
4 5 4 82 24 27 52 64 53 88 5
41 75 41 50 60 55 58 77 75
56 53 56 64 53
14 64 14 25 85 88 5 64
34 66 34 66
70 80 70 82 24 27 52 77 75 88 5 64 53 80
19 81 19 43 52 80 81
2 64 2 33 67 72 75 82 24 27 79 88 5 52 64
31 71 31 56 64 53 88 5 52 71
85 59 85 88 5 6 16 35 59
27 54 27 44 55 58 67 72 88 5 6 31 43 54
72 86 72 75 88 5 64 71 82 24 27 52 77 89 86
3 30 3 30
37 50 37 50
30 86 30 29 48 52 71 82 24 27 79 88 5 89 86
1 58 1 39 58
14 89 14 42 62 72 88 5 64 71 82 24 89
1 9 1 2 9
37 79 37 49 72 88 5 52 77 75 82 24 27 44 79
19 51 19 82 24 27 44 55 67 72 88 5 6 37 51
18 24 18 20 55 58 50 82 24
7 48 7 14 34 48
7 75 7 62 72 75
9 47 9 20 56 64 53 88 5 6 47
1 54 1 7 43 54
6 55 6 16 35 59 64 71 82 24 27 44 55
1 78 1 78
20 50 20 39 58 50
59 86 59 64 71 82 24 89 86
34 53 34 48 52 71 82 24 27 88 5 64 53
16 81 16 29 48 52 64 71 82 24 27 88 5 75 80 81
9 86 9 62 72 75 82 24 27 78 84 89 86
8 80 8 41 57 67 82 24 27 79 88 5 52 80
39 16 39 58 67 72 88 5 6 16
72 80 72 88 5 6 47 75 80
30 73 30 29 48 52 77 75 88 5 6 31 56 82 24 73
2 6 2 33 49 72 75 82 24 27 88 5 6
58 55 58 50 60 55
51 71 51 59 64 82 24 71
1 12 1 7 14 25 12
31 6 31 56 64 53 88 5 6
35 55 35 59 24 27 44 55
19 72 19 43 52 71 82 24 27 44 55 58 67 72
56 6 56 82 24 27 52 77 75 88 5 6
62 64 62 72 88 5 75 82 24 27 52 64
18 16 18 22 34 59 24 27 44 55 67 72 88 5 6 16
41 32 41 70 32
62 27 62 72 75 82 24 27
1 20 1 13 0 20
21 60 21 58 50 60
25 50 25 62 72 75 88 5 6 16 35 39 58 50
11 55 11 59 24 27 44 55
22 54 22 43 54
33 53 33 51 59 64 53
64 86 64 53 84 89 86
8 37 8 28 37
27 24 27 52 64 82 24
21 71 21 26 88 5 6 77 75 82 24 71
28 41 28 41
3 71 3 37 49 72 75 82 24 71
39 64 39 58 50 60 55 67 72 75 82 24 27 52 64
6 47 6 47
59 52 59 24 27 52
60 50 60 55 58 50
34 52 34 79 88 5 64 71 82 24 27 52
3 82 3 64 53 88 5 6 47 75 82
14 41 14 28 41
7 84 7 43 52 64 71 82 24 27 78 84
16 67 16 44 55 67
20 67 20 55 58 67
41 67 41 57 67
22 34 22 34
22 78 22 43 44 79 88 5 72 75 82 24 27 78
77 55 77 75 88 5 64 71 82 24 27 44 55
85 75 85 88 5 6 47 75
22 73 22 43 52 77 75 88 5 64 71 82 24 73
31 48 31 56 64 71 82 24 27 52 77 75 88 5 6 16 29 48
16 5 16 29 48 88 5
25 50 25 79 88 5 52 77 75 82 24 27 44 55 58 50
4 29 4 30 29
43 75 43 52 64 71 82 24 27 79 88 5 6 77 75
19 44 19 43 52 77 75 88 5 64 82 24 27 44
1 25 1 7 14 25
2 60 2 23 37 50 60
31 71 31 43 44 79 88 5 64 71
14 52 14 34 59 64 82 24 27 52
28 70 28 41 70
31 86 31 43 52 64 86
14 89 14 59 64 71 82 24 27 78 84 89
82 86 82 24 89 86
4 70 4 70
33 79 33 51 59 64 71 82 24 27 79
15 30 15 30
3 34 3 30 34
15 34 15 30 34
70 24 70 82 24
88 53 88 5 52 64 53
26 54 26 42 51 54
82 80 82 24 27 44 55 67 72 75 80
42 27 42 51 67 72 88 5 52 77 75 82 24 27
42 84 42 62 72 88 5 79 84
43 55 43 44 55
60 5 60 55 67 72 88 5
26 84 26 28 77 75 88 5 52 64 53 84
62 58 62 72 75 82 24 27 44 55 58
51 24 51 67 82 24
8 41 8 41
28 5 28 64 71 82 24 27 88 5
31 52 31 43 44 55 67 82 24 27 52
62 64 62 72 75 82 24 27 52 64
26 29 26 45 50 60 55 67 72 88 5 6 16 29
3 78 3 64 82 24 27 78
30 55 30 29 48 52 64 82 24 27 44 55
56 83 56 64 71 82 24 83
41 86 41 49 72 88 5 64 71 82 24 27 78 84 89 86
21 5 21 26 88 5
18 29 18 22 34 66 77 75 88 5 6 16 29
2 55 2 9 71 82 24 27 79 88 5 6 16 44 55
49 43 49 72 88 5 6 31 43
30 47 30 44 79 88 5 6 47
35 84 35 39 58 67 72 75 88 5 64 53 84
39 58 39 58
33 71 33 67 82 24 71
42 37 42 62 72 88 5 6 37
82 80 82 24 27 79 88 5 6 77 75 80
33 83 33 67 82 24 27 79 88 5 75 80 81 83
14 59 14 34 59
22 73 22 31 43 44 79 88 5 52 71 82 24 73
26 73 26 73
58 75 58 67 72 88 5 64 71 82 24 27 52 77 75
35 81 35 39 58 50 82 24 27 88 5 75 80 81
33 75 33 49 72 75
58 86 58 67 82 24 89 86
21 63 21 26 28 41 63
34 66 34 66
1 61 1 7 14 25 33 61
22 67 22 31 43 44 55 67
3 83 3 27 52 77 75 88 5 64 53 80 81 83
34 84 34 79 84
15 43 15 22 43
1 34 1 7 14 34
64 47 64 71 82 24 27 44 55 67 72 75 88 5 6 47
49 77 49 72 88 5 6 47 75 82 24 27 52 77
6 52 6 37 52
85 54 85 88 5 6 31 43 54
1 64 1 13 29 48 52 64
3 30 3 30
49 81 49 72 75 88 5 64 53 80 81
43 80 43 44 79 88 5 52 80
15 43 15 22 43
21 48 21 42 62 72 75 88 5 6 16 29 48
70 5 70 82 24 27 88 5
18 43 18 22 43
82 83 82 24 27 79 83
6 52 6 71 82 24 27 52
82 71 82 24 27 52 71
57 50 57 82 24 27 44 55 58 50
28 80 28 37 72 88 5 52 80
82 81 82 24 27 44 55 67 72 75 80 81
3 37 3 37
8 89 8 62 72 75 82 24 27 79 84 89
39 83 39 58 67 72 75 82 24 27 52 80 81 83
21 86 21 42 51 86
18 60 18 59 64 71 82 24 27 44 55 58 50 60
21 88 21 26 42 62 72 88
14 83 14 25 35 39 58 50 60 55 67 82 24 83
57 73 57 67 73
3 20 3 9 20
25 55 25 35 39 58 50 60 55
43 71 43 44 79 88 5 6 37 59 24 27 52 71
7 32 7 14 28 41 70 32
41 53 41 50 60 55 58 77 75 88 5 64 53
13 75 13 20 55 58 77 75
72 83 72 75 88 5 64 82 24 27 52 80 81 83
9 75 9 20 39 58 77 75
8 79 8 9 50 82 24 27 44 79
22 16 22 31 43 44 55 58 77 75 88 5 6 16
85 83 85 88 5 75 80 81 83
8 24 8 62 72 75 82 24
21 86 21 58 50 60 55 84 89 86
56 86 56 82 24 89 86
59 29 59 64 82 24 27 44 55 67 72 75 88 5 6 16 29
26 66 26 28 41 66
88 52 88 5 52
43 81 43 44 55 67 72 75 80 81
37 84 37 49 72 88 5 52 64 82 24 27 78 84
51 84 51 59 64 71 82 24 27 44 84
30 50 30 29 48 75 88 5 6 31 56 82 24 27 44 55 58 50
28 41 28 41
37 24 37 72 88 5 52 71 82 24
49 29 49 72 88 5 6 16 29
8 75 8 62 72 75
40 86 40 78 84 89 86
19 24 19 62 72 88 5 6 16 29 48 52 64 82 24
41 86 41 66 77 75 82 24 89 86
3 34 3 30 34
64 83 64 82 24 27 79 88 5 75 80 81 83
11 50 11 88 5 64 71 82 24 27 44 55 58 50
20 80 20 39 58 77 75 80
43 84 43 52 71 82 24 27 88 5 64 53 84
33 55 33 49 72 75 82 24 27 44 55
56 88 56 64 82 24 27 79 88
8 20 8 9 20
19 67 19 43 44 55 67
39 43 39 58 67 82 24 27 52 64 53 88 5 6 31 43
11 86 11 88 5 6 71 82 24 89 86
59 5 59 24 27 79 88 5
57 48 57 67 72 75 88 5 6 16 29 48
56 27 56 82 24 27
3 59 3 82 24 27 44 79 88 5 6 16 35 59
85 52 85 88 5 52
19 52 19 62 72 75 88 5 52
9 44 9 50 60 55 67 72 88 5 75 82 24 27 44
85 67 85 88 5 72 75 82 24 27 44 55 67
70 67 70 82 24 27 44 55 58 67
1 45 1 7 14 25 12 45
82 79 82 24 27 44 79
18 82 18 20 55 58 50 82
25 75 25 62 72 88 5 75
39 43 39 58 77 75 82 24 27 79 88 5 6 31 43
20 84 20 88 5 72 75 82 24 27 79 84
30 44 30 29 48 88 5 6 31 43 44
18 79 18 20 39 58 77 75 88 5 79
3 50 3 30 29 48 52 71 82 24 27 44 55 58 50
85 75 85 88 5 72 75
20 75 20 39 58 50 82 24 27 44 79 88 5 52 77 75
20 24 20 88 5 72 75 82 24
31 86 31 56 64 53 84 89 86
25 55 25 35 39 58 50 60 55
64 84 64 53 84
14 66 14 34 66
1 64 1 7 64
15 71 15 30 29 48 52 71
15 57 15 26 28 41 57
23 73 23 66 77 75 82 24 73
19 27 19 56 64 71 82 24 27
56 88 56 64 71 82 24 27 44 79 88
8 5 8 28 35 39 58 77 75 82 24 27 44 79 88 5
28 58 28 37 50 60 55 58
9 84 9 71 82 24 27 79 84
56 64 56 64
19 75 19 62 72 75
35 71 35 39 58 77 75 88 5 52 71
8 82 8 9 62 72 75 82
7 71 7 57 67 82 24 71
25 12 25 12
88 44 88 5 72 75 82 24 27 44
9 53 9 71 82 24 27 52 77 75 88 5 64 53
11 52 11 59 64 53 88 5 72 75 82 24 27 52
60 54 60 55 58 77 75 82 24 27 44 79 88 5 6 31 43 54
77 83 77 75 88 5 79 83
51 50 51 67 82 24 27 44 55 58 50
8 58 8 9 20 39 58
1 86 1 7 62 72 86
6 44 6 31 56 64 53 88 5 52 71 82 24 27 44
82 84 82 24 27 44 55 67 72 75 88 5 64 53 84
31 47 31 56 82 24 27 44 79 88 5 6 47
88 73 88 5 6 16 29 48 52 71 82 24 73
39 52 39 58 50 60 55 67 82 24 27 52
43 54 43 54
62 55 62 72 75 88 5 52 64 71 82 24 27 44 55
31 73 31 56 82 24 73
27 50 27 44 55 58 50
19 81 19 62 72 75 80 81
72 53 72 75 88 5 52 64 53
62 37 62 72 88 5 6 37
11 73 11 59 24 73
13 50 13 0 45 50
18 24 18 20 88 5 52 77 75 82 24
85 64 85 88 5 64
8 60 8 9 50 60
77 80 77 75 80
35 77 35 59 64 53 88 5 52 77
31 55 31 43 44 55
30 66 30 34 66
72 79 72 75 88 5 64 82 24 27 79
42 16 42 62 72 75 88 5 6 16
14 53 14 34 59 64 53
22 60 22 34 79 88 5 52 77 75 82 24 27 44 55 58 50 60
2 81 2 82 24 27 52 80 81
31 48 31 43 52 71 82 24 27 44 55 67 72 75 88 5 6 16 29 48
8 6 8 62 72 88 5 6
59 47 59 24 27 79 88 5 6 47
41 53 41 70 82 24 27 79 88 5 6 31 56 64 53
59 86 59 64 53 84 89 86
42 60 42 51 67 72 88 5 52 77 75 82 24 27 44 55 58 50 60
33 75 33 67 82 24 27 88 5 72 75
21 67 21 42 62 72 75 88 5 52 71 82 24 27 44 55 58 67
77 24 77 75 88 5 6 31 43 52 71 82 24
18 67 18 22 34 79 88 5 52 77 75 82 24 27 44 55 58 67
23 29 23 37 52 71 82 24 27 44 55 58 77 75 88 5 6 16 29
1 84 1 39 58 77 75 88 5 52 64 71 82 24 27 78 84
7 84 7 64 71 82 24 27 52 77 75 88 5 6 31 43 44 79 84
39 80 39 58 77 75 80
11 89 11 88 5 64 71 82 24 89
25 12 25 12
1 64 1 2 56 64
88 5 88 5
51 53 51 59 64 53
28 84 28 77 75 82 24 27 78 84
21 66 21 26 28 41 66
37 71 37 77 75 82 24 27 52 64 71
1 57 1 7 57
20 84 20 40 78 84
11 54 11 88 5 6 31 43 54
18 5 18 22 34 79 88 5
15 29 15 30 29
59 48 59 24 27 44 55 67 72 75 88 5 6 37 48
18 81 18 22 34 48 88 5 75 80 81
18 78 18 20 40 78
18 59 18 59
13 86 13 26 28 64 71 82 24 89 86
18 27 18 59 24 27
8 44 8 41 70 82 24 27 44
33 44 33 51 59 24 27 44
9 75 9 62 72 75
57 80 57 82 24 27 88 5 6 37 50 60 55 67 72 75 80
21 75 21 58 77 75
7 12 7 14 25 12
15 86 15 22 34 79 88 5 89 86
30 80 30 48 88 5 6 37 77 75 82 24 27 52 64 53 80
14 50 14 59 64 82 24 27 44 55 58 50
1 44 1 7 64 53 88 5 52 71 82 24 27 44
18 75 18 59 24 27 79 88 5 75
43 67 43 44 55 67
4 66 4 30 34 66
11 50 11 59 24 27 44 55 58 50
35 52 35 39 58 77 75 88 5 52
22 55 22 34 79 88 5 52 64 71 82 24 27 44 55
35 58 35 39 58
85 84 85 88 5 64 53 84
26 5 26 42 51 67 72 75 88 5
49 72 49 72
39 79 39 58 50 60 55 67 72 75 82 24 27 79
62 5 62 72 88 5
8 55 8 41 57 72 88 5 6 37 48 52 64 71 82 24 27 44 55
15 52 15 26 88 5 72 75 82 24 27 52
22 5 22 31 43 44 55 67 82 24 27 88 5
8 54 8 62 72 75 88 5 6 31 43 54
82 55 82 24 27 44 55
4 64 4 23 37 59 64
20 5 20 56 64 71 82 24 27 88 5
11 53 11 59 64 53
34 48 34 48
18 66 18 22 34 66
8 81 8 28 41 70 81
9 5 9 71 82 24 27 79 88 5
31 75 31 43 44 79 88 5 75
1 6 1 13 28 64 71 82 24 27 44 55 67 72 88 5 6
58 52 58 67 82 24 27 52
28 37 28 37
4 52 4 82 24 27 79 88 5 52
27 53 27 44 79 88 5 64 53
39 5 39 58 77 75 82 24 27 79 88 5
30 75 30 44 79 88 5 75
25 73 25 85 88 5 52 71 82 24 73
31 53 31 43 44 55 67 72 75 82 24 27 88 5 52 64 53
14 82 14 28 41 50 82
49 77 49 72 88 5 6 16 29 48 52 77
16 5 16 29 48 88 5
3 79 3 37 49 72 88 5 6 77 75 82 24 27 79
9 52 9 71 82 24 27 52
33 53 33 51 59 64 53
3 34 3 30 34
4 83 4 23 66 77 75 80 81 83
31 43 31 43
64 71 64 82 24 71
25 71 25 35 59 24 71
35 89 35 39 58 50 60 55 67 82 24 89
59 81 59 64 71 82 24 27 44 55 67 72 75 80 81
18 32 18 20 32
19 72 19 82 24 27 79 88 5 72
63 83 63 83
11 37 11 59 64 53 88 5 6 37
62 47 62 72 75 88 5 6 47
30 50 30 34 66 77 75 82 24 27 88 5 6 37 50
88 5 88 5
49 44 49 72 88 5 6 31 43 44
4 84 4 82 24 27 44 84
16 47 16 44 55 67 82 24 27 52 77 75 88 5 6 47
41 83 41 57 67 82 24 83
4 27 4 23 37 51 67 72 75 82 24 27
42 81 42 51 59 64 53 80 81
30 71 30 34 79 88 5 72 75 82 24 27 52 64 71
31 71 31 56 82 24 71
15 86 15 22 34 59 89 86
58 52 58 50 82 24 27 44 55 67 72 88 5 52
33 44 33 67 72 75 82 24 27 44
31 89 31 56 64 53 84 89
3 89 3 37 51 67 82 24 89
31 75 31 43 52 64 71 82 24 27 88 5 75
14 51 14 42 51
70 67 70 82 24 27 88 5 6 37 50 60 55 58 67
21 77 21 58 77
4 84 4 30 44 79 84
35 71 35 59 64 53 88 5 52 71
4 52 4 30 48 88 5 52
1 83 1 7 14 34 66 77 75 80 81 83
33 73 33 51 67 73
88 84 88 5 64 71 82 24 27 79 84
56 67 56 64 71 82 24 27 44 55 67
18 78 18 20 55 58 50 82 24 27 78
31 73 31 43 44 55 67 82 24 73
14 25 14 25
51 52 51 67 82 24 27 88 5 52
15 80 15 26 28 77 75 80
11 29 11 88 5 6 16 29
35 50 35 39 58 50
70 5 70 82 24 27 88 5
11 44 11 59 24 27 44
42 52 42 62 72 75 88 5 52
11 80 11 88 5 6 16 29 48 75 80
62 29 62 72 88 5 6 16 29
19 89 19 43 44 79 84 89
9 73 9 71 82 24 73
35 44 35 59 24 27 44
13 5 13 29 48 88 5
85 47 85 88 5 6 47
3 55 3 30 44 55
8 29 8 41 66 77 75 88 5 6 16 29
1 63 1 13 28 41 57 63
9 86 9 71 82 24 89 86
3 81 3 64 53 80 81
30 66 30 34 66
21 26 21 26
28 67 28 35 59 64 53 88 5 6 31 43 44 55 67
19 75 19 62 72 88 5 52 77 75
41 5 41 70 82 24 27 52 77 75 88 5
28 88 28 35 59 64 53 88
82 80 82 24 27 44 79 88 5 72 75 80
4 43 4 49 72 88 5 6 31 43
19 86 19 62 72 75 88 5 79 84 89 86
40 89 40 78 84 89
57 24 57 67 82 24
85 78 85 88 5 64 71 82 24 27 78
3 88 3 37 48 88
1 70 1 13 28 41 70
27 48 27 79 88 5 6 16 29 48
85 80 85 88 5 6 31 43 52 80
14 70 14 28 41 70
18 32 18 20 32
39 60 39 58 50 60
8 20 8 9 20
20 54 20 56 64 53 88 5 6 31 43 54
35 83 35 59 64 82 24 83
11 5 11 59 64 53 88 5
85 82 85 88 5 52 71 82
8 86 8 28 82 24 89 86
22 55 22 31 43 44 55
33 67 33 67
42 80 42 62 72 75 80
28 77 28 41 49 72 75 88 5 6 77
20 50 20 39 58 50
43 5 43 44 79 88 5
35 72 35 39 58 50 60 55 67 72
23 75 23 49 72 75
58 50 58 50
28 60 28 41 50 60
62 88 62 72 75 82 24 27 88
18 66 18 22 34 66
1 25 1 7 14 25
9 52 9 20 88 5 72 75 82 24 27 52
8 67 8 41 57 67
11 5 11 88 5
56 77 56 82 24 27 52 77
14 59 14 28 35 59
1 24 1 7 64 82 24
18 81 18 22 31 56 82 24 27 52 80 81
6 52 6 16 29 48 75 88 5 52
57 79 57 67 72 88 5 79
27 53 27 52 64 53
56 37 56 82 24 27 52 77 75 88 5 6 37
13 29 13 29
57 71 57 82 24 71
30 84 30 34 48 88 5 52 64 53 84
14 82 14 42 62 72 88 5 52 64 82
14 12 14 25 12
30 86 30 48 75 88 5 64 53 84 89 86
3 64 3 30 44 79 88 5 75 82 24 27 52 64
43 53 43 52 71 82 24 27 44 55 67 72 88 5 64 53
25 75 25 85 88 5 52 64 71 82 24 27 44 55 67 72 75
39 55 39 58 50 60 55
15 27 15 30 48 88 5 52 77 75 82 24 27
16 86 16 29 48 88 5 72 75 82 24 27 78 84 89 86
34 5 34 79 88 5
8 66 8 41 66
72 79 72 88 5 6 47 75 82 24 27 44 79
59 48 59 24 27 79 88 5 6 37 48
19 71 19 56 82 24 71
19 72 19 62 72
41 24 41 57 72 75 82 24
62 77 62 72 88 5 6 31 43 52 77
3 50 3 27 44 55 58 50
18 64 18 59 64
3 80 3 82 24 27 44 55 67 72 75 80
14 59 14 34 59
51 79 51 67 72 88 5 6 47 75 82 24 27 79
33 67 33 62 72 75 82 24 27 88 5 6 31 43 44 55 58 67
22 44 22 43 52 71 82 24 27 44
21 54 21 42 51 54
18 43 18 22 43
19 5 19 62 72 88 5
19 89 19 82 24 27 44 84 89
85 37 85 88 5 6 37
15 37 15 22 34 59 64 82 24 27 52 77 75 88 5 6 37
19 73 19 43 52 71 82 24 73
28 32 28 41 70 32
11 27 11 88 5 6 77 75 82 24 27
2 73 2 9 20 56 64 71 82 24 73
7 5 7 14 28 64 71 82 24 27 88 5
60 5 60 55 67 82 24 27 88 5
72 73 72 75 82 24 73
41 5 41 49 72 88 5
25 61 25 33 61
56 44 56 82 24 27 44
51 5 51 59 64 53 88 5
37 47 37 50 60 55 58 67 72 75 88 5 6 47
31 50 31 56 82 24 27 44 55 58 50
85 48 85 88 5 6 16 29 48
15 72 15 22 43 52 71 82 24 27 44 55 58 67 72
85 48 85 88 5 6 16 29 48
51 81 51 54 81
15 37 15 26 28 37
8 88 8 28 77 75 88
14 61 14 25 33 61
49 88 49 72 88
42 6 42 62 72 88 5 6
88 55 88 5 52 64 82 24 27 44 55
1 48 1 37 48
16 52 16 29 48 88 5 64 82 24 27 52
2 9 2 9
21 26 21 26
15 16 15 22 31 43 52 71 82 24 27 79 88 5 6 16
19 78 19 62 72 75 82 24 27 78
8 52 8 9 62 72 75 82 24 27 52
39 81 39 58 77 75 88 5 52 80 81
15 24 15 30 34 48 52 71 82 24
13 29 13 29
58 81 58 77 75 82 24 27 52 80 81
11 72 11 59 24 27 88 5 72
4 24 4 30 44 79 88 5 75 82 24
8 82 8 62 72 75 88 5 52 71 82
56 24 56 64 53 88 5 6 47 75 82 24
28 58 28 35 39 58
6 83 6 47 80 81 83
64 86 64 86
33 73 33 49 72 75 88 5 64 71 82 24 73
77 54 77 75 88 5 6 31 43 54
64 84 64 71 82 24 27 44 55 84
4 47 4 49 72 75 82 24 27 88 5 6 47
28 43 28 82 24 27 88 5 6 31 43
60 81 60 55 67 72 75 80 81
3 64 3 64
64 44 64 53 88 5 72 75 82 24 27 44
88 79 88 5 6 71 82 24 27 44 79
62 82 62 72 88 5 75 82
2 77 2 23 66 77
18 80 18 22 31 43 52 71 82 24 27 44 79 88 5 75 80
1 89 1 78 84 89
39 5 39 58 67 82 24 27 79 88 5
19 86 19 43 52 77 75 88 5 6 37 51 67 82 24 27 78 84 89 86
1 86 1 89 86
16 55 16 44 55
85 53 85 88 5 64 53
42 59 42 51 59
60 71 60 55 67 72 88 5 75 82 24 71
18 66 18 22 34 66
70 84 70 82 24 27 79 88 5 6 31 56 64 53 84
34 48 34 48
14 83 14 42 51 80 81 83
15 16 15 30 48 52 77 75 88 5 6 16
2 33 2 33
14 77 14 28 37 77
7 67 7 64 82 24 27 88 5 6 16 44 55 58 67
56 80 56 82 24 27 88 5 75 80
13 48 13 29 48
22 34 22 34
1 0 1 13 0
85 64 85 88 5 52 64
35 72 35 59 64 82 24 27 52 77 75 88 5 72
1 6 1 13 29 48 52 71 82 24 27 88 5 6
14 75 14 34 79 88 5 64 71 82 24 27 44 55 67 72 75
13 29 13 29
4 34 4 30 34
3 71 3 82 24 71
39 5 39 58 50 82 24 27 88 5
14 82 14 42 51 67 72 75 82
51 79 51 59 24 27 79
51 67 51 67
9 24 9 50 82 24
26 75 26 45 50 60 55 58 67 72 88 5 75
6 47 6 47
22 59 22 34 59
3 73 3 37 49 72 75 88 5 52 71 82 24 27 44 55 67 73
4 53 4 70 82 24 27 52 64 53
11 5 11 88 5
21 54 21 26 42 51 54
9 71 9 50 82 24 27 44 79 88 5 64 71
88 29 88 5 6 16 29
56 88 56 64 71 82 24 27 79 88
42 50 42 51 59 64 53 88 5 6 16 35 39 58 50
1 48 1 13 29 48
60 67 60 55 67
56 64 56 82 24 27 52 64
58 84 58 77 75 82 24 27 79 84
88 54 88 5 6 31 43 54
14 67 14 59 64 82 24 27 44 55 58 67
1 79 1 7 62 72 88 5 52 64 71 82 24 27 44 79
18 34 18 22 34
70 80 70 82 24 27 44 55 58 77 75 80
49 89 49 72 75 88 5 6 77 89
51 67 51 67
21 71 21 42 62 72 75 82 24 71
20 80 20 56 82 24 27 88 5 75 80
30 80 30 48 75 80
18 24 18 20 56 64 82 24
39 50 39 58 50
15 77 15 22 34 66 77
15 78 15 30 48 88 5 6 37 52 71 82 24 27 78
1 6 1 2 56 64 71 82 24 27 88 5 6
3 58 3 30 48 52 64 71 82 24 27 44 55 58
39 48 39 58 50 60 55 67 82 24 27 44 79 88 5 6 16 29 48
1 77 1 49 72 75 88 5 6 77
26 55 26 28 37 50 60 55
41 47 41 50 60 55 58 67 82 24 27 44 79 88 5 6 47
26 45 26 45
6 81 6 31 43 54 81
42 77 42 62 72 75 82 24 27 52 77
62 48 62 72 88 5 6 16 29 48
18 77 18 22 34 66 77
70 5 70 82 24 27 52 77 75 88 5
57 24 57 67 72 88 5 64 71 82 24
25 83 25 82 24 83
19 53 19 43 52 71 82 24 27 44 79 88 5 64 53
62 5 62 72 75 82 24 27 44 79 88 5
28 64 28 64
31 5 31 43 44 79 88 5
62 48 62 72 75 82 24 27 79 88 5 6 16 29 48
1 50 1 13 60 55 58 50
20 50 20 39 58 50
30 50 30 44 55 58 50
37 5 37 72 88 5
60 71 60 55 58 50 82 24 71
8 55 8 9 20 55
26 66 26 28 41 66
25 50 25 12 37 50
4 71 4 30 29 48 75 82 24 71
64 47 64 71 82 24 27 79 88 5 6 47
60 83 60 55 67 72 75 88 5 64 53 80 81 83
8 64 8 28 64
20 53 20 56 64 53
42 24 42 62 72 88 5 6 16 29 48 52 71 82 24
4 53 4 49 72 75 88 5 64 53
88 52 88 5 64 71 82 24 27 52
8 73 8 9 71 82 24 73
27 73 27 52 71 82 24 73
8 64 8 28 64
22 34 22 34
15 44 15 30 44
49 5 49 72 88 5
7 83 7 83
7 71 7 43 44 55 58 77 75 88 5 6 37 48 52 71
8 54 8 41 57 72 88 5 6 31 43 54
21 71 21 58 67 72 88 5 52 64 82 24 71
4 24 4 70 82 24
21 58 21 58
3 20 3 9 20
88 71 88 5 6 37 72 75 82 24 71
22 83 22 31 43 52 80 81 83
82 75 82 24 27 44 79 88 5 72 75
23 86 23 66 77 89 86
11 44 11 59 24 27 44
2 43 2 56 64 53 88 5 6 31 43
13 83 13 20 55 67 72 88 5 6 77 75 80 81 83
64 86 64 86
13 45 13 0 45
28 84 28 37 52 64 71 82 24 27 78 84
18 64 18 59 64
82 44 82 24 27 44
8 55 8 9 20 55
2 52 2 33 67 72 88 5 52
82 71 82 24 71
58 83 58 50 60 55 67 72 75 88 5 79 83
23 44 23 37 50 60 55 67 72 88 5 52 71 82 24 27 44
41 80 41 70 82 24 27 52 77 75 80
7 86 7 43 52 64 82 24 27 79 88 5 72 86
77 44 77 75 88 5 64 71 82 24 27 44
41 32 41 70 32
2 50 2 9 50
1 89 1 7 62 72 88 5 6 47 75 82 24 89
42 86 42 51 54 86
26 86 26 45 64 71 82 24 89 86
34 66 34 66
27 73 27 52 64 82 24 73
39 64 39 58 77 75 88 5 52 64
26 71 26 45 50 82 24 71
14 83 14 25 35 59 24 27 44 79 83
1 75 1 39 58 77 75
64 71 64 71
15 66 15 26 28 41 66
22 77 22 43 44 55 58 77
59 55 59 64 82 24 27 79 88 5 6 16 44 55
56 64 56 64
3 67 3 30 29 48 52 71 82 24 27 44 55 67
3 73 3 9 71 82 24 73
37 75 37 52 77 75
64 83 64 71 82 24 27 52 77 75 80 81 83
15 29 15 30 29
15 64 15 22 43 52 71 82 24 27 88 5 64
18 71 18 59 24 71
6 81 6 71 82 24 27 88 5 64 53 80 81
4 83 4 82 24 83
60 79 60 55 67 82 24 27 44 79
1 78 1 7 14 42 62 72 88 5 6 71 82 24 27 78
15 58 15 22 43 44 55 58
88 55 88 5 6 16 44 55
22 83 22 31 56 82 24 83
3 60 3 9 50 60
26 81 26 42 62 72 88 5 64 53 80 81
42 58 42 62 72 88 5 6 47 75 82 24 27 44 55 58
14 63 14 25 63
25 52 25 85 88 5 52
9 83 9 20 55 67 72 88 5 6 71 82 24 83
28 79 28 64 53 88 5 79
3 89 3 38 89
15 51 15 26 42 51
13 86 13 29 48 75 88 5 79 84 89 86
35 64 35 59 64
42 6 42 51 67 82 24 27 79 88 5 6
11 78 11 59 64 82 24 27 78
25 52 25 79 88 5 75 82 24 27 52
58 67 58 67
33 86 33 51 59 64 71 82 24 89 86
59 48 59 64 71 82 24 27 88 5 6 16 29 48
34 67 34 66 77 75 88 5 6 71 82 24 27 44 55 67
7 12 7 14 25 12
19 89 19 56 64 53 88 5 52 77 89
16 67 16 44 55 67
31 48 31 43 44 79 88 5 6 16 29 48
77 44 77 75 82 24 27 44
57 81 57 72 88 5 6 47 80 81
21 84 21 42 51 67 82 24 27 44 84
23 75 23 37 59 64 53 88 5 75
1 10 1 13 0 10
22 73 22 43 44 79 88 5 72 75 82 24 73
18 83 18 59 24 83
8 53 8 9 62 72 75 88 5 64 53
56 81 56 64 71 82 24 27 79 88 5 52 77 75 80 81
39 80 39 58 67 72 75 80
58 86 58 77 89 86
41 55 41 50 82 24 27 44 55
57 50 57 67 82 24 27 52 77 75 88 5 6 16 35 39 58 50
13 71 13 20 88 5 64 71
33 79 33 51 67 72 88 5 64 71 82 24 27 79
19 81 19 62 72 75 82 24 27 79 88 5 64 53 80 81
63 83 63 83
58 79 58 50 60 55 67 82 24 27 44 79
11 75 11 59 64 82 24 27 79 88 5 75
19 83 19 56 82 24 27 88 5 79 83
8 75 8 41 49 72 75
21 86 21 58 50 60 55 67 82 24 89 86
39 73 39 58 50 82 24 73
6 80 6 16 35 39 58 67 82 24 27 88 5 72 75 80
19 60 19 43 44 55 58 50 60
59 71 59 24 71
42 44 42 62 72 75 82 24 27 44
26 83 26 42 51 59 24 27 79 83
49 52 49 72 75 88 5 52
18 84 18 22 43 52 71 82 24 27 88 5 64 53 84
27 53 27 88 5 64 53
28 27 28 37 49 72 88 5 6 71 82 24 27
14 88 14 42 51 67 72 88
22 64 22 43 52 71 82 24 27 88 5 64
33 48 33 49 72 75 82 24 27 44 79 88 5 6 16 29 48
77 29 77 75 88 5 6 16 29
16 24 16 29 48 75 82 24
82 47 82 24 27 52 64 53 88 5 6 47
42 86 42 62 72 86
28 82 28 35 39 58 67 82
26 55 26 28 37 50 60 55
22 52 22 34 79 88 5 6 77 75 82 24 27 52
4 23 4 23
6 47 6 47
28 88 28 64 53 88
39 47 39 58 77 75 88 5 6 47
58 83 58 50 82 24 83
18 78 18 22 31 56 64 71 82 24 27 78
88 73 88 5 64 82 24 73
27 48 27 79 88 5 6 16 29 48
14 61 14 25 33 61
16 24 16 35 39 58 50 82 24
56 53 56 64 53
2 23 2 23
43 44 43 44
8 52 8 9 62 72 75 82 24 27 44 79 88 5 6 37 48 52
70 84 70 82 24 27 79 84
19 75 19 43 44 79 88 5 75
15 45 15 26 45
85 64 85 88 5 6 31 43 52 64
21 5 21 42 51 59 64 82 24 27 44 55 58 67 72 75 88 5
33 61 33 61
58 83 58 50 60 55 67 82 24 27 44 79 83
25 24 25 79 88 5 75 82 24
37 24 37 49 72 88 5 75 82 24
41 71 41 57 82 24 27 79 88 5 6 37 59 64 71
30 5 30 34 79 88 5
7 66 7 14 25 12 66
2 37 2 23 37
64 75 64 82 24 27 88 5 72 75
59 73 59 64 71 82 24 73
14 64 14 28 77 75 88 5 52 64
22 37 22 43 52 64 82 24 27 88 5 6 37
40 78 40 78
88 80 88 5 52 71 82 24 27 44 55 67 72 75 80
72 55 72 88 5 6 16 44 55
49 44 49 72 88 5 6 71 82 24 27 44
49 55 49 72 88 5 6 16 44 55
23 48 23 37 48
3 84 3 82 24 27 44 84
23 67 23 37 50 60 55 58 67
1 75 1 37 50 82 24 27 88 5 72 75
58 24 58 50 60 55 67 72 88 5 64 82 24
56 47 56 82 24 27 79 88 5 6 47
77 84 77 75 88 5 79 84
34 80 34 59 64 71 82 24 27 79 88 5 52 77 75 80
56 79 56 64 71 82 24 27 52 77 75 88 5 79
4 6 4 49 72 75 82 24 27 79 88 5 6
22 55 22 34 66 77 75 88 5 6 37 50 60 55
4 81 4 82 24 27 79 88 5 72 75 80 81
43 50 43 44 55 58 50
9 67 9 71 82 24 27 44 55 67
77 83 77 75 80 81 83
7 54 7 43 54
77 81 77 75 80 81
72 80 72 75 88 5 64 53 80
30 55 30 44 55
23 79 23 66 77 75 88 5 79
70 47 70 82 24 27 88 5 6 47
6 75 6 88 5 52 77 75
3 20 3 9 20
19 86 19 62 72 88 5 89 86
1 43 1 13 0 45 64 53 88 5 6 31 43
85 84 85 88 5 64 71 82 24 27 44 79 84
21 77 21 26 28 35 39 58 77
62 52 62 72 88 5 64 71 82 24 27 52
1 24 1 39 58 67 82 24
3 71 3 82 24 27 52 71
70 79 70 82 24 27 79
43 73 43 44 55 67 72 75 88 5 52 64 82 24 73
64 86 64 71 82 24 89 86
59 86 59 64 82 24 27 44 84 89 86
3 55 3 9 50 60 55
3 58 3 30 44 55 58
4 86 4 70 82 24 89 86
27 52 27 44 79 88 5 52
9 75 9 50 82 24 27 79 88 5 72 75
33 84 33 78 84
88 71 88 5 72 75 82 24 71
11 67 11 59 24 27 44 55 58 67
14 12 14 25 12
18 55 18 22 43 52 64 53 88 5 6 71 82 24 27 44 55
2 5 2 56 64 71 82 24 27 52 77 75 88 5
15 53 15 26 42 51 59 24 27 52 64 53
9 75 9 62 72 75
19 83 19 43 44 79 83
88 29 88 5 6 16 29
1 89 1 13 28 77 75 88 5 79 84 89
35 67 35 39 58 67
8 78 8 40 78
21 67 21 42 51 67
19 44 19 43 52 71 82 24 27 44
4 52 4 82 24 27 79 88 5 52
20 32 20 32
30 54 30 48 88 5 6 37 51 54
23 48 23 37 48
1 43 1 37 59 64 71 82 24 27 52 77 75 88 5 6 31 43
20 5 20 39 58 77 75 88 5
4 67 4 30 34 48 52 64 82 24 27 44 55 67
7 5 7 43 44 79 88 5
18 59 18 59
21 86 21 26 42 62 72 88 5 52 77 89 86
4 23 4 23
72 75 72 88 5 52 77 75
25 47 25 12 50 60 55 58 67 72 88 5 6 47
25 29 25 85 88 5 6 16 29
3 30 3 30
8 48 8 62 72 75 82 24 27 79 88 5 6 37 48
23 24 23 66 77 75 82 24
4 5 4 82 24 27 44 79 88 5
20 32 20 32
59 73 59 64 71 82 24 73
70 52 70 82 24 27 52
57 48 57 72 75 88 5 6 16 29 48
16 44 16 35 59 64 71 82 24 27 44
56 64 56 64
18 72 18 20 55 67 72
14 78 14 34 48 52 77 75 82 24 27 78
19 78 19 56 64 82 24 27 78
35 48 35 59 24 27 44 79 88 5 6 16 29 48
19 24 19 43 52 71 82 24
34 54 34 48 52 77 75 88 5 6 31 43 54
51 73 51 59 64 82 24 73
14 12 14 25 12
21 71 21 58 77 75 88 5 52 71
56 80 56 64 53 80
23 32 23 32
85 29 85 88 5 6 16 29
22 64 22 43 52 64
6 84 6 31 56 82 24 27 78 84
77 67 77 75 82 24 27 44 55 67
13 50 13 0 45 50
4 48 4 82 24 27 88 5 6 37 48
70 24 70 82 24
18 44 18 22 43 44
37 84 37 51 67 72 88 5 79 84
62 6 62 72 88 5 6
1 83 1 13 83
58 75 58 67 72 75
37 24 37 77 75 88 5 6 31 43 52 71 82 24
28 73 28 35 59 64 71 82 24 73
31 88 31 56 82 24 27 52 77 75 88
4 73 4 49 72 75 82 24 73
15 59 15 22 34 59
4 86 4 23 37 72 75 88 5 52 77 89 86
4 43 4 23 49 72 88 5 6 31 43
42 16 42 62 72 88 5 6 16
9 5 9 71 82 24 27 79 88 5
56 78 56 82 24 27 78
59 86 59 64 71 82 24 27 78 84 89 86
31 83 31 56 82 24 27 79 83
64 44 64 71 82 24 27 88 5 6 31 43 44
6 48 6 37 48
43 79 43 52 64 71 82 24 27 79
49 67 49 72 88 5 52 71 82 24 27 44 55 67
64 75 64 82 24 27 88 5 75
18 79 18 59 64 53 88 5 6 31 43 44 79
8 84 8 62 72 75 88 5 52 64 82 24 27 79 84
6 48 6 16 29 48
15 81 15 30 48 88 5 52 80 81
60 55 60 55
28 24 28 41 57 72 88 5 75 82 24
42 77 42 51 59 64 71 82 24 27 44 55 58 67 72 75 88 5 52 77
33 48 33 51 67 72 75 88 5 6 37 48
27 83 27 44 79 83
72 55 72 88 5 52 64 71 82 24 27 44 55
77 80 77 75 80
16 48 16 29 48
72 79 72 75 88 5 52 71 82 24 27 79
37 79 37 49 72 88 5 79
20 86 20 39 58 77 89 86
15 66 15 22 34 66
56 53 56 82 24 27 52 64 53
34 5 34 48 52 64 71 82 24 27 88 5
8 73 8 41 50 82 24 73
26 86 26 45 50 82 24 27 44 55 58 77 75 88 5 6 86
39 72 39 58 50 82 24 27 79 88 5 72
56 6 56 64 71 82 24 27 79 88 5 6
2 55 2 9 50 60 55
72 24 72 75 82 24
31 60 31 43 44 55 58 50 60
15 6 15 22 34 79 88 5 6
34 44 34 79 88 5 75 82 24 27 44
22 24 22 34 66 77 75 82 24
14 12 14 25 12
3 9 3 9
58 79 58 77 75 88 5 79
18 32 18 20 32
60 52 60 55 58 67 82 24 27 52
23 84 23 49 72 75 82 24 27 88 5 64 53 84
59 83 59 64 53 88 5 52 71 82 24 83
19 75 19 62 72 75
22 84 22 31 56 82 24 27 44 55 67 72 75 88 5 64 53 84
85 55 85 88 5 6 37 50 60 55
8 89 8 40 78 84 89
62 50 62 72 75 82 24 27 44 55 58 50
6 67 6 16 35 39 58 50 60 55 67
20 50 20 39 58 50
21 51 21 42 51
39 88 39 58 67 82 24 27 79 88
56 37 56 64 53 88 5 6 37
41 47 41 49 72 75 88 5 6 47
37 52 37 50 60 55 58 67 72 88 5 52
1 26 1 13 26
22 64 22 34 59 64
37 50 37 52 71 82 24 27 44 55 58 50
35 86 35 39 58 77 75 88 5 52 71 82 24 27 78 84 89 86
27 71 27 44 79 88 5 75 82 24 71
4 30 4 30
1 10 1 13 0 10
15 55 15 30 29 48 52 64 71 82 24 27 44 55
85 58 85 88 5 64 71 82 24 27 44 55 58
58 52 58 67 72 88 5 52
19 79 19 82 24 27 79
4 66 4 30 34 66
27 84 27 44 79 84
1 79 1 49 72 88 5 52 71 82 24 27 79
28 82 28 37 77 75 82
13 50 13 60 55 58 50
72 5 72 88 5
59 73 59 64 71 82 24 73
22 44 22 43 44
14 89 14 25 85 88 5 52 64 82 24 27 79 84 89
21 26 21 26
57 67 57 72 88 5 52 64 82 24 27 44 55 67
16 44 16 35 39 58 67 72 88 5 6 71 82 24 27 44
4 27 4 30 48 88 5 64 71 82 24 27
4 48 4 30 29 48
60 24 60 55 58 50 82 24
60 53 60 55 67 72 75 82 24 27 44 79 88 5 64 53
64 75 64 82 24 27 88 5 75
2 48 2 23 66 77 75 88 5 6 16 29 48
21 64 21 26 45 64
3 54 3 37 51 54
22 34 22 34
20 32 20 32
14 83 14 42 62 72 75 80 81 83
7 71 7 57 82 24 27 88 5 52 71
33 86 33 51 86
88 44 88 5 64 82 24 27 44
28 82 28 37 72 88 5 75 82
25 24 25 35 39 58 50 60 55 67 82 24
82 47 82 24 27 79 88 5 6 47
39 86 39 58 77 89 86
28 24 28 77 75 82 24
13 83 13 20 88 5 6 16 44 79 83
33 5 33 51 67 72 75 88 5
23 86 23 37 59 89 86
19 16 19 43 44 79 88 5 6 16
51 86 51 59 89 86
1 66 1 7 14 28 41 66
8 81 8 28 41 70 82 24 27 88 5 6 31 43 54 81
31 79 31 56 64 71 82 24 27 52 77 75 88 5 79
60 52 60 55 67 72 88 5 52
57 55 57 67 82 24 27 44 55
4 71 4 30 44 79 88 5 75 82 24 71
15 48 15 30 34 48
82 75 82 24 27 44 55 58 77 75
58 84 58 67 72 75 88 5 64 82 24 27 79 84
49 81 49 72 75 88 5 6 16 29 48 52 80 81
85 67 85 88 5 6 71 82 24 27 44 55 67
8 57 8 28 41 57
13 53 13 29 48 52 77 75 88 5 64 53
1 88 1 39 58 77 75 88
70 79 70 82 24 27 79
8 66 8 28 41 66
16 84 16 44 79 88 5 75 82 24 27 78 84
39 55 39 58 50 60 55
49 16 49 72 88 5 6 16
56 89 56 64 71 82 24 89
42 47 42 62 72 88 5 6 47
28 81 28 64 53 80 81
15 34 15 30 34
16 81 16 44 79 88 5 72 75 80 81
22 53 22 31 56 82 24 27 79 88 5 64 53
35 24 35 39 58 67 72 88 5 6 71 82 24
3 48 3 30 48
85 84 85 88 5 75 82 24 27 79 84
13 0 13 0
14 12 14 25 12
85 83 85 88 5 75 82 24 27 79 83
19 80 19 43 44 55 58 77 75 80
1 29 1 13 29
43 73 43 44 55 67 73
41 47 41 50 82 24 27 88 5 6 47
49 58 49 72 75 88 5 6 16 35 39 58
21 86 21 42 51 67 82 24 27 78 84 89 86
28 16 28 37 72 88 5 6 16
42 89 42 51 67 82 24 89
51 75 51 59 24 27 79 88 5 6 37 72 75
16 44 16 44
14 82 14 25 85 88 5 72 75 82
18 37 18 59 64 53 88 5 6 37
11 79 11 59 24 27 44 79
57 52 57 72 75 82 24 27 52
11 80 11 59 64 53 88 5 6 47 80
3 9 3 9
34 50 34 79 88 5 52 64 82 24 27 44 55 58 50
42 73 42 62 72 75 82 24 27 44 55 67 73
35 89 35 39 58 67 72 88 5 75 82 24 89
22 77 22 43 44 55 67 82 24 27 79 88 5 52 77
57 83 57 63 83
63 83 63 83
2 61 2 23 61
13 17 13 0 10 17
28 78 28 77 75 88 5 6 31 56 64 82 24 27 78
26 5 26 45 50 82 24 27 44 79 88 5
42 54 42 51 54
3 16 3 30 48 52 64 71 82 24 27 88 5 6 16
57 79 57 72 88 5 52 77 75 82 24 27 79
85 51 85 88 5 6 37 51
82 50 82 24 27 44 55 58 50
11 71 11 59 64 71
4 89 4 70 82 24 27 79 84 89
42 47 42 62 72 75 88 5 6 47
21 24 21 42 51 59 24
37 47 37 72 88 5 6 47
15 75 15 22 43 44 79 88 5 6 77 75
21 78 21 42 62 72 88 5 6 47 75 82 24 27 78
51 24 51 59 24
21 57 21 26 28 41 57
21 77 21 58 77
15 83 15 22 34 66 77 75 80 81 83
2 78 2 33 78
70 55 70 82 24 27 44 55
43 44 43 44
20 75 20 39 58 50 60 55 67 72 75
60 75 60 55 67 72 75
58 52 58 67 72 75 88 5 64 71 82 24 27 52
42 82 42 62 72 88 5 6 47 75 82
13 67 13 0 27 44 55 58 67
21 27 21 58 77 75 82 24 27
18 84 18 20 55 58 67 72 75 88 5 64 71 82 24 27 79 84
14 37 14 28 37
18 89 18 22 34 48 52 64 71 82 24 89
28 50 28 37 50
19 27 19 82 24 27
22 55 22 34 79 88 5 52 71 82 24 27 44 55
7 71 7 62 72 88 5 6 77 75 82 24 71
23 44 23 37 59 24 27 44
35 75 35 39 58 50 60 55 67 72 88 5 75
16 83 16 29 48 75 80 81 83
82 44 82 24 27 44
26 53 26 88 5 64 53
11 58 11 88 5 52 71 82 24 27 44 55 58
22 48 22 34 48
72 81 72 88 5 64 53 80 81
28 81 28 64 71 82 24 27 79 88 5 75 80 81
3 37 3 37
16 71 16 44 55 67 72 88 5 52 71
51 44 51 67 72 88 5 75 82 24 27 44
21 83 21 26 28 82 24 27 44 79 88 5 52 77 75 80 81 83
1 13 1 13
8 32 8 28 41 70 32
14 50 14 25 85 88 5 6 37 50
16 29 16 29
11 78 11 88 5 52 64 71 82 24 27 78
15 24 15 30 44 79 88 5 6 77 75 82 24
35 55 35 39 58 77 75 88 5 64 71 82 24 27 44 55
26 53 26 45 50 60 55 58 67 82 24 27 44 79 88 5 64 53
85 44 85 88 5 75 82 24 27 44
39 27 39 58 50 60 55 67 72 75 88 5 64 71 82 24 27
2 82 2 33 67 72 88 5 75 82
11 6 11 88 5 6
70 44 70 82 24 27 44
7 81 7 64 53 80 81
26 52 26 88 5 52
25 12 25 12
60 55 60 55
18 86 18 59 64 86
49 53 49 72 88 5 6 71 82 24 27 52 64 53
59 5 59 64 82 24 27 52 77 75 88 5
14 78 14 34 66 78
56 55 56 64 82 24 27 88 5 6 31 43 44 55
3 59 3 64 53 88 5 6 16 35 59
15 6 15 22 34 48 75 88 5 6
33 81 33 67 82 24 27 88 5 52 77 75 80 81
21 37 21 26 28 37
42 72 42 62 72
37 5 37 51 67 82 24 27 52 77 75 88 5
57 81 57 67 82 24 27 79 88 5 6 77 75 80 81
11 44 11 88 5 72 75 82 24 27 44
1 67 1 39 58 67
77 55 77 75 82 24 27 44 55
22 72 22 34 79 88 5 72
21 63 21 26 28 41 57 63
59 83 59 64 82 24 27 52 77 75 88 5 79 83
6 75 6 16 35 39 58 50 60 55 67 72 75
21 66 21 26 28 41 66
70 81 70 82 24 27 52 80 81
14 48 14 34 48
1 12 1 7 14 25 12
4 60 4 49 72 88 5 52 71 82 24 27 44 55 58 50 60
51 79 51 67 72 88 5 64 82 24 27 44 79
3 89 3 38 89
7 52 7 62 72 88 5 52
62 48 62 72 75 88 5 6 37 48
62 43 62 72 75 88 5 6 31 43
26 5 26 45 50 60 55 58 77 75 88 5
7 32 7 14 28 41 70 32
3 53 3 30 29 48 52 64 53
1 67 1 39 58 67
59 81 59 64 82 24 27 88 5 72 75 80 81
35 59 35 59
1 47 1 49 72 88 5 6 47
2 6 2 9 62 72 75 88 5 6
38 89 38 89
19 43 19 43
11 58 11 59 24 27 44 55 58
51 52 51 59 64 53 88 5 52
43 83 43 52 77 75 82 24 83
14 54 14 42 51 54
33 50 33 62 72 88 5 6 16 35 39 58 50
37 75 37 49 72 88 5 75
85 6 85 88 5 6
62 82 62 72 88 5 75 82
9 73 9 50 60 55 58 67 82 24 73
13 47 13 0 27 79 88 5 6 47
49 80 49 72 88 5 52 80
3 82 3 27 88 5 72 75 82
35 6 35 39 58 77 75 88 5 6
70 29 70 82 24 27 52 77 75 88 5 6 16 29
23 84 23 66 78 84
14 70 14 28 41 70
39 5 39 58 77 75 88 5
39 84 39 58 50 60 55 67 72 88 5 52 71 82 24 27 79 84
56 27 56 82 24 27
64 75 64 53 88 5 75
62 43 62 72 88 5 6 31 43
14 16 14 42 62 72 88 5 6 16
19 64 19 56 82 24 27 44 79 88 5 64
57 86 57 82 24 27 44 79 84 89 86
2 72 2 82 24 27 52 77 75 88 5 72
49 6 49 72 88 5 6
56 27 56 64 71 82 24 27
4 16 4 23 49 72 88 5 6 16
15 64 15 26 28 64
3 32 3 9 20 32
33 61 33 61
19 5 19 56 82 24 27 44 55 67 72 75 88 5
51 47 51 67 72 88 5 6 47
20 67 20 55 67
82 84 82 24 27 78 84
42 84 42 62 72 88 5 64 82 24 27 78 84
59 73 59 64 71 82 24 73
49 75 49 72 75
82 44 82 24 27 44
30 67 30 44 55 67
39 5 39 58 77 75 88 5
64 44 64 82 24 27 44
35 73 35 59 64 53 88 5 52 71 82 24 73
85 75 85 88 5 6 71 82 24 27 52 77 75
20 48 20 39 58 77 75 88 5 6 16 29 48
22 6 22 34 66 77 75 88 5 6
35 72 35 39 58 50 60 55 67 72
18 86 18 20 40 78 84 89 86
41 24 41 49 72 88 5 6 71 82 24
7 66 7 14 34 66
51 73 51 67 73
49 64 49 72 75 82 24 27 52 64
60 71 60 55 67 82 24 27 79 88 5 52 71
2 83 2 9 20 39 58 50 60 55 67 82 24 27 88 5 52 80 81 83
21 71 21 42 62 72 88 5 75 82 24 71
20 48 20 56 82 24 27 44 55 67 72 88 5 6 16 29 48
27 44 27 44
22 24 22 34 48 88 5 75 82 24
1 44 1 2 82 24 27 44
1 66 1 13 28 41 66
35 84 35 59 24 27 79 84
18 80 18 59 64 71 82 24 27 79 88 5 72 75 80
2 73 2 33 51 67 73
51 24 51 67 72 75 82 24
58 24 58 50 82 24
8 57 8 28 41 57
72 44 72 88 5 6 77 75 82 24 27 44
19 83 19 82 24 27 88 5 72 75 80 81 83
62 37 62 72 88 5 6 37
30 81 30 34 59 64 71 82 24 27 52 77 75 80 81
22 53 22 34 48 52 64 53
85 81 85 88 5 64 82 24 27 52 80 81
11 24 11 59 64 71 82 24
25 81 25 85 88 5 6 47 80 81
19 5 19 62 72 88 5
42 51 42 51
3 20 3 9 20
22 34 22 34
56 54 56 64 71 82 24 27 44 79 88 5 6 31 43 54
14 73 14 25 82 24 73
72 5 72 88 5
7 54 7 62 72 75 82 24 27 52 64 53 88 5 6 31 43 54
40 84 40 78 84
41 81 41 70 81
6 52 6 16 44 79 88 5 52
35 27 35 59 64 82 24 27
85 71 85 88 5 6 77 75 82 24 71
28 6 28 77 75 88 5 6
3 50 3 37 50
56 72 56 64 82 24 27 52 77 75 88 5 72
3 89 3 64 71 82 24 89
41 81 41 66 77 75 80 81
1 45 1 13 0 45
18 72 18 20 56 64 82 24 27 44 55 67 72
20 5 20 55 67 72 88 5
28 80 28 64 53 88 5 52 80
64 52 64 82 24 27 88 5 52
28 32 28 41 70 32
15 27 15 26 42 62 72 88 5 75 82 24 27
14 75 14 42 62 72 75
39 48 39 58 77 75 88 5 6 16 29 48
18 6 18 22 43 44 55 67 72 88 5 6
1 30 1 13 0 10 30
70 47 70 82 24 27 44 79 88 5 6 47
9 73 9 20 55 67 73
27 71 27 79 88 5 52 77 75 82 24 71
56 44 56 82 24 27 44
39 72 39 58 67 72
9 67 9 62 72 75 82 24 27 44 55 67
11 64 11 59 64
31 6 31 56 64 71 82 24 27 44 79 88 5 6
60 5 60 55 67 82 24 27 88 5
85 59 85 88 5 6 37 51 59
59 79 59 64 53 88 5 6 71 82 24 27 79
8 16 8 9 50 82 24 27 44 79 88 5 6 16
19 58 19 43 44 55 58
1 48 1 13 29 48
28 88 28 77 75 88
3 32 3 9 20 32
19 16 19 56 64 82 24 27 79 88 5 6 16
26 32 26 28 41 70 32
2 27 2 82 24 27
33 53 33 67 72 88 5 64 53
20 83 20 55 67 82 24 27 52 77 75 80 81 83
14 55 14 42 62 72 75 88 5 6 37 48 52 71 82 24 27 44 55
62 75 62 72 88 5 75
11 77 11 59 24 27 44 55 67 72 75 88 5 6 77
33 61 33 61
11 48 11 59 64 82 24 27 44 79 88 5 6 16 29 48
13 29 13 29
59 55 59 64 71 82 24 27 44 55
62 79 62 72 88 5 6 37 52 64 71 82 24 27 79
2 58 2 33 49 72 88 5 6 47 75 82 24 27 44 55 58
14 70 14 28 41 70
14 32 14 28 41 70 32
35 52 35 39 58 67 82 24 27 52
15 66 15 26 28 41 66
15 75 15 22 34 48 75
20 71 20 88 5 52 77 75 82 24 71
82 29 82 24 27 44 55 67 72 88 5 6 16 29
6 47 6 47
33 5 33 62 72 88 5
30 79 30 44 79
4 75 4 49 72 75
49 53 49 72 88 5 64 53
62 37 62 72 88 5 6 37
8 60 8 28 41 50 60
35 50 35 39 58 50
11 47 11 59 64 53 88 5 6 47
35 43 35 39 58 50 82 24 27 52 77 75 88 5 6 31 43
8 80 8 62 72 75 80
6 79 6 71 82 24 27 79
43 54 43 54
41 5 41 50 60 55 58 77 75 88 5
28 79 28 37 72 75 82 24 27 52 64 53 88 5 79
56 64 56 64
43 86 43 44 84 89 86
19 72 19 62 72
13 10 13 0 10
28 57 28 41 57
85 72 85 88 5 64 71 82 24 27 44 55 58 67 72
16 44 16 44
14 45 14 25 12 45
8 63 8 28 41 63
31 51 31 43 52 77 75 88 5 6 37 51
19 24 19 43 52 64 82 24
33 5 33 49 72 88 5
13 5 13 26 88 5
26 86 26 42 62 72 86
22 24 22 31 43 44 79 88 5 72 75 82 24
2 78 2 78
7 66 7 14 28 41 66
31 67 31 43 44 55 67
7 48 7 14 34 48
25 71 25 82 24 71
37 83 37 51 67 82 24 83
9 73 9 50 60 55 58 77 75 82 24 73
26 81 26 45 50 60 55 58 77 75 80 81
58 44 58 67 72 75 82 24 27 44
35 71 35 59 64 53 88 5 6 47 75 82 24 71
15 89 15 30 44 79 84 89
34 71 34 48 88 5 52 71
33 50 33 67 72 75 88 5 52 71 82 24 27 44 55 58 50
41 73 41 50 60 55 58 67 82 24 73
77 75 77 75
2 79 2 9 62 72 88 5 52 71 82 24 27 79
2 82 2 23 66 77 75 82
35 84 35 59 64 53 84
58 73 58 67 82 24 73
64 48 64 71 82 24 27 88 5 6 37 48
8 75 8 62 72 88 5 75
77 81 77 75 80 81
30 53 30 48 52 64 53
57 84 57 72 88 5 79 84
72 29 72 75 88 5 6 16 29
22 6 22 43 44 79 88 5 6
33 29 33 49 72 75 88 5 6 16 29
15 84 15 22 43 44 84
14 16 14 42 51 67 82 24 27 52 77 75 88 5 6 16
14 51 14 42 51
37 73 37 59 24 73
14 6 14 42 51 67 72 88 5 6
58 52 58 50 60 55 67 72 88 5 52
56 71 56 82 24 27 52 71
35 73 35 59 64 71 82 24 27 44 55 67 73
57 53 57 72 75 88 5 64 53
16 48 16 29 48
2 51 2 33 51
1 64 1 7 43 52 64
15 30 15 30
21 84 21 26 88 5 64 53 84
64 44 64 71 82 24 27 44
16 83 16 35 39 58 50 82 24 83
42 43 42 51 59 64 82 24 27 52 77 75 88 5 6 31 43
21 50 21 58 50
8 83 8 62 72 75 80 81 83
42 44 42 51 67 82 24 27 44
77 71 77 75 82 24 27 88 5 52 64 71
43 54 43 54
18 79 18 20 39 58 67 72 88 5 52 77 75 82 24 27 44 79
18 24 18 59 64 82 24
82 81 82 24 27 44 79 88 5 75 80 81
13 55 13 60 55
7 45 7 14 25 12 45
82 52 82 24 27 44 79 88 5 52
8 57 8 28 41 57
15 5 15 30 48 88 5
15 24 15 22 31 43 44 79 88 5 52 77 75 82 24
13 84 13 0 10 17 70 82 24 27 78 84
18 47 18 20 88 5 6 47
41 5 41 49 72 88 5
39 75 39 58 77 75
26 84 26 45 77 75 88 5 52 71 82 24 27 79 84
11 59 11 59
35 50 35 39 58 50
26 44 26 88 5 75 82 24 27 44
37 67 37 59 64 53 88 5 6 31 43 52 77 75 82 24 27 44 55 67
62 53 62 72 75 88 5 64 53
34 24 34 59 24
2 71 2 56 82 24 71
88 80 88 5 52 80
35 29 35 59 64 71 82 24 27 52 77 75 88 5 6 16 29
31 5 31 43 52 64 53 88 5
21 24 21 26 45 50 82 24
26 5 26 28 64 71 82 24 27 52 77 75 88 5
1 77 1 49 72 88 5 52 77
28 88 28 77 75 82 24 27 44 79 88
11 78 11 88 5 64 82 24 27 78
11 77 11 88 5 64 71 82 24 27 52 77
26 75 26 28 64 71 82 24 27 52 77 75
2 32 2 9 20 32
11 71 11 88 5 75 82 24 71
49 50 49 72 75 82 24 27 79 88 5 6 16 44 55 58 50
14 79 14 34 59 24 27 79
1 45 1 7 14 25 12 45
43 75 43 52 64 53 88 5 6 77 75
3 54 3 37 52 64 71 82 24 27 88 5 6 31 43 54
72 83 72 88 5 64 71 82 24 27 79 83
70 80 70 82 24 27 44 79 88 5 75 80
39 88 39 58 67 72 75 88
21 26 21 26
4 79 4 49 72 75 82 24 27 88 5 79
85 24 85 88 5 6 47 75 82 24
9 67 9 50 60 55 67
59 53 59 64 53
23 66 23 66
42 89 42 62 72 88 5 52 64 71 82 24 89
42 58 42 51 67 72 88 5 52 71 82 24 27 44 55 58
6 47 6 47
62 55 62 72 75 88 5 64 71 82 24 27 44 55
49 82 49 72 88 5 52 77 75 82
56 71 56 64 53 88 5 52 71
15 75 15 30 29 48 52 64 71 82 24 27 79 88 5 75
23 48 23 66 77 75 88 5 6 16 29 48
88 80 88 5 6 31 43 52 80
9 55 9 50 60 55
33 24 33 62 72 75 88 5 52 71 82 24
1 48 1 13 29 48
28 44 28 37 77 75 82 24 27 44
35 86 35 59 89 86
11 43 11 59 64 53 88 5 6 31 43
62 67 62 72 75 88 5 64 71 82 24 27 44 55 58 67
13 50 13 29 48 88 5 72 75 82 24 27 44 55 58 50
2 84 2 78 84
28 79 28 37 49 72 75 88 5 6 71 82 24 27 44 79
15 83 15 30 48 75 88 5 52 71 82 24 83
3 64 3 30 34 79 88 5 52 64
3 83 3 82 24 83
19 27 19 43 52 64 71 82 24 27
1 77 1 13 60 55 58 67 82 24 27 44 79 88 5 52 77
1 84 1 2 23 49 72 75 88 5 79 84
56 79 56 82 24 27 79
51 50 51 67 82 24 27 44 55 58 50
43 80 43 44 79 88 5 6 47 80
85 60 85 88 5 6 71 82 24 27 44 55 58 50 60
39 5 39 58 77 75 82 24 27 79 88 5
42 72 42 62 72
42 52 42 51 59 64 71 82 24 27 52
59 52 59 24 27 88 5 52
31 79 31 43 52 71 82 24 27 79
7 66 7 14 28 41 66
31 60 31 56 64 53 88 5 6 37 50 60
62 72 62 72
42 59 42 51 59
31 47 31 56 64 53 88 5 6 47
59 44 59 24 27 44
3 55 3 30 48 52 71 82 24 27 44 55
1 61 1 13 0 10 17 33 61
18 72 18 22 34 79 88 5 6 16 44 55 67 72
4 82 4 70 82
4 58 4 30 44 55 58
4 53 4 70 82 24 27 52 64 53
15 67 15 22 34 48 88 5 52 71 82 24 27 44 55 58 67
85 27 85 88 5 52 64 71 82 24 27
15 6 15 30 48 75 88 5 6
43 83 43 54 81 83
85 67 85 88 5 6 16 35 39 58 50 60 55 67
3 84 3 9 20 55 58 67 82 24 27 79 88 5 6 31 43 44 84
2 24 2 56 82 24
56 71 56 64 82 24 71
2 5 2 9 50 60 55 67 72 88 5
1 53 1 37 51 59 64 53
22 47 22 34 59 64 71 82 24 27 44 55 67 72 75 88 5 6 47
77 84 77 75 88 5 6 31 56 64 71 82 24 27 79 84
9 71 9 71
21 47 21 42 62 72 88 5 6 47
42 75 42 51 67 72 88 5 75
27 71 27 79 88 5 72 75 82 24 71
42 79 42 62 72 88 5 52 71 82 24 27 79
56 67 56 64 71 82 24 27 44 55 58 67
15 37 15 26 88 5 6 37
21 83 21 26 88 5 64 53 80 81 83
1 73 1 13 29 48 75 82 24 73
16 5 16 29 48 52 64 53 88 5
42 67 42 51 67
35 83 35 39 58 77 75 80 81 83
15 79 15 30 34 66 77 75 88 5 52 64 71 82 24 27 79
7 73 7 14 42 51 59 64 71 82 24 27 44 55 58 67 73
2 84 2 23 66 78 84
37 67 37 50 60 55 67
37 79 37 51 67 72 88 5 64 71 82 24 27 79
23 84 23 66 78 84
11 83 11 88 5 75 80 81 83
34 73 34 79 88 5 72 75 82 24 73
60 67 60 55 67
1 72 1 2 33 49 72
7 80 7 43 52 77 75 82 24 27 44 79 88 5 64 53 80
28 66 28 41 66
2 66 2 23 66
64 81 64 71 82 24 27 44 55 58 67 72 75 80 81
31 83 31 56 82 24 27 88 5 64 53 80 81 83
7 73 7 14 59 64 71 82 24 73
4 78 4 30 34 66 78
39 44 39 58 77 75 88 5 64 71 82 24 27 44
28 43 28 41 57 72 75 88 5 6 31 43
56 84 56 64 82 24 27 44 84
7 12 7 14 25 12
64 5 64 82 24 27 88 5
70 81 70 81
59 80 59 64 82 24 27 88 5 52 77 75 80
15 44 15 22 43 44
25 44 25 33 49 72 88 5 64 71 82 24 27 44
49 78 49 72 88 5 6 31 43 52 71 82 24 27 78
56 88 56 64 82 24 27 52 77 75 88
41 66 41 66
77 83 77 75 80 81 83
26 52 26 28 35 59 24 27 52
3 72 3 27 88 5 72
42 88 42 51 59 24 27 79 88
2 64 2 56 64
35 86 35 39 58 50 60 55 84 89 86
15 44 15 30 44
21 81 21 42 51 80 81
42 73 42 51 59 64 71 82 24 73
42 55 42 51 59 64 71 82 24 27 44 55
13 80 13 60 55 58 67 72 88 5 64 71 82 24 27 52 80
43 54 43 54
30 67 30 34 59 64 53 88 5 52 77 75 82 24 27 44 55 67
42 52 42 51 67 72 75 82 24 27 52
20 75 20 88 5 72 75
22 66 22 34 66
34 50 34 48 75 88 5 52 64 71 82 24 27 44 55 58 50
31 53 31 56 64 53
37 44 37 51 67 82 24 27 44
14 72 14 28 64 71 82 24 27 44 55 67 72
62 44 62 72 75 88 5 6 31 56 82 24 27 44
23 79 23 49 72 75 88 5 64 82 24 27 44 79
1 78 1 78
72 47 72 88 5 6 47
4 83 4 70 82 24 83
9 50 9 50
4 73 4 70 82 24 73
72 73 72 88 5 64 71 82 24 73
85 71 85 88 5 52 64 71
31 44 31 43 44
25 44 25 79 88 5 72 75 82 24 27 44
89 86 89 86
23 83 23 37 48 75 80 81 83
1 25 1 7 14 25
41 75 41 66 77 75
8 54 8 9 20 88 5 6 37 51 54
88 50 88 5 64 71 82 24 27 44 55 58 50
1 77 1 39 58 77
3 72 3 37 49 72
39 81 39 58 67 82 24 27 52 64 53 80 81
41 71 41 50 82 24 71
56 6 56 64 53 88 5 6
72 53 72 75 82 24 27 79 88 5 52 64 53
18 59 18 59
4 61 4 23 61
14 44 14 25 35 39 58 67 82 24 27 44
62 75 62 72 88 5 75
28 44 28 41 50 60 55 67 82 24 27 44
23 47 23 66 77 75 88 5 6 47
16 55 16 44 55
56 16 56 64 53 88 5 6 16
70 84 70 82 24 27 78 84
14 75 14 59 64 71 82 24 27 79 88 5 72 75
42 84 42 62 72 75 88 5 64 71 82 24 27 79 84
21 77 21 58 77
15 84 15 26 28 82 24 27 78 84
72 24 72 88 5 6 71 82 24
2 66 2 23 66
21 53 21 42 62 72 88 5 64 53
11 86 11 88 5 75 82 24 89 86
21 79 21 26 88 5 79
59 50 59 64 53 88 5 52 77 75 82 24 27 44 55 58 50
28 53 28 37 48 52 64 53
56 43 56 64 53 88 5 6 31 43
2 27 2 23 37 48 75 82 24 27
3 66 3 30 34 66
7 75 7 43 44 79 88 5 52 77 75
59 79 59 64 71 82 24 27 79
28 71 28 35 59 24 71
3 77 3 30 34 66 77
28 72 28 64 53 88 5 72
57 84 57 78 84
35 67 35 59 24 27 44 55 67
1 55 1 13 20 55
59 44 59 24 27 44
14 60 14 34 48 88 5 6 16 44 55 58 50 60
28 86 28 37 49 72 88 5 89 86
30 29 30 29
13 86 13 29 48 88 5 6 16 86
8 63 8 41 63
8 44 8 41 57 72 75 88 5 6 16 44
20 75 20 39 58 50 60 55 67 72 75
57 53 57 67 82 24 27 52 77 75 88 5 64 53
39 84 39 58 50 60 55 67 72 75 82 24 27 44 79 84
4 60 4 23 37 50 60
28 48 28 35 59 64 71 82 24 27 52 77 75 88 5 6 16 29 48
19 84 19 62 72 88 5 6 71 82 24 27 44 84
1 25 1 7 14 25
19 75 19 62 72 75
49 81 49 72 75 80 81
18 34 18 22 34
8 71 8 28 37 72 88 5 6 47 75 82 24 71
1 5 1 13 20 88 5
82 44 82 24 27 44
2 86 2 23 66 78 84 89 86
35 43 35 39 58 67 82 24 27 79 88 5 6 31 43
2 32 2 9 20 32
18 50 18 20 55 58 50
4 78 4 23 66 78
1 33 1 7 14 25 33
14 59 14 34 59
18 58 18 20 39 58
34 50 34 79 88 5 64 71 82 24 27 44 55 58 50
15 59 15 30 29 48 75 88 5 6 16 35 59
19 82 19 43 52 71 82
41 32 41 70 32
21 71 21 42 51 67 72 75 82 24 71
31 5 31 43 52 77 75 88 5
27 81 27 79 88 5 64 53 80 81
33 67 33 51 67
82 44 82 24 27 44
8 51 8 41 50 82 24 27 52 77 75 88 5 6 37 51
59 24 59 24
30 80 30 34 48 52 71 82 24 27 44 55 58 67 72 75 88 5 6 31 56 64 53 80
22 55 22 43 52 64 71 82 24 27 44 55
60 73 60 55 58 77 75 88 5 6 37 52 71 82 24 73
22 67 22 43 44 55 67
33 67 33 67
20 75 20 56 82 24 27 79 88 5 6 77 75
14 71 14 25 62 72 75 82 24 27 79 88 5 52 64 71
70 52 70 82 24 27 52
56 75 56 64 82 24 27 52 77 75
60 50 60 55 58 50
42 5 42 51 67 72 75 88 5
21 71 21 42 51 67 82 24 27 79 88 5 52 71
62 52 62 72 88 5 52
7 81 7 43 52 80 81
31 79 31 56 82 24 27 44 79
23 73 23 49 72 75 82 24 73
18 27 18 20 55 58 67 72 88 5 6 37 52 71 82 24 27
85 44 85 88 5 75 82 24 27 44
2 24 2 23 49 72 88 5 75 82 24
25 73 25 85 88 5 72 75 82 24 73
4 55 4 30 44 55
88 48 88 5 6 16 29 48
8 41 8 41
18 82 18 20 56 64 82
51 50 51 67 82 24 27 44 55 58 50
57 44 57 82 24 27 44
1 27 1 13 60 55 58 77 75 82 24 27
25 55 25 79 88 5 75 82 24 27 44 55
42 84 42 62 72 88 5 64 53 84
56 79 56 64 82 24 27 79
89 86 89 86
6 71 6 71
42 51 42 51
31 52 31 43 52
1 34 1 7 14 34
19 67 19 56 64 82 24 27 44 55 67
15 89 15 22 34 59 24 27 78 84 89
23 61 23 61
2 6 2 9 71 82 24 27 52 64 53 88 5 6
23 73 23 37 50 60 55 67 82 24 73
15 75 15 30 29 48 75
62 47 62 72 75 88 5 6 47
18 58 18 22 34 48 52 71 82 24 27 44 55 58
82 53 82 24 27 44 55 67 72 88 5 64 53
41 47 41 57 72 75 88 5 6 47
82 75 82 24 27 88 5 75
39 75 39 58 77 75
30 75 30 29 48 75
8 79 8 9 62 72 88 5 79
27 84 27 44 84
20 67 20 55 67
3 34 3 30 34
18 81 18 59 64 82 24 27 44 55 58 67 72 75 88 5 6 47 80 81
60 73 60 55 67 73
35 52 35 59 64 53 88 5 75 82 24 27 52
42 79 42 62 72 88 5 6 37 51 59 64 71 82 24 27 79
51 52 51 59 24 27 52
18 51 18 59 64 82 24 27 52 77 75 88 5 6 37 51
28 64 28 82 24 27 44 55 58 77 75 88 5 64
63 83 63 83
4 88 4 70 82 24 27 44 79 88
2 83 2 33 51 59 64 82 24 83
21 64 21 42 62 72 88 5 64
35 37 35 39 58 77 75 82 24 27 88 5 6 37
51 5 51 59 24 27 52 64 53 88 5
33 73 33 49 72 75 88 5 6 37 50 82 24 73
9 81 9 71 82 24 27 52 64 53 88 5 72 75 80 81
30 75 30 48 88 5 75
23 75 23 66 77 75
14 78 14 34 66 78
21 32 21 26 28 41 70 32
15 45 15 26 45
51 83 51 54 81 83
31 64 31 56 64
38 89 38 89
19 75 19 43 44 55 58 77 75
20 80 20 55 58 77 75 80
7 29 7 43 52 77 75 88 5 6 16 29
6 71 6 88 5 72 75 82 24 71
41 24 41 70 82 24
19 5 19 82 24 27 44 79 88 5
89 86 89 86
15 34 15 22 34
62 53 62 72 75 88 5 64 53
35 75 35 39 58 50 60 55 67 72 75
30 73 30 34 59 64 53 88 5 52 71 82 24 27 44 55 58 67 73
70 79 70 82 24 27 44 79
51 52 51 67 82 24 27 52
1 20 1 2 9 20
34 71 34 59 24 71
27 55 27 44 55
57 48 57 72 75 88 5 6 16 29 48
22 50 22 34 48 52 64 53 88 5 72 75 82 24 27 44 55 58 50
35 58 35 39 58
34 75 34 48 75
31 84 31 43 52 71 82 24 27 78 84
28 53 28 64 53
18 34 18 22 34
19 72 19 62 72
34 66 34 66
25 86 25 62 72 86
6 80 6 71 82 24 27 88 5 52 64 53 80
4 88 4 30 48 75 82 24 27 88
3 66 3 30 34 66
35 72 35 39 58 50 60 55 67 72
9 73 9 50 82 24 73
15 70 15 26 28 41 70
58 75 58 50 82 24 27 88 5 52 77 75
85 55 85 88 5 72 75 82 24 27 44 55
3 52 3 64 71 82 24 27 44 79 88 5 52
9 48 9 62 72 88 5 6 16 29 48
3 83 3 82 24 27 88 5 6 77 75 80 81 83
16 80 16 44 55 67 72 88 5 75 80
85 16 85 88 5 6 16
14 78 14 42 51 59 24 27 78
42 80 42 51 80
7 73 7 14 59 24 73
35 50 35 39 58 50
3 32 3 9 20 32
27 86 27 52 64 53 88 5 6 86
77 44 77 75 88 5 64 71 82 24 27 44
1 10 1 13 0 10
30 75 30 48 75
57 52 57 82 24 27 44 79 88 5 52
13 83 13 0 27 79 88 5 64 53 80 81 83
18 5 18 59 64 53 88 5
7 67 7 14 42 51 67
62 54 62 72 88 5 6 31 43 54
42 64 42 51 59 24 27 52 64
22 55 22 43 44 55
58 79 58 50 60 55 67 72 75 88 5 79
6 83 6 88 5 72 75 80 81 83
1 32 1 13 0 20 32
34 67 34 59 64 71 82 24 27 88 5 6 37 51 67
15 44 15 30 44
31 24 31 56 82 24
2 82 2 56 64 53 88 5 75 82
33 79 33 49 72 75 82 24 27 88 5 79
3 73 3 30 48 52 64 53 88 5 72 75 82 24 73
82 83 82 24 27 79 83
30 47 30 44 55 67 72 75 88 5 6 47
2 59 2 33 51 59
39 86 39 58 67 82 24 89 86
49 6 49 72 75 88 5 6
23 52 23 49 72 88 5 75 82 24 27 52
3 81 3 37 77 75 80 81
1 79 1 2 23 66 77 75 88 5 79
7 83 7 62 72 88 5 52 71 82 24 83
56 79 56 82 24 27 44 79
18 48 18 22 34 48
4 48 4 30 29 48
25 24 25 79 88 5 6 47 75 82 24
13 10 13 0 10
14 24 14 34 59 24
59 5 59 64 53 88 5
34 66 34 66
35 78 35 59 64 71 82 24 27 78
16 29 16 29
56 81 56 82 24 27 79 88 5 75 80 81
70 81 70 82 24 27 79 88 5 72 75 80 81
42 72 42 62 72
15 45 15 26 45
11 72 11 88 5 52 71 82 24 27 44 55 67 72
77 55 77 75 82 24 27 44 55
18 44 18 20 56 64 53 88 5 6 16 44
1 20 1 2 9 20
22 88 22 34 59 64 71 82 24 27 52 77 75 88
62 72 62 72
18 82 18 59 64 71 82
23 86 23 66 78 84 89 86
19 83 19 62 72 88 5 6 31 43 54 81 83
6 50 6 37 50
22 82 22 31 43 52 64 82
9 75 9 50 60 55 67 82 24 27 44 79 88 5 75
4 86 4 82 24 27 78 84 89 86
13 50 13 20 55 58 50
2 82 2 23 49 72 75 82
37 53 37 48 75 82 24 27 79 88 5 64 53
15 73 15 30 29 48 75 82 24 73
18 64 18 59 64
23 79 23 49 72 88 5 79
49 60 49 72 75 82 24 27 44 55 58 50 60
25 47 25 79 88 5 6 47
72 81 72 88 5 52 64 53 80 81
42 75 42 51 67 72 88 5 75
21 72 21 42 62 72
42 73 42 51 67 82 24 73
23 52 23 66 77 75 82 24 27 88 5 52
41 47 41 57 72 88 5 6 47
28 55 28 82 24 27 44 55
15 58 15 22 31 56 82 24 27 44 55 58
15 27 15 22 34 59 24 27
7 29 7 62 72 75 82 24 27 79 88 5 6 16 29
4 60 4 23 66 77 75 82 24 27 79 88 5 6 31 43 44 55 58 50 60
22 79 22 34 79
21 53 21 42 62 72 75 82 24 27 79 88 5 64 53
18 53 18 20 39 58 77 75 88 5 64 53
4 64 4 49 72 75 82 24 27 88 5 6 37 52 64
18 5 18 22 34 48 88 5
89 86 89 86
26 81 26 45 50 82 24 27 44 79 88 5 72 75 80 81
39 6 39 58 50 60 55 67 82 24 27 79 88 5 6
21 41 21 26 28 41
85 77 85 88 5 6 77
9 32 9 20 32
70 86 70 82 24 89 86
59 29 59 24 27 52 64 53 88 5 6 16 29
4 43 4 23 37 48 75 88 5 6 31 43
49 77 49 72 75 88 5 64 71 82 24 27 52 77
1 51 1 37 51
49 89 49 72 88 5 64 53 84 89
19 5 19 62 72 75 88 5
39 75 39 58 77 75
60 71 60 55 58 67 72 88 5 6 31 43 52 71
70 67 70 82 24 27 44 55 67
82 84 82 24 27 79 88 5 52 64 53 84
35 77 35 39 58 77
31 37 31 43 52 77 75 82 24 27 44 55 58 67 72 88 5 6 37
58 55 58 50 60 55
62 44 62 72 75 82 24 27 44
72 29 72 88 5 6 16 29
49 48 49 72 75 88 5 6 16 29 48
26 52 26 28 77 75 82 24 27 88 5 6 37 52
25 50 25 35 39 58 50
19 58 19 43 44 55 58
11 77 11 59 64 71 82 24 27 52 77
13 71 13 29 48 75 82 24 27 44 79 88 5 6 71
72 52 72 88 5 64 71 82 24 27 52
70 83 70 82 24 27 88 5 6 16 44 79 83
41 67 41 57 67
23 73 23 37 72 75 82 24 73
51 67 51 67
6 44 6 71 82 24 27 44
42 72 42 51 59 64 53 88 5 72
8 75 8 9 71 82 24 27 44 79 88 5 75
43 54 43 54
25 29 25 12 29
28 81 28 37 51 80 81
35 52 35 59 24 27 52
49 52 49 72 75 88 5 52
4 89 4 49 72 75 82 24 27 78 84 89
39 86 39 58 67 72 86
31 79 31 56 64 82 24 27 79
28 84 28 41 70 82 24 27 44 79 84
27 50 27 44 55 58 50
85 6 85 88 5 6
85 5 85 88 5
14 16 14 25 62 72 88 5 6 16
4 72 4 49 72
13 86 13 29 48 75 88 5 52 77 89 86
18 80 18 20 39 58 67 82 24 27 44 79 88 5 6 16 29 48 75 80
3 84 3 64 71 82 24 27 52 77 75 88 5 79 84
42 77 42 51 59 64 71 82 24 27 52 77
88 5 88 5
35 5 35 59 64 53 88 5
1 20 1 13 0 20
21 44 21 58 50 82 24 27 44
13 61 13 0 10 17 33 61
11 84 11 88 5 79 84
8 32 8 41 70 32
39 81 39 58 50 60 55 67 82 24 27 88 5 75 80 81
9 81 9 71 82 24 27 52 80 81
25 24 25 35 39 58 67 72 75 82 24
4 61 4 23 61
25 73 25 62 72 88 5 64 71 82 24 73
31 53 31 43 44 55 58 50 82 24 27 79 88 5 64 53
37 54 37 51 54
77 50 77 75 88 5 64 71 82 24 27 44 55 58 50
70 75 70 82 24 27 44 79 88 5 6 47 75
8 72 8 41 49 72
88 53 88 5 64 53
23 81 23 66 77 75 80 81
18 60 18 20 39 58 50 60
27 79 27 79
3 29 3 64 71 82 24 27 52 77 75 88 5 6 16 29
3 20 3 9 20
51 52 51 67 82 24 27 52
18 27 18 59 64 71 82 24 27
59 73 59 64 71 82 24 73
22 75 22 34 48 88 5 52 77 75
23 47 23 49 72 88 5 6 47
22 77 22 43 52 77
21 72 21 42 62 72
60 52 60 55 58 50 82 24 27 52
28 83 28 82 24 27 79 83
85 24 85 88 5 75 82 24
49 83 49 72 75 82 24 27 88 5 52 80 81 83
41 44 41 50 82 24 27 44
23 29 23 66 77 75 88 5 6 16 29
49 73 49 72 88 5 75 82 24 73
43 48 43 44 55 58 67 72 88 5 6 16 29 48
13 79 13 29 48 75 88 5 6 31 56 82 24 27 79
49 16 49 72 88 5 6 16
21 57 21 26 28 41 57
85 5 85 88 5
33 47 33 49 72 88 5 6 47
41 81 41 66 77 75 88 5 6 31 43 54 81
59 67 59 64 71 82 24 27 52 77 75 88 5 6 31 43 44 55 58 67
58 79 58 77 75 88 5 52 71 82 24 27 79
35 59 35 59
18 5 18 59 64 71 82 24 27 52 77 75 88 5
88 73 88 5 52 77 75 82 24 73
20 32 20 32
20 80 20 39 58 77 75 88 5 52 64 53 80
3 73 3 30 29 48 52 71 82 24 27 44 55 67 73
2 86 2 82 24 27 44 84 89 86
8 82 8 28 37 50 82
72 50 72 75 88 5 6 16 29 48 52 71 82 24 27 44 55 58 50
64 5 64 53 88 5
6 79 6 88 5 72 75 82 24 27 79
41 55 41 50 60 55
51 80 51 80
41 73 41 70 82 24 73
21 88 21 26 42 62 72 88
23 44 23 66 77 75 88 5 52 71 82 24 27 44
19 86 19 38 89 86
22 82 22 31 43 52 64 53 88 5 72 75 82
62 59 62 72 88 5 6 16 35 59
62 81 62 72 75 80 81
64 86 64 71 82 24 89 86
20 44 20 88 5 6 31 43 44
35 71 35 59 64 71
11 16 11 59 64 71 82 24 27 44 55 58 77 75 88 5 6 16
2 71 2 9 71
11 84 11 88 5 6 31 43 52 64 71 82 24 27 44 84
49 67 49 72 75 82 24 27 44 55 58 67
37 29 37 50 82 24 27 52 77 75 88 5 6 16 29
51 73 51 59 64 53 88 5 75 82 24 73
2 75 2 9 20 56 64 53 88 5 75
28 59 28 35 59
42 52 42 62 72 88 5 52
1 9 1 2 9
42 5 42 62 72 75 82 24 27 88 5
4 23 4 23
13 54 13 26 42 51 54
49 86 49 72 88 5 89 86
28 64 28 37 59 64
21 84 21 58 50 60 55 67 72 88 5 79 84
60 47 60 55 67 82 24 27 44 79 88 5 6 47
22 54 22 43 54
15 16 15 30 48 75 88 5 6 16
6 29 6 16 29
25 12 25 12
1 79 1 13 20 55 67 82 24 27 79
72 67 72 88 5 75 82 24 27 44 55 67
9 80 9 62 72 75 80
35 78 35 59 64 71 82 24 27 78
16 50 16 35 39 58 50
15 88 15 22 31 43 44 79 88
16 73 16 29 48 88 5 72 75 82 24 73
14 24 14 42 62 72 88 5 75 82 24
28 71 28 82 24 71
4 24 4 82 24
7 84 7 64 53 84
25 5 25 33 49 72 75 88 5
2 58 2 9 71 82 24 27 52 77 75 88 5 6 31 43 44 55 58
27 79 27 79
58 86 58 50 60 55 67 82 24 27 78 84 89 86
33 47 33 67 82 24 27 44 79 88 5 6 47
41 75 41 70 82 24 27 52 77 75
20 50 20 39 58 50
85 55 85 88 5 6 47 75 82 24 27 44 55
34 81 34 79 88 5 64 53 80 81
26 54 26 42 51 54
43 24 43 52 71 82 24
20 73 20 55 67 73
20 73 20 39 58 50 60 55 67 73
56 6 56 64 53 88 5 6
21 80 21 58 77 75 88 5 6 37 52 64 53 80
3 30 3 30
7 67 7 57 82 24 27 44 55 67
28 57 28 41 57
11 54 11 59 64 82 24 27 88 5 6 31 43 54
19 6 19 56 64 82 24 27 88 5 6
14 59 14 59
11 27 11 59 24 27
28 37 28 37
41 53 41 49 72 75 82 24 27 79 88 5 64 53
41 44 41 57 67 82 24 27 44
26 32 26 28 41 70 32
88 53 88 5 75 82 24 27 52 64 53
3 54 3 37 51 54
35 60 35 39 58 50 60
22 48 22 34 48
56 72 56 64 71 82 24 27 88 5 72
19 24 19 43 44 79 88 5 75 82 24
77 48 77 75 88 5 6 37 48
11 24 11 59 24
85 52 85 88 5 52
51 52 51 67 82 24 27 52
2 51 2 23 37 51
77 24 77 75 88 5 64 71 82 24
21 59 21 26 42 51 59
7 79 7 14 34 79
27 73 27 44 55 58 67 72 75 82 24 73
22 67 22 43 52 64 82 24 27 44 55 67
19 58 19 56 82 24 27 44 55 58
21 71 21 58 50 82 24 27 52 71
82 83 82 24 27 79 83
37 24 37 59 24
26 75 26 42 51 59 64 71 82 24 27 52 77 75
9 24 9 50 60 55 58 77 75 88 5 6 31 43 52 71 82 24
15 71 15 30 34 48 88 5 75 82 24 71
43 84 43 44 84
1 32 1 2 23 32
43 54 43 54
16 53 16 29 48 88 5 64 53
6 75 6 71 82 24 27 44 79 88 5 72 75
42 16 42 62 72 88 5 6 16
8 88 8 62 72 75 88
1 88 1 39 58 50 60 55 67 72 75 88
35 88 35 59 24 27 79 88
9 55 9 50 60 55
11 55 11 59 64 53 88 5 6 71 82 24 27 44 55
41 50 41 70 82 24 27 44 55 58 50
2 43 2 9 71 82 24 27 79 88 5 6 31 43
11 77 11 59 64 71 82 24 27 52 77
1 70 1 13 26 28 41 70
64 24 64 82 24
77 44 77 75 82 24 27 44
39 86 39 58 50 82 24 89 86
43 71 43 52 64 71
15 75 15 30 44 79 88 5 72 75
60 71 60 55 58 50 82 24 71
11 75 11 88 5 6 16 35 39 58 77 75
21 24 21 26 28 37 48 88 5 52 64 71 82 24
28 16 28 37 77 75 88 5 6 16
15 34 15 22 34
14 82 14 25 33 62 72 88 5 64 82
59 86 59 89 86
42 44 42 62 72 88 5 52 71 82 24 27 44
1 48 1 13 29 48
22 79 22 31 56 64 53 88 5 79
27 67 27 44 55 67
8 41 8 28 41
35 71 35 59 24 71
18 44 18 59 24 27 44
16 73 16 44 79 88 5 72 75 82 24 73
35 24 35 59 64 71 82 24
56 89 56 82 24 89
4 78 4 82 24 27 78
31 73 31 43 44 55 58 67 73
42 27 42 62 72 88 5 75 82 24 27
11 80 11 59 64 71 82 24 27 79 88 5 75 80
30 73 30 44 55 67 82 24 73
35 27 35 39 58 50 82 24 27
22 64 22 43 44 79 88 5 75 82 24 27 52 64
14 70 14 28 41 70
56 6 56 64 53 88 5 6
20 83 20 88 5 79 83
18 27 18 20 88 5 6 71 82 24 27
21 82 21 58 67 82
42 72 42 62 72
25 86 25 12 37 77 75 82 24 27 44 79 84 89 86
35 82 35 59 64 71 82
1 5 1 2 56 64 71 82 24 27 79 88 5
56 53 56 64 53
28 43 28 41 50 60 55 58 67 82 24 27 79 88 5 6 31 43
27 5 27 52 64 53 88 5
77 5 77 75 82 24 27 44 79 88 5
19 37 19 62 72 88 5 6 37
2 48 2 23 37 48
70 50 70 82 24 27 44 55 58 50
59 67 59 24 27 44 55 67
59 79 59 64 82 24 27 44 55 67 72 88 5 79
85 16 85 88 5 6 16
8 37 8 62 72 88 5 6 37
39 83 39 58 67 72 88 5 52 71 82 24 83
6 50 6 16 44 55 58 50
38 89 38 89
85 16 85 88 5 6 16
1 59 1 13 28 37 51 59
3 24 3 64 82 24
35 6 35 59 64 71 82 24 27 88 5 6
14 27 14 25 12 37 52 64 82 24 27
1 16 1 13 26 45 50 60 55 67 82 24 27 52 77 75 88 5 6 16
1 50 1 13 0 45 50
1 55 1 37 52 71 82 24 27 44 55
21 57 21 26 28 41 57
8 81 8 62 72 88 5 64 71 82 24 27 52 80 81
3 9 3 9
19 55 19 62 72 75 88 5 6 37 50 60 55
34 66 34 66
49 37 49 72 88 5 6 37
21 50 21 58 50
70 84 70 82 24 27 78 84
1 64 1 13 60 55 67 82 24 27 52 77 75 88 5 64
37 80 37 49 72 88 5 75 80
14 51 14 25 33 51
23 84 23 37 72 75 88 5 79 84
15 51 15 26 42 51
15 66 15 22 34 66
28 37 28 37
42 81 42 51 54 81
56 86 56 64 86
19 72 19 62 72
21 86 21 58 77 89 86
31 29 31 43 52 64 71 82 24 27 79 88 5 6 16 29
21 89 21 42 51 67 72 88 5 79 84 89
19 58 19 82 24 27 44 55 58
28 60 28 37 50 60
14 41 14 28 41
56 43 56 82 24 27 79 88 5 6 31 43
22 86 22 34 48 52 71 82 24 89 86
82 86 82 24 89 86
31 43 31 43
20 24 20 55 67 82 24
60 86 60 55 67 82 24 27 52 77 75 88 5 89 86
9 24 9 71 82 24
64 86 64 71 82 24 89 86
88 53 88 5 52 64 53
4 78 4 23 37 50 60 55 58 77 75 88 5 6 71 82 24 27 78
22 78 22 34 66 78
42 83 42 62 72 88 5 64 71 82 24 27 79 83
41 66 41 66
4 89 4 49 72 88 5 75 82 24 27 44 79 84 89
30 24 30 48 52 77 75 88 5 64 71 82 24
59 48 59 24 27 44 79 88 5 6 16 29 48
4 51 4 23 37 51
56 77 56 64 71 82 24 27 88 5 52 77
25 79 25 79
8 78 8 40 78
85 86 85 88 5 79 84 89 86
9 52 9 71 82 24 27 44 79 88 5 52
15 51 15 26 42 51
26 86 26 42 51 54 86
37 24 37 48 75 82 24
2 59 2 23 37 59
28 48 28 37 48
1 5 1 13 0 27 44 55 67 72 88 5
13 5 13 28 64 71 82 24 27 44 79 88 5
88 84 88 5 79 84
28 82 28 41 70 82
88 71 88 5 52 71
21 26 21 26
8 73 8 9 62 72 88 5 52 77 75 82 24 73
19 52 19 56 64 71 82 24 27 52
77 53 77 75 82 24 27 88 5 64 53
22 60 22 31 56 64 53 88 5 52 71 82 24 27 44 55 58 50 60
60 71 60 55 58 67 82 24 27 79 88 5 52 71
4 5 4 49 72 75 88 5
62 50 62 72 75 82 24 27 44 55 58 50
21 77 21 58 77
1 55 1 13 28 64 71 82 24 27 79 88 5 6 16 35 39 58 50 60 55
6 53 6 71 82 24 27 52 64 53
22 48 22 34 48
21 44 21 58 67 72 75 88 5 52 64 71 82 24 27 44
58 44 58 67 72 75 82 24 27 44
26 66 26 28 41 66
3 89 3 37 51 59 89
21 52 21 26 45 77 75 88 5 52
22 73 22 31 43 44 55 58 50 82 24 73
56 81 56 82 24 27 44 55 67 72 88 5 6 47 75 80 81
30 52 30 48 75 82 24 27 52
42 5 42 51 67 72 88 5
4 34 4 30 34
27 73 27 79 88 5 75 82 24 73
57 29 57 67 72 88 5 6 16 29
49 78 49 72 88 5 52 71 82 24 27 78
88 48 88 5 6 16 29 48
31 72 31 56 64 71 82 24 27 52 77 75 88 5 72
39 58 39 58
25 52 25 79 88 5 52
57 71 57 82 24 71
14 53 14 34 48 75 88 5 64 53
27 75 27 52 64 53 88 5 75
27 24 27 52 77 75 82 24
39 60 39 58 50 60
49 47 49 72 88 5 6 47
41 50 41 50
39 81 39 58 77 75 88 5 64 82 24 27 52 80 81
39 6 39 58 67 82 24 27 88 5 6
4 23 4 23
8 27 8 9 50 60 55 58 67 72 88 5 64 71 82 24 27
1 84 1 37 49 72 75 88 5 79 84
34 86 34 48 52 71 82 24 89 86
8 32 8 28 41 70 32
64 44 64 53 88 5 52 77 75 82 24 27 44
77 53 77 75 82 24 27 88 5 64 53
82 50 82 24 27 52 77 75 88 5 6 16 44 55 58 50
18 73 18 22 34 59 64 53 88 5 75 82 24 73
56 64 56 64
39 16 39 58 77 75 88 5 6 16
19 52 19 43 44 55 58 67 82 24 27 79 88 5 52
4 67 4 23 49 72 88 5 6 71 82 24 27 44 55 67
62 6 62 72 88 5 6
41 47 41 70 82 24 27 44 79 88 5 6 47
1 57 1 13 28 41 57
31 89 31 56 82 24 89
11 71 11 88 5 64 71
30 5 30 29 48 52 71 82 24 27 79 88 5
8 47 8 9 71 82 24 27 79 88 5 6 47
6 53 6 71 82 24 27 88 5 64 53
21 86 21 26 45 77 89 86
2 6 2 9 71 82 24 27 52 77 75 88 5 6
37 67 37 51 67
39 27 39 58 67 82 24 27
64 67 64 53 88 5 6 37 51 67
43 75 43 52 77 75
72 71 72 75 82 24 71
57 73 57 67 72 75 88 5 64 71 82 24 73
21 73 21 42 51 67 82 24 73
19 44 19 43 44
1 10 1 13 0 10
70 86 70 82 24 89 86
23 5 23 37 48 88 5
72 53 72 75 82 24 27 88 5 64 53
88 83 88 5 75 82 24 83
56 81 56 64 53 80 81
49 27 49 72 88 5 52 64 71 82 24 27
7 75 7 43 52 71 82 24 27 79 88 5 72 75
22 79 22 43 44 79
11 16 11 59 64 71 82 24 27 88 5 6 16
57 84 57 72 75 88 5 6 71 82 24 27 78 84
88 53 88 5 64 53
57 24 57 72 75 82 24
43 50 43 44 55 58 50
1 55 1 37 49 72 75 82 24 27 44 55
28 71 28 37 72 88 5 52 71
11 67 11 88 5 6 31 43 44 55 67
4 29 4 30 29
59 5 59 64 53 88 5
21 32 21 26 28 41 70 32
1 79 1 49 72 75 82 24 27 88 5 6 31 43 44 79
30 52 30 34 48 88 5 52
6 5 6 77 75 88 5
14 37 14 42 51 59 24 27 88 5 6 37
19 67 19 43 52 71 82 24 27 44 55 67
1 80 1 2 23 66 77 75 82 24 27 88 5 64 53 80
14 70 14 28 41 70
85 6 85 88 5 6
7 80 7 57 72 75 80
3 88 3 27 44 79 88
1 23 1 2 23
59 81 59 64 71 82 24 27 52 80 81
82 81 82 24 27 88 5 72 75 80 81
57 67 57 72 75 82 24 27 44 55 67
2 24 2 82 24
4 83 4 23 37 59 64 71 82 24 27 44 55 67 72 75 80 81 83
64 5 64 53 88 5
28 73 28 82 24 73
34 5 34 66 77 75 82 24 27 79 88 5
43 50 43 52 77 75 88 5 6 31 56 82 24 27 44 55 58 50
37 86 37 72 86
28 37 28 37
28 88 28 64 71 82 24 27 44 55 67 72 75 88
13 52 13 20 55 58 77 75 88 5 6 16 29 48 52
43 80 43 52 77 75 80
7 67 7 57 67
62 44 62 72 88 5 52 71 82 24 27 44
23 84 23 49 72 88 5 64 53 84
42 43 42 51 59 24 27 79 88 5 6 31 43
21 86 21 26 88 5 89 86
39 84 39 58 67 82 24 27 44 55 84
37 52 37 51 59 64 53 88 5 72 75 82 24 27 52
58 52 58 67 72 88 5 6 31 43 52
33 54 33 51 54
31 55 31 43 52 64 53 88 5 6 37 50 60 55
1 16 1 39 58 77 75 88 5 6 16
33 61 33 61
26 52 26 42 51 59 64 71 82 24 27 44 55 67 72 75 88 5 6 16 29 48 52
18 52 18 20 88 5 52
7 71 7 43 44 79 88 5 64 71
7 75 7 14 42 51 67 72 88 5 64 71 82 24 27 52 77 75
22 44 22 43 44
39 80 39 58 77 75 80
82 44 82 24 27 44
56 60 56 64 82 24 27 44 55 58 50 60
15 79 15 22 43 52 77 75 88 5 79
9 79 9 20 88 5 79
19 81 19 43 54 81
40 89 40 78 84 89
88 5 88 5
28 53 28 64 53
58 80 58 67 82 24 27 88 5 6 47 80
23 44 23 49 72 75 82 24 27 44
1 86 1 2 56 82 24 89 86
23 73 23 37 77 75 82 24 73
88 5 88 5
56 53 56 64 53
19 71 19 82 24 71
13 32 13 26 28 41 70 32
2 84 2 23 49 72 88 5 75 82 24 27 78 84
72 84 72 88 5 79 84
15 47 15 22 34 66 77 75 88 5 6 47
30 50 30 34 59 24 27 44 55 58 50
3 48 3 9 50 60 55 58 67 72 75 82 24 27 44 79 88 5 6 16 29 48
78 86 78 84 89 86
85 6 85 88 5 6
9 5 9 20 88 5
13 71 13 26 28 64 82 24 71
85 81 85 88 5 6 77 75 80 81
18 24 18 20 39 58 50 60 55 67 72 88 5 52 64 71 82 24
4 58 4 23 37 48 75 88 5 6 16 35 39 58
7 84 7 62 72 75 88 5 52 64 71 82 24 27 78 84
33 52 33 49 72 88 5 52
3 20 3 9 20
2 27 2 82 24 27
62 81 62 72 75 88 5 52 80 81
64 55 64 53 88 5 52 71 82 24 27 44 55
16 84 16 29 48 88 5 79 84
58 75 58 77 75
28 89 28 82 24 27 44 84 89
4 64 4 49 72 88 5 64
39 77 39 58 77
35 44 35 39 58 50 60 55 67 72 88 5 6 77 75 82 24 27 44
31 81 31 43 54 81
85 48 85 88 5 6 16 29 48
39 29 39 58 50 60 55 67 82 24 27 52 64 53 88 5 6 16 29
39 64 39 58 67 72 75 82 24 27 44 79 88 5 6 31 56 64
30 50 30 34 79 88 5 52 71 82 24 27 44 55 58 50
49 53 49 72 75 88 5 64 53
19 88 19 62 72 75 88
57 5 57 82 24 27 79 88 5
39 58 39 58
13 32 13 26 28 41 70 32
6 29 6 16 29
1 20 1 2 9 20
58 52 58 77 75 88 5 52
49 59 49 72 88 5 6 37 59
8 67 8 41 50 60 55 67
19 54 19 43 54
8 6 8 9 50 82 24 27 79 88 5 6
15 16 15 22 43 52 64 53 88 5 6 16
35 51 35 39 58 77 75 88 5 6 37 51
70 83 70 81 83
3 66 3 30 34 66
72 47 72 75 88 5 6 47
8 29 8 28 64 53 88 5 6 16 29
14 80 14 25 62 72 88 5 6 47 80
64 48 64 71 82 24 27 52 77 75 88 5 6 16 29 48
78 84 78 84
43 44 43 44
22 16 22 34 79 88 5 6 16
21 27 21 42 62 72 75 82 24 27
88 52 88 5 52
39 77 39 58 77
6 67 6 37 50 82 24 27 44 55 67
42 71 42 51 59 24 71
49 44 49 72 75 82 24 27 44
28 81 28 41 57 67 72 75 88 5 6 47 80 81
22 72 22 31 43 44 79 88 5 72
18 83 18 59 24 83
39 82 39 58 77 75 82
4 66 4 30 34 66
43 5 43 52 64 71 82 24 27 44 55 58 67 72 75 88 5
1 79 1 7 43 44 55 58 67 72 88 5 64 71 82 24 27 79
21 84 21 42 62 72 75 88 5 52 64 71 82 24 27 79 84
23 48 23 37 48
11 5 11 59 64 53 88 5
1 45 1 7 14 25 12 45
23 83 23 37 52 80 81 83
62 80 62 72 75 80
14 77 14 28 37 59 24 27 88 5 52 77
56 55 56 64 71 82 24 27 44 55
72 86 72 88 5 52 64 82 24 27 79 84 89 86
62 79 62 72 88 5 64 82 24 27 44 79
60 71 60 55 67 82 24 27 52 64 71
1 50 1 7 14 28 35 39 58 50
57 48 57 82 24 27 52 77 75 88 5 6 16 29 48
22 52 22 43 44 79 88 5 75 82 24 27 52
20 79 20 88 5 79
28 48 28 41 49 72 88 5 6 16 29 48
2 16 2 33 62 72 88 5 6 16
8 78 8 40 78
35 80 35 59 64 53 80
38 86 38 89 86
22 66 22 34 66
25 53 25 33 51 59 64 53
18 73 18 59 24 73
59 53 59 64 53
3 80 3 64 53 80
82 84 82 24 27 44 84
33 44 33 49 72 88 5 6 16 44
88 81 88 5 72 75 80 81
2 60 2 9 20 55 58 50 60
18 60 18 20 55 58 50 60
37 52 37 52
42 86 42 51 54 86
7 83 7 83
22 78 22 43 44 79 88 5 75 82 24 27 78
4 84 4 82 24 27 78 84
22 5 22 34 66 77 75 88 5
22 89 22 31 43 52 64 53 84 89
23 52 23 66 77 75 88 5 52
82 80 82 24 27 52 77 75 88 5 64 53 80
62 79 62 72 75 82 24 27 44 79
37 44 37 59 64 53 88 5 6 16 44
8 83 8 62 72 88 5 79 83
28 58 28 41 50 60 55 58
82 44 82 24 27 44
31 72 31 56 82 24 27 52 77 75 88 5 72
49 24 49 72 75 88 5 6 31 56 82 24
3 50 3 9 50
58 73 58 67 72 88 5 52 71 82 24 73
43 80 43 44 55 67 72 88 5 52 77 75 80
7 81 7 57 82 24 27 52 64 53 80 81
21 59 21 42 51 59
31 79 31 43 44 79
39 53 39 58 77 75 82 24 27 88 5 6 16 29 48 52 64 53
82 75 82 24 27 88 5 75
88 5 88 5
6 79 6 47 75 88 5 79
56 55 56 64 71 82 24 27 44 55
4 66 4 23 66
51 53 51 59 64 53
57 80 57 67 72 75 80
42 59 42 51 59
57 84 57 78 84
72 5 72 75 88 5
72 48 72 88 5 6 16 29 48
15 45 15 26 45
49 24 49 72 88 5 52 64 82 24
70 52 70 82 24 27 52
43 81 43 52 80 81
31 80 31 43 44 79 88 5 75 80
20 71 20 55 67 72 88 5 75 82 24 71
70 24 70 82 24
35 67 35 39 58 67
49 58 49 72 88 5 6 16 35 39 58
58 48 58 50 60 55 67 72 88 5 6 37 48
21 29 21 42 62 72 75 82 24 27 44 79 88 5 6 16 29
23 75 23 37 48 52 64 53 88 5 6 31 43 44 55 58 77 75
39 73 39 58 77 75 88 5 6 71 82 24 73
2 44 2 56 64 71 82 24 27 44
2 86 2 78 84 89 86
14 48 14 34 48
21 32 21 26 28 41 70 32
21 24 21 26 45 77 75 88 5 52 71 82 24
70 55 70 82 24 27 44 55
9 80 9 62 72 88 5 64 53 80
33 67 33 67
8 79 8 41 57 72 75 88 5 79
56 82 56 82
18 44 18 22 31 43 52 71 82 24 27 44
19 80 19 62 72 88 5 64 53 80
6 54 6 31 43 54
20 75 20 88 5 52 71 82 24 27 44 55 58 67 72 75
28 16 28 41 49 72 75 88 5 6 16
20 81 20 39 58 67 82 24 27 52 77 75 80 81
4 60 4 49 72 75 88 5 6 71 82 24 27 44 55 58 50 60
4 75 4 23 49 72 75
18 79 18 59 24 27 79
56 82 56 64 71 82
16 75 16 29 48 75
82 71 82 24 71
42 84 42 62 72 88 5 75 82 24 27 44 84
56 52 56 64 71 82 24 27 52
4 79 4 30 34 66 77 75 88 5 79
28 47 28 41 49 72 88 5 6 47
62 88 62 72 75 88
51 73 51 59 24 73
14 81 14 25 79 88 5 52 80 81
9 55 9 20 56 82 24 27 79 88 5 6 31 43 44 55
56 64 56 64
1 58 1 2 82 24 27 44 55 58
82 81 82 24 27 88 5 52 80 81
59 73 59 64 53 88 5 72 75 82 24 73
15 75 15 30 29 48 52 77 75
11 37 11 88 5 6 37
16 84 16 44 84
30 86 30 44 84 89 86
3 6 3 37 51 59 64 82 24 27 44 79 88 5 6
14 34 14 34
57 52 57 72 75 82 24 27 88 5 52
33 81 33 67 72 75 88 5 6 71 82 24 27 52 80 81
25 86 25 40 78 84 89 86
4 75 4 49 72 75
37 86 37 77 75 88 5 52 71 82 24 89 86
15 82 15 22 31 56 82
85 6 85 88 5 6
77 75 77 75
15 54 15 22 43 54
57 24 57 67 82 24
7 66 7 14 25 12 66
19 83 19 43 52 71 82 24 83
49 78 49 72 75 82 24 27 78
3 20 3 9 20
82 79 82 24 27 79
4 61 4 23 61
7 71 7 43 44 79 88 5 52 71
15 77 15 22 31 56 64 71 82 24 27 79 88 5 52 77
51 73 51 67 73
30 79 30 44 55 67 72 75 88 5 79
19 52 19 43 44 55 58 50 82 24 27 88 5 52
27 83 27 79 88 5 72 75 80 81 83
42 72 42 62 72
56 86 56 64 86
16 81 16 44 79 88 5 72 75 82 24 27 52 64 53 80 81
1 79 1 39 58 77 75 88 5 64 82 24 27 44 79
6 53 6 71 82 24 27 52 64 53
31 27 31 56 82 24 27
2 67 2 56 64 53 88 5 52 71 82 24 27 44 55 67
88 44 88 5 64 71 82 24 27 44
15 73 15 30 34 79 88 5 72 75 82 24 73
42 78 42 62 72 88 5 6 71 82 24 27 78
15 37 15 22 34 59 64 71 82 24 27 79 88 5 6 37
19 54 19 43 54
9 83 9 71 82 24 27 79 83
70 44 70 82 24 27 44
14 71 14 28 64 71
3 29 3 64 71 82 24 27 52 77 75 88 5 6 16 29
88 84 88 5 72 75 82 24 27 44 84
85 37 85 88 5 6 37
82 80 82 24 27 44 79 88 5 75 80
1 29 1 13 29
62 50 62 72 88 5 52 71 82 24 27 44 55 58 50
72 44 72 75 82 24 27 44
34 73 34 66 77 75 88 5 6 16 29 48 52 71 82 24 73
56 88 56 82 24 27 88
34 55 34 79 88 5 6 47 75 82 24 27 44 55
3 77 3 30 44 79 88 5 6 31 56 82 24 27 52 77
57 48 57 72 75 88 5 6 37 48
21 86 21 58 50 60 55 84 89 86
22 55 22 34 59 24 27 44 55
1 67 1 39 58 67
2 79 2 33 49 72 75 88 5 52 64 71 82 24 27 79
3 24 3 82 24
3 82 3 9 50 82
49 53 49 72 88 5 6 77 75 82 24 27 52 64 53
49 37 49 72 88 5 6 37
72 71 72 75 82 24 71
43 24 43 44 79 88 5 52 77 75 82 24
13 61 13 0 10 17 33 61
35 84 35 39 58 50 60 55 67 72 88 5 52 71 82 24 27 78 84
22 52 22 43 52
49 52 49 72 88 5 75 82 24 27 52
21 83 21 26 28 82 24 27 79 88 5 72 75 80 81 83
39 77 39 58 77
7 84 7 43 52 77 75 88 5 79 84
19 55 19 56 64 53 88 5 52 77 75 82 24 27 44 55
19 6 19 62 72 75 88 5 6
28 71 28 82 24 27 44 79 88 5 64 71
3 81 3 9 50 60 55 67 72 88 5 75 80 81
58 67 58 50 60 55 67
22 83 22 31 56 64 82 24 27 52 80 81 83
28 52 28 37 49 72 88 5 64 71 82 24 27 52
72 73 72 75 88 5 6 16 44 55 58 67 73
1 45 1 7 14 25 12 45
82 71 82 24 71
58 80 58 77 75 80
72 24 72 75 82 24
57 44 57 72 88 5 52 77 75 82 24 27 44
8 60 8 9 50 60
37 54 37 51 54
16 52 16 44 79 88 5 52
22 48 22 34 48
37 86 37 72 86
21 79 21 26 88 5 79
41 75 41 57 72 75
28 83 28 41 50 82 24 83
88 67 88 5 72 75 82 24 27 44 55 58 67
28 37 28 37
15 75 15 30 29 48 75
4 89 4 23 37 49 72 75 82 24 89
2 78 2 23 66 78
15 80 15 26 42 51 80
7 80 7 62 72 88 5 64 53 80
19 77 19 56 82 24 27 52 77
30 71 30 48 52 71
34 53 34 48 88 5 64 53
28 5 28 77 75 88 5
21 60 21 26 45 50 60
4 55 4 30 44 55
15 52 15 22 34 48 52
8 75 8 9 62 72 75
51 24 51 67 82 24
20 71 20 88 5 6 16 44 55 67 72 75 82 24 71
4 47 4 23 49 72 88 5 6 47
1 37 1 37
1 54 1 37 51 54
2 83 2 23 37 59 24 83
39 27 39 58 77 75 82 24 27
26 5 26 88 5
4 72 4 49 72
25 75 25 62 72 75
4 34 4 30 34
1 16 1 2 82 24 27 52 77 75 88 5 6 16
21 6 21 58 50 60 55 67 72 88 5 6
35 88 35 59 64 53 88
43 24 43 44 55 67 82 24
64 84 64 53 88 5 52 71 82 24 27 79 84
58 75 58 50 82 24 27 79 88 5 75
85 80 85 88 5 64 53 80
28 86 28 64 82 24 89 86
2 54 2 23 37 51 54
62 27 62 72 75 88 5 64 71 82 24 27
14 77 14 59 64 71 82 24 27 52 77
15 81 15 26 28 77 75 80 81
1 54 1 2 33 51 54
27 24 27 52 64 71 82 24
35 72 35 39 58 67 72
85 86 85 88 5 64 53 84 89 86
15 47 15 30 48 88 5 6 47
58 48 58 67 72 75 82 24 27 52 64 53 88 5 6 16 29 48
9 67 9 62 72 75 82 24 27 44 55 67
88 5 88 5
3 64 3 82 24 27 79 88 5 64
62 44 62 72 75 88 5 64 71 82 24 27 44
7 79 7 64 53 88 5 52 71 82 24 27 79
18 82 18 59 64 71 82
7 73 7 64 71 82 24 73
11 50 11 88 5 52 64 82 24 27 44 55 58 50
58 24 58 50 60 55 67 72 75 82 24
14 33 14 25 33
9 75 9 62 72 88 5 75
72 79 72 88 5 79
43 53 43 52 71 82 24 27 79 88 5 64 53
1 26 1 13 26
22 80 22 31 56 64 71 82 24 27 88 5 72 75 80
15 43 15 22 31 43
2 32 2 23 32
77 83 77 75 80 81 83
14 59 14 34 59
19 73 19 62 72 88 5 52 77 75 82 24 73
14 32 14 28 41 70 32
23 79 23 49 72 88 5 52 64 71 82 24 27 44 79
62 52 62 72 88 5 52
3 86 3 38 89 86
56 67 56 82 24 27 44 55 67
21 55 21 58 50 60 55
23 71 23 49 72 75 82 24 71
1 89 1 78 84 89
34 24 34 48 52 64 71 82 24
14 41 14 28 41
7 54 7 43 54
33 50 33 67 72 88 5 6 37 50
11 43 11 59 24 27 44 79 88 5 6 31 43
42 67 42 51 67
23 5 23 37 49 72 88 5
28 66 28 41 66
14 70 14 28 41 70
51 75 51 59 64 71 82 24 27 52 77 75
11 5 11 59 24 27 88 5
9 71 9 20 88 5 75 82 24 71
51 83 51 80 81 83
72 81 72 75 80 81
9 24 9 20 39 58 50 82 24
4 52 4 23 66 77 75 88 5 52
1 64 1 39 58 67 72 75 88 5 52 64
82 71 82 24 71
22 27 22 43 44 79 88 5 64 71 82 24 27
62 77 62 72 75 88 5 52 77
33 84 33 49 72 88 5 79 84
18 47 18 22 43 44 79 88 5 6 47
2 23 2 23
30 48 30 29 48
8 79 8 62 72 75 88 5 6 16 44 79
2 61 2 23 61
49 71 49 72 75 82 24 27 79 88 5 64 71
59 53 59 64 53
2 80 2 56 82 24 27 79 88 5 6 47 80
8 81 8 62 72 75 80 81
15 70 15 26 28 41 70
72 83 72 88 5 6 47 80 81 83
19 67 19 82 24 27 44 55 67
11 53 11 59 64 53
34 81 34 66 77 75 80 81
6 80 6 71 82 24 27 79 88 5 52 64 53 80
33 84 33 49 72 88 5 64 53 84
21 55 21 58 50 60 55
13 75 13 20 39 58 77 75
72 84 72 88 5 52 71 82 24 27 78 84
42 27 42 51 67 82 24 27
39 86 39 58 67 82 24 89 86
18 20 18 20
77 52 77 75 82 24 27 52
9 73 9 71 82 24 73
11 88 11 59 64 82 24 27 88
3 86 3 38 89 86
21 53 21 26 28 37 52 64 53
35 27 35 39 58 77 75 82 24 27
21 88 21 42 51 59 64 82 24 27 88
21 44 21 26 42 62 72 75 88 5 52 71 82 24 27 44
34 84 34 48 75 88 5 64 82 24 27 79 84
39 80 39 58 67 72 88 5 6 71 82 24 27 52 77 75 80
51 79 51 67 72 75 88 5 79
57 55 57 67 72 75 88 5 52 64 71 82 24 27 44 55
6 47 6 47
58 83 58 50 82 24 27 52 80 81 83
8 66 8 28 41 66
14 48 14 34 48
8 78 8 40 78
9 55 9 50 60 55
39 16 39 58 67 72 75 82 24 27 88 5 6 16
14 59 14 34 59
58 79 58 50 82 24 27 79
64 55 64 82 24 27 44 55
88 86 88 5 64 71 82 24 89 86
60 79 60 55 58 77 75 88 5 64 71 82 24 27 44 79
43 79 43 44 79
21 88 21 42 51 59 24 27 88
34 80 34 66 77 75 80
1 67 1 39 58 67
41 50 41 50
59 71 59 64 71
22 58 22 31 43 52 64 71 82 24 27 44 55 58
56 58 56 64 53 88 5 52 71 82 24 27 44 55 58
21 60 21 58 50 60
18 89 18 59 89
34 83 34 79 88 5 6 77 75 80 81 83
43 80 43 44 55 67 72 75 80
23 71 23 37 59 64 82 24 71
31 51 31 56 64 82 24 27 52 77 75 88 5 6 37 51
27 83 27 44 55 67 82 24 83
62 27 62 72 88 5 6 31 43 52 71 82 24 27
14 47 14 25 62 72 88 5 6 47
62 55 62 72 75 82 24 27 44 55
1 53 1 7 64 53
31 44 31 43 44
13 52 13 29 48 75 82 24 27 88 5 52
4 47 4 23 66 77 75 88 5 6 47
20 75 20 55 58 77 75
9 75 9 20 56 82 24 27 79 88 5 72 75
58 53 58 67 72 88 5 64 53
8 48 8 41 50 82 24 27 79 88 5 6 16 29 48
3 6 3 37 48 88 5 6
3 81 3 30 34 48 52 71 82 24 27 44 79 88 5 64 53 80 81
8 59 8 28 35 59
3 64 3 9 20 56 64
77 52 77 75 88 5 52
1 20 1 13 20
51 80 51 67 82 24 27 44 79 88 5 72 75 80
62 89 62 72 75 88 5 52 71 82 24 27 78 84 89
13 54 13 26 88 5 6 31 43 54
11 5 11 88 5
60 84 60 55 67 82 24 27 78 84
19 78 19 82 24 27 78
2 61 2 23 61
42 82 42 51 59 24 71 82
57 67 57 67
41 32 41 70 32
82 79 82 24 27 79
8 9 8 9
25 67 25 35 39 58 50 60 55 67
14 27 14 25 35 59 64 53 88 5 6 47 75 82 24 27
30 47 30 48 88 5 6 47
62 27 62 72 88 5 75 82 24 27
15 70 15 26 28 41 70
28 53 28 77 75 82 24 27 52 64 53
2 55 2 23 66 77 75 88 5 52 71 82 24 27 44 55
37 50 37 50
23 71 23 37 50 82 24 71
85 5 85 88 5
56 64 56 64
3 48 3 27 79 88 5 6 16 29 48
7 12 7 14 25 12
6 52 6 71 82 24 27 52
40 89 40 78 84 89
4 48 4 30 34 48
62 89 62 72 88 5 89
7 73 7 62 72 88 5 52 77 75 82 24 27 44 55 58 67 73
15 67 15 26 88 5 52 64 71 82 24 27 44 55 67
72 75 72 75
31 58 31 43 44 55 58
7 44 7 43 44
33 83 33 62 72 75 80 81 83
58 81 58 77 75 80 81
3 6 3 9 71 82 24 27 88 5 6
26 50 26 28 77 75 88 5 6 31 43 52 71 82 24 27 44 55 58 50
13 79 13 60 55 67 82 24 27 79
23 24 23 37 52 64 71 82 24
25 80 25 33 51 80
4 71 4 30 29 48 75 82 24 27 52 64 71
64 24 64 71 82 24
11 47 11 59 64 53 88 5 6 47
39 50 39 58 50
2 88 2 33 67 82 24 27 44 55 58 77 75 88
9 47 9 20 88 5 6 47
64 79 64 53 88 5 52 71 82 24 27 79
18 71 18 22 31 56 64 71
14 70 14 28 41 70
11 82 11 88 5 52 77 75 82
13 83 13 20 39 58 67 82 24 83
3 29 3 30 29
3 78 3 37 77 75 88 5 64 82 24 27 78
56 16 56 82 24 27 44 55 58 67 72 75 88 5 6 16
2 78 2 9 62 72 75 88 5 52 64 82 24 27 78
51 80 51 59 64 71 82 24 27 88 5 72 75 80
2 53 2 82 24 27 52 77 75 88 5 64 53
14 70 14 28 41 70
42 6 42 62 72 75 82 24 27 79 88 5 6
14 64 14 42 51 59 24 27 79 88 5 52 64
41 79 41 50 82 24 27 44 79
11 44 11 88 5 52 71 82 24 27 44
8 89 8 9 50 82 24 27 79 88 5 52 77 89
82 50 82 24 27 44 55 58 50
31 27 31 43 44 79 88 5 75 82 24 27
19 79 19 56 82 24 27 44 79
18 60 18 59 64 71 82 24 27 52 77 75 88 5 6 31 43 44 55 58 50 60
25 48 25 12 29 48
38 89 38 89
20 29 20 39 58 77 75 88 5 6 16 29
3 55 3 30 44 55
82 67 82 24 27 79 88 5 6 16 44 55 67
85 75 85 88 5 72 75
25 80 25 85 88 5 75 80
22 80 22 43 52 71 82 24 27 79 88 5 64 53 80
85 80 85 88 5 75 80
8 88 8 62 72 88
82 50 82 24 27 44 55 58 50
59 67 59 24 27 44 55 67
62 81 62 72 75 80 81
21 27 21 58 77 75 82 24 27
18 58 18 59 64 53 88 5 72 75 82 24 27 44 55 58
23 53 23 37 50 60 55 67 72 88 5 64 53
56 5 56 64 53 88 5
21 64 21 26 42 62 72 75 88 5 52 64
3 83 3 64 53 80 81 83
70 73 70 82 24 73
49 88 49 72 88
20 47 20 55 67 82 24 27 44 79 88 5 6 47
28 72 28 77 75 88 5 6 37 72
85 50 85 88 5 6 31 43 44 55 58 50
70 84 70 82 24 27 79 88 5 64 53 84
39 78 39 58 77 75 88 5 52 71 82 24 27 78
22 47 22 43 44 55 67 82 24 27 52 77 75 88 5 6 47
58 71 58 67 72 75 82 24 71
14 82 14 28 35 59 24 71 82
15 48 15 30 34 48
8 80 8 62 72 75 80
57 80 57 72 75 88 5 64 53 80
21 52 21 58 77 75 82 24 27 52
72 75 72 75
56 37 56 64 53 88 5 6 37
13 55 13 60 55
6 86 6 37 51 67 72 86
15 88 15 30 44 55 67 72 88
2 73 2 56 82 24 73
18 6 18 20 39 58 67 82 24 27 79 88 5 6
30 86 30 48 75 82 24 27 44 55 58 67 72 88 5 89 86
31 81 31 43 54 81
4 80 4 49 72 88 5 75 80
9 47 9 71 82 24 27 79 88 5 6 47
7 5 7 62 72 88 5
28 75 28 64 71 82 24 27 79 88 5 52 77 75
19 60 19 43 52 64 53 88 5 72 75 82 24 27 44 55 58 50 60
37 75 37 48 75
22 16 22 34 66 77 75 88 5 6 16
2 44 2 9 62 72 75 82 24 27 44
37 48 37 48
70 80 70 82 24 27 79 88 5 72 75 80
25 55 25 79 88 5 52 64 82 24 27 44 55
60 50 60 55 58 50
62 29 62 72 88 5 6 16 29
72 24 72 88 5 75 82 24
62 47 62 72 75 88 5 6 47
57 86 57 78 84 89 86
57 44 57 82 24 27 44
37 83 37 72 88 5 52 64 82 24 83
43 86 43 44 84 89 86
42 79 42 62 72 88 5 64 71 82 24 27 44 79
34 71 34 48 52 64 71
19 73 19 43 44 55 67 73
35 43 35 39 58 77 75 88 5 6 31 43
15 50 15 22 43 44 55 58 50
18 59 18 59
72 53 72 88 5 64 53
42 71 42 51 59 24 71
42 88 42 51 67 72 88
15 75 15 26 42 62 72 88 5 6 37 48 75
28 75 28 35 39 58 77 75
28 41 28 41
85 59 85 88 5 6 37 59
23 50 23 37 50
43 71 43 44 55 67 82 24 71
33 50 33 51 67 72 75 88 5 52 71 82 24 27 44 55 58 50
15 79 15 30 44 79
82 81 82 24 27 44 55 67 72 88 5 52 80 81
19 5 19 43 44 79 88 5
19 59 19 43 52 77 75 88 5 6 37 59
16 55 16 44 55
88 83 88 5 75 82 24 83
25 55 25 12 44 55
15 89 15 22 31 56 82 24 27 44 84 89
56 89 56 64 82 24 89
11 78 11 59 24 27 78
39 78 39 58 50 60 55 67 82 24 27 78
1 63 1 13 26 28 41 63
