15 26 15 26
13 80 13 26 28 37 52 80
21 71 21 26 42 51 59 64 71
6 52 6 37 48 52
21 71 21 42 51 59 64 71
21 64 21 42 51 59 64
40 78 40 78
14 60 14 28 41 50 60
30 79 30 44 79
4 48 4 23 37 48
22 44 22 43 44
31 52 31 43 52
3 37 3 37
16 86 16 29 48 52 64 86
3 81 3 37 48 75 80 81
13 48 13 29 48
22 64 22 43 52 64
4 66 4 23 66
22 71 22 31 56 64 71
2 58 2 9 20 55 58
39 77 39 58 77
14 84 14 34 79 84
9 86 9 20 39 58 67 72 86
42 72 42 51 67 72
3 58 3 9 20 39 58
42 71 42 51 59 64 71
18 86 18 22 43 44 55 67 72 86
20 73 20 55 58 67 73
9 73 9 20 73
14 72 14 42 62 72
21 41 21 26 28 41
42 81 42 51 80 81
15 26 15 26
23 86 23 37 48 52 64 86
11 71 11 59 64 71
8 52 8 28 37 52
39 77 39 58 77
51 86 51 86
37 80 37 51 80
15 59 15 22 34 59
30 52 30 34 48 52
1 33 1 2 33
85 88 85 88
2 58 2 9 20 39 58
11 71 11 59 64 71
6 84 6 31 43 44 55 84
2 52 2 23 37 52
4 79 4 30 34 79
58 86 58 67 72 86
28 89 28 35 59 89
1 75 1 7 14 34 48 75
2 86 2 9 20 56 64 86
6 73 6 16 35 39 58 67 73
4 37 4 23 37
1 13 1 13
9 86 9 62 72 86
22 67 22 43 44 55 67
42 59 42 51 59
25 81 25 33 51 80 81
4 30 4 30
28 70 28 41 70
6 67 6 31 43 44 55 58 67
31 80 31 43 52 80
25 81 25 33 51 80 81
23 67 23 37 51 67
1 37 1 37
22 83 22 31 43 44 79 83
30 86 30 34 48 52 64 86
2 75 2 23 37 48 75
18 58 18 22 31 43 44 55 58
62 86 62 72 86
35 72 35 39 58 67 72
11 89 11 59 89
3 34 3 30 34
15 89 15 30 44 55 84 89
22 80 22 31 43 52 80
21 71 21 26 42 51 59 64 71
25 61 25 33 61
34 48 34 48
7 61 7 14 25 33 61
6 73 6 16 35 39 58 67 73
1 32 1 2 23 32
14 78 14 28 41 57 78
31 89 31 43 52 77 89
49 72 49 72
31 43 31 43
27 44 27 44
4 89 4 30 44 84 89
19 80 19 43 52 80
9 67 9 20 55 58 67
42 71 42 51 59 64 71
15 80 15 22 34 48 75 80
2 71 2 9 20 56 64 71
27 67 27 44 55 67
15 71 15 26 42 51 59 64 71
28 89 28 37 59 89
28 67 28 37 51 67
23 80 23 37 48 75 80
4 73 4 30 44 55 67 73
8 78 8 40 78
14 25 14 25
25 71 25 33 51 59 64 71
7 44 7 43 44
3 84 3 27 44 84
43 67 43 44 55 58 67
1 25 1 7 14 25
22 89 22 43 52 77 89
15 60 15 26 28 41 50 60
15 52 15 26 28 37 52
3 73 3 30 44 55 67 73
13 80 13 28 37 52 80
6 67 6 31 43 44 55 58 67
6 44 6 31 43 44
4 70 4 70
70 81 70 81
21 50 21 26 28 41 50
1 71 1 37 48 52 71
1 26 1 13 26
43 83 43 52 80 81 83
13 73 13 26 42 51 67 73
59 86 59 64 86
15 78 15 26 28 41 57 78
18 59 18 59
28 59 28 35 59
41 83 41 70 81 83
26 83 26 42 51 80 81 83
8 70 8 41 70
19 84 19 43 44 55 84
3 9 3 9
7 52 7 14 28 37 48 52
8 48 8 28 37 48
7 81 7 43 52 80 81
25 73 25 33 51 67 73
51 81 51 80 81
39 67 39 58 67
23 71 23 37 48 52 71
37 71 37 48 52 64 71
14 52 14 28 37 52
4 48 4 23 37 48
18 73 18 22 43 44 55 67 73
7 48 7 14 34 48
6 86 6 86
28 71 28 64 71
30 44 30 44
14 75 14 34 48 75
39 82 39 58 67 82
16 29 16 29
22 67 22 31 43 44 55 67
14 50 14 28 41 50
3 67 3 9 20 55 58 67
6 86 6 37 72 86
8 48 8 28 37 48
33 71 33 51 59 64 71
6 44 6 31 43 44
15 58 15 30 44 55 58
8 84 8 9 20 55 84
23 32 23 32
34 75 34 48 75
1 58 1 7 43 44 55 58
15 77 15 30 44 55 58 77
4 81 4 30 48 75 80 81
7 73 7 43 44 55 67 73
8 41 8 28 41
19 88 19 62 72 88
15 57 15 26 28 41 57
2 86 2 33 62 72 86
28 67 28 35 39 58 67
9 84 9 20 55 84
22 77 22 43 44 55 58 77
3 75 3 37 48 75
6 48 6 37 48
3 81 3 30 34 48 52 80 81
21 67 21 26 28 37 51 67
4 51 4 23 37 51
2 80 2 23 37 52 80
58 86 58 67 72 86
8 64 8 9 20 56 64
2 9 2 9
85 88 85 88
13 52 13 29 48 52
4 83 4 70 81 83
28 58 28 35 39 58
4 83 4 30 44 79 83
14 70 14 28 41 70
14 79 14 34 79
21 83 21 26 42 51 80 81 83
15 41 15 26 28 41
1 48 1 2 23 37 48
2 84 2 9 20 55 84
16 81 16 29 48 52 80 81
21 63 21 26 28 41 57 63
15 34 15 30 34
21 51 21 42 51
15 75 15 30 48 75
8 83 8 41 70 81 83
43 55 43 44 55
4 89 4 30 44 79 84 89
16 67 16 35 39 58 67
19 83 19 43 52 80 81 83
26 71 26 28 64 71
28 75 28 37 48 75
3 30 3 30
8 48 8 28 37 48
14 79 14 25 79
15 48 15 30 48
14 58 14 28 35 39 58
19 58 19 43 44 55 58
9 86 9 62 72 86
27 44 27 44
25 86 25 62 72 86
4 88 4 23 49 72 88
2 66 2 23 66
3 44 3 27 44
2 33 2 33
26 80 26 28 37 51 80
2 52 2 23 37 52
28 48 28 37 48
22 88 22 31 43 44 79 88
6 48 6 37 48
4 48 4 30 34 48
16 81 16 29 48 75 80 81
1 80 1 13 28 37 48 75 80
14 77 14 25 35 39 58 77
1 78 1 78
13 80 13 26 28 37 51 80
33 71 33 51 59 64 71
14 41 14 28 41
2 83 2 23 37 52 80 81 83
26 83 26 42 51 80 81 83
19 52 19 43 52
7 83 7 43 52 80 81 83
8 57 8 28 41 57
22 71 22 34 48 52 64 71
19 80 19 43 52 80
9 71 9 71
37 73 37 51 67 73
1 89 1 39 58 77 89
4 71 4 30 48 52 64 71
2 82 2 33 51 59 64 71 82
43 80 43 52 80
19 86 19 56 64 86
14 57 14 28 41 57
2 59 2 33 51 59
3 48 3 30 48
14 57 14 28 41 57
51 83 51 80 81 83
3 83 3 27 44 79 83
27 83 27 44 79 83
4 88 4 49 72 88
6 52 6 31 43 52
13 83 13 28 37 52 80 81 83
2 9 2 9
1 59 1 13 26 42 51 59
9 86 9 20 39 58 67 72 86
3 71 3 37 48 52 64 71
18 71 18 22 34 48 52 71
58 73 58 67 73
14 61 14 25 33 61
26 71 26 28 35 59 64 71
43 44 43 44
3 81 3 37 48 52 80 81
3 79 3 27 79
30 55 30 44 55
1 52 1 2 23 37 52
7 80 7 43 52 80
4 78 4 23 66 78
2 55 2 9 20 55
22 67 22 31 43 44 55 67
1 79 1 7 43 44 79
14 64 14 59 64
21 57 21 26 28 41 57
22 67 22 43 44 55 58 67
22 80 22 43 52 80
2 33 2 33
13 73 13 28 37 51 67 73
28 58 28 35 39 58
18 89 18 59 89
11 88 11 88
37 86 37 52 64 86
21 60 21 26 28 41 50 60
21 58 21 26 28 35 39 58
1 80 1 37 52 80
1 50 1 13 26 28 41 50
14 89 14 34 79 84 89
3 37 3 37
51 73 51 67 73
35 77 35 39 58 77
7 80 7 43 52 80
1 33 1 7 14 25 33
41 86 41 49 72 86
51 81 51 80 81
1 70 1 13 26 28 41 70
1 61 1 7 14 25 33 61
22 64 22 43 52 64
11 59 11 59
14 72 14 25 35 39 58 67 72
30 55 30 44 55
22 43 22 31 43
19 52 19 43 52
33 67 33 51 67
14 63 14 25 63
31 82 31 43 44 55 58 67 82
22 84 22 43 44 84
22 86 22 43 52 64 86
2 81 2 23 37 51 80 81
35 86 35 39 58 67 72 86
3 79 3 27 44 79
16 80 16 29 48 75 80
31 71 31 43 52 64 71
62 86 62 72 86
4 59 4 30 34 59
8 78 8 28 41 57 78
2 80 2 23 37 51 80
43 79 43 44 79
42 80 42 51 80
4 77 4 30 34 48 52 77
56 71 56 64 71
8 70 8 28 41 70
43 86 43 44 55 67 72 86
15 78 15 26 28 41 57 78
25 67 25 33 51 67
11 71 11 59 64 71
21 57 21 26 28 41 57
30 44 30 44
42 73 42 51 67 73
28 58 28 35 39 58
1 29 1 13 29
3 44 3 30 44
6 55 6 31 43 44 55
37 48 37 48
4 55 4 30 44 55
21 72 21 26 28 37 49 72
37 73 37 51 67 73
8 77 8 9 20 55 58 77
11 88 11 88
3 75 3 37 48 75
3 82 3 37 52 64 82
8 70 8 41 70
2 23 2 23
14 57 14 28 41 57
2 88 2 23 49 72 88
3 71 3 9 20 56 64 71
19 89 19 43 44 79 84 89
15 60 15 26 28 41 50 60
14 89 14 42 51 59 89
20 67 20 55 58 67
6 81 6 37 51 80 81
18 79 18 22 31 43 44 79
3 30 3 30
37 80 37 51 80
33 86 33 49 72 86
14 64 14 59 64
18 43 18 22 43
21 73 21 42 51 67 73
28 59 28 35 59
4 32 4 23 32
35 59 35 59
31 89 31 43 52 77 89
21 52 21 26 28 37 48 52
33 86 33 49 72 86
15 70 15 26 28 41 70
43 73 43 44 55 67 73
37 48 37 48
8 72 8 62 72
2 48 2 23 37 48
14 63 14 25 63
20 86 20 55 67 72 86
3 44 3 30 44
3 27 3 27
2 67 2 23 37 51 67
34 81 34 48 52 80 81
2 72 2 9 20 39 58 67 72
28 50 28 41 50
3 73 3 30 44 55 58 67 73
51 83 51 80 81 83
15 34 15 22 34
14 84 14 34 79 84
9 55 9 20 55
16 75 16 29 48 75
18 59 18 22 34 59
3 48 3 30 48
30 83 30 48 52 80 81 83
22 82 22 34 48 52 64 71 82
14 73 14 25 35 39 58 67 73
4 77 4 30 44 55 58 77
28 83 28 37 48 75 80 81 83
18 48 18 22 34 48
15 88 15 26 88
3 89 3 9 20 55 58 77 89
56 64 56 64
18 55 18 22 31 43 44 55
15 72 15 30 44 55 58 67 72
62 86 62 72 86
2 33 2 33
3 37 3 37
39 72 39 58 67 72
21 71 21 42 51 59 64 71
23 48 23 37 48
4 51 4 23 37 51
8 84 8 9 20 55 84
25 80 25 33 51 80
15 89 15 26 28 37 51 59 89
13 48 13 28 37 48
14 41 14 28 41
43 67 43 44 55 58 67
31 52 31 43 52
21 64 21 42 51 59 64
14 81 14 25 33 51 80 81
40 78 40 78
3 59 3 30 34 59
42 73 42 51 67 73
14 78 14 28 41 57 78
58 86 58 67 72 86
3 77 3 27 44 55 58 77
15 52 15 26 28 37 48 52
51 71 51 59 64 71
19 58 19 43 44 55 58
2 88 2 9 62 72 88
19 88 19 43 44 79 88
51 67 51 67
39 73 39 58 67 73
8 52 8 28 37 52
14 88 14 42 62 72 88
9 86 9 20 56 64 86
22 59 22 34 59
6 84 6 31 43 44 55 84
25 81 25 33 51 80 81
1 29 1 13 29
18 77 18 20 55 58 77
25 81 25 33 51 80 81
9 84 9 20 55 84
13 86 13 28 37 51 67 72 86
25 86 25 35 59 64 86
15 60 15 26 28 41 50 60
3 27 3 27
8 60 8 41 50 60
8 73 8 9 20 73
13 67 13 28 37 51 67
31 84 31 43 44 55 84
6 52 6 16 29 48 52
4 86 4 23 37 48 52 64 86
8 67 8 9 20 55 67
4 37 4 23 37
19 73 19 43 44 55 58 67 73
14 79 14 25 79
2 82 2 9 71 82
27 86 27 44 55 67 72 86
13 73 13 20 39 58 67 73
7 83 7 14 25 79 83
28 52 28 37 48 52
1 84 1 13 84
8 88 8 62 72 88
18 82 18 22 34 48 52 71 82
6 71 6 71
13 48 13 28 37 48
9 67 9 20 39 58 67
4 73 4 30 44 55 67 73
20 86 20 55 58 67 72 86
21 41 21 26 28 41
21 81 21 42 51 80 81
18 81 18 22 43 52 80 81
4 59 4 23 37 51 59
18 67 18 22 31 43 44 55 67
3 89 3 37 51 59 89
22 84 22 31 43 44 84
1 78 1 78
7 79 7 14 25 79
3 37 3 37
30 79 30 34 79
4 88 4 30 34 79 88
28 57 28 41 57
37 81 37 51 80 81
37 83 37 48 52 80 81 83
19 81 19 43 52 80 81
1 82 1 13 29 48 75 82
7 52 7 43 52
21 57 21 26 28 41 57
1 67 1 39 58 67
35 88 35 39 58 67 72 88
7 44 7 43 44
2 80 2 23 37 48 52 80
6 55 6 31 43 44 55
19 43 19 43
1 48 1 13 28 37 48
1 84 1 13 84
3 58 3 27 44 55 58
70 83 70 81 83
37 86 37 49 72 86
56 64 56 64
19 58 19 43 44 55 58
22 71 22 43 52 71
6 84 6 31 43 44 84
8 60 8 41 50 60
19 79 19 43 44 79
41 50 41 50
8 37 8 28 37
8 73 8 9 20 55 58 67 73
15 51 15 26 28 37 51
6 80 6 37 51 80
41 86 41 57 72 86
9 67 9 20 55 67
14 51 14 42 51
26 52 26 28 37 52
1 48 1 2 23 37 48
9 67 9 20 55 58 67
27 55 27 44 55
28 71 28 35 59 64 71
14 50 14 28 41 50
33 71 33 51 59 64 71
21 50 21 26 28 41 50
1 26 1 13 26
6 44 6 31 43 44
42 64 42 51 59 64
8 83 8 41 70 81 83
1 51 1 2 33 51
1 63 1 13 26 28 41 57 63
28 89 28 77 89
33 80 33 51 80
8 60 8 41 50 60
22 86 22 31 43 52 64 86
14 25 14 25
41 83 41 70 81 83
1 37 1 7 14 28 37
27 73 27 44 55 58 67 73
13 67 13 20 39 58 67
28 51 28 37 51
35 89 35 39 58 77 89
21 77 21 26 28 77
19 86 19 56 64 86
8 60 8 41 50 60
2 73 2 9 20 55 67 73
2 37 2 23 37
14 61 14 25 33 61
2 55 2 9 20 55
20 86 20 39 58 67 72 86
41 86 41 49 72 86
34 75 34 48 75
1 25 1 7 14 25
13 55 13 20 55
8 89 8 9 20 55 84 89
2 9 2 9
33 80 33 51 80
43 71 43 52 71
1 48 1 37 48
22 75 22 34 48 75
22 58 22 31 43 44 55 58
19 72 19 43 44 55 67 72
23 66 23 66
8 58 8 28 35 39 58
39 86 39 58 67 72 86
23 80 23 37 51 80
41 86 41 57 72 86
2 48 2 23 37 48
56 71 56 64 71
25 81 25 33 51 80 81
14 61 14 25 33 61
16 48 16 29 48
15 34 15 22 34
21 83 21 26 42 51 80 81 83
70 83 70 81 83
23 75 23 37 48 75
1 79 1 7 14 34 79
31 79 31 43 44 79
34 71 34 48 52 64 71
21 89 21 58 77 89
27 73 27 44 55 58 67 73
42 89 42 51 59 89
43 84 43 44 84
35 67 35 39 58 67
8 83 8 28 41 70 81 83
18 89 18 22 34 59 89
35 88 35 39 58 67 72 88
3 80 3 37 48 75 80
15 37 15 26 28 37
21 82 21 58 67 82
22 44 22 31 43 44
4 66 4 23 66
28 63 28 41 63
51 80 51 80
31 82 31 56 82
43 81 43 52 80 81
13 86 13 20 56 64 86
34 84 34 79 84
4 32 4 23 32
14 52 14 34 48 52
31 86 31 43 52 64 86
22 72 22 43 44 55 67 72
6 79 6 31 43 44 79
18 88 18 22 34 48 88
1 79 1 7 43 44 79
14 52 14 34 48 52
25 83 25 79 83
34 52 34 48 52
18 64 18 20 56 64
70 83 70 81 83
3 44 3 30 44
8 72 8 9 20 55 58 67 72
19 81 19 43 52 80 81
21 81 21 26 28 41 70 81
2 83 2 23 37 48 52 80 81 83
9 73 9 20 39 58 67 73
39 58 39 58
1 86 1 7 64 86
35 88 35 39 58 67 72 88
26 75 26 28 37 48 75
18 59 18 59
4 37 4 23 37
18 34 18 22 34
26 71 26 28 64 71
14 52 14 28 37 52
37 83 37 51 80 81 83
15 86 15 30 44 55 67 72 86
31 73 31 43 44 55 67 73
19 73 19 43 44 55 58 67 73
26 73 26 42 51 67 73
30 75 30 34 48 75
4 48 4 23 37 48
2 83 2 33 51 80 81 83
23 73 23 37 51 67 73
7 67 7 14 28 35 39 58 67
6 55 6 31 43 44 55
39 88 39 58 67 72 88
18 55 18 22 31 43 44 55
1 75 1 7 14 28 37 48 75
14 60 14 28 41 50 60
18 72 18 22 31 43 44 55 58 67 72
39 88 39 58 67 72 88
8 88 8 9 20 39 58 67 72 88
18 82 18 20 55 58 67 82
2 20 2 9 20
18 52 18 22 43 52
20 86 20 56 64 86
14 75 14 34 48 75
14 84 14 25 79 84
25 86 25 33 51 86
1 71 1 13 26 42 51 59 64 71
9 71 9 20 56 64 71
15 67 15 26 42 51 67
8 72 8 28 37 49 72
8 60 8 28 41 50 60
31 84 31 43 44 84
2 73 2 33 51 67 73
8 88 8 62 72 88
3 89 3 30 48 52 77 89
18 72 18 20 39 58 67 72
21 89 21 42 51 59 89
2 37 2 23 37
13 71 13 20 56 64 71
3 84 3 30 44 55 84
28 50 28 41 50
21 60 21 26 28 41 50 60
3 34 3 30 34
3 51 3 37 51
43 55 43 44 55
2 77 2 23 37 52 77
1 55 1 13 20 55
8 59 8 28 35 59
28 51 28 37 51
58 67 58 67
4 73 4 30 44 55 58 67 73
37 52 37 48 52
22 84 22 34 79 84
37 52 37 52
31 72 31 43 44 55 67 72
6 52 6 37 52
1 37 1 13 26 28 37
14 64 14 28 64
6 75 6 37 48 75
18 89 18 59 89
14 25 14 25
6 48 6 37 48
4 44 4 30 44
15 55 15 22 43 44 55
2 67 2 33 51 67
20 67 20 55 67
51 67 51 67
26 48 26 28 37 48
8 51 8 28 37 51
21 58 21 26 28 35 39 58
64 86 64 86
19 79 19 43 44 79
25 61 25 33 61
15 58 15 22 31 43 44 55 58
19 82 19 43 44 55 67 82
23 66 23 66
22 82 22 31 56 82
22 67 22 31 43 44 55 58 67
1 51 1 2 23 37 51
58 67 58 67
8 78 8 40 78
1 78 1 2 23 66 78
11 89 11 59 89
3 27 3 27
3 72 3 27 44 55 67 72
43 52 43 52
22 72 22 43 44 55 67 72
3 52 3 30 34 48 52
14 83 14 42 51 80 81 83
43 55 43 44 55
31 89 31 43 44 79 84 89
21 67 21 42 51 67
43 80 43 52 80
2 9 2 9
42 73 42 51 67 73
4 34 4 30 34
31 81 31 43 52 80 81
6 81 6 31 43 52 80 81
22 77 22 31 43 52 77
35 86 35 39 58 67 72 86
21 50 21 26 28 41 50
11 82 11 59 64 71 82
18 83 18 22 31 43 44 79 83
28 37 28 37
4 37 4 23 37
31 84 31 43 44 84
34 83 34 48 75 80 81 83
23 73 23 37 51 67 73
11 86 11 59 64 86
49 72 49 72
41 81 41 70 81
15 78 15 26 28 41 57 78
49 86 49 72 86
28 48 28 37 48
18 88 18 22 43 44 55 67 72 88
11 59 11 59
3 55 3 9 20 55
7 61 7 14 25 33 61
1 9 1 2 9
2 75 2 23 37 48 75
41 81 41 70 81
14 59 14 42 51 59
3 79 3 27 44 79
1 72 1 13 26 28 35 39 58 67 72
8 51 8 28 37 51
2 51 2 33 51
2 66 2 23 66
14 59 14 34 59
28 82 28 64 82
16 52 16 29 48 52
3 64 3 64
28 75 28 37 48 75
34 75 34 48 75
8 89 8 28 77 89
31 89 31 43 44 55 58 77 89
8 48 8 28 37 48
4 84 4 30 44 55 84
28 64 28 37 59 64
28 72 28 37 49 72
2 81 2 33 51 80 81
22 84 22 31 43 44 55 84
21 48 21 26 28 37 48
18 75 18 22 34 48 75
23 66 23 66
51 73 51 67 73
15 59 15 26 28 35 59
31 43 31 43
3 27 3 27
8 60 8 41 50 60
42 67 42 51 67
4 78 4 23 66 78
22 44 22 43 44
18 67 18 22 31 43 44 55 58 67
28 50 28 41 50
22 83 22 31 43 52 80 81 83
11 71 11 59 64 71
13 81 13 28 37 52 80 81
51 80 51 80
6 75 6 16 29 48 75
1 72 1 13 26 42 62 72
14 51 14 25 33 51
2 86 2 33 51 86
1 55 1 13 20 55
2 84 2 9 20 55 84
4 23 4 23
4 77 4 30 48 52 77
18 79 18 22 31 43 44 79
7 61 7 14 25 33 61
31 88 31 43 44 79 88
15 64 15 30 34 48 52 64
39 86 39 58 67 72 86
30 79 30 34 79
11 82 11 59 64 82
3 64 3 30 34 48 52 64
13 52 13 29 48 52
1 37 1 37
18 34 18 22 34
49 88 49 72 88
13 80 13 28 37 51 80
7 73 7 14 28 37 51 67 73
15 80 15 30 48 75 80
14 78 14 28 41 57 78
26 80 26 42 51 80
28 77 28 35 39 58 77
26 52 26 28 37 52
20 86 20 55 67 72 86
2 77 2 9 20 39 58 77
15 71 15 26 28 64 71
20 73 20 39 58 67 73
22 75 22 34 48 75
42 89 42 51 59 89
1 71 1 13 28 37 52 71
15 51 15 26 28 37 51
31 64 31 43 52 64
1 48 1 2 23 37 48
30 73 30 44 55 58 67 73
8 64 8 28 37 51 59 64
1 23 1 2 23
39 58 39 58
31 44 31 43 44
11 59 11 59
2 66 2 23 66
2 32 2 23 32
1 23 1 2 23
37 80 37 48 75 80
1 64 1 2 23 37 52 64
15 88 15 22 34 79 88
4 72 4 23 49 72
3 84 3 30 44 79 84
30 73 30 44 55 58 67 73
1 70 1 7 14 28 41 70
35 71 35 59 64 71
2 82 2 56 82
19 73 19 43 44 55 58 67 73
1 55 1 7 43 44 55
8 50 8 28 41 50
23 71 23 37 48 52 64 71
14 70 14 28 41 70
14 72 14 28 35 39 58 67 72
72 86 72 86
21 70 21 26 28 41 70
27 67 27 44 55 58 67
14 89 14 59 89
19 88 19 43 44 55 67 72 88
23 32 23 32
4 71 4 23 37 51 59 64 71
25 80 25 33 51 80
3 37 3 37
18 77 18 20 55 58 77
13 50 13 26 28 41 50
15 34 15 30 34
3 86 3 30 44 55 67 72 86
18 34 18 22 34
14 64 14 42 51 59 64
41 83 41 70 81 83
8 83 8 41 70 81 83
3 51 3 37 51
25 81 25 33 51 80 81
2 61 2 33 61
30 81 30 48 52 80 81
21 59 21 42 51 59
8 51 8 28 37 51
27 67 27 44 55 58 67
58 86 58 67 72 86
3 44 3 30 44
14 83 14 42 51 80 81 83
14 63 14 28 41 57 63
11 88 11 88
15 73 15 30 44 55 67 73
3 88 3 27 79 88
22 79 22 43 44 79
3 80 3 30 34 48 52 80
33 81 33 51 80 81
3 37 3 37
14 71 14 28 64 71
14 77 14 28 77
31 72 31 43 44 55 58 67 72
30 52 30 34 48 52
35 67 35 39 58 67
35 71 35 59 64 71
19 52 19 43 52
31 83 31 43 44 79 83
14 64 14 42 51 59 64
7 55 7 43 44 55
20 84 20 55 84
18 77 18 22 43 52 77
22 48 22 34 48
39 58 39 58
30 80 30 34 48 75 80
33 71 33 51 59 64 71
1 57 1 7 14 28 41 57
4 23 4 23
13 48 13 26 28 37 48
4 59 4 30 34 59
34 52 34 48 52
22 81 22 31 43 52 80 81
43 44 43 44
1 55 1 13 20 55
1 57 1 13 26 28 41 57
35 67 35 39 58 67
3 71 3 30 34 48 52 64 71
3 9 3 9
13 86 13 28 37 49 72 86
27 67 27 44 55 58 67
26 73 26 73
3 77 3 30 44 55 58 77
18 81 18 22 31 43 52 80 81
11 89 11 59 89
39 88 39 58 67 72 88
42 64 42 51 59 64
30 81 30 48 52 80 81
26 67 26 42 51 67
7 81 7 43 52 80 81
11 86 11 59 64 86
26 67 26 28 35 39 58 67
39 72 39 58 67 72
35 82 35 59 64 71 82
4 48 4 30 34 48
8 41 8 28 41
7 71 7 64 71
28 83 28 37 51 80 81 83
59 86 59 64 86
1 63 1 13 26 28 41 57 63
34 48 34 48
16 86 16 86
23 71 23 37 52 71
43 44 43 44
2 51 2 33 51
19 71 19 43 52 71
21 71 21 42 51 59 64 71
22 48 22 34 48
3 20 3 9 20
19 81 19 43 52 80 81
39 77 39 58 77
21 70 21 26 28 41 70
15 37 15 26 28 37
21 81 21 26 42 51 80 81
31 82 31 56 82
33 86 33 49 72 86
16 73 16 35 39 58 67 73
27 44 27 44
31 81 31 43 52 80 81
22 43 22 31 43
7 50 7 14 28 41 50
18 58 18 22 43 44 55 58
23 81 23 37 52 80 81
8 70 8 41 70
19 83 19 43 52 80 81 83
15 71 15 30 34 59 64 71
21 86 21 42 62 72 86
43 86 43 44 55 58 67 72 86
34 81 34 48 52 80 81
3 52 3 30 34 48 52
34 52 34 48 52
14 48 14 28 37 48
37 67 37 51 67
35 88 35 39 58 67 72 88
2 89 2 33 51 59 89
9 73 9 20 55 67 73
31 86 31 43 52 64 86
18 44 18 22 43 44
11 86 11 59 64 86
2 81 2 23 37 48 75 80 81
28 72 28 35 39 58 67 72
27 67 27 44 55 67
8 73 8 9 20 73
1 29 1 13 29
3 30 3 30
28 81 28 37 48 52 80 81
21 89 21 42 51 59 89
16 71 16 29 48 52 71
8 81 8 28 37 51 80 81
15 80 15 26 28 37 51 80
6 29 6 16 29
18 34 18 22 34
35 64 35 59 64
14 37 14 28 37
42 83 42 51 80 81 83
15 89 15 30 48 52 77 89
37 71 37 48 52 64 71
43 44 43 44
35 71 35 59 64 71
7 79 7 43 44 79
16 71 16 35 59 64 71
1 33 1 2 33
37 83 37 52 80 81 83
34 79 34 79
21 57 21 26 28 41 57
22 86 22 34 86
13 81 13 29 48 52 80 81
28 51 28 37 51
7 75 7 14 34 48 75
15 57 15 26 28 41 57
39 89 39 58 77 89
21 70 21 26 28 41 70
4 84 4 30 34 79 84
42 89 42 51 59 89
43 67 43 44 55 58 67
14 75 14 34 48 75
18 52 18 22 31 43 52
22 58 22 31 43 44 55 58
8 88 8 41 57 72 88
64 71 64 71
18 52 18 22 43 52
11 82 11 59 64 82
13 83 13 28 37 51 80 81 83
22 88 22 34 48 75 88
30 67 30 44 55 67
2 86 2 56 64 86
30 55 30 44 55
31 84 31 43 44 55 84
4 82 4 82
42 82 42 51 67 82
33 73 33 51 67 73
16 81 16 29 48 75 80 81
8 55 8 9 20 55
28 81 28 41 70 81
14 83 14 28 37 52 80 81 83
85 88 85 88
7 61 7 14 25 33 61
8 60 8 41 50 60
8 81 8 41 70 81
28 83 28 41 70 81 83
51 83 51 80 81 83
18 81 18 22 34 48 75 80 81
4 32 4 23 32
25 84 25 79 84
39 72 39 58 67 72
34 79 34 79
28 72 28 41 57 72
13 52 13 28 37 52
28 63 28 41 63
39 72 39 58 67 72
58 67 58 67
3 75 3 30 34 48 75
13 55 13 20 55
43 44 43 44
19 72 19 43 44 55 58 67 72
18 58 18 22 43 44 55 58
51 83 51 80 81 83
40 78 40 78
8 55 8 9 20 55
9 55 9 20 55
22 79 22 43 44 79
1 72 1 37 49 72
31 88 31 43 44 79 88
15 79 15 30 44 79
43 44 43 44
4 67 4 23 37 51 67
28 75 28 37 48 75
21 72 21 42 51 67 72
20 67 20 55 67
13 67 13 26 42 51 67
22 34 22 34
1 82 1 7 43 52 64 71 82
51 81 51 80 81
4 70 4 70
21 80 21 26 28 37 52 80
14 64 14 34 48 52 64
25 67 25 33 51 67
2 86 2 23 37 59 64 86
2 72 2 33 51 67 72
4 79 4 30 44 79
19 84 19 43 44 84
22 84 22 34 79 84
8 81 8 28 37 51 80 81
1 44 1 7 43 44
1 41 1 7 14 28 41
4 81 4 70 81
14 67 14 28 37 51 67
20 71 20 56 64 71
28 78 28 41 57 78
7 61 7 14 25 33 61
9 73 9 20 55 58 67 73
19 55 19 43 44 55
4 88 4 23 37 51 67 72 88
13 71 13 29 48 52 64 71
3 64 3 9 20 56 64
13 52 13 26 28 37 48 52
21 26 21 26
14 73 14 25 35 39 58 67 73
4 67 4 23 37 51 67
4 23 4 23
43 86 43 44 55 58 67 72 86
1 51 1 2 23 37 51
7 52 7 14 28 37 48 52
8 48 8 28 37 48
21 63 21 26 28 41 63
23 52 23 37 52
3 78 3 9 20 40 78
26 80 26 28 37 51 80
51 80 51 80
1 37 1 2 23 37
37 73 37 51 67 73
14 84 14 25 79 84
4 51 4 23 37 51
15 72 15 26 28 37 72
30 83 30 44 79 83
41 50 41 50
18 58 18 22 31 43 44 55 58
28 82 28 82
28 72 28 41 57 72
4 80 4 30 34 48 52 80
20 86 20 55 67 72 86
15 67 15 26 28 35 39 58 67
4 64 4 30 34 59 64
16 67 16 35 39 58 67
14 37 14 28 37
15 88 15 22 31 43 44 79 88
14 57 14 28 41 57
18 81 18 22 31 43 52 80 81
38 89 38 89
8 63 8 41 57 63
22 73 22 43 44 55 67 73
8 9 8 9
8 59 8 28 35 59
6 44 6 31 43 44
18 81 18 22 43 52 80 81
31 44 31 43 44
1 84 1 2 9 20 55 84
21 60 21 26 28 41 50 60
1 44 1 7 43 44
22 83 22 43 44 79 83
34 71 34 59 64 71
1 7 1 7
16 73 16 35 39 58 67 73
42 89 42 51 59 89
13 81 13 29 48 52 80 81
33 83 33 51 80 81 83
31 79 31 43 44 79
23 67 23 37 51 67
8 59 8 28 37 51 59
31 44 31 43 44
2 82 2 82
43 44 43 44
4 23 4 23
30 84 30 44 79 84
62 72 62 72
43 52 43 52
23 81 23 37 51 80 81
15 48 15 30 34 48
3 72 3 37 51 67 72
2 55 2 9 20 55
18 34 18 22 34
8 55 8 9 20 55
8 82 8 28 82
2 66 2 23 66
8 80 8 28 37 51 80
22 80 22 43 52 80
8 20 8 9 20
26 75 26 28 37 48 75
34 84 34 79 84
26 67 26 42 51 67
22 58 22 43 44 55 58
3 34 3 30 34
37 80 37 48 52 80
3 88 3 27 88
19 82 19 56 64 82
14 89 14 34 59 89
1 82 1 13 26 28 37 52 71 82
1 64 1 37 48 52 64
4 51 4 23 37 51
3 82 3 37 48 52 71 82
34 71 34 48 52 71
43 73 43 44 55 58 67 73
42 73 42 51 67 73
14 86 14 42 51 59 64 86
27 83 27 79 83
21 59 21 26 42 51 59
23 73 23 37 51 67 73
43 79 43 44 79
56 64 56 64
30 71 30 48 52 64 71
18 71 18 59 64 71
6 81 6 37 48 75 80 81
3 71 3 30 34 48 52 64 71
18 79 18 22 34 79
22 86 22 31 56 64 86
28 63 28 41 57 63
26 50 26 28 41 50
2 86 2 33 49 72 86
18 20 18 20
2 9 2 9
28 50 28 41 50
6 44 6 31 43 44
8 67 8 9 20 55 58 67
14 67 14 28 35 39 58 67
2 59 2 33 51 59
1 44 1 7 43 44
4 77 4 23 66 77
26 80 26 42 51 80
59 86 59 64 86
25 80 25 33 51 80
3 79 3 30 34 79
18 55 18 22 31 43 44 55
20 67 20 55 67
23 80 23 37 51 80
1 75 1 13 29 48 75
4 67 4 30 44 55 58 67
51 67 51 67
26 75 26 28 37 48 75
35 73 35 39 58 67 73
26 75 26 28 37 48 75
3 73 3 30 44 55 58 67 73
3 30 3 30
27 86 27 44 55 58 67 72 86
25 61 25 33 61
16 83 16 29 48 52 80 81 83
1 51 1 37 51
14 83 14 25 79 83
42 59 42 51 59
72 86 72 86
8 63 8 28 41 63
22 71 22 31 43 52 64 71
30 86 30 34 48 52 64 86
8 89 8 9 20 55 58 77 89
42 67 42 51 67
31 55 31 43 44 55
23 66 23 66
37 52 37 52
4 82 4 82
21 83 21 26 42 51 80 81 83
27 55 27 44 55
39 58 39 58
14 82 14 59 64 82
62 86 62 72 86
25 86 25 35 59 64 86
18 67 18 22 43 44 55 67
31 58 31 43 44 55 58
15 51 15 26 42 51
3 37 3 37
33 61 33 61
1 43 1 7 43
7 79 7 14 34 79
15 67 15 30 44 55 58 67
30 71 30 48 52 64 71
27 67 27 44 55 67
2 77 2 9 20 39 58 77
4 66 4 23 66
18 71 18 22 43 52 64 71
31 52 31 43 52
4 77 4 23 66 77
30 55 30 44 55
28 73 28 37 51 67 73
25 83 25 33 51 80 81 83
6 75 6 37 48 75
42 51 42 51
22 88 22 31 43 44 55 58 67 72 88
14 86 14 28 37 51 67 72 86
19 43 19 43
18 44 18 22 31 43 44
43 79 43 44 79
25 73 25 33 51 67 73
3 51 3 37 51
1 82 1 39 58 67 82
35 58 35 39 58
13 83 13 29 48 52 80 81 83
13 75 13 26 28 37 48 75
21 81 21 42 51 80 81
28 81 28 37 48 52 80 81
19 86 19 56 64 86
2 33 2 33
3 72 3 9 62 72
8 88 8 62 72 88
42 71 42 51 59 64 71
31 82 31 43 52 64 71 82
14 41 14 28 41
4 73 4 30 44 55 58 67 73
43 86 43 44 55 67 72 86
2 37 2 23 37
15 30 15 30
8 73 8 28 35 39 58 67 73
64 71 64 71
26 81 26 28 41 70 81
35 73 35 39 58 67 73
8 81 8 41 70 81
38 89 38 89
2 67 2 33 51 67
22 77 22 43 44 55 58 77
26 81 26 28 41 70 81
64 71 64 71
42 80 42 51 80
26 86 26 42 51 59 64 86
31 71 31 43 52 64 71
19 55 19 43 44 55
31 72 31 43 44 55 67 72
30 79 30 34 79
15 79 15 30 34 79
4 59 4 30 34 59
22 79 22 34 79
16 52 16 29 48 52
35 73 35 39 58 67 73
43 44 43 44
21 71 21 26 28 37 51 59 64 71
1 61 1 2 33 61
18 58 18 20 39 58
19 58 19 43 44 55 58
18 72 18 22 43 44 55 67 72
22 44 22 43 44
33 81 33 51 80 81
62 86 62 72 86
6 73 6 37 51 67 73
2 64 2 9 20 56 64
31 71 31 56 64 71
18 83 18 22 34 48 52 80 81 83
19 84 19 43 44 79 84
4 81 4 30 48 75 80 81
20 84 20 55 84
2 77 2 23 66 77
8 48 8 28 37 48
2 20 2 9 20
8 72 8 28 41 49 72
7 73 7 14 42 51 67 73
1 58 1 2 9 20 55 58
22 88 22 34 48 88
28 58 28 35 39 58
19 64 19 43 52 64
43 55 43 44 55
22 34 22 34
31 52 31 43 52
9 84 9 20 55 84
4 71 4 30 48 52 71
19 67 19 43 44 55 67
9 71 9 20 56 64 71
3 71 3 64 71
19 44 19 43 44
19 55 19 43 44 55
27 86 27 44 55 58 67 72 86
6 83 6 37 52 80 81 83
25 80 25 33 51 80
1 51 1 37 51
18 80 18 22 43 52 80
42 72 42 62 72
31 43 31 43
1 88 1 39 58 67 72 88
15 58 15 22 31 43 44 55 58
7 75 7 14 34 48 75
13 83 13 83
26 75 26 28 37 48 75
4 59 4 30 34 59
4 51 4 23 37 51
2 83 2 23 37 48 75 80 81 83
19 58 19 43 44 55 58
7 86 7 14 25 33 49 72 86
1 70 1 13 26 28 41 70
13 29 13 29
27 55 27 44 55
15 86 15 30 44 55 67 72 86
19 86 19 43 44 55 67 72 86
27 83 27 79 83
3 89 3 9 20 55 58 77 89
35 64 35 59 64
43 67 43 44 55 67
14 77 14 34 48 52 77
2 75 2 23 37 48 75
1 89 1 89
39 73 39 58 67 73
4 64 4 30 48 52 64
2 78 2 33 78
30 48 30 34 48
15 57 15 26 28 41 57
8 20 8 9 20
14 50 14 28 41 50
6 84 6 31 43 44 84
3 72 3 30 44 55 58 67 72
15 34 15 30 34
4 64 4 23 37 52 64
26 80 26 28 37 51 80
3 37 3 37
27 86 27 44 55 67 72 86
22 43 22 43
22 48 22 34 48
6 86 6 16 29 48 52 64 86
11 86 11 59 64 86
28 51 28 37 51
1 55 1 13 20 55
35 88 35 39 58 67 72 88
22 82 22 43 44 55 67 82
23 71 23 37 59 64 71
28 89 28 35 39 58 77 89
38 89 38 89
3 82 3 27 44 55 67 82
22 89 22 31 43 44 84 89
16 73 16 35 39 58 67 73
3 30 3 30
3 78 3 9 20 40 78
15 86 15 22 31 43 52 64 86
31 88 31 43 44 55 67 72 88
6 73 6 37 51 67 73
42 82 42 51 67 82
3 88 3 37 49 72 88
28 41 28 41
37 80 37 48 75 80
34 52 34 48 52
27 86 27 44 55 58 67 72 86
4 73 4 30 44 55 67 73
20 86 20 56 64 86
31 52 31 43 52
1 32 1 2 23 32
4 66 4 23 66
1 86 1 49 72 86
26 86 26 42 51 86
19 88 19 43 44 55 58 67 72 88
19 52 19 43 52
14 51 14 28 37 51
8 77 8 9 20 39 58 77
20 86 20 39 58 67 72 86
21 72 21 58 67 72
3 83 3 30 34 79 83
37 71 37 59 64 71
43 71 43 52 64 71
1 83 1 13 28 37 52 80 81 83
3 77 3 9 20 55 58 77
34 84 34 79 84
22 75 22 34 48 75
27 84 27 44 84
15 34 15 30 34
56 64 56 64
33 73 33 51 67 73
3 88 3 9 62 72 88
11 71 11 59 64 71
3 79 3 30 34 79
4 32 4 23 32
43 84 43 44 79 84
14 82 14 28 41 50 82
14 80 14 28 37 52 80
20 73 20 55 58 67 73
1 71 1 37 48 52 64 71
1 78 1 7 57 78
31 55 31 43 44 55
39 73 39 58 67 73
28 50 28 41 50
22 64 22 34 48 52 64
16 83 16 29 48 75 80 81 83
21 70 21 26 28 41 70
21 72 21 26 28 35 39 58 67 72
37 67 37 51 67
22 81 22 43 52 80 81
19 82 19 56 82
19 84 19 43 44 55 84
59 86 59 64 86
4 44 4 30 44
1 23 1 2 23
8 50 8 41 50
22 86 22 43 52 64 86
8 73 8 9 20 73
21 86 21 26 42 51 67 72 86
33 86 33 49 72 86
31 64 31 43 52 64
1 82 1 2 82
3 52 3 30 48 52
14 61 14 25 33 61
51 83 51 80 81 83
43 73 43 44 55 67 73
33 67 33 51 67
22 80 22 31 43 52 80
2 86 2 33 49 72 86
18 78 18 20 40 78
23 75 23 37 48 75
35 73 35 39 58 67 73
13 73 13 26 28 37 51 67 73
43 44 43 44
22 52 22 34 48 52
31 83 31 43 52 80 81 83
1 13 1 13
9 71 9 71
4 86 4 23 49 72 86
14 67 14 42 51 67
15 58 15 26 28 35 39 58
28 48 28 37 48
8 55 8 9 20 55
7 86 7 43 44 55 67 72 86
33 86 33 49 72 86
34 75 34 48 75
3 59 3 37 59
19 44 19 43 44
28 60 28 41 50 60
25 84 25 79 84
34 80 34 48 75 80
1 57 1 7 57
37 75 37 48 75
30 67 30 44 55 58 67
15 50 15 26 28 41 50
4 52 4 23 37 48 52
8 75 8 28 37 48 75
2 84 2 9 20 55 84
15 57 15 26 28 41 57
23 86 23 37 49 72 86
1 81 1 2 23 37 51 80 81
31 77 31 43 44 55 58 77
7 75 7 14 28 37 48 75
15 64 15 30 34 48 52 64
2 33 2 33
19 72 19 62 72
33 71 33 51 59 64 71
31 55 31 43 44 55
16 52 16 29 48 52
39 89 39 58 77 89
2 81 2 23 37 51 80 81
39 89 39 58 77 89
25 81 25 33 51 80 81
14 79 14 34 79
22 71 22 43 52 64 71
14 73 14 25 35 39 58 67 73
56 82 56 82
20 55 20 55
28 78 28 41 57 78
28 51 28 37 51
14 70 14 28 41 70
15 58 15 22 43 44 55 58
4 72 4 30 44 55 58 67 72
6 52 6 31 43 52
31 73 31 43 44 55 67 73
8 86 8 41 49 72 86
15 63 15 26 28 41 57 63
2 37 2 23 37
4 82 4 82
2 20 2 9 20
62 86 62 72 86
23 75 23 37 48 75
4 75 4 23 37 48 75
15 52 15 26 28 37 48 52
15 57 15 26 28 41 57
2 86 2 56 64 86
28 37 28 37
21 82 21 42 51 59 64 82
14 48 14 28 37 48
8 55 8 9 20 55
9 73 9 20 73
41 50 41 50
16 73 16 35 39 58 67 73
34 86 34 59 64 86
41 86 41 49 72 86
33 86 33 51 67 72 86
7 52 7 14 34 48 52
23 81 23 37 51 80 81
19 83 19 43 44 79 83
28 52 28 37 52
1 72 1 49 72
35 67 35 39 58 67
28 73 28 37 51 67 73
14 58 14 25 35 39 58
21 89 21 58 77 89
2 71 2 23 37 48 52 71
9 86 9 20 55 67 72 86
31 55 31 43 44 55
4 78 4 23 66 78
30 83 30 34 79 83
2 61 2 33 61
1 50 1 13 28 41 50
1 70 1 7 14 28 41 70
19 67 19 43 44 55 67
4 66 4 23 66
21 26 21 26
2 67 2 23 37 51 67
1 44 1 7 43 44
7 81 7 14 42 51 80 81
28 89 28 35 39 58 77 89
22 79 22 34 79
2 78 2 23 66 78
18 64 18 20 56 64
21 83 21 26 28 41 70 81 83
25 81 25 33 51 80 81
11 82 11 59 64 71 82
28 73 28 35 39 58 67 73
42 83 42 51 80 81 83
6 71 6 71
42 64 42 51 59 64
39 89 39 58 77 89
7 79 7 14 34 79
15 30 15 30
21 71 21 42 51 59 64 71
34 80 34 48 75 80
1 77 1 39 58 77
6 80 6 31 43 52 80
15 60 15 26 28 41 50 60
7 80 7 43 52 80
23 48 23 37 48
2 80 2 33 51 80
13 75 13 26 28 37 48 75
1 75 1 2 23 37 48 75
1 71 1 13 29 48 52 64 71
18 64 18 20 56 64
23 81 23 37 52 80 81
21 60 21 26 28 41 50 60
8 71 8 9 71
22 77 22 43 52 77
31 88 31 43 44 79 88
51 67 51 67
28 73 28 35 39 58 67 73
4 66 4 23 66
22 43 22 31 43
2 32 2 23 32
11 64 11 59 64
28 50 28 41 50
18 81 18 22 34 48 52 80 81
28 88 28 37 51 67 72 88
2 52 2 23 37 52
28 78 28 41 57 78
19 72 19 43 44 55 58 67 72
37 67 37 51 67
1 41 1 13 26 28 41
39 82 39 58 67 82
8 37 8 28 37
3 78 3 27 78
4 84 4 30 34 79 84
15 52 15 30 48 52
51 73 51 67 73
22 75 22 34 48 75
22 58 22 43 44 55 58
11 64 11 59 64
18 89 18 22 31 43 44 55 84 89
34 75 34 48 75
9 73 9 20 73
25 80 25 33 51 80
14 67 14 25 35 39 58 67
3 88 3 27 44 55 67 72 88
4 79 4 30 34 79
3 9 3 9
33 86 33 62 72 86
14 71 14 25 33 51 59 64 71
16 71 16 29 48 52 64 71
18 81 18 22 34 48 52 80 81
27 44 27 44
16 73 16 35 39 58 67 73
21 51 21 26 28 37 51
3 81 3 37 52 80 81
3 30 3 30
26 80 26 28 37 48 75 80
3 89 3 9 20 39 58 77 89
6 80 6 31 43 52 80
21 77 21 58 77
16 73 16 35 39 58 67 73
25 71 25 33 51 59 64 71
14 52 14 34 48 52
13 50 13 28 41 50
37 52 37 48 52
1 83 1 2 23 37 51 80 81 83
18 83 18 22 34 79 83
8 63 8 41 63
19 88 19 43 44 55 67 72 88
21 86 21 26 28 35 59 64 86
4 71 4 30 48 52 64 71
15 34 15 30 34
28 59 28 37 51 59
1 55 1 13 20 55
31 86 31 56 64 86
30 71 30 34 48 52 64 71
14 72 14 28 41 49 72
51 73 51 67 73
22 64 22 43 52 64
59 86 59 64 86
34 75 34 48 75
8 89 8 9 20 39 58 77 89
28 77 28 35 39 58 77
6 83 6 31 43 44 79 83
19 82 19 56 82
1 78 1 2 23 66 78
8 86 8 62 72 86
31 83 31 43 44 79 83
3 77 3 30 34 48 52 77
14 79 14 34 79
14 48 14 34 48
15 83 15 30 48 75 80 81 83
1 75 1 13 29 48 75
1 61 1 7 14 25 33 61
2 71 2 9 20 56 64 71
30 79 30 44 79
15 71 15 22 43 52 71
18 20 18 20
43 83 43 52 80 81 83
35 89 35 59 89
8 83 8 28 37 48 52 80 81 83
14 73 14 28 35 39 58 67 73
9 67 9 20 39 58 67
4 70 4 70
2 48 2 23 37 48
22 81 22 31 43 52 80 81
3 51 3 37 51
15 86 15 30 48 52 64 86
4 32 4 23 32
14 60 14 28 41 50 60
35 82 35 59 64 82
2 84 2 9 20 55 84
27 84 27 44 55 84
2 80 2 33 51 80
8 50 8 41 50
15 55 15 22 31 43 44 55
34 75 34 48 75
19 44 19 43 44
18 77 18 22 34 48 52 77
2 37 2 23 37
1 41 1 7 14 28 41
58 73 58 67 73
4 58 4 30 44 55 58
18 67 18 22 43 44 55 67
30 79 30 34 79
18 84 18 20 55 84
35 82 35 59 64 82
31 82 31 56 64 71 82
43 83 43 44 79 83
14 25 14 25
18 71 18 22 43 52 64 71
19 84 19 43 44 79 84
15 55 15 22 31 43 44 55
15 64 15 22 43 52 64
23 52 23 37 52
30 55 30 44 55
33 61 33 61
16 73 16 35 39 58 67 73
18 44 18 22 43 44
14 51 14 25 33 51
8 70 8 28 41 70
15 89 15 26 28 37 48 52 77 89
9 84 9 20 55 84
14 52 14 34 48 52
15 55 15 22 43 44 55
15 83 15 30 34 48 75 80 81 83
22 75 22 34 48 75
14 88 14 25 62 72 88
18 75 18 22 34 48 75
37 81 37 51 80 81
2 23 2 23
18 89 18 59 89
3 59 3 37 59
40 78 40 78
14 50 14 28 41 50
4 82 4 23 37 59 64 82
30 48 30 48
8 52 8 28 37 52
3 73 3 37 51 67 73
72 86 72 86
6 52 6 31 43 52
2 86 2 33 62 72 86
1 89 1 39 58 77 89
31 43 31 43
28 71 28 64 71
8 55 8 9 20 55
1 70 1 13 26 28 41 70
19 71 19 56 64 71
14 67 14 25 35 39 58 67
1 88 1 39 58 67 72 88
15 37 15 26 28 37
19 58 19 43 44 55 58
23 86 23 49 72 86
26 81 26 28 37 52 80 81
43 83 43 44 79 83
1 44 1 7 43 44
15 59 15 22 34 59
42 73 42 51 67 73
15 37 15 26 28 37
4 71 4 30 34 59 64 71
6 55 6 31 43 44 55
22 55 22 31 43 44 55
8 77 8 9 20 55 58 77
19 81 19 43 52 80 81
4 71 4 30 34 48 52 71
13 73 13 28 37 51 67 73
31 83 31 43 44 79 83
23 67 23 37 51 67
18 82 18 59 64 82
39 72 39 58 67 72
3 80 3 37 48 75 80
39 72 39 58 67 72
18 43 18 22 43
1 23 1 2 23
1 48 1 37 48
19 83 19 43 44 79 83
15 64 15 26 42 51 59 64
1 34 1 7 14 34
31 43 31 43
1 37 1 7 14 28 37
28 89 28 35 59 89
6 55 6 31 43 44 55
14 71 14 59 64 71
31 72 31 43 44 55 67 72
22 44 22 31 43 44
35 67 35 39 58 67
7 86 7 64 86
18 75 18 22 34 48 75
22 79 22 34 79
1 84 1 13 20 55 84
64 86 64 86
15 60 15 26 28 41 50 60
3 58 3 27 44 55 58
1 25 1 7 14 25
8 70 8 28 41 70
8 51 8 28 37 51
27 55 27 44 55
14 41 14 28 41
2 55 2 9 20 55
7 52 7 14 34 48 52
3 88 3 30 48 75 88
42 83 42 51 80 81 83
8 82 8 9 20 55 67 82
15 78 15 26 28 41 57 78
4 77 4 23 37 77
3 78 3 27 78
58 73 58 67 73
6 52 6 37 48 52
43 67 43 44 55 58 67
2 9 2 9
18 48 18 22 34 48
14 63 14 25 63
39 73 39 58 67 73
33 81 33 51 80 81
28 70 28 41 70
3 34 3 30 34
25 79 25 79
15 83 15 30 44 79 83
19 77 19 43 52 77
20 67 20 55 58 67
4 30 4 30
15 71 15 30 34 59 64 71
35 58 35 39 58
30 71 30 34 59 64 71
31 55 31 43 44 55
27 44 27 44
14 70 14 28 41 70
42 72 42 51 67 72
4 75 4 23 37 48 75
37 83 37 48 75 80 81 83
1 41 1 7 14 28 41
18 89 18 22 34 48 52 77 89
31 88 31 43 44 55 58 67 72 88
22 52 22 31 43 52
1 78 1 7 57 78
1 77 1 7 43 44 55 58 77
3 86 3 27 44 55 58 67 72 86
19 58 19 43 44 55 58
37 81 37 51 80 81
3 51 3 37 51
19 88 19 62 72 88
16 29 16 29
15 73 15 30 44 55 58 67 73
22 34 22 34
15 75 15 26 28 37 48 75
37 80 37 52 80
14 75 14 34 48 75
31 80 31 43 52 80
35 64 35 59 64
51 80 51 80
23 83 23 37 51 80 81 83
21 83 21 26 28 37 51 80 81 83
31 80 31 43 52 80
1 83 1 37 51 80 81 83
14 81 14 34 48 75 80 81
2 84 2 9 20 55 84
8 72 8 41 49 72
62 88 62 72 88
8 20 8 9 20
21 73 21 26 42 51 67 73
23 73 23 37 51 67 73
1 34 1 7 14 34
59 71 59 64 71
4 86 4 49 72 86
62 88 62 72 88
8 50 8 28 41 50
30 67 30 44 55 58 67
1 61 1 2 33 61
22 73 22 31 43 44 55 67 73
14 84 14 34 79 84
1 67 1 37 51 67
26 81 26 28 37 48 52 80 81
43 44 43 44
43 84 43 44 84
43 73 43 44 55 58 67 73
23 80 23 37 48 52 80
2 58 2 9 20 39 58
4 89 4 30 44 55 58 77 89
3 83 3 27 79 83
22 64 22 34 59 64
21 59 21 26 28 37 59
4 88 4 30 34 48 75 88
2 55 2 9 20 55
31 86 31 43 52 64 86
1 33 1 2 33
4 70 4 70
62 86 62 72 86
28 67 28 37 51 67
28 86 28 35 39 58 67 72 86
43 84 43 44 79 84
28 51 28 37 51
43 67 43 44 55 67
3 30 3 30
21 60 21 26 28 41 50 60
1 32 1 2 23 32
14 70 14 28 41 70
21 82 21 42 51 59 64 71 82
4 55 4 30 44 55
31 64 31 56 64
1 41 1 13 26 28 41
4 71 4 30 48 52 64 71
2 75 2 23 37 48 75
22 59 22 34 59
28 37 28 37
15 70 15 26 28 41 70
13 73 13 20 55 67 73
42 51 42 51
19 67 19 43 44 55 58 67
25 61 25 33 61
42 80 42 51 80
41 50 41 50
7 61 7 14 25 33 61
1 60 1 13 26 28 41 50 60
42 82 42 51 59 64 71 82
15 81 15 22 34 48 52 80 81
1 86 1 2 23 37 48 52 64 86
1 59 1 37 59
1 51 1 37 51
4 44 4 30 44
13 86 13 28 35 39 58 67 72 86
14 60 14 28 41 50 60
43 80 43 52 80
22 88 22 43 44 79 88
27 86 27 44 55 67 72 86
6 52 6 16 29 48 52
1 86 1 7 64 86
4 51 4 23 37 51
23 32 23 32
21 37 21 26 28 37
6 75 6 37 48 75
13 84 13 84
2 89 2 33 51 59 89
85 88 85 88
30 73 30 44 55 58 67 73
43 44 43 44
28 60 28 41 50 60
14 67 14 25 33 51 67
35 77 35 39 58 77
39 67 39 58 67
15 71 15 22 34 59 64 71
31 82 31 43 52 64 71 82
16 75 16 29 48 75
8 80 8 28 37 51 80
22 34 22 34
2 83 2 33 51 80 81 83
43 44 43 44
8 77 8 28 77
19 81 19 43 52 80 81
4 67 4 30 44 55 67
22 81 22 43 52 80 81
18 64 18 59 64
31 72 31 43 44 55 58 67 72
59 86 59 64 86
37 80 37 51 80
25 61 25 33 61
2 88 2 9 62 72 88
2 71 2 33 51 59 64 71
43 71 43 52 64 71
8 71 8 9 71
2 23 2 23
9 67 9 20 39 58 67
49 86 49 72 86
15 43 15 22 43
51 83 51 80 81 83
21 88 21 42 62 72 88
31 84 31 43 44 84
11 64 11 59 64
19 43 19 43
39 58 39 58
25 61 25 33 61
14 67 14 25 33 51 67
18 80 18 22 43 52 80
22 59 22 34 59
28 70 28 41 70
11 86 11 59 64 86
28 50 28 41 50
35 58 35 39 58
28 89 28 37 59 89
14 82 14 28 35 59 64 82
15 70 15 26 28 41 70
31 83 31 43 52 80 81 83
4 58 4 30 44 55 58
39 77 39 58 77
56 71 56 64 71
8 48 8 28 37 48
37 71 37 52 71
6 80 6 31 43 52 80
33 83 33 51 80 81 83
58 73 58 67 73
49 86 49 72 86
7 55 7 43 44 55
15 86 15 26 28 35 59 64 86
3 37 3 37
3 44 3 27 44
57 86 57 72 86
1 86 1 37 72 86
43 71 43 52 64 71
18 67 18 20 39 58 67
23 71 23 37 51 59 64 71
19 86 19 43 44 55 58 67 72 86
2 33 2 33
26 83 26 42 51 80 81 83
15 64 15 30 34 59 64
27 79 27 44 79
30 75 30 48 75
22 81 22 34 48 52 80 81
20 55 20 55
15 26 15 26
30 67 30 44 55 67
15 78 15 26 28 41 57 78
35 73 35 39 58 67 73
34 83 34 48 52 80 81 83
19 83 19 43 52 80 81 83
14 84 14 34 79 84
19 72 19 43 44 55 58 67 72
40 78 40 78
20 67 20 55 58 67
21 41 21 26 28 41
28 51 28 37 51
23 66 23 66
1 78 1 78
30 48 30 48
8 48 8 28 37 48
8 20 8 9 20
31 64 31 56 64
18 20 18 20
31 71 31 43 52 71
21 78 21 26 28 41 57 78
39 58 39 58
31 72 31 43 44 55 58 67 72
22 43 22 31 43
33 83 33 51 80 81 83
15 86 15 30 44 55 58 67 72 86
15 57 15 26 28 41 57
42 71 42 51 59 64 71
43 52 43 52
3 48 3 37 48
15 58 15 22 31 43 44 55 58
31 84 31 43 44 84
14 33 14 25 33
8 84 8 9 20 55 84
26 81 26 28 37 51 80 81
22 67 22 43 44 55 58 67
28 58 28 35 39 58
25 81 25 33 51 80 81
21 72 21 26 42 51 67 72
15 67 15 26 42 51 67
1 7 1 7
23 67 23 37 51 67
18 82 18 59 64 82
18 75 18 22 34 48 75
6 73 6 16 35 39 58 67 73
49 86 49 72 86
13 84 13 20 55 84
21 83 21 42 51 80 81 83
3 86 3 9 62 72 86
19 79 19 43 44 79
31 43 31 43
22 84 22 43 44 79 84
25 84 25 79 84
2 9 2 9
8 59 8 28 35 59
21 80 21 42 51 80
11 64 11 59 64
13 73 13 20 39 58 67 73
41 50 41 50
41 81 41 70 81
22 88 22 43 44 79 88
18 86 18 22 43 52 64 86
3 59 3 30 34 59
28 58 28 35 39 58
39 67 39 58 67
1 37 1 7 14 28 37
28 52 28 37 48 52
7 61 7 14 25 33 61
33 80 33 51 80
13 81 13 28 37 51 80 81
64 86 64 86
11 82 11 59 64 71 82
21 88 21 58 67 72 88
22 52 22 34 48 52
15 73 15 30 44 55 67 73
64 71 64 71
28 82 28 35 59 64 71 82
3 71 3 30 34 48 52 71
18 43 18 22 31 43
14 79 14 34 79
37 80 37 48 75 80
19 84 19 43 44 79 84
20 73 20 55 58 67 73
42 59 42 51 59
4 67 4 30 44 55 58 67
27 44 27 44
33 80 33 51 80
33 61 33 61
58 73 58 67 73
14 59 14 42 51 59
8 78 8 28 41 57 78
1 33 1 2 33
56 82 56 82
51 73 51 67 73
34 83 34 79 83
19 80 19 43 52 80
2 80 2 23 37 51 80
1 25 1 7 14 25
28 82 28 41 50 82
51 73 51 67 73
2 58 2 9 20 55 58
15 57 15 26 28 41 57
26 80 26 42 51 80
14 88 14 25 33 49 72 88
14 86 14 25 62 72 86
30 73 30 44 55 67 73
16 86 16 35 59 64 86
7 52 7 14 28 37 52
15 37 15 26 28 37
31 88 31 43 44 55 58 67 72 88
18 34 18 22 34
13 75 13 26 28 37 48 75
11 88 11 88
41 86 41 57 72 86
42 89 42 51 59 89
4 58 4 30 44 55 58
13 52 13 28 37 52
1 66 1 2 23 66
28 59 28 35 59
3 78 3 27 78
16 75 16 29 48 75
2 52 2 23 37 52
34 81 34 48 75 80 81
1 57 1 7 57
34 75 34 48 75
6 75 6 37 48 75
8 89 8 9 20 39 58 77 89
3 52 3 30 34 48 52
8 50 8 28 41 50
15 78 15 26 28 41 57 78
3 71 3 9 71
4 82 4 82
1 67 1 39 58 67
42 81 42 51 80 81
3 37 3 37
28 82 28 64 82
19 67 19 43 44 55 67
22 81 22 34 48 75 80 81
1 20 1 2 9 20
15 83 15 26 42 51 80 81 83
22 44 22 31 43 44
3 37 3 37
20 67 20 39 58 67
18 43 18 22 31 43
39 72 39 58 67 72
62 86 62 72 86
8 77 8 28 77
18 43 18 22 43
26 80 26 28 37 51 80
16 29 16 29
7 81 7 14 25 33 51 80 81
42 82 42 51 67 82
31 73 31 43 44 55 58 67 73
19 82 19 56 64 82
28 58 28 35 39 58
28 78 28 41 57 78
1 77 1 13 26 28 37 77
28 77 28 35 39 58 77
7 48 7 14 34 48
18 83 18 22 43 44 79 83
43 67 43 44 55 58 67
18 34 18 22 34
13 50 13 26 28 41 50
21 50 21 26 28 41 50
8 75 8 28 37 48 75
8 73 8 9 20 39 58 67 73
3 34 3 30 34
14 63 14 28 41 57 63
1 88 1 7 62 72 88
33 73 33 51 67 73
15 30 15 30
22 58 22 31 43 44 55 58
8 58 8 28 35 39 58
3 30 3 30
28 41 28 41
19 52 19 43 52
1 81 1 7 43 52 80 81
13 67 13 26 42 51 67
1 13 1 13
19 77 19 43 44 55 58 77
4 78 4 23 66 78
19 64 19 43 52 64
28 59 28 37 59
26 50 26 28 41 50
1 48 1 13 26 28 37 48
21 81 21 42 51 80 81
8 77 8 28 77
31 52 31 43 52
6 67 6 31 43 44 55 67
22 73 22 43 44 55 58 67 73
18 78 18 20 40 78
21 86 21 42 51 59 64 86
18 77 18 20 39 58 77
1 80 1 13 26 28 37 51 80
2 37 2 23 37
18 88 18 20 39 58 67 72 88
28 59 28 37 51 59
4 83 4 30 48 75 80 81 83
14 89 14 28 35 39 58 77 89
51 80 51 80
3 83 3 37 52 80 81 83
1 79 1 7 43 44 79
15 72 15 30 44 55 58 67 72
28 63 28 41 63
8 67 8 28 37 51 67
3 88 3 30 48 88
31 64 31 56 64
14 64 14 25 35 59 64
6 80 6 31 43 52 80
39 77 39 58 77
28 77 28 77
35 59 35 59
6 81 6 31 43 52 80 81
3 59 3 37 51 59
1 34 1 7 14 34
14 86 14 28 41 57 72 86
14 41 14 28 41
15 50 15 26 28 41 50
8 67 8 9 20 39 58 67
8 60 8 28 41 50 60
21 70 21 26 28 41 70
20 55 20 55
2 52 2 23 37 48 52
8 51 8 28 37 51
1 59 1 7 14 59
8 89 8 28 35 59 89
22 58 22 43 44 55 58
31 44 31 43 44
11 64 11 59 64
4 52 4 30 48 52
2 84 2 9 20 55 84
34 81 34 48 75 80 81
2 83 2 33 51 80 81 83
15 67 15 26 42 51 67
7 44 7 43 44
14 70 14 28 41 70
28 71 28 37 48 52 71
4 66 4 23 66
4 75 4 30 48 75
8 82 8 9 20 55 67 82
58 73 58 67 73
25 86 25 35 59 64 86
15 37 15 26 28 37
21 71 21 26 42 51 59 64 71
42 86 42 62 72 86
2 48 2 23 37 48
39 77 39 58 77
13 55 13 20 55
8 77 8 9 20 55 58 77
23 52 23 37 52
18 80 18 22 43 52 80
3 88 3 9 62 72 88
21 82 21 26 42 51 67 82
19 79 19 43 44 79
28 73 28 37 51 67 73
31 55 31 43 44 55
1 58 1 7 43 44 55 58
15 34 15 30 34
18 71 18 59 64 71
15 72 15 30 44 55 58 67 72
1 71 1 7 64 71
42 51 42 51
39 58 39 58
31 44 31 43 44
34 81 34 48 75 80 81
14 84 14 34 79 84
33 71 33 51 59 64 71
22 89 22 34 59 89
28 37 28 37
21 50 21 26 28 41 50
16 71 16 29 48 52 64 71
1 32 1 2 23 32
3 44 3 27 44
1 71 1 7 14 42 51 59 64 71
15 70 15 26 28 41 70
1 33 1 7 14 25 33
9 84 9 20 55 84
1 23 1 2 23
1 59 1 2 23 37 59
27 86 27 44 55 58 67 72 86
3 77 3 37 48 52 77
58 86 58 67 72 86
6 44 6 31 43 44
31 44 31 43 44
22 48 22 34 48
35 72 35 39 58 67 72
1 43 1 7 43
21 52 21 26 28 37 48 52
34 48 34 48
6 80 6 37 48 75 80
19 79 19 43 44 79
3 77 3 30 34 48 52 77
14 89 14 42 51 59 89
16 67 16 35 39 58 67
14 75 14 34 48 75
14 59 14 42 51 59
8 41 8 41
8 58 8 9 20 55 58
3 75 3 30 34 48 75
28 41 28 41
15 51 15 26 42 51
42 83 42 51 80 81 83
31 43 31 43
19 79 19 43 44 79
34 83 34 48 52 80 81 83
42 82 42 51 59 64 82
8 81 8 28 37 51 80 81
14 79 14 34 79
31 43 31 43
22 77 22 31 43 52 77
31 80 31 43 52 80
14 48 14 34 48
1 79 1 7 43 44 79
2 32 2 23 32
37 80 37 52 80
3 73 3 27 44 55 67 73
56 86 56 64 86
2 37 2 23 37
26 73 26 42 51 67 73
8 37 8 28 37
37 73 37 51 67 73
1 37 1 13 26 28 37
4 73 4 30 44 55 67 73
49 86 49 72 86
14 63 14 28 41 63
2 67 2 23 37 51 67
3 64 3 64
14 83 14 25 79 83
15 58 15 22 43 44 55 58
6 73 6 37 51 67 73
28 86 28 35 59 64 86
58 86 58 67 72 86
1 60 1 7 14 28 41 50 60
25 86 25 35 59 64 86
14 73 14 42 51 67 73
3 83 3 30 48 52 80 81 83
49 88 49 72 88
18 78 18 20 40 78
56 82 56 64 71 82
37 52 37 48 52
7 86 7 14 25 33 51 59 64 86
41 83 41 70 81 83
31 80 31 43 52 80
26 50 26 28 41 50
15 63 15 26 28 41 63
26 71 26 42 51 59 64 71
8 72 8 41 49 72
8 59 8 28 37 51 59
1 57 1 7 57
43 71 43 52 71
14 70 14 28 41 70
25 79 25 79
21 51 21 26 28 37 51
43 71 43 52 64 71
28 77 28 35 39 58 77
23 86 23 37 49 72 86
14 88 14 28 35 39 58 67 72 88
19 52 19 43 52
9 86 9 20 56 64 86
2 52 2 23 37 52
15 48 15 26 28 37 48
13 73 13 26 28 35 39 58 67 73
28 78 28 41 57 78
19 44 19 43 44
14 82 14 25 82
7 55 7 43 44 55
3 82 3 9 71 82
4 77 4 23 66 77
59 86 59 64 86
14 59 14 28 37 59
35 82 35 39 58 67 82
42 71 42 51 59 64 71
15 50 15 26 28 41 50
25 83 25 33 51 80 81 83
18 89 18 20 55 84 89
1 77 1 7 43 44 55 58 77
8 50 8 28 41 50
4 86 4 23 37 48 52 64 86
19 77 19 43 44 55 58 77
14 61 14 25 33 61
7 75 7 14 34 48 75
23 71 23 37 59 64 71
18 55 18 20 55
1 29 1 13 29
33 86 33 51 59 64 86
34 71 34 48 52 64 71
14 78 14 28 41 57 78
30 86 30 44 55 67 72 86
28 88 28 35 39 58 67 72 88
16 83 16 29 48 75 80 81 83
18 75 18 22 34 48 75
16 83 16 29 48 52 80 81 83
16 67 16 35 39 58 67
1 25 1 7 14 25
3 72 3 30 44 55 67 72
8 88 8 41 49 72 88
31 83 31 43 52 80 81 83
33 81 33 51 80 81
51 86 51 59 64 86
42 73 42 51 67 73
26 73 26 73
18 78 18 20 40 78
1 55 1 13 20 55
23 81 23 37 51 80 81
37 83 37 51 80 81 83
25 80 25 33 51 80
1 84 1 7 43 44 79 84
22 75 22 34 48 75
18 82 18 59 64 71 82
15 78 15 26 28 41 57 78
1 26 1 13 26
3 88 3 9 20 55 58 67 72 88
28 48 28 37 48
4 58 4 30 44 55 58
22 81 22 43 52 80 81
21 57 21 26 28 41 57
35 58 35 39 58
1 7 1 7
56 86 56 64 86
7 52 7 14 28 37 48 52
43 84 43 44 55 84
59 86 59 64 86
6 67 6 37 51 67
15 64 15 26 28 64
1 78 1 7 14 25 33 78
8 55 8 9 20 55
14 58 14 28 35 39 58
43 73 43 44 55 67 73
19 82 19 43 52 71 82
22 84 22 34 79 84
2 64 2 56 64
33 81 33 51 80 81
13 83 13 26 28 41 70 81 83
15 83 15 22 31 43 52 80 81 83
13 86 13 28 64 86
8 84 8 9 20 55 84
15 88 15 30 44 79 88
4 82 4 23 37 51 59 64 71 82
8 55 8 9 20 55
14 70 14 28 41 70
4 70 4 70
7 67 7 14 25 33 51 67
2 37 2 23 37
14 78 14 28 41 57 78
31 72 31 43 44 55 67 72
35 59 35 59
2 66 2 23 66
31 79 31 43 44 79
2 64 2 23 37 52 64
28 52 28 37 52
28 64 28 64
18 84 18 22 31 43 44 84
33 71 33 51 59 64 71
1 84 1 13 84
8 9 8 9
15 78 15 26 28 41 57 78
3 77 3 30 34 48 52 77
43 83 43 52 80 81 83
8 51 8 28 37 51
4 30 4 30
31 79 31 43 44 79
2 59 2 33 51 59
35 58 35 39 58
18 78 18 20 40 78
6 71 6 71
8 37 8 28 37
8 9 8 9
42 80 42 51 80
15 88 15 26 88
3 20 3 9 20
14 80 14 28 37 51 80
23 75 23 37 48 75
2 9 2 9
19 73 19 43 44 55 58 67 73
15 72 15 26 42 51 67 72
15 51 15 26 42 51
30 75 30 48 75
6 75 6 16 29 48 75
1 44 1 7 43 44
4 30 4 30
4 30 4 30
2 80 2 23 37 48 75 80
49 86 49 72 86
15 88 15 30 44 79 88
8 58 8 9 20 39 58
33 86 33 49 72 86
34 86 34 86
20 71 20 56 64 71
21 48 21 26 28 37 48
11 71 11 59 64 71
18 72 18 20 55 58 67 72
18 89 18 20 39 58 77 89
1 77 1 37 48 52 77
35 67 35 39 58 67
4 51 4 23 37 51
1 70 1 13 28 41 70
49 88 49 72 88
28 63 28 41 57 63
2 58 2 9 20 55 58
35 86 35 39 58 67 72 86
4 30 4 30
22 48 22 34 48
19 73 19 43 44 55 58 67 73
6 75 6 16 29 48 75
8 82 8 9 71 82
28 73 28 37 51 67 73
13 52 13 29 48 52
15 70 15 26 28 41 70
3 44 3 30 44
2 81 2 23 37 48 75 80 81
70 83 70 81 83
13 83 13 29 48 75 80 81 83
7 86 7 62 72 86
22 82 22 31 43 44 55 58 67 82
31 67 31 43 44 55 58 67
7 83 7 14 34 48 52 80 81 83
15 71 15 26 28 64 71
6 73 6 16 35 39 58 67 73
16 67 16 35 39 58 67
27 86 27 44 55 67 72 86
21 70 21 26 28 41 70
35 86 35 39 58 67 72 86
40 78 40 78
31 79 31 43 44 79
8 60 8 28 41 50 60
18 84 18 20 55 84
25 86 25 35 39 58 67 72 86
34 79 34 79
3 84 3 27 44 84
6 81 6 31 43 52 80 81
22 79 22 43 44 79
8 84 8 9 20 55 84
28 71 28 35 59 64 71
9 55 9 20 55
25 81 25 33 51 80 81
15 55 15 22 43 44 55
3 81 3 30 34 48 75 80 81
14 59 14 28 35 59
1 88 1 49 72 88
18 34 18 22 34
33 80 33 51 80
22 71 22 31 56 64 71
30 44 30 44
3 37 3 37
33 81 33 51 80 81
2 71 2 33 51 59 64 71
21 37 21 26 28 37
41 83 41 70 81 83
15 73 15 30 44 55 58 67 73
30 71 30 34 59 64 71
43 67 43 44 55 58 67
39 72 39 58 67 72
14 57 14 28 41 57
15 57 15 26 28 41 57
49 88 49 72 88
7 86 7 64 86
6 48 6 37 48
14 37 14 28 37
2 23 2 23
19 84 19 43 44 79 84
37 67 37 51 67
28 73 28 37 51 67 73
20 86 20 39 58 67 72 86
9 73 9 20 39 58 67 73
8 60 8 28 41 50 60
15 71 15 26 42 51 59 64 71
2 61 2 33 61
28 82 28 82
2 77 2 9 20 39 58 77
31 72 31 43 44 55 67 72
14 80 14 34 48 52 80
18 44 18 22 31 43 44
14 61 14 25 33 61
1 66 1 2 23 66
30 86 30 44 55 67 72 86
8 86 8 62 72 86
21 52 21 26 28 37 48 52
16 81 16 29 48 75 80 81
15 41 15 26 28 41
15 34 15 30 34
15 82 15 26 42 51 59 64 82
13 50 13 26 28 41 50
9 67 9 20 55 67
2 84 2 9 20 55 84
13 50 13 28 41 50
3 37 3 37
3 67 3 37 51 67
19 79 19 43 44 79
15 88 15 30 48 75 88
41 83 41 70 81 83
22 48 22 34 48
18 55 18 20 55
19 79 19 43 44 79
85 88 85 88
21 72 21 42 62 72
40 78 40 78
1 57 1 7 14 28 41 57
3 27 3 27
16 67 16 35 39 58 67
2 64 2 33 51 59 64
18 20 18 20
8 78 8 9 20 40 78
1 59 1 7 14 59
43 84 43 44 84
25 79 25 79
1 81 1 2 33 51 80 81
14 58 14 28 35 39 58
2 32 2 23 32
64 86 64 86
8 83 8 41 70 81 83
14 80 14 42 51 80
3 80 3 30 34 48 52 80
37 67 37 51 67
25 73 25 35 39 58 67 73
35 89 35 59 89
8 77 8 9 20 55 58 77
14 73 14 28 37 51 67 73
2 78 2 33 78
1 25 1 7 14 25
21 71 21 42 51 59 64 71
8 83 8 28 37 51 80 81 83
1 57 1 7 14 28 41 57
15 34 15 22 34
14 79 14 25 79
18 82 18 59 64 82
1 37 1 13 26 28 37
13 67 13 28 37 51 67
18 88 18 22 43 44 79 88
4 86 4 30 34 59 64 86
18 79 18 22 31 43 44 79
19 89 19 43 44 55 84 89
31 89 31 43 52 77 89
4 58 4 30 44 55 58
22 75 22 34 48 75
31 43 31 43
16 73 16 35 39 58 67 73
22 80 22 43 52 80
39 67 39 58 67
42 51 42 51
28 41 28 41
22 84 22 31 43 44 79 84
8 48 8 28 37 48
6 48 6 16 29 48
19 43 19 43
8 52 8 28 37 48 52
18 72 18 22 43 44 55 67 72
6 81 6 37 51 80 81
8 50 8 41 50
18 73 18 22 31 43 44 55 58 67 73
14 52 14 34 48 52
30 84 30 34 79 84
4 75 4 30 48 75
22 79 22 31 43 44 79
1 41 1 7 14 28 41
1 25 1 7 14 25
37 52 37 52
15 48 15 22 34 48
13 80 13 29 48 75 80
7 75 7 14 28 37 48 75
14 61 14 25 33 61
2 88 2 23 37 49 72 88
8 72 8 62 72
4 23 4 23
4 59 4 30 34 59
31 58 31 43 44 55 58
31 84 31 43 44 84
58 86 58 67 72 86
31 43 31 43
13 48 13 26 28 37 48
13 81 13 29 48 75 80 81
25 73 25 35 39 58 67 73
28 52 28 37 52
11 59 11 59
11 82 11 59 64 71 82
35 86 35 39 58 67 72 86
4 52 4 23 37 52
28 88 28 41 49 72 88
41 83 41 70 81 83
18 82 18 59 64 82
56 82 56 64 82
31 89 31 43 52 77 89
9 84 9 20 55 84
31 55 31 43 44 55
22 59 22 34 59
21 58 21 26 28 35 39 58
30 73 30 44 55 58 67 73
4 79 4 30 34 79
18 48 18 22 34 48
4 79 4 30 44 79
35 67 35 39 58 67
34 52 34 48 52
1 73 1 37 51 67 73
28 72 28 37 51 67 72
21 73 21 26 28 37 51 67 73
8 48 8 28 37 48
42 86 42 62 72 86
23 67 23 37 51 67
1 73 1 37 51 67 73
21 78 21 26 28 41 57 78
27 83 27 44 79 83
18 88 18 22 34 79 88
4 52 4 23 37 48 52
23 71 23 37 48 52 64 71
2 73 2 9 20 39 58 67 73
21 64 21 42 51 59 64
39 82 39 58 67 82
6 84 6 31 43 44 79 84
57 86 57 72 86
1 80 1 37 52 80
30 83 30 44 79 83
28 41 28 41
37 52 37 52
30 67 30 44 55 58 67
18 77 18 22 31 43 44 55 58 77
30 55 30 44 55
1 81 1 7 43 52 80 81
2 72 2 23 49 72
21 78 21 26 28 41 57 78
14 59 14 42 51 59
26 50 26 28 41 50
1 43 1 7 43
1 75 1 2 23 37 48 75
56 86 56 64 86
8 48 8 28 37 48
28 51 28 37 51
8 63 8 28 41 63
35 73 35 39 58 67 73
3 59 3 37 59
2 89 2 9 20 55 84 89
42 81 42 51 80 81
30 48 30 48
1 88 1 39 58 67 72 88
1 61 1 2 33 61
23 48 23 37 48
33 86 33 62 72 86
7 55 7 43 44 55
15 77 15 30 34 48 52 77
30 80 30 48 52 80
3 9 3 9
26 83 26 42 51 80 81 83
15 81 15 30 34 48 75 80 81
1 78 1 7 57 78
2 61 2 33 61
28 73 28 37 51 67 73
37 81 37 52 80 81
2 73 2 23 37 51 67 73
28 58 28 35 39 58
64 86 64 86
1 70 1 13 26 28 41 70
42 81 42 51 80 81
56 64 56 64
26 80 26 28 37 52 80
4 52 4 30 48 52
8 55 8 9 20 55
26 52 26 28 37 48 52
14 83 14 28 37 52 80 81 83
2 59 2 23 37 59
8 77 8 9 20 55 58 77
3 79 3 30 34 79
31 81 31 43 52 80 81
1 82 1 13 29 48 75 82
41 81 41 70 81
51 80 51 80
39 77 39 58 77
28 41 28 41
58 67 58 67
33 71 33 51 59 64 71
34 80 34 48 75 80
56 64 56 64
14 75 14 34 48 75
21 59 21 26 42 51 59
19 67 19 43 44 55 58 67
31 71 31 56 64 71
28 78 28 41 57 78
15 50 15 26 28 41 50
7 61 7 14 25 33 61
1 82 1 39 58 67 82
4 32 4 23 32
22 88 22 34 48 88
18 34 18 22 34
2 51 2 23 37 51
7 44 7 43 44
28 37 28 37
14 86 14 25 62 72 86
7 44 7 43 44
1 33 1 2 33
18 67 18 22 43 44 55 67
19 81 19 43 52 80 81
4 51 4 23 37 51
34 81 34 48 75 80 81
14 64 14 28 37 48 52 64
1 44 1 7 43 44
8 83 8 28 41 70 81 83
4 44 4 30 44
9 55 9 20 55
3 48 3 37 48
7 84 7 43 44 55 84
18 73 18 22 31 43 44 55 67 73
21 63 21 26 28 41 63
21 57 21 26 28 41 57
7 83 7 14 25 33 51 80 81 83
34 81 34 48 75 80 81
21 58 21 58
18 75 18 22 34 48 75
18 80 18 22 31 43 52 80
4 72 4 30 44 55 58 67 72
13 84 13 20 55 84
14 83 14 42 51 80 81 83
2 59 2 33 51 59
15 71 15 22 34 48 52 71
28 50 28 41 50
7 81 7 14 28 37 52 80 81
3 9 3 9
22 44 22 43 44
28 82 28 35 39 58 67 82
62 88 62 72 88
4 71 4 23 37 52 64 71
8 71 8 9 71
8 77 8 28 35 39 58 77
23 67 23 37 51 67
2 86 2 23 49 72 86
64 86 64 86
14 71 14 28 37 59 64 71
9 84 9 20 55 84
22 80 22 43 52 80
15 26 15 26
14 48 14 28 37 48
14 79 14 25 79
4 77 4 30 48 52 77
2 86 2 33 62 72 86
14 82 14 28 37 52 71 82
19 52 19 43 52
23 67 23 37 51 67
21 59 21 26 42 51 59
21 59 21 42 51 59
13 52 13 26 28 37 52
37 71 37 51 59 64 71
25 83 25 79 83
1 81 1 37 51 80 81
3 89 3 37 52 77 89
13 75 13 26 28 37 48 75
37 80 37 48 75 80
43 52 43 52
22 73 22 31 43 44 55 58 67 73
21 70 21 26 28 41 70
43 83 43 52 80 81 83
4 37 4 23 37
30 73 30 44 55 67 73
14 89 14 42 51 59 89
1 48 1 7 14 34 48
22 81 22 31 43 52 80 81
22 71 22 43 52 64 71
4 82 4 70 82
3 52 3 30 34 48 52
62 88 62 72 88
27 83 27 44 79 83
56 86 56 64 86
15 58 15 30 44 55 58
11 86 11 59 64 86
1 60 1 13 26 28 41 50 60
4 78 4 23 66 78
19 55 19 43 44 55
28 88 28 35 39 58 67 72 88
27 67 27 44 55 67
3 81 3 37 48 75 80 81
43 83 43 44 79 83
26 73 26 42 51 67 73
31 81 31 43 52 80 81
31 44 31 43 44
19 82 19 43 52 64 71 82
19 71 19 43 52 71
4 88 4 30 44 55 58 67 72 88
1 80 1 13 26 28 37 48 52 80
15 64 15 26 28 37 51 59 64
3 55 3 27 44 55
35 82 35 59 64 71 82
15 67 15 30 44 55 58 67
14 50 14 28 41 50
28 88 28 35 39 58 67 72 88
3 86 3 9 20 55 67 72 86
33 81 33 51 80 81
2 66 2 23 66
8 78 8 41 57 78
13 80 13 29 48 52 80
7 55 7 43 44 55
18 55 18 20 55
4 83 4 23 37 52 80 81 83
1 50 1 7 14 28 41 50
28 58 28 35 39 58
2 37 2 23 37
23 83 23 37 52 80 81 83
2 33 2 33
27 73 27 44 55 58 67 73
3 51 3 37 51
21 60 21 26 28 41 50 60
1 67 1 2 9 20 55 67
19 80 19 43 52 80
25 73 25 35 39 58 67 73
19 84 19 43 44 79 84
28 73 28 35 39 58 67 73
56 64 56 64
14 34 14 34
16 67 16 35 39 58 67
28 64 28 64
23 71 23 37 59 64 71
26 86 26 42 62 72 86
43 71 43 52 64 71
1 58 1 7 14 25 35 39 58
1 43 1 7 43
30 79 30 34 79
3 79 3 27 79
9 73 9 20 39 58 67 73
28 70 28 41 70
14 48 14 34 48
30 73 30 44 55 67 73
2 9 2 9
14 33 14 25 33
14 89 14 25 38 89
30 83 30 44 79 83
22 48 22 34 48
51 83 51 80 81 83
1 63 1 7 57 63
22 83 22 43 44 79 83
19 52 19 43 52
21 63 21 26 28 41 57 63
35 64 35 59 64
58 67 58 67
43 83 43 52 80 81 83
18 64 18 59 64
1 7 1 7
7 71 7 64 71
38 89 38 89
4 37 4 23 37
19 58 19 43 44 55 58
21 64 21 42 51 59 64
33 61 33 61
56 82 56 82
18 82 18 22 31 43 44 55 58 67 82
1 43 1 7 43
18 79 18 22 43 44 79
2 75 2 23 37 48 75
8 9 8 9
13 71 13 20 56 64 71
4 75 4 30 34 48 75
56 64 56 64
11 59 11 59
6 83 6 37 51 80 81 83
14 70 14 28 41 70
15 73 15 26 42 51 67 73
1 57 1 7 57
6 84 6 31 43 44 84
13 29 13 29
14 48 14 34 48
3 27 3 27
35 73 35 39 58 67 73
34 75 34 48 75
2 89 2 23 66 77 89
51 86 51 86
2 55 2 9 20 55
1 88 1 49 72 88
20 71 20 56 64 71
7 75 7 14 34 48 75
13 83 13 83
3 58 3 27 44 55 58
39 58 39 58
58 67 58 67
22 72 22 43 44 55 67 72
25 86 25 35 39 58 67 72 86
28 70 28 41 70
9 86 9 62 72 86
2 75 2 23 37 48 75
1 60 1 7 14 28 41 50 60
8 57 8 28 41 57
42 80 42 51 80
19 72 19 62 72
51 81 51 80 81
14 64 14 34 48 52 64
2 86 2 9 20 56 64 86
2 9 2 9
49 88 49 72 88
56 82 56 82
42 51 42 51
1 51 1 13 26 28 37 51
1 50 1 7 14 28 41 50
9 67 9 20 55 67
37 71 37 52 64 71
19 86 19 56 64 86
26 71 26 28 64 71
14 37 14 28 37
14 70 14 28 41 70
4 73 4 30 44 55 67 73
35 86 35 59 64 86
1 78 1 78
22 75 22 34 48 75
19 82 19 43 52 64 82
28 71 28 37 48 52 71
18 43 18 22 31 43
25 71 25 35 59 64 71
19 58 19 43 44 55 58
31 86 31 43 44 55 67 72 86
7 55 7 43 44 55
14 75 14 28 37 48 75
59 71 59 64 71
43 44 43 44
18 77 18 22 31 43 52 77
28 37 28 37
7 73 7 43 44 55 67 73
35 58 35 39 58
8 70 8 41 70
14 33 14 25 33
4 58 4 30 44 55 58
1 9 1 2 9
26 83 26 42 51 80 81 83
22 72 22 31 43 44 55 67 72
21 57 21 26 28 41 57
15 71 15 22 34 48 52 64 71
20 67 20 39 58 67
35 73 35 39 58 67 73
56 71 56 64 71
3 83 3 37 52 80 81 83
22 52 22 31 43 52
34 84 34 79 84
14 61 14 25 33 61
34 48 34 48
8 75 8 28 37 48 75
21 73 21 58 67 73
26 67 26 28 37 51 67
1 83 1 37 51 80 81 83
1 88 1 37 48 88
22 80 22 34 48 75 80
16 81 16 29 48 52 80 81
31 86 31 43 52 64 86
3 58 3 27 44 55 58
19 81 19 43 52 80 81
3 34 3 30 34
4 32 4 23 32
26 52 26 28 37 52
35 88 35 39 58 67 72 88
20 55 20 55
6 81 6 37 51 80 81
62 88 62 72 88
3 34 3 30 34
42 81 42 51 80 81
28 73 28 37 51 67 73
1 41 1 13 28 41
13 84 13 20 55 84
42 83 42 51 80 81 83
15 82 15 30 48 52 64 71 82
21 63 21 26 28 41 63
22 34 22 34
51 83 51 80 81 83
28 71 28 37 48 52 71
35 59 35 59
22 55 22 43 44 55
18 52 18 22 34 48 52
15 26 15 26
2 82 2 56 64 71 82
6 83 6 31 43 52 80 81 83
15 50 15 26 28 41 50
28 67 28 35 39 58 67
22 88 22 34 79 88
4 23 4 23
41 86 41 49 72 86
56 64 56 64
31 64 31 56 64
1 89 1 37 48 52 77 89
19 43 19 43
4 30 4 30
4 72 4 30 44 55 67 72
2 88 2 9 20 88
6 55 6 31 43 44 55
43 79 43 44 79
2 77 2 9 20 55 58 77
43 79 43 44 79
14 61 14 25 33 61
8 73 8 9 20 73
34 71 34 48 52 71
22 82 22 34 59 64 82
1 77 1 37 52 77
3 27 3 27
1 29 1 13 29
15 72 15 30 44 55 67 72
1 61 1 7 14 25 33 61
34 81 34 48 75 80 81
19 44 19 43 44
42 59 42 51 59
34 81 34 48 75 80 81
39 88 39 58 67 72 88
21 50 21 26 28 41 50
31 89 31 43 52 77 89
18 48 18 22 34 48
1 88 1 49 72 88
28 52 28 37 52
22 83 22 31 43 44 79 83
25 86 25 35 39 58 67 72 86
14 41 14 28 41
1 77 1 2 9 20 39 58 77
35 64 35 59 64
23 86 23 37 51 86
25 84 25 79 84
30 52 30 34 48 52
14 59 14 59
21 64 21 26 28 37 48 52 64
22 81 22 43 52 80 81
15 34 15 22 34
14 41 14 28 41
43 44 43 44
41 83 41 70 81 83
31 84 31 43 44 84
28 75 28 37 48 75
14 67 14 42 51 67
8 82 8 28 35 39 58 67 82
19 89 19 38 89
26 67 26 42 51 67
56 71 56 64 71
35 73 35 39 58 67 73
28 89 28 77 89
18 67 18 20 55 67
21 89 21 26 28 77 89
9 73 9 20 55 67 73
13 73 13 28 37 51 67 73
15 89 15 30 34 79 84 89
41 86 41 49 72 86
43 80 43 52 80
37 83 37 51 80 81 83
30 73 30 44 55 67 73
14 50 14 28 41 50
3 73 3 9 20 73
15 34 15 22 34
14 77 14 25 35 39 58 77
21 51 21 26 28 37 51
1 57 1 13 26 28 41 57
14 72 14 42 51 67 72
31 89 31 43 44 55 58 77 89
6 52 6 16 29 48 52
26 67 26 28 37 51 67
62 86 62 72 86
16 81 16 29 48 52 80 81
22 89 22 31 43 44 84 89
15 64 15 30 34 48 52 64
62 88 62 72 88
39 67 39 58 67
15 67 15 30 44 55 67
7 67 7 43 44 55 67
16 52 16 29 48 52
4 64 4 30 48 52 64
8 63 8 41 57 63
26 50 26 28 41 50
26 50 26 28 41 50
37 71 37 59 64 71
25 80 25 33 51 80
3 27 3 27
72 86 72 86
4 55 4 30 44 55
4 71 4 30 34 48 52 71
1 89 1 7 43 52 77 89
34 84 34 79 84
22 72 22 31 43 44 55 58 67 72
19 89 19 43 52 77 89
14 81 14 42 51 80 81
62 88 62 72 88
14 84 14 34 79 84
14 48 14 28 37 48
4 78 4 23 66 78
18 88 18 20 88
14 75 14 28 37 48 75
25 61 25 33 61
25 73 25 35 39 58 67 73
37 80 37 52 80
37 67 37 51 67
1 64 1 37 52 64
7 50 7 14 28 41 50
8 55 8 9 20 55
31 64 31 43 52 64
39 73 39 58 67 73
22 83 22 34 48 75 80 81 83
26 71 26 28 64 71
4 66 4 23 66
3 73 3 37 51 67 73
34 81 34 48 75 80 81
1 20 1 13 20
8 83 8 28 41 70 81 83
62 86 62 72 86
42 73 42 51 67 73
31 64 31 56 64
37 86 37 52 64 86
9 67 9 20 39 58 67
2 33 2 33
8 60 8 41 50 60
3 55 3 30 44 55
39 86 39 58 67 72 86
3 84 3 27 44 84
3 81 3 37 48 52 80 81
15 64 15 22 34 59 64
18 89 18 22 43 52 77 89
26 75 26 28 37 48 75
16 67 16 35 39 58 67
14 80 14 25 33 51 80
14 60 14 28 41 50 60
33 86 33 51 59 64 86
4 89 4 30 44 84 89
18 80 18 22 43 52 80
21 80 21 26 28 37 48 52 80
62 72 62 72
4 23 4 23
3 78 3 9 20 40 78
42 72 42 51 67 72
14 86 14 34 59 64 86
1 70 1 13 28 41 70
21 83 21 26 28 37 52 80 81 83
31 79 31 43 44 79
8 64 8 28 64
21 82 21 42 51 59 64 82
13 29 13 29
15 80 15 26 28 37 52 80
27 84 27 44 79 84
51 67 51 67
16 75 16 29 48 75
56 71 56 64 71
28 64 28 35 59 64
14 77 14 34 48 52 77
39 89 39 58 77 89
3 88 3 27 88
7 73 7 14 42 51 67 73
42 51 42 51
27 83 27 44 79 83
26 86 26 42 62 72 86
8 75 8 28 37 48 75
1 7 1 7
3 72 3 9 62 72
23 75 23 37 48 75
14 41 14 28 41
40 78 40 78
1 79 1 7 14 34 79
1 78 1 13 20 40 78
18 89 18 22 34 48 52 77 89
22 82 22 31 43 44 55 67 82
13 55 13 20 55
4 64 4 23 37 48 52 64
2 37 2 23 37
2 55 2 9 20 55
1 57 1 7 14 28 41 57
35 64 35 59 64
13 71 13 26 28 64 71
1 9 1 2 9
22 75 22 34 48 75
16 80 16 29 48 75 80
4 86 4 49 72 86
37 73 37 51 67 73
64 86 64 86
31 71 31 56 64 71
30 83 30 44 79 83
21 50 21 26 28 41 50
49 86 49 72 86
27 79 27 79
4 75 4 30 34 48 75
15 67 15 30 44 55 58 67
35 82 35 59 64 82
15 26 15 26
18 67 18 20 39 58 67
62 72 62 72
14 50 14 28 41 50
21 80 21 42 51 80
31 44 31 43 44
14 72 14 25 62 72
21 58 21 26 28 35 39 58
8 20 8 9 20
64 71 64 71
39 58 39 58
28 88 28 35 39 58 67 72 88
28 70 28 41 70
7 75 7 14 28 37 48 75
1 41 1 13 28 41
37 81 37 48 75 80 81
39 73 39 58 67 73
14 84 14 34 79 84
7 80 7 43 52 80
1 75 1 13 29 48 75
41 86 41 49 72 86
8 52 8 28 37 48 52
14 33 14 25 33
30 48 30 34 48
2 72 2 23 49 72
42 51 42 51
14 34 14 34
15 82 15 30 48 52 71 82
15 48 15 22 34 48
22 86 22 34 86
3 59 3 37 51 59
22 82 22 34 59 64 71 82
42 86 42 62 72 86
21 57 21 26 28 41 57
7 61 7 14 25 33 61
3 30 3 30
28 60 28 41 50 60
85 88 85 88
15 41 15 26 28 41
18 34 18 22 34
14 80 14 34 48 52 80
21 52 21 26 28 37 48 52
2 71 2 56 64 71
8 89 8 28 77 89
8 52 8 28 37 48 52
1 88 1 7 14 28 41 49 72 88
22 71 22 34 59 64 71
31 79 31 43 44 79
6 48 6 16 29 48
18 43 18 22 31 43
4 51 4 23 37 51
31 83 31 43 52 80 81 83
8 75 8 28 37 48 75
8 73 8 9 20 39 58 67 73
15 78 15 26 28 41 57 78
7 50 7 14 28 41 50
64 86 64 86
2 55 2 9 20 55
2 23 2 23
37 80 37 51 80
56 64 56 64
8 73 8 28 35 39 58 67 73
2 61 2 33 61
4 77 4 23 37 77
2 89 2 23 66 77 89
4 71 4 30 48 52 71
4 83 4 70 81 83
35 71 35 59 64 71
11 88 11 88
30 73 30 44 55 67 73
16 83 16 29 48 75 80 81 83
23 83 23 37 51 80 81 83
42 80 42 51 80
18 78 18 20 40 78
21 50 21 26 28 41 50
15 51 15 26 28 37 51
28 60 28 41 50 60
43 86 43 52 64 86
19 81 19 43 52 80 81
7 73 7 14 28 37 51 67 73
7 79 7 43 44 79
15 80 15 30 48 52 80
3 77 3 37 77
14 52 14 28 37 52
43 79 43 44 79
18 82 18 20 39 58 67 82
4 89 4 30 34 79 84 89
14 37 14 28 37
2 89 2 33 51 59 89
30 48 30 48
16 73 16 35 39 58 67 73
22 44 22 43 44
21 37 21 26 28 37
22 64 22 34 48 52 64
11 88 11 88
11 71 11 59 64 71
64 86 64 86
6 83 6 31 43 44 79 83
14 77 14 25 35 39 58 77
3 52 3 30 34 48 52
70 83 70 81 83
19 89 19 43 52 77 89
35 82 35 59 64 82
26 71 26 28 37 59 64 71
37 75 37 48 75
42 86 42 62 72 86
35 89 35 39 58 77 89
13 75 13 26 28 37 48 75
1 88 1 49 72 88
3 80 3 30 48 75 80
43 44 43 44
14 61 14 25 33 61
11 64 11 59 64
30 84 30 34 79 84
9 55 9 20 55
22 43 22 31 43
2 78 2 78
34 83 34 48 52 80 81 83
22 48 22 34 48
8 63 8 41 63
19 88 19 62 72 88
13 86 13 26 28 64 86
21 89 21 58 77 89
11 89 11 59 89
16 83 16 29 48 52 80 81 83
56 71 56 64 71
14 59 14 34 59
19 71 19 43 52 71
28 51 28 37 51
7 48 7 14 34 48
13 71 13 20 56 64 71
22 34 22 34
4 81 4 23 37 48 75 80 81
7 48 7 14 28 37 48
21 72 21 58 67 72
41 50 41 50
1 7 1 7
4 52 4 30 48 52
18 80 18 22 43 52 80
7 71 7 64 71
21 89 21 58 77 89
2 78 2 23 66 78
23 52 23 37 52
43 52 43 52
23 66 23 66
1 88 1 13 29 48 75 88
2 67 2 33 51 67
35 73 35 39 58 67 73
18 89 18 20 39 58 77 89
51 86 51 67 72 86
35 77 35 39 58 77
3 77 3 27 44 55 58 77
3 82 3 30 44 55 67 82
42 80 42 51 80
15 81 15 30 48 52 80 81
33 71 33 51 59 64 71
1 43 1 7 43
22 81 22 34 48 52 80 81
1 88 1 37 72 88
4 52 4 30 48 52
37 48 37 48
18 48 18 22 34 48
2 61 2 33 61
21 51 21 42 51
2 81 2 33 51 80 81
14 25 14 25
13 81 13 28 37 48 52 80 81
18 43 18 22 43
28 67 28 35 39 58 67
21 75 21 26 28 37 48 75
2 82 2 33 51 59 64 82
21 88 21 58 67 72 88
4 48 4 30 48
4 81 4 30 48 75 80 81
39 86 39 58 67 72 86
8 83 8 41 70 81 83
59 86 59 64 86
7 83 7 14 28 37 48 52 80 81 83
21 50 21 26 28 41 50
28 50 28 41 50
8 70 8 28 41 70
4 77 4 30 34 48 52 77
21 51 21 42 51
2 51 2 33 51
15 57 15 26 28 41 57
51 80 51 80
64 71 64 71
6 67 6 31 43 44 55 58 67
39 73 39 58 67 73
8 72 8 9 20 39 58 67 72
21 37 21 26 28 37
28 37 28 37
18 43 18 22 43
33 86 33 62 72 86
21 88 21 42 62 72 88
31 79 31 43 44 79
28 89 28 35 59 89
14 78 14 28 41 57 78
18 77 18 20 55 58 77
15 86 15 22 34 86
49 88 49 72 88
51 67 51 67
21 77 21 58 77
34 52 34 48 52
58 67 58 67
6 67 6 31 43 44 55 67
19 88 19 43 44 55 58 67 72 88
3 71 3 30 34 48 52 71
26 52 26 28 37 52
72 86 72 86
22 44 22 43 44
8 48 8 28 37 48
43 84 43 44 79 84
3 64 3 9 20 56 64
14 81 14 42 51 80 81
18 43 18 22 43
25 83 25 33 51 80 81 83
14 25 14 25
27 84 27 44 55 84
6 80 6 37 52 80
13 84 13 20 55 84
2 88 2 9 62 72 88
30 48 30 34 48
8 83 8 28 37 48 75 80 81 83
2 67 2 33 51 67
35 86 35 59 64 86
16 73 16 35 39 58 67 73
1 61 1 7 14 25 33 61
9 86 9 62 72 86
31 67 31 43 44 55 58 67
3 9 3 9
3 73 3 27 44 55 67 73
8 57 8 41 57
1 60 1 13 60
3 77 3 37 77
39 88 39 58 67 72 88
22 80 22 43 52 80
21 71 21 26 28 64 71
8 63 8 41 57 63
1 77 1 2 9 20 39 58 77
1 52 1 7 43 52
21 78 21 26 28 41 57 78
8 58 8 9 20 39 58
4 77 4 30 34 48 52 77
15 60 15 26 28 41 50 60
33 83 33 51 80 81 83
28 78 28 41 57 78
4 64 4 23 37 52 64
18 73 18 20 55 67 73
30 67 30 44 55 58 67
39 82 39 58 67 82
31 84 31 43 44 84
14 75 14 34 48 75
37 52 37 48 52
2 78 2 78
28 77 28 35 39 58 77
30 52 30 48 52
25 83 25 79 83
18 58 18 20 39 58
8 48 8 28 37 48
2 59 2 33 51 59
19 80 19 43 52 80
14 77 14 25 35 39 58 77
21 41 21 26 28 41
8 51 8 28 37 51
25 61 25 33 61
1 82 1 2 33 51 59 64 71 82
34 80 34 48 52 80
27 83 27 79 83
28 60 28 41 50 60
3 64 3 37 52 64
21 81 21 42 51 80 81
3 9 3 9
1 71 1 2 33 51 59 64 71
14 33 14 25 33
8 67 8 9 20 55 67
21 48 21 26 28 37 48
8 70 8 41 70
28 64 28 64
28 67 28 35 39 58 67
15 77 15 22 43 44 55 58 77
31 44 31 43 44
21 75 21 26 28 37 48 75
31 43 31 43
30 79 30 34 79
35 73 35 39 58 67 73
15 70 15 26 28 41 70
15 37 15 26 28 37
15 82 15 30 34 48 52 64 71 82
7 61 7 14 25 33 61
42 64 42 51 59 64
39 72 39 58 67 72
14 77 14 28 35 39 58 77
15 64 15 26 42 51 59 64
3 44 3 27 44
35 88 35 39 58 67 72 88
14 50 14 28 41 50
7 73 7 14 28 37 51 67 73
4 44 4 30 44
1 48 1 2 23 37 48
16 29 16 29
1 83 1 2 33 51 80 81 83
49 88 49 72 88
13 81 13 28 41 70 81
8 75 8 28 37 48 75
6 67 6 37 51 67
42 72 42 51 67 72
37 71 37 52 64 71
18 44 18 22 43 44
4 64 4 23 37 52 64
7 44 7 43 44
18 86 18 20 39 58 67 72 86
1 9 1 2 9
28 72 28 35 39 58 67 72
31 84 31 43 44 84
49 86 49 72 86
41 86 41 57 72 86
26 80 26 28 37 51 80
6 81 6 37 51 80 81
2 52 2 23 37 48 52
6 44 6 31 43 44
4 79 4 30 34 79
21 80 21 42 51 80
39 89 39 58 77 89
2 78 2 33 78
31 86 31 56 64 86
35 67 35 39 58 67
30 67 30 44 55 58 67
42 80 42 51 80
8 55 8 9 20 55
14 52 14 28 37 52
14 58 14 25 35 39 58
1 84 1 13 84
33 86 33 51 86
21 82 21 26 28 82
1 77 1 13 26 28 35 39 58 77
31 72 31 43 44 55 67 72
4 58 4 30 44 55 58
15 51 15 26 42 51
2 55 2 9 20 55
8 50 8 41 50
22 64 22 34 48 52 64
14 82 14 25 33 51 59 64 82
14 82 14 42 51 59 64 82
3 80 3 30 34 48 75 80
3 48 3 37 48
9 55 9 20 55
31 72 31 43 44 55 67 72
31 73 31 43 44 55 58 67 73
51 73 51 67 73
18 52 18 22 43 52
15 77 15 22 31 43 44 55 58 77
7 86 7 57 72 86
28 41 28 41
1 84 1 7 14 25 79 84
18 52 18 22 43 52
8 20 8 9 20
26 71 26 42 51 59 64 71
2 59 2 23 37 51 59
8 77 8 28 35 39 58 77
8 80 8 28 37 52 80
4 30 4 30
19 89 19 43 52 77 89
15 52 15 30 48 52
9 67 9 20 39 58 67
16 81 16 29 48 52 80 81
15 44 15 22 43 44
4 81 4 23 37 51 80 81
42 81 42 51 80 81
7 48 7 14 34 48
11 59 11 59
18 44 18 22 31 43 44
22 83 22 31 43 52 80 81 83
26 71 26 42 51 59 64 71
31 44 31 43 44
22 44 22 31 43 44
64 86 64 86
6 81 6 31 43 52 80 81
15 72 15 22 31 43 44 55 67 72
18 86 18 20 56 64 86
7 84 7 14 34 79 84
18 44 18 22 43 44
18 86 18 59 64 86
13 50 13 26 28 41 50
57 86 57 72 86
18 73 18 22 43 44 55 58 67 73
15 89 15 26 42 51 59 89
7 71 7 14 42 51 59 64 71
21 59 21 42 51 59
3 27 3 27
58 86 58 67 72 86
21 52 21 26 28 37 48 52
4 83 4 30 44 79 83
20 55 20 55
56 82 56 64 82
6 83 6 37 52 80 81 83
18 58 18 22 31 43 44 55 58
20 67 20 39 58 67
38 89 38 89
31 58 31 43 44 55 58
42 89 42 51 59 89
14 33 14 25 33
15 64 15 30 34 48 52 64
31 82 31 56 64 71 82
26 73 26 28 35 39 58 67 73
15 55 15 30 44 55
14 34 14 34
14 86 14 42 51 59 64 86
2 20 2 9 20
27 84 27 79 84
21 81 21 26 28 37 52 80 81
4 86 4 49 72 86
16 71 16 29 48 52 64 71
37 48 37 48
18 58 18 20 39 58
56 86 56 64 86
18 81 18 22 31 43 52 80 81
19 44 19 43 44
2 20 2 9 20
31 64 31 43 52 64
49 86 49 72 86
6 80 6 31 43 52 80
1 66 1 2 23 66
2 78 2 33 78
18 67 18 22 31 43 44 55 58 67
51 73 51 67 73
3 51 3 37 51
15 82 15 26 28 35 39 58 67 82
43 83 43 52 80 81 83
21 51 21 42 51
26 67 26 28 35 39 58 67
30 67 30 44 55 67
15 75 15 30 34 48 75
11 71 11 59 64 71
39 72 39 58 67 72
15 41 15 26 28 41
18 84 18 22 31 43 44 55 84
21 83 21 26 42 51 80 81 83
15 70 15 26 28 41 70
1 64 1 2 33 51 59 64
28 81 28 37 48 75 80 81
58 86 58 67 72 86
22 44 22 43 44
18 73 18 22 31 43 44 55 58 67 73
20 84 20 55 84
28 71 28 64 71
22 88 22 31 43 44 55 67 72 88
59 71 59 64 71
1 82 1 39 58 67 82
15 51 15 26 42 51
2 84 2 9 20 55 84
18 67 18 20 55 67
6 86 6 31 43 52 64 86
70 81 70 81
18 89 18 59 89
30 71 30 34 48 52 71
21 67 21 58 67
2 66 2 23 66
21 83 21 42 51 80 81 83
42 51 42 51
22 81 22 34 48 52 80 81
18 86 18 22 43 52 64 86
28 89 28 37 59 89
6 81 6 37 51 80 81
2 37 2 23 37
49 88 49 72 88
15 84 15 30 44 79 84
3 89 3 9 20 39 58 77 89
27 84 27 44 55 84
37 83 37 52 80 81 83
20 73 20 73
8 37 8 28 37
3 81 3 37 48 52 80 81
19 58 19 43 44 55 58
13 55 13 20 55
2 83 2 33 51 80 81 83
3 71 3 30 48 52 64 71
30 79 30 34 79
14 67 14 42 51 67
3 58 3 9 20 55 58
51 81 51 80 81
31 64 31 43 52 64
6 48 6 16 29 48
34 48 34 48
35 64 35 59 64
14 82 14 42 51 67 82
35 77 35 39 58 77
56 71 56 64 71
41 83 41 70 81 83
6 75 6 37 48 75
14 79 14 34 79
15 60 15 26 28 41 50 60
23 86 23 49 72 86
31 55 31 43 44 55
51 80 51 80
15 79 15 22 31 43 44 79
3 82 3 27 44 55 67 82
51 83 51 80 81 83
4 67 4 30 44 55 58 67
21 72 21 58 67 72
35 71 35 59 64 71
9 67 9 20 39 58 67
2 75 2 23 37 48 75
15 37 15 26 28 37
2 33 2 33
85 88 85 88
1 82 1 37 59 64 71 82
8 71 8 9 71
14 80 14 28 37 52 80
1 59 1 13 26 42 51 59
22 64 22 31 43 52 64
21 64 21 26 42 51 59 64
19 84 19 43 44 84
9 86 9 62 72 86
18 75 18 22 34 48 75
28 52 28 37 52
39 86 39 58 67 72 86
21 48 21 26 28 37 48
2 82 2 33 51 59 64 82
15 71 15 26 28 37 52 64 71
16 71 16 35 59 64 71
2 83 2 23 37 48 52 80 81 83
8 71 8 9 20 56 64 71
41 86 41 49 72 86
14 75 14 34 48 75
28 83 28 41 70 81 83
26 52 26 28 37 48 52
18 79 18 22 34 79
6 75 6 37 48 75
2 37 2 23 37
43 44 43 44
3 86 3 64 86
2 51 2 23 37 51
21 48 21 26 28 37 48
7 71 7 14 59 64 71
39 73 39 58 67 73
33 73 33 51 67 73
18 43 18 22 43
42 89 42 51 59 89
59 86 59 64 86
8 63 8 41 57 63
8 83 8 28 41 70 81 83
59 71 59 64 71
30 75 30 48 75
49 72 49 72
22 79 22 43 44 79
34 84 34 79 84
18 55 18 22 43 44 55
26 67 26 42 51 67
49 88 49 72 88
23 83 23 37 52 80 81 83
42 81 42 51 80 81
31 88 31 43 44 79 88
8 88 8 41 49 72 88
11 59 11 59
20 73 20 55 58 67 73
35 64 35 59 64
22 77 22 34 48 52 77
18 80 18 22 31 43 52 80
3 37 3 37
13 29 13 29
14 82 14 34 48 52 71 82
3 86 3 37 59 64 86
22 80 22 31 43 52 80
13 71 13 28 35 59 64 71
21 77 21 26 28 77
1 86 1 37 48 52 64 86
19 83 19 43 52 80 81 83
14 71 14 34 59 64 71
35 67 35 39 58 67
16 81 16 29 48 75 80 81
1 86 1 13 20 39 58 67 72 86
23 86 23 49 72 86
8 37 8 28 37
15 41 15 26 28 41
38 89 38 89
26 75 26 28 37 48 75
1 81 1 7 14 34 48 75 80 81
31 84 31 43 44 79 84
1 79 1 7 43 44 79
19 89 19 38 89
34 86 34 86
22 34 22 34
16 81 16 29 48 52 80 81
18 43 18 22 31 43
31 89 31 43 44 84 89
11 89 11 59 89
1 34 1 7 14 34
9 71 9 71
21 64 21 26 42 51 59 64
4 84 4 30 34 79 84
28 58 28 35 39 58
26 67 26 42 51 67
8 84 8 9 20 55 84
26 81 26 28 37 52 80 81
22 52 22 31 43 52
3 82 3 64 71 82
15 59 15 30 34 59
4 64 4 30 34 48 52 64
22 86 22 43 44 55 67 72 86
21 57 21 26 28 41 57
1 84 1 7 14 34 79 84
6 73 6 16 35 39 58 67 73
22 67 22 43 44 55 58 67
4 67 4 30 44 55 67
16 86 16 29 48 52 64 86
31 52 31 43 52
28 57 28 41 57
1 13 1 13
28 73 28 35 39 58 67 73
27 73 27 44 55 67 73
39 89 39 58 77 89
31 67 31 43 44 55 58 67
18 58 18 22 43 44 55 58
2 82 2 9 71 82
4 73 4 30 44 55 67 73
28 64 28 35 59 64
3 9 3 9
1 63 1 13 28 41 63
8 70 8 41 70
4 52 4 23 37 48 52
28 73 28 35 39 58 67 73
1 88 1 2 23 37 72 88
15 80 15 22 31 43 52 80
4 83 4 23 37 52 80 81 83
19 64 19 56 64
21 26 21 26
15 41 15 26 28 41
4 52 4 30 48 52
3 82 3 9 20 39 58 67 82
14 70 14 28 41 70
15 59 15 30 34 59
18 64 18 59 64
18 86 18 22 31 43 44 55 67 72 86
41 86 41 57 72 86
28 51 28 37 51
18 71 18 20 56 64 71
14 58 14 25 35 39 58
18 80 18 22 34 48 75 80
19 89 19 43 52 77 89
35 86 35 39 58 67 72 86
1 9 1 2 9
15 82 15 30 48 75 82
14 41 14 28 41
15 57 15 26 28 41 57
34 52 34 48 52
43 79 43 44 79
39 82 39 58 67 82
21 58 21 26 28 35 39 58
15 64 15 26 28 37 51 59 64
4 51 4 23 37 51
8 82 8 28 64 71 82
62 88 62 72 88
16 52 16 29 48 52
9 67 9 20 39 58 67
2 59 2 23 37 51 59
34 80 34 48 75 80
37 52 37 52
25 61 25 33 61
2 86 2 33 51 67 72 86
7 50 7 14 28 41 50
7 71 7 43 52 64 71
3 34 3 30 34
15 84 15 22 31 43 44 84
1 44 1 7 43 44
51 86 51 67 72 86
21 72 21 42 51 67 72
34 86 34 59 64 86
39 67 39 58 67
30 73 30 44 55 58 67 73
70 83 70 81 83
7 50 7 14 28 41 50
8 63 8 28 41 63
19 52 19 43 52
23 67 23 37 51 67
15 34 15 22 34
1 63 1 13 26 28 41 63
1 83 1 37 52 80 81 83
35 77 35 39 58 77
31 88 31 43 44 55 67 72 88
51 71 51 59 64 71
33 73 33 51 67 73
8 52 8 28 37 48 52
58 86 58 67 72 86
25 73 25 35 39 58 67 73
3 55 3 30 44 55
15 70 15 26 28 41 70
31 83 31 43 44 79 83
25 83 25 33 51 80 81 83
7 80 7 14 34 48 75 80
49 88 49 72 88
4 67 4 30 44 55 67
56 71 56 64 71
1 29 1 13 29
19 88 19 43 44 79 88
8 86 8 62 72 86
6 52 6 16 29 48 52
39 72 39 58 67 72
1 59 1 2 33 51 59
18 78 18 20 40 78
3 77 3 37 77
22 64 22 31 43 52 64
21 63 21 26 28 41 57 63
37 67 37 51 67
15 26 15 26
3 48 3 30 48
15 73 15 22 31 43 44 55 58 67 73
3 79 3 30 34 79
15 71 15 26 42 51 59 64 71
7 86 7 64 86
1 66 1 2 23 66
14 25 14 25
28 78 28 41 57 78
42 67 42 51 67
8 78 8 28 41 57 78
42 83 42 51 80 81 83
31 55 31 43 44 55
3 30 3 30
85 88 85 88
7 84 7 14 34 79 84
1 84 1 2 9 20 55 84
16 71 16 29 48 52 71
14 77 14 28 77
51 83 51 80 81 83
62 86 62 72 86
37 86 37 52 64 86
2 32 2 23 32
3 80 3 37 48 52 80
1 43 1 7 43
14 60 14 28 41 50 60
31 67 31 43 44 55 58 67
15 48 15 30 34 48
19 73 19 43 44 55 67 73
7 84 7 43 44 55 84
49 86 49 72 86
1 78 1 2 9 20 40 78
15 30 15 30
34 48 34 48
35 77 35 39 58 77
39 88 39 58 67 72 88
28 72 28 35 39 58 67 72
58 67 58 67
1 78 1 7 57 78
23 73 23 37 51 67 73
14 41 14 28 41
2 58 2 9 20 55 58
28 50 28 41 50
4 64 4 30 48 52 64
7 84 7 14 25 79 84
21 86 21 26 28 41 49 72 86
1 48 1 2 23 37 48
51 71 51 59 64 71
19 83 19 43 52 80 81 83
28 50 28 41 50
26 86 26 42 62 72 86
14 89 14 25 35 39 58 77 89
7 50 7 14 28 41 50
8 9 8 9
8 60 8 41 50 60
42 71 42 51 59 64 71
7 55 7 43 44 55
15 86 15 30 44 55 67 72 86
11 71 11 59 64 71
39 86 39 58 67 72 86
28 51 28 37 51
37 86 37 52 64 86
2 52 2 23 37 48 52
2 71 2 33 51 59 64 71
1 79 1 7 43 44 79
19 81 19 43 52 80 81
42 88 42 51 67 72 88
6 84 6 31 43 44 79 84
28 63 28 41 63
16 86 16 29 48 52 64 86
85 88 85 88
1 37 1 37
21 70 21 26 28 41 70
20 84 20 55 84
1 86 1 37 72 86
25 73 25 35 39 58 67 73
2 23 2 23
8 60 8 28 41 50 60
37 75 37 48 75
4 51 4 23 37 51
8 50 8 41 50
14 75 14 28 37 48 75
31 52 31 43 52
1 57 1 13 28 41 57
9 73 9 20 73
1 81 1 2 23 37 48 52 80 81
85 88 85 88
30 73 30 44 55 67 73
19 67 19 43 44 55 58 67
9 86 9 20 55 58 67 72 86
7 75 7 14 34 48 75
2 32 2 23 32
37 48 37 48
4 79 4 30 34 79
8 58 8 9 20 39 58
3 67 3 30 44 55 67
2 75 2 23 37 48 75
21 89 21 42 51 59 89
22 55 22 43 44 55
8 52 8 28 37 48 52
43 79 43 44 79
7 80 7 43 52 80
43 73 43 44 55 58 67 73
27 67 27 44 55 58 67
14 64 14 59 64
51 80 51 80
8 50 8 41 50
1 81 1 13 26 42 51 80 81
9 67 9 20 55 58 67
19 73 19 43 44 55 58 67 73
1 59 1 13 26 28 35 59
15 48 15 30 48
19 83 19 43 52 80 81 83
25 83 25 79 83
8 73 8 9 20 55 58 67 73
6 52 6 16 29 48 52
22 88 22 34 48 75 88
39 67 39 58 67
18 71 18 20 56 64 71
15 30 15 30
2 37 2 23 37
28 50 28 41 50
18 48 18 22 34 48
19 72 19 43 44 55 58 67 72
22 88 22 31 43 44 79 88
2 66 2 23 66
3 37 3 37
15 73 15 30 44 55 58 67 73
20 86 20 39 58 67 72 86
4 59 4 23 37 59
6 86 6 16 86
15 79 15 22 34 79
1 73 1 39 58 67 73
25 67 25 35 39 58 67
1 20 1 2 9 20
59 71 59 64 71
37 67 37 51 67
35 67 35 39 58 67
27 73 27 44 55 67 73
43 83 43 52 80 81 83
1 57 1 13 28 41 57
11 82 11 59 64 71 82
21 48 21 26 28 37 48
4 81 4 23 37 51 80 81
1 67 1 39 58 67
22 52 22 31 43 52
21 64 21 42 51 59 64
19 84 19 43 44 79 84
8 37 8 28 37
37 71 37 59 64 71
3 81 3 30 48 75 80 81
15 77 15 22 31 43 52 77
3 83 3 37 52 80 81 83
23 73 23 37 51 67 73
8 37 8 28 37
27 86 27 44 55 67 72 86
20 55 20 55
18 77 18 22 34 48 52 77
14 37 14 28 37
11 89 11 59 89
2 71 2 33 51 59 64 71
27 84 27 44 79 84
9 84 9 20 55 84
14 70 14 28 41 70
11 71 11 59 64 71
15 55 15 22 31 43 44 55
14 80 14 25 33 51 80
51 86 51 59 64 86
13 80 13 26 42 51 80
18 64 18 22 34 48 52 64
16 29 16 29
4 34 4 30 34
18 67 18 20 39 58 67
6 81 6 16 29 48 52 80 81
1 26 1 13 26
4 37 4 23 37
11 88 11 88
28 83 28 41 70 81 83
14 82 14 25 35 39 58 67 82
34 80 34 48 75 80
28 71 28 35 59 64 71
4 66 4 23 66
39 73 39 58 67 73
8 84 8 9 20 55 84
20 73 20 39 58 67 73
39 73 39 58 67 73
18 20 18 20
13 86 13 29 48 52 64 86
8 50 8 28 41 50
39 88 39 58 67 72 88
3 37 3 37
33 71 33 51 59 64 71
4 80 4 30 34 48 75 80
18 79 18 22 34 79
1 71 1 2 56 64 71
2 88 2 33 51 67 72 88
7 71 7 43 52 71
28 37 28 37
62 88 62 72 88
64 71 64 71
19 86 19 43 52 64 86
3 52 3 37 52
3 72 3 37 51 67 72
33 71 33 51 59 64 71
35 82 35 39 58 67 82
26 80 26 28 37 51 80
2 23 2 23
6 55 6 31 43 44 55
15 71 15 26 28 64 71
18 89 18 22 34 79 84 89
3 88 3 27 44 55 67 72 88
25 83 25 79 83
28 37 28 37
8 72 8 28 35 39 58 67 72
1 41 1 7 14 28 41
26 52 26 28 37 48 52
30 83 30 48 75 80 81 83
2 75 2 23 37 48 75
2 86 2 23 37 52 64 86
35 73 35 39 58 67 73
3 59 3 30 34 59
42 51 42 51
1 51 1 7 14 25 33 51
15 77 15 22 31 43 44 55 58 77
21 50 21 26 28 41 50
22 82 22 43 52 71 82
37 80 37 52 80
19 77 19 43 52 77
8 9 8 9
4 37 4 23 37
28 71 28 64 71
1 70 1 13 28 41 70
21 73 21 42 51 67 73
3 34 3 30 34
14 86 14 34 86
15 72 15 30 44 55 67 72
31 71 31 56 64 71
1 13 1 13
14 61 14 25 33 61
27 84 27 79 84
42 64 42 51 59 64
8 37 8 28 37
41 83 41 70 81 83
43 84 43 44 79 84
4 48 4 30 34 48
28 72 28 41 49 72
42 88 42 62 72 88
4 89 4 23 37 77 89
1 73 1 2 23 37 51 67 73
6 84 6 31 43 44 55 84
51 67 51 67
42 82 42 51 59 64 82
3 86 3 30 48 52 64 86
8 89 8 9 20 55 58 77 89
6 44 6 31 43 44
1 34 1 7 14 34
33 80 33 51 80
7 80 7 43 52 80
42 71 42 51 59 64 71
11 88 11 88
21 72 21 26 28 35 39 58 67 72
22 64 22 31 56 64
18 73 18 22 31 43 44 55 58 67 73
39 77 39 58 77
21 83 21 26 42 51 80 81 83
43 44 43 44
3 72 3 30 44 55 58 67 72
21 57 21 26 28 41 57
25 73 25 33 51 67 73
8 67 8 9 20 39 58 67
20 84 20 55 84
18 59 18 22 34 59
11 59 11 59
13 86 13 29 48 52 64 86
4 77 4 30 44 55 58 77
1 57 1 7 14 28 41 57
19 88 19 43 44 55 67 72 88
15 78 15 26 28 41 57 78
15 89 15 30 34 59 89
3 58 3 27 44 55 58
1 13 1 13
30 79 30 34 79
3 86 3 37 51 67 72 86
18 34 18 22 34
21 72 21 58 67 72
8 41 8 41
23 52 23 37 48 52
31 79 31 43 44 79
9 73 9 20 73
21 48 21 26 28 37 48
21 77 21 26 28 35 39 58 77
1 58 1 2 9 20 55 58
51 67 51 67
3 9 3 9
6 55 6 31 43 44 55
34 79 34 79
4 51 4 23 37 51
23 67 23 37 51 67
43 84 43 44 84
23 83 23 37 52 80 81 83
1 34 1 7 14 34
3 81 3 30 34 48 75 80 81
15 51 15 26 42 51
7 80 7 14 42 51 80
22 55 22 43 44 55
14 59 14 59
15 83 15 30 34 79 83
70 81 70 81
6 80 6 37 51 80
42 86 42 62 72 86
35 58 35 39 58
18 58 18 22 43 44 55 58
34 83 34 48 52 80 81 83
2 72 2 33 49 72
8 60 8 41 50 60
2 23 2 23
13 48 13 28 37 48
22 84 22 43 44 79 84
3 81 3 37 52 80 81
31 89 31 43 44 79 84 89
13 67 13 26 42 51 67
2 52 2 23 37 48 52
28 37 28 37
16 75 16 29 48 75
28 80 28 37 52 80
15 73 15 22 43 44 55 58 67 73
28 86 28 64 86
23 73 23 37 51 67 73
1 57 1 13 28 41 57
37 48 37 48
13 29 13 29
43 71 43 52 71
3 78 3 27 78
7 52 7 14 34 48 52
25 86 25 35 39 58 67 72 86
4 32 4 23 32
1 64 1 2 9 20 56 64
18 89 18 20 39 58 77 89
22 71 22 34 59 64 71
34 80 34 48 52 80
15 55 15 30 44 55
14 83 14 25 33 51 80 81 83
18 86 18 22 34 86
19 82 19 43 52 71 82
18 34 18 22 34
26 75 26 28 37 48 75
1 20 1 2 9 20
3 51 3 37 51
2 80 2 23 37 51 80
18 55 18 20 55
1 89 1 7 43 44 84 89
4 77 4 30 34 48 52 77
15 58 15 26 28 35 39 58
42 59 42 51 59
14 75 14 28 37 48 75
31 82 31 56 82
33 67 33 51 67
22 89 22 43 44 84 89
28 86 28 64 86
30 79 30 34 79
33 71 33 51 59 64 71
21 26 21 26
62 72 62 72
18 73 18 20 39 58 67 73
42 89 42 51 59 89
62 72 62 72
1 84 1 2 9 20 55 84
11 88 11 88
21 86 21 42 51 86
28 72 28 37 72
14 81 14 25 33 51 80 81
14 57 14 28 41 57
21 58 21 58
14 58 14 28 35 39 58
14 71 14 42 51 59 64 71
35 58 35 39 58
9 71 9 20 56 64 71
21 41 21 26 28 41
14 72 14 42 62 72
21 51 21 42 51
28 63 28 41 63
59 86 59 64 86
28 60 28 41 50 60
3 64 3 64
6 84 6 31 43 44 84
15 37 15 26 28 37
14 67 14 28 35 39 58 67
25 83 25 33 51 80 81 83
1 57 1 7 14 28 41 57
4 30 4 30
51 86 51 59 64 86
43 73 43 44 55 67 73
3 37 3 37
26 50 26 28 41 50
4 78 4 23 66 78
13 50 13 26 28 41 50
1 86 1 13 20 56 64 86
39 67 39 58 67
3 75 3 37 48 75
4 51 4 23 37 51
1 64 1 13 26 42 51 59 64
14 80 14 25 33 51 80
23 86 23 37 49 72 86
59 71 59 64 71
64 71 64 71
28 48 28 37 48
8 41 8 28 41
14 61 14 25 33 61
49 86 49 72 86
2 75 2 23 37 48 75
31 44 31 43 44
33 71 33 51 59 64 71
15 41 15 26 28 41
25 67 25 33 51 67
28 59 28 35 59
19 64 19 43 52 64
31 84 31 43 44 55 84
11 71 11 59 64 71
22 83 22 43 52 80 81 83
3 72 3 9 20 55 67 72
23 83 23 37 52 80 81 83
23 48 23 37 48
25 67 25 33 51 67
43 71 43 52 71
2 64 2 33 51 59 64
64 86 64 86
33 73 33 51 67 73
31 88 31 43 44 79 88
28 70 28 41 70
8 60 8 28 41 50 60
49 72 49 72
35 82 35 39 58 67 82
28 51 28 37 51
14 88 14 28 41 49 72 88
35 88 35 39 58 67 72 88
16 86 16 86
22 79 22 43 44 79
30 86 30 44 55 67 72 86
27 67 27 44 55 58 67
7 83 7 14 34 48 75 80 81 83
13 81 13 29 48 75 80 81
72 86 72 86
1 63 1 7 14 25 63
39 73 39 58 67 73
62 86 62 72 86
28 86 28 41 49 72 86
14 64 14 25 35 59 64
22 77 22 31 43 44 55 58 77
18 55 18 22 31 43 44 55
30 44 30 44
31 83 31 43 44 79 83
1 41 1 7 14 28 41
23 80 23 37 48 52 80
28 50 28 41 50
18 88 18 22 31 43 44 55 67 72 88
33 83 33 51 80 81 83
4 84 4 30 44 55 84
4 88 4 30 48 88
22 44 22 43 44
7 86 7 57 72 86
42 88 42 51 67 72 88
3 59 3 30 34 59
28 88 28 37 49 72 88
7 55 7 43 44 55
20 71 20 56 64 71
35 89 35 39 58 77 89
3 75 3 37 48 75
2 59 2 33 51 59
43 44 43 44
21 41 21 26 28 41
16 75 16 29 48 75
28 77 28 35 39 58 77
4 34 4 30 34
19 80 19 43 52 80
21 72 21 58 67 72
43 84 43 44 55 84
30 44 30 44
31 88 31 43 44 55 58 67 72 88
18 58 18 22 43 44 55 58
1 41 1 7 14 28 41
7 75 7 14 34 48 75
15 63 15 26 28 41 57 63
1 84 1 2 9 20 55 84
4 30 4 30
13 84 13 84
39 72 39 58 67 72
6 44 6 31 43 44
6 67 6 16 35 39 58 67
15 78 15 26 28 41 57 78
3 83 3 37 48 52 80 81 83
37 80 37 48 75 80
7 86 7 64 86
14 60 14 28 41 50 60
1 48 1 2 23 37 48
43 73 43 44 55 67 73
4 81 4 70 81
30 55 30 44 55
21 58 21 58
42 81 42 51 80 81
51 71 51 59 64 71
7 52 7 43 52
28 77 28 37 77
8 58 8 9 20 39 58
8 88 8 9 20 88
4 32 4 23 32
30 81 30 48 52 80 81
3 64 3 64
20 67 20 39 58 67
33 71 33 51 59 64 71
42 80 42 51 80
14 73 14 25 33 51 67 73
43 80 43 52 80
42 82 42 51 59 64 71 82
16 86 16 29 48 52 64 86
37 86 37 72 86
9 55 9 20 55
31 64 31 43 52 64
16 86 16 35 59 64 86
23 81 23 37 52 80 81
13 67 13 26 28 35 39 58 67
15 71 15 30 48 52 71
28 82 28 64 82
7 83 7 14 42 51 80 81 83
1 50 1 7 14 28 41 50
8 50 8 41 50
21 64 21 42 51 59 64
8 64 8 28 37 48 52 64
2 23 2 23
28 80 28 37 48 75 80
8 20 8 9 20
42 64 42 51 59 64
25 84 25 79 84
2 71 2 23 37 51 59 64 71
28 57 28 41 57
41 50 41 50
27 86 27 44 55 67 72 86
35 77 35 39 58 77
3 30 3 30
28 81 28 37 52 80 81
8 77 8 9 20 39 58 77
37 75 37 48 75
37 75 37 48 75
21 52 21 26 28 37 52
1 34 1 7 14 34
9 71 9 20 56 64 71
18 43 18 22 31 43
28 37 28 37
2 84 2 9 20 55 84
43 80 43 52 80
51 86 51 86
25 73 25 33 51 67 73
23 32 23 32
15 26 15 26
2 71 2 23 37 48 52 64 71
23 81 23 37 48 75 80 81
19 55 19 43 44 55
11 71 11 59 64 71
3 55 3 9 20 55
28 86 28 35 39 58 67 72 86
42 72 42 62 72
72 86 72 86
22 43 22 31 43
1 25 1 7 14 25
19 84 19 43 44 84
51 80 51 80
14 37 14 28 37
3 51 3 37 51
13 55 13 20 55
21 83 21 26 42 51 80 81 83
4 51 4 23 37 51
21 78 21 26 28 41 57 78
22 67 22 31 43 44 55 67
70 81 70 81
15 55 15 30 44 55
28 37 28 37
3 83 3 27 44 79 83
14 82 14 25 33 51 59 64 71 82
21 41 21 26 28 41
28 72 28 37 72
42 83 42 51 80 81 83
64 71 64 71
14 71 14 42 51 59 64 71
31 73 31 43 44 55 67 73
8 51 8 28 37 51
72 86 72 86
4 52 4 23 37 52
31 67 31 43 44 55 67
28 41 28 41
21 26 21 26
37 86 37 51 86
51 86 51 86
43 67 43 44 55 58 67
26 75 26 28 37 48 75
30 75 30 48 75
49 86 49 72 86
1 37 1 37
23 52 23 37 48 52
13 50 13 28 41 50
1 79 1 7 14 34 79
8 86 8 9 20 56 64 86
14 81 14 34 48 75 80 81
8 57 8 28 41 57
1 29 1 13 29
16 83 16 29 48 52 80 81 83
20 71 20 56 64 71
25 84 25 79 84
15 86 15 26 28 41 49 72 86
21 78 21 26 28 41 57 78
57 86 57 72 86
1 64 1 7 43 52 64
18 67 18 20 39 58 67
3 20 3 9 20
23 81 23 37 52 80 81
14 72 14 42 62 72
6 73 6 16 35 39 58 67 73
1 7 1 7
3 51 3 37 51
58 86 58 67 72 86
1 63 1 13 28 41 57 63
22 86 22 31 56 64 86
3 71 3 9 71
1 70 1 7 14 28 41 70
2 51 2 23 37 51
37 75 37 48 75
6 44 6 31 43 44
7 73 7 14 42 51 67 73
13 75 13 29 48 75
22 75 22 34 48 75
23 71 23 37 59 64 71
15 43 15 22 43
42 73 42 51 67 73
25 83 25 79 83
28 63 28 41 57 63
27 73 27 44 55 67 73
2 37 2 23 37
23 86 23 49 72 86
21 48 21 26 28 37 48
42 86 42 62 72 86
14 37 14 28 37
25 80 25 33 51 80
18 72 18 22 43 44 55 58 67 72
1 20 1 2 9 20
28 64 28 35 59 64
6 73 6 37 51 67 73
21 59 21 42 51 59
30 81 30 48 75 80 81
28 58 28 35 39 58
18 82 18 59 64 71 82
15 41 15 26 28 41
8 78 8 41 57 78
30 44 30 44
18 86 18 59 64 86
25 61 25 33 61
3 67 3 37 51 67
4 84 4 30 44 84
39 89 39 58 77 89
2 75 2 23 37 48 75
33 83 33 51 80 81 83
16 86 16 86
35 72 35 39 58 67 72
15 79 15 22 31 43 44 79
1 73 1 2 9 20 39 58 67 73
15 83 15 26 28 37 51 80 81 83
31 77 31 43 52 77
28 63 28 41 57 63
28 58 28 35 39 58
70 83 70 81 83
26 86 26 28 64 86
14 59 14 59
22 86 22 31 56 64 86
28 77 28 37 52 77
14 80 14 25 33 51 80
21 77 21 58 77
25 71 25 33 51 59 64 71
37 86 37 72 86
9 71 9 71
3 78 3 9 20 40 78
19 67 19 43 44 55 58 67
30 67 30 44 55 58 67
18 73 18 22 43 44 55 67 73
15 84 15 30 44 84
37 71 37 59 64 71
14 61 14 25 33 61
18 52 18 22 43 52
28 51 28 37 51
2 83 2 33 51 80 81 83
3 79 3 27 79
1 58 1 13 28 35 39 58
14 57 14 28 41 57
14 80 14 28 37 52 80
8 72 8 28 41 49 72
39 58 39 58
2 66 2 23 66
31 52 31 43 52
19 83 19 43 52 80 81 83
28 80 28 37 48 75 80
31 44 31 43 44
25 84 25 79 84
1 79 1 7 14 34 79
25 80 25 33 51 80
26 50 26 28 41 50
1 72 1 49 72
15 60 15 26 28 41 50 60
28 81 28 41 70 81
25 83 25 79 83
6 86 6 86
3 27 3 27
19 52 19 43 52
15 48 15 30 34 48
16 71 16 35 59 64 71
39 82 39 58 67 82
4 89 4 30 48 52 77 89
58 73 58 67 73
8 60 8 28 41 50 60
39 58 39 58
6 83 6 37 48 52 80 81 83
11 82 11 59 64 82
7 50 7 14 28 41 50
6 80 6 37 51 80
33 86 33 51 59 64 86
20 55 20 55
51 67 51 67
18 58 18 20 55 58
28 59 28 37 51 59
21 67 21 58 67
41 81 41 70 81
30 75 30 34 48 75
18 71 18 20 56 64 71
4 88 4 49 72 88
2 72 2 9 62 72
35 77 35 39 58 77
9 86 9 20 55 58 67 72 86
18 59 18 59
39 89 39 58 77 89
11 86 11 59 64 86
18 58 18 20 55 58
13 67 13 26 28 35 39 58 67
28 86 28 64 86
1 66 1 2 23 66
1 20 1 2 9 20
15 75 15 26 28 37 48 75
6 73 6 31 43 44 55 58 67 73
31 77 31 43 52 77
14 72 14 28 37 72
2 72 2 9 62 72
35 73 35 39 58 67 73
2 86 2 33 62 72 86
39 89 39 58 77 89
3 73 3 9 20 39 58 67 73
15 30 15 30
31 43 31 43
1 82 1 7 43 52 64 82
9 84 9 20 55 84
4 82 4 30 34 48 52 71 82
4 55 4 30 44 55
16 29 16 29
1 72 1 2 33 62 72
35 86 35 59 64 86
21 64 21 42 51 59 64
4 37 4 23 37
14 57 14 28 41 57
21 67 21 42 51 67
21 26 21 26
7 80 7 43 52 80
28 37 28 37
8 60 8 41 50 60
28 64 28 37 48 52 64
22 72 22 43 44 55 58 67 72
23 81 23 37 52 80 81
43 44 43 44
3 72 3 37 49 72
21 73 21 42 51 67 73
21 37 21 26 28 37
6 73 6 31 43 44 55 67 73
72 86 72 86
1 41 1 13 28 41
62 86 62 72 86
4 51 4 23 37 51
18 64 18 22 43 52 64
4 55 4 30 44 55
28 82 28 35 59 64 71 82
14 82 14 28 82
41 86 41 49 72 86
43 83 43 52 80 81 83
1 89 1 13 28 77 89
70 81 70 81
14 79 14 25 79
21 75 21 26 28 37 48 75
23 83 23 37 51 80 81 83
23 71 23 37 51 59 64 71
14 25 14 25
1 59 1 7 14 28 35 59
8 72 8 28 41 49 72
23 81 23 37 51 80 81
1 82 1 7 43 52 71 82
14 33 14 25 33
4 83 4 30 34 79 83
22 71 22 31 43 52 71
34 52 34 48 52
43 52 43 52
18 20 18 20
14 72 14 42 51 67 72
22 59 22 34 59
16 75 16 29 48 75
22 67 22 43 44 55 58 67
41 83 41 70 81 83
25 79 25 79
7 86 7 14 59 64 86
22 71 22 31 43 52 71
20 67 20 39 58 67
23 67 23 37 51 67
28 73 28 35 39 58 67 73
6 29 6 16 29
15 79 15 30 44 79
2 89 2 33 51 59 89
28 81 28 41 70 81
2 55 2 9 20 55
22 43 22 31 43
31 89 31 43 44 55 84 89
1 9 1 2 9
1 13 1 13
1 77 1 2 23 37 52 77
3 81 3 30 34 48 52 80 81
7 73 7 14 28 35 39 58 67 73
6 67 6 16 35 39 58 67
3 34 3 30 34
21 48 21 26 28 37 48
8 75 8 28 37 48 75
3 72 3 9 62 72
7 61 7 14 25 33 61
3 52 3 30 34 48 52
11 89 11 59 89
27 55 27 44 55
19 89 19 38 89
9 55 9 20 55
34 80 34 48 75 80
13 84 13 84
1 29 1 13 29
26 71 26 42 51 59 64 71
2 55 2 9 20 55
14 34 14 34
21 83 21 26 42 51 80 81 83
18 77 18 20 55 58 77
19 88 19 62 72 88
19 52 19 43 52
14 80 14 34 48 52 80
62 72 62 72
31 43 31 43
25 79 25 79
42 89 42 51 59 89
1 34 1 7 14 34
14 33 14 25 33
14 77 14 34 48 52 77
22 89 22 43 52 77 89
16 80 16 29 48 52 80
4 71 4 23 37 48 52 71
70 83 70 81 83
8 82 8 9 20 56 64 82
8 88 8 9 20 88
22 88 22 31 43 44 55 67 72 88
2 37 2 23 37
1 43 1 7 43
2 67 2 23 37 51 67
43 44 43 44
23 81 23 37 48 75 80 81
23 67 23 37 51 67
11 59 11 59
6 73 6 16 35 39 58 67 73
19 88 19 62 72 88
22 73 22 43 44 55 67 73
21 78 21 26 28 41 57 78
51 71 51 59 64 71
1 66 1 2 23 66
21 41 21 26 28 41
2 84 2 9 20 55 84
8 48 8 28 37 48
31 55 31 43 44 55
1 59 1 2 33 51 59
14 86 14 59 64 86
19 72 19 43 44 55 67 72
23 86 23 37 51 86
1 67 1 37 51 67
21 26 21 26
30 44 30 44
7 73 7 43 44 55 67 73
1 63 1 13 28 41 57 63
14 59 14 59
14 71 14 28 64 71
19 52 19 43 52
7 61 7 14 25 33 61
56 64 56 64
31 84 31 43 44 84
4 72 4 49 72
31 84 31 43 44 79 84
7 86 7 14 34 48 52 64 86
11 88 11 88
37 71 37 52 64 71
8 72 8 28 35 39 58 67 72
25 73 25 35 39 58 67 73
14 58 14 28 35 39 58
21 78 21 26 28 41 57 78
8 64 8 9 20 56 64
39 58 39 58
8 52 8 28 37 48 52
14 57 14 28 41 57
14 70 14 28 41 70
3 77 3 30 34 48 52 77
34 83 34 48 52 80 81 83
30 67 30 44 55 58 67
1 82 1 37 51 67 82
4 84 4 30 44 84
4 23 4 23
4 80 4 23 37 48 75 80
22 44 22 31 43 44
15 88 15 22 43 44 79 88
14 61 14 25 33 61
30 52 30 34 48 52
1 67 1 39 58 67
28 59 28 37 51 59
33 71 33 51 59 64 71
7 83 7 43 44 79 83
51 73 51 67 73
15 60 15 26 28 41 50 60
3 84 3 27 79 84
1 72 1 37 51 67 72
2 73 2 33 51 67 73
18 89 18 20 55 58 77 89
23 52 23 37 52
8 37 8 28 37
1 37 1 7 14 28 37
18 75 18 22 34 48 75
15 30 15 30
31 52 31 43 52
21 48 21 26 28 37 48
1 41 1 13 26 28 41
1 59 1 13 26 28 35 59
37 52 37 48 52
8 55 8 9 20 55
59 71 59 64 71
27 55 27 44 55
21 83 21 26 28 37 51 80 81 83
14 83 14 42 51 80 81 83
15 63 15 26 28 41 63
26 67 26 28 35 39 58 67
27 55 27 44 55
6 55 6 31 43 44 55
34 79 34 79
21 57 21 26 28 41 57
62 72 62 72
1 70 1 7 14 28 41 70
16 29 16 29
4 66 4 23 66
2 78 2 33 78
2 84 2 9 20 55 84
4 58 4 30 44 55 58
9 73 9 20 73
6 29 6 16 29
42 51 42 51
11 86 11 59 64 86
19 44 19 43 44
2 84 2 9 20 55 84
4 48 4 23 37 48
21 72 21 58 67 72
7 86 7 62 72 86
3 75 3 30 48 75
3 71 3 64 71
7 67 7 14 25 35 39 58 67
8 71 8 9 20 56 64 71
8 55 8 9 20 55
56 86 56 64 86
18 86 18 22 43 52 64 86
2 37 2 23 37
35 86 35 39 58 67 72 86
6 67 6 31 43 44 55 58 67
31 89 31 43 44 79 84 89
7 83 7 14 34 48 75 80 81 83
8 50 8 41 50
30 55 30 44 55
21 63 21 26 28 41 57 63
19 77 19 43 52 77
58 86 58 67 72 86
28 57 28 41 57
22 88 22 43 44 79 88
14 72 14 25 35 39 58 67 72
14 67 14 25 35 39 58 67
21 60 21 26 28 41 50 60
31 44 31 43 44
37 81 37 48 52 80 81
35 89 35 39 58 77 89
1 48 1 2 23 37 48
51 83 51 80 81 83
4 58 4 30 44 55 58
4 71 4 23 37 48 52 64 71
2 89 2 23 37 48 52 77 89
28 64 28 37 59 64
7 75 7 14 34 48 75
2 83 2 23 37 51 80 81 83
19 84 19 43 44 84
51 83 51 80 81 83
21 59 21 42 51 59
56 86 56 64 86
15 78 15 26 28 41 57 78
21 64 21 26 42 51 59 64
23 52 23 37 48 52
2 48 2 23 37 48
27 73 27 44 55 58 67 73
35 82 35 59 64 82
1 82 1 37 48 75 82
1 13 1 13
14 79 14 34 79
1 78 1 7 14 25 33 78
42 67 42 51 67
28 70 28 41 70
23 66 23 66
2 59 2 33 51 59
31 81 31 43 52 80 81
31 43 31 43
35 88 35 39 58 67 72 88
4 78 4 23 66 78
27 73 27 44 55 58 67 73
16 71 16 35 59 64 71
31 71 31 56 64 71
7 48 7 14 28 37 48
51 71 51 59 64 71
1 33 1 2 33
22 84 22 43 44 55 84
13 52 13 28 37 48 52
3 44 3 30 44
25 80 25 33 51 80
19 43 19 43
14 80 14 42 51 80
8 80 8 28 37 52 80
13 84 13 20 55 84
43 67 43 44 55 58 67
3 67 3 30 44 55 58 67
3 55 3 9 20 55
8 81 8 41 70 81
15 82 15 26 42 51 67 82
15 73 15 30 44 55 67 73
18 89 18 59 89
1 81 1 2 33 51 80 81
28 73 28 35 39 58 67 73
4 58 4 30 44 55 58
33 80 33 51 80
33 81 33 51 80 81
13 67 13 20 39 58 67
23 66 23 66
3 64 3 64
8 86 8 62 72 86
4 75 4 23 37 48 75
21 51 21 26 28 37 51
19 84 19 43 44 84
1 33 1 7 14 25 33
2 52 2 23 37 48 52
6 67 6 16 35 39 58 67
4 30 4 30
30 67 30 44 55 67
13 80 13 26 42 51 80
21 48 21 26 28 37 48
18 59 18 59
22 72 22 31 43 44 55 58 67 72
23 81 23 37 52 80 81
8 64 8 28 35 59 64
28 60 28 41 50 60
19 71 19 43 52 71
22 43 22 43
3 55 3 9 20 55
35 71 35 59 64 71
11 82 11 59 64 71 82
8 89 8 28 77 89
39 86 39 58 67 72 86
22 59 22 34 59
18 58 18 22 43 44 55 58
3 78 3 27 78
31 58 31 43 44 55 58
2 89 2 9 20 39 58 77 89
7 48 7 14 28 37 48
21 70 21 26 28 41 70
39 67 39 58 67
1 25 1 7 14 25
18 86 18 20 55 67 72 86
57 86 57 72 86
14 89 14 42 51 59 89
15 88 15 26 42 51 67 72 88
28 80 28 37 48 75 80
31 89 31 43 52 77 89
1 81 1 7 14 25 33 51 80 81
1 51 1 13 28 37 51
23 66 23 66
31 89 31 43 52 77 89
16 81 16 29 48 75 80 81
4 83 4 70 81 83
8 67 8 28 35 39 58 67
56 86 56 64 86
3 37 3 37
1 86 1 2 56 64 86
14 58 14 28 35 39 58
22 86 22 31 43 52 64 86
22 43 22 43
22 79 22 31 43 44 79
13 48 13 26 28 37 48
13 52 13 28 37 52
31 77 31 43 52 77
28 71 28 35 59 64 71
19 79 19 43 44 79
18 72 18 22 31 43 44 55 58 67 72
4 64 4 23 37 52 64
14 86 14 34 86
25 80 25 33 51 80
11 88 11 88
13 86 13 26 42 51 59 64 86
19 71 19 43 52 71
3 72 3 30 44 55 58 67 72
3 84 3 30 44 79 84
4 32 4 23 32
37 83 37 48 75 80 81 83
1 50 1 13 26 28 41 50
22 48 22 34 48
23 48 23 37 48
18 48 18 22 34 48
3 80 3 37 52 80
31 44 31 43 44
18 48 18 22 34 48
3 83 3 37 52 80 81 83
6 71 6 37 59 64 71
30 48 30 34 48
7 52 7 43 52
1 81 1 7 14 25 33 51 80 81
1 78 1 78
4 84 4 30 34 79 84
1 71 1 37 59 64 71
1 60 1 13 60
15 71 15 26 42 51 59 64 71
4 84 4 30 44 55 84
22 58 22 43 44 55 58
26 73 26 28 37 51 67 73
3 84 3 9 20 55 84
21 71 21 42 51 59 64 71
35 82 35 39 58 67 82
21 77 21 26 28 35 39 58 77
14 61 14 25 33 61
26 73 26 28 35 39 58 67 73
19 71 19 56 64 71
22 64 22 34 59 64
2 37 2 23 37
8 89 8 9 20 55 58 77 89
34 52 34 48 52
2 20 2 9 20
4 70 4 70
19 83 19 43 44 79 83
7 84 7 14 34 79 84
7 48 7 14 28 37 48
19 83 19 43 52 80 81 83
37 86 37 72 86
42 89 42 51 59 89
14 63 14 28 41 57 63
27 44 27 44
31 89 31 43 44 55 84 89
42 81 42 51 80 81
3 27 3 27
3 59 3 30 34 59
18 52 18 22 34 48 52
19 89 19 38 89
21 83 21 26 42 51 80 81 83
4 32 4 23 32
22 86 22 31 56 64 86
8 57 8 41 57
1 79 1 7 43 44 79
4 86 4 30 44 55 58 67 72 86
6 80 6 37 48 75 80
22 88 22 34 48 88
16 48 16 29 48
26 81 26 42 51 80 81
18 73 18 22 31 43 44 55 67 73
23 52 23 37 52
40 78 40 78
42 71 42 51 59 64 71
4 44 4 30 44
1 37 1 7 14 28 37
4 37 4 23 37
3 71 3 9 20 56 64 71
26 48 26 28 37 48
33 71 33 51 59 64 71
15 44 15 22 43 44
13 86 13 20 39 58 67 72 86
33 71 33 51 59 64 71
13 83 13 83
1 29 1 13 29
15 78 15 26 28 41 57 78
4 67 4 30 44 55 58 67
31 73 31 43 44 55 58 67 73
28 70 28 41 70
21 88 21 42 51 67 72 88
51 83 51 80 81 83
28 37 28 37
30 80 30 48 52 80
40 78 40 78
22 48 22 34 48
22 67 22 43 44 55 58 67
2 66 2 23 66
15 60 15 26 28 41 50 60
7 50 7 14 28 41 50
42 81 42 51 80 81
58 86 58 67 72 86
4 78 4 23 66 78
4 75 4 30 34 48 75
62 72 62 72
16 73 16 35 39 58 67 73
35 77 35 39 58 77
21 52 21 26 28 37 52
26 86 26 42 62 72 86
23 32 23 32
27 55 27 44 55
18 55 18 20 55
30 44 30 44
2 51 2 33 51
1 86 1 39 58 67 72 86
28 67 28 35 39 58 67
1 23 1 2 23
34 83 34 48 52 80 81 83
14 58 14 28 35 39 58
20 55 20 55
25 71 25 33 51 59 64 71
21 78 21 26 28 41 57 78
25 84 25 79 84
1 57 1 7 57
14 52 14 34 48 52
8 41 8 41
33 61 33 61
56 82 56 82
8 88 8 28 35 39 58 67 72 88
31 58 31 43 44 55 58
23 52 23 37 52
25 71 25 35 59 64 71
13 67 13 26 42 51 67
19 73 19 43 44 55 67 73
1 25 1 7 14 25
8 58 8 9 20 39 58
11 64 11 59 64
21 89 21 58 77 89
13 50 13 28 41 50
7 80 7 14 25 33 51 80
30 81 30 34 48 75 80 81
13 67 13 28 37 51 67
49 86 49 72 86
3 58 3 30 44 55 58
3 72 3 30 44 55 58 67 72
25 79 25 79
19 84 19 43 44 55 84
28 41 28 41
19 84 19 43 44 84
43 52 43 52
21 70 21 26 28 41 70
13 86 13 20 56 64 86
21 37 21 26 28 37
30 52 30 34 48 52
2 73 2 33 51 67 73
30 73 30 44 55 58 67 73
62 86 62 72 86
9 73 9 20 73
15 71 15 22 34 59 64 71
3 27 3 27
3 20 3 9 20
19 86 19 62 72 86
8 60 8 28 41 50 60
41 81 41 70 81
27 86 27 44 55 58 67 72 86
6 81 6 16 29 48 75 80 81
3 83 3 37 52 80 81 83
25 81 25 33 51 80 81
8 67 8 28 37 51 67
8 75 8 28 37 48 75
3 44 3 27 44
43 83 43 44 79 83
31 44 31 43 44
11 71 11 59 64 71
70 81 70 81
7 55 7 43 44 55
34 81 34 48 52 80 81
8 41 8 41
1 60 1 7 14 28 41 50 60
43 80 43 52 80
27 67 27 44 55 58 67
51 80 51 80
6 79 6 31 43 44 79
15 88 15 30 48 75 88
13 29 13 29
21 71 21 26 28 35 59 64 71
4 37 4 23 37
19 43 19 43
18 59 18 22 34 59
21 60 21 26 28 41 50 60
6 44 6 31 43 44
3 20 3 9 20
3 30 3 30
4 67 4 30 44 55 67
7 83 7 43 44 79 83
16 75 16 29 48 75
56 64 56 64
15 70 15 26 28 41 70
33 61 33 61
16 71 16 35 59 64 71
21 59 21 26 42 51 59
14 73 14 42 51 67 73
70 81 70 81
1 51 1 7 14 25 33 51
25 71 25 35 59 64 71
23 32 23 32
21 51 21 42 51
1 60 1 7 14 28 41 50 60
2 20 2 9 20
31 88 31 43 44 79 88
11 82 11 59 64 71 82
1 79 1 7 43 44 79
37 80 37 48 52 80
23 73 23 37 51 67 73
23 86 23 49 72 86
37 83 37 51 80 81 83
26 52 26 28 37 52
4 52 4 23 37 52
2 67 2 33 51 67
31 71 31 43 52 71
43 80 43 52 80
31 64 31 56 64
9 84 9 20 55 84
37 81 37 52 80 81
28 70 28 41 70
8 50 8 28 41 50
1 26 1 13 26
21 78 21 26 28 41 57 78
42 59 42 51 59
56 86 56 64 86
18 43 18 22 43
16 86 16 35 39 58 67 72 86
21 78 21 26 28 41 57 78
21 88 21 42 62 72 88
49 88 49 72 88
3 51 3 37 51
28 59 28 35 59
7 71 7 64 71
4 72 4 30 44 55 58 67 72
18 77 18 20 55 58 77
62 86 62 72 86
8 83 8 41 70 81 83
13 52 13 29 48 52
43 81 43 52 80 81
2 71 2 9 20 56 64 71
1 20 1 13 20
7 48 7 14 28 37 48
21 26 21 26
14 71 14 42 51 59 64 71
8 57 8 41 57
51 83 51 80 81 83
2 23 2 23
1 20 1 2 9 20
6 75 6 37 48 75
25 80 25 33 51 80
16 81 16 29 48 75 80 81
18 34 18 22 34
1 64 1 37 59 64
15 67 15 22 43 44 55 58 67
28 67 28 35 39 58 67
2 89 2 9 20 39 58 77 89
1 32 1 2 23 32
13 48 13 28 37 48
14 64 14 59 64
31 86 31 56 64 86
7 83 7 43 44 79 83
1 58 1 13 28 35 39 58
2 71 2 33 51 59 64 71
35 73 35 39 58 67 73
14 59 14 28 35 59
27 55 27 44 55
62 88 62 72 88
1 23 1 2 23
3 75 3 37 48 75
31 43 31 43
14 81 14 34 48 52 80 81
4 55 4 30 44 55
15 82 15 22 34 59 64 82
21 73 21 42 51 67 73
43 67 43 44 55 67
28 86 28 41 57 72 86
28 83 28 41 70 81 83
15 86 15 26 42 62 72 86
21 48 21 26 28 37 48
35 59 35 59
15 58 15 22 31 43 44 55 58
58 67 58 67
1 33 1 2 33
26 73 26 42 51 67 73
13 84 13 84
14 84 14 34 79 84
34 52 34 48 52
14 58 14 25 35 39 58
13 80 13 26 28 37 51 80
30 48 30 48
19 52 19 43 52
4 30 4 30
8 20 8 9 20
33 73 33 51 67 73
21 51 21 26 42 51
9 55 9 20 55
23 32 23 32
19 58 19 43 44 55 58
1 63 1 7 57 63
3 20 3 9 20
1 72 1 7 62 72
3 37 3 37
13 50 13 26 28 41 50
22 77 22 31 43 44 55 58 77
4 88 4 23 49 72 88
4 77 4 30 48 52 77
18 59 18 59
30 44 30 44
22 55 22 43 44 55
34 80 34 48 75 80
23 52 23 37 48 52
35 77 35 39 58 77
23 66 23 66
28 80 28 37 51 80
28 80 28 37 52 80
30 44 30 44
18 82 18 59 64 71 82
7 67 7 43 44 55 58 67
33 80 33 51 80
18 71 18 22 43 52 71
28 88 28 37 49 72 88
14 37 14 28 37
4 84 4 30 44 79 84
34 84 34 79 84
4 78 4 23 66 78
35 59 35 59
14 86 14 59 64 86
18 67 18 22 43 44 55 58 67
42 82 42 51 67 82
34 75 34 48 75
21 88 21 42 62 72 88
18 44 18 22 31 43 44
1 13 1 13
58 86 58 67 72 86
37 73 37 51 67 73
19 86 19 62 72 86
19 77 19 43 52 77
22 83 22 34 79 83
1 71 1 7 14 28 37 51 59 64 71
3 75 3 30 34 48 75
4 84 4 30 34 79 84
13 73 13 28 37 51 67 73
3 55 3 30 44 55
8 9 8 9
1 71 1 37 52 71
35 64 35 59 64
3 80 3 30 48 52 80
31 80 31 43 52 80
49 86 49 72 86
37 67 37 51 67
59 86 59 64 86
21 83 21 42 51 80 81 83
1 63 1 13 28 41 57 63
39 73 39 58 67 73
15 37 15 26 28 37
21 75 21 26 28 37 48 75
2 20 2 9 20
58 73 58 67 73
15 57 15 26 28 41 57
8 80 8 28 37 51 80
49 88 49 72 88
23 80 23 37 48 52 80
3 34 3 30 34
26 86 26 42 62 72 86
30 52 30 48 52
1 57 1 13 28 41 57
22 59 22 34 59
26 73 26 42 51 67 73
2 81 2 23 37 48 52 80 81
18 44 18 22 43 44
3 34 3 30 34
15 75 15 30 34 48 75
25 73 25 33 51 67 73
14 60 14 28 41 50 60
31 88 31 43 44 55 67 72 88
2 82 2 82
2 75 2 23 37 48 75
6 48 6 37 48
33 86 33 51 86
20 67 20 55 67
8 48 8 28 37 48
1 79 1 7 43 44 79
2 55 2 9 20 55
8 75 8 28 37 48 75
33 81 33 51 80 81
21 70 21 26 28 41 70
15 75 15 26 28 37 48 75
27 73 27 44 55 58 67 73
22 88 22 34 48 88
37 75 37 48 75
7 79 7 14 34 79
1 88 1 37 49 72 88
43 67 43 44 55 67
22 89 22 43 44 79 84 89
8 72 8 62 72
15 37 15 26 28 37
1 20 1 13 20
21 72 21 26 28 41 49 72
22 86 22 43 44 55 58 67 72 86
8 75 8 28 37 48 75
11 86 11 59 64 86
15 82 15 30 48 52 71 82
6 83 6 16 29 48 75 80 81 83
28 72 28 35 39 58 67 72
4 48 4 23 37 48
1 48 1 37 48
1 9 1 2 9
51 71 51 59 64 71
2 58 2 9 20 39 58
13 52 13 29 48 52
38 89 38 89
1 79 1 7 43 44 79
1 60 1 7 14 28 41 50 60
23 80 23 37 51 80
13 75 13 28 37 48 75
7 48 7 14 28 37 48
51 73 51 67 73
23 86 23 37 52 64 86
21 81 21 42 51 80 81
41 83 41 70 81 83
43 44 43 44
33 83 33 51 80 81 83
37 83 37 51 80 81 83
2 9 2 9
21 75 21 26 28 37 48 75
4 70 4 70
13 67 13 26 42 51 67
18 88 18 20 88
19 79 19 43 44 79
4 81 4 23 37 48 75 80 81
41 81 41 70 81
8 81 8 41 70 81
34 48 34 48
15 37 15 26 28 37
35 71 35 59 64 71
18 58 18 20 55 58
31 80 31 43 52 80
2 83 2 33 51 80 81 83
3 78 3 27 78
4 51 4 23 37 51
8 82 8 28 37 48 75 82
4 72 4 30 44 55 67 72
22 59 22 34 59
11 71 11 59 64 71
3 37 3 37
18 80 18 22 34 48 52 80
3 83 3 27 79 83
19 43 19 43
31 55 31 43 44 55
37 75 37 48 75
31 72 31 43 44 55 58 67 72
3 88 3 27 88
2 55 2 9 20 55
26 83 26 28 37 51 80 81 83
21 51 21 26 42 51
8 75 8 28 37 48 75
7 81 7 43 52 80 81
58 73 58 67 73
35 82 35 39 58 67 82
13 84 13 20 55 84
6 48 6 16 29 48
3 58 3 27 44 55 58
14 34 14 34
8 57 8 28 41 57
19 73 19 43 44 55 58 67 73
22 82 22 34 48 75 82
39 89 39 58 77 89
27 86 27 44 55 67 72 86
23 80 23 37 52 80
23 52 23 37 52
1 86 1 2 23 49 72 86
31 43 31 43
22 82 22 43 44 55 58 67 82
8 48 8 28 37 48
28 37 28 37
6 48 6 37 48
11 89 11 59 89
43 55 43 44 55
27 79 27 44 79
14 48 14 34 48
37 67 37 51 67
1 55 1 7 43 44 55
8 48 8 28 37 48
59 86 59 64 86
16 83 16 29 48 75 80 81 83
30 52 30 34 48 52
31 44 31 43 44
21 51 21 42 51
43 80 43 52 80
23 48 23 37 48
8 52 8 28 37 52
1 66 1 2 23 66
13 67 13 20 55 67
21 80 21 42 51 80
31 52 31 43 52
14 59 14 42 51 59
28 48 28 37 48
21 73 21 58 67 73
14 37 14 28 37
14 86 14 25 33 51 86
31 77 31 43 44 55 58 77
14 81 14 28 41 70 81
4 37 4 23 37
1 23 1 2 23
19 80 19 43 52 80
22 67 22 31 43 44 55 58 67
15 63 15 26 28 41 63
2 84 2 9 20 55 84
19 58 19 43 44 55 58
64 71 64 71
28 88 28 41 49 72 88
31 83 31 43 44 79 83
28 80 28 37 52 80
14 88 14 28 41 57 72 88
28 50 28 41 50
72 86 72 86
2 9 2 9
21 83 21 26 28 41 70 81 83
14 70 14 28 41 70
33 61 33 61
15 34 15 30 34
28 52 28 37 48 52
31 64 31 43 52 64
13 71 13 26 42 51 59 64 71
19 71 19 43 52 64 71
11 59 11 59
8 9 8 9
14 73 14 42 51 67 73
7 71 7 64 71
14 64 14 42 51 59 64
1 89 1 2 23 37 48 52 77 89
15 57 15 26 28 41 57
7 50 7 14 28 41 50
7 84 7 43 44 84
9 67 9 20 39 58 67
31 82 31 43 52 64 82
28 48 28 37 48
35 86 35 39 58 67 72 86
26 75 26 28 37 48 75
15 41 15 26 28 41
31 79 31 43 44 79
23 75 23 37 48 75
18 71 18 59 64 71
11 89 11 59 89
19 71 19 56 64 71
18 64 18 22 43 52 64
2 71 2 56 64 71
41 86 41 57 72 86
62 86 62 72 86
22 52 22 31 43 52
23 71 23 37 59 64 71
22 58 22 31 43 44 55 58
3 59 3 30 34 59
27 86 27 44 55 58 67 72 86
43 80 43 52 80
21 80 21 42 51 80
22 34 22 34
22 88 22 43 44 79 88
1 13 1 13
34 81 34 48 75 80 81
31 80 31 43 52 80
43 83 43 52 80 81 83
37 67 37 51 67
2 61 2 33 61
58 73 58 67 73
34 81 34 48 52 80 81
8 88 8 62 72 88
59 71 59 64 71
59 86 59 64 86
7 86 7 62 72 86
1 82 1 2 9 71 82
14 89 14 28 35 59 89
28 57 28 41 57
15 81 15 26 28 37 48 75 80 81
13 71 13 20 56 64 71
1 33 1 7 14 25 33
15 44 15 22 31 43 44
18 82 18 20 39 58 67 82
22 67 22 31 43 44 55 67
26 83 26 28 37 51 80 81 83
13 73 13 20 39 58 67 73
62 88 62 72 88
15 41 15 26 28 41
25 81 25 33 51 80 81
21 82 21 58 67 82
2 73 2 23 37 51 67 73
42 81 42 51 80 81
15 78 15 26 28 41 57 78
16 81 16 29 48 75 80 81
15 77 15 30 34 48 52 77
22 67 22 43 44 55 58 67
22 88 22 31 43 44 79 88
30 79 30 44 79
62 72 62 72
22 73 22 31 43 44 55 67 73
6 80 6 37 51 80
26 50 26 28 41 50
14 71 14 34 59 64 71
28 72 28 41 49 72
56 71 56 64 71
23 52 23 37 48 52
1 59 1 37 51 59
43 80 43 52 80
4 48 4 23 37 48
13 73 13 26 42 51 67 73
26 48 26 28 37 48
14 25 14 25
1 66 1 2 23 66
18 82 18 22 31 43 52 64 82
51 86 51 86
21 70 21 26 28 41 70
4 48 4 30 34 48
1 37 1 13 26 28 37
7 67 7 14 25 35 39 58 67
8 63 8 41 57 63
14 89 14 34 59 89
51 83 51 80 81 83
25 83 25 79 83
31 81 31 43 52 80 81
22 83 22 34 48 52 80 81 83
3 80 3 30 34 48 52 80
30 52 30 48 52
28 58 28 35 39 58
19 81 19 43 52 80 81
16 29 16 29
18 82 18 59 64 82
28 63 28 41 63
21 60 21 26 28 41 50 60
18 20 18 20
23 73 23 37 51 67 73
15 58 15 26 28 35 39 58
56 86 56 64 86
1 25 1 7 14 25
33 81 33 51 80 81
6 44 6 31 43 44
19 55 19 43 44 55
21 26 21 26
1 66 1 2 23 66
31 44 31 43 44
39 77 39 58 77
14 52 14 34 48 52
1 13 1 13
1 78 1 7 57 78
14 57 14 28 41 57
30 67 30 44 55 67
4 70 4 70
33 80 33 51 80
3 73 3 27 44 55 67 73
42 59 42 51 59
8 72 8 62 72
4 73 4 23 37 51 67 73
2 83 2 33 51 80 81 83
20 86 20 55 58 67 72 86
14 83 14 42 51 80 81 83
30 79 30 34 79
1 66 1 2 23 66
28 86 28 37 59 64 86
8 67 8 9 20 39 58 67
18 34 18 22 34
15 34 15 30 34
21 75 21 26 28 37 48 75
35 77 35 39 58 77
21 26 21 26
11 71 11 59 64 71
8 20 8 9 20
18 48 18 22 34 48
42 82 42 51 59 64 82
21 37 21 26 28 37
3 9 3 9
7 44 7 43 44
7 48 7 14 28 37 48
19 43 19 43
2 73 2 23 37 51 67 73
8 73 8 28 35 39 58 67 73
30 73 30 44 55 58 67 73
14 33 14 25 33
2 51 2 33 51
21 78 21 26 28 41 57 78
3 48 3 30 48
4 70 4 70
14 48 14 28 37 48
30 80 30 34 48 75 80
43 86 43 52 64 86
1 29 1 13 29
15 80 15 26 42 51 80
13 86 13 28 41 49 72 86
64 86 64 86
25 83 25 33 51 80 81 83
43 55 43 44 55
19 43 19 43
1 73 1 7 43 44 55 58 67 73
1 78 1 78
31 81 31 43 52 80 81
8 37 8 28 37
23 71 23 37 52 64 71
19 77 19 43 52 77
4 55 4 30 44 55
14 71 14 59 64 71
37 80 37 48 75 80
4 44 4 30 44
6 29 6 16 29
20 71 20 56 64 71
31 43 31 43
21 58 21 26 28 35 39 58
14 48 14 34 48
1 51 1 37 51
64 86 64 86
18 82 18 59 64 71 82
15 30 15 30
18 77 18 20 39 58 77
15 50 15 26 28 41 50
21 52 21 26 28 37 52
3 79 3 30 34 79
19 86 19 62 72 86
8 82 8 41 50 82
1 34 1 7 14 34
2 67 2 33 51 67
22 81 22 34 48 75 80 81
28 77 28 35 39 58 77
22 84 22 31 43 44 84
1 7 1 7
14 78 14 28 41 57 78
8 52 8 28 37 48 52
18 79 18 22 34 79
4 82 4 23 37 48 75 82
4 70 4 70
64 71 64 71
15 75 15 26 28 37 48 75
18 73 18 20 55 58 67 73
4 44 4 30 44
15 55 15 22 31 43 44 55
58 86 58 67 72 86
3 67 3 9 20 55 67
2 77 2 9 20 39 58 77
59 86 59 64 86
14 63 14 28 41 57 63
18 44 18 22 43 44
15 30 15 30
28 67 28 37 51 67
33 83 33 51 80 81 83
4 77 4 30 34 48 52 77
19 80 19 43 52 80
7 80 7 43 52 80
1 75 1 13 28 37 48 75
34 83 34 48 52 80 81 83
43 80 43 52 80
14 33 14 25 33
27 86 27 44 55 67 72 86
1 86 1 39 58 67 72 86
1 26 1 13 26
35 77 35 39 58 77
8 73 8 28 37 51 67 73
4 89 4 30 48 52 77 89
15 72 15 30 44 55 67 72
6 79 6 31 43 44 79
19 79 19 43 44 79
3 86 3 27 44 55 67 72 86
15 41 15 26 28 41
26 50 26 28 41 50
31 88 31 43 44 55 67 72 88
8 37 8 28 37
13 86 13 26 28 41 57 72 86
3 78 3 27 78
3 55 3 27 44 55
15 59 15 30 34 59
37 86 37 51 86
2 66 2 23 66
58 86 58 67 72 86
3 9 3 9
18 79 18 22 31 43 44 79
1 63 1 13 26 28 41 57 63
34 83 34 48 75 80 81 83
11 59 11 59
7 84 7 14 25 79 84
34 79 34 79
8 71 8 9 71
3 72 3 9 62 72
31 84 31 43 44 79 84
14 37 14 28 37
51 81 51 80 81
1 37 1 2 23 37
58 67 58 67
22 79 22 43 44 79
4 80 4 30 48 52 80
26 50 26 28 41 50
14 67 14 25 33 51 67
28 73 28 37 51 67 73
43 67 43 44 55 67
16 71 16 29 48 52 64 71
14 75 14 28 37 48 75
19 72 19 43 44 55 67 72
39 67 39 58 67
15 82 15 26 28 35 39 58 67 82
3 64 3 9 20 56 64
26 52 26 28 37 52
16 29 16 29
19 43 19 43
15 37 15 26 28 37
31 82 31 43 52 71 82
43 44 43 44
1 57 1 7 14 28 41 57
18 81 18 22 31 43 52 80 81
19 55 19 43 44 55
27 86 27 44 55 67 72 86
6 29 6 16 29
42 82 42 51 67 82
11 59 11 59
1 61 1 7 14 25 33 61
18 72 18 22 31 43 44 55 67 72
1 20 1 13 20
8 41 8 28 41
30 86 30 48 52 64 86
2 61 2 33 61
62 86 62 72 86
18 78 18 20 40 78
18 82 18 59 64 71 82
70 81 70 81
2 33 2 33
64 71 64 71
1 84 1 7 14 34 79 84
15 72 15 30 44 55 58 67 72
1 89 1 2 33 51 59 89
58 73 58 67 73
28 63 28 41 63
2 67 2 23 37 51 67
51 81 51 80 81
26 80 26 28 37 52 80
4 67 4 30 44 55 58 67
26 75 26 28 37 48 75
21 37 21 26 28 37
41 86 41 57 72 86
22 71 22 34 48 52 64 71
20 55 20 55
2 83 2 23 37 51 80 81 83
18 78 18 20 40 78
14 25 14 25
8 64 8 9 20 56 64
4 23 4 23
3 30 3 30
56 71 56 64 71
13 55 13 20 55
22 80 22 34 48 75 80
6 52 6 37 48 52
35 71 35 59 64 71
14 60 14 28 41 50 60
15 71 15 26 28 37 52 64 71
58 73 58 67 73
28 58 28 35 39 58
70 81 70 81
15 57 15 26 28 41 57
1 57 1 13 26 28 41 57
22 72 22 43 44 55 67 72
34 81 34 48 75 80 81
26 83 26 42 51 80 81 83
42 73 42 51 67 73
7 80 7 14 42 51 80
34 79 34 79
7 75 7 14 28 37 48 75
16 48 16 29 48
21 81 21 42 51 80 81
15 67 15 22 43 44 55 67
21 64 21 42 51 59 64
43 86 43 52 64 86
21 51 21 26 42 51
34 83 34 79 83
15 73 15 30 44 55 58 67 73
7 71 7 43 52 71
42 73 42 51 67 73
1 88 1 49 72 88
4 51 4 23 37 51
19 55 19 43 44 55
21 88 21 58 67 72 88
31 77 31 43 44 55 58 77
3 55 3 9 20 55
35 73 35 39 58 67 73
6 83 6 37 48 52 80 81 83
22 75 22 34 48 75
2 88 2 33 49 72 88
30 75 30 34 48 75
25 79 25 79
30 75 30 34 48 75
4 71 4 30 34 48 52 71
28 77 28 35 39 58 77
6 79 6 31 43 44 79
58 67 58 67
28 64 28 37 52 64
21 86 21 42 62 72 86
14 89 14 25 38 89
49 72 49 72
22 52 22 43 52
30 84 30 44 79 84
7 86 7 62 72 86
31 81 31 43 52 80 81
8 67 8 28 37 51 67
42 82 42 51 59 64 71 82
28 70 28 41 70
3 84 3 9 20 55 84
43 71 43 52 64 71
26 48 26 28 37 48
21 89 21 42 51 59 89
1 80 1 2 33 51 80
43 86 43 44 55 58 67 72 86
56 71 56 64 71
1 72 1 7 57 72
2 71 2 56 64 71
27 86 27 44 55 58 67 72 86
62 88 62 72 88
40 78 40 78
85 88 85 88
25 61 25 33 61
20 67 20 39 58 67
37 67 37 51 67
23 48 23 37 48
19 64 19 43 52 64
7 50 7 14 28 41 50
37 71 37 59 64 71
28 64 28 64
4 70 4 70
27 73 27 44 55 67 73
31 58 31 43 44 55 58
2 71 2 33 51 59 64 71
31 83 31 43 52 80 81 83
1 60 1 13 26 28 41 50 60
30 55 30 44 55
39 88 39 58 67 72 88
8 77 8 9 20 39 58 77
14 51 14 42 51
51 81 51 80 81
2 86 2 23 49 72 86
15 34 15 22 34
18 72 18 22 43 44 55 67 72
42 67 42 51 67
31 77 31 43 52 77
26 48 26 28 37 48
1 26 1 13 26
18 71 18 20 56 64 71
25 71 25 35 59 64 71
15 50 15 26 28 41 50
6 75 6 16 29 48 75
13 73 13 26 73
4 48 4 30 48
4 88 4 49 72 88
1 80 1 2 23 37 48 52 80
22 72 22 31 43 44 55 58 67 72
37 83 37 48 52 80 81 83
1 13 1 13
6 67 6 37 51 67
6 71 6 31 43 52 64 71
18 75 18 22 34 48 75
1 37 1 7 14 28 37
41 86 41 49 72 86
11 71 11 59 64 71
3 51 3 37 51
33 80 33 51 80
7 83 7 14 25 79 83
3 86 3 9 62 72 86
22 80 22 34 48 75 80
28 57 28 41 57
1 26 1 13 26
14 88 14 25 85 88
23 80 23 37 51 80
1 71 1 37 51 59 64 71
43 81 43 52 80 81
1 86 1 37 48 52 64 86
15 43 15 22 31 43
6 81 6 37 51 80 81
18 58 18 22 43 44 55 58
37 75 37 48 75
35 89 35 59 89
31 72 31 43 44 55 58 67 72
16 83 16 29 48 75 80 81 83
22 89 22 34 59 89
42 64 42 51 59 64
8 20 8 9 20
14 41 14 28 41
14 60 14 28 41 50 60
15 30 15 30
19 55 19 43 44 55
9 71 9 71
2 20 2 9 20
25 80 25 33 51 80
1 78 1 7 57 78
1 20 1 2 9 20
11 86 11 59 64 86
8 60 8 41 50 60
39 86 39 58 67 72 86
43 55 43 44 55
16 29 16 29
3 30 3 30
3 72 3 37 72
19 64 19 43 52 64
22 59 22 34 59
16 48 16 29 48
18 55 18 20 55
8 89 8 9 20 55 58 77 89
3 67 3 30 44 55 67
42 83 42 51 80 81 83
14 77 14 28 35 39 58 77
27 86 27 44 55 58 67 72 86
8 58 8 28 35 39 58
6 86 6 16 35 39 58 67 72 86
33 71 33 51 59 64 71
1 66 1 2 23 66
14 48 14 28 37 48
18 81 18 22 34 48 52 80 81
1 57 1 13 26 28 41 57
28 78 28 41 57 78
42 89 42 51 59 89
6 83 6 16 29 48 75 80 81 83
49 86 49 72 86
8 55 8 9 20 55
37 73 37 51 67 73
1 73 1 7 14 25 35 39 58 67 73
26 71 26 42 51 59 64 71
42 83 42 51 80 81 83
14 73 14 28 35 39 58 67 73
2 82 2 9 71 82
28 75 28 37 48 75
14 51 14 25 33 51
6 55 6 31 43 44 55
3 78 3 9 20 40 78
18 71 18 59 64 71
31 86 31 56 64 86
31 67 31 43 44 55 58 67
14 78 14 28 41 57 78
14 25 14 25
58 67 58 67
4 78 4 23 66 78
28 89 28 37 59 89
8 71 8 9 20 56 64 71
1 43 1 7 43
18 34 18 22 34
13 55 13 20 55
4 58 4 30 44 55 58
2 66 2 23 66
1 58 1 2 9 20 55 58
22 43 22 43
22 48 22 34 48
2 51 2 23 37 51
37 48 37 48
42 86 42 62 72 86
33 67 33 51 67
15 86 15 26 28 41 57 72 86
28 86 28 41 49 72 86
33 67 33 51 67
31 43 31 43
2 88 2 23 49 72 88
26 80 26 28 37 52 80
43 71 43 52 64 71
31 89 31 43 52 77 89
28 58 28 35 39 58
6 83 6 31 43 52 80 81 83
22 34 22 34
6 55 6 31 43 44 55
14 25 14 25
21 48 21 26 28 37 48
15 77 15 26 28 37 48 52 77
28 37 28 37
13 55 13 20 55
35 59 35 59
18 48 18 22 34 48
38 89 38 89
37 71 37 48 52 71
7 79 7 14 34 79
16 81 16 29 48 52 80 81
18 43 18 22 43
1 77 1 37 52 77
30 67 30 44 55 58 67
13 71 13 29 48 52 71
62 86 62 72 86
26 83 26 28 41 70 81 83
27 44 27 44
7 84 7 43 44 84
18 75 18 22 34 48 75
13 75 13 26 28 37 48 75
58 73 58 67 73
2 48 2 23 37 48
1 60 1 13 60
14 77 14 28 77
1 78 1 78
31 81 31 43 52 80 81
8 72 8 9 20 39 58 67 72
30 44 30 44
8 75 8 28 37 48 75
1 7 1 7
8 58 8 28 35 39 58
14 67 14 42 51 67
22 83 22 43 44 79 83
35 89 35 59 89
28 86 28 41 49 72 86
1 63 1 13 28 41 57 63
30 75 30 48 75
18 59 18 59
28 41 28 41
8 20 8 9 20
27 73 27 44 55 67 73
15 89 15 26 28 77 89
19 83 19 43 52 80 81 83
23 71 23 37 59 64 71
28 80 28 37 52 80
22 75 22 34 48 75
26 73 26 73
33 67 33 51 67
8 78 8 9 20 40 78
21 81 21 42 51 80 81
1 9 1 2 9
19 77 19 43 52 77
18 79 18 22 34 79
42 51 42 51
26 86 26 42 51 59 64 86
40 78 40 78
23 80 23 37 48 75 80
15 73 15 30 44 55 58 67 73
21 26 21 26
42 89 42 51 59 89
11 59 11 59
3 58 3 27 44 55 58
23 71 23 37 52 71
4 55 4 30 44 55
18 64 18 22 31 56 64
19 83 19 43 44 79 83
9 86 9 62 72 86
16 80 16 29 48 75 80
31 86 31 56 64 86
4 48 4 30 34 48
8 55 8 9 20 55
22 71 22 34 59 64 71
19 89 19 38 89
1 73 1 37 51 67 73
42 73 42 51 67 73
23 52 23 37 48 52
4 84 4 30 34 79 84
2 59 2 23 37 51 59
37 75 37 48 75
15 67 15 22 31 43 44 55 58 67
1 75 1 13 26 28 37 48 75
1 32 1 2 23 32
2 78 2 33 78
2 33 2 33
4 89 4 23 37 52 77 89
8 59 8 28 37 59
8 64 8 9 20 56 64
3 67 3 30 44 55 58 67
23 83 23 37 51 80 81 83
15 80 15 26 28 37 52 80
31 80 31 43 52 80
21 75 21 26 28 37 48 75
59 71 59 64 71
1 63 1 7 57 63
6 52 6 37 48 52
28 57 28 41 57
1 75 1 13 26 28 37 48 75
19 73 19 43 44 55 58 67 73
33 81 33 51 80 81
19 55 19 43 44 55
25 61 25 33 61
3 75 3 30 34 48 75
3 81 3 37 48 75 80 81
23 73 23 37 51 67 73
9 71 9 71
14 63 14 25 63
56 82 56 82
56 82 56 82
8 72 8 62 72
25 71 25 35 59 64 71
35 72 35 39 58 67 72
15 55 15 22 31 43 44 55
31 72 31 43 44 55 58 67 72
18 83 18 22 43 44 79 83
21 83 21 42 51 80 81 83
22 59 22 34 59
34 75 34 48 75
4 52 4 30 34 48 52
14 41 14 28 41
19 67 19 43 44 55 58 67
7 84 7 43 44 79 84
22 77 22 34 48 52 77
28 83 28 41 70 81 83
22 77 22 31 43 44 55 58 77
11 82 11 59 64 82
11 59 11 59
7 61 7 14 25 33 61
31 72 31 43 44 55 58 67 72
4 37 4 23 37
1 41 1 13 28 41
14 58 14 25 35 39 58
25 80 25 33 51 80
2 55 2 9 20 55
23 75 23 37 48 75
18 88 18 22 43 44 79 88
3 89 3 37 52 77 89
1 82 1 37 48 75 82
14 25 14 25
4 37 4 23 37
7 67 7 14 42 51 67
19 79 19 43 44 79
21 37 21 26 28 37
58 73 58 67 73
28 67 28 37 51 67
18 86 18 20 56 64 86
28 80 28 37 52 80
1 43 1 7 43
18 78 18 20 40 78
18 34 18 22 34
35 59 35 59
19 72 19 43 44 55 67 72
14 73 14 42 51 67 73
22 67 22 43 44 55 67
11 59 11 59
27 84 27 44 84
3 34 3 30 34
19 77 19 43 44 55 58 77
22 44 22 31 43 44
9 71 9 20 56 64 71
8 67 8 28 37 51 67
3 20 3 9 20
8 77 8 28 37 52 77
35 77 35 39 58 77
27 55 27 44 55
18 58 18 20 55 58
43 44 43 44
1 81 1 7 14 28 41 70 81
15 82 15 22 43 44 55 58 67 82
1 37 1 13 28 37
3 55 3 9 20 55
15 75 15 22 34 48 75
7 81 7 43 52 80 81
25 61 25 33 61
7 86 7 62 72 86
6 52 6 31 43 52
22 80 22 31 43 52 80
8 50 8 28 41 50
42 88 42 51 67 72 88
22 67 22 43 44 55 67
41 86 41 49 72 86
19 73 19 43 44 55 58 67 73
21 51 21 26 42 51
3 20 3 9 20
1 84 1 13 84
1 75 1 37 48 75
15 48 15 22 34 48
26 75 26 28 37 48 75
28 83 28 41 70 81 83
8 63 8 28 41 57 63
8 71 8 28 37 52 64 71
13 80 13 29 48 75 80
4 70 4 70
18 83 18 22 43 44 79 83
26 73 26 28 35 39 58 67 73
49 88 49 72 88
33 83 33 51 80 81 83
25 73 25 33 51 67 73
6 75 6 16 29 48 75
15 52 15 22 31 43 52
28 89 28 35 39 58 77 89
22 72 22 43 44 55 67 72
23 81 23 37 51 80 81
22 48 22 34 48
2 71 2 9 20 56 64 71
35 72 35 39 58 67 72
27 83 27 44 79 83
37 81 37 52 80 81
11 71 11 59 64 71
9 67 9 20 55 58 67
7 44 7 43 44
3 9 3 9
8 86 8 41 57 72 86
18 64 18 20 56 64
51 73 51 67 73
14 77 14 34 48 52 77
3 48 3 30 48
3 27 3 27
8 82 8 28 41 70 82
22 71 22 31 43 52 71
30 67 30 44 55 58 67
43 73 43 44 55 67 73
37 71 37 59 64 71
16 83 16 29 48 75 80 81 83
8 72 8 9 20 55 67 72
37 71 37 48 52 71
23 66 23 66
23 86 23 37 51 59 64 86
13 81 13 29 48 52 80 81
13 71 13 29 48 52 71
41 83 41 70 81 83
1 70 1 13 28 41 70
39 72 39 58 67 72
19 80 19 43 52 80
30 44 30 44
22 84 22 31 43 44 84
13 29 13 29
11 86 11 59 64 86
15 30 15 30
39 72 39 58 67 72
15 70 15 26 28 41 70
27 83 27 79 83
3 83 3 27 79 83
6 81 6 37 48 75 80 81
22 77 22 34 48 52 77
58 67 58 67
14 64 14 28 37 52 64
25 67 25 33 51 67
37 81 37 51 80 81
21 37 21 26 28 37
37 75 37 48 75
31 79 31 43 44 79
14 48 14 34 48
70 83 70 81 83
21 58 21 58
15 51 15 26 42 51
6 79 6 31 43 44 79
23 67 23 37 51 67
7 71 7 43 52 64 71
14 71 14 59 64 71
20 55 20 55
22 67 22 43 44 55 58 67
14 84 14 34 79 84
2 78 2 9 20 40 78
43 80 43 52 80
8 59 8 28 37 51 59
14 70 14 28 41 70
4 52 4 30 34 48 52
42 73 42 51 67 73
14 51 14 28 37 51
34 83 34 48 75 80 81 83
33 73 33 51 67 73
6 80 6 31 43 52 80
14 50 14 28 41 50
18 43 18 22 43
8 82 8 9 20 55 58 67 82
8 51 8 28 37 51
56 86 56 64 86
21 82 21 42 51 59 64 82
56 64 56 64
8 75 8 28 37 48 75
18 67 18 20 39 58 67
3 86 3 27 44 55 67 72 86
1 89 1 39 58 77 89
1 52 1 7 43 52
4 82 4 30 48 75 82
31 80 31 43 52 80
15 82 15 22 31 43 52 64 82
21 63 21 26 28 41 63
21 73 21 58 67 73
23 83 23 37 51 80 81 83
41 50 41 50
39 89 39 58 77 89
16 29 16 29
8 58 8 9 20 55 58
39 88 39 58 67 72 88
30 52 30 34 48 52
22 44 22 31 43 44
2 32 2 23 32
19 80 19 43 52 80
9 55 9 20 55
21 88 21 26 28 37 49 72 88
26 75 26 28 37 48 75
28 64 28 37 51 59 64
1 43 1 7 43
15 73 15 26 42 51 67 73
3 51 3 37 51
8 83 8 41 70 81 83
41 50 41 50
56 86 56 64 86
8 83 8 41 70 81 83
28 64 28 35 59 64
3 20 3 9 20
22 80 22 31 43 52 80
28 83 28 37 48 52 80 81 83
27 44 27 44
7 81 7 43 52 80 81
35 67 35 39 58 67
26 73 26 73
6 44 6 31 43 44
28 67 28 35 39 58 67
23 52 23 37 52
15 37 15 26 28 37
22 44 22 31 43 44
28 77 28 37 77
18 89 18 59 89
4 71 4 23 37 52 64 71
27 79 27 44 79
42 80 42 51 80
18 77 18 22 31 43 44 55 58 77
1 79 1 7 43 44 79
15 84 15 22 31 43 44 79 84
15 50 15 26 28 41 50
70 83 70 81 83
6 80 6 31 43 52 80
30 52 30 48 52
28 81 28 37 52 80 81
2 9 2 9
8 70 8 41 70
11 59 11 59
21 52 21 26 28 37 52
37 48 37 48
28 48 28 37 48
30 55 30 44 55
14 71 14 42 51 59 64 71
2 59 2 33 51 59
4 30 4 30
8 41 8 28 41
43 52 43 52
27 55 27 44 55
7 75 7 14 34 48 75
3 67 3 37 51 67
22 71 22 34 59 64 71
2 71 2 9 20 56 64 71
25 71 25 35 59 64 71
4 86 4 23 37 49 72 86
9 84 9 20 55 84
14 84 14 34 79 84
1 7 1 7
21 50 21 26 28 41 50
42 59 42 51 59
30 79 30 44 79
30 71 30 48 52 71
3 77 3 37 77
31 80 31 43 52 80
1 48 1 2 23 37 48
8 84 8 9 20 55 84
34 79 34 79
33 67 33 51 67
4 55 4 30 44 55
21 89 21 42 51 59 89
13 50 13 26 28 41 50
41 86 41 57 72 86
2 66 2 23 66
70 81 70 81
42 64 42 51 59 64
2 64 2 56 64
3 86 3 37 59 64 86
3 9 3 9
28 71 28 64 71
19 58 19 43 44 55 58
35 71 35 59 64 71
8 82 8 9 71 82
34 48 34 48
15 89 15 30 48 52 77 89
2 59 2 33 51 59
35 59 35 59
6 48 6 16 29 48
19 43 19 43
35 71 35 59 64 71
41 83 41 70 81 83
41 50 41 50
62 72 62 72
51 86 51 86
30 79 30 34 79
30 71 30 48 52 71
18 82 18 59 64 71 82
15 55 15 30 44 55
3 59 3 30 34 59
7 75 7 14 34 48 75
7 48 7 14 28 37 48
21 89 21 42 51 59 89
19 44 19 43 44
7 52 7 43 52
23 73 23 37 51 67 73
8 75 8 28 37 48 75
28 57 28 41 57
35 73 35 39 58 67 73
8 51 8 28 37 51
26 81 26 42 51 80 81
19 84 19 43 44 55 84
35 64 35 59 64
21 60 21 26 28 41 50 60
8 50 8 41 50
23 67 23 37 51 67
6 67 6 16 35 39 58 67
1 70 1 13 26 28 41 70
25 79 25 79
8 63 8 28 41 57 63
1 20 1 2 9 20
23 48 23 37 48
4 78 4 23 66 78
18 72 18 20 39 58 67 72
18 20 18 20
26 52 26 28 37 52
22 64 22 34 59 64
13 81 13 26 28 37 52 80 81
8 80 8 28 37 52 80
35 59 35 59
28 80 28 37 52 80
18 89 18 20 39 58 77 89
3 64 3 9 20 56 64
39 86 39 58 67 72 86
11 71 11 59 64 71
14 86 14 25 62 72 86
14 34 14 34
3 34 3 30 34
14 80 14 42 51 80
15 88 15 26 28 41 49 72 88
22 81 22 31 43 52 80 81
19 88 19 62 72 88
28 86 28 37 52 64 86
39 73 39 58 67 73
26 73 26 28 35 39 58 67 73
16 67 16 35 39 58 67
4 48 4 30 34 48
28 60 28 41 50 60
31 79 31 43 44 79
15 89 15 26 28 77 89
4 89 4 23 66 77 89
6 71 6 71
4 55 4 30 44 55
23 48 23 37 48
31 82 31 56 82
4 66 4 23 66
56 86 56 64 86
8 55 8 9 20 55
23 86 23 37 59 64 86
28 75 28 37 48 75
19 71 19 43 52 64 71
4 84 4 30 34 79 84
28 52 28 37 48 52
1 67 1 13 26 28 37 51 67
16 81 16 29 48 75 80 81
34 84 34 79 84
2 59 2 23 37 51 59
42 67 42 51 67
4 37 4 23 37
19 82 19 56 64 71 82
4 52 4 23 37 52
25 73 25 33 51 67 73
1 73 1 39 58 67 73
18 73 18 22 31 43 44 55 67 73
23 83 23 37 48 52 80 81 83
8 80 8 28 37 51 80
42 67 42 51 67
21 89 21 42 51 59 89
6 71 6 71
26 80 26 28 37 52 80
19 43 19 43
28 83 28 37 52 80 81 83
3 81 3 37 48 75 80 81
3 79 3 30 34 79
26 48 26 28 37 48
22 89 22 43 44 55 84 89
42 81 42 51 80 81
2 86 2 33 51 86
56 64 56 64
23 83 23 37 52 80 81 83
26 52 26 28 37 52
22 82 22 43 52 64 82
3 86 3 27 44 55 58 67 72 86
6 52 6 31 43 52
38 89 38 89
28 58 28 35 39 58
14 59 14 28 35 59
8 55 8 9 20 55
28 88 28 41 57 72 88
6 83 6 16 29 48 75 80 81 83
15 72 15 22 31 43 44 55 67 72
34 84 34 79 84
19 73 19 43 44 55 58 67 73
21 37 21 26 28 37
23 81 23 37 48 52 80 81
8 89 8 9 20 39 58 77 89
31 84 31 43 44 84
30 80 30 34 48 52 80
7 79 7 14 34 79
27 83 27 79 83
34 48 34 48
15 60 15 26 28 41 50 60
13 84 13 84
7 48 7 14 34 48
1 29 1 13 29
19 80 19 43 52 80
25 84 25 79 84
1 7 1 7
2 71 2 9 71
3 20 3 9 20
3 89 3 30 48 52 77 89
42 67 42 51 67
8 59 8 28 35 59
1 75 1 2 23 37 48 75
8 60 8 41 50 60
3 72 3 27 44 55 58 67 72
16 48 16 29 48
43 73 43 44 55 67 73
19 79 19 43 44 79
1 71 1 2 33 51 59 64 71
22 71 22 43 52 71
8 73 8 9 20 39 58 67 73
21 59 21 26 28 37 59
21 57 21 26 28 41 57
1 71 1 13 20 56 64 71
19 71 19 43 52 71
56 86 56 64 86
14 63 14 28 41 63
21 80 21 26 42 51 80
9 55 9 20 55
9 73 9 20 55 67 73
3 73 3 30 44 55 67 73
8 78 8 41 57 78
2 52 2 23 37 52
58 73 58 67 73
7 55 7 43 44 55
39 58 39 58
1 60 1 7 14 28 41 50 60
39 89 39 58 77 89
8 81 8 28 37 52 80 81
41 81 41 70 81
14 78 14 25 40 78
37 73 37 51 67 73
1 51 1 2 23 37 51
18 77 18 22 34 48 52 77
4 34 4 30 34
35 73 35 39 58 67 73
58 73 58 67 73
18 67 18 22 31 43 44 55 67
39 89 39 58 77 89
7 55 7 43 44 55
2 37 2 23 37
49 72 49 72
21 60 21 26 28 41 50 60
14 72 14 28 41 57 72
13 67 13 26 42 51 67
31 64 31 56 64
18 73 18 22 31 43 44 55 67 73
59 71 59 64 71
21 88 21 26 28 35 39 58 67 72 88
43 52 43 52
3 79 3 27 44 79
8 60 8 41 50 60
14 60 14 28 41 50 60
1 44 1 7 43 44
21 50 21 26 28 41 50
14 48 14 34 48
11 71 11 59 64 71
1 55 1 2 9 20 55
43 84 43 44 84
16 52 16 29 48 52
1 59 1 7 14 34 59
7 71 7 64 71
28 88 28 41 49 72 88
6 67 6 31 43 44 55 58 67
8 41 8 28 41
21 41 21 26 28 41
9 73 9 20 73
7 55 7 43 44 55
8 82 8 9 71 82
11 89 11 59 89
31 71 31 43 52 71
42 81 42 51 80 81
72 86 72 86
16 86 16 29 48 52 64 86
16 48 16 29 48
4 89 4 23 37 77 89
25 79 25 79
30 73 30 44 55 58 67 73
3 48 3 30 48
25 79 25 79
2 88 2 33 51 67 72 88
3 58 3 27 44 55 58
15 50 15 26 28 41 50
31 82 31 43 52 71 82
13 71 13 28 37 51 59 64 71
4 86 4 49 72 86
3 83 3 37 51 80 81 83
3 73 3 30 44 55 58 67 73
14 77 14 34 48 52 77
11 64 11 59 64
23 67 23 37 51 67
1 63 1 7 14 28 41 63
6 55 6 31 43 44 55
51 81 51 80 81
2 78 2 9 20 40 78
20 86 20 55 58 67 72 86
51 80 51 80
43 80 43 52 80
4 58 4 30 44 55 58
4 71 4 30 48 52 71
18 48 18 22 34 48
7 50 7 14 28 41 50
3 84 3 27 44 55 84
11 71 11 59 64 71
28 81 28 41 70 81
2 78 2 78
18 84 18 20 55 84
2 84 2 9 20 55 84
13 84 13 20 55 84
13 50 13 28 41 50
33 86 33 51 86
1 79 1 7 43 44 79
6 52 6 37 52
22 86 22 43 52 64 86
21 72 21 26 28 37 72
2 20 2 9 20
34 71 34 48 52 64 71
31 83 31 43 52 80 81 83
43 73 43 44 55 67 73
14 64 14 42 51 59 64
21 57 21 26 28 41 57
22 79 22 34 79
27 55 27 44 55
8 73 8 28 37 51 67 73
6 83 6 31 43 44 79 83
2 81 2 23 37 48 75 80 81
8 71 8 9 71
4 66 4 23 66
15 60 15 26 28 41 50 60
31 86 31 43 52 64 86
23 73 23 37 51 67 73
14 60 14 28 41 50 60
1 25 1 7 14 25
18 34 18 22 34
19 86 19 56 64 86
34 79 34 79
15 77 15 30 48 52 77
1 88 1 39 58 67 72 88
3 59 3 30 34 59
8 77 8 28 37 48 52 77
31 83 31 43 44 79 83
15 84 15 22 31 43 44 55 84
22 67 22 31 43 44 55 58 67
8 71 8 9 20 56 64 71
9 84 9 20 55 84
4 75 4 23 37 48 75
1 67 1 2 33 51 67
8 20 8 9 20
1 77 1 37 48 52 77
16 81 16 29 48 75 80 81
2 33 2 33
28 82 28 64 82
15 43 15 22 31 43
15 67 15 22 43 44 55 67
2 66 2 23 66
6 86 6 31 43 44 55 58 67 72 86
58 73 58 67 73
22 88 22 34 48 88
31 80 31 43 52 80
28 70 28 41 70
1 50 1 13 28 41 50
7 55 7 43 44 55
15 41 15 26 28 41
42 88 42 51 67 72 88
62 86 62 72 86
22 81 22 34 48 52 80 81
30 84 30 34 79 84
8 81 8 41 70 81
33 83 33 51 80 81 83
43 83 43 44 79 83
15 43 15 22 31 43
51 73 51 67 73
19 72 19 43 44 55 58 67 72
26 52 26 28 37 52
62 72 62 72
28 73 28 35 39 58 67 73
4 82 4 30 44 55 67 82
8 41 8 28 41
42 51 42 51
3 84 3 9 20 55 84
33 81 33 51 80 81
14 64 14 25 33 51 59 64
35 82 35 39 58 67 82
34 79 34 79
7 61 7 14 25 33 61
22 75 22 34 48 75
22 64 22 31 43 52 64
8 77 8 9 20 39 58 77
20 55 20 55
19 88 19 43 44 79 88
1 26 1 13 26
1 82 1 39 58 67 82
7 75 7 14 34 48 75
2 48 2 23 37 48
4 77 4 23 66 77
27 73 27 44 55 58 67 73
2 59 2 23 37 59
15 82 15 22 34 48 52 64 71 82
1 66 1 2 23 66
15 88 15 22 34 48 75 88
1 13 1 13
13 71 13 26 42 51 59 64 71
28 83 28 37 51 80 81 83
1 52 1 37 48 52
1 75 1 37 48 75
23 81 23 37 48 52 80 81
37 80 37 51 80
4 70 4 70
43 81 43 52 80 81
9 84 9 20 55 84
21 73 21 42 51 67 73
14 58 14 28 35 39 58
23 66 23 66
31 71 31 56 64 71
31 84 31 43 44 55 84
34 52 34 48 52
1 64 1 37 59 64
31 64 31 43 52 64
27 73 27 44 55 58 67 73
22 44 22 31 43 44
3 84 3 30 44 84
23 80 23 37 51 80
4 30 4 30
14 80 14 42 51 80
31 88 31 43 44 55 58 67 72 88
26 80 26 42 51 80
4 67 4 30 44 55 58 67
8 72 8 62 72
19 55 19 43 44 55
7 79 7 43 44 79
15 51 15 26 28 37 51
28 41 28 41
37 48 37 48
20 86 20 56 64 86
3 37 3 37
33 73 33 51 67 73
3 48 3 37 48
14 77 14 34 48 52 77
1 64 1 13 28 37 59 64
2 84 2 9 20 55 84
43 81 43 52 80 81
2 88 2 9 62 72 88
15 43 15 22 31 43
18 73 18 22 31 43 44 55 67 73
8 9 8 9
15 71 15 30 34 48 52 71
43 83 43 44 79 83
28 75 28 37 48 75
14 70 14 28 41 70
42 82 42 51 67 82
19 72 19 62 72
15 81 15 30 34 48 52 80 81
6 84 6 31 43 44 79 84
14 80 14 34 48 75 80
4 66 4 23 66
13 83 13 26 28 41 70 81 83
18 59 18 59
30 75 30 48 75
23 48 23 37 48
28 52 28 37 52
2 51 2 33 51
30 71 30 34 59 64 71
28 80 28 37 51 80
3 75 3 30 48 75
1 55 1 13 20 55
8 67 8 28 35 39 58 67
39 72 39 58 67 72
4 75 4 30 48 75
31 43 31 43
2 9 2 9
14 67 14 42 51 67
31 80 31 43 52 80
31 82 31 56 82
1 57 1 7 14 28 41 57
22 52 22 34 48 52
49 88 49 72 88
51 67 51 67
31 72 31 43 44 55 67 72
15 57 15 26 28 41 57
39 86 39 58 67 72 86
7 48 7 14 34 48
8 51 8 28 37 51
2 64 2 23 37 52 64
30 79 30 44 79
19 88 19 43 44 79 88
4 83 4 30 34 48 75 80 81 83
22 84 22 34 79 84
14 89 14 28 35 39 58 77 89
1 58 1 39 58
2 37 2 23 37
14 63 14 25 63
19 89 19 38 89
34 83 34 79 83
16 71 16 35 59 64 71
7 81 7 43 52 80 81
31 71 31 56 64 71
70 81 70 81
27 79 27 79
1 26 1 13 26
11 86 11 59 64 86
18 72 18 22 43 44 55 67 72
2 77 2 9 20 39 58 77
18 89 18 22 43 44 55 58 77 89
22 84 22 34 79 84
1 82 1 37 48 75 82
2 55 2 9 20 55
30 67 30 44 55 58 67
35 89 35 39 58 77 89
4 32 4 23 32
21 78 21 26 28 41 57 78
6 75 6 16 29 48 75
19 77 19 43 44 55 58 77
8 75 8 28 37 48 75
3 27 3 27
22 75 22 34 48 75
4 67 4 30 44 55 67
3 88 3 30 44 79 88
21 48 21 26 28 37 48
57 86 57 72 86
21 63 21 26 28 41 63
31 44 31 43 44
7 84 7 43 44 79 84
18 72 18 22 43 44 55 67 72
1 83 1 13 83
21 58 21 58
30 73 30 44 55 67 73
3 80 3 37 52 80
4 81 4 30 48 52 80 81
13 73 13 26 42 51 67 73
3 82 3 37 48 52 71 82
21 71 21 42 51 59 64 71
15 81 15 22 34 48 75 80 81
2 75 2 23 37 48 75
14 71 14 25 35 59 64 71
51 83 51 80 81 83
58 73 58 67 73
4 86 4 49 72 86
19 58 19 43 44 55 58
9 71 9 20 56 64 71
13 55 13 20 55
1 64 1 2 9 20 56 64
1 13 1 13
4 84 4 30 44 79 84
34 86 34 48 52 64 86
14 63 14 25 63
16 75 16 29 48 75
56 64 56 64
21 80 21 42 51 80
3 80 3 30 48 75 80
3 82 3 30 34 48 52 64 71 82
3 77 3 9 20 55 58 77
1 51 1 13 26 28 37 51
22 86 22 34 48 52 64 86
8 70 8 28 41 70
34 83 34 79 83
4 52 4 30 34 48 52
42 67 42 51 67
7 79 7 14 34 79
43 55 43 44 55
4 23 4 23
8 77 8 28 37 48 52 77
2 83 2 33 51 80 81 83
6 79 6 31 43 44 79
51 73 51 67 73
19 71 19 43 52 64 71
30 75 30 48 75
4 32 4 23 32
34 80 34 48 75 80
13 80 13 28 37 52 80
39 77 39 58 77
22 64 22 34 48 52 64
7 80 7 43 52 80
22 86 22 43 52 64 86
7 84 7 43 44 79 84
2 83 2 23 37 48 52 80 81 83
19 73 19 43 44 55 67 73
21 88 21 26 28 37 72 88
14 86 14 28 35 59 64 86
19 55 19 43 44 55
19 82 19 82
1 66 1 2 23 66
14 79 14 25 79
27 84 27 79 84
21 73 21 26 73
18 48 18 22 34 48
4 70 4 70
4 83 4 70 81 83
3 55 3 27 44 55
20 84 20 55 84
3 84 3 9 20 55 84
28 57 28 41 57
2 48 2 23 37 48
14 84 14 34 79 84
30 79 30 34 79
1 79 1 7 43 44 79
4 83 4 30 44 79 83
15 83 15 26 42 51 80 81 83
1 23 1 2 23
31 73 31 43 44 55 67 73
28 59 28 37 59
4 70 4 70
7 71 7 43 52 64 71
21 41 21 26 28 41
8 73 8 9 20 73
30 86 30 44 55 58 67 72 86
18 64 18 59 64
6 80 6 16 29 48 75 80
7 73 7 14 28 35 39 58 67 73
15 89 15 26 42 51 59 89
39 88 39 58 67 72 88
19 80 19 43 52 80
23 52 23 37 52
1 66 1 2 23 66
15 89 15 30 34 48 52 77 89
22 71 22 34 48 52 71
8 59 8 28 37 59
15 79 15 30 44 79
6 48 6 37 48
26 81 26 42 51 80 81
21 86 21 58 67 72 86
8 57 8 28 41 57
31 81 31 43 52 80 81
35 71 35 59 64 71
19 67 19 43 44 55 67
21 51 21 26 28 37 51
22 34 22 34
11 88 11 88
39 58 39 58
1 63 1 7 57 63
18 75 18 22 34 48 75
8 80 8 28 37 51 80
28 70 28 41 70
18 86 18 22 43 52 64 86
19 89 19 38 89
3 71 3 30 48 52 64 71
64 86 64 86
19 80 19 43 52 80
30 83 30 48 75 80 81 83
1 81 1 7 14 28 41 70 81
4 23 4 23
27 67 27 44 55 67
31 81 31 43 52 80 81
4 66 4 23 66
22 59 22 34 59
1 82 1 13 26 42 51 59 64 82
30 48 30 48
1 29 1 13 29
4 44 4 30 44
14 64 14 25 35 59 64
34 71 34 59 64 71
4 52 4 23 37 52
41 86 41 49 72 86
15 86 15 30 44 55 67 72 86
28 72 28 41 49 72
21 77 21 58 77
33 71 33 51 59 64 71
1 79 1 7 14 34 79
31 79 31 43 44 79
13 80 13 26 42 51 80
22 55 22 43 44 55
8 82 8 9 20 39 58 67 82
6 83 6 37 52 80 81 83
19 58 19 43 44 55 58
21 81 21 26 42 51 80 81
15 43 15 22 31 43
4 32 4 23 32
26 81 26 42 51 80 81
3 73 3 37 51 67 73
26 50 26 28 41 50
37 48 37 48
31 73 31 43 44 55 67 73
28 71 28 37 52 64 71
26 75 26 28 37 48 75
2 86 2 9 62 72 86
8 51 8 28 37 51
25 80 25 33 51 80
4 59 4 30 34 59
51 71 51 59 64 71
28 64 28 35 59 64
14 67 14 28 37 51 67
4 51 4 23 37 51
8 48 8 28 37 48
35 64 35 59 64
23 67 23 37 51 67
6 83 6 16 29 48 75 80 81 83
31 79 31 43 44 79
16 86 16 86
1 78 1 13 20 40 78
21 86 21 26 42 51 67 72 86
31 79 31 43 44 79
8 71 8 28 35 59 64 71
26 80 26 42 51 80
8 88 8 9 20 39 58 67 72 88
8 48 8 28 37 48
42 86 42 62 72 86
1 84 1 13 84
8 89 8 9 20 39 58 77 89
15 43 15 22 31 43
8 88 8 28 41 49 72 88
11 89 11 59 89
22 79 22 31 43 44 79
31 55 31 43 44 55
34 75 34 48 75
15 43 15 22 31 43
4 89 4 23 37 52 77 89
14 33 14 25 33
6 55 6 31 43 44 55
23 67 23 37 51 67
1 43 1 7 43
15 37 15 26 28 37
26 67 26 28 35 39 58 67
1 82 1 7 57 82
39 67 39 58 67
2 23 2 23
8 58 8 28 35 39 58
4 34 4 30 34
30 83 30 48 52 80 81 83
56 82 56 64 82
38 89 38 89
51 71 51 59 64 71
15 50 15 26 28 41 50
2 81 2 23 37 52 80 81
4 51 4 23 37 51
1 82 1 2 33 51 67 82
51 81 51 80 81
7 52 7 14 34 48 52
14 71 14 25 35 59 64 71
4 77 4 30 48 52 77
31 82 31 43 44 55 67 82
2 51 2 33 51
19 73 19 43 44 55 58 67 73
4 80 4 30 34 48 52 80
18 80 18 22 43 52 80
21 83 21 42 51 80 81 83
39 77 39 58 77
1 88 1 7 57 72 88
1 86 1 37 59 64 86
31 72 31 43 44 55 58 67 72
7 84 7 14 34 79 84
34 81 34 48 75 80 81
18 48 18 22 34 48
14 51 14 28 37 51
11 59 11 59
2 88 2 23 37 48 88
27 79 27 79
22 43 22 43
8 80 8 28 37 48 75 80
15 83 15 26 28 37 48 75 80 81 83
2 80 2 23 37 52 80
39 89 39 58 77 89
1 50 1 13 26 28 41 50
2 51 2 23 37 51
11 64 11 59 64
1 78 1 13 26 28 41 57 78
7 84 7 14 34 79 84
15 67 15 26 28 37 51 67
13 48 13 26 28 37 48
25 83 25 79 83
28 50 28 41 50
1 80 1 2 23 37 48 52 80
42 86 42 62 72 86
14 80 14 28 37 52 80
31 86 31 56 64 86
14 57 14 28 41 57
19 52 19 43 52
3 89 3 38 89
3 75 3 30 34 48 75
62 86 62 72 86
34 75 34 48 75
4 89 4 23 66 77 89
6 81 6 31 43 52 80 81
4 67 4 23 37 51 67
11 86 11 59 64 86
23 81 23 37 52 80 81
16 73 16 35 39 58 67 73
8 78 8 41 57 78
15 89 15 26 42 51 59 89
15 26 15 26
4 78 4 23 66 78
23 83 23 37 52 80 81 83
6 55 6 31 43 44 55
21 86 21 26 28 64 86
15 84 15 30 34 79 84
11 82 11 59 64 82
22 67 22 31 43 44 55 67
59 86 59 64 86
3 9 3 9
28 48 28 37 48
11 82 11 59 64 71 82
33 67 33 51 67
39 88 39 58 67 72 88
64 71 64 71
28 81 28 37 52 80 81
18 77 18 22 34 48 52 77
4 86 4 23 37 51 86
22 79 22 31 43 44 79
18 73 18 22 31 43 44 55 58 67 73
8 57 8 41 57
7 83 7 43 52 80 81 83
4 51 4 23 37 51
22 72 22 43 44 55 67 72
6 81 6 31 43 52 80 81
1 23 1 2 23
22 79 22 43 44 79
30 67 30 44 55 67
14 34 14 34
8 88 8 9 20 39 58 67 72 88
64 71 64 71
1 70 1 7 14 28 41 70
28 73 28 37 51 67 73
23 86 23 49 72 86
1 9 1 2 9
4 86 4 23 37 52 64 86
14 48 14 28 37 48
31 67 31 43 44 55 67
2 72 2 33 62 72
13 73 13 28 37 51 67 73
23 80 23 37 51 80
72 86 72 86
4 37 4 23 37
13 52 13 28 37 52
2 84 2 9 20 55 84
34 75 34 48 75
42 80 42 51 80
3 55 3 30 44 55
8 67 8 28 35 39 58 67
27 83 27 44 79 83
28 70 28 41 70
51 81 51 80 81
42 51 42 51
43 81 43 52 80 81
37 73 37 51 67 73
1 41 1 7 14 28 41
43 44 43 44
27 86 27 44 55 67 72 86
13 71 13 29 48 52 71
15 63 15 26 28 41 63
28 83 28 37 48 75 80 81 83
42 83 42 51 80 81 83
2 66 2 23 66
7 84 7 14 25 79 84
21 64 21 26 42 51 59 64
22 89 22 31 43 44 55 58 77 89
4 84 4 30 34 79 84
35 89 35 59 89
35 77 35 39 58 77
31 82 31 43 44 55 58 67 82
34 86 34 59 64 86
34 71 34 59 64 71
4 71 4 23 37 48 52 64 71
1 73 1 39 58 67 73
20 86 20 55 67 72 86
19 58 19 43 44 55 58
4 67 4 23 37 51 67
26 73 26 28 35 39 58 67 73
35 77 35 39 58 77
28 75 28 37 48 75
4 80 4 23 37 48 75 80
6 75 6 16 29 48 75
30 80 30 48 52 80
15 78 15 26 28 41 57 78
18 79 18 22 43 44 79
4 32 4 23 32
14 75 14 34 48 75
23 48 23 37 48
18 89 18 59 89
11 64 11 59 64
18 84 18 22 31 43 44 79 84
22 43 22 31 43
26 81 26 42 51 80 81
20 86 20 39 58 67 72 86
42 71 42 51 59 64 71
26 67 26 42 51 67
2 67 2 33 51 67
8 51 8 28 37 51
42 59 42 51 59
19 89 19 38 89
19 72 19 62 72
41 86 41 57 72 86
33 67 33 51 67
35 77 35 39 58 77
16 73 16 35 39 58 67 73
43 84 43 44 55 84
2 64 2 9 20 56 64
1 82 1 37 51 59 64 82
23 80 23 37 52 80
4 81 4 70 81
34 80 34 48 52 80
2 52 2 23 37 48 52
14 41 14 28 41
34 84 34 79 84
16 75 16 29 48 75
13 71 13 29 48 52 71
14 73 14 25 33 51 67 73
15 89 15 30 48 52 77 89
2 73 2 23 37 51 67 73
3 73 3 37 51 67 73
13 75 13 26 28 37 48 75
15 73 15 26 73
39 89 39 58 77 89
26 75 26 28 37 48 75
15 80 15 30 48 75 80
21 88 21 42 51 67 72 88
7 71 7 64 71
42 67 42 51 67
15 26 15 26
14 60 14 28 41 50 60
15 52 15 26 28 37 48 52
27 67 27 44 55 67
43 44 43 44
1 7 1 7
31 86 31 43 44 55 67 72 86
13 81 13 28 41 70 81
1 83 1 2 23 37 48 75 80 81 83
25 80 25 33 51 80
22 83 22 43 44 79 83
15 63 15 26 28 41 57 63
18 20 18 20
58 67 58 67
14 58 14 25 35 39 58
2 9 2 9
31 84 31 43 44 55 84
14 72 14 25 33 49 72
33 80 33 51 80
21 48 21 26 28 37 48
11 82 11 59 64 71 82
37 80 37 48 75 80
15 59 15 30 34 59
31 44 31 43 44
8 70 8 41 70
8 58 8 28 35 39 58
19 82 19 82
35 72 35 39 58 67 72
14 59 14 59
1 75 1 2 23 37 48 75
8 51 8 28 37 51
21 78 21 26 28 41 57 78
39 88 39 58 67 72 88
34 80 34 48 75 80
3 71 3 37 48 52 71
14 72 14 25 62 72
1 50 1 7 14 28 41 50
39 67 39 58 67
2 32 2 23 32
14 25 14 25
14 88 14 25 85 88
3 59 3 30 34 59
18 20 18 20
42 88 42 51 67 72 88
33 86 33 62 72 86
4 37 4 23 37
42 88 42 51 67 72 88
22 55 22 31 43 44 55
28 73 28 37 51 67 73
2 51 2 33 51
11 64 11 59 64
3 64 3 30 48 52 64
59 86 59 64 86
22 71 22 31 56 64 71
3 27 3 27
14 84 14 25 79 84
22 44 22 31 43 44
22 84 22 34 79 84
28 48 28 37 48
59 71 59 64 71
15 44 15 22 43 44
3 86 3 30 44 55 67 72 86
28 75 28 37 48 75
18 89 18 59 89
8 60 8 41 50 60
20 55 20 55
3 83 3 37 51 80 81 83
28 88 28 41 57 72 88
43 83 43 44 79 83
3 34 3 30 34
16 75 16 29 48 75
15 64 15 26 42 51 59 64
18 58 18 22 31 43 44 55 58
43 83 43 52 80 81 83
1 34 1 7 14 34
13 55 13 20 55
8 83 8 28 37 51 80 81 83
14 81 14 42 51 80 81
4 64 4 30 48 52 64
8 88 8 28 37 49 72 88
35 64 35 59 64
30 71 30 48 52 64 71
18 75 18 22 34 48 75
28 57 28 41 57
4 23 4 23
19 89 19 38 89
62 88 62 72 88
8 89 8 9 20 55 84 89
1 63 1 13 26 28 41 57 63
15 77 15 30 48 52 77
62 86 62 72 86
31 55 31 43 44 55
14 82 14 34 48 75 82
19 83 19 43 44 79 83
4 73 4 30 44 55 58 67 73
15 37 15 26 28 37
11 89 11 59 89
28 48 28 37 48
1 59 1 2 33 51 59
21 77 21 58 77
4 67 4 30 44 55 67
15 52 15 26 28 37 52
15 78 15 26 28 41 57 78
14 73 14 42 51 67 73
20 86 20 56 64 86
26 71 26 28 37 48 52 71
18 83 18 22 43 44 79 83
7 61 7 14 25 33 61
22 52 22 43 52
15 80 15 26 28 37 51 80
51 81 51 80 81
41 83 41 70 81 83
19 86 19 62 72 86
26 67 26 42 51 67
3 89 3 37 52 77 89
40 78 40 78
22 55 22 43 44 55
37 73 37 51 67 73
14 34 14 34
8 80 8 28 37 51 80
42 82 42 51 59 64 82
8 70 8 41 70
33 83 33 51 80 81 83
4 55 4 30 44 55
39 88 39 58 67 72 88
34 80 34 48 52 80
13 83 13 83
21 82 21 58 67 82
2 33 2 33
1 89 1 2 33 51 59 89
20 84 20 55 84
34 83 34 79 83
4 88 4 49 72 88
15 81 15 26 28 37 48 75 80 81
7 80 7 14 42 51 80
15 86 15 22 34 59 64 86
39 89 39 58 77 89
28 70 28 41 70
9 84 9 20 55 84
16 86 16 35 39 58 67 72 86
22 55 22 43 44 55
4 84 4 30 44 55 84
1 64 1 7 43 52 64
33 73 33 51 67 73
3 73 3 37 51 67 73
15 59 15 22 34 59
31 71 31 43 52 64 71
22 55 22 43 44 55
1 83 1 13 28 37 48 52 80 81 83
28 71 28 35 59 64 71
51 81 51 80 81
21 52 21 26 28 37 48 52
7 73 7 43 44 55 67 73
15 30 15 30
2 61 2 33 61
21 51 21 42 51
15 57 15 26 28 41 57
22 71 22 43 52 71
1 70 1 13 26 28 41 70
8 77 8 28 77
30 52 30 48 52
22 44 22 43 44
21 89 21 26 28 37 77 89
14 64 14 28 37 51 59 64
31 44 31 43 44
14 50 14 28 41 50
18 67 18 22 43 44 55 58 67
22 75 22 34 48 75
25 67 25 33 51 67
42 67 42 51 67
42 82 42 51 67 82
2 55 2 9 20 55
35 58 35 39 58
64 71 64 71
34 81 34 48 52 80 81
8 70 8 28 41 70
25 61 25 33 61
16 67 16 35 39 58 67
14 84 14 25 79 84
31 83 31 43 44 79 83
14 41 14 28 41
4 52 4 23 37 48 52
8 80 8 28 37 51 80
28 80 28 37 51 80
43 79 43 44 79
2 78 2 78
15 57 15 26 28 41 57
28 58 28 35 39 58
22 77 22 31 43 52 77
21 63 21 26 28 41 57 63
34 79 34 79
31 72 31 43 44 55 58 67 72
27 86 27 44 55 67 72 86
28 60 28 41 50 60
15 73 15 26 42 51 67 73
18 79 18 22 43 44 79
30 83 30 48 75 80 81 83
31 64 31 56 64
13 71 13 29 48 52 71
35 58 35 39 58
51 80 51 80
1 80 1 13 29 48 75 80
18 52 18 22 43 52
43 71 43 52 71
2 86 2 9 62 72 86
13 80 13 28 37 51 80
15 88 15 26 28 37 49 72 88
22 58 22 31 43 44 55 58
7 84 7 43 44 55 84
30 86 30 44 55 67 72 86
6 29 6 16 29
19 71 19 56 64 71
28 72 28 41 49 72
64 86 64 86
23 75 23 37 48 75
8 52 8 28 37 48 52
13 80 13 26 42 51 80
42 64 42 51 59 64
25 81 25 33 51 80 81
34 75 34 48 75
31 73 31 43 44 55 67 73
4 79 4 30 44 79
51 71 51 59 64 71
42 64 42 51 59 64
28 73 28 37 51 67 73
39 86 39 58 67 72 86
3 82 3 9 20 39 58 67 82
8 83 8 28 41 70 81 83
18 52 18 22 43 52
8 55 8 9 20 55
6 71 6 16 35 59 64 71
40 78 40 78
3 55 3 30 44 55
8 48 8 28 37 48
30 79 30 34 79
2 58 2 9 20 39 58
18 84 18 22 34 79 84
4 51 4 23 37 51
21 64 21 26 28 64
51 86 51 59 64 86
15 78 15 26 28 41 57 78
42 80 42 51 80
35 89 35 39 58 77 89
1 37 1 13 26 28 37
3 34 3 30 34
15 57 15 26 28 41 57
14 79 14 25 79
18 84 18 20 55 84
19 52 19 43 52
1 41 1 7 14 28 41
39 88 39 58 67 72 88
20 67 20 55 58 67
28 64 28 64
4 34 4 30 34
15 51 15 26 28 37 51
7 48 7 14 34 48
18 55 18 22 43 44 55
3 20 3 9 20
1 88 1 7 43 44 79 88
2 71 2 9 71
21 57 21 26 28 41 57
21 63 21 26 28 41 63
43 44 43 44
42 72 42 51 67 72
34 48 34 48
33 73 33 51 67 73
2 37 2 23 37
33 73 33 51 67 73
4 67 4 23 37 51 67
19 72 19 62 72
14 25 14 25
1 23 1 2 23
15 82 15 22 31 43 44 55 58 67 82
18 86 18 20 56 64 86
4 23 4 23
23 48 23 37 48
42 59 42 51 59
11 71 11 59 64 71
13 67 13 28 37 51 67
18 81 18 22 34 48 52 80 81
28 77 28 77
18 77 18 22 34 48 52 77
15 52 15 26 28 37 52
4 79 4 30 34 79
30 52 30 34 48 52
15 83 15 22 43 52 80 81 83
15 44 15 30 44
14 63 14 28 41 63
15 81 15 30 48 52 80 81
15 79 15 22 43 44 79
64 86 64 86
3 20 3 9 20
2 20 2 9 20
42 67 42 51 67
33 71 33 51 59 64 71
4 59 4 23 37 59
2 80 2 33 51 80
3 79 3 30 44 79
37 75 37 48 75
16 71 16 29 48 52 71
19 82 19 56 64 82
42 71 42 51 59 64 71
4 59 4 30 34 59
42 83 42 51 80 81 83
9 86 9 20 55 67 72 86
22 84 22 34 79 84
15 51 15 26 42 51
31 84 31 43 44 55 84
3 75 3 37 48 75
1 77 1 37 52 77
21 57 21 26 28 41 57
51 81 51 80 81
4 64 4 30 48 52 64
13 81 13 26 42 51 80 81
16 67 16 35 39 58 67
33 73 33 51 67 73
2 67 2 9 20 55 58 67
37 75 37 48 75
1 50 1 7 14 28 41 50
2 37 2 23 37
20 73 20 39 58 67 73
37 71 37 52 71
22 75 22 34 48 75
31 55 31 43 44 55
43 84 43 44 55 84
4 88 4 49 72 88
18 79 18 22 43 44 79
2 64 2 33 51 59 64
14 25 14 25
37 67 37 51 67
3 30 3 30
64 71 64 71
3 59 3 30 34 59
42 59 42 51 59
14 84 14 25 79 84
6 71 6 71
18 55 18 20 55
22 79 22 43 44 79
16 71 16 35 59 64 71
2 55 2 9 20 55
18 59 18 22 34 59
15 81 15 30 34 48 75 80 81
2 67 2 23 37 51 67
1 44 1 7 43 44
7 83 7 43 44 79 83
42 81 42 51 80 81
2 84 2 9 20 55 84
23 73 23 37 51 67 73
18 83 18 22 43 44 79 83
43 67 43 44 55 58 67
26 83 26 42 51 80 81 83
31 72 31 43 44 55 67 72
22 55 22 43 44 55
43 83 43 52 80 81 83
18 78 18 20 40 78
13 29 13 29
22 79 22 34 79
28 70 28 41 70
4 79 4 30 34 79
22 73 22 43 44 55 58 67 73
14 67 14 28 37 51 67
3 77 3 30 44 55 58 77
3 73 3 37 51 67 73
22 81 22 43 52 80 81
30 48 30 34 48
51 80 51 80
1 80 1 13 29 48 75 80
1 50 1 7 14 28 41 50
1 29 1 13 29
2 66 2 23 66
7 71 7 43 52 64 71
20 67 20 39 58 67
2 86 2 33 51 86
14 58 14 28 35 39 58
26 81 26 28 37 52 80 81
30 67 30 44 55 58 67
49 88 49 72 88
3 64 3 9 20 56 64
28 70 28 41 70
1 29 1 13 29
14 52 14 28 37 48 52
35 77 35 39 58 77
3 9 3 9
14 61 14 25 33 61
21 26 21 26
56 71 56 64 71
30 86 30 44 55 67 72 86
27 83 27 44 79 83
28 57 28 41 57
14 34 14 34
16 86 16 29 48 52 64 86
1 26 1 13 26
34 86 34 48 52 64 86
8 58 8 9 20 39 58
58 73 58 67 73
30 55 30 44 55
14 88 14 34 79 88
21 57 21 26 28 41 57
15 77 15 26 28 35 39 58 77
1 81 1 37 51 80 81
22 88 22 31 43 44 55 67 72 88
15 79 15 22 34 79
7 67 7 43 44 55 67
19 89 19 43 52 77 89
6 83 6 31 43 44 79 83
25 81 25 33 51 80 81
2 73 2 33 51 67 73
31 55 31 43 44 55
8 57 8 28 41 57
18 75 18 22 34 48 75
28 57 28 41 57
28 77 28 77
6 29 6 16 29
37 71 37 52 71
31 79 31 43 44 79
27 67 27 44 55 67
31 73 31 43 44 55 58 67 73
19 82 19 56 64 82
9 86 9 62 72 86
14 89 14 59 89
19 43 19 43
23 80 23 37 52 80
26 73 26 73
23 81 23 37 51 80 81
42 88 42 51 67 72 88
7 52 7 14 34 48 52
1 26 1 13 26
37 52 37 52
31 58 31 43 44 55 58
15 58 15 26 28 35 39 58
2 59 2 23 37 59
1 41 1 13 28 41
14 89 14 28 37 77 89
22 44 22 31 43 44
11 89 11 59 89
41 86 41 49 72 86
62 86 62 72 86
2 78 2 33 78
14 73 14 42 51 67 73
4 88 4 23 49 72 88
41 81 41 70 81
8 41 8 41
35 67 35 39 58 67
14 84 14 25 79 84
3 30 3 30
33 61 33 61
33 81 33 51 80 81
37 52 37 52
1 77 1 37 52 77
1 26 1 13 26
28 57 28 41 57
19 81 19 43 52 80 81
3 73 3 9 20 55 58 67 73
4 72 4 23 49 72
15 51 15 26 28 37 51
31 86 31 43 52 64 86
4 79 4 30 34 79
18 64 18 22 43 52 64
18 84 18 20 55 84
4 73 4 30 44 55 58 67 73
18 58 18 22 31 43 44 55 58
42 83 42 51 80 81 83
14 61 14 25 33 61
39 86 39 58 67 72 86
19 88 19 43 44 55 58 67 72 88
28 67 28 37 51 67
33 71 33 51 59 64 71
14 72 14 28 37 72
13 29 13 29
8 48 8 28 37 48
21 86 21 26 28 64 86
9 71 9 71
16 52 16 29 48 52
37 80 37 52 80
21 83 21 42 51 80 81 83
56 86 56 64 86
28 37 28 37
19 64 19 43 52 64
4 59 4 30 34 59
31 52 31 43 52
43 44 43 44
15 26 15 26
28 67 28 37 51 67
37 67 37 51 67
39 82 39 58 67 82
22 71 22 31 43 52 71
19 52 19 43 52
37 80 37 48 52 80
27 73 27 44 55 58 67 73
42 80 42 51 80
7 75 7 14 28 37 48 75
58 86 58 67 72 86
15 63 15 26 28 41 57 63
31 55 31 43 44 55
4 52 4 30 48 52
7 44 7 43 44
37 80 37 52 80
25 84 25 79 84
14 75 14 34 48 75
23 67 23 37 51 67
23 71 23 37 52 71
35 88 35 39 58 67 72 88
14 75 14 34 48 75
4 48 4 23 37 48
15 86 15 22 43 44 55 67 72 86
1 61 1 2 33 61
31 89 31 43 52 77 89
1 23 1 2 23
1 60 1 13 60
13 71 13 26 42 51 59 64 71
1 60 1 13 26 28 41 50 60
30 86 30 44 55 58 67 72 86
15 55 15 30 44 55
21 58 21 26 28 35 39 58
18 86 18 22 43 44 55 58 67 72 86
28 78 28 41 57 78
51 80 51 80
11 89 11 59 89
21 72 21 42 51 67 72
26 75 26 28 37 48 75
28 41 28 41
6 44 6 31 43 44
22 58 22 31 43 44 55 58
8 77 8 28 35 39 58 77
43 71 43 52 64 71
7 86 7 62 72 86
1 61 1 2 33 61
3 77 3 37 77
34 48 34 48
43 84 43 44 79 84
8 51 8 28 37 51
1 7 1 7
21 88 21 42 51 67 72 88
4 78 4 23 66 78
2 71 2 33 51 59 64 71
28 89 28 35 39 58 77 89
1 51 1 7 14 42 51
27 44 27 44
26 52 26 28 37 48 52
8 48 8 28 37 48
28 37 28 37
39 67 39 58 67
8 82 8 41 50 82
16 67 16 35 39 58 67
14 88 14 34 48 75 88
15 83 15 26 42 51 80 81 83
1 44 1 7 43 44
15 59 15 22 34 59
3 75 3 37 48 75
3 77 3 30 48 52 77
15 50 15 26 28 41 50
21 52 21 26 28 37 48 52
7 52 7 43 52
26 83 26 28 41 70 81 83
25 80 25 33 51 80
22 79 22 43 44 79
14 51 14 25 33 51
18 72 18 20 39 58 67 72
6 71 6 37 51 59 64 71
19 82 19 82
7 71 7 43 52 71
8 67 8 9 20 39 58 67
25 80 25 33 51 80
6 83 6 37 51 80 81 83
8 50 8 41 50
25 73 25 33 51 67 73
51 73 51 67 73
3 78 3 27 78
18 58 18 20 39 58
30 52 30 34 48 52
1 72 1 7 43 44 55 58 67 72
19 64 19 56 64
18 72 18 22 43 44 55 67 72
4 72 4 30 44 55 67 72
6 55 6 31 43 44 55
21 86 21 26 28 64 86
21 89 21 42 51 59 89
2 89 2 23 37 51 59 89
6 44 6 31 43 44
8 9 8 9
1 83 1 7 14 28 41 70 81 83
4 30 4 30
1 33 1 7 14 25 33
37 81 37 48 75 80 81
31 82 31 56 82
41 50 41 50
1 50 1 7 14 28 41 50
31 55 31 43 44 55
22 44 22 43 44
13 84 13 20 55 84
31 79 31 43 44 79
31 72 31 43 44 55 58 67 72
14 37 14 28 37
33 80 33 51 80
2 9 2 9
14 81 14 34 48 52 80 81
85 88 85 88
33 83 33 51 80 81 83
4 72 4 30 44 55 58 67 72
9 67 9 20 55 67
15 48 15 26 28 37 48
42 51 42 51
18 82 18 59 64 82
4 64 4 23 37 52 64
26 52 26 28 37 48 52
2 83 2 33 51 80 81 83
8 9 8 9
23 83 23 37 48 52 80 81 83
6 81 6 16 29 48 75 80 81
6 67 6 37 51 67
6 86 6 86
23 48 23 37 48
2 82 2 9 20 39 58 67 82
7 73 7 14 42 51 67 73
18 58 18 22 43 44 55 58
19 67 19 43 44 55 58 67
28 52 28 37 48 52
15 82 15 22 34 48 75 82
7 80 7 14 28 37 51 80
14 64 14 25 35 59 64
3 37 3 37
20 84 20 55 84
4 77 4 23 66 77
31 89 31 43 44 79 84 89
3 84 3 30 44 55 84
4 86 4 23 37 72 86
42 73 42 51 67 73
15 89 15 30 34 59 89
8 58 8 28 35 39 58
8 55 8 9 20 55
42 59 42 51 59
8 58 8 9 20 39 58
3 86 3 27 44 55 67 72 86
13 80 13 28 37 52 80
26 50 26 28 41 50
3 86 3 27 44 55 58 67 72 86
3 9 3 9
14 77 14 28 37 52 77
31 43 31 43
19 84 19 43 44 84
43 84 43 44 55 84
13 86 13 28 37 49 72 86
8 70 8 41 70
2 51 2 33 51
18 44 18 22 43 44
1 34 1 7 14 34
8 51 8 28 37 51
22 75 22 34 48 75
30 81 30 48 75 80 81
26 52 26 28 37 48 52
18 44 18 22 43 44
15 50 15 26 28 41 50
2 88 2 23 37 48 88
1 78 1 13 26 28 41 57 78
58 86 58 67 72 86
14 67 14 42 51 67
14 34 14 34
25 73 25 35 39 58 67 73
7 83 7 43 44 79 83
20 71 20 56 64 71
7 84 7 43 44 55 84
1 60 1 7 14 28 41 50 60
21 59 21 42 51 59
16 75 16 29 48 75
4 67 4 23 37 51 67
1 79 1 7 43 44 79
4 30 4 30
62 88 62 72 88
2 84 2 9 20 55 84
16 71 16 35 59 64 71
14 70 14 28 41 70
15 80 15 26 42 51 80
7 52 7 14 34 48 52
37 73 37 51 67 73
4 67 4 30 44 55 58 67
7 48 7 14 28 37 48
31 82 31 43 52 71 82
23 32 23 32
27 67 27 44 55 58 67
11 88 11 88
35 82 35 39 58 67 82
14 82 14 25 33 51 59 64 82
1 43 1 7 43
7 52 7 43 52
3 82 3 9 71 82
22 89 22 31 43 52 77 89
2 75 2 23 37 48 75
18 64 18 22 34 48 52 64
14 82 14 34 59 64 71 82
8 82 8 41 57 82
25 83 25 33 51 80 81 83
19 44 19 43 44
4 51 4 23 37 51
2 58 2 9 20 39 58
30 83 30 48 75 80 81 83
35 88 35 39 58 67 72 88
14 79 14 34 79
14 81 14 25 33 51 80 81
20 84 20 55 84
28 58 28 35 39 58
14 50 14 28 41 50
13 75 13 29 48 75
31 86 31 43 44 55 67 72 86
3 59 3 37 51 59
28 52 28 37 52
23 48 23 37 48
4 32 4 23 32
35 89 35 59 89
39 73 39 58 67 73
41 83 41 70 81 83
15 60 15 26 28 41 50 60
34 75 34 48 75
31 82 31 56 64 71 82
4 51 4 23 37 51
4 80 4 23 37 52 80
51 81 51 80 81
14 64 14 42 51 59 64
51 71 51 59 64 71
37 73 37 51 67 73
7 50 7 14 28 41 50
22 71 22 43 52 64 71
1 84 1 2 9 20 55 84
30 44 30 44
62 86 62 72 86
3 86 3 64 86
22 77 22 34 48 52 77
16 81 16 29 48 52 80 81
19 64 19 56 64
21 72 21 26 28 37 72
15 88 15 26 42 51 67 72 88
2 51 2 33 51
13 84 13 84
30 44 30 44
14 57 14 28 41 57
6 44 6 31 43 44
33 61 33 61
18 64 18 59 64
19 55 19 43 44 55
20 67 20 55 67
22 58 22 31 43 44 55 58
13 73 13 20 39 58 67 73
42 59 42 51 59
31 58 31 43 44 55 58
31 55 31 43 44 55
15 58 15 22 31 43 44 55 58
2 83 2 23 37 51 80 81 83
28 67 28 37 51 67
14 80 14 25 33 51 80
7 55 7 43 44 55
28 58 28 35 39 58
22 67 22 43 44 55 67
3 77 3 37 77
39 58 39 58
4 79 4 30 34 79
15 89 15 30 44 55 84 89
25 73 25 35 39 58 67 73
2 20 2 9 20
21 67 21 58 67
1 7 1 7
4 86 4 23 37 48 52 64 86
15 60 15 26 28 41 50 60
28 71 28 37 48 52 64 71
8 57 8 41 57
33 67 33 51 67
34 75 34 48 75
31 82 31 43 44 55 58 67 82
62 86 62 72 86
4 73 4 30 44 55 67 73
42 88 42 51 67 72 88
14 73 14 42 51 67 73
30 67 30 44 55 67
28 83 28 37 51 80 81 83
2 75 2 23 37 48 75
20 67 20 55 58 67
28 41 28 41
30 55 30 44 55
16 81 16 29 48 75 80 81
26 75 26 28 37 48 75
14 72 14 28 37 51 67 72
62 86 62 72 86
14 77 14 28 77
41 50 41 50
7 81 7 14 42 51 80 81
3 55 3 27 44 55
3 88 3 37 72 88
21 26 21 26
16 86 16 29 48 52 64 86
42 51 42 51
8 48 8 28 37 48
13 86 13 26 28 64 86
33 83 33 51 80 81 83
21 73 21 26 42 51 67 73
2 89 2 23 37 59 89
4 82 4 82
37 80 37 51 80
2 55 2 9 20 55
21 63 21 26 28 41 63
15 51 15 26 42 51
8 84 8 9 20 55 84
1 23 1 2 23
4 32 4 23 32
37 48 37 48
18 89 18 59 89
28 58 28 35 39 58
1 72 1 2 33 62 72
27 83 27 79 83
70 81 70 81
35 82 35 39 58 67 82
7 48 7 14 34 48
15 72 15 30 44 55 67 72
2 83 2 23 37 48 75 80 81 83
13 71 13 29 48 52 64 71
3 48 3 30 34 48
35 86 35 39 58 67 72 86
43 79 43 44 79
43 44 43 44
15 50 15 26 28 41 50
34 48 34 48
14 52 14 34 48 52
7 80 7 43 52 80
15 60 15 26 28 41 50 60
13 75 13 26 28 37 48 75
7 67 7 14 42 51 67
1 66 1 2 23 66
8 72 8 28 35 39 58 67 72
25 81 25 33 51 80 81
39 77 39 58 77
16 86 16 86
13 73 13 28 37 51 67 73
8 83 8 28 41 70 81 83
41 83 41 70 81 83
25 84 25 79 84
31 44 31 43 44
58 73 58 67 73
2 81 2 33 51 80 81
37 75 37 48 75
43 71 43 52 71
8 80 8 28 37 52 80
15 72 15 22 43 44 55 67 72
26 67 26 28 35 39 58 67
16 81 16 29 48 75 80 81
34 75 34 48 75
18 89 18 20 39 58 77 89
3 9 3 9
22 59 22 34 59
18 81 18 22 43 52 80 81
41 86 41 57 72 86
1 50 1 13 26 28 41 50
8 89 8 28 35 39 58 77 89
28 50 28 41 50
1 72 1 2 9 20 55 58 67 72
7 71 7 64 71
30 75 30 48 75
37 73 37 51 67 73
21 51 21 42 51
30 75 30 34 48 75
1 32 1 2 23 32
3 83 3 37 52 80 81 83
3 80 3 30 48 52 80
27 44 27 44
51 81 51 80 81
7 52 7 14 34 48 52
4 82 4 82
19 71 19 43 52 71
3 51 3 37 51
2 55 2 9 20 55
56 71 56 64 71
1 73 1 7 14 28 37 51 67 73
15 43 15 22 43
28 88 28 37 72 88
11 82 11 59 64 82
8 58 8 9 20 39 58
28 77 28 77
3 83 3 27 44 79 83
34 84 34 79 84
13 75 13 28 37 48 75
13 67 13 26 28 35 39 58 67
30 44 30 44
70 81 70 81
6 71 6 31 56 64 71
16 81 16 29 48 75 80 81
6 81 6 37 52 80 81
1 58 1 7 14 28 35 39 58
4 77 4 30 34 48 52 77
18 86 18 22 31 56 64 86
16 29 16 29
1 58 1 7 14 25 35 39 58
18 82 18 22 34 48 75 82
8 88 8 9 20 55 67 72 88
6 71 6 37 51 59 64 71
42 82 42 51 67 82
30 75 30 48 75
51 83 51 80 81 83
3 44 3 30 44
56 64 56 64
26 67 26 42 51 67
4 80 4 23 37 51 80
1 86 1 2 33 62 72 86
31 44 31 43 44
28 51 28 37 51
18 78 18 20 40 78
14 51 14 25 33 51
7 61 7 14 25 33 61
19 84 19 43 44 79 84
8 48 8 28 37 48
18 20 18 20
42 88 42 62 72 88
19 82 19 56 82
42 81 42 51 80 81
4 66 4 23 66
28 58 28 35 39 58
28 72 28 35 39 58 67 72
3 37 3 37
13 81 13 28 37 51 80 81
43 86 43 52 64 86
39 72 39 58 67 72
7 73 7 14 25 33 51 67 73
21 88 21 42 62 72 88
21 59 21 42 51 59
21 71 21 42 51 59 64 71
28 77 28 77
37 75 37 48 75
1 58 1 2 9 20 55 58
18 82 18 22 43 52 71 82
27 67 27 44 55 67
21 86 21 42 51 67 72 86
4 66 4 23 66
16 86 16 35 59 64 86
28 63 28 41 63
33 80 33 51 80
4 72 4 30 44 55 58 67 72
4 73 4 30 44 55 67 73
15 86 15 26 28 64 86
28 67 28 37 51 67
31 67 31 43 44 55 58 67
85 88 85 88
3 67 3 30 44 55 67
13 71 13 28 64 71
11 59 11 59
22 84 22 31 43 44 79 84
9 86 9 62 72 86
31 86 31 56 64 86
15 89 15 22 34 59 89
3 37 3 37
4 89 4 30 34 59 89
39 89 39 58 77 89
3 51 3 37 51
11 86 11 59 64 86
15 60 15 26 28 41 50 60
28 82 28 82
21 41 21 26 28 41
8 89 8 28 77 89
18 43 18 22 31 43
2 55 2 9 20 55
21 71 21 42 51 59 64 71
4 32 4 23 32
2 75 2 23 37 48 75
2 52 2 23 37 52
22 81 22 31 43 52 80 81
18 52 18 22 43 52
33 83 33 51 80 81 83
27 84 27 79 84
28 73 28 37 51 67 73
28 48 28 37 48
19 43 19 43
3 67 3 27 44 55 67
1 44 1 7 43 44
13 55 13 20 55
31 43 31 43
7 75 7 14 34 48 75
14 70 14 28 41 70
23 52 23 37 48 52
41 81 41 70 81
15 48 15 30 48
18 67 18 22 31 43 44 55 58 67
34 71 34 48 52 71
1 61 1 2 33 61
13 73 13 20 73
19 86 19 43 44 55 58 67 72 86
31 67 31 43 44 55 67
31 83 31 43 44 79 83
14 73 14 42 51 67 73
21 60 21 26 28 41 50 60
14 37 14 28 37
2 51 2 23 37 51
31 67 31 43 44 55 58 67
31 64 31 43 52 64
4 78 4 23 66 78
8 63 8 28 41 57 63
7 44 7 43 44
8 84 8 9 20 55 84
30 84 30 34 79 84
3 86 3 37 72 86
51 86 51 86
1 58 1 2 9 20 39 58
37 86 37 51 59 64 86
25 67 25 33 51 67
15 79 15 30 34 79
8 37 8 28 37
14 71 14 34 59 64 71
4 73 4 23 37 51 67 73
18 88 18 20 39 58 67 72 88
18 67 18 20 39 58 67
28 51 28 37 51
15 30 15 30
1 51 1 2 33 51
28 41 28 41
8 57 8 28 41 57
28 72 28 41 57 72
21 70 21 26 28 41 70
11 59 11 59
15 26 15 26
2 73 2 23 37 51 67 73
22 34 22 34
14 73 14 42 51 67 73
58 67 58 67
15 55 15 22 31 43 44 55
18 59 18 22 34 59
14 37 14 28 37
15 71 15 26 42 51 59 64 71
1 60 1 7 14 28 41 50 60
30 52 30 34 48 52
1 51 1 13 26 28 37 51
4 58 4 30 44 55 58
26 52 26 28 37 52
21 78 21 26 28 41 57 78
6 52 6 31 43 52
3 79 3 30 34 79
22 75 22 34 48 75
51 67 51 67
20 84 20 55 84
15 79 15 22 34 79
1 33 1 2 33
21 78 21 26 28 41 57 78
18 72 18 20 39 58 67 72
1 43 1 7 43
11 82 11 59 64 71 82
2 23 2 23
31 72 31 43 44 55 58 67 72
28 51 28 37 51
58 67 58 67
4 70 4 70
4 81 4 70 81
8 52 8 28 37 52
3 64 3 64
13 71 13 28 37 59 64 71
11 64 11 59 64
4 23 4 23
56 86 56 64 86
23 48 23 37 48
21 50 21 26 28 41 50
13 75 13 28 37 48 75
4 71 4 30 48 52 71
15 88 15 26 88
51 86 51 86
2 33 2 33
8 84 8 9 20 55 84
1 75 1 13 28 37 48 75
3 9 3 9
21 41 21 26 28 41
33 61 33 61
23 81 23 37 52 80 81
4 52 4 23 37 48 52
4 37 4 23 37
19 55 19 43 44 55
34 75 34 48 75
4 44 4 30 44
40 78 40 78
4 86 4 49 72 86
7 80 7 14 28 37 52 80
31 72 31 43 44 55 67 72
18 59 18 59
7 55 7 43 44 55
30 83 30 34 48 52 80 81 83
21 89 21 26 42 51 59 89
6 67 6 31 43 44 55 58 67
1 29 1 13 29
7 48 7 14 28 37 48
18 43 18 22 43
51 83 51 80 81 83
28 37 28 37
39 77 39 58 77
18 84 18 22 31 43 44 79 84
2 58 2 9 20 55 58
34 80 34 48 75 80
13 67 13 26 28 35 39 58 67
30 55 30 44 55
20 73 20 73
27 79 27 79
16 83 16 29 48 75 80 81 83
6 75 6 16 29 48 75
14 89 14 25 79 84 89
22 77 22 34 48 52 77
31 84 31 43 44 79 84
35 77 35 39 58 77
37 81 37 52 80 81
6 80 6 16 29 48 75 80
9 67 9 20 39 58 67
8 75 8 28 37 48 75
4 73 4 23 37 51 67 73
2 9 2 9
18 82 18 22 34 59 64 82
19 73 19 43 44 55 58 67 73
13 52 13 29 48 52
1 81 1 37 52 80 81
2 20 2 9 20
6 84 6 31 43 44 55 84
18 55 18 22 31 43 44 55
1 80 1 2 33 51 80
33 61 33 61
14 60 14 28 41 50 60
18 78 18 20 40 78
3 34 3 30 34
3 78 3 9 20 40 78
15 80 15 22 43 52 80
22 72 22 31 43 44 55 67 72
37 73 37 51 67 73
41 86 41 57 72 86
2 59 2 23 37 59
8 78 8 40 78
18 64 18 22 34 48 52 64
14 50 14 28 41 50
4 82 4 70 82
22 58 22 43 44 55 58
4 83 4 70 81 83
14 52 14 28 37 48 52
25 81 25 33 51 80 81
43 83 43 52 80 81 83
25 79 25 79
3 9 3 9
31 84 31 43 44 84
19 79 19 43 44 79
16 48 16 29 48
6 73 6 31 43 44 55 67 73
43 55 43 44 55
1 67 1 7 43 44 55 67
1 63 1 13 28 41 57 63
4 30 4 30
14 86 14 34 48 52 64 86
41 83 41 70 81 83
18 83 18 22 31 43 52 80 81 83
6 55 6 31 43 44 55
30 44 30 44
13 83 13 28 41 70 81 83
3 55 3 30 44 55
26 73 26 42 51 67 73
22 79 22 43 44 79
27 67 27 44 55 58 67
21 86 21 42 62 72 86
8 72 8 62 72
22 58 22 31 43 44 55 58
26 86 26 28 37 59 64 86
7 79 7 14 25 79
49 88 49 72 88
2 82 2 56 64 71 82
11 64 11 59 64
15 82 15 26 28 64 82
4 83 4 30 34 79 83
35 59 35 59
37 83 37 52 80 81 83
16 73 16 35 39 58 67 73
22 34 22 34
13 67 13 20 55 58 67
51 83 51 80 81 83
70 81 70 81
4 88 4 49 72 88
28 78 28 41 57 78
43 52 43 52
56 71 56 64 71
15 71 15 22 34 48 52 71
8 82 8 28 35 39 58 67 82
15 52 15 26 28 37 48 52
7 61 7 14 25 33 61
1 60 1 7 14 28 41 50 60
4 78 4 23 66 78
11 71 11 59 64 71
4 67 4 30 44 55 67
3 86 3 37 51 67 72 86
27 67 27 44 55 67
15 52 15 22 43 52
7 67 7 14 28 35 39 58 67
43 44 43 44
28 81 28 41 70 81
6 67 6 16 35 39 58 67
8 72 8 28 37 72
4 89 4 30 48 52 77 89
4 71 4 23 37 59 64 71
2 55 2 9 20 55
43 71 43 52 71
14 72 14 28 41 49 72
23 83 23 37 51 80 81 83
16 75 16 29 48 75
3 81 3 37 48 52 80 81
3 82 3 37 52 71 82
30 80 30 34 48 52 80
34 75 34 48 75
4 66 4 23 66
37 81 37 52 80 81
19 52 19 43 52
56 71 56 64 71
43 67 43 44 55 67
25 81 25 33 51 80 81
7 71 7 43 52 64 71
2 37 2 23 37
37 71 37 51 59 64 71
14 79 14 34 79
7 80 7 43 52 80
15 48 15 30 48
14 48 14 34 48
15 70 15 26 28 41 70
62 88 62 72 88
19 43 19 43
3 34 3 30 34
4 30 4 30
8 58 8 28 35 39 58
6 83 6 31 43 44 79 83
1 48 1 2 23 37 48
14 48 14 28 37 48
13 50 13 28 41 50
28 37 28 37
30 80 30 48 52 80
15 72 15 30 44 55 67 72
33 81 33 51 80 81
18 71 18 59 64 71
34 52 34 48 52
26 80 26 42 51 80
8 64 8 28 37 52 64
28 48 28 37 48
6 79 6 31 43 44 79
30 71 30 48 52 64 71
15 43 15 22 31 43
31 86 31 56 64 86
28 72 28 35 39 58 67 72
37 80 37 51 80
4 78 4 23 66 78
2 32 2 23 32
22 73 22 43 44 55 67 73
31 82 31 43 52 64 71 82
21 72 21 42 51 67 72
43 81 43 52 80 81
22 83 22 43 44 79 83
18 43 18 22 31 43
18 58 18 22 43 44 55 58
14 48 14 34 48
14 78 14 25 40 78
4 75 4 23 37 48 75
43 80 43 52 80
19 89 19 38 89
1 51 1 37 51
30 84 30 44 79 84
33 73 33 51 67 73
43 84 43 44 55 84
4 72 4 23 49 72
2 77 2 9 20 55 58 77
42 64 42 51 59 64
3 48 3 37 48
35 88 35 39 58 67 72 88
8 64 8 9 20 56 64
19 86 19 43 52 64 86
18 78 18 20 40 78
4 70 4 70
14 33 14 25 33
4 75 4 30 34 48 75
1 80 1 37 51 80
43 86 43 52 64 86
15 71 15 22 43 52 64 71
26 83 26 42 51 80 81 83
14 67 14 42 51 67
42 86 42 62 72 86
14 61 14 25 33 61
31 82 31 43 44 55 67 82
15 77 15 30 44 55 58 77
14 51 14 42 51
3 58 3 30 44 55 58
58 86 58 67 72 86
4 78 4 23 66 78
21 37 21 26 28 37
14 86 14 34 48 52 64 86
8 41 8 41
15 59 15 26 42 51 59
1 48 1 13 29 48
7 48 7 14 28 37 48
2 83 2 33 51 80 81 83
43 79 43 44 79
13 52 13 29 48 52
22 83 22 34 79 83
28 82 28 41 70 82
4 44 4 30 44
51 73 51 67 73
21 50 21 26 28 41 50
2 64 2 9 20 56 64
3 44 3 27 44
38 89 38 89
35 86 35 39 58 67 72 86
8 89 8 9 20 39 58 77 89
22 81 22 34 48 75 80 81
19 73 19 43 44 55 58 67 73
49 72 49 72
21 83 21 26 28 37 48 75 80 81 83
42 82 42 51 59 64 71 82
49 72 49 72
7 67 7 14 28 37 51 67
1 7 1 7
14 59 14 59
1 13 1 13
64 71 64 71
14 61 14 25 33 61
14 50 14 28 41 50
9 55 9 20 55
35 59 35 59
8 57 8 41 57
42 73 42 51 67 73
1 81 1 37 52 80 81
33 80 33 51 80
4 34 4 30 34
39 82 39 58 67 82
1 75 1 37 48 75
13 71 13 29 48 52 71
18 44 18 22 43 44
11 82 11 59 64 71 82
4 79 4 30 34 79
8 9 8 9
2 72 2 23 37 72
15 67 15 26 42 51 67
6 48 6 37 48
16 67 16 35 39 58 67
22 52 22 43 52
14 70 14 28 41 70
28 86 28 64 86
4 82 4 30 34 48 52 64 82
20 73 20 39 58 67 73
4 82 4 23 37 48 52 71 82
1 58 1 13 20 55 58
28 58 28 35 39 58
62 88 62 72 88
22 73 22 43 44 55 67 73
2 78 2 78
21 88 21 58 67 72 88
25 71 25 33 51 59 64 71
16 80 16 29 48 52 80
15 79 15 22 34 79
21 70 21 26 28 41 70
43 71 43 52 64 71
1 23 1 2 23
30 84 30 44 84
8 63 8 41 57 63
49 72 49 72
8 59 8 28 37 51 59
2 75 2 23 37 48 75
8 20 8 9 20
2 64 2 23 37 51 59 64
2 75 2 23 37 48 75
6 75 6 16 29 48 75
41 81 41 70 81
19 44 19 43 44
39 86 39 58 67 72 86
41 81 41 70 81
4 73 4 23 37 51 67 73
8 67 8 28 37 51 67
25 84 25 79 84
33 83 33 51 80 81 83
23 48 23 37 48
18 78 18 20 40 78
18 71 18 22 31 43 52 71
2 61 2 33 61
6 48 6 37 48
26 52 26 28 37 52
1 71 1 37 48 52 64 71
19 55 19 43 44 55
4 82 4 30 44 55 67 82
28 37 28 37
26 52 26 28 37 48 52
30 79 30 44 79
6 81 6 16 29 48 75 80 81
13 86 13 28 64 86
30 55 30 44 55
30 48 30 48
19 52 19 43 52
28 89 28 77 89
35 64 35 59 64
19 64 19 56 64
41 50 41 50
18 80 18 22 31 43 52 80
8 80 8 28 37 48 75 80
39 58 39 58
13 86 13 29 48 52 64 86
28 73 28 35 39 58 67 73
11 82 11 59 64 71 82
43 86 43 44 55 58 67 72 86
13 80 13 28 37 51 80
19 84 19 43 44 84
19 44 19 43 44
9 67 9 20 39 58 67
58 73 58 67 73
35 64 35 59 64
2 52 2 23 37 52
23 75 23 37 48 75
31 67 31 43 44 55 58 67
15 50 15 26 28 41 50
19 82 19 82
34 86 34 48 52 64 86
19 80 19 43 52 80
39 72 39 58 67 72
3 72 3 27 44 55 58 67 72
28 37 28 37
51 73 51 67 73
51 67 51 67
8 59 8 28 35 59
1 60 1 13 28 41 50 60
21 60 21 26 28 41 50 60
59 86 59 64 86
15 86 15 26 42 62 72 86
2 61 2 33 61
42 89 42 51 59 89
4 58 4 30 44 55 58
37 83 37 51 80 81 83
34 80 34 48 75 80
20 55 20 55
19 71 19 56 64 71
21 37 21 26 28 37
14 64 14 25 35 59 64
2 78 2 78
1 50 1 7 14 28 41 50
23 32 23 32
35 86 35 39 58 67 72 86
31 89 31 43 52 77 89
13 84 13 20 55 84
43 81 43 52 80 81
4 83 4 23 37 48 75 80 81 83
13 75 13 26 28 37 48 75
7 79 7 14 34 79
4 82 4 23 37 51 67 82
22 43 22 31 43
30 81 30 34 48 75 80 81
7 73 7 43 44 55 58 67 73
8 64 8 28 37 52 64
7 80 7 14 28 37 51 80
21 59 21 26 28 35 59
28 58 28 35 39 58
14 89 14 42 51 59 89
21 60 21 26 28 41 50 60
26 86 26 28 64 86
18 64 18 22 43 52 64
42 86 42 62 72 86
7 50 7 14 28 41 50
11 86 11 59 64 86
6 80 6 37 48 75 80
3 58 3 30 44 55 58
33 81 33 51 80 81
21 57 21 26 28 41 57
2 9 2 9
7 79 7 14 34 79
7 48 7 14 28 37 48
27 79 27 44 79
15 80 15 26 28 37 52 80
25 83 25 33 51 80 81 83
22 59 22 34 59
3 78 3 27 78
16 83 16 29 48 52 80 81 83
15 70 15 26 28 41 70
35 58 35 39 58
51 71 51 59 64 71
11 86 11 59 64 86
13 84 13 84
59 86 59 64 86
2 86 2 23 37 52 64 86
20 71 20 56 64 71
19 82 19 43 44 55 58 67 82
15 44 15 22 43 44
19 71 19 56 64 71
42 51 42 51
34 83 34 48 75 80 81 83
27 44 27 44
2 83 2 33 51 80 81 83
22 75 22 34 48 75
1 84 1 2 9 20 55 84
25 83 25 33 51 80 81 83
6 86 6 86
43 71 43 52 64 71
42 82 42 51 59 64 71 82
18 59 18 59
3 20 3 9 20
28 58 28 35 39 58
2 37 2 23 37
7 79 7 43 44 79
27 44 27 44
14 52 14 28 37 52
2 78 2 33 78
28 86 28 64 86
19 71 19 43 52 71
43 81 43 52 80 81
6 52 6 37 52
14 33 14 25 33
7 67 7 14 28 37 51 67
21 48 21 26 28 37 48
14 88 14 42 62 72 88
39 89 39 58 77 89
14 64 14 59 64
3 81 3 30 48 52 80 81
15 67 15 26 28 35 39 58 67
4 89 4 23 37 52 77 89
22 67 22 43 44 55 58 67
26 86 26 42 51 86
4 78 4 23 66 78
14 61 14 25 33 61
31 52 31 43 52
2 9 2 9
14 58 14 28 35 39 58
4 73 4 23 37 51 67 73
1 55 1 2 9 20 55
28 48 28 37 48
1 78 1 78
15 64 15 26 42 51 59 64
23 81 23 37 48 52 80 81
3 48 3 37 48
3 37 3 37
6 79 6 31 43 44 79
3 9 3 9
11 71 11 59 64 71
22 89 22 43 52 77 89
3 81 3 30 48 75 80 81
37 81 37 48 75 80 81
70 81 70 81
13 81 13 28 41 70 81
8 84 8 9 20 55 84
31 86 31 43 52 64 86
14 79 14 34 79
22 73 22 43 44 55 58 67 73
16 86 16 29 48 52 64 86
33 61 33 61
4 37 4 23 37
15 59 15 22 34 59
51 81 51 80 81
33 71 33 51 59 64 71
14 89 14 28 37 77 89
14 63 14 28 41 57 63
1 37 1 37
20 86 20 39 58 67 72 86
39 72 39 58 67 72
4 55 4 30 44 55
2 75 2 23 37 48 75
7 50 7 14 28 41 50
26 50 26 28 41 50
8 83 8 28 41 70 81 83
43 67 43 44 55 58 67
2 71 2 9 71
14 78 14 28 41 57 78
51 67 51 67
6 75 6 37 48 75
56 82 56 64 71 82
3 89 3 37 59 89
2 67 2 23 37 51 67
26 80 26 28 37 51 80
15 34 15 30 34
42 88 42 62 72 88
14 86 14 42 51 67 72 86
22 52 22 31 43 52
27 79 27 79
49 88 49 72 88
49 72 49 72
3 44 3 30 44
33 86 33 51 67 72 86
14 88 14 34 48 75 88
1 43 1 7 43
14 81 14 25 33 51 80 81
22 81 22 34 48 75 80 81
15 77 15 22 34 48 52 77
22 80 22 34 48 75 80
25 81 25 33 51 80 81
28 72 28 37 72
30 81 30 34 48 52 80 81
34 80 34 48 52 80
18 71 18 22 43 52 64 71
22 72 22 43 44 55 67 72
19 44 19 43 44
14 71 14 42 51 59 64 71
1 55 1 2 9 20 55
8 58 8 28 35 39 58
7 55 7 43 44 55
9 67 9 20 39 58 67
14 77 14 28 77
14 78 14 25 40 78
22 73 22 43 44 55 58 67 73
22 52 22 43 52
18 64 18 22 43 52 64
42 86 42 51 59 64 86
26 75 26 28 37 48 75
13 50 13 26 28 41 50
1 89 1 13 20 39 58 77 89
42 88 42 62 72 88
28 63 28 41 57 63
14 41 14 28 41
28 67 28 37 51 67
18 72 18 20 39 58 67 72
1 75 1 13 26 28 37 48 75
51 81 51 80 81
4 32 4 23 32
31 81 31 43 52 80 81
1 23 1 2 23
7 44 7 43 44
7 86 7 62 72 86
33 80 33 51 80
1 67 1 37 51 67
15 81 15 30 34 48 52 80 81
4 30 4 30
6 67 6 37 51 67
14 58 14 28 35 39 58
18 86 18 22 31 56 64 86
15 78 15 26 28 41 57 78
22 44 22 43 44
7 79 7 14 25 79
14 57 14 28 41 57
14 52 14 34 48 52
15 57 15 26 28 41 57
25 79 25 79
18 52 18 22 34 48 52
18 88 18 22 43 44 55 58 67 72 88
37 75 37 48 75
28 41 28 41
42 80 42 51 80
4 44 4 30 44
18 78 18 20 40 78
8 72 8 28 37 51 67 72
15 63 15 26 28 41 63
22 80 22 43 52 80
18 58 18 20 39 58
14 81 14 25 33 51 80 81
34 80 34 48 52 80
28 75 28 37 48 75
49 72 49 72
39 88 39 58 67 72 88
8 37 8 28 37
28 70 28 41 70
18 86 18 22 43 52 64 86
1 80 1 37 52 80
7 83 7 43 52 80 81 83
8 63 8 28 41 57 63
15 75 15 26 28 37 48 75
1 64 1 2 56 64
8 55 8 9 20 55
16 67 16 35 39 58 67
35 86 35 39 58 67 72 86
34 71 34 59 64 71
28 58 28 35 39 58
34 79 34 79
30 55 30 44 55
14 77 14 34 48 52 77
14 58 14 28 35 39 58
62 72 62 72
28 82 28 82
6 29 6 16 29
21 50 21 26 28 41 50
4 66 4 23 66
37 52 37 52
3 55 3 27 44 55
31 44 31 43 44
18 81 18 22 31 43 52 80 81
25 71 25 35 59 64 71
39 67 39 58 67
3 48 3 37 48
18 67 18 22 31 43 44 55 67
20 55 20 55
31 83 31 43 44 79 83
2 75 2 23 37 48 75
8 89 8 28 37 51 59 89
28 73 28 37 51 67 73
15 55 15 30 44 55
22 83 22 43 52 80 81 83
22 52 22 43 52
18 59 18 22 34 59
1 82 1 2 9 71 82
15 52 15 26 28 37 52
28 59 28 37 51 59
14 50 14 28 41 50
7 75 7 14 34 48 75
1 58 1 2 9 20 55 58
28 60 28 41 50 60
8 84 8 9 20 55 84
15 82 15 30 44 55 58 67 82
3 86 3 9 62 72 86
4 70 4 70
42 59 42 51 59
6 67 6 31 43 44 55 67
3 67 3 37 51 67
39 82 39 58 67 82
27 84 27 79 84
3 59 3 30 34 59
23 66 23 66
42 81 42 51 80 81
4 83 4 30 34 48 52 80 81 83
8 80 8 28 37 51 80
56 86 56 64 86
8 50 8 28 41 50
15 58 15 22 43 44 55 58
1 79 1 7 14 25 79
30 84 30 34 79 84
19 58 19 43 44 55 58
14 52 14 28 37 48 52
22 79 22 31 43 44 79
18 75 18 22 34 48 75
13 50 13 28 41 50
41 81 41 70 81
35 77 35 39 58 77
28 80 28 37 48 75 80
51 71 51 59 64 71
31 71 31 43 52 64 71
51 67 51 67
42 59 42 51 59
51 71 51 59 64 71
15 51 15 26 42 51
43 81 43 52 80 81
15 79 15 30 34 79
15 44 15 22 31 43 44
31 72 31 43 44 55 67 72
8 83 8 28 41 70 81 83
4 81 4 70 81
27 84 27 79 84
18 48 18 22 34 48
28 59 28 37 51 59
20 71 20 56 64 71
3 64 3 30 34 48 52 64
15 82 15 26 28 64 82
1 71 1 2 23 37 51 59 64 71
34 71 34 59 64 71
18 59 18 22 34 59
37 81 37 48 75 80 81
8 48 8 28 37 48
22 73 22 31 43 44 55 67 73
21 73 21 42 51 67 73
31 64 31 43 52 64
21 75 21 26 28 37 48 75
21 52 21 26 28 37 52
31 58 31 43 44 55 58
21 59 21 42 51 59
13 29 13 29
13 83 13 29 48 52 80 81 83
14 63 14 25 63
21 83 21 42 51 80 81 83
58 86 58 67 72 86
30 52 30 34 48 52
19 44 19 43 44
1 9 1 2 9
39 86 39 58 67 72 86
2 67 2 9 20 55 67
37 86 37 49 72 86
43 80 43 52 80
42 72 42 51 67 72
2 86 2 33 62 72 86
31 88 31 43 44 55 67 72 88
8 51 8 28 37 51
42 64 42 51 59 64
21 81 21 42 51 80 81
3 72 3 30 44 55 67 72
26 52 26 28 37 52
15 89 15 26 28 77 89
22 84 22 34 79 84
13 55 13 20 55
3 75 3 30 48 75
1 60 1 13 60
15 37 15 26 28 37
8 86 8 28 64 86
34 83 34 48 75 80 81 83
15 67 15 30 44 55 67
15 43 15 22 31 43
9 71 9 71
42 86 42 62 72 86
6 84 6 31 43 44 79 84
8 67 8 28 37 51 67
2 80 2 23 37 48 52 80
15 86 15 26 42 62 72 86
8 70 8 41 70
37 80 37 51 80
15 77 15 30 34 48 52 77
26 75 26 28 37 48 75
15 34 15 30 34
41 83 41 70 81 83
2 59 2 33 51 59
13 83 13 29 48 75 80 81 83
14 63 14 25 63
6 55 6 31 43 44 55
6 73 6 16 35 39 58 67 73
31 83 31 43 52 80 81 83
39 86 39 58 67 72 86
26 81 26 42 51 80 81
4 73 4 30 44 55 67 73
42 72 42 51 67 72
1 32 1 2 23 32
15 50 15 26 28 41 50
20 71 20 56 64 71
3 44 3 27 44
21 59 21 26 28 35 59
6 44 6 31 43 44
33 83 33 51 80 81 83
16 86 16 35 39 58 67 72 86
33 67 33 51 67
15 59 15 22 34 59
26 52 26 28 37 48 52
25 84 25 79 84
2 72 2 33 62 72
1 33 1 7 14 25 33
21 83 21 26 42 51 80 81 83
18 89 18 22 43 44 84 89
2 64 2 56 64
30 86 30 34 48 52 64 86
3 71 3 30 34 48 52 71
43 80 43 52 80
2 23 2 23
8 84 8 9 20 55 84
15 26 15 26
28 81 28 37 51 80 81
8 48 8 28 37 48
1 13 1 13
28 89 28 77 89
18 86 18 22 43 44 55 67 72 86
1 81 1 2 33 51 80 81
19 79 19 43 44 79
1 48 1 2 23 37 48
37 73 37 51 67 73
6 86 6 37 51 59 64 86
2 84 2 9 20 55 84
20 73 20 39 58 67 73
2 9 2 9
26 81 26 42 51 80 81
8 86 8 41 57 72 86
3 51 3 37 51
16 83 16 29 48 75 80 81 83
4 79 4 30 34 79
64 71 64 71
1 58 1 2 9 20 39 58
34 86 34 86
43 52 43 52
11 64 11 59 64
1 63 1 13 28 41 57 63
3 20 3 9 20
22 44 22 43 44
22 52 22 43 52
15 89 15 30 44 55 84 89
43 67 43 44 55 58 67
2 73 2 33 51 67 73
51 71 51 59 64 71
20 71 20 56 64 71
23 80 23 37 51 80
8 86 8 9 20 39 58 67 72 86
9 55 9 20 55
58 73 58 67 73
3 9 3 9
9 55 9 20 55
35 86 35 39 58 67 72 86
25 84 25 79 84
1 41 1 13 26 28 41
22 86 22 43 52 64 86
14 81 14 25 33 51 80 81
49 72 49 72
6 29 6 16 29
56 71 56 64 71
21 81 21 26 42 51 80 81
7 73 7 43 44 55 67 73
37 67 37 51 67
15 26 15 26
30 86 30 34 59 64 86
2 83 2 33 51 80 81 83
31 81 31 43 52 80 81
16 29 16 29
2 82 2 82
4 51 4 23 37 51
6 48 6 16 29 48
14 79 14 25 79
2 78 2 33 78
43 52 43 52
9 86 9 62 72 86
1 61 1 7 14 25 33 61
37 67 37 51 67
9 67 9 20 55 58 67
42 71 42 51 59 64 71
28 81 28 37 48 75 80 81
42 67 42 51 67
18 59 18 22 34 59
3 44 3 27 44
26 81 26 28 41 70 81
1 55 1 2 9 20 55
25 73 25 35 39 58 67 73
2 67 2 33 51 67
33 71 33 51 59 64 71
33 73 33 51 67 73
22 71 22 31 43 52 64 71
35 89 35 59 89
34 71 34 59 64 71
28 86 28 41 57 72 86
18 88 18 22 34 48 88
58 73 58 67 73
18 81 18 22 43 52 80 81
4 84 4 30 34 79 84
35 82 35 59 64 71 82
14 50 14 28 41 50
64 86 64 86
21 63 21 26 28 41 57 63
15 72 15 26 42 62 72
20 67 20 55 67
15 67 15 30 44 55 67
19 81 19 43 52 80 81
28 83 28 41 70 81 83
35 59 35 59
14 50 14 28 41 50
58 86 58 67 72 86
27 67 27 44 55 67
2 80 2 23 37 48 52 80
51 81 51 80 81
14 77 14 28 37 77
1 59 1 13 26 42 51 59
22 52 22 43 52
28 78 28 41 57 78
14 37 14 28 37
51 83 51 80 81 83
21 60 21 26 28 41 50 60
42 73 42 51 67 73
8 20 8 9 20
13 81 13 29 48 75 80 81
8 86 8 28 41 49 72 86
1 78 1 78
1 83 1 2 33 51 80 81 83
4 51 4 23 37 51
18 88 18 22 43 44 55 67 72 88
19 64 19 56 64
21 83 21 26 42 51 80 81 83
1 52 1 7 14 28 37 48 52
26 73 26 42 51 67 73
18 64 18 59 64
2 82 2 82
8 71 8 28 35 59 64 71
37 81 37 48 52 80 81
43 84 43 44 55 84
3 20 3 9 20
4 84 4 30 34 79 84
16 48 16 29 48
31 64 31 43 52 64
3 78 3 27 78
28 37 28 37
2 89 2 23 37 51 59 89
16 75 16 29 48 75
4 64 4 23 37 59 64
19 67 19 43 44 55 58 67
22 77 22 31 43 44 55 58 77
15 26 15 26
39 67 39 58 67
14 52 14 34 48 52
8 82 8 41 70 82
25 73 25 35 39 58 67 73
8 52 8 28 37 52
42 51 42 51
1 29 1 13 29
33 61 33 61
34 84 34 79 84
30 44 30 44
19 84 19 43 44 55 84
14 84 14 34 79 84
28 77 28 35 39 58 77
8 59 8 28 37 51 59
31 43 31 43
6 73 6 16 35 39 58 67 73
15 41 15 26 28 41
64 71 64 71
11 82 11 59 64 82
28 70 28 41 70
21 89 21 26 42 51 59 89
43 80 43 52 80
43 73 43 44 55 58 67 73
14 33 14 25 33
21 81 21 26 28 37 48 52 80 81
3 71 3 9 71
25 86 25 35 59 64 86
14 88 14 34 48 75 88
1 25 1 7 14 25
6 52 6 37 52
21 60 21 26 28 41 50 60
4 86 4 30 34 59 64 86
14 88 14 28 41 49 72 88
18 83 18 22 34 48 52 80 81 83
1 79 1 7 14 34 79
31 43 31 43
3 52 3 37 52
16 81 16 29 48 52 80 81
8 82 8 28 41 50 82
15 82 15 30 44 55 67 82
51 71 51 59 64 71
18 75 18 22 34 48 75
8 67 8 9 20 39 58 67
7 84 7 14 34 79 84
20 71 20 56 64 71
1 55 1 7 43 44 55
3 44 3 27 44
9 84 9 20 55 84
58 73 58 67 73
26 48 26 28 37 48
1 25 1 7 14 25
15 63 15 26 28 41 57 63
2 33 2 33
14 64 14 28 64
2 78 2 9 20 40 78
39 88 39 58 67 72 88
21 77 21 26 28 37 52 77
34 48 34 48
7 86 7 14 25 33 62 72 86
20 55 20 55
51 86 51 86
4 30 4 30
22 48 22 34 48
8 51 8 28 37 51
35 82 35 59 64 82
4 89 4 23 66 77 89
20 67 20 55 67
19 58 19 43 44 55 58
4 59 4 30 34 59
8 41 8 28 41
15 80 15 26 42 51 80
18 52 18 22 31 43 52
6 75 6 37 48 75
26 50 26 28 41 50
16 80 16 29 48 75 80
6 55 6 31 43 44 55
1 37 1 37
2 64 2 33 51 59 64
39 88 39 58 67 72 88
1 81 1 7 14 25 33 51 80 81
31 44 31 43 44
37 83 37 48 52 80 81 83
14 77 14 34 48 52 77
14 50 14 28 41 50
6 75 6 37 48 75
4 81 4 23 37 52 80 81
14 33 14 25 33
21 58 21 58
6 83 6 16 29 48 52 80 81 83
8 50 8 28 41 50
18 52 18 22 43 52
22 71 22 43 52 71
1 64 1 13 26 28 37 52 64
42 81 42 51 80 81
15 48 15 22 34 48
21 41 21 26 28 41
51 81 51 80 81
16 81 16 29 48 52 80 81
13 52 13 26 28 37 52
15 83 15 30 48 52 80 81 83
11 64 11 59 64
15 51 15 26 42 51
22 52 22 31 43 52
6 83 6 16 29 48 75 80 81 83
30 81 30 34 48 75 80 81
1 80 1 7 43 52 80
11 89 11 59 89
22 82 22 34 59 64 71 82
25 84 25 79 84
14 52 14 34 48 52
25 67 25 33 51 67
28 64 28 35 59 64
8 80 8 28 37 51 80
4 77 4 30 34 48 52 77
28 50 28 41 50
56 82 56 64 82
34 52 34 48 52
49 88 49 72 88
28 59 28 37 51 59
31 83 31 43 52 80 81 83
1 75 1 2 23 37 48 75
26 67 26 28 35 39 58 67
3 72 3 9 20 55 67 72
37 75 37 48 75
9 55 9 20 55
18 80 18 22 43 52 80
39 77 39 58 77
28 58 28 35 39 58
22 73 22 43 44 55 67 73
28 86 28 41 49 72 86
8 75 8 28 37 48 75
8 75 8 28 37 48 75
1 80 1 7 14 42 51 80
42 71 42 51 59 64 71
14 77 14 34 48 52 77
21 52 21 26 28 37 48 52
3 44 3 30 44
6 44 6 31 43 44
38 89 38 89
4 58 4 30 44 55 58
23 83 23 37 51 80 81 83
14 48 14 28 37 48
6 52 6 31 43 52
35 77 35 39 58 77
15 80 15 22 43 52 80
18 48 18 22 34 48
19 73 19 43 44 55 58 67 73
33 80 33 51 80
4 89 4 30 44 79 84 89
6 67 6 16 35 39 58 67
1 29 1 13 29
4 58 4 30 44 55 58
14 58 14 25 35 39 58
35 73 35 39 58 67 73
42 67 42 51 67
35 82 35 39 58 67 82
6 29 6 16 29
8 59 8 28 35 59
11 71 11 59 64 71
14 41 14 28 41
1 58 1 13 26 28 35 39 58
14 37 14 28 37
13 55 13 20 55
15 78 15 26 28 41 57 78
19 77 19 43 52 77
1 80 1 13 26 28 37 52 80
43 67 43 44 55 58 67
3 75 3 30 34 48 75
21 80 21 26 28 37 52 80
1 43 1 7 43
19 84 19 43 44 79 84
26 83 26 42 51 80 81 83
28 64 28 35 59 64
3 89 3 30 34 59 89
1 67 1 37 51 67
22 84 22 31 43 44 84
51 71 51 59 64 71
2 77 2 9 20 39 58 77
23 75 23 37 48 75
43 79 43 44 79
28 73 28 35 39 58 67 73
25 67 25 35 39 58 67
3 9 3 9
2 82 2 9 71 82
7 79 7 43 44 79
43 71 43 52 71
19 79 19 43 44 79
34 75 34 48 75
16 52 16 29 48 52
1 81 1 7 43 52 80 81
8 77 8 9 20 55 58 77
11 64 11 59 64
14 77 14 28 37 48 52 77
22 71 22 43 52 71
28 48 28 37 48
25 61 25 33 61
30 52 30 34 48 52
14 81 14 34 48 75 80 81
8 84 8 9 20 55 84
85 88 85 88
7 52 7 14 34 48 52
4 34 4 30 34
23 86 23 49 72 86
15 79 15 30 44 79
41 83 41 70 81 83
15 55 15 22 43 44 55
21 50 21 26 28 41 50
6 83 6 31 43 52 80 81 83
31 55 31 43 44 55
13 29 13 29
19 44 19 43 44
1 25 1 7 14 25
21 67 21 42 51 67
31 67 31 43 44 55 58 67
6 86 6 86
51 81 51 80 81
7 79 7 43 44 79
19 52 19 43 52
7 55 7 43 44 55
15 26 15 26
19 81 19 43 52 80 81
19 83 19 43 52 80 81 83
2 55 2 9 20 55
8 70 8 28 41 70
21 78 21 26 28 41 57 78
15 30 15 30
2 67 2 33 51 67
19 52 19 43 52
3 67 3 30 44 55 67
2 71 2 23 37 59 64 71
13 84 13 84
8 67 8 28 35 39 58 67
3 75 3 37 48 75
34 83 34 48 52 80 81 83
7 81 7 43 52 80 81
26 75 26 28 37 48 75
14 61 14 25 33 61
33 86 33 51 86
30 44 30 44
43 83 43 52 80 81 83
13 71 13 26 28 64 71
2 20 2 9 20
1 41 1 13 26 28 41
15 89 15 30 48 52 77 89
28 75 28 37 48 75
22 55 22 43 44 55
58 86 58 67 72 86
1 79 1 7 14 34 79
23 83 23 37 52 80 81 83
34 75 34 48 75
8 81 8 41 70 81
33 81 33 51 80 81
4 79 4 30 34 79
14 61 14 25 33 61
22 84 22 31 43 44 55 84
31 73 31 43 44 55 58 67 73
30 79 30 34 79
43 80 43 52 80
1 84 1 13 84
19 44 19 43 44
15 75 15 22 34 48 75
3 51 3 37 51
31 77 31 43 52 77
18 88 18 20 55 67 72 88
2 55 2 9 20 55
14 51 14 42 51
11 82 11 59 64 71 82
22 82 22 43 52 71 82
2 89 2 9 20 39 58 77 89
9 73 9 20 55 67 73
8 72 8 28 35 39 58 67 72
56 71 56 64 71
2 61 2 33 61
42 59 42 51 59
22 73 22 31 43 44 55 58 67 73
6 84 6 31 43 44 79 84
3 82 3 82
6 86 6 16 86
28 51 28 37 51
18 64 18 59 64
3 81 3 30 34 48 52 80 81
27 55 27 44 55
21 60 21 26 28 41 50 60
15 80 15 22 43 52 80
51 73 51 67 73
35 71 35 59 64 71
22 64 22 43 52 64
21 88 21 58 67 72 88
14 81 14 42 51 80 81
1 64 1 37 59 64
42 73 42 51 67 73
28 60 28 41 50 60
11 71 11 59 64 71
18 88 18 20 55 58 67 72 88
4 52 4 23 37 48 52
7 61 7 14 25 33 61
1 75 1 13 28 37 48 75
42 89 42 51 59 89
8 60 8 28 41 50 60
8 63 8 28 41 63
15 80 15 26 42 51 80
56 64 56 64
42 72 42 62 72
3 51 3 37 51
13 80 13 29 48 52 80
34 71 34 59 64 71
6 52 6 16 29 48 52
39 88 39 58 67 72 88
3 34 3 30 34
14 51 14 42 51
28 48 28 37 48
21 59 21 26 28 35 59
1 59 1 2 33 51 59
18 79 18 22 34 79
39 73 39 58 67 73
22 64 22 43 52 64
13 67 13 20 55 58 67
4 84 4 30 34 79 84
23 75 23 37 48 75
25 84 25 79 84
15 30 15 30
64 86 64 86
21 26 21 26
64 71 64 71
13 75 13 28 37 48 75
3 64 3 37 52 64
37 86 37 49 72 86
33 61 33 61
13 73 13 20 39 58 67 73
4 30 4 30
35 73 35 39 58 67 73
30 48 30 48
14 72 14 42 51 67 72
14 82 14 25 35 39 58 67 82
22 67 22 31 43 44 55 67
14 52 14 28 37 52
14 67 14 42 51 67
3 51 3 37 51
16 86 16 29 48 52 64 86
19 64 19 56 64
1 70 1 7 14 28 41 70
15 64 15 22 34 59 64
1 29 1 13 29
3 30 3 30
19 43 19 43
4 64 4 30 34 59 64
1 25 1 7 14 25
2 80 2 23 37 51 80
9 86 9 20 55 67 72 86
56 82 56 82
43 84 43 44 84
14 70 14 28 41 70
15 60 15 26 28 41 50 60
14 75 14 34 48 75
4 32 4 23 32
19 80 19 43 52 80
8 48 8 28 37 48
37 48 37 48
3 86 3 37 48 52 64 86
3 37 3 37
1 86 1 37 49 72 86
28 37 28 37
23 66 23 66
7 86 7 43 44 55 58 67 72 86
22 89 22 43 52 77 89
31 72 31 43 44 55 58 67 72
3 37 3 37
39 73 39 58 67 73
43 84 43 44 55 84
21 88 21 42 62 72 88
19 55 19 43 44 55
1 58 1 2 9 20 55 58
4 89 4 30 48 52 77 89
6 81 6 31 43 52 80 81
33 71 33 51 59 64 71
2 75 2 23 37 48 75
21 37 21 26 28 37
31 43 31 43
3 88 3 27 79 88
37 83 37 52 80 81 83
4 58 4 30 44 55 58
34 71 34 48 52 71
13 50 13 26 28 41 50
22 75 22 34 48 75
16 81 16 29 48 52 80 81
43 81 43 52 80 81
6 81 6 37 52 80 81
1 25 1 7 14 25
56 64 56 64
1 50 1 7 14 28 41 50
22 86 22 43 44 55 67 72 86
16 67 16 35 39 58 67
4 34 4 30 34
1 59 1 7 14 59
31 44 31 43 44
3 84 3 27 79 84
15 34 15 22 34
3 58 3 27 44 55 58
14 61 14 25 33 61
39 58 39 58
21 48 21 26 28 37 48
1 88 1 37 49 72 88
1 13 1 13
21 78 21 26 28 41 57 78
37 71 37 51 59 64 71
37 67 37 51 67
28 78 28 41 57 78
4 80 4 23 37 51 80
30 80 30 34 48 52 80
15 59 15 30 34 59
15 83 15 22 34 48 75 80 81 83
1 20 1 13 20
3 20 3 9 20
4 82 4 70 82
31 71 31 43 52 64 71
64 86 64 86
43 52 43 52
3 67 3 27 44 55 58 67
37 67 37 51 67
56 71 56 64 71
3 77 3 30 44 55 58 77
2 80 2 23 37 51 80
35 72 35 39 58 67 72
18 72 18 22 31 43 44 55 67 72
2 52 2 23 37 52
33 61 33 61
8 78 8 40 78
42 71 42 51 59 64 71
37 48 37 48
21 52 21 26 28 37 52
6 52 6 37 48 52
21 83 21 42 51 80 81 83
15 82 15 22 31 56 64 71 82
42 89 42 51 59 89
1 23 1 2 23
2 20 2 9 20
1 60 1 13 26 28 41 50 60
41 83 41 70 81 83
3 9 3 9
21 41 21 26 28 41
4 71 4 30 48 52 71
35 64 35 59 64
33 86 33 49 72 86
19 44 19 43 44
35 59 35 59
3 30 3 30
2 37 2 23 37
20 84 20 55 84
3 72 3 37 51 67 72
18 77 18 20 39 58 77
59 71 59 64 71
15 55 15 22 43 44 55
1 58 1 39 58
15 52 15 30 34 48 52
35 67 35 39 58 67
37 67 37 51 67
41 50 41 50
15 50 15 26 28 41 50
42 73 42 51 67 73
14 59 14 59
3 86 3 64 86
1 34 1 7 14 34
22 71 22 31 43 52 64 71
7 84 7 43 44 84
28 81 28 37 51 80 81
7 80 7 43 52 80
4 32 4 23 32
4 51 4 23 37 51
4 89 4 23 66 77 89
23 48 23 37 48
31 52 31 43 52
42 89 42 51 59 89
39 77 39 58 77
27 84 27 44 79 84
15 77 15 26 28 35 39 58 77
26 52 26 28 37 48 52
35 58 35 39 58
22 34 22 34
8 71 8 28 37 51 59 64 71
7 73 7 14 25 33 51 67 73
56 82 56 64 82
8 71 8 28 37 51 59 64 71
2 83 2 33 51 80 81 83
27 79 27 79
3 71 3 37 59 64 71
15 43 15 22 43
1 84 1 7 14 34 79 84
19 89 19 43 52 77 89
3 83 3 27 44 79 83
21 72 21 26 42 62 72
3 30 3 30
1 88 1 2 23 49 72 88
18 48 18 22 34 48
22 71 22 34 48 52 64 71
19 80 19 43 52 80
34 48 34 48
1 79 1 7 14 34 79
8 88 8 9 20 55 67 72 88
13 52 13 29 48 52
35 58 35 39 58
23 81 23 37 51 80 81
6 48 6 37 48
51 86 51 59 64 86
19 88 19 62 72 88
43 83 43 44 79 83
16 73 16 35 39 58 67 73
2 48 2 23 37 48
25 67 25 35 39 58 67
3 88 3 9 62 72 88
15 89 15 30 48 52 77 89
1 23 1 2 23
15 89 15 26 42 51 59 89
31 88 31 43 44 79 88
37 80 37 51 80
3 37 3 37
4 37 4 23 37
15 51 15 26 28 37 51
1 7 1 7
34 48 34 48
1 78 1 78
13 55 13 20 55
4 44 4 30 44
7 48 7 14 34 48
30 52 30 34 48 52
4 58 4 30 44 55 58
14 61 14 25 33 61
1 32 1 2 23 32
28 80 28 37 48 75 80
34 52 34 48 52
22 84 22 43 44 55 84
4 89 4 30 44 55 58 77 89
14 57 14 28 41 57
1 72 1 49 72
18 58 18 22 43 44 55 58
62 72 62 72
19 64 19 56 64
3 86 3 64 86
14 83 14 34 48 75 80 81 83
9 71 9 71
13 75 13 29 48 75
15 79 15 22 43 44 79
22 83 22 31 43 52 80 81 83
42 71 42 51 59 64 71
15 73 15 22 31 43 44 55 58 67 73
15 48 15 22 34 48
15 67 15 26 42 51 67
16 73 16 35 39 58 67 73
22 84 22 43 44 79 84
85 88 85 88
33 67 33 51 67
15 43 15 22 31 43
35 77 35 39 58 77
4 79 4 30 34 79
42 51 42 51
6 80 6 37 51 80
6 79 6 31 43 44 79
1 77 1 37 48 52 77
18 75 18 22 34 48 75
28 59 28 37 59
21 37 21 26 28 37
7 81 7 43 52 80 81
3 84 3 9 20 55 84
2 23 2 23
1 89 1 39 58 77 89
15 89 15 26 28 35 59 89
28 51 28 37 51
15 89 15 26 42 51 59 89
14 79 14 25 79
14 61 14 25 33 61
2 83 2 33 51 80 81 83
35 71 35 59 64 71
28 48 28 37 48
34 79 34 79
13 50 13 26 28 41 50
28 67 28 35 39 58 67
62 86 62 72 86
1 67 1 13 20 55 67
21 88 21 42 62 72 88
14 57 14 28 41 57
31 43 31 43
8 9 8 9
28 81 28 37 48 52 80 81
27 55 27 44 55
1 79 1 7 43 44 79
3 72 3 27 44 55 58 67 72
14 83 14 42 51 80 81 83
1 25 1 7 14 25
26 81 26 28 37 52 80 81
14 34 14 34
27 67 27 44 55 67
42 80 42 51 80
22 67 22 43 44 55 67
43 71 43 52 64 71
15 86 15 30 48 52 64 86
11 59 11 59
30 84 30 34 79 84
19 83 19 43 44 79 83
26 80 26 42 51 80
25 71 25 35 59 64 71
39 73 39 58 67 73
28 83 28 41 70 81 83
22 48 22 34 48
28 83 28 37 51 80 81 83
3 75 3 30 48 75
1 25 1 7 14 25
14 88 14 28 37 48 75 88
28 89 28 35 59 89
15 89 15 22 34 59 89
13 75 13 28 37 48 75
8 59 8 28 37 59
37 86 37 48 52 64 86
13 55 13 20 55
1 9 1 2 9
28 64 28 37 52 64
3 81 3 37 52 80 81
37 71 37 59 64 71
4 32 4 23 32
35 67 35 39 58 67
8 77 8 9 20 39 58 77
1 77 1 7 14 25 35 39 58 77
15 51 15 26 42 51
1 66 1 2 23 66
42 82 42 51 59 64 82
35 72 35 39 58 67 72
18 84 18 20 55 84
31 55 31 43 44 55
15 26 15 26
4 23 4 23
15 26 15 26
2 55 2 9 20 55
56 86 56 64 86
2 61 2 33 61
27 73 27 44 55 58 67 73
28 81 28 41 70 81
35 64 35 59 64
1 44 1 7 43 44
3 59 3 37 59
1 71 1 2 23 37 51 59 64 71
4 81 4 30 34 48 52 80 81
58 86 58 67 72 86
3 55 3 27 44 55
1 51 1 2 33 51
26 80 26 42 51 80
35 73 35 39 58 67 73
42 51 42 51
3 80 3 30 34 48 75 80
3 52 3 30 48 52
19 79 19 43 44 79
64 71 64 71
15 57 15 26 28 41 57
26 81 26 28 41 70 81
14 72 14 28 41 57 72
4 81 4 70 81
49 72 49 72
4 64 4 30 34 48 52 64
31 71 31 43 52 71
2 81 2 23 37 51 80 81
42 80 42 51 80
30 83 30 48 52 80 81 83
7 80 7 14 42 51 80
21 70 21 26 28 41 70
3 72 3 37 72
8 37 8 28 37
8 64 8 28 64
1 83 1 37 48 52 80 81 83
13 84 13 20 55 84
4 81 4 23 37 51 80 81
16 29 16 29
7 80 7 43 52 80
8 84 8 9 20 55 84
6 44 6 31 43 44
34 84 34 79 84
11 89 11 59 89
35 71 35 59 64 71
25 71 25 35 59 64 71
14 58 14 28 35 39 58
34 80 34 48 52 80
1 41 1 7 14 28 41
9 71 9 20 56 64 71
8 48 8 28 37 48
21 88 21 42 51 67 72 88
9 84 9 20 55 84
19 83 19 43 44 79 83
15 51 15 26 42 51
8 67 8 28 37 51 67
14 63 14 25 63
37 52 37 48 52
35 77 35 39 58 77
15 52 15 22 43 52
6 84 6 31 43 44 55 84
19 89 19 38 89
13 86 13 26 42 51 59 64 86
8 83 8 41 70 81 83
21 86 21 26 42 51 59 64 86
1 51 1 37 51
26 81 26 42 51 80 81
20 71 20 56 64 71
18 55 18 22 31 43 44 55
28 57 28 41 57
1 82 1 37 51 67 82
42 59 42 51 59
18 79 18 22 34 79
19 83 19 43 44 79 83
35 64 35 59 64
4 52 4 30 34 48 52
37 67 37 51 67
3 73 3 9 20 55 58 67 73
8 67 8 28 37 51 67
14 48 14 28 37 48
35 73 35 39 58 67 73
7 55 7 43 44 55
19 89 19 38 89
27 67 27 44 55 58 67
43 81 43 52 80 81
15 34 15 22 34
43 55 43 44 55
21 41 21 26 28 41
70 81 70 81
13 52 13 26 28 37 48 52
3 67 3 9 20 39 58 67
62 86 62 72 86
