10 64 10 17 33 51 59 64
2 82 2 9 20 56 64 82
3 75 3 30 48 75
3 88 3 27 88
1 79 1 7 43 44 79
22 56 22 31 56
36 60 36 50 60
26 52 26 28 37 52
8 51 8 28 37 51
1 29 1 13 29
8 51 8 28 37 51
0 28 0 13 26 28
1 68 1 2 9 20 39 58 68
3 58 3 9 20 39 58
4 78 4 23 66 78
27 77 27 44 55 58 77
22 72 22 43 44 55 67 72
11 71 11 59 64 71
12 44 12 24 27 44
29 52 29 48 52
4 78 4 23 66 78
7 59 7 14 34 59
34 48 34 48
13 35 13 28 35
9 56 9 20 56
9 68 9 20 40 68
42 59 42 51 59
22 58 22 43 44 55 58
34 88 34 79 88
15 69 15 30 44 55 58 68 69
10 64 10 48 52 64
2 58 2 9 20 55 58
49 88 49 72 88
42 62 42 62
28 63 28 41 63
21 77 21 26 28 35 39 58 77
33 61 33 61
15 56 15 22 31 56
15 59 15 22 34 59
0 40 0 20 40
21 83 21 26 28 37 48 75 80 81 83
37 72 37 72
28 39 28 35 39
0 79 0 10 24 27 44 79
52 83 52 80 81 83
2 32 2 23 32
6 31 6 31
2 23 2 23
6 43 6 31 43
34 81 34 48 75 80 81
49 69 49 69
37 48 37 48
0 77 0 13 28 77
19 64 19 43 52 64
1 25 1 7 14 25
28 65 28 35 39 65
13 68 13 26 28 68
24 68 24 27 44 55 58 68
17 73 17 58 67 73
0 63 0 13 26 28 41 63
23 87 23 49 72 87
14 82 14 25 82
1 2 1 2
17 87 17 58 67 72 87
33 67 33 51 67
25 81 25 33 51 80 81
27 79 27 44 79
51 87 51 67 72 87
51 82 51 67 82
43 77 43 44 55 58 77
67 73 67 73
41 49 41 49
43 67 43 44 55 58 67
24 68 24 27 44 55 58 68
3 78 3 27 78
1 26 1 13 26
25 79 25 79
10 73 10 17 33 51 67 73
20 56 20 56
7 78 7 57 78
25 80 25 33 51 80
33 51 33 51
26 62 26 42 62
6 64 6 31 43 52 64
3 56 3 9 20 56
12 83 12 24 83
6 74 6 31 68 74
6 73 6 16 35 39 58 67 73
5 84 5 79 84
1 56 1 2 56
26 70 26 28 41 70
41 72 41 57 72
12 27 12 24 27
34 81 34 48 52 80 81
12 72 12 24 27 44 55 67 72
30 68 30 44 55 58 68
12 69 12 24 27 44 55 58 68 69
24 84 24 27 79 84
75 83 75 80 81 83
12 88 12 29 48 75 88
7 83 7 43 44 79 83
33 51 33 51
40 68 40 68
17 33 17 33
26 62 26 42 62
2 62 2 33 62
12 84 12 24 27 79 84
8 52 8 28 37 52
0 35 0 13 28 35
16 87 16 35 39 58 67 72 87
8 41 8 28 41
20 58 20 55 58
25 68 25 35 39 58 68
57 72 57 72
35 58 35 39 58
27 72 27 44 55 67 72
27 79 27 44 79
16 88 16 35 39 58 67 72 88
71 82 71 82
58 86 58 67 72 86
79 88 79 88
15 65 15 26 28 41 57 63 65
7 76 7 43 44 55 58 68 69 76
14 37 14 28 37
28 72 28 37 49 72
0 44 0 27 44
6 16 6 16
53 80 53 80
51 86 51 59 64 86
10 84 10 17 20 55 84
16 88 16 29 48 75 88
41 88 41 49 72 88
10 62 10 17 33 62
34 52 34 48 52
36 69 36 37 49 69
0 52 0 13 29 48 52
29 64 29 48 52 64
42 59 42 51 59
13 89 13 28 37 48 52 77 89
20 84 20 55 84
34 75 34 48 75
13 82 13 20 55 58 67 82
75 81 75 80 81
37 86 37 52 64 86
30 67 30 44 55 58 67
17 80 17 33 51 80
18 86 18 59 64 86
9 40 9 20 40
14 69 14 28 35 39 58 68 69
6 35 6 16 35
6 73 6 37 51 67 73
36 87 36 37 51 67 72 87
12 83 12 29 48 52 80 81 83
3 89 3 9 20 39 58 77 89
0 56 0 20 56
41 49 41 49
56 74 56 74
27 69 27 44 55 58 68 69
10 52 10 30 34 48 52
35 73 35 39 58 67 73
19 87 19 62 72 87
19 64 19 56 64
37 71 37 59 64 71
0 79 0 10 24 27 79
53 89 53 84 89
17 86 17 58 67 72 86
26 49 26 28 37 49
9 71 9 71
28 89 28 37 59 89
36 87 36 37 72 87
8 68 8 40 68
2 56 2 56
0 29 0 13 29
26 58 26 28 35 39 58
33 71 33 51 59 64 71
26 42 26 42
21 35 21 26 28 35
3 74 3 30 44 55 58 68 74
2 86 2 56 64 86
36 51 36 37 51
25 68 25 40 68
15 30 15 30
22 34 22 34
19 86 19 43 52 64 86
3 27 3 27
34 71 34 59 64 71
16 67 16 35 39 58 67
26 68 26 28 35 39 58 68
18 48 18 22 34 48
3 75 3 30 34 48 75
33 59 33 51 59
28 72 28 41 49 72
14 60 14 28 41 50 60
33 72 33 49 72
7 74 7 14 28 68 74
12 71 12 37 52 64 71
13 65 13 26 28 41 57 63 65
39 87 39 58 67 72 87
15 58 15 30 44 55 58
33 81 33 51 80 81
19 38 19 38
0 89 0 10 17 58 77 89
47 75 47 75
17 72 17 58 67 72
14 88 14 28 41 49 72 88
25 85 25 85
55 89 55 58 77 89
33 81 33 51 80 81
9 77 9 20 55 58 77
8 89 8 9 20 39 58 77 89
51 86 51 59 64 86
14 84 14 34 79 84
12 51 12 37 51
20 84 20 55 84
28 59 28 37 59
25 67 25 33 51 67
8 80 8 28 37 48 52 80
4 88 4 23 49 72 88
1 63 1 13 28 41 57 63
30 34 30 34
40 68 40 68
11 86 11 59 64 86
10 84 10 17 20 55 84
38 89 38 89
8 55 8 9 20 55
15 58 15 26 28 35 39 58
6 81 6 31 43 52 80 81
10 61 10 17 33 61
33 72 33 51 67 72
9 39 9 20 39
2 23 2 23
3 75 3 30 34 48 75
26 42 26 42
1 74 1 7 14 28 68 74
10 72 10 17 58 67 72
19 89 19 38 89
1 79 1 7 43 44 79
18 55 18 22 43 44 55
43 67 43 44 55 58 67
0 17 0 10 17
1 58 1 39 58
49 88 49 72 88
53 89 53 84 89
15 56 15 22 31 56
3 51 3 37 51
44 67 44 55 58 67
12 59 12 37 59
55 67 55 58 67
17 87 17 20 55 67 72 87
56 74 56 74
33 81 33 51 80 81
14 78 14 28 41 57 78
12 69 12 24 27 44 55 58 68 69
13 67 13 26 28 35 39 58 67
7 80 7 14 25 33 51 80
33 73 33 51 67 73
7 83 7 43 52 80 81 83
44 68 44 55 58 68
27 79 27 44 79
39 74 39 58 68 74
12 29 12 29
10 77 10 17 58 77
16 88 16 29 48 88
0 29 0 13 29
26 72 26 28 41 49 72
43 74 43 44 55 58 68 74
3 65 3 38 65
6 89 6 31 43 52 77 89
25 87 25 33 51 67 72 87
20 55 20 55
16 39 16 35 39
1 44 1 7 43 44
39 76 39 76
0 56 0 20 56
21 48 21 26 28 37 48
37 76 37 76
6 59 6 37 59
0 30 0 10 30
30 84 30 34 79 84
27 89 27 44 84 89
27 72 27 44 55 67 72
28 60 28 41 50 60
21 60 21 26 28 41 50 60
10 61 10 17 33 61
21 62 21 42 62
1 2 1 2
36 69 36 37 49 69
79 88 79 88
9 71 9 71
13 41 13 28 41
15 59 15 26 28 37 51 59
12 45 12 45
0 35 0 13 28 35
0 71 0 13 29 48 52 71
0 28 0 13 26 28
6 74 6 31 68 74
55 86 55 67 72 86
7 59 7 14 42 51 59
20 69 20 40 68 69
13 35 13 26 28 35
3 71 3 9 71
12 55 12 24 27 44 55
15 37 15 26 28 37
29 52 29 48 52
21 87 21 58 67 72 87
8 64 8 9 20 56 64
16 58 16 35 39 58
29 80 29 48 52 80
31 68 31 43 44 55 58 68
85 88 85 88
0 76 0 27 44 55 58 68 69 76
44 67 44 55 67
19 73 19 43 44 55 67 73
34 59 34 59
55 58 55 58
30 84 30 34 79 84
9 40 9 20 40
15 77 15 22 31 43 44 55 58 77
6 82 6 31 56 82
1 50 1 7 14 28 41 50
0 80 0 13 28 37 48 75 80
25 59 25 35 59
10 75 10 48 75
4 51 4 23 37 51
35 58 35 39 58
10 68 10 17 20 40 68
14 58 14 28 35 39 58
10 51 10 17 33 51
18 48 18 22 34 48
54 83 54 81 83
35 86 35 39 58 67 72 86
25 76 25 33 49 69 76
7 43 7 43
28 81 28 41 70 81
21 48 21 26 28 37 48
3 73 3 9 20 55 58 67 73
5 76 5 6 37 76
24 87 24 27 44 55 67 72 87
3 37 3 37
19 89 19 38 89
35 69 35 39 58 68 69
27 79 27 44 79
6 83 6 37 48 75 80 81 83
1 42 1 13 26 42
10 62 10 17 33 62
58 73 58 67 73
16 58 16 35 39 58
29 48 29 48
33 88 33 62 72 88
58 77 58 77
43 67 43 44 55 58 67
53 80 53 80
2 82 2 56 82
6 35 6 16 35
12 51 12 37 51
47 83 47 80 81 83
1 32 1 2 23 32
15 73 15 30 44 55 67 73
27 84 27 79 84
13 62 13 26 42 62
43 82 43 52 71 82
67 72 67 72
48 80 48 75 80
21 87 21 26 42 51 67 72 87
9 84 9 20 55 84
48 88 48 88
4 82 4 30 48 75 82
21 39 21 26 28 35 39
26 41 26 28 41
15 35 15 26 28 35
18 89 18 59 89
12 55 12 24 27 44 55
3 52 3 37 48 52
58 87 58 67 72 87
5 69 5 6 16 35 39 58 68 69
23 88 23 37 49 72 88
27 76 27 44 55 58 68 69 76
14 37 14 28 37
30 67 30 44 55 58 67
14 74 14 25 35 39 58 68 74
33 61 33 61
18 81 18 22 43 52 80 81
29 48 29 48
75 81 75 80 81
22 89 22 34 79 84 89
18 68 18 22 31 68
45 89 45 77 89
31 86 31 56 64 86
67 72 67 72
52 82 52 71 82
26 78 26 28 41 57 78
43 74 43 44 55 58 68 74
35 58 35 39 58
0 80 0 13 28 37 48 52 80
36 69 36 37 49 69
28 59 28 37 51 59
2 56 2 56
28 75 28 37 48 75
8 73 8 28 35 39 58 67 73
12 44 12 24 27 44
36 50 36 50
36 77 36 37 52 77
26 58 26 28 35 39 58
2 32 2 23 32
3 75 3 30 48 75
9 76 9 20 39 58 68 69 76
10 75 10 48 75
33 59 33 51 59
8 72 8 28 35 39 58 67 72
9 86 9 20 56 64 86
0 29 0 13 29
5 43 5 6 31 43
36 83 36 37 48 52 80 81 83
12 83 12 44 79 83
12 72 12 44 55 67 72
8 74 8 9 20 56 74
41 76 41 76
52 82 52 64 71 82
53 80 53 80
10 75 10 48 75
56 74 56 74
35 69 35 39 58 68 69
8 64 8 9 20 56 64
14 81 14 34 48 52 80 81
43 88 43 44 79 88
16 80 16 29 48 52 80
0 50 0 45 50
0 63 0 13 28 41 63
33 83 33 51 80 81 83
42 71 42 51 59 64 71
9 67 9 20 39 58 67
27 82 27 44 55 58 67 82
37 48 37 48
23 59 23 37 51 59
10 72 10 30 44 55 67 72
14 39 14 28 35 39
43 86 43 52 64 86
7 55 7 43 44 55
5 87 5 72 87
15 79 15 22 43 44 79
3 65 3 9 20 39 65
37 48 37 48
1 72 1 39 58 67 72
21 39 21 26 28 35 39
27 69 27 44 55 58 68 69
52 89 52 77 89
17 84 17 20 55 84
31 68 31 68
20 55 20 55
9 40 9 20 40
31 71 31 56 64 71
8 64 8 9 20 56 64
24 67 24 27 44 55 67
27 89 27 79 84 89
23 66 23 66
26 80 26 28 37 52 80
2 23 2 23
85 88 85 88
1 79 1 7 14 25 79
13 42 13 26 42
22 72 22 43 44 55 58 67 72
16 59 16 35 59
36 87 36 37 49 72 87
7 61 7 14 25 33 61
8 58 8 9 20 55 58
6 16 6 16
28 78 28 41 57 78
9 58 9 20 55 58
26 49 26 28 37 49
12 44 12 44
24 87 24 27 44 55 58 67 72 87
27 58 27 44 55 58
3 88 3 9 20 55 58 67 72 88
2 68 2 9 20 39 58 68
18 20 18 20
5 84 5 6 31 43 44 79 84
41 60 41 50 60
53 89 53 84 89
34 77 34 48 52 77
6 55 6 31 43 44 55
9 86 9 62 72 86
24 87 24 27 44 55 58 67 72 87
10 52 10 30 34 48 52
4 30 4 30
18 20 18 20
14 67 14 25 33 51 67
43 82 43 52 71 82
3 89 3 38 89
10 65 10 17 20 39 65
26 42 26 42
22 73 22 43 44 55 67 73
21 50 21 26 28 41 50
5 29 5 6 16 29
0 81 0 13 28 37 48 75 80 81
1 25 1 7 14 25
22 73 22 31 43 44 55 67 73
6 35 6 16 35
68 69 68 69
10 69 10 30 44 55 58 68 69
26 82 26 28 35 59 64 71 82
37 75 37 48 75
17 60 17 60
44 76 44 55 58 68 69 76
57 87 57 72 87
35 88 35 39 58 67 72 88
33 61 33 61
43 64 43 52 64
9 76 9 20 40 68 69 76
3 71 3 30 48 52 64 71
17 73 17 58 67 73
4 66 4 23 66
6 64 6 37 51 59 64
29 48 29 48
0 44 0 27 44
16 29 16 29
13 52 13 26 28 37 48 52
30 84 30 44 84
40 76 40 68 69 76
2 33 2 33
18 82 18 59 64 82
22 34 22 34
27 89 27 79 84 89
4 34 4 30 34
43 64 43 52 64
67 73 67 73
21 35 21 26 28 35
18 78 18 20 40 78
13 57 13 26 28 41 57
28 68 28 68
26 67 26 42 51 67
18 31 18 22 31
13 87 13 28 41 57 72 87
58 67 58 67
10 73 10 17 20 39 58 67 73
3 81 3 30 34 48 75 80 81
26 80 26 42 51 80
13 26 13 26
4 81 4 70 81
9 67 9 20 39 58 67
37 82 37 48 75 82
20 69 20 55 58 68 69
9 77 9 20 39 58 77
29 71 29 48 52 71
0 80 0 13 29 48 52 80
10 49 10 17 33 49
27 69 27 44 55 58 68 69
26 58 26 28 35 39 58
15 79 15 22 31 43 44 79
27 89 27 79 84 89
9 88 9 20 39 58 67 72 88
3 88 3 37 49 72 88
9 84 9 20 55 84
7 80 7 43 52 80
21 26 21 26
34 88 34 79 88
1 62 1 7 62
1 38 1 7 14 25 38
34 75 34 48 75
8 40 8 9 20 40
24 68 24 27 44 55 58 68
1 63 1 13 26 28 41 57 63
5 43 5 6 31 43
14 40 14 25 40
27 68 27 44 55 58 68
15 80 15 26 28 37 51 80
25 83 25 79 83
51 82 51 59 64 82
1 87 1 49 72 87
64 71 64 71
1 44 1 7 43 44
22 43 22 43
2 58 2 9 20 39 58
18 73 18 22 31 43 44 55 67 73
35 71 35 59 64 71
4 23 4 23
17 61 17 33 61
22 34 22 34
12 82 12 50 82
11 76 11 68 69 76
18 67 18 20 55 58 67
5 58 5 6 16 35 39 58
6 59 6 16 35 59
44 83 44 79 83
8 73 8 9 20 39 58 67 73
77 89 77 89
56 64 56 64
31 84 31 43 44 79 84
0 63 0 13 26 28 41 63
23 48 23 37 48
7 35 7 14 28 35
16 67 16 35 39 58 67
9 20 9 20
11 71 11 59 64 71
2 77 2 23 66 77
37 82 37 52 64 71 82
13 57 13 26 28 41 57
43 71 43 52 71
17 76 17 33 49 69 76
25 76 25 33 49 69 76
48 64 48 52 64
2 74 2 9 20 40 68 74
39 68 39 58 68
8 41 8 41
17 64 17 20 56 64
36 75 36 37 48 75
14 69 14 28 37 49 69
58 82 58 67 82
29 52 29 48 52
25 83 25 79 83
22 34 22 34
33 61 33 61
51 83 51 80 81 83
24 83 24 27 44 79 83
18 73 18 20 73
7 87 7 43 87
67 72 67 72
4 32 4 23 32
25 69 25 35 39 58 68 69
28 65 28 35 39 65
10 49 10 17 33 49
52 82 52 64 71 82
42 59 42 51 59
15 58 15 26 28 35 39 58
51 71 51 59 64 71
28 81 28 41 70 81
8 67 8 28 35 39 58 67
43 68 43 44 55 58 68
71 82 71 82
0 32 0 10 17 32
35 69 35 39 58 68 69
4 49 4 23 37 49
12 59 12 37 51 59
9 71 9 20 56 64 71
9 58 9 20 39 58
18 20 18 20
6 35 6 16 35
4 64 4 30 48 52 64
41 63 41 63
17 59 17 33 51 59
14 82 14 42 51 59 64 82
54 83 54 81 83
6 16 6 16
8 51 8 28 37 51
44 74 44 55 58 68 74
5 29 5 6 16 29
7 76 7 14 25 40 68 69 76
0 77 0 27 44 55 58 77
79 88 79 88
27 44 27 44
14 69 14 25 33 49 69
24 83 24 83
3 75 3 37 48 75
25 67 25 35 39 58 67
1 51 1 2 23 37 51
7 80 7 14 42 51 80
3 78 3 27 78
71 82 71 82
44 86 44 55 58 67 72 86
0 20 0 20
10 61 10 17 33 61
2 77 2 23 37 48 52 77
4 64 4 23 37 59 64
1 41 1 7 14 28 41
19 81 19 43 52 80 81
13 82 13 20 39 58 67 82
5 37 5 6 37
1 41 1 13 26 28 41
64 71 64 71
6 35 6 16 35
21 26 21 26
0 72 0 27 44 55 67 72
11 76 11 68 69 76
34 48 34 48
7 87 7 14 28 87
6 87 6 31 43 87
33 78 33 78
40 68 40 68
4 84 4 30 44 79 84
14 80 14 25 33 51 80
33 83 33 51 80 81 83
43 86 43 44 55 58 67 72 86
15 30 15 30
11 89 11 59 89
37 75 37 48 75
27 89 27 44 79 84 89
8 56 8 9 20 56
26 49 26 28 41 49
12 72 12 44 55 67 72
1 57 1 7 57
1 62 1 13 26 42 62
49 88 49 72 88
26 41 26 28 41
45 60 45 50 60
24 68 24 27 44 55 58 68
0 52 0 13 28 37 52
47 75 47 75
37 81 37 48 75 80 81
18 43 18 22 43
8 40 8 40
21 62 21 42 62
17 33 17 33
21 67 21 26 28 35 39 58 67
21 60 21 26 28 41 50 60
9 88 9 62 72 88
18 86 18 59 64 86
9 39 9 20 39
55 67 55 58 67
13 42 13 26 42
5 59 5 6 16 35 59
27 72 27 44 55 58 67 72
17 76 17 20 40 68 69 76
30 68 30 44 55 58 68
45 89 45 77 89
53 84 53 84
16 80 16 29 48 75 80
43 74 43 44 55 58 68 74
12 51 12 37 51
1 41 1 7 14 28 41
19 64 19 56 64
1 68 1 39 58 68
8 78 8 9 20 40 78
48 81 48 52 80 81
22 59 22 34 59
11 74 11 68 74
2 81 2 33 51 80 81
15 49 15 26 28 37 49
17 60 17 60
41 76 41 76
37 82 37 48 75 82
1 72 1 13 26 42 62 72
9 56 9 20 56
13 65 13 20 39 65
55 67 55 67
12 29 12 29
4 32 4 23 32
15 79 15 22 43 44 79
27 82 27 44 55 67 82
19 38 19 38
58 77 58 77
19 44 19 43 44
2 74 2 56 74
33 78 33 78
2 55 2 9 20 55
9 84 9 20 55 84
1 38 1 7 14 25 38
25 74 25 40 68 74
21 48 21 26 28 37 48
19 89 19 43 44 55 58 77 89
7 61 7 14 25 33 61
10 72 10 17 58 67 72
21 26 21 26
28 57 28 41 57
49 87 49 72 87
14 89 14 34 48 52 77 89
11 74 11 68 74
43 68 43 44 55 58 68
20 55 20 55
52 81 52 80 81
0 73 0 20 39 58 67 73
21 67 21 26 28 37 51 67
14 69 14 25 33 49 69
26 86 26 42 62 72 86
19 89 19 38 89
45 71 45 64 71
19 73 19 43 44 55 58 67 73
31 68 31 43 44 55 58 68
11 89 11 59 89
2 73 2 23 37 51 67 73
6 31 6 31
18 31 18 22 31
3 58 3 30 44 55 58
25 80 25 33 51 80
34 81 34 48 75 80 81
5 76 5 6 31 43 44 55 58 68 69 76
28 81 28 41 70 81
16 58 16 35 39 58
70 81 70 81
15 34 15 30 34
0 32 0 10 17 32
21 62 21 42 62
44 83 44 79 83
8 78 8 9 20 40 78
26 41 26 28 41
31 87 31 43 87
4 84 4 30 34 79 84
26 89 26 42 51 59 89
29 71 29 48 52 71
7 72 7 57 72
26 89 26 42 51 59 89
14 62 14 25 62
3 74 3 27 44 55 58 68 74
10 52 10 48 52
14 76 14 25 35 39 58 68 69 76
23 66 23 66
14 37 14 28 37
15 31 15 22 31
22 83 22 43 44 79 83
11 71 11 59 64 71
27 82 27 44 55 67 82
22 56 22 31 56
27 77 27 44 55 58 77
31 79 31 43 44 79
0 52 0 10 48 52
33 51 33 51
1 87 1 13 20 55 67 72 87
16 67 16 35 39 58 67
19 86 19 62 72 86
5 68 5 6 16 35 39 58 68
53 80 53 80
10 72 10 17 33 49 72
33 81 33 51 80 81
8 88 8 9 62 72 88
28 63 28 41 63
0 73 0 27 44 55 58 67 73
14 81 14 34 48 75 80 81
13 73 13 20 73
12 24 12 24
10 83 10 17 33 51 80 81 83
1 38 1 7 14 25 38
13 65 13 28 41 57 63 65
7 57 7 14 28 41 57
44 74 44 55 58 68 74
8 55 8 9 20 55
1 81 1 37 51 80 81
58 73 58 67 73
26 67 26 28 37 51 67
7 72 7 62 72
9 64 9 20 56 64
40 74 40 68 74
35 69 35 39 58 68 69
12 29 12 29
21 77 21 58 77
2 77 2 23 37 52 77
45 71 45 64 71
11 71 11 59 64 71
23 59 23 37 51 59
31 77 31 43 52 77
26 78 26 28 41 57 78
7 80 7 14 42 51 80
10 86 10 17 33 51 86
43 86 43 44 55 67 72 86
1 63 1 13 28 41 57 63
15 77 15 30 44 55 58 77
33 87 33 49 72 87
9 20 9 20
3 73 3 30 44 55 67 73
55 84 55 84
2 49 2 33 49
44 67 44 55 67
3 44 3 27 44
37 72 37 51 67 72
22 64 22 31 56 64
26 42 26 42
0 55 0 10 30 44 55
41 81 41 70 81
15 42 15 26 42
37 76 37 76
34 77 34 48 52 77
14 69 14 28 37 49 69
28 69 28 35 39 58 68 69
6 73 6 16 35 39 58 67 73
19 38 19 38
14 62 14 42 62
0 13 0 13
33 59 33 51 59
58 76 58 68 69 76
25 83 25 79 83
12 60 12 50 60
4 75 4 30 48 75
27 68 27 44 55 58 68
0 44 0 27 44
4 51 4 23 37 51
23 73 23 37 51 67 73
0 44 0 10 30 44
25 67 25 33 51 67
20 67 20 39 58 67
49 88 49 72 88
48 64 48 52 64
26 49 26 28 37 49
15 37 15 26 28 37
64 71 64 71
2 81 2 23 37 48 75 80 81
0 55 0 20 55
43 55 43 44 55
22 81 22 43 52 80 81
4 75 4 23 37 48 75
37 86 37 49 72 86
55 84 55 84
1 42 1 7 14 42
17 39 17 20 39
52 83 52 80 81 83
23 69 23 37 49 69
9 74 9 20 56 74
19 87 19 62 72 87
7 43 7 43
4 49 4 49
0 74 0 20 56 74
0 77 0 27 44 55 58 77
34 77 34 48 52 77
31 83 31 43 44 79 83
39 74 39 58 68 74
52 77 52 77
15 35 15 26 28 35
6 59 6 16 35 59
77 89 77 89
3 67 3 30 44 55 67
0 50 0 13 26 28 41 50
26 86 26 28 35 39 58 67 72 86
30 76 30 44 55 58 68 69 76
2 32 2 23 32
37 76 37 49 76
2 66 2 23 66
8 89 8 9 20 39 58 77 89
0 75 0 10 30 48 75
36 48 36 37 48
4 32 4 23 32
49 88 49 72 88
17 76 17 33 49 76
22 81 22 43 52 80 81
14 78 14 25 33 78
28 60 28 41 50 60
4 71 4 30 34 59 64 71
7 61 7 14 25 33 61
27 89 27 79 84 89
30 64 30 34 48 52 64
41 50 41 50
47 83 47 80 81 83
5 82 5 6 71 82
59 89 59 89
20 56 20 56
8 73 8 9 20 73
1 74 1 7 43 44 55 58 68 74
25 83 25 33 51 80 81 83
47 75 47 75
1 84 1 2 9 20 55 84
22 79 22 31 43 44 79
36 60 36 50 60
2 49 2 23 49
39 77 39 58 77
44 67 44 55 67
37 48 37 48
8 56 8 9 20 56
15 56 15 22 31 56
35 72 35 39 58 67 72
43 88 43 44 79 88
20 56 20 56
7 57 7 14 28 41 57
5 44 5 6 31 43 44
10 77 10 48 52 77
0 80 0 10 17 33 51 80
24 67 24 27 44 55 58 67
18 55 18 20 55
28 81 28 37 51 80 81
16 52 16 29 48 52
4 71 4 30 34 48 52 64 71
6 35 6 16 35
14 35 14 25 35
37 48 37 48
6 74 6 31 43 44 55 58 68 74
18 31 18 22 31
15 39 15 26 28 35 39
40 74 40 68 74
8 35 8 28 35
13 26 13 26
3 74 3 27 44 55 58 68 74
25 83 25 79 83
68 69 68 69
29 64 29 48 52 64
10 62 10 17 33 62
26 52 26 28 37 48 52
17 83 17 33 51 80 81 83
3 81 3 30 34 48 52 80 81
1 61 1 7 14 25 33 61
1 51 1 37 51
16 87 16 35 39 58 67 72 87
0 72 0 13 26 42 62 72
2 77 2 23 37 52 77
67 72 67 72
42 81 42 51 80 81
15 73 15 30 44 55 67 73
2 23 2 23
33 80 33 51 80
27 73 27 44 55 67 73
52 77 52 77
19 89 19 38 89
13 82 13 26 42 51 67 82
18 81 18 22 43 52 80 81
2 23 2 23
9 58 9 20 55 58
5 76 5 6 16 35 39 58 68 69 76
1 68 1 2 9 20 55 58 68
5 76 5 6 31 43 44 55 58 68 69 76
8 80 8 28 37 52 80
6 81 6 16 29 48 75 80 81
28 72 28 41 57 72
33 61 33 61
4 82 4 23 37 48 75 82
31 71 31 43 52 71
31 83 31 43 52 80 81 83
11 59 11 59
43 58 43 44 55 58
28 78 28 41 57 78
20 69 20 40 68 69
51 87 51 67 72 87
14 57 14 28 41 57
8 40 8 40
7 77 7 43 44 55 58 77
14 33 14 25 33
19 76 19 43 44 55 58 68 69 76
8 72 8 9 62 72
14 76 14 28 37 49 69 76
1 42 1 13 26 42
12 71 12 29 48 52 71
17 33 17 33
8 51 8 28 37 51
0 71 0 10 24 71
24 44 24 27 44
26 89 26 42 51 59 89
12 83 12 29 48 52 80 81 83
21 74 21 58 68 74
4 34 4 30 34
16 48 16 29 48
9 84 9 20 55 84
51 83 51 80 81 83
39 87 39 87
16 48 16 29 48
33 83 33 51 80 81 83
31 77 31 43 52 77
17 86 17 20 55 58 67 72 86
8 40 8 9 20 40
14 37 14 28 37
23 48 23 37 48
22 77 22 34 48 52 77
14 50 14 28 41 50
1 74 1 2 9 20 39 58 68 74
7 61 7 14 25 33 61
44 83 44 79 83
1 51 1 2 33 51
35 69 35 39 58 68 69
34 80 34 48 75 80
0 28 0 13 26 28
13 26 13 26
39 74 39 58 68 74
14 81 14 25 33 51 80 81
47 83 47 75 80 81 83
45 71 45 64 71
26 48 26 28 37 48
23 59 23 37 59
51 83 51 80 81 83
21 60 21 26 28 41 50 60
15 79 15 30 34 79
77 89 77 89
5 76 5 6 16 35 39 58 68 69 76
3 74 3 27 44 55 58 68 74
11 89 11 59 89
6 82 6 37 51 67 82
33 59 33 51 59
8 41 8 28 41
43 88 43 44 79 88
22 64 22 43 52 64
3 88 3 9 62 72 88
8 40 8 9 20 40
33 51 33 51
8 35 8 28 35
20 56 20 56
16 48 16 29 48
45 64 45 64
51 80 51 80
21 42 21 26 42
13 40 13 20 40
44 76 44 55 58 68 69 76
25 69 25 40 68 69
12 72 12 44 55 67 72
9 68 9 20 40 68
31 68 31 68
52 81 52 80 81
7 43 7 43
33 88 33 51 67 72 88
1 35 1 13 28 35
4 64 4 23 37 52 64
36 76 36 37 76
1 50 1 7 14 28 41 50
56 74 56 74
30 64 30 48 52 64
18 89 18 59 89
2 68 2 9 20 40 68
58 86 58 67 72 86
25 87 25 35 39 58 67 72 87
2 58 2 9 20 39 58
25 84 25 79 84
12 82 12 45 64 71 82
9 76 9 20 39 58 68 69 76
21 74 21 26 28 35 39 58 68 74
11 86 11 59 64 86
7 48 7 14 28 37 48
24 44 24 27 44
18 68 18 20 39 58 68
27 44 27 44
9 39 9 20 39
72 87 72 87
48 83 48 52 80 81 83
5 82 5 6 37 51 67 82
6 73 6 16 35 39 58 67 73
13 70 13 28 41 70
22 56 22 31 56
3 73 3 27 44 55 58 67 73
41 72 41 49 72
39 82 39 58 67 82
14 37 14 28 37
34 48 34 48
0 72 0 20 55 67 72
30 76 30 44 55 58 68 69 76
9 39 9 20 39
0 74 0 27 44 55 58 68 74
0 82 0 13 29 48 75 82
6 55 6 31 43 44 55
23 88 23 37 49 72 88
0 34 0 10 30 34
57 72 57 72
36 51 36 37 51
51 80 51 80
75 83 75 80 81 83
6 75 6 16 29 48 75
62 88 62 72 88
0 75 0 13 26 28 37 48 75
26 76 26 28 37 76
28 57 28 41 57
21 87 21 42 62 72 87
3 89 3 38 89
2 68 2 9 20 39 58 68
0 73 0 20 39 58 67 73
26 48 26 28 37 48
22 82 22 34 59 64 82
19 67 19 43 44 55 58 67
26 37 26 28 37
7 74 7 43 44 55 58 68 74
48 83 48 52 80 81 83
1 2 1 2
19 76 19 69 76
22 67 22 31 43 44 55 67
18 55 18 20 55
13 35 13 28 35
2 66 2 23 66
43 87 43 87
9 20 9 20
30 79 30 44 79
6 73 6 37 51 67 73
70 81 70 81
1 2 1 2
17 87 17 33 51 67 72 87
14 40 14 25 40
31 83 31 43 52 80 81 83
12 83 12 44 79 83
35 88 35 39 58 67 72 88
10 62 10 17 33 62
9 74 9 20 40 68 74
15 68 15 30 44 55 58 68
29 52 29 48 52
39 87 39 58 67 72 87
2 62 2 9 62
35 58 35 39 58
53 89 53 84 89
7 77 7 14 25 35 39 58 77
70 81 70 81
22 56 22 31 56
2 81 2 33 51 80 81
0 29 0 13 29
5 37 5 6 37
6 87 6 31 43 44 55 58 67 72 87
3 88 3 27 88
33 87 33 62 72 87
19 81 19 43 52 80 81
17 61 17 33 61
1 32 1 2 23 32
16 52 16 29 48 52
5 56 5 6 31 56
37 73 37 51 67 73
3 72 3 27 44 55 58 67 72
15 89 15 22 31 43 44 84 89
13 68 13 68
14 87 14 25 35 39 58 67 72 87
5 44 5 6 31 43 44
26 89 26 42 51 59 89
56 74 56 74
80 81 80 81
41 49 41 49
7 65 7 14 25 35 39 65
26 50 26 28 41 50
12 60 12 60
21 39 21 26 28 35 39
30 76 30 44 55 58 68 69 76
2 56 2 9 20 56
33 51 33 51
14 57 14 28 41 57
15 30 15 30
6 59 6 16 35 59
58 82 58 67 82
25 79 25 79
3 30 3 30
1 76 1 2 33 49 69 76
1 56 1 2 56
1 58 1 2 9 20 55 58
16 52 16 29 48 52
18 48 18 22 34 48
5 56 5 6 31 56
3 44 3 30 44
48 75 48 75
33 88 33 62 72 88
8 41 8 41
22 83 22 31 43 52 80 81 83
63 65 63 65
27 68 27 44 55 58 68
12 83 12 75 80 81 83
28 81 28 41 70 81
4 64 4 23 37 51 59 64
24 83 24 83
13 70 13 28 41 70
22 79 22 43 44 79
7 65 7 14 25 63 65
11 89 11 59 89
34 81 34 48 52 80 81
25 69 25 40 68 69
4 64 4 30 34 48 52 64
53 89 53 84 89
13 42 13 26 42
55 69 55 58 68 69
1 58 1 13 20 55 58
12 58 12 24 27 44 55 58
37 69 37 49 69
13 62 13 26 42 62
10 68 10 24 27 44 55 58 68
0 44 0 10 30 44
40 69 40 68 69
70 82 70 82
17 39 17 20 39
33 59 33 51 59
55 58 55 58
14 72 14 25 35 39 58 67 72
26 70 26 28 41 70
5 82 5 64 82
31 71 31 56 64 71
54 81 54 81
28 72 28 35 39 58 67 72
7 76 7 14 25 33 49 69 76
22 84 22 34 79 84
68 69 68 69
16 52 16 29 48 52
31 84 31 43 44 55 84
5 37 5 6 37
25 80 25 33 51 80
0 80 0 13 28 37 51 80
37 71 37 51 59 64 71
43 58 43 44 55 58
30 44 30 44
12 29 12 29
33 83 33 51 80 81 83
0 80 0 10 48 75 80
35 39 35 39
9 40 9 20 40
33 81 33 51 80 81
42 62 42 62
70 82 70 82
29 52 29 48 52
16 48 16 29 48
6 81 6 37 51 80 81
41 60 41 50 60
44 73 44 55 67 73
26 41 26 28 41
4 88 4 30 44 55 67 72 88
21 81 21 26 42 51 80 81
16 29 16 29
15 80 15 26 42 51 80
19 56 19 56
22 84 22 34 79 84
20 82 20 56 64 82
21 35 21 26 28 35
14 76 14 28 35 39 58 68 69 76
44 86 44 55 58 67 72 86
26 62 26 42 62
17 39 17 20 39
55 67 55 67
42 62 42 62
27 73 27 44 55 67 73
29 75 29 48 75
17 64 17 20 56 64
26 49 26 28 37 49
26 62 26 42 62
16 67 16 35 39 58 67
49 76 49 76
10 49 10 17 33 49
30 68 30 44 55 58 68
9 74 9 20 55 58 68 74
48 86 48 52 64 86
27 73 27 44 55 58 67 73
29 48 29 48
4 82 4 82
17 80 17 33 51 80
7 68 7 43 44 55 58 68
3 55 3 30 44 55
10 77 10 48 52 77
29 52 29 48 52
36 48 36 37 48
9 71 9 71
25 79 25 79
6 31 6 31
34 88 34 79 88
19 82 19 56 82
6 49 6 37 49
4 82 4 82
15 51 15 26 42 51
0 77 0 45 77
12 55 12 44 55
10 68 10 24 27 44 55 58 68
41 50 41 50
10 86 10 48 52 64 86
12 58 12 24 27 44 55 58
21 60 21 26 28 41 50 60
58 77 58 77
36 76 36 37 76
0 34 0 10 30 34
45 89 45 77 89
58 86 58 67 72 86
25 59 25 35 59
12 72 12 37 49 72
25 40 25 40
7 83 7 14 34 48 75 80 81 83
18 82 18 20 56 82
24 87 24 27 44 55 67 72 87
34 52 34 48 52
25 88 25 33 51 67 72 88
3 76 3 9 20 55 58 68 69 76
26 37 26 28 37
4 30 4 30
8 67 8 28 35 39 58 67
43 55 43 44 55
2 73 2 33 51 67 73
3 71 3 64 71
17 84 17 20 55 84
41 49 41 49
16 29 16 29
26 37 26 28 37
0 17 0 10 17
0 40 0 13 20 40
14 40 14 25 40
33 72 33 49 72
18 43 18 22 43
16 80 16 29 48 75 80
6 75 6 16 29 48 75
44 74 44 55 58 68 74
0 55 0 10 24 27 44 55
5 82 5 75 82
12 66 12 66
9 77 9 20 39 58 77
19 87 19 62 72 87
35 39 35 39
7 85 7 14 25 85
51 82 51 59 64 82
14 40 14 25 40
3 67 3 9 20 55 67
29 48 29 48
22 72 22 31 43 44 55 67 72
15 65 15 26 28 35 39 65
26 52 26 28 37 48 52
31 77 31 43 44 55 58 77
57 87 57 72 87
33 61 33 61
12 83 12 37 52 80 81 83
43 77 43 44 55 58 77
7 62 7 62
8 50 8 41 50
25 74 25 35 39 58 68 74
39 73 39 58 67 73
10 52 10 30 34 48 52
26 42 26 42
6 81 6 37 52 80 81
14 39 14 28 35 39
19 87 19 62 72 87
31 71 31 43 52 64 71
22 82 22 34 48 52 71 82
14 60 14 28 41 50 60
14 69 14 28 68 69
7 76 7 14 28 37 49 69 76
2 66 2 23 66
48 83 48 75 80 81 83
42 59 42 51 59
13 35 13 28 35
3 68 3 30 44 55 58 68
23 66 23 66
14 35 14 25 35
59 89 59 89
17 61 17 33 61
21 74 21 58 68 74
15 80 15 22 34 48 52 80
44 68 44 55 58 68
21 81 21 26 42 51 80 81
39 73 39 58 67 73
48 75 48 75
6 73 6 31 43 44 55 58 67 73
9 84 9 20 55 84
5 82 5 52 64 82
0 56 0 13 20 56
7 77 7 43 52 77
56 64 56 64
21 81 21 26 28 41 70 81
16 52 16 29 48 52
25 59 25 33 51 59
51 80 51 80
15 69 15 22 31 43 44 55 58 68 69
12 24 12 24
13 70 13 26 28 41 70
28 60 28 41 50 60
3 76 3 9 20 40 68 69 76
12 88 12 44 55 58 67 72 88
18 20 18 20
10 65 10 17 20 39 65
24 78 24 27 78
28 39 28 35 39
8 51 8 28 37 51
27 83 27 44 79 83
1 75 1 13 28 37 48 75
9 88 9 20 39 58 67 72 88
3 65 3 9 20 39 65
1 74 1 13 26 28 68 74
9 88 9 20 39 58 67 72 88
52 83 52 80 81 83
15 49 15 26 28 37 49
14 76 14 25 33 49 69 76
2 80 2 33 51 80
33 88 33 49 72 88
77 89 77 89
13 40 13 20 40
2 82 2 9 20 56 64 82
34 71 34 48 52 71
5 68 5 6 31 43 44 55 58 68
31 56 31 56
19 81 19 43 52 80 81
58 87 58 67 72 87
26 82 26 42 51 67 82
52 77 52 77
27 44 27 44
10 72 10 24 27 44 55 67 72
19 44 19 43 44
1 84 1 13 20 55 84
8 83 8 41 70 81 83
18 43 18 22 43
3 74 3 27 44 55 58 68 74
4 23 4 23
25 67 25 35 39 58 67
0 87 0 13 26 42 51 67 72 87
23 73 23 37 51 67 73
5 43 5 6 31 43
5 58 5 6 16 35 39 58
44 76 44 55 58 68 69 76
18 55 18 20 55
13 73 13 20 73
5 68 5 6 16 35 39 58 68
47 83 47 80 81 83
39 77 39 58 77
0 72 0 27 44 55 58 67 72
19 81 19 43 52 80 81
48 80 48 75 80
5 44 5 6 31 43 44
12 52 12 29 48 52
1 56 1 13 20 56
54 83 54 81 83
8 52 8 28 37 48 52
20 58 20 39 58
15 73 15 26 73
33 73 33 51 67 73
2 86 2 9 62 72 86
27 76 27 44 55 58 68 69 76
41 57 41 57
22 67 22 31 43 44 55 67
21 39 21 26 28 35 39
14 74 14 28 35 39 58 68 74
14 83 14 28 37 52 80 81 83
25 81 25 33 51 80 81
26 41 26 28 41
15 64 15 26 42 51 59 64
3 71 3 64 71
75 83 75 80 81 83
26 67 26 42 51 67
43 71 43 52 71
41 72 41 57 72
41 81 41 70 81
15 59 15 22 34 59
7 48 7 14 28 37 48
6 48 6 37 48
26 70 26 28 41 70
2 69 2 9 20 40 68 69
25 80 25 33 51 80
26 48 26 28 37 48
16 87 16 35 39 58 67 72 87
6 83 6 16 29 48 75 80 81 83
58 73 58 67 73
14 37 14 28 37
3 52 3 30 48 52
36 51 36 37 51
6 55 6 31 43 44 55
2 86 2 56 64 86
44 86 44 55 58 67 72 86
22 82 22 31 43 52 64 82
30 68 30 44 55 58 68
29 83 29 48 75 80 81 83
17 86 17 58 67 72 86
1 81 1 13 29 48 75 80 81
10 51 10 17 33 51
0 49 0 13 26 28 41 49
40 68 40 68
9 68 9 20 40 68
0 63 0 13 26 28 41 57 63
9 71 9 20 56 64 71
5 82 5 75 82
12 84 12 84
30 76 30 44 55 58 68 69 76
1 84 1 7 14 34 79 84
4 32 4 23 32
41 57 41 57
45 89 45 77 89
44 69 44 55 58 68 69
11 59 11 59
43 87 43 44 55 67 72 87
27 89 27 44 79 84 89
51 67 51 67
2 33 2 33
0 73 0 27 44 55 67 73
1 62 1 2 33 62
58 77 58 77
8 75 8 28 37 48 75
11 82 11 59 64 82
44 67 44 55 67
14 83 14 42 51 80 81 83
6 87 6 37 49 72 87
17 58 17 20 39 58
27 68 27 44 55 58 68
48 83 48 52 80 81 83
45 60 45 50 60
43 83 43 52 80 81 83
0 75 0 10 30 34 48 75
5 51 5 6 37 51
34 64 34 59 64
25 74 25 35 39 58 68 74
13 42 13 26 42
8 75 8 28 37 48 75
62 88 62 72 88
18 68 18 20 40 68
2 62 2 33 62
3 75 3 30 48 75
16 80 16 29 48 75 80
85 88 85 88
2 66 2 23 66
18 89 18 22 34 59 89
21 81 21 26 42 51 80 81
10 51 10 17 33 51
21 60 21 26 28 41 50 60
36 87 36 37 72 87
15 83 15 26 28 37 48 75 80 81 83
0 13 0 13
7 55 7 43 44 55
36 83 36 37 48 52 80 81 83
1 29 1 13 29
21 60 21 26 28 41 50 60
7 62 7 62
25 87 25 33 51 67 72 87
3 37 3 37
2 84 2 9 20 55 84
5 51 5 6 37 51
0 35 0 13 28 35
35 39 35 39
67 72 67 72
10 61 10 17 33 61
3 55 3 9 20 55
26 67 26 42 51 67
21 68 21 58 68
24 68 24 27 44 55 58 68
21 62 21 26 42 62
18 89 18 59 89
2 23 2 23
21 83 21 26 42 51 80 81 83
30 67 30 44 55 67
33 87 33 49 72 87
85 88 85 88
17 83 17 70 81 83
1 42 1 7 14 42
18 86 18 59 64 86
52 82 52 64 71 82
22 43 22 43
25 79 25 79
15 59 15 30 34 59
1 38 1 7 14 25 38
11 59 11 59
34 71 34 48 52 71
21 35 21 26 28 35
37 76 37 49 69 76
21 39 21 26 28 35 39
1 25 1 7 14 25
3 58 3 27 44 55 58
1 2 1 2
38 89 38 89
40 74 40 68 74
63 65 63 65
12 88 12 75 88
16 59 16 35 59
22 74 22 43 44 55 58 68 74
8 58 8 9 20 55 58
36 49 36 37 49
24 67 24 27 44 55 67
18 81 18 22 31 43 52 80 81
1 84 1 7 43 44 79 84
2 82 2 9 71 82
36 77 36 37 52 77
15 73 15 26 28 37 51 67 73
17 33 17 33
8 78 8 28 41 57 78
0 82 0 13 29 48 52 71 82
16 59 16 35 59
9 20 9 20
17 72 17 33 62 72
13 41 13 28 41
14 42 14 42
40 76 40 68 69 76
27 68 27 44 55 58 68
1 63 1 13 26 28 41 63
62 72 62 72
10 65 10 17 20 39 65
3 72 3 30 44 55 58 67 72
51 87 51 67 72 87
8 89 8 9 20 39 58 77 89
25 67 25 35 39 58 67
13 57 13 28 41 57
26 48 26 28 37 48
7 78 7 14 25 33 78
51 86 51 59 64 86
39 73 39 58 67 73
0 79 0 10 24 27 79
49 69 49 69
25 87 25 33 49 72 87
6 49 6 37 49
33 51 33 51
23 73 23 37 51 67 73
31 56 31 56
34 81 34 48 52 80 81
4 34 4 30 34
33 78 33 78
52 80 52 80
48 88 48 88
0 63 0 13 28 41 63
9 64 9 20 56 64
1 44 1 7 43 44
18 65 18 20 39 65
29 75 29 48 75
13 35 13 28 35
21 42 21 26 42
2 68 2 9 20 39 58 68
1 79 1 7 43 44 79
1 35 1 13 28 35
10 62 10 17 33 62
22 58 22 31 43 44 55 58
1 44 1 7 43 44
37 71 37 59 64 71
68 69 68 69
7 51 7 14 25 33 51
23 73 23 37 51 67 73
9 64 9 20 56 64
24 76 24 27 44 55 58 68 69 76
23 88 23 37 72 88
35 72 35 39 58 67 72
18 48 18 22 34 48
25 76 25 35 39 76
30 82 30 34 48 75 82
48 64 48 52 64
13 57 13 26 28 41 57
4 84 4 30 44 79 84
8 52 8 28 37 52
27 58 27 44 55 58
6 43 6 31 43
11 76 11 68 69 76
14 40 14 25 40
6 65 6 16 35 39 65
0 79 0 27 44 79
14 42 14 42
0 49 0 10 17 33 49
13 35 13 28 35
11 74 11 68 74
31 73 31 43 44 55 58 67 73
26 67 26 42 51 67
49 88 49 72 88
5 51 5 6 37 51
33 72 33 51 67 72
21 81 21 26 28 41 70 81
19 44 19 43 44
39 73 39 58 67 73
1 84 1 7 14 34 79 84
58 86 58 67 72 86
26 87 26 28 35 39 58 67 72 87
13 87 13 20 55 67 72 87
39 87 39 87
3 38 3 38
12 52 12 29 48 52
37 48 37 48
19 76 19 43 44 55 58 68 69 76
22 56 22 31 56
13 62 13 26 42 62
1 51 1 2 23 37 51
3 56 3 9 20 56
55 69 55 58 68 69
9 20 9 20
6 48 6 37 48
0 32 0 10 17 32
9 76 9 20 40 68 69 76
31 73 31 43 44 55 58 67 73
1 81 1 37 48 75 80 81
22 83 22 43 52 80 81 83
6 44 6 31 43 44
35 71 35 59 64 71
14 35 14 25 35
6 82 6 37 48 52 64 82
9 71 9 20 56 64 71
13 86 13 26 42 51 59 64 86
0 13 0 13
43 73 43 44 55 67 73
26 52 26 28 37 48 52
0 35 0 13 26 28 35
0 30 0 10 30
16 48 16 29 48
4 34 4 30 34
33 88 33 49 72 88
17 56 17 20 56
16 71 16 29 48 52 71
14 58 14 28 35 39 58
1 25 1 7 14 25
12 69 12 24 27 44 55 58 68 69
10 65 10 17 20 39 65
43 87 43 87
28 81 28 41 70 81
4 32 4 23 32
2 74 2 9 20 39 58 68 74
10 83 10 48 75 80 81 83
48 80 48 52 80
24 67 24 27 44 55 67
21 77 21 58 77
24 55 24 27 44 55
15 69 15 26 28 37 49 69
55 84 55 84
14 33 14 25 33
18 44 18 22 31 43 44
35 58 35 39 58
41 49 41 49
26 69 26 28 37 49 69
4 78 4 23 66 78
64 71 64 71
20 74 20 55 58 68 74
49 76 49 76
1 74 1 13 74
22 79 22 31 43 44 79
41 72 41 57 72
30 84 30 44 84
17 72 17 58 67 72
7 68 7 14 25 35 39 58 68
0 81 0 10 17 70 81
26 48 26 28 37 48
5 79 5 79
80 81 80 81
29 80 29 48 75 80
5 79 5 79
27 76 27 44 55 58 68 69 76
3 75 3 37 48 75
8 68 8 40 68
31 72 31 43 44 55 67 72
15 64 15 30 48 52 64
26 62 26 42 62
45 64 45 64
48 75 48 75
62 88 62 72 88
17 58 17 20 55 58
21 77 21 26 28 37 48 52 77
16 65 16 35 39 65
1 63 1 13 28 41 63
0 20 0 20
1 41 1 13 26 28 41
14 69 14 25 40 68 69
6 44 6 31 43 44
37 86 37 52 64 86
8 72 8 62 72
33 81 33 51 80 81
7 61 7 14 25 33 61
8 41 8 41
59 82 59 64 71 82
2 84 2 9 20 55 84
26 41 26 28 41
12 44 12 44
8 69 8 40 68 69
2 66 2 23 66
53 89 53 84 89
25 84 25 79 84
6 87 6 37 49 72 87
10 51 10 17 33 51
10 60 10 17 60
56 64 56 64
44 76 44 55 58 68 69 76
15 30 15 30
8 56 8 9 20 56
25 80 25 33 51 80
2 77 2 23 37 77
4 88 4 49 72 88
10 84 10 17 20 55 84
48 89 48 52 77 89
5 51 5 6 37 51
14 40 14 25 40
22 64 22 34 48 52 64
59 82 59 64 82
52 89 52 77 89
59 82 59 64 82
13 41 13 28 41
6 35 6 16 35
18 48 18 22 34 48
25 81 25 33 51 80 81
7 80 7 14 34 48 75 80
43 87 43 87
1 56 1 2 9 20 56
0 29 0 13 29
19 67 19 43 44 55 58 67
14 33 14 25 33
23 48 23 37 48
2 82 2 33 51 67 82
45 71 45 64 71
34 71 34 59 64 71
56 74 56 74
12 29 12 29
13 82 13 20 55 67 82
26 37 26 28 37
35 88 35 39 58 67 72 88
41 63 41 57 63
2 89 2 9 20 39 58 77 89
18 20 18 20
13 78 13 28 41 57 78
10 77 10 30 34 48 52 77
0 74 0 13 26 28 35 39 58 68 74
43 72 43 44 55 58 67 72
31 84 31 43 44 84
28 71 28 64 71
28 63 28 41 63
14 50 14 28 41 50
28 75 28 37 48 75
28 60 28 41 50 60
4 30 4 30
22 84 22 31 43 44 79 84
17 76 17 58 68 69 76
62 88 62 72 88
2 69 2 9 20 40 68 69
14 39 14 28 35 39
15 59 15 30 34 59
10 83 10 24 83
26 76 26 28 41 76
51 80 51 80
7 65 7 57 63 65
15 57 15 26 28 41 57
55 73 55 67 73
29 82 29 48 75 82
27 84 27 44 84
9 56 9 20 56
14 76 14 28 35 39 58 68 69 76
8 35 8 28 35
13 82 13 20 55 58 67 82
27 84 27 44 79 84
44 79 44 79
56 64 56 64
15 49 15 26 28 41 49
37 73 37 51 67 73
31 86 31 43 44 55 67 72 86
14 40 14 25 40
12 66 12 66
43 67 43 44 55 58 67
0 30 0 10 30
4 88 4 49 72 88
36 69 36 37 49 69
24 78 24 27 78
23 69 23 49 69
12 45 12 45
14 76 14 25 33 49 69 76
3 37 3 37
11 71 11 59 64 71
85 88 85 88
7 65 7 57 63 65
17 33 17 33
4 51 4 23 37 51
9 67 9 20 39 58 67
4 84 4 30 44 79 84
33 51 33 51
52 83 52 80 81 83
28 89 28 37 51 59 89
12 52 12 37 52
20 82 20 39 58 67 82
16 39 16 35 39
16 89 16 29 48 52 77 89
22 79 22 43 44 79
26 68 26 28 68
21 68 21 26 28 68
14 80 14 28 37 48 75 80
36 52 36 37 52
2 23 2 23
31 71 31 43 52 64 71
3 76 3 27 44 55 58 68 69 76
3 73 3 30 44 55 58 67 73
5 35 5 6 16 35
9 86 9 62 72 86
42 62 42 62
31 72 31 43 44 55 67 72
3 44 3 30 44
43 86 43 52 64 86
25 51 25 33 51
0 49 0 13 26 28 41 49
6 73 6 16 35 39 58 67 73
26 72 26 28 37 49 72
15 71 15 30 48 52 71
9 39 9 20 39
67 73 67 73
2 23 2 23
6 83 6 31 43 52 80 81 83
37 86 37 52 64 86
2 69 2 33 49 69
21 74 21 58 68 74
1 61 1 2 33 61
55 58 55 58
8 56 8 9 20 56
22 58 22 31 43 44 55 58
10 64 10 30 34 48 52 64
5 87 5 6 31 43 87
10 83 10 24 83
0 75 0 13 26 28 37 48 75
1 72 1 7 43 44 55 67 72
5 43 5 6 31 43
55 58 55 58
7 55 7 43 44 55
11 59 11 59
43 83 43 44 79 83
49 88 49 72 88
51 83 51 80 81 83
21 81 21 26 42 51 80 81
55 69 55 58 68 69
10 75 10 48 75
18 43 18 22 43
0 76 0 13 28 41 49 76
22 74 22 43 44 55 58 68 74
3 55 3 30 44 55
1 63 1 7 57 63
34 59 34 59
42 71 42 51 59 64 71
3 51 3 37 51
58 87 58 67 72 87
68 69 68 69
34 71 34 48 52 71
25 67 25 35 39 58 67
8 78 8 40 78
43 87 43 44 55 67 72 87
14 76 14 28 68 69 76
44 73 44 55 58 67 73
11 71 11 59 64 71
53 84 53 84
10 60 10 17 60
6 89 6 37 59 89
4 82 4 23 37 59 64 71 82
43 74 43 44 55 58 68 74
9 84 9 20 55 84
17 60 17 60
22 67 22 31 43 44 55 58 67
54 81 54 81
2 23 2 23
4 34 4 30 34
44 73 44 55 67 73
41 50 41 50
22 56 22 31 56
1 32 1 2 23 32
8 75 8 28 37 48 75
11 71 11 59 64 71
14 70 14 28 41 70
0 74 0 20 39 58 68 74
21 39 21 26 28 35 39
71 82 71 82
6 75 6 37 48 75
24 76 24 27 44 55 58 68 69 76
3 52 3 30 48 52
18 73 18 20 73
27 58 27 44 55 58
5 87 5 72 87
1 32 1 2 23 32
15 34 15 30 34
1 87 1 13 26 28 87
3 58 3 9 20 55 58
8 55 8 9 20 55
21 26 21 26
31 84 31 43 44 79 84
3 37 3 37
67 73 67 73
0 87 0 20 39 58 67 72 87
58 67 58 67
13 50 13 26 28 41 50
18 31 18 22 31
12 88 12 44 79 88
39 74 39 58 68 74
9 58 9 20 55 58
19 82 19 82
28 89 28 35 59 89
41 50 41 50
9 67 9 20 39 58 67
3 37 3 37
37 69 37 49 69
39 76 39 58 68 69 76
7 72 7 57 72
43 64 43 52 64
6 65 6 16 35 39 65
39 73 39 58 67 73
5 69 5 6 16 35 39 58 68 69
17 76 17 33 49 69 76
27 73 27 44 55 67 73
8 73 8 9 20 73
3 67 3 30 44 55 67
21 68 21 58 68
51 87 51 67 72 87
49 87 49 72 87
15 73 15 26 73
30 81 30 48 52 80 81
14 62 14 42 62
25 80 25 33 51 80
5 58 5 6 31 43 44 55 58
17 83 17 33 51 80 81 83
19 56 19 56
12 60 12 45 50 60
35 86 35 39 58 67 72 86
8 68 8 9 20 39 58 68
57 87 57 72 87
7 78 7 14 28 41 57 78
3 44 3 27 44
22 43 22 43
19 86 19 56 64 86
15 68 15 22 31 43 44 55 58 68
12 71 12 24 71
36 50 36 50
6 35 6 16 35
1 51 1 2 23 37 51
25 74 25 40 68 74
17 73 17 58 67 73
2 32 2 23 32
20 82 20 55 58 67 82
6 35 6 16 35
21 48 21 26 28 37 48
6 81 6 31 43 52 80 81
15 80 15 22 43 52 80
26 72 26 28 35 39 58 67 72
37 48 37 48
8 89 8 28 35 39 58 77 89
30 67 30 44 55 58 67
21 35 21 26 28 35
10 68 10 17 20 39 58 68
7 80 7 43 52 80
44 88 44 55 67 72 88
8 75 8 28 37 48 75
77 89 77 89
13 52 13 26 28 37 52
31 84 31 43 44 79 84
31 81 31 43 52 80 81
4 82 4 70 82
70 82 70 82
52 77 52 77
16 71 16 35 59 64 71
10 60 10 17 60
4 88 4 30 34 79 88
52 89 52 77 89
19 73 19 43 44 55 67 73
72 87 72 87
0 49 0 13 26 28 41 49
16 87 16 35 39 58 67 72 87
37 72 37 51 67 72
17 80 17 33 51 80
19 81 19 43 52 80 81
17 61 17 33 61
4 32 4 23 32
16 39 16 35 39
43 73 43 44 55 67 73
36 50 36 50
0 52 0 13 28 37 48 52
45 71 45 64 71
5 56 5 6 31 56
51 71 51 59 64 71
5 68 5 6 31 68
15 57 15 26 28 41 57
44 69 44 55 58 68 69
10 65 10 17 20 39 65
28 81 28 41 70 81
21 42 21 42
56 64 56 64
1 58 1 2 9 20 55 58
85 88 85 88
3 71 3 30 34 59 64 71
1 84 1 7 43 44 84
39 73 39 58 67 73
15 51 15 26 28 37 51
17 64 17 20 56 64
2 86 2 56 64 86
18 67 18 20 39 58 67
22 52 22 43 52
5 44 5 6 31 43 44
14 89 14 28 37 51 59 89
19 86 19 56 64 86
33 51 33 51
4 81 4 30 34 48 75 80 81
9 20 9 20
48 86 48 52 64 86
20 84 20 55 84
5 56 5 6 31 56
15 71 15 30 34 59 64 71
51 83 51 80 81 83
44 83 44 79 83
27 77 27 44 55 58 77
39 77 39 58 77
26 52 26 28 37 48 52
10 68 10 30 44 55 58 68
15 77 15 22 31 43 52 77
37 72 37 49 72
17 61 17 33 61
14 58 14 28 35 39 58
24 84 24 27 44 84
3 27 3 27
26 52 26 28 37 52
21 68 21 58 68
18 78 18 20 40 78
15 69 15 26 28 35 39 58 68 69
17 76 17 33 49 69 76
15 77 15 22 31 43 44 55 58 77
3 76 3 30 44 55 58 68 69 76
27 73 27 44 55 58 67 73
35 73 35 39 58 67 73
21 83 21 42 51 80 81 83
26 41 26 28 41
24 76 24 27 44 55 58 68 69 76
31 72 31 43 44 55 58 67 72
9 40 9 20 40
15 51 15 26 28 37 51
12 58 12 24 27 44 55 58
27 69 27 44 55 58 68 69
34 80 34 48 75 80
2 55 2 9 20 55
13 62 13 26 42 62
26 48 26 28 37 48
25 67 25 35 39 58 67
8 57 8 41 57
3 30 3 30
2 84 2 9 20 55 84
22 89 22 43 44 84 89
29 77 29 48 52 77
36 75 36 37 48 75
25 81 25 33 51 80 81
15 80 15 22 34 48 52 80
0 49 0 10 17 33 49
5 84 5 79 84
21 68 21 58 68
36 75 36 37 48 75
15 89 15 30 48 52 77 89
37 76 37 76
13 50 13 26 28 41 50
19 76 19 69 76
48 75 48 75
6 64 6 37 51 59 64
6 87 6 31 43 87
35 72 35 39 58 67 72
17 59 17 33 51 59
28 57 28 41 57
13 57 13 26 28 41 57
6 82 6 16 29 48 75 82
22 59 22 34 59
19 67 19 43 44 55 67
44 67 44 55 58 67
28 59 28 35 59
48 81 48 75 80 81
6 44 6 31 43 44
40 76 40 68 69 76
4 51 4 23 37 51
1 50 1 13 26 28 41 50
7 77 7 14 25 35 39 58 77
7 77 7 14 28 35 39 58 77
53 84 53 84
28 63 28 41 57 63
21 39 21 26 28 35 39
10 75 10 48 75
41 49 41 49
23 88 23 49 72 88
12 66 12 66
33 83 33 51 80 81 83
1 2 1 2
58 76 58 68 69 76
0 87 0 10 17 20 39 87
48 64 48 52 64
11 89 11 59 89
6 49 6 37 49
0 17 0 10 17
4 49 4 23 37 49
15 39 15 26 28 35 39
10 72 10 30 44 55 58 67 72
39 76 39 76
9 39 9 20 39
22 83 22 31 43 52 80 81 83
80 81 80 81
13 50 13 26 28 41 50
25 76 25 40 68 69 76
36 52 36 37 48 52
19 76 19 43 44 55 58 68 69 76
31 67 31 43 44 55 58 67
43 55 43 44 55
43 67 43 44 55 67
14 78 14 25 40 78
26 67 26 28 35 39 58 67
11 59 11 59
22 84 22 43 44 84
4 44 4 30 44
10 83 10 24 83
27 77 27 44 55 58 77
22 79 22 34 79
11 86 11 59 64 86
44 69 44 55 58 68 69
26 78 26 28 41 57 78
1 81 1 37 52 80 81
10 76 10 30 44 55 58 68 69 76
10 62 10 17 33 62
14 50 14 28 41 50
7 85 7 14 25 85
5 84 5 6 31 43 44 84
13 67 13 28 37 51 67
35 71 35 59 64 71
10 49 10 17 33 49
4 30 4 30
9 68 9 20 39 58 68
0 89 0 20 55 84 89
13 52 13 29 48 52
33 88 33 51 67 72 88
3 51 3 37 51
7 51 7 14 25 33 51
12 82 12 24 27 44 55 58 67 82
26 70 26 28 41 70
12 24 12 24
6 74 6 31 68 74
33 72 33 51 67 72
18 31 18 22 31
36 75 36 37 48 75
27 84 27 44 79 84
41 88 41 57 72 88
28 60 28 41 50 60
37 76 37 49 69 76
0 56 0 13 20 56
21 74 21 26 28 35 39 58 68 74
10 68 10 24 27 44 55 58 68
7 51 7 14 25 33 51
8 75 8 28 37 48 75
8 75 8 28 37 48 75
14 82 14 25 82
25 40 25 40
18 20 18 20
22 43 22 31 43
3 88 3 9 62 72 88
0 82 0 45 50 82
0 75 0 10 48 75
3 37 3 37
40 68 40 68
35 88 35 39 58 67 72 88
26 82 26 42 51 59 64 82
44 86 44 55 67 72 86
19 44 19 43 44
22 89 22 31 43 52 77 89
17 87 17 58 67 72 87
27 68 27 44 55 58 68
1 74 1 39 58 68 74
24 76 24 27 44 55 58 68 69 76
44 88 44 55 58 67 72 88
43 88 43 44 55 67 72 88
17 59 17 33 51 59
31 84 31 43 44 55 84
21 48 21 26 28 37 48
7 83 7 14 28 37 52 80 81 83
8 41 8 28 41
2 82 2 82
36 60 36 50 60
15 56 15 22 31 56
55 69 55 58 68 69
14 48 14 28 37 48
5 29 5 6 16 29
13 50 13 28 41 50
4 71 4 23 37 51 59 64 71
30 67 30 44 55 58 67
30 64 30 48 52 64
19 64 19 56 64
9 39 9 20 39
5 58 5 6 31 43 44 55 58
31 68 31 68
3 68 3 27 44 55 58 68
22 56 22 31 56
26 69 26 28 35 39 58 68 69
12 81 12 75 80 81
39 82 39 58 67 82
14 72 14 28 35 39 58 67 72
18 86 18 20 56 64 86
45 71 45 64 71
30 84 30 34 79 84
70 81 70 81
26 58 26 28 35 39 58
2 87 2 9 20 39 58 67 72 87
27 82 27 44 55 67 82
9 68 9 20 39 58 68
8 80 8 28 37 48 52 80
10 75 10 48 75
42 80 42 51 80
8 57 8 41 57
0 89 0 20 39 58 77 89
28 60 28 41 50 60
28 39 28 35 39
22 52 22 34 48 52
1 2 1 2
52 89 52 77 89
36 77 36 37 48 52 77
19 56 19 56
36 77 36 37 48 52 77
28 63 28 41 57 63
24 78 24 27 78
8 69 8 41 49 69
66 78 66 78
7 61 7 14 25 33 61
14 67 14 28 37 51 67
21 26 21 26
5 69 5 6 16 35 39 58 68 69
6 44 6 31 43 44
1 38 1 7 14 25 38
41 57 41 57
15 42 15 26 42
41 76 41 49 76
54 83 54 81 83
25 51 25 33 51
35 39 35 39
34 71 34 59 64 71
28 68 28 35 39 58 68
1 42 1 13 26 42
7 87 7 14 42 51 67 72 87
21 68 21 26 28 68
28 75 28 37 48 75
7 62 7 62
36 50 36 50
26 50 26 28 41 50
30 79 30 34 79
49 76 49 76
17 86 17 33 49 72 86
35 73 35 39 58 67 73
2 80 2 23 37 48 75 80
22 84 22 43 44 79 84
36 83 36 37 48 52 80 81 83
10 62 10 17 33 62
8 89 8 28 37 51 59 89
5 51 5 6 37 51
27 44 27 44
24 84 24 27 44 84
19 81 19 43 52 80 81
24 55 24 27 44 55
18 65 18 20 39 65
9 20 9 20
28 72 28 41 57 72
31 72 31 43 44 55 58 67 72
31 67 31 43 44 55 67
25 79 25 79
7 43 7 43
1 68 1 13 68
44 79 44 79
1 28 1 7 14 28
51 67 51 67
1 74 1 7 14 25 40 68 74
25 67 25 35 39 58 67
59 82 59 64 71 82
1 72 1 39 58 67 72
44 69 44 55 58 68 69
44 69 44 55 58 68 69
7 57 7 14 28 41 57
13 40 13 20 40
9 74 9 20 40 68 74
75 83 75 80 81 83
52 80 52 80
3 37 3 37
43 55 43 44 55
1 76 1 49 69 76
15 34 15 22 34
14 88 14 42 62 72 88
41 63 41 57 63
30 79 30 34 79
14 84 14 25 79 84
8 52 8 28 37 48 52
59 89 59 89
29 82 29 48 75 82
22 64 22 31 56 64
37 75 37 48 75
2 48 2 23 37 48
0 72 0 20 55 58 67 72
19 38 19 38
38 89 38 89
9 64 9 20 56 64
34 77 34 48 52 77
25 59 25 35 59
24 78 24 27 78
41 50 41 50
13 42 13 26 42
51 80 51 80
0 49 0 13 26 28 41 49
3 72 3 37 49 72
4 23 4 23
29 75 29 48 75
26 50 26 28 41 50
12 60 12 60
14 87 14 25 35 39 87
26 57 26 28 41 57
58 67 58 67
13 67 13 28 35 39 58 67
26 41 26 28 41
52 81 52 80 81
4 82 4 23 37 52 64 82
51 83 51 80 81 83
1 41 1 7 14 28 41
57 78 57 78
3 88 3 27 79 88
31 81 31 43 52 80 81
22 74 22 43 44 55 58 68 74
44 73 44 55 58 67 73
13 62 13 26 42 62
43 77 43 52 77
16 87 16 35 39 87
42 59 42 51 59
15 37 15 26 28 37
14 35 14 28 35
21 81 21 42 51 80 81
7 77 7 14 34 48 52 77
14 67 14 42 51 67
72 87 72 87
2 32 2 23 32
2 84 2 9 20 55 84
5 56 5 6 31 56
26 42 26 42
21 87 21 26 42 62 72 87
3 51 3 37 51
18 81 18 22 43 52 80 81
14 81 14 28 37 48 52 80 81
9 88 9 20 39 58 67 72 88
4 34 4 30 34
1 26 1 13 26
26 80 26 42 51 80
16 52 16 29 48 52
15 37 15 26 28 37
10 73 10 30 44 55 58 67 73
1 26 1 13 26
28 68 28 68
37 73 37 51 67 73
31 86 31 56 64 86
22 73 22 43 44 55 58 67 73
7 85 7 14 25 85
18 68 18 22 31 43 44 55 58 68
43 82 43 44 55 58 67 82
63 65 63 65
26 87 26 42 62 72 87
25 85 25 85
15 57 15 26 28 41 57
2 68 2 9 20 55 58 68
45 64 45 64
7 60 7 14 28 41 50 60
0 56 0 13 20 56
12 66 12 66
64 71 64 71
0 29 0 13 29
34 59 34 59
37 82 37 52 71 82
75 80 75 80
34 81 34 48 75 80 81
26 70 26 28 41 70
43 64 43 52 64
19 76 19 43 44 55 58 68 69 76
2 49 2 23 37 49
10 76 10 24 27 44 55 58 68 69 76
1 32 1 2 23 32
34 75 34 48 75
28 68 28 68
3 58 3 9 20 55 58
23 87 23 49 72 87
49 87 49 72 87
24 55 24 27 44 55
8 80 8 28 37 52 80
2 64 2 33 51 59 64
21 77 21 58 77
13 89 13 84 89
19 87 19 62 72 87
15 30 15 30
70 81 70 81
12 49 12 37 49
1 68 1 2 9 20 40 68
0 74 0 27 44 55 58 68 74
3 78 3 27 78
0 13 0 13
55 73 55 67 73
8 35 8 28 35
2 86 2 33 51 86
33 81 33 51 80 81
8 83 8 28 41 70 81 83
17 80 17 33 51 80
22 56 22 31 56
5 79 5 79
10 86 10 48 52 64 86
12 44 12 24 27 44
45 89 45 77 89
34 88 34 48 75 88
2 49 2 33 49
1 79 1 7 14 25 79
36 76 36 37 76
2 58 2 9 20 39 58
9 39 9 20 39
44 88 44 79 88
17 60 17 60
0 73 0 10 30 44 55 67 73
15 56 15 22 31 56
6 55 6 31 43 44 55
10 65 10 17 20 39 65
3 75 3 30 48 75
12 69 12 37 49 69
34 48 34 48
35 72 35 39 58 67 72
28 69 28 37 49 69
17 56 17 20 56
22 52 22 43 52
18 20 18 20
28 49 28 41 49
13 40 13 20 40
15 77 15 26 28 37 52 77
37 48 37 48
27 68 27 44 55 58 68
10 76 10 24 27 44 55 58 68 69 76
6 89 6 77 89
8 73 8 9 20 55 58 67 73
1 57 1 13 28 41 57
0 75 0 10 48 75
4 84 4 30 44 84
12 75 12 75
8 35 8 28 35
6 55 6 31 43 44 55
85 88 85 88
5 58 5 6 31 43 44 55 58
7 48 7 14 34 48
17 73 17 58 67 73
17 84 17 20 55 84
79 88 79 88
17 86 17 20 55 58 67 72 86
48 80 48 75 80
22 83 22 43 44 79 83
29 64 29 48 52 64
14 89 14 42 51 59 89
52 83 52 80 81 83
28 71 28 35 59 64 71
7 60 7 14 28 41 50 60
11 71 11 59 64 71
42 62 42 62
80 81 80 81
29 80 29 48 52 80
25 51 25 33 51
0 29 0 13 29
49 76 49 76
10 77 10 30 48 52 77
28 72 28 35 39 58 67 72
9 39 9 20 39
14 58 14 25 35 39 58
0 44 0 27 44
20 74 20 40 68 74
15 65 15 26 28 35 39 65
3 71 3 37 51 59 64 71
14 74 14 28 35 39 58 68 74
58 77 58 77
11 82 11 59 64 82
7 60 7 14 28 41 50 60
7 72 7 43 44 55 67 72
37 48 37 48
49 76 49 69 76
4 75 4 30 34 48 75
14 37 14 28 37
19 76 19 43 44 55 58 68 69 76
20 84 20 55 84
31 86 31 43 52 64 86
43 87 43 87
5 29 5 6 16 29
30 67 30 44 55 58 67
31 68 31 68
44 73 44 55 58 67 73
12 82 12 75 82
85 88 85 88
33 88 33 51 67 72 88
11 86 11 59 64 86
2 89 2 23 37 59 89
41 72 41 49 72
5 87 5 72 87
39 76 39 58 68 69 76
25 84 25 79 84
28 63 28 41 57 63
16 88 16 29 48 88
8 51 8 28 37 51
58 87 58 67 72 87
28 63 28 41 57 63
12 51 12 37 51
37 69 37 49 69
17 58 17 20 55 58
43 82 43 44 55 67 82
9 67 9 20 39 58 67
4 81 4 23 37 51 80 81
12 82 12 29 48 52 64 82
52 83 52 80 81 83
41 76 41 49 69 76
15 62 15 26 42 62
43 88 43 44 79 88
38 89 38 89
14 87 14 28 41 49 72 87
37 71 37 52 64 71
5 35 5 6 16 35
13 41 13 28 41
4 30 4 30
41 88 41 49 72 88
16 65 16 35 39 65
12 69 12 24 27 44 55 58 68 69
18 31 18 22 31
27 82 27 44 55 67 82
58 67 58 67
2 73 2 33 51 67 73
10 73 10 17 20 55 58 67 73
2 74 2 9 20 56 74
17 76 17 20 55 58 68 69 76
14 42 14 42
9 67 9 20 39 58 67
21 68 21 58 68
15 31 15 22 31
1 38 1 7 14 25 38
52 80 52 80
27 76 27 44 55 58 68 69 76
14 74 14 25 40 68 74
4 64 4 30 34 48 52 64
40 76 40 68 69 76
36 83 36 81 83
1 79 1 7 14 34 79
0 17 0 10 17
6 31 6 31
13 78 13 20 40 78
23 87 23 49 72 87
5 56 5 6 31 56
1 2 1 2
34 81 34 48 52 80 81
0 81 0 10 30 48 75 80 81
10 65 10 17 20 39 65
10 68 10 30 44 55 58 68
35 39 35 39
37 72 37 72
21 50 21 26 28 41 50
3 56 3 9 20 56
52 82 52 64 71 82
59 89 59 89
55 86 55 58 67 72 86
14 72 14 25 33 51 67 72
7 85 7 14 25 85
14 70 14 28 41 70
8 74 8 40 68 74
0 76 0 10 17 58 68 69 76
22 56 22 31 56
0 63 0 13 28 41 57 63
51 82 51 67 82
17 60 17 60
18 55 18 20 55
0 34 0 10 30 34
26 86 26 28 35 39 58 67 72 86
9 88 9 62 72 88
17 59 17 33 51 59
33 72 33 62 72
17 33 17 33
14 81 14 25 33 51 80 81
43 77 43 52 77
11 86 11 59 64 86
44 76 44 55 58 68 69 76
34 71 34 48 52 64 71
0 73 0 13 20 39 58 67 73
15 65 15 26 28 35 39 65
54 83 54 81 83
3 38 3 38
22 34 22 34
27 79 27 44 79
27 44 27 44
30 81 30 34 48 75 80 81
13 82 13 28 82
4 23 4 23
25 69 25 35 39 58 68 69
15 62 15 26 42 62
5 68 5 6 16 35 39 58 68
9 71 9 20 56 64 71
26 57 26 28 41 57
0 79 0 27 44 79
1 63 1 7 14 25 63
22 89 22 43 52 77 89
59 89 59 89
5 84 5 79 84
4 51 4 23 37 51
58 82 58 67 82
2 64 2 33 51 59 64
6 89 6 31 43 44 55 58 77 89
21 42 21 42
3 56 3 9 20 56
12 66 12 66
18 82 18 59 64 82
42 81 42 51 80 81
43 86 43 52 64 86
12 66 12 66
13 35 13 26 28 35
70 82 70 82
16 87 16 87
25 88 25 35 39 58 67 72 88
3 67 3 37 51 67
3 88 3 37 72 88
8 72 8 41 49 72
36 50 36 50
0 34 0 10 30 34
14 62 14 25 62
44 69 44 55 58 68 69
28 39 28 35 39
1 28 1 7 14 28
28 63 28 41 63
7 74 7 14 25 40 68 74
11 86 11 59 64 86
36 60 36 50 60
6 73 6 37 51 67 73
19 64 19 43 52 64
24 67 24 27 44 55 67
31 67 31 43 44 55 58 67
43 73 43 44 55 67 73
6 43 6 31 43
31 72 31 43 44 55 67 72
58 77 58 77
14 48 14 34 48
8 83 8 28 41 70 81 83
47 75 47 75
39 87 39 58 67 72 87
34 71 34 59 64 71
0 40 0 10 17 20 40
80 81 80 81
31 79 31 43 44 79
31 83 31 43 52 80 81 83
9 76 9 20 39 58 68 69 76
48 81 48 52 80 81
21 74 21 26 28 35 39 58 68 74
15 49 15 26 28 41 49
4 64 4 30 48 52 64
44 74 44 55 58 68 74
44 74 44 55 58 68 74
0 75 0 10 48 75
28 60 28 41 50 60
54 81 54 81
11 89 11 59 89
37 76 37 49 69 76
1 38 1 7 14 25 38
17 62 17 33 62
52 80 52 80
13 62 13 26 42 62
58 77 58 77
26 49 26 28 41 49
14 88 14 25 62 72 88
41 57 41 57
44 74 44 55 58 68 74
36 48 36 37 48
21 73 21 42 51 67 73
24 87 24 27 44 55 58 67 72 87
52 81 52 80 81
3 58 3 27 44 55 58
31 84 31 43 44 55 84
20 56 20 56
17 83 17 70 81 83
30 76 30 44 55 58 68 69 76
2 64 2 9 20 56 64
6 49 6 37 49
0 34 0 10 30 34
14 84 14 34 79 84
5 58 5 6 16 35 39 58
55 86 55 67 72 86
11 86 11 59 64 86
0 40 0 20 40
13 67 13 20 39 58 67
6 43 6 31 43
14 60 14 28 41 50 60
11 76 11 68 69 76
16 48 16 29 48
34 80 34 48 52 80
72 87 72 87
39 74 39 58 68 74
25 59 25 35 59
8 55 8 9 20 55
16 59 16 35 59
75 81 75 80 81
43 88 43 44 79 88
21 83 21 42 51 80 81 83
26 50 26 28 41 50
14 48 14 28 37 48
29 64 29 48 52 64
7 60 7 14 28 41 50 60
33 61 33 61
3 38 3 38
80 81 80 81
9 58 9 20 39 58
48 81 48 75 80 81
44 86 44 55 67 72 86
13 78 13 20 40 78
34 75 34 48 75
59 89 59 89
31 86 31 43 52 64 86
7 61 7 14 25 33 61
58 67 58 67
37 81 37 51 80 81
2 89 2 33 51 59 89
49 69 49 69
5 68 5 6 31 43 44 55 58 68
30 68 30 44 55 58 68
31 84 31 43 44 84
33 67 33 51 67
14 83 14 25 79 83
12 60 12 50 60
21 73 21 58 67 73
22 89 22 34 48 52 77 89
5 44 5 6 31 43 44
7 61 7 14 25 33 61
31 68 31 68
52 89 52 77 89
4 75 4 23 37 48 75
10 51 10 17 33 51
23 69 23 49 69
1 40 1 2 9 20 40
55 89 55 84 89
31 83 31 43 52 80 81 83
4 51 4 23 37 51
2 77 2 23 37 48 52 77
39 82 39 58 67 82
4 64 4 30 48 52 64
28 60 28 41 50 60
13 68 13 68
22 72 22 43 44 55 67 72
6 73 6 37 51 67 73
17 73 17 33 51 67 73
8 50 8 41 50
13 73 13 26 28 35 39 58 67 73
0 17 0 10 17
18 65 18 20 39 65
41 49 41 49
22 56 22 31 56
14 57 14 28 41 57
5 43 5 6 31 43
28 78 28 41 57 78
9 86 9 20 55 58 67 72 86
38 89 38 89
41 88 41 49 72 88
8 55 8 9 20 55
12 24 12 24
10 52 10 48 52
14 60 14 28 41 50 60
18 78 18 20 40 78
0 72 0 10 24 27 44 55 58 67 72
1 72 1 7 57 72
31 79 31 43 44 79
13 62 13 26 42 62
58 73 58 67 73
1 61 1 2 33 61
27 58 27 44 55 58
33 67 33 51 67
26 50 26 28 41 50
4 77 4 23 66 77
21 62 21 26 42 62
0 49 0 10 17 33 49
11 82 11 59 64 82
35 72 35 39 58 67 72
23 69 23 49 69
24 55 24 27 44 55
28 72 28 35 39 58 67 72
20 56 20 56
15 80 15 22 34 48 75 80
39 82 39 58 67 82
9 67 9 20 39 58 67
12 82 12 75 82
20 69 20 55 58 68 69
0 56 0 10 17 20 56
23 59 23 37 51 59
22 83 22 31 43 44 79 83
52 77 52 77
22 79 22 34 79
25 87 25 33 62 72 87
18 48 18 22 34 48
0 34 0 10 30 34
5 44 5 6 31 43 44
43 77 43 44 55 58 77
3 68 3 27 44 55 58 68
19 56 19 56
12 58 12 24 27 44 55 58
17 56 17 20 56
8 35 8 28 35
13 52 13 28 37 52
24 78 24 27 78
43 82 43 52 71 82
24 83 24 83
14 42 14 42
28 57 28 41 57
9 56 9 20 56
24 87 24 27 44 55 67 72 87
36 77 36 37 77
17 60 17 60
5 43 5 6 31 43
4 49 4 49
18 82 18 20 56 82
13 52 13 29 48 52
31 81 31 43 52 80 81
5 79 5 6 31 43 44 79
25 80 25 33 51 80
15 69 15 30 44 55 58 68 69
5 76 5 6 31 68 69 76
45 89 45 77 89
3 78 3 9 20 40 78
30 81 30 48 52 80 81
70 81 70 81
13 89 13 26 42 51 59 89
6 65 6 16 35 39 65
7 77 7 43 44 55 58 77
21 77 21 58 77
23 59 23 37 51 59
8 50 8 41 50
9 84 9 20 55 84
25 40 25 40
30 68 30 44 55 58 68
27 82 27 44 55 67 82
4 64 4 30 34 59 64
4 78 4 23 66 78
14 70 14 28 41 70
48 80 48 52 80
26 69 26 28 35 39 58 68 69
4 82 4 23 37 59 64 71 82
5 76 5 6 31 68 69 76
5 29 5 6 16 29
79 88 79 88
37 76 37 76
39 87 39 58 67 72 87
5 49 5 6 37 49
37 81 37 51 80 81
4 34 4 30 34
25 80 25 33 51 80
33 80 33 51 80
55 73 55 58 67 73
29 80 29 48 75 80
31 81 31 43 52 80 81
21 48 21 26 28 37 48
44 76 44 55 58 68 69 76
3 30 3 30
0 20 0 20
45 60 45 50 60
47 83 47 75 80 81 83
37 81 37 51 80 81
7 48 7 14 28 37 48
22 67 22 31 43 44 55 67
21 77 21 26 28 77
5 79 5 6 31 43 44 79
8 56 8 9 20 56
30 67 30 44 55 58 67
26 49 26 28 41 49
25 68 25 40 68
55 67 55 58 67
45 64 45 64
44 67 44 55 58 67
66 78 66 78
1 2 1 2
3 30 3 30
26 69 26 28 41 49 69
31 87 31 43 44 55 58 67 72 87
17 64 17 33 51 59 64
15 64 15 26 42 51 59 64
31 73 31 43 44 55 58 67 73
14 72 14 28 37 51 67 72
26 62 26 42 62
80 81 80 81
8 80 8 28 37 52 80
36 51 36 37 51
5 43 5 6 31 43
6 49 6 37 49
15 34 15 22 34
55 89 55 58 77 89
43 82 43 44 55 58 67 82
8 83 8 28 37 51 80 81 83
10 76 10 24 27 44 55 58 68 69 76
14 74 14 28 68 74
20 74 20 56 74
35 39 35 39
21 86 21 58 67 72 86
2 69 2 23 49 69
42 80 42 51 80
26 68 26 28 68
37 81 37 52 80 81
27 58 27 44 55 58
7 87 7 57 72 87
13 42 13 26 42
17 86 17 58 67 72 86
21 50 21 26 28 41 50
19 86 19 56 64 86
6 87 6 31 43 44 55 67 72 87
7 85 7 14 25 85
24 55 24 27 44 55
17 56 17 20 56
26 50 26 28 41 50
28 65 28 41 63 65
8 55 8 9 20 55
58 73 58 67 73
25 51 25 33 51
20 74 20 55 58 68 74
1 40 1 13 20 40
33 83 33 51 80 81 83
35 73 35 39 58 67 73
14 35 14 25 35
2 64 2 33 51 59 64
14 80 14 42 51 80
13 42 13 26 42
57 72 57 72
8 72 8 9 62 72
48 64 48 52 64
12 44 12 44
40 68 40 68
28 57 28 41 57
2 56 2 9 20 56
12 45 12 45
1 68 1 13 20 40 68
7 83 7 43 44 79 83
7 72 7 62 72
8 64 8 28 37 52 64
19 81 19 43 52 80 81
15 58 15 22 31 43 44 55 58
2 49 2 23 37 49
22 56 22 31 56
35 69 35 39 58 68 69
80 81 80 81
22 73 22 43 44 55 67 73
5 68 5 6 16 35 39 58 68
0 30 0 10 30
10 51 10 17 33 51
8 41 8 41
1 35 1 13 28 35
31 86 31 56 64 86
49 87 49 72 87
15 56 15 22 31 56
34 52 34 48 52
15 62 15 26 42 62
25 79 25 79
16 89 16 29 48 52 77 89
4 77 4 30 34 48 52 77
18 82 18 22 31 43 52 64 71 82
37 86 37 48 52 64 86
59 82 59 64 71 82
21 42 21 26 42
19 89 19 38 89
8 88 8 62 72 88
6 49 6 37 49
33 80 33 51 80
25 67 25 35 39 58 67
19 82 19 56 64 71 82
34 59 34 59
13 73 13 26 42 51 67 73
7 78 7 57 78
10 77 10 24 27 44 55 58 77
37 69 37 49 69
58 86 58 67 72 86
3 81 3 30 34 48 75 80 81
7 85 7 14 25 85
13 40 13 20 40
58 67 58 67
11 82 11 59 64 71 82
39 68 39 58 68
12 66 12 66
3 37 3 37
13 78 13 20 40 78
15 79 15 30 44 79
26 41 26 28 41
6 16 6 16
25 83 25 79 83
1 76 1 13 28 68 69 76
12 51 12 37 51
7 65 7 57 63 65
33 87 33 62 72 87
56 64 56 64
15 68 15 30 44 55 58 68
8 69 8 40 68 69
24 76 24 27 44 55 58 68 69 76
29 82 29 48 52 64 82
8 73 8 28 37 51 67 73
15 35 15 26 28 35
3 67 3 37 51 67
44 69 44 55 58 68 69
14 33 14 25 33
14 88 14 42 51 67 72 88
0 49 0 13 26 28 37 49
37 86 37 48 52 64 86
33 67 33 51 67
35 58 35 39 58
24 78 24 27 78
31 68 31 43 44 55 58 68
26 80 26 28 37 51 80
11 59 11 59
33 67 33 51 67
10 72 10 30 44 55 58 67 72
8 78 8 41 57 78
20 55 20 55
4 71 4 23 37 59 64 71
71 82 71 82
28 81 28 37 51 80 81
16 67 16 35 39 58 67
30 67 30 44 55 58 67
21 81 21 42 51 80 81
11 59 11 59
14 62 14 25 62
24 68 24 27 44 55 58 68
0 79 0 10 24 27 79
14 67 14 42 51 67
47 83 47 75 80 81 83
10 75 10 30 48 75
0 30 0 10 30
10 62 10 17 33 62
26 78 26 28 41 57 78
8 88 8 28 35 39 58 67 72 88
13 65 13 26 28 35 39 65
23 88 23 37 49 72 88
17 61 17 33 61
22 84 22 34 79 84
6 81 6 31 43 52 80 81
26 68 26 28 68
1 44 1 7 43 44
79 88 79 88
34 59 34 59
16 39 16 35 39
2 33 2 33
9 67 9 20 55 58 67
55 69 55 58 68 69
48 89 48 52 77 89
26 89 26 28 77 89
20 82 20 39 58 67 82
7 60 7 14 28 41 50 60
26 76 26 28 37 76
18 67 18 20 39 58 67
8 83 8 41 70 81 83
15 69 15 22 43 44 55 58 68 69
70 82 70 82
8 74 8 40 68 74
15 80 15 26 28 37 51 80
7 74 7 14 25 35 39 58 68 74
3 37 3 37
6 35 6 16 35
41 76 41 76
3 52 3 37 52
2 86 2 23 49 72 86
13 89 13 29 48 52 77 89
43 87 43 44 55 67 72 87
14 76 14 28 68 69 76
21 67 21 26 42 51 67
14 88 14 34 48 88
40 68 40 68
13 87 13 28 41 57 72 87
4 71 4 23 37 59 64 71
56 64 56 64
16 67 16 35 39 58 67
10 68 10 30 44 55 58 68
41 63 41 63
1 32 1 2 23 32
29 75 29 48 75
8 58 8 28 35 39 58
58 76 58 68 69 76
6 89 6 37 48 52 77 89
52 83 52 80 81 83
12 71 12 45 64 71
7 83 7 43 52 80 81 83
8 68 8 9 20 40 68
9 67 9 20 55 58 67
40 68 40 68
0 80 0 13 29 48 52 80
14 37 14 28 37
39 74 39 58 68 74
10 72 10 17 20 39 58 67 72
22 77 22 31 43 52 77
52 89 52 77 89
40 76 40 68 69 76
9 74 9 20 40 68 74
43 86 43 52 64 86
56 64 56 64
3 74 3 27 44 55 58 68 74
48 88 48 75 88
39 74 39 58 68 74
23 69 23 37 49 69
34 48 34 48
62 88 62 72 88
0 13 0 13
14 88 14 25 62 72 88
68 69 68 69
4 51 4 23 37 51
14 40 14 25 40
48 89 48 52 77 89
24 55 24 27 44 55
8 68 8 28 68
0 74 0 10 24 27 44 55 58 68 74
36 83 36 81 83
7 72 7 57 72
55 58 55 58
11 76 11 68 69 76
9 64 9 20 56 64
12 72 12 44 55 58 67 72
1 42 1 13 26 42
23 87 23 37 72 87
37 72 37 72
28 65 28 35 39 65
4 71 4 23 37 59 64 71
15 35 15 26 28 35
56 74 56 74
75 80 75 80
8 67 8 28 37 51 67
2 80 2 33 51 80
24 84 24 27 44 55 84
28 63 28 41 63
55 58 55 58
8 58 8 28 35 39 58
41 60 41 50 60
1 62 1 13 26 42 62
3 73 3 30 44 55 58 67 73
14 60 14 28 41 50 60
12 66 12 66
1 61 1 2 33 61
51 67 51 67
26 67 26 28 35 39 58 67
66 78 66 78
26 49 26 28 37 49
24 76 24 27 44 55 58 68 69 76
3 65 3 38 65
3 76 3 37 49 76
66 78 66 78
6 64 6 16 29 48 52 64
19 82 19 82
56 74 56 74
31 79 31 43 44 79
7 55 7 43 44 55
31 86 31 56 64 86
16 52 16 29 48 52
4 77 4 30 34 48 52 77
14 67 14 42 51 67
13 73 13 20 73
3 58 3 27 44 55 58
14 50 14 28 41 50
17 39 17 20 39
16 29 16 29
30 44 30 44
6 64 6 37 48 52 64
1 25 1 7 14 25
17 87 17 33 62 72 87
2 86 2 33 51 59 64 86
43 74 43 44 55 58 68 74
5 69 5 6 37 49 69
15 68 15 30 44 55 58 68
18 43 18 22 31 43
5 68 5 6 31 43 44 55 58 68
26 80 26 28 37 48 75 80
23 73 23 37 51 67 73
10 76 10 30 44 55 58 68 69 76
4 88 4 49 72 88
27 44 27 44
10 64 10 48 52 64
12 49 12 37 49
10 77 10 17 20 55 58 77
42 62 42 62
5 84 5 79 84
14 82 14 59 64 71 82
3 58 3 27 44 55 58
2 32 2 23 32
5 49 5 6 37 49
44 76 44 55 58 68 69 76
57 87 57 72 87
49 87 49 72 87
18 81 18 22 43 52 80 81
25 40 25 40
25 81 25 33 51 80 81
15 69 15 30 44 55 58 68 69
17 87 17 20 39 87
37 82 37 52 71 82
3 68 3 30 44 55 58 68
53 89 53 84 89
5 58 5 6 16 35 39 58
22 73 22 43 44 55 58 67 73
14 67 14 28 37 51 67
22 67 22 31 43 44 55 67
0 40 0 20 40
36 52 36 37 52
10 64 10 17 20 56 64
45 64 45 64
52 80 52 80
51 83 51 80 81 83
15 64 15 26 28 35 59 64
15 42 15 26 42
4 32 4 23 32
4 78 4 23 66 78
7 65 7 57 63 65
16 58 16 35 39 58
14 40 14 25 40
26 86 26 28 35 59 64 86
39 87 39 58 67 72 87
23 88 23 37 72 88
25 40 25 40
35 39 35 39
3 65 3 9 20 39 65
3 88 3 27 88
0 76 0 27 44 55 58 68 69 76
0 56 0 20 56
1 38 1 7 14 25 38
20 82 20 39 58 67 82
41 76 41 76
3 38 3 38
20 82 20 56 82
13 57 13 28 41 57
31 71 31 56 64 71
67 72 67 72
70 82 70 82
17 86 17 58 67 72 86
3 81 3 30 48 52 80 81
9 84 9 20 55 84
24 68 24 27 44 55 58 68
44 79 44 79
4 66 4 23 66
6 59 6 16 35 59
34 48 34 48
5 58 5 6 16 35 39 58
28 78 28 41 57 78
6 48 6 16 29 48
26 68 26 28 35 39 58 68
13 70 13 28 41 70
8 73 8 9 20 73
4 84 4 30 44 79 84
3 71 3 9 71
14 70 14 28 41 70
12 44 12 24 27 44
1 57 1 7 14 28 41 57
56 64 56 64
34 80 34 48 52 80
0 44 0 10 30 44
12 49 12 37 49
18 89 18 22 31 43 44 79 84 89
26 62 26 42 62
30 67 30 44 55 58 67
1 79 1 7 14 34 79
15 73 15 22 31 43 44 55 67 73
18 48 18 22 34 48
48 83 48 52 80 81 83
10 83 10 24 83
34 75 34 48 75
0 87 0 20 39 87
68 69 68 69
57 72 57 72
43 67 43 44 55 67
26 76 26 28 37 49 76
21 26 21 26
20 58 20 39 58
31 83 31 43 44 79 83
7 62 7 62
58 73 58 67 73
51 71 51 59 64 71
18 68 18 20 55 58 68
26 50 26 28 41 50
26 82 26 42 51 59 64 82
25 83 25 79 83
58 76 58 68 69 76
6 87 6 37 72 87
0 29 0 13 29
44 73 44 55 67 73
44 86 44 55 67 72 86
10 49 10 17 33 49
15 89 15 30 34 59 89
7 85 7 14 25 85
16 65 16 35 39 65
34 80 34 48 75 80
35 72 35 39 58 67 72
42 80 42 51 80
8 88 8 41 57 72 88
28 72 28 37 49 72
28 60 28 41 50 60
6 87 6 31 43 87
26 72 26 28 35 39 58 67 72
28 69 28 41 49 69
22 77 22 34 48 52 77
43 77 43 44 55 58 77
25 85 25 85
85 88 85 88
11 74 11 68 74
29 64 29 48 52 64
31 56 31 56
15 73 15 30 44 55 58 67 73
44 74 44 55 58 68 74
31 71 31 56 64 71
14 82 14 25 82
9 74 9 20 40 68 74
37 48 37 48
0 52 0 13 26 28 37 52
3 52 3 30 34 48 52
1 50 1 13 26 28 41 50
0 72 0 10 30 44 55 67 72
21 68 21 26 28 68
3 73 3 37 51 67 73
21 81 21 26 28 41 70 81
16 89 16 35 39 58 77 89
1 26 1 13 26
43 71 43 52 71
10 60 10 17 60
23 87 23 37 51 67 72 87
4 49 4 23 37 49
41 76 41 76
12 60 12 60
10 73 10 17 58 67 73
3 37 3 37
28 39 28 35 39
17 86 17 58 67 72 86
3 38 3 38
17 76 17 20 55 58 68 69 76
10 64 10 48 52 64
35 72 35 39 58 67 72
7 74 7 14 25 40 68 74
2 58 2 9 20 55 58
6 73 6 31 43 44 55 58 67 73
22 73 22 43 44 55 67 73
15 89 15 30 48 52 77 89
29 71 29 48 52 71
30 81 30 48 75 80 81
39 82 39 58 67 82
16 59 16 35 59
26 82 26 42 51 67 82
31 77 31 43 52 77
29 64 29 48 52 64
33 78 33 78
1 42 1 13 26 42
42 59 42 51 59
7 43 7 43
18 78 18 20 40 78
33 87 33 62 72 87
18 81 18 22 34 48 75 80 81
35 71 35 59 64 71
16 52 16 29 48 52
27 58 27 44 55 58
36 49 36 37 49
14 48 14 34 48
28 65 28 41 57 63 65
20 84 20 55 84
15 57 15 26 28 41 57
12 29 12 29
15 49 15 26 28 41 49
1 51 1 37 51
20 58 20 39 58
15 68 15 30 44 55 58 68
14 83 14 42 51 80 81 83
8 40 8 9 20 40
53 84 53 84
3 67 3 9 20 39 58 67
22 82 22 31 56 64 71 82
36 76 36 37 49 69 76
36 87 36 37 49 72 87
8 50 8 28 41 50
0 40 0 10 17 20 40
2 33 2 33
7 87 7 62 72 87
4 30 4 30
25 84 25 79 84
2 89 2 23 37 77 89
48 80 48 75 80
36 52 36 37 52
8 40 8 40
37 75 37 48 75
8 52 8 28 37 52
2 87 2 23 49 72 87
51 71 51 59 64 71
42 71 42 51 59 64 71
5 35 5 6 16 35
8 64 8 9 20 56 64
31 77 31 43 44 55 58 77
12 49 12 37 49
33 72 33 51 67 72
43 67 43 44 55 58 67
39 68 39 58 68
49 76 49 76
30 68 30 44 55 58 68
14 57 14 28 41 57
3 27 3 27
80 81 80 81
43 73 43 44 55 58 67 73
0 52 0 13 28 37 48 52
31 79 31 43 44 79
1 2 1 2
26 42 26 42
2 87 2 33 49 72 87
75 81 75 80 81
37 81 37 51 80 81
6 87 6 16 35 39 58 67 72 87
1 32 1 2 23 32
22 59 22 34 59
22 84 22 34 79 84
14 80 14 25 33 51 80
8 64 8 28 35 59 64
45 71 45 64 71
2 62 2 33 62
45 64 45 64
0 49 0 10 17 33 49
18 44 18 22 43 44
36 76 36 37 49 69 76
3 81 3 37 48 52 80 81
14 37 14 28 37
1 63 1 13 26 28 41 63
49 69 49 69
2 23 2 23
24 55 24 27 44 55
34 81 34 48 75 80 81
28 57 28 41 57
75 81 75 80 81
7 78 7 57 78
10 60 10 17 60
24 68 24 27 44 55 58 68
1 44 1 7 43 44
30 67 30 44 55 58 67
22 77 22 31 43 52 77
13 57 13 26 28 41 57
48 64 48 52 64
10 75 10 30 48 75
7 51 7 14 42 51
7 85 7 14 25 85
12 44 12 24 27 44
24 83 24 83
31 87 31 43 44 55 58 67 72 87
28 59 28 37 51 59
29 75 29 48 75
51 86 51 59 64 86
22 77 22 43 52 77
22 58 22 43 44 55 58
41 72 41 57 72
19 81 19 43 52 80 81
21 35 21 26 28 35
41 60 41 50 60
4 82 4 30 44 55 58 67 82
15 79 15 22 43 44 79
29 48 29 48
15 65 15 26 28 35 39 65
62 72 62 72
28 72 28 37 51 67 72
33 80 33 51 80
31 77 31 43 44 55 58 77
2 55 2 9 20 55
1 81 1 13 26 28 41 70 81
14 62 14 42 62
13 52 13 28 37 52
43 68 43 44 55 58 68
25 81 25 33 51 80 81
36 77 36 37 52 77
37 48 37 48
58 86 58 67 72 86
24 55 24 27 44 55
17 72 17 33 51 67 72
17 58 17 20 55 58
36 48 36 37 48
35 73 35 39 58 67 73
85 88 85 88
33 72 33 62 72
19 82 19 82
21 39 21 26 28 35 39
14 82 14 28 82
2 74 2 9 20 40 68 74
13 40 13 20 40
44 74 44 55 58 68 74
9 40 9 20 40
28 63 28 41 63
43 77 43 52 77
34 52 34 48 52
23 87 23 37 51 67 72 87
14 88 14 28 35 39 58 67 72 88
44 83 44 79 83
17 60 17 60
4 75 4 30 34 48 75
15 64 15 22 43 52 64
3 65 3 9 20 39 65
12 88 12 37 72 88
21 74 21 26 28 35 39 58 68 74
8 55 8 9 20 55
0 76 0 13 20 39 58 68 69 76
21 62 21 26 42 62
29 83 29 48 75 80 81 83
14 87 14 42 62 72 87
29 82 29 48 75 82
17 80 17 33 51 80
26 76 26 28 68 69 76
42 62 42 62
8 88 8 28 35 39 58 67 72 88
0 79 0 27 79
4 64 4 30 48 52 64
29 88 29 48 75 88
2 23 2 23
43 77 43 52 77
13 41 13 26 28 41
79 88 79 88
52 77 52 77
21 35 21 26 28 35
6 81 6 31 43 52 80 81
52 80 52 80
11 71 11 59 64 71
54 81 54 81
6 87 6 31 43 44 55 58 67 72 87
7 78 7 57 78
14 39 14 25 35 39
0 50 0 45 50
12 52 12 37 52
13 40 13 20 40
6 59 6 37 59
48 88 48 88
41 81 41 70 81
3 55 3 27 44 55
51 87 51 67 72 87
2 69 2 33 49 69
55 89 55 84 89
16 89 16 29 48 52 77 89
31 81 31 43 52 80 81
18 78 18 20 40 78
41 60 41 50 60
6 55 6 31 43 44 55
13 26 13 26
7 87 7 57 72 87
1 2 1 2
3 30 3 30
14 35 14 25 35
16 29 16 29
2 32 2 23 32
0 89 0 89
9 88 9 62 72 88
7 62 7 62
44 79 44 79
64 71 64 71
39 76 39 76
25 68 25 40 68
7 35 7 14 28 35
5 59 5 6 16 35 59
26 86 26 28 35 39 58 67 72 86
34 75 34 48 75
24 67 24 27 44 55 58 67
27 73 27 44 55 58 67 73
12 59 12 37 59
29 82 29 48 52 71 82
17 87 17 33 49 72 87
4 78 4 23 66 78
4 84 4 30 34 79 84
12 84 12 44 55 84
4 81 4 23 37 48 75 80 81
1 76 1 37 76
7 68 7 14 25 40 68
20 58 20 39 58
15 68 15 30 44 55 58 68
13 35 13 26 28 35
1 58 1 7 14 28 35 39 58
63 65 63 65
43 55 43 44 55
6 48 6 16 29 48
4 30 4 30
12 29 12 29
5 79 5 79
25 40 25 40
33 80 33 51 80
43 83 43 44 79 83
7 43 7 43
5 87 5 72 87
6 74 6 16 35 39 58 68 74
2 58 2 9 20 55 58
13 26 13 26
14 74 14 28 68 74
15 62 15 26 42 62
10 77 10 24 27 44 55 58 77
21 68 21 58 68
48 89 48 52 77 89
66 78 66 78
37 76 37 76
14 78 14 28 41 57 78
13 50 13 26 28 41 50
3 88 3 27 79 88
18 31 18 22 31
44 76 44 55 58 68 69 76
1 68 1 2 9 20 40 68
27 44 27 44
6 55 6 31 43 44 55
30 82 30 34 48 75 82
9 56 9 20 56
30 76 30 44 55 58 68 69 76
77 89 77 89
43 71 43 52 71
10 83 10 48 75 80 81 83
1 35 1 13 28 35
16 88 16 35 39 58 67 72 88
53 89 53 84 89
4 64 4 30 48 52 64
2 68 2 9 20 55 58 68
22 58 22 31 43 44 55 58
11 82 11 59 64 82
30 79 30 34 79
55 69 55 58 68 69
43 72 43 44 55 58 67 72
26 69 26 28 41 49 69
25 81 25 33 51 80 81
35 86 35 39 58 67 72 86
15 42 15 26 42
34 71 34 48 52 64 71
12 44 12 44
1 75 1 2 23 37 48 75
17 73 17 58 67 73
25 76 25 35 39 76
0 50 0 13 26 28 41 50
16 89 16 35 59 89
9 68 9 20 39 58 68
6 81 6 31 43 52 80 81
26 62 26 42 62
6 83 6 37 52 80 81 83
41 81 41 70 81
17 58 17 58
14 80 14 25 33 51 80
1 29 1 13 29
27 73 27 44 55 67 73
1 50 1 7 14 28 41 50
12 27 12 24 27
41 49 41 49
3 56 3 9 20 56
55 73 55 67 73
28 75 28 37 48 75
6 89 6 31 43 52 77 89
33 87 33 51 67 72 87
36 60 36 50 60
5 56 5 6 31 56
6 82 6 71 82
1 51 1 7 14 42 51
22 83 22 31 43 44 79 83
53 84 53 84
13 65 13 20 39 65
33 80 33 51 80
80 81 80 81
8 56 8 9 20 56
55 69 55 58 68 69
0 89 0 45 77 89
18 43 18 22 31 43
44 79 44 79
55 84 55 84
10 62 10 17 33 62
15 65 15 26 28 41 63 65
2 48 2 23 37 48
30 64 30 34 59 64
26 62 26 42 62
8 51 8 28 37 51
0 89 0 20 55 84 89
19 89 19 43 44 79 84 89
37 71 37 52 64 71
12 27 12 24 27
8 88 8 9 62 72 88
3 76 3 27 44 55 58 68 69 76
18 89 18 22 43 44 84 89
9 64 9 20 56 64
21 35 21 26 28 35
4 44 4 30 44
4 23 4 23
21 73 21 58 67 73
2 58 2 9 20 55 58
14 37 14 28 37
14 80 14 25 33 51 80
26 62 26 42 62
21 50 21 26 28 41 50
15 56 15 22 31 56
26 62 26 42 62
43 72 43 44 55 58 67 72
26 48 26 28 37 48
0 73 0 27 44 55 67 73
62 72 62 72
24 76 24 27 44 55 58 68 69 76
31 68 31 68
18 67 18 20 39 58 67
34 75 34 48 75
4 66 4 23 66
1 58 1 13 26 28 35 39 58
17 84 17 20 55 84
31 77 31 43 44 55 58 77
15 58 15 30 44 55 58
48 81 48 75 80 81
20 58 20 55 58
37 81 37 51 80 81
15 73 15 22 31 43 44 55 67 73
2 64 2 56 64
23 87 23 37 51 67 72 87
12 59 12 37 59
31 72 31 43 44 55 58 67 72
21 87 21 58 67 72 87
12 84 12 44 55 84
48 80 48 75 80
16 87 16 87
28 39 28 35 39
31 87 31 43 44 55 58 67 72 87
13 78 13 28 41 57 78
1 87 1 49 72 87
6 65 6 16 35 39 65
6 73 6 31 43 44 55 67 73
2 48 2 23 37 48
30 44 30 44
1 72 1 7 14 28 37 49 72
56 64 56 64
56 64 56 64
13 40 13 20 40
7 76 7 43 44 55 58 68 69 76
17 80 17 33 51 80
1 29 1 13 29
44 74 44 55 58 68 74
13 78 13 26 28 41 57 78
67 73 67 73
22 84 22 43 44 79 84
15 59 15 30 34 59
27 72 27 44 55 58 67 72
48 75 48 75
36 76 36 37 49 69 76
41 88 41 57 72 88
25 84 25 79 84
24 83 24 27 44 79 83
9 71 9 20 56 64 71
0 55 0 27 44 55
16 52 16 29 48 52
14 67 14 25 35 39 58 67
1 57 1 7 14 28 41 57
0 17 0 10 17
43 74 43 44 55 58 68 74
25 51 25 33 51
7 43 7 43
23 87 23 37 51 67 72 87
29 82 29 48 52 64 82
14 67 14 42 51 67
58 73 58 67 73
1 58 1 2 9 20 39 58
15 62 15 26 42 62
48 89 48 52 77 89
10 73 10 24 27 44 55 58 67 73
17 58 17 20 55 58
18 43 18 22 31 43
21 60 21 26 28 41 50 60
17 33 17 33
0 76 0 27 44 55 58 68 69 76
13 73 13 20 55 67 73
18 76 18 76
3 76 3 37 49 69 76
28 75 28 37 48 75
18 55 18 22 31 43 44 55
72 87 72 87
2 23 2 23
28 65 28 35 39 65
22 84 22 34 79 84
12 52 12 37 52
18 44 18 22 43 44
52 77 52 77
13 73 13 28 35 39 58 67 73
7 62 7 14 42 62
3 89 3 9 20 55 84 89
8 52 8 28 37 52
42 81 42 51 80 81
33 71 33 51 59 64 71
26 80 26 28 37 48 75 80
2 77 2 23 37 48 52 77
85 88 85 88
4 66 4 23 66
14 69 14 25 33 49 69
12 84 12 84
21 86 21 42 51 67 72 86
14 81 14 28 37 48 75 80 81
2 23 2 23
0 20 0 20
13 82 13 28 82
28 72 28 37 49 72
15 71 15 26 28 37 48 52 64 71
57 78 57 78
27 89 27 44 55 84 89
33 87 33 62 72 87
2 73 2 33 51 67 73
7 59 7 14 34 59
12 29 12 29
70 82 70 82
8 83 8 28 37 52 80 81 83
34 88 34 79 88
26 62 26 42 62
77 89 77 89
39 82 39 58 67 82
22 67 22 31 43 44 55 58 67
34 71 34 59 64 71
0 63 0 13 28 41 57 63
33 80 33 51 80
25 76 25 33 49 69 76
28 39 28 35 39
34 48 34 48
31 67 31 43 44 55 58 67
18 78 18 20 40 78
18 76 18 22 31 68 69 76
5 83 5 52 80 81 83
18 76 18 20 39 58 68 69 76
49 87 49 72 87
14 76 14 28 35 39 76
33 61 33 61
7 59 7 14 59
7 68 7 43 44 55 58 68
7 43 7 43
5 43 5 6 31 43
43 83 43 44 79 83
17 62 17 33 62
43 72 43 44 55 67 72
3 75 3 30 34 48 75
26 76 26 28 35 39 58 68 69 76
43 88 43 44 79 88
4 88 4 49 72 88
9 84 9 20 55 84
13 41 13 28 41
26 48 26 28 37 48
36 69 36 37 49 69
16 89 16 35 59 89
14 48 14 28 37 48
37 72 37 49 72
8 37 8 28 37
28 49 28 37 49
10 61 10 17 33 61
44 69 44 55 58 68 69
52 83 52 80 81 83
11 59 11 59
59 89 59 89
41 88 41 49 72 88
6 48 6 16 29 48
45 60 45 50 60
21 86 21 26 42 62 72 86
0 87 0 20 55 67 72 87
4 82 4 23 37 48 75 82
2 33 2 33
5 58 5 6 16 35 39 58
43 64 43 52 64
9 84 9 20 55 84
35 69 35 39 58 68 69
3 52 3 37 52
7 55 7 43 44 55
45 71 45 64 71
22 82 22 34 48 75 82
22 81 22 31 43 52 80 81
0 34 0 10 30 34
44 68 44 55 58 68
35 73 35 39 58 67 73
30 67 30 44 55 58 67
5 51 5 6 37 51
0 63 0 13 28 41 63
12 59 12 37 51 59
14 60 14 28 41 50 60
10 76 10 24 27 44 55 58 68 69 76
42 71 42 51 59 64 71
19 44 19 43 44
9 76 9 20 39 58 68 69 76
55 73 55 67 73
4 23 4 23
12 88 12 29 48 88
18 81 18 22 31 43 52 80 81
19 67 19 43 44 55 58 67
31 73 31 43 44 55 67 73
14 83 14 34 79 83
14 82 14 34 59 64 71 82
26 67 26 42 51 67
12 84 12 84
37 73 37 51 67 73
12 49 12 37 49
57 87 57 72 87
36 83 36 81 83
15 35 15 26 28 35
42 81 42 51 80 81
36 48 36 37 48
30 44 30 44
20 67 20 39 58 67
26 67 26 42 51 67
0 34 0 10 30 34
24 76 24 27 44 55 58 68 69 76
10 77 10 24 27 44 55 58 77
25 85 25 85
30 68 30 44 55 58 68
43 67 43 44 55 58 67
7 77 7 14 34 48 52 77
15 71 15 26 28 35 59 64 71
13 86 13 26 28 35 39 58 67 72 86
7 68 7 43 44 55 58 68
3 78 3 27 78
40 74 40 68 74
48 89 48 52 77 89
27 79 27 44 79
28 65 28 41 63 65
0 32 0 10 17 32
9 58 9 20 55 58
5 83 5 6 31 43 44 79 83
19 38 19 38
30 81 30 34 48 52 80 81
8 40 8 9 20 40
22 43 22 43
17 72 17 58 67 72
28 68 28 68
26 89 26 42 51 59 89
8 78 8 28 41 57 78
26 52 26 28 37 48 52
7 48 7 14 34 48
17 61 17 33 61
21 62 21 26 42 62
22 89 22 31 43 44 55 58 77 89
28 89 28 77 89
15 58 15 30 44 55 58
15 34 15 30 34
0 81 0 13 28 37 48 52 80 81
17 39 17 20 39
3 78 3 27 78
19 56 19 56
48 86 48 52 64 86
22 89 22 34 48 52 77 89
15 79 15 22 34 79
7 78 7 57 78
3 71 3 64 71
18 76 18 20 55 58 68 69 76
18 48 18 22 34 48
7 76 7 43 44 55 58 68 69 76
12 55 12 24 27 44 55
51 71 51 59 64 71
33 59 33 51 59
1 57 1 7 57
15 51 15 26 42 51
2 80 2 33 51 80
24 68 24 27 44 55 58 68
9 88 9 62 72 88
1 44 1 7 43 44
75 81 75 80 81
10 69 10 30 44 55 58 68 69
6 59 6 37 59
19 38 19 38
7 65 7 14 25 63 65
39 77 39 58 77
48 75 48 75
80 81 80 81
3 56 3 9 20 56
8 57 8 41 57
7 76 7 43 44 55 58 68 69 76
42 59 42 51 59
28 60 28 41 50 60
26 68 26 28 68
12 84 12 84
7 55 7 43 44 55
55 86 55 58 67 72 86
14 62 14 42 62
0 32 0 10 17 32
36 75 36 37 48 75
40 74 40 68 74
67 72 67 72
25 68 25 35 39 58 68
12 75 12 75
31 81 31 43 52 80 81
19 56 19 56
15 77 15 30 48 52 77
27 58 27 44 55 58
20 55 20 55
25 85 25 85
15 77 15 22 31 43 44 55 58 77
15 62 15 26 42 62
0 17 0 10 17
0 28 0 13 26 28
1 81 1 37 52 80 81
43 64 43 52 64
8 57 8 28 41 57
10 83 10 17 70 81 83
22 89 22 34 48 52 77 89
44 88 44 55 67 72 88
14 35 14 25 35
6 64 6 31 43 52 64
37 71 37 59 64 71
25 68 25 35 39 58 68
25 87 25 35 39 87
22 52 22 43 52
19 89 19 38 89
25 59 25 35 59
5 51 5 6 37 51
15 35 15 26 28 35
20 82 20 39 58 67 82
13 40 13 20 40
63 65 63 65
17 58 17 58
12 29 12 29
7 85 7 14 25 85
40 68 40 68
31 71 31 56 64 71
29 83 29 48 52 80 81 83
13 26 13 26
41 60 41 50 60
58 82 58 67 82
2 89 2 33 51 59 89
36 52 36 37 48 52
17 87 17 58 67 72 87
33 61 33 61
17 56 17 20 56
58 77 58 77
7 77 7 14 28 35 39 58 77
20 69 20 40 68 69
43 58 43 44 55 58
30 76 30 44 55 58 68 69 76
15 73 15 22 31 43 44 55 67 73
2 48 2 23 37 48
25 67 25 33 51 67
15 71 15 30 48 52 64 71
59 82 59 64 71 82
10 84 10 24 27 79 84
0 34 0 10 30 34
21 74 21 26 28 68 74
58 87 58 67 72 87
13 86 13 29 48 52 64 86
56 74 56 74
5 87 5 72 87
7 57 7 57
43 74 43 44 55 58 68 74
6 44 6 31 43 44
27 58 27 44 55 58
10 86 10 30 48 52 64 86
27 69 27 44 55 58 68 69
40 76 40 68 69 76
15 42 15 26 42
14 37 14 28 37
16 59 16 35 59
8 35 8 28 35
43 58 43 44 55 58
3 88 3 9 20 55 67 72 88
17 76 17 33 49 76
16 87 16 87
14 58 14 25 35 39 58
6 55 6 31 43 44 55
18 82 18 20 55 58 67 82
16 67 16 35 39 58 67
48 83 48 52 80 81 83
13 42 13 26 42
16 29 16 29
28 68 28 35 39 58 68
52 77 52 77
6 55 6 31 43 44 55
1 62 1 2 9 62
9 20 9 20
34 48 34 48
5 84 5 6 31 43 44 79 84
35 69 35 39 58 68 69
3 52 3 37 48 52
58 73 58 67 73
4 51 4 23 37 51
17 58 17 58
16 89 16 29 48 52 77 89
22 34 22 34
45 89 45 77 89
13 35 13 28 35
31 81 31 43 52 80 81
44 67 44 55 67
13 70 13 28 41 70
24 76 24 27 44 55 58 68 69 76
55 67 55 58 67
27 58 27 44 55 58
9 86 9 62 72 86
9 39 9 20 39
26 49 26 28 37 49
44 79 44 79
22 59 22 34 59
10 65 10 17 20 39 65
5 87 5 6 16 35 39 87
22 59 22 34 59
11 82 11 59 64 71 82
22 74 22 31 68 74
6 82 6 31 43 52 71 82
12 45 12 45
4 34 4 30 34
12 82 12 29 48 52 71 82
19 82 19 43 44 55 58 67 82
14 40 14 25 40
58 77 58 77
29 82 29 48 75 82
13 87 13 28 41 57 72 87
21 81 21 26 42 51 80 81
8 67 8 9 20 55 67
6 73 6 31 43 44 55 67 73
1 28 1 13 28
54 81 54 81
8 58 8 9 20 39 58
14 33 14 25 33
43 82 43 44 55 67 82
0 40 0 10 17 20 40
52 80 52 80
28 65 28 35 39 65
17 87 17 20 55 67 72 87
18 89 18 59 89
55 84 55 84
15 35 15 26 28 35
57 87 57 72 87
35 72 35 39 58 67 72
15 68 15 26 28 35 39 58 68
19 82 19 82
15 37 15 26 28 37
39 87 39 87
0 79 0 27 79
41 88 41 57 72 88
16 29 16 29
25 68 25 35 39 58 68
13 67 13 28 35 39 58 67
2 84 2 9 20 55 84
48 75 48 75
3 71 3 30 34 48 52 71
1 61 1 2 33 61
29 64 29 48 52 64
51 83 51 80 81 83
13 52 13 26 28 37 52
12 49 12 37 49
18 44 18 22 31 43 44
44 67 44 55 67
13 42 13 26 42
5 79 5 79
27 69 27 44 55 58 68 69
21 50 21 26 28 41 50
0 35 0 13 28 35
28 68 28 35 39 58 68
31 72 31 43 44 55 67 72
51 67 51 67
42 80 42 51 80
27 77 27 44 55 58 77
21 73 21 58 67 73
0 30 0 10 30
22 81 22 43 52 80 81
1 32 1 2 23 32
34 80 34 48 75 80
5 35 5 6 16 35
9 40 9 20 40
57 78 57 78
6 74 6 16 35 39 58 68 74
15 35 15 26 28 35
51 67 51 67
4 64 4 23 37 51 59 64
67 73 67 73
0 44 0 10 30 44
7 65 7 14 25 35 39 65
5 44 5 6 31 43 44
0 71 0 13 29 48 52 71
34 64 34 59 64
9 64 9 20 56 64
15 39 15 26 28 35 39
18 76 18 20 39 58 68 69 76
14 50 14 28 41 50
57 72 57 72
41 50 41 50
22 77 22 43 52 77
34 88 34 48 75 88
8 72 8 28 37 51 67 72
15 77 15 22 31 43 44 55 58 77
1 41 1 13 28 41
23 73 23 37 51 67 73
6 89 6 31 43 52 77 89
41 57 41 57
28 72 28 37 72
2 74 2 56 74
6 16 6 16
17 39 17 20 39
14 88 14 42 51 67 72 88
52 89 52 77 89
0 80 0 13 29 48 75 80
5 44 5 6 31 43 44
24 87 24 27 44 55 58 67 72 87
12 83 12 75 80 81 83
1 35 1 7 14 25 35
6 65 6 16 35 39 65
48 89 48 52 77 89
13 41 13 26 28 41
20 84 20 55 84
28 59 28 35 59
17 73 17 33 51 67 73
7 65 7 14 28 35 39 65
41 60 41 50 60
15 30 15 30
21 67 21 42 51 67
41 57 41 57
1 32 1 2 23 32
21 50 21 26 28 41 50
22 43 22 43
30 68 30 44 55 58 68
12 51 12 37 51
0 82 0 10 24 71 82
48 64 48 52 64
18 76 18 76
23 87 23 49 72 87
13 41 13 28 41
27 73 27 44 55 58 67 73
15 80 15 22 31 43 52 80
26 62 26 42 62
15 34 15 22 34
31 72 31 43 44 55 67 72
34 59 34 59
51 82 51 59 64 82
58 82 58 67 82
43 71 43 52 71
43 68 43 44 55 58 68
2 48 2 23 37 48
44 74 44 55 58 68 74
51 71 51 59 64 71
26 49 26 28 37 49
3 74 3 9 20 56 74
2 69 2 9 20 55 58 68 69
22 67 22 43 44 55 67
58 87 58 67 72 87
26 62 26 42 62
26 70 26 28 41 70
1 40 1 7 14 25 40
35 58 35 39 58
15 42 15 26 42
42 71 42 51 59 64 71
0 81 0 13 29 48 75 80 81
52 80 52 80
26 76 26 28 35 39 58 68 69 76
31 83 31 43 52 80 81 83
16 59 16 35 59
14 84 14 25 79 84
3 52 3 37 52
54 81 54 81
13 26 13 26
28 81 28 37 51 80 81
14 81 14 25 33 51 80 81
30 79 30 34 79
45 64 45 64
9 20 9 20
8 88 8 41 49 72 88
1 38 1 7 14 25 38
22 81 22 34 48 75 80 81
4 44 4 30 44
62 88 62 72 88
36 77 36 37 77
49 76 49 69 76
24 87 24 27 44 55 67 72 87
57 78 57 78
2 48 2 23 37 48
3 81 3 37 52 80 81
15 65 15 26 28 35 39 65
5 43 5 6 31 43
28 69 28 35 39 58 68 69
38 89 38 89
14 58 14 25 35 39 58
1 68 1 2 9 20 39 58 68
4 44 4 30 44
28 39 28 35 39
1 38 1 7 14 25 38
24 87 24 27 44 55 58 67 72 87
3 73 3 30 44 55 58 67 73
12 69 12 37 49 69
7 87 7 43 44 55 58 67 72 87
43 68 43 44 55 58 68
36 52 36 37 48 52
31 56 31 56
2 32 2 23 32
33 87 33 49 72 87
29 52 29 48 52
12 88 12 72 88
18 68 18 20 55 58 68
26 57 26 28 41 57
27 68 27 44 55 58 68
0 56 0 10 17 20 56
15 57 15 26 28 41 57
55 84 55 84
43 72 43 44 55 58 67 72
3 44 3 30 44
14 67 14 28 35 39 58 67
20 69 20 40 68 69
9 39 9 20 39
12 81 12 29 48 75 80 81
15 58 15 30 44 55 58
10 75 10 30 34 48 75
16 58 16 35 39 58
56 64 56 64
21 42 21 42
9 88 9 20 39 58 67 72 88
14 37 14 28 37
22 82 22 31 43 52 71 82
1 2 1 2
1 57 1 13 28 41 57
40 69 40 68 69
52 81 52 80 81
31 77 31 43 52 77
52 82 52 71 82
7 72 7 14 28 35 39 58 67 72
13 65 13 26 28 35 39 65
27 83 27 79 83
17 60 17 60
28 59 28 37 51 59
44 69 44 55 58 68 69
18 81 18 22 31 43 52 80 81
25 85 25 85
5 29 5 6 16 29
56 74 56 74
14 48 14 28 37 48
58 67 58 67
8 51 8 28 37 51
7 80 7 43 52 80
22 58 22 43 44 55 58
2 87 2 9 20 39 87
14 78 14 25 33 78
39 82 39 58 67 82
29 71 29 48 52 71
29 52 29 48 52
58 86 58 67 72 86
21 42 21 42
15 51 15 26 28 37 51
33 78 33 78
48 75 48 75
21 68 21 26 28 35 39 58 68
15 39 15 26 28 35 39
42 59 42 51 59
13 50 13 26 28 41 50
2 87 2 33 62 72 87
55 69 55 58 68 69
51 82 51 67 82
3 65 3 38 65
31 86 31 43 44 55 67 72 86
34 52 34 48 52
44 88 44 79 88
8 67 8 28 35 39 58 67
0 74 0 13 28 35 39 58 68 74
26 58 26 28 35 39 58
37 76 37 49 76
66 78 66 78
28 63 28 41 57 63
11 86 11 59 64 86
14 48 14 34 48
21 86 21 26 42 62 72 86
22 82 22 31 56 82
18 44 18 22 43 44
48 80 48 75 80
12 81 12 29 48 52 80 81
0 40 0 10 17 20 40
29 82 29 48 52 64 82
14 83 14 25 79 83
1 75 1 37 48 75
2 74 2 9 20 55 58 68 74
1 28 1 7 14 28
0 20 0 13 20
15 79 15 30 44 79
20 69 20 55 58 68 69
15 30 15 30
58 67 58 67
49 69 49 69
67 73 67 73
35 88 35 39 58 67 72 88
22 59 22 34 59
2 69 2 33 49 69
31 67 31 43 44 55 67
16 88 16 29 48 75 88
31 72 31 43 44 55 58 67 72
3 52 3 30 48 52
12 27 12 24 27
26 50 26 28 41 50
5 35 5 6 16 35
25 79 25 79
39 68 39 58 68
12 27 12 24 27
22 58 22 31 43 44 55 58
0 77 0 20 39 58 77
12 71 12 37 51 59 64 71
2 77 2 9 20 55 58 77
31 71 31 56 64 71
27 69 27 44 55 58 68 69
11 89 11 59 89
24 76 24 27 44 55 58 68 69 76
44 76 44 55 58 68 69 76
1 87 1 39 58 67 72 87
3 38 3 38
1 58 1 13 20 55 58
28 63 28 41 57 63
16 58 16 35 39 58
10 68 10 17 58 68
27 76 27 44 55 58 68 69 76
21 77 21 26 28 35 39 58 77
11 82 11 59 64 82
21 74 21 26 28 68 74
5 58 5 6 31 43 44 55 58
44 79 44 79
14 57 14 28 41 57
5 35 5 6 16 35
5 84 5 79 84
7 62 7 14 25 62
41 63 41 63
30 82 30 34 59 64 71 82
12 81 12 37 48 75 80 81
15 39 15 26 28 35 39
19 73 19 43 44 55 58 67 73
64 71 64 71
17 76 17 33 49 69 76
13 89 13 26 28 37 52 77 89
10 60 10 17 60
22 72 22 31 43 44 55 58 67 72
5 59 5 6 37 51 59
7 80 7 43 52 80
14 84 14 34 79 84
39 82 39 58 67 82
55 89 55 58 77 89
48 75 48 75
57 87 57 72 87
26 37 26 28 37
43 87 43 44 55 67 72 87
16 58 16 35 39 58
34 80 34 48 52 80
27 79 27 79
7 38 7 14 25 38
33 59 33 51 59
14 72 14 25 35 39 58 67 72
24 84 24 27 44 79 84
19 76 19 69 76
6 74 6 16 35 39 58 68 74
14 87 14 42 51 67 72 87
25 59 25 33 51 59
10 51 10 17 33 51
48 81 48 75 80 81
31 87 31 43 87
20 67 20 39 58 67
31 73 31 43 44 55 67 73
26 58 26 28 35 39 58
21 67 21 26 42 51 67
14 58 14 25 35 39 58
3 65 3 9 20 39 65
79 88 79 88
22 34 22 34
17 83 17 33 51 80 81 83
17 72 17 20 39 58 67 72
8 41 8 28 41
71 82 71 82
49 88 49 72 88
3 68 3 27 44 55 58 68
17 62 17 33 62
48 89 48 52 77 89
16 88 16 29 48 88
15 77 15 26 28 77
7 62 7 14 25 33 62
5 84 5 79 84
57 87 57 72 87
7 74 7 43 44 55 58 68 74
43 72 43 44 55 67 72
30 64 30 34 48 52 64
25 88 25 85 88
7 57 7 57
15 68 15 30 44 55 58 68
9 58 9 20 55 58
55 73 55 67 73
37 76 37 76
27 58 27 44 55 58
11 86 11 59 64 86
4 44 4 30 44
21 86 21 42 62 72 86
71 82 71 82
3 89 3 30 48 52 77 89
25 40 25 40
42 80 42 51 80
24 78 24 27 78
8 80 8 28 37 48 52 80
53 80 53 80
5 35 5 6 16 35
25 87 25 35 39 58 67 72 87
15 37 15 26 28 37
13 70 13 26 28 41 70
27 82 27 44 55 67 82
22 79 22 43 44 79
7 80 7 43 52 80
1 50 1 7 14 28 41 50
8 64 8 28 37 52 64
39 82 39 58 67 82
28 60 28 41 50 60
8 68 8 28 68
9 86 9 20 39 58 67 72 86
17 80 17 33 51 80
45 64 45 64
16 48 16 29 48
70 81 70 81
42 80 42 51 80
3 38 3 38
15 34 15 30 34
27 77 27 44 55 58 77
14 76 14 25 35 39 76
5 82 5 75 82
25 85 25 85
28 68 28 35 39 58 68
8 56 8 9 20 56
2 23 2 23
31 77 31 43 44 55 58 77
51 82 51 59 64 71 82
57 78 57 78
21 62 21 26 42 62
28 81 28 37 48 52 80 81
24 76 24 27 44 55 58 68 69 76
42 62 42 62
37 81 37 52 80 81
3 73 3 27 44 55 67 73
75 81 75 80 81
44 88 44 79 88
2 69 2 33 49 69
51 87 51 67 72 87
31 73 31 43 44 55 67 73
28 49 28 37 49
33 83 33 51 80 81 83
15 71 15 26 28 37 51 59 64 71
14 39 14 28 35 39
12 58 12 44 55 58
7 51 7 14 42 51
8 74 8 28 68 74
43 74 43 44 55 58 68 74
14 69 14 25 40 68 69
39 76 39 76
9 20 9 20
16 88 16 35 39 58 67 72 88
45 64 45 64
2 56 2 56
13 70 13 26 28 41 70
30 68 30 44 55 58 68
4 49 4 23 37 49
29 88 29 48 75 88
0 72 0 27 44 55 67 72
4 71 4 30 34 59 64 71
66 78 66 78
45 60 45 50 60
0 34 0 10 30 34
51 80 51 80
58 67 58 67
1 74 1 7 43 44 55 58 68 74
26 67 26 42 51 67
64 71 64 71
79 88 79 88
7 85 7 14 25 85
7 83 7 14 28 37 51 80 81 83
22 72 22 31 43 44 55 67 72
31 56 31 56
13 40 13 20 40
9 58 9 20 39 58
36 51 36 37 51
25 51 25 33 51
18 78 18 20 40 78
20 82 20 56 64 71 82
19 64 19 43 52 64
2 74 2 56 74
8 52 8 28 37 52
26 37 26 28 37
17 84 17 20 55 84
35 88 35 39 58 67 72 88
2 33 2 33
25 67 25 35 39 58 67
41 63 41 63
33 67 33 51 67
28 68 28 68
36 87 36 37 72 87
20 58 20 55 58
0 50 0 45 50
0 56 0 10 17 20 56
23 59 23 37 51 59
52 89 52 77 89
39 73 39 58 67 73
1 32 1 2 23 32
3 58 3 27 44 55 58
4 66 4 23 66
67 73 67 73
17 39 17 20 39
3 72 3 27 44 55 58 67 72
0 74 0 13 74
41 57 41 57
26 41 26 28 41
0 50 0 45 50
15 39 15 26 28 35 39
14 89 14 25 35 39 58 77 89
31 56 31 56
9 20 9 20
5 76 5 6 37 76
34 77 34 48 52 77
15 56 15 22 31 56
40 68 40 68
54 83 54 81 83
12 52 12 37 48 52
4 88 4 49 72 88
27 72 27 44 55 58 67 72
5 49 5 6 37 49
37 71 37 52 71
26 72 26 28 41 57 72
40 68 40 68
12 29 12 29
75 80 75 80
52 89 52 77 89
17 76 17 20 55 58 68 69 76
13 82 13 29 48 52 64 71 82
45 60 45 50 60
21 26 21 26
1 63 1 13 28 41 63
17 39 17 20 39
26 70 26 28 41 70
41 50 41 50
0 81 0 13 26 42 51 80 81
1 25 1 7 14 25
55 84 55 84
48 86 48 52 64 86
25 76 25 33 49 76
16 67 16 35 39 58 67
8 56 8 9 20 56
70 82 70 82
15 58 15 30 44 55 58
15 62 15 26 42 62
13 41 13 26 28 41
1 58 1 39 58
14 39 14 25 35 39
19 44 19 43 44
33 87 33 62 72 87
42 80 42 51 80
17 56 17 20 56
25 87 25 62 72 87
1 87 1 39 87
10 61 10 17 33 61
15 51 15 26 42 51
3 81 3 30 34 48 75 80 81
14 60 14 28 41 50 60
18 73 18 22 31 43 44 55 67 73
1 41 1 7 14 28 41
18 89 18 59 89
11 59 11 59
0 80 0 13 28 37 48 75 80
8 52 8 28 37 52
34 52 34 48 52
19 73 19 43 44 55 67 73
12 72 12 44 55 58 67 72
8 41 8 41
13 68 13 68
15 80 15 22 31 43 52 80
9 74 9 20 40 68 74
8 40 8 9 20 40
4 32 4 23 32
16 80 16 29 48 75 80
44 74 44 55 58 68 74
14 57 14 28 41 57
9 64 9 20 56 64
37 75 37 48 75
1 26 1 13 26
62 72 62 72
3 65 3 38 65
43 64 43 52 64
28 57 28 41 57
2 56 2 56
11 86 11 59 64 86
12 81 12 29 48 52 80 81
21 39 21 26 28 35 39
3 58 3 30 44 55 58
21 67 21 26 28 35 39 58 67
26 49 26 28 41 49
18 76 18 22 31 68 69 76
6 74 6 16 35 39 58 68 74
48 81 48 52 80 81
12 83 12 37 48 75 80 81 83
3 30 3 30
27 44 27 44
31 67 31 43 44 55 67
6 83 6 37 48 75 80 81 83
5 49 5 6 37 49
21 68 21 58 68
51 82 51 67 82
26 82 26 28 41 57 82
3 68 3 30 44 55 58 68
3 55 3 30 44 55
10 61 10 17 33 61
14 39 14 25 35 39
58 87 58 67 72 87
13 89 13 28 35 59 89
44 73 44 55 67 73
7 80 7 43 52 80
6 64 6 37 48 52 64
36 48 36 37 48
15 65 15 26 28 41 57 63 65
7 76 7 43 44 55 58 68 69 76
66 78 66 78
22 81 22 31 43 52 80 81
0 55 0 10 24 27 44 55
7 55 7 43 44 55
8 75 8 28 37 48 75
36 48 36 37 48
30 64 30 48 52 64
52 81 52 80 81
34 48 34 48
17 83 17 70 81 83
15 57 15 26 28 41 57
5 83 5 52 80 81 83
1 56 1 13 20 56
5 79 5 6 31 43 44 79
51 87 51 67 72 87
5 69 5 6 16 35 39 58 68 69
21 68 21 58 68
13 78 13 28 41 57 78
42 59 42 51 59
10 73 10 24 73
75 83 75 80 81 83
63 65 63 65
48 81 48 52 80 81
12 51 12 37 51
36 87 36 37 49 72 87
21 50 21 26 28 41 50
20 56 20 56
17 64 17 20 56 64
14 78 14 28 41 57 78
3 65 3 38 65
14 60 14 28 41 50 60
8 52 8 28 37 48 52
35 69 35 39 58 68 69
58 76 58 68 69 76
37 75 37 48 75
13 40 13 20 40
2 77 2 9 20 39 58 77
17 87 17 33 51 67 72 87
6 44 6 31 43 44
15 64 15 22 31 56 64
12 24 12 24
4 49 4 49
6 74 6 16 35 39 58 68 74
27 77 27 44 55 58 77
0 50 0 13 26 28 41 50
28 49 28 37 49
0 87 0 13 28 37 49 72 87
1 58 1 7 43 44 55 58
49 76 49 76
77 89 77 89
6 48 6 16 29 48
0 20 0 13 20
8 51 8 28 37 51
12 88 12 44 79 88
4 84 4 30 44 55 84
27 82 27 44 55 58 67 82
9 58 9 20 55 58
27 69 27 44 55 58 68 69
26 78 26 28 41 57 78
18 55 18 20 55
51 67 51 67
23 88 23 49 72 88
25 88 25 85 88
67 72 67 72
21 87 21 26 42 62 72 87
30 68 30 44 55 58 68
58 73 58 67 73
59 82 59 64 71 82
3 68 3 9 20 55 58 68
7 51 7 14 42 51
7 68 7 43 44 55 58 68
30 79 30 34 79
16 87 16 87
51 80 51 80
27 73 27 44 55 58 67 73
42 59 42 51 59
9 39 9 20 39
1 35 1 7 14 25 35
3 38 3 38
31 77 31 43 44 55 58 77
2 49 2 23 37 49
41 57 41 57
31 79 31 43 44 79
11 82 11 59 64 71 82
24 87 24 27 44 55 67 72 87
41 63 41 63
49 76 49 69 76
27 73 27 44 55 67 73
7 35 7 14 25 35
12 49 12 37 49
3 78 3 27 78
48 80 48 75 80
5 56 5 6 31 56
21 68 21 26 28 68
17 39 17 20 39
27 69 27 44 55 58 68 69
1 58 1 7 43 44 55 58
5 59 5 6 16 35 59
10 52 10 30 48 52
15 58 15 22 31 43 44 55 58
10 84 10 17 20 55 84
53 84 53 84
13 40 13 20 40
13 78 13 26 28 41 57 78
28 89 28 77 89
22 79 22 34 79
7 59 7 14 42 51 59
17 58 17 20 55 58
48 80 48 75 80
18 76 18 76
18 20 18 20
6 81 6 37 52 80 81
44 79 44 79
2 89 2 33 51 59 89
21 87 21 26 28 87
16 48 16 29 48
26 89 26 28 77 89
5 51 5 6 37 51
1 41 1 7 14 28 41
1 72 1 39 58 67 72
12 60 12 50 60
44 69 44 55 58 68 69
28 49 28 41 49
29 48 29 48
6 74 6 16 35 39 58 68 74
5 35 5 6 16 35
34 80 34 48 52 80
12 29 12 29
48 83 48 75 80 81 83
56 74 56 74
35 58 35 39 58
2 81 2 33 51 80 81
17 84 17 20 55 84
15 77 15 30 48 52 77
30 81 30 34 48 75 80 81
13 62 13 26 42 62
23 69 23 49 69
0 30 0 10 30
36 76 36 37 49 76
0 52 0 10 48 52
14 37 14 28 37
2 56 2 56
14 83 14 25 79 83
34 75 34 48 75
25 59 25 35 59
42 81 42 51 80 81
14 50 14 28 41 50
51 83 51 80 81 83
53 84 53 84
9 77 9 20 39 58 77
57 78 57 78
44 67 44 55 67
21 68 21 26 28 35 39 58 68
3 55 3 27 44 55
12 51 12 37 51
8 80 8 28 37 48 52 80
26 67 26 28 37 51 67
17 62 17 33 62
18 86 18 22 31 56 64 86
55 84 55 84
0 28 0 13 28
31 72 31 43 44 55 58 67 72
7 48 7 14 28 37 48
29 71 29 48 52 64 71
37 86 37 49 72 86
8 40 8 9 20 40
2 77 2 23 66 77
26 67 26 42 51 67
0 44 0 27 44
5 83 5 6 16 29 48 52 80 81 83
3 56 3 9 20 56
18 67 18 22 43 44 55 67
16 87 16 87
29 48 29 48
71 82 71 82
9 56 9 20 56
34 59 34 59
25 81 25 33 51 80 81
9 71 9 20 56 64 71
5 49 5 6 37 49
1 72 1 37 49 72
18 55 18 22 43 44 55
34 88 34 48 75 88
4 23 4 23
48 86 48 52 64 86
33 80 33 51 80
3 73 3 27 44 55 58 67 73
8 55 8 9 20 55
21 73 21 26 42 51 67 73
70 81 70 81
4 49 4 49
24 44 24 27 44
21 26 21 26
5 79 5 6 31 43 44 79
2 64 2 9 20 56 64
53 80 53 80
15 83 15 26 42 51 80 81 83
24 44 24 27 44
12 72 12 72
8 78 8 41 57 78
2 89 2 33 51 59 89
29 64 29 48 52 64
26 76 26 28 41 49 76
18 43 18 22 43
14 81 14 28 41 70 81
23 48 23 37 48
2 84 2 9 20 55 84
17 60 17 60
0 28 0 13 28
0 81 0 13 29 48 52 80 81
1 87 1 2 33 49 72 87
4 88 4 49 72 88
8 78 8 28 41 57 78
66 78 66 78
7 59 7 14 25 33 51 59
34 59 34 59
17 80 17 33 51 80
21 35 21 26 28 35
25 76 25 35 39 76
27 84 27 44 84
3 89 3 27 44 84 89
4 77 4 23 37 52 77
16 65 16 35 39 65
28 78 28 41 57 78
29 75 29 48 75
80 81 80 81
37 80 37 51 80
67 73 67 73
15 83 15 26 28 41 70 81 83
29 71 29 48 52 64 71
7 74 7 14 25 35 39 58 68 74
13 42 13 26 42
28 49 28 37 49
1 41 1 13 26 28 41
43 73 43 44 55 67 73
26 58 26 28 35 39 58
37 76 37 76
8 74 8 40 68 74
8 35 8 28 35
2 58 2 9 20 55 58
25 80 25 33 51 80
19 82 19 43 52 64 82
22 34 22 34
22 72 22 31 43 44 55 58 67 72
9 88 9 20 39 58 67 72 88
22 56 22 31 56
41 76 41 76
9 68 9 20 39 58 68
21 67 21 26 42 51 67
28 78 28 41 57 78
14 89 14 42 51 59 89
58 87 58 67 72 87
22 79 22 43 44 79
14 62 14 25 33 62
19 64 19 56 64
33 71 33 51 59 64 71
10 64 10 48 52 64
4 75 4 23 37 48 75
26 70 26 28 41 70
5 82 5 75 82
23 48 23 37 48
1 35 1 7 14 28 35
12 55 12 44 55
43 86 43 44 55 67 72 86
20 56 20 56
28 59 28 37 51 59
43 58 43 44 55 58
42 71 42 51 59 64 71
63 65 63 65
1 75 1 2 23 37 48 75
36 52 36 37 52
35 71 35 59 64 71
30 64 30 34 48 52 64
22 67 22 43 44 55 58 67
23 69 23 49 69
7 61 7 14 25 33 61
8 41 8 41
35 73 35 39 58 67 73
71 82 71 82
33 59 33 51 59
13 89 13 26 42 51 59 89
30 79 30 34 79
19 87 19 62 72 87
1 50 1 13 26 28 41 50
3 89 3 37 52 77 89
33 83 33 51 80 81 83
18 31 18 22 31
10 86 10 48 52 64 86
10 84 10 17 20 55 84
0 17 0 10 17
34 88 34 79 88
37 71 37 52 64 71
35 72 35 39 58 67 72
2 32 2 23 32
30 81 30 34 48 75 80 81
12 82 12 24 27 44 55 67 82
27 69 27 44 55 58 68 69
10 61 10 17 33 61
1 56 1 2 56
2 82 2 33 51 59 64 82
6 59 6 37 59
4 84 4 30 34 79 84
5 35 5 6 16 35
5 58 5 6 16 35 39 58
0 35 0 13 28 35
35 88 35 39 58 67 72 88
31 79 31 43 44 79
44 67 44 55 58 67
37 69 37 49 69
35 86 35 59 64 86
33 51 33 51
0 82 0 10 48 75 82
0 32 0 10 17 32
51 83 51 80 81 83
6 89 6 31 43 52 77 89
9 76 9 20 39 58 68 69 76
40 69 40 68 69
21 67 21 58 67
3 38 3 38
18 68 18 22 31 68
15 77 15 26 28 35 39 58 77
53 84 53 84
49 87 49 72 87
52 81 52 80 81
17 86 17 58 67 72 86
58 77 58 77
33 71 33 51 59 64 71
3 81 3 30 48 52 80 81
17 39 17 20 39
23 48 23 37 48
68 69 68 69
42 71 42 51 59 64 71
12 51 12 37 51
14 80 14 25 33 51 80
54 81 54 81
21 73 21 42 51 67 73
21 77 21 26 28 37 77
3 74 3 9 20 40 68 74
14 70 14 28 41 70
17 58 17 20 39 58
1 84 1 7 43 44 84
16 65 16 35 39 65
15 42 15 26 42
8 50 8 28 41 50
5 87 5 6 16 87
75 81 75 80 81
33 51 33 51
26 48 26 28 37 48
13 68 13 26 28 35 39 58 68
15 65 15 26 28 35 39 65
75 80 75 80
55 86 55 58 67 72 86
18 48 18 22 34 48
1 75 1 13 29 48 75
22 58 22 43 44 55 58
14 78 14 25 33 78
49 76 49 69 76
24 84 24 27 44 79 84
4 88 4 30 44 79 88
12 29 12 29
22 89 22 43 52 77 89
1 72 1 2 33 49 72
10 62 10 17 33 62
36 51 36 37 51
33 80 33 51 80
18 81 18 22 34 48 75 80 81
31 73 31 43 44 55 58 67 73
4 34 4 30 34
6 16 6 16
77 89 77 89
26 57 26 28 41 57
7 65 7 14 28 35 39 65
22 34 22 34
13 87 13 26 28 87
19 38 19 38
17 59 17 33 51 59
0 87 0 20 39 58 67 72 87
64 71 64 71
0 73 0 10 24 73
22 83 22 34 79 83
19 64 19 56 64
12 75 12 29 48 75
28 49 28 41 49
2 66 2 23 66
51 86 51 59 64 86
47 75 47 75
15 35 15 26 28 35
19 56 19 56
47 83 47 75 80 81 83
41 50 41 50
17 58 17 20 55 58
1 26 1 13 26
22 81 22 31 43 52 80 81
8 51 8 28 37 51
18 82 18 20 56 82
24 83 24 83
34 64 34 48 52 64
18 78 18 20 40 78
42 80 42 51 80
25 59 25 35 59
27 44 27 44
0 49 0 10 17 33 49
12 45 12 45
22 58 22 31 43 44 55 58
10 65 10 17 20 39 65
6 74 6 16 35 39 58 68 74
18 55 18 20 55
17 83 17 70 81 83
6 83 6 16 29 48 75 80 81 83
12 44 12 24 27 44
7 55 7 43 44 55
18 78 18 20 40 78
44 83 44 79 83
55 73 55 58 67 73
29 88 29 48 88
12 60 12 60
14 76 14 25 40 68 69 76
43 72 43 44 55 67 72
15 89 15 22 31 43 52 77 89
0 71 0 20 56 64 71
1 41 1 7 14 28 41
57 78 57 78
6 44 6 31 43 44
13 52 13 26 28 37 48 52
14 78 14 28 41 57 78
26 82 26 42 51 59 64 71 82
7 48 7 14 34 48
26 89 26 28 35 39 58 77 89
0 40 0 20 40
27 73 27 44 55 58 67 73
15 31 15 22 31
17 73 17 20 39 58 67 73
57 87 57 72 87
29 75 29 48 75
22 52 22 31 43 52
25 59 25 35 59
35 73 35 39 58 67 73
43 72 43 44 55 67 72
2 89 2 9 20 39 58 77 89
9 74 9 20 55 58 68 74
29 64 29 48 52 64
16 58 16 35 39 58
5 49 5 6 37 49
35 88 35 39 58 67 72 88
33 88 33 49 72 88
14 57 14 28 41 57
5 59 5 6 37 51 59
44 76 44 55 58 68 69 76
27 83 27 44 79 83
57 78 57 78
34 75 34 48 75
29 82 29 48 52 64 82
21 42 21 42
26 80 26 42 51 80
47 83 47 75 80 81 83
10 65 10 17 20 39 65
12 72 12 72
6 31 6 31
18 76 18 22 43 44 55 58 68 69 76
11 74 11 68 74
12 58 12 24 27 44 55 58
7 35 7 14 28 35
21 39 21 26 28 35 39
25 76 25 40 68 69 76
6 48 6 37 48
22 34 22 34
19 81 19 43 52 80 81
1 87 1 37 51 67 72 87
44 68 44 55 58 68
6 48 6 37 48
16 67 16 35 39 58 67
16 65 16 35 39 65
14 87 14 28 37 49 72 87
25 51 25 33 51
21 73 21 58 67 73
18 65 18 20 39 65
8 58 8 28 35 39 58
23 48 23 37 48
77 89 77 89
12 69 12 44 55 58 68 69
40 68 40 68
8 58 8 28 35 39 58
41 57 41 57
17 61 17 33 61
6 43 6 31 43
15 34 15 30 34
5 84 5 79 84
8 78 8 40 78
22 77 22 43 52 77
3 67 3 37 51 67
16 71 16 35 59 64 71
37 86 37 49 72 86
36 49 36 37 49
6 83 6 16 29 48 75 80 81 83
20 84 20 55 84
33 73 33 51 67 73
11 76 11 68 69 76
26 82 26 42 51 59 64 82
0 74 0 13 26 28 68 74
3 88 3 30 44 79 88
15 39 15 26 28 35 39
1 63 1 7 14 25 63
27 82 27 44 55 67 82
59 89 59 89
14 89 14 42 51 59 89
13 73 13 26 73
13 86 13 28 41 49 72 86
29 52 29 48 52
29 52 29 48 52
0 35 0 13 28 35
20 56 20 56
34 81 34 48 75 80 81
1 25 1 7 14 25
52 80 52 80
13 78 13 28 41 57 78
51 80 51 80
23 69 23 37 49 69
1 44 1 7 43 44
9 56 9 20 56
39 87 39 87
62 88 62 72 88
48 80 48 75 80
25 40 25 40
13 65 13 20 39 65
6 87 6 31 43 87
7 74 7 43 44 55 58 68 74
24 83 24 27 44 79 83
15 65 15 26 28 41 63 65
2 81 2 33 51 80 81
37 81 37 48 75 80 81
37 71 37 48 52 71
12 45 12 45
5 49 5 6 37 49
26 70 26 28 41 70
43 82 43 52 71 82
20 84 20 55 84
6 55 6 31 43 44 55
75 83 75 80 81 83
3 44 3 27 44
33 80 33 51 80
1 32 1 2 23 32
33 61 33 61
30 84 30 34 79 84
14 88 14 25 85 88
22 72 22 31 43 44 55 67 72
15 57 15 26 28 41 57
27 44 27 44
1 84 1 2 9 20 55 84
5 49 5 6 37 49
26 62 26 42 62
17 33 17 33
36 77 36 37 52 77
5 83 5 6 31 43 44 79 83
21 73 21 42 51 67 73
19 86 19 43 44 55 58 67 72 86
33 72 33 49 72
17 58 17 58
25 85 25 85
22 67 22 31 43 44 55 67
40 76 40 68 69 76
6 43 6 31 43
18 48 18 22 34 48
2 49 2 33 49
37 86 37 49 72 86
43 58 43 44 55 58
5 76 5 6 37 49 76
22 73 22 43 44 55 67 73
48 89 48 52 77 89
9 76 9 20 55 58 68 69 76
15 89 15 26 42 51 59 89
37 86 37 49 72 86
58 82 58 67 82
8 72 8 9 20 39 58 67 72
9 77 9 20 39 58 77
41 81 41 70 81
43 71 43 52 64 71
24 44 24 27 44
10 86 10 30 44 55 58 67 72 86
0 63 0 13 26 28 41 57 63
16 39 16 35 39
23 87 23 49 72 87
31 86 31 56 64 86
10 86 10 17 33 51 67 72 86
0 75 0 10 48 75
10 49 10 17 33 49
11 71 11 59 64 71
0 71 0 10 30 34 59 64 71
14 76 14 28 37 76
31 86 31 56 64 86
29 71 29 48 52 64 71
27 69 27 44 55 58 68 69
26 76 26 28 37 49 69 76
41 57 41 57
13 89 13 29 48 52 77 89
20 56 20 56
0 71 0 13 20 56 64 71
1 51 1 2 33 51
16 59 16 35 59
11 71 11 59 64 71
19 56 19 56
0 80 0 13 26 42 51 80
2 62 2 33 62
35 72 35 39 58 67 72
10 51 10 17 33 51
48 86 48 52 64 86
4 84 4 30 34 79 84
5 69 5 6 16 35 39 58 68 69
33 83 33 51 80 81 83
27 69 27 44 55 58 68 69
18 20 18 20
15 69 15 30 44 55 58 68 69
45 89 45 77 89
15 83 15 22 43 52 80 81 83
8 73 8 28 37 51 67 73
26 48 26 28 37 48
56 74 56 74
7 61 7 14 25 33 61
4 30 4 30
23 87 23 37 49 72 87
14 80 14 42 51 80
26 42 26 42
41 49 41 49
22 72 22 31 43 44 55 67 72
8 51 8 28 37 51
3 44 3 27 44
24 55 24 27 44 55
13 42 13 26 42
20 84 20 55 84
7 76 7 14 28 35 39 76
20 84 20 55 84
14 58 14 28 35 39 58
21 77 21 58 77
14 87 14 28 37 72 87
48 88 48 88
21 48 21 26 28 37 48
18 76 18 22 31 68 69 76
22 72 22 43 44 55 67 72
14 81 14 28 41 70 81
5 43 5 6 31 43
14 72 14 28 37 51 67 72
2 55 2 9 20 55
21 42 21 42
19 89 19 43 52 77 89
6 16 6 16
48 89 48 52 77 89
2 66 2 23 66
29 52 29 48 52
13 42 13 26 42
19 73 19 43 44 55 67 73
62 72 62 72
26 42 26 42
0 20 0 10 17 20
2 87 2 9 62 72 87
9 71 9 71
5 43 5 6 31 43
0 63 0 13 28 41 63
0 40 0 13 20 40
8 73 8 28 35 39 58 67 73
8 57 8 28 41 57
43 74 43 44 55 58 68 74
24 68 24 27 44 55 58 68
41 88 41 49 72 88
23 88 23 49 72 88
35 72 35 39 58 67 72
37 75 37 48 75
28 63 28 41 57 63
5 82 5 52 71 82
40 69 40 68 69
44 86 44 55 67 72 86
24 55 24 27 44 55
19 64 19 56 64
2 81 2 23 37 52 80 81
57 72 57 72
21 48 21 26 28 37 48
39 74 39 58 68 74
30 44 30 44
8 80 8 28 37 51 80
12 83 12 44 79 83
22 89 22 31 43 44 55 84 89
3 81 3 37 51 80 81
31 86 31 43 52 64 86
0 28 0 13 26 28
44 68 44 55 58 68
0 52 0 13 28 37 52
44 67 44 55 67
7 61 7 14 25 33 61
25 76 25 40 68 69 76
35 71 35 59 64 71
12 55 12 44 55
15 64 15 26 42 51 59 64
85 88 85 88
3 51 3 37 51
40 76 40 68 69 76
26 57 26 28 41 57
6 35 6 16 35
0 34 0 10 30 34
27 58 27 44 55 58
20 74 20 55 58 68 74
42 62 42 62
4 77 4 23 37 77
4 44 4 30 44
28 63 28 41 63
12 82 12 24 71 82
0 76 0 10 30 44 55 58 68 69 76
28 75 28 37 48 75
19 89 19 43 52 77 89
2 77 2 9 20 55 58 77
1 87 1 49 72 87
15 49 15 26 28 37 49
21 60 21 26 28 41 50 60
54 83 54 81 83
5 79 5 79
6 35 6 16 35
45 64 45 64
5 29 5 6 16 29
37 75 37 48 75
7 78 7 14 28 41 57 78
10 62 10 17 33 62
30 34 30 34
41 57 41 57
0 79 0 27 79
36 50 36 50
1 28 1 13 26 28
2 23 2 23
6 44 6 31 43 44
34 48 34 48
43 87 43 87
8 74 8 28 68 74
40 69 40 68 69
36 77 36 37 77
34 52 34 48 52
25 81 25 33 51 80 81
24 87 24 27 44 55 67 72 87
14 83 14 34 48 75 80 81 83
16 71 16 35 59 64 71
0 82 0 13 20 39 58 67 82
25 81 25 33 51 80 81
4 78 4 23 66 78
36 87 36 37 49 72 87
18 65 18 20 39 65
12 72 12 72
3 78 3 9 20 40 78
0 89 0 13 84 89
8 50 8 41 50
16 67 16 35 39 58 67
0 13 0 13
43 82 43 44 55 58 67 82
18 68 18 22 31 68
10 60 10 17 60
43 68 43 44 55 58 68
28 39 28 35 39
12 81 12 37 52 80 81
0 56 0 10 17 20 56
1 81 1 13 26 28 37 52 80 81
0 17 0 10 17
31 83 31 43 52 80 81 83
34 48 34 48
5 51 5 6 37 51
4 30 4 30
17 84 17 20 55 84
10 75 10 30 34 48 75
51 71 51 59 64 71
13 42 13 26 42
6 55 6 31 43 44 55
62 88 62 72 88
31 83 31 43 52 80 81 83
14 89 14 42 51 59 89
41 60 41 50 60
0 77 0 45 77
17 80 17 33 51 80
41 76 41 76
48 80 48 75 80
29 77 29 48 52 77
6 89 6 16 29 48 52 77 89
10 77 10 30 48 52 77
1 29 1 13 29
40 69 40 68 69
3 72 3 37 51 67 72
42 71 42 51 59 64 71
10 84 10 17 20 55 84
57 72 57 72
2 84 2 9 20 55 84
45 89 45 77 89
16 71 16 29 48 52 64 71
6 35 6 16 35
11 76 11 68 69 76
31 68 31 68
41 57 41 57
33 88 33 62 72 88
1 28 1 13 26 28
10 75 10 48 75
21 83 21 42 51 80 81 83
33 78 33 78
30 44 30 44
0 82 0 45 64 71 82
18 67 18 22 31 43 44 55 67
33 87 33 62 72 87
62 72 62 72
35 58 35 39 58
22 74 22 31 56 74
15 83 15 22 43 52 80 81 83
51 83 51 80 81 83
27 77 27 44 55 58 77
39 82 39 58 67 82
7 62 7 62
15 31 15 22 31
4 81 4 70 81
9 76 9 20 39 58 68 69 76
43 72 43 44 55 58 67 72
0 52 0 10 30 48 52
7 43 7 43
9 77 9 20 55 58 77
8 37 8 28 37
1 75 1 7 14 34 48 75
66 78 66 78
14 82 14 28 64 71 82
33 67 33 51 67
30 82 30 44 55 67 82
16 67 16 35 39 58 67
2 82 2 56 82
2 81 2 23 37 52 80 81
10 69 10 30 44 55 58 68 69
10 84 10 24 27 44 84
9 77 9 20 39 58 77
35 86 35 59 64 86
49 88 49 72 88
62 72 62 72
4 71 4 23 37 59 64 71
15 57 15 26 28 41 57
25 80 25 33 51 80
48 83 48 52 80 81 83
1 50 1 7 14 28 41 50
6 35 6 16 35
14 42 14 42
3 56 3 9 20 56
17 86 17 20 39 58 67 72 86
25 74 25 40 68 74
30 34 30 34
51 71 51 59 64 71
44 88 44 55 58 67 72 88
48 86 48 52 64 86
21 83 21 42 51 80 81 83
26 70 26 28 41 70
22 64 22 43 52 64
20 67 20 55 67
19 89 19 43 44 84 89
23 48 23 37 48
15 83 15 22 43 52 80 81 83
26 86 26 28 41 49 72 86
5 58 5 6 31 43 44 55 58
27 84 27 44 55 84
48 64 48 52 64
38 89 38 89
1 76 1 39 58 68 69 76
37 72 37 51 67 72
3 27 3 27
16 65 16 35 39 65
42 71 42 51 59 64 71
22 56 22 31 56
5 68 5 6 31 43 44 55 58 68
8 75 8 28 37 48 75
1 61 1 2 33 61
68 69 68 69
14 83 14 28 41 70 81 83
36 77 36 37 77
31 72 31 43 44 55 58 67 72
17 83 17 33 51 80 81 83
40 69 40 68 69
10 49 10 17 33 49
0 35 0 13 26 28 35
25 84 25 79 84
44 67 44 55 58 67
18 68 18 20 40 68
8 55 8 9 20 55
7 85 7 14 25 85
1 61 1 2 33 61
0 72 0 27 44 55 67 72
14 57 14 28 41 57
8 68 8 28 35 39 58 68
0 73 0 20 55 67 73
41 76 41 76
1 56 1 13 20 56
35 71 35 59 64 71
28 81 28 41 70 81
30 44 30 44
51 86 51 86
12 44 12 44
21 26 21 26
4 81 4 30 34 48 75 80 81
2 64 2 33 51 59 64
68 69 68 69
1 61 1 7 14 25 33 61
7 43 7 43
19 56 19 56
22 77 22 43 52 77
11 82 11 59 64 82
0 89 0 13 28 35 39 58 77 89
8 73 8 28 35 39 58 67 73
37 80 37 52 80
11 71 11 59 64 71
40 69 40 68 69
8 51 8 28 37 51
28 78 28 41 57 78
26 72 26 42 51 67 72
28 69 28 68 69
6 59 6 16 35 59
31 68 31 43 44 55 58 68
18 78 18 20 40 78
15 62 15 26 42 62
17 58 17 58
26 68 26 28 35 39 58 68
0 80 0 13 29 48 52 80
6 48 6 37 48
14 39 14 28 35 39
4 84 4 30 44 84
12 45 12 45
2 32 2 23 32
0 17 0 10 17
30 68 30 44 55 58 68
45 60 45 50 60
8 75 8 28 37 48 75
28 57 28 41 57
26 86 26 28 64 86
55 69 55 58 68 69
14 83 14 28 37 52 80 81 83
18 67 18 22 43 44 55 67
62 88 62 72 88
14 78 14 28 41 57 78
27 79 27 44 79
49 76 49 69 76
7 59 7 14 25 35 59
43 64 43 52 64
15 71 15 26 42 51 59 64 71
19 38 19 38
10 69 10 17 58 68 69
22 59 22 34 59
1 35 1 7 14 28 35
31 83 31 43 44 79 83
7 51 7 14 25 33 51
26 50 26 28 41 50
25 69 25 40 68 69
3 37 3 37
43 67 43 44 55 67
14 78 14 25 40 78
0 13 0 13
14 87 14 25 35 39 87
9 88 9 20 39 58 67 72 88
2 48 2 23 37 48
41 60 41 50 60
45 71 45 64 71
10 75 10 30 34 48 75
28 68 28 35 39 58 68
1 32 1 2 23 32
18 48 18 22 34 48
25 59 25 33 51 59
12 49 12 37 49
30 82 30 44 55 58 67 82
36 75 36 37 48 75
36 60 36 50 60
40 76 40 68 69 76
40 74 40 68 74
22 89 22 31 43 44 55 84 89
7 43 7 43
56 74 56 74
25 87 25 33 49 72 87
12 69 12 37 49 69
19 38 19 38
14 76 14 25 35 39 58 68 69 76
16 58 16 35 39 58
15 59 15 22 34 59
14 87 14 28 41 57 72 87
9 58 9 20 39 58
4 77 4 30 34 48 52 77
29 77 29 48 52 77
27 89 27 79 84 89
37 86 37 51 59 64 86
3 78 3 9 20 40 78
37 72 37 49 72
80 81 80 81
20 56 20 56
13 26 13 26
25 84 25 79 84
3 65 3 38 65
56 64 56 64
37 71 37 48 52 71
15 34 15 22 34
53 84 53 84
39 87 39 58 67 72 87
29 82 29 48 52 64 82
26 52 26 28 37 52
5 83 5 52 80 81 83
17 60 17 60
3 73 3 37 51 67 73
41 50 41 50
14 57 14 28 41 57
49 87 49 72 87
26 58 26 28 35 39 58
18 89 18 22 34 79 84 89
55 69 55 58 68 69
25 84 25 79 84
7 51 7 14 28 37 51
15 58 15 22 43 44 55 58
66 78 66 78
4 66 4 23 66
7 74 7 43 44 55 58 68 74
29 82 29 48 52 64 82
3 73 3 30 44 55 58 67 73
25 68 25 35 39 58 68
30 79 30 34 79
5 69 5 6 31 43 44 55 58 68 69
10 68 10 24 27 44 55 58 68
37 82 37 59 64 82
29 82 29 48 52 64 82
16 59 16 35 59
80 81 80 81
42 62 42 62
41 63 41 63
33 78 33 78
0 77 0 13 28 77
16 71 16 29 48 52 64 71
35 86 35 59 64 86
28 39 28 35 39
48 88 48 88
28 72 28 35 39 58 67 72
7 55 7 43 44 55
7 35 7 14 28 35
28 89 28 77 89
26 67 26 42 51 67
26 69 26 28 68 69
12 82 12 45 50 82
1 29 1 13 29
29 88 29 48 88
8 50 8 28 41 50
8 67 8 28 37 51 67
28 72 28 37 72
6 64 6 31 43 52 64
14 50 14 28 41 50
26 41 26 28 41
37 75 37 48 75
1 28 1 13 26 28
28 78 28 41 57 78
6 64 6 31 43 52 64
20 55 20 55
21 48 21 26 28 37 48
21 83 21 26 42 51 80 81 83
28 68 28 68
27 58 27 44 55 58
7 62 7 14 42 62
21 86 21 58 67 72 86
14 60 14 28 41 50 60
5 49 5 6 37 49
2 84 2 9 20 55 84
27 72 27 44 55 67 72
14 84 14 25 79 84
43 72 43 44 55 67 72
5 84 5 79 84
21 39 21 26 28 35 39
12 75 12 29 48 75
9 71 9 20 56 64 71
19 82 19 56 64 82
7 48 7 14 28 37 48
22 59 22 34 59
33 87 33 62 72 87
13 70 13 28 41 70
58 82 58 67 82
4 77 4 30 34 48 52 77
15 79 15 30 34 79
33 51 33 51
30 67 30 44 55 58 67
15 56 15 22 31 56
30 34 30 34
8 50 8 41 50
12 81 12 37 51 80 81
8 68 8 9 20 55 58 68
1 29 1 13 29
2 77 2 9 20 39 58 77
15 65 15 26 28 35 39 65
15 31 15 22 31
14 37 14 28 37
28 78 28 41 57 78
12 82 12 45 50 82
4 78 4 23 66 78
8 37 8 28 37
18 78 18 20 40 78
33 83 33 51 80 81 83
10 61 10 17 33 61
39 68 39 58 68
14 58 14 28 35 39 58
75 80 75 80
55 73 55 67 73
7 57 7 57
12 59 12 37 51 59
14 83 14 42 51 80 81 83
12 72 12 24 27 44 55 67 72
30 79 30 34 79
14 84 14 25 79 84
21 35 21 26 28 35
58 82 58 67 82
1 28 1 7 14 28
21 86 21 26 28 64 86
29 77 29 48 52 77
22 52 22 31 43 52
13 52 13 26 28 37 48 52
19 67 19 43 44 55 58 67
15 59 15 30 34 59
8 67 8 9 20 55 58 67
2 86 2 56 64 86
5 59 5 6 37 51 59
9 40 9 20 40
40 68 40 68
30 79 30 44 79
8 75 8 28 37 48 75
12 29 12 29
12 45 12 45
26 82 26 42 51 67 82
31 67 31 43 44 55 58 67
9 77 9 20 39 58 77
44 68 44 55 58 68
5 83 5 79 83
26 78 26 28 41 57 78
2 74 2 9 20 39 58 68 74
1 50 1 7 14 28 41 50
27 76 27 44 55 58 68 69 76
11 82 11 59 64 82
15 80 15 30 34 48 75 80
8 40 8 40
3 81 3 37 52 80 81
30 82 30 44 55 67 82
12 83 12 75 80 81 83
33 78 33 78
17 62 17 33 62
5 69 5 6 16 35 39 58 68 69
55 69 55 58 68 69
13 62 13 26 42 62
25 76 25 35 39 76
0 52 0 10 30 34 48 52
48 75 48 75
37 72 37 49 72
2 56 2 56
25 80 25 33 51 80
28 63 28 41 57 63
2 84 2 9 20 55 84
12 44 12 44
33 81 33 51 80 81
26 37 26 28 37
1 50 1 13 26 28 41 50
13 89 13 84 89
48 89 48 52 77 89
39 87 39 58 67 72 87
22 64 22 31 56 64
30 44 30 44
27 84 27 79 84
36 49 36 37 49
34 59 34 59
28 72 28 35 39 58 67 72
75 81 75 80 81
26 58 26 28 35 39 58
10 49 10 17 33 49
6 43 6 31 43
0 72 0 13 28 35 39 58 67 72
10 51 10 17 33 51
25 69 25 35 39 58 68 69
30 44 30 44
7 65 7 14 28 41 63 65
2 82 2 9 20 39 58 67 82
48 75 48 75
18 65 18 20 39 65
30 76 30 44 55 58 68 69 76
5 29 5 6 16 29
8 75 8 28 37 48 75
19 73 19 43 44 55 67 73
52 82 52 64 82
48 83 48 75 80 81 83
48 86 48 52 64 86
43 67 43 44 55 58 67
30 67 30 44 55 58 67
1 79 1 7 14 25 79
1 76 1 39 58 68 69 76
29 82 29 48 75 82
0 52 0 13 28 37 48 52
39 77 39 58 77
14 48 14 34 48
5 76 5 6 37 49 76
42 81 42 51 80 81
15 57 15 26 28 41 57
1 72 1 7 62 72
2 74 2 56 74
10 76 10 17 58 68 69 76
33 78 33 78
12 75 12 29 48 75
67 73 67 73
5 35 5 6 16 35
10 69 10 17 20 39 58 68 69
4 75 4 30 48 75
9 74 9 20 56 74
79 88 79 88
13 50 13 26 28 41 50
0 34 0 10 30 34
5 82 5 52 71 82
52 77 52 77
6 59 6 37 51 59
57 78 57 78
1 26 1 13 26
20 82 20 39 58 67 82
67 73 67 73
27 79 27 79
13 68 13 26 28 35 39 58 68
0 44 0 27 44
33 71 33 51 59 64 71
15 71 15 22 31 56 64 71
22 83 22 31 43 52 80 81 83
13 52 13 28 37 52
12 71 12 29 48 52 64 71
37 69 37 49 69
26 72 26 28 41 49 72
22 43 22 31 43
3 55 3 9 20 55
0 32 0 10 17 32
9 86 9 20 56 64 86
72 87 72 87
7 35 7 14 28 35
25 76 25 35 39 76
1 57 1 7 57
24 87 24 27 44 55 67 72 87
27 89 27 79 84 89
25 87 25 62 72 87
1 79 1 7 14 34 79
39 74 39 58 68 74
8 58 8 28 35 39 58
24 84 24 27 44 84
72 87 72 87
55 86 55 58 67 72 86
39 68 39 58 68
13 87 13 28 35 39 58 67 72 87
39 73 39 58 67 73
33 73 33 51 67 73
5 29 5 6 16 29
40 76 40 68 69 76
8 73 8 9 20 39 58 67 73
7 57 7 14 28 41 57
29 77 29 48 52 77
47 83 47 75 80 81 83
7 55 7 43 44 55
19 64 19 43 52 64
45 64 45 64
21 35 21 26 28 35
7 59 7 14 28 37 59
1 26 1 13 26
5 58 5 6 31 43 44 55 58
8 35 8 28 35
48 81 48 75 80 81
26 87 26 28 87
37 82 37 51 67 82
9 71 9 20 56 64 71
8 74 8 28 35 39 58 68 74
17 60 17 60
15 83 15 22 43 52 80 81 83
6 75 6 16 29 48 75
36 69 36 37 49 69
29 80 29 48 52 80
41 60 41 50 60
24 87 24 27 44 55 58 67 72 87
26 87 26 28 35 39 87
25 67 25 35 39 58 67
3 81 3 30 34 48 52 80 81
5 79 5 79
24 83 24 83
10 60 10 17 60
41 81 41 70 81
18 43 18 22 31 43
8 50 8 41 50
49 88 49 72 88
26 57 26 28 41 57
3 78 3 27 78
36 50 36 50
12 60 12 45 50 60
5 51 5 6 37 51
6 64 6 16 35 59 64
17 86 17 33 62 72 86
43 58 43 44 55 58
4 77 4 30 34 48 52 77
18 86 18 22 43 44 55 58 67 72 86
35 71 35 59 64 71
43 74 43 44 55 58 68 74
25 87 25 33 49 72 87
2 80 2 33 51 80
27 44 27 44
16 48 16 29 48
51 82 51 67 82
26 68 26 28 68
21 86 21 26 42 62 72 86
15 65 15 26 28 35 39 65
5 83 5 52 80 81 83
19 44 19 43 44
72 87 72 87
47 75 47 75
75 81 75 80 81
29 80 29 48 52 80
15 68 15 30 44 55 58 68
21 87 21 58 67 72 87
49 88 49 72 88
5 87 5 72 87
35 39 35 39
18 68 18 20 40 68
27 79 27 44 79
12 52 12 29 48 52
48 88 48 75 88
42 59 42 51 59
8 50 8 28 41 50
10 61 10 17 33 61
18 20 18 20
6 59 6 37 51 59
17 39 17 20 39
51 80 51 80
37 76 37 49 76
0 76 0 20 40 68 69 76
38 89 38 89
33 78 33 78
35 71 35 59 64 71
19 86 19 43 52 64 86
12 71 12 29 48 52 71
18 48 18 22 34 48
16 71 16 35 59 64 71
4 81 4 70 81
10 51 10 17 33 51
7 57 7 14 28 41 57
6 74 6 16 35 39 58 68 74
0 63 0 13 28 41 57 63
20 58 20 39 58
30 76 30 44 55 58 68 69 76
39 87 39 87
5 83 5 6 31 43 52 80 81 83
9 64 9 20 56 64
3 81 3 37 52 80 81
14 81 14 42 51 80 81
7 76 7 43 44 55 58 68 69 76
12 58 12 44 55 58
4 51 4 23 37 51
14 58 14 25 35 39 58
17 84 17 20 55 84
24 67 24 27 44 55 67
25 85 25 85
48 86 48 52 64 86
43 71 43 52 64 71
5 69 5 6 37 49 69
14 84 14 25 79 84
43 74 43 44 55 58 68 74
1 42 1 13 26 42
12 51 12 37 51
10 72 10 17 20 39 58 67 72
58 76 58 68 69 76
26 76 26 28 37 49 76
14 72 14 25 33 62 72
29 82 29 48 52 71 82
21 50 21 26 28 41 50
1 44 1 7 43 44
26 80 26 42 51 80
14 72 14 25 35 39 58 67 72
5 37 5 6 37
22 73 22 31 43 44 55 67 73
18 73 18 22 43 44 55 67 73
44 86 44 55 67 72 86
19 73 19 43 44 55 67 73
39 74 39 58 68 74
7 65 7 14 28 35 39 65
8 75 8 28 37 48 75
40 76 40 68 69 76
26 82 26 42 51 59 64 71 82
6 43 6 31 43
44 76 44 55 58 68 69 76
3 52 3 30 34 48 52
29 82 29 48 52 71 82
55 67 55 67
0 74 0 10 24 27 44 55 58 68 74
19 82 19 82
14 80 14 25 33 51 80
11 89 11 59 89
2 66 2 23 66
8 78 8 40 78
1 41 1 7 14 28 41
27 44 27 44
42 81 42 51 80 81
33 78 33 78
39 82 39 58 67 82
8 58 8 9 20 55 58
27 83 27 44 79 83
62 72 62 72
7 68 7 43 44 55 58 68
13 40 13 20 40
7 48 7 14 34 48
24 55 24 27 44 55
28 75 28 37 48 75
4 82 4 82
2 48 2 23 37 48
30 84 30 44 55 84
12 88 12 75 88
35 39 35 39
31 84 31 43 44 84
10 51 10 17 33 51
0 87 0 27 44 55 67 72 87
67 73 67 73
28 65 28 35 39 65
2 81 2 33 51 80 81
31 79 31 43 44 79
24 67 24 27 44 55 58 67
15 71 15 26 42 51 59 64 71
0 77 0 13 29 48 52 77
21 50 21 26 28 41 50
44 69 44 55 58 68 69
6 48 6 16 29 48
43 58 43 44 55 58
43 58 43 44 55 58
14 60 14 28 41 50 60
55 73 55 67 73
3 89 3 9 20 39 58 77 89
8 89 8 28 35 39 58 77 89
2 80 2 33 51 80
48 81 48 52 80 81
2 80 2 33 51 80
13 62 13 26 42 62
34 71 34 48 52 64 71
15 65 15 26 28 35 39 65
42 80 42 51 80
25 87 25 33 62 72 87
9 40 9 20 40
1 75 1 7 14 28 37 48 75
36 50 36 50
5 56 5 6 31 56
42 62 42 62
39 82 39 58 67 82
24 44 24 27 44
1 44 1 7 43 44
45 60 45 50 60
14 84 14 25 79 84
43 64 43 52 64
18 82 18 20 39 58 67 82
44 88 44 55 58 67 72 88
2 68 2 9 20 40 68
7 35 7 14 28 35
54 83 54 81 83
0 52 0 13 26 28 37 48 52
43 67 43 44 55 58 67
36 48 36 37 48
29 71 29 48 52 71
52 77 52 77
1 57 1 13 26 28 41 57
10 65 10 17 20 39 65
14 48 14 28 37 48
31 86 31 43 44 55 58 67 72 86
51 71 51 59 64 71
36 48 36 37 48
36 48 36 37 48
1 28 1 13 26 28
2 73 2 9 20 39 58 67 73
1 25 1 7 14 25
19 38 19 38
2 73 2 23 37 51 67 73
0 87 0 10 30 44 55 58 67 72 87
12 24 12 24
28 71 28 35 59 64 71
10 72 10 30 44 55 58 67 72
36 52 36 37 52
9 68 9 20 55 58 68
16 39 16 35 39
10 60 10 17 60
0 50 0 45 50
37 73 37 51 67 73
12 29 12 29
14 58 14 28 35 39 58
15 83 15 26 28 41 70 81 83
1 75 1 13 28 37 48 75
10 69 10 17 58 68 69
19 89 19 43 44 84 89
48 75 48 75
30 34 30 34
2 84 2 9 20 55 84
16 89 16 29 48 52 77 89
9 84 9 20 55 84
12 45 12 45
20 69 20 55 58 68 69
8 67 8 28 37 51 67
3 55 3 30 44 55
43 55 43 44 55
6 75 6 16 29 48 75
34 64 34 59 64
20 84 20 55 84
68 69 68 69
4 30 4 30
22 64 22 34 48 52 64
10 84 10 24 27 44 55 84
35 72 35 39 58 67 72
8 41 8 41
15 58 15 22 43 44 55 58
37 72 37 72
16 59 16 35 59
21 67 21 26 28 35 39 58 67
36 77 36 37 77
19 89 19 38 89
58 76 58 68 69 76
1 25 1 7 14 25
17 72 17 58 67 72
13 78 13 26 28 41 57 78
14 67 14 25 33 51 67
58 77 58 77
26 78 26 28 41 57 78
4 75 4 23 37 48 75
55 67 55 67
2 69 2 9 20 40 68 69
12 24 12 24
34 88 34 48 88
15 56 15 22 31 56
43 72 43 44 55 67 72
8 35 8 28 35
48 75 48 75
31 81 31 43 52 80 81
4 75 4 30 48 75
4 77 4 30 34 48 52 77
14 62 14 42 62
18 67 18 22 43 44 55 67
21 26 21 26
52 82 52 71 82
37 75 37 48 75
15 64 15 26 42 51 59 64
29 77 29 48 52 77
12 84 12 24 27 79 84
43 55 43 44 55
8 68 8 9 20 39 58 68
19 56 19 56
2 33 2 33
54 81 54 81
24 78 24 27 78
34 75 34 48 75
2 89 2 23 66 77 89
22 67 22 43 44 55 67
26 37 26 28 37
19 86 19 62 72 86
14 70 14 28 41 70
25 79 25 79
5 58 5 6 31 43 44 55 58
17 72 17 20 55 58 67 72
2 80 2 23 37 52 80
3 38 3 38
0 73 0 10 30 44 55 67 73
14 80 14 25 33 51 80
19 64 19 43 52 64
30 81 30 34 48 52 80 81
10 51 10 17 33 51
11 74 11 68 74
0 87 0 13 28 87
3 81 3 37 48 75 80 81
26 42 26 42
25 40 25 40
44 88 44 55 58 67 72 88
7 60 7 14 28 41 50 60
37 81 37 52 80 81
52 80 52 80
9 68 9 20 55 58 68
1 61 1 7 14 25 33 61
18 31 18 22 31
10 51 10 17 33 51
17 73 17 33 51 67 73
44 73 44 55 58 67 73
27 73 27 44 55 67 73
0 52 0 10 30 34 48 52
0 40 0 20 40
0 30 0 10 30
1 29 1 13 29
0 81 0 10 48 75 80 81
20 55 20 55
15 89 15 26 28 35 39 58 77 89
26 78 26 28 41 57 78
45 60 45 50 60
15 49 15 26 28 41 49
5 69 5 6 31 43 44 55 58 68 69
0 34 0 10 30 34
43 72 43 44 55 58 67 72
7 35 7 14 28 35
27 76 27 44 55 58 68 69 76
21 81 21 26 28 37 48 52 80 81
33 87 33 51 67 72 87
8 88 8 62 72 88
14 89 14 59 89
44 68 44 55 58 68
10 73 10 24 27 44 55 58 67 73
1 72 1 7 57 72
12 51 12 37 51
15 51 15 26 42 51
17 80 17 33 51 80
14 84 14 25 79 84
43 71 43 52 64 71
13 87 13 20 39 87
22 52 22 43 52
16 52 16 29 48 52
8 78 8 41 57 78
9 39 9 20 39
11 86 11 59 64 86
12 60 12 50 60
80 81 80 81
9 86 9 20 56 64 86
12 83 12 75 80 81 83
13 82 13 26 28 41 70 82
18 82 18 59 64 71 82
3 71 3 9 20 56 64 71
10 49 10 17 33 49
6 83 6 37 51 80 81 83
15 77 15 22 34 48 52 77
44 67 44 55 67
14 82 14 25 82
22 74 22 31 43 44 55 58 68 74
33 59 33 51 59
15 56 15 22 31 56
36 77 36 37 48 52 77
5 79 5 79
16 67 16 35 39 58 67
39 74 39 58 68 74
51 83 51 80 81 83
62 72 62 72
2 82 2 33 51 59 64 71 82
19 87 19 43 44 55 67 72 87
53 80 53 80
7 59 7 14 25 33 51 59
28 49 28 41 49
43 83 43 52 80 81 83
16 52 16 29 48 52
43 87 43 44 55 67 72 87
48 81 48 52 80 81
27 84 27 79 84
8 57 8 41 57
34 81 34 48 52 80 81
28 71 28 64 71
16 87 16 87
21 50 21 26 28 41 50
11 59 11 59
43 58 43 44 55 58
17 80 17 33 51 80
7 85 7 14 25 85
31 87 31 43 44 55 58 67 72 87
7 68 7 43 44 55 58 68
2 55 2 9 20 55
40 69 40 68 69
3 71 3 64 71
6 87 6 16 35 39 87
6 89 6 16 35 59 89
14 67 14 25 33 51 67
0 82 0 10 17 70 82
4 78 4 23 66 78
3 56 3 9 20 56
4 44 4 30 44
14 35 14 25 35
19 82 19 43 44 55 67 82
18 76 18 20 40 68 69 76
33 78 33 78
2 32 2 23 32
34 88 34 79 88
59 82 59 64 71 82
17 64 17 20 56 64
8 75 8 28 37 48 75
2 64 2 33 51 59 64
21 35 21 26 28 35
13 78 13 26 28 41 57 78
17 76 17 58 68 69 76
15 77 15 22 31 43 44 55 58 77
51 87 51 67 72 87
13 86 13 29 48 52 64 86
8 74 8 9 20 56 74
24 78 24 27 78
33 88 33 49 72 88
58 87 58 67 72 87
12 81 12 75 80 81
41 60 41 50 60
29 75 29 48 75
43 74 43 44 55 58 68 74
15 68 15 22 43 44 55 58 68
67 72 67 72
5 35 5 6 16 35
48 83 48 52 80 81 83
5 84 5 79 84
45 60 45 50 60
8 83 8 41 70 81 83
9 76 9 20 40 68 69 76
22 58 22 31 43 44 55 58
44 83 44 79 83
9 39 9 20 39
18 44 18 22 43 44
25 83 25 79 83
29 64 29 48 52 64
3 67 3 9 20 55 67
41 72 41 49 72
39 73 39 58 67 73
5 68 5 6 31 68
24 67 24 27 44 55 58 67
19 67 19 43 44 55 67
7 87 7 62 72 87
16 59 16 35 59
13 52 13 26 28 37 48 52
4 32 4 23 32
6 16 6 16
1 51 1 13 26 28 37 51
31 72 31 43 44 55 58 67 72
17 61 17 33 61
6 43 6 31 43
43 86 43 44 55 58 67 72 86
1 63 1 7 57 63
19 73 19 43 44 55 58 67 73
35 73 35 39 58 67 73
25 83 25 79 83
22 83 22 43 44 79 83
22 84 22 34 79 84
39 73 39 58 67 73
35 58 35 39 58
10 49 10 17 33 49
54 83 54 81 83
14 33 14 25 33
15 79 15 22 31 43 44 79
12 84 12 44 79 84
8 58 8 9 20 55 58
0 63 0 13 26 28 41 63
26 89 26 42 51 59 89
7 38 7 14 25 38
23 66 23 66
25 74 25 35 39 58 68 74
18 55 18 20 55
10 77 10 17 58 77
0 82 0 27 44 55 58 67 82
38 89 38 89
18 44 18 22 43 44
0 81 0 13 29 48 52 80 81
54 81 54 81
75 83 75 80 81 83
34 52 34 48 52
0 63 0 13 28 41 63
2 87 2 9 62 72 87
7 62 7 62
33 72 33 51 67 72
8 55 8 9 20 55
45 64 45 64
43 73 43 44 55 58 67 73
18 31 18 22 31
16 48 16 29 48
7 68 7 14 28 68
15 62 15 26 42 62
12 66 12 66
25 40 25 40
25 76 25 33 49 69 76
3 44 3 30 44
26 42 26 42
22 52 22 34 48 52
23 66 23 66
13 42 13 26 42
27 69 27 44 55 58 68 69
3 72 3 30 44 55 58 67 72
9 71 9 71
41 60 41 50 60
11 76 11 68 69 76
37 75 37 48 75
0 56 0 13 20 56
19 81 19 43 52 80 81
28 39 28 35 39
21 81 21 26 28 37 51 80 81
11 59 11 59
12 82 12 50 82
30 76 30 44 55 58 68 69 76
36 75 36 37 48 75
1 81 1 7 43 52 80 81
40 74 40 68 74
8 56 8 9 20 56
22 89 22 43 52 77 89
10 73 10 24 27 44 55 58 67 73
40 74 40 68 74
44 67 44 55 67
72 87 72 87
10 51 10 17 33 51
51 82 51 59 64 82
26 86 26 28 41 57 72 86
51 67 51 67
36 83 36 81 83
14 70 14 28 41 70
20 74 20 56 74
9 64 9 20 56 64
21 62 21 26 42 62
79 88 79 88
80 81 80 81
51 82 51 59 64 71 82
0 49 0 13 28 37 49
26 42 26 42
15 62 15 26 42 62
15 65 15 26 28 41 57 63 65
53 84 53 84
14 42 14 42
2 33 2 33
27 68 27 44 55 58 68
3 56 3 9 20 56
14 72 14 25 62 72
7 87 7 43 44 55 58 67 72 87
35 88 35 39 58 67 72 88
1 51 1 7 14 42 51
58 76 58 68 69 76
4 49 4 23 37 49
6 73 6 16 35 39 58 67 73
42 80 42 51 80
49 76 49 76
34 77 34 48 52 77
9 56 9 20 56
17 73 17 58 67 73
15 39 15 26 28 35 39
0 76 0 10 17 58 68 69 76
56 64 56 64
12 60 12 60
79 88 79 88
23 88 23 37 51 67 72 88
18 67 18 20 55 58 67
16 87 16 87
15 57 15 26 28 41 57
5 51 5 6 37 51
14 39 14 25 35 39
5 59 5 6 16 35 59
15 42 15 26 42
22 34 22 34
62 88 62 72 88
48 89 48 52 77 89
1 63 1 13 28 41 57 63
5 35 5 6 16 35
29 80 29 48 75 80
20 55 20 55
28 63 28 41 57 63
0 28 0 13 26 28
16 87 16 35 39 58 67 72 87
14 69 14 25 35 39 58 68 69
43 82 43 44 55 67 82
13 65 13 26 28 35 39 65
42 71 42 51 59 64 71
1 79 1 7 43 44 79
10 83 10 24 27 79 83
14 82 14 28 41 57 82
25 68 25 35 39 58 68
35 73 35 39 58 67 73
22 74 22 31 43 44 55 58 68 74
28 60 28 41 50 60
43 68 43 44 55 58 68
9 67 9 20 39 58 67
34 80 34 48 75 80
14 74 14 25 40 68 74
24 67 24 27 44 55 67
43 88 43 44 79 88
31 73 31 43 44 55 58 67 73
8 75 8 28 37 48 75
7 51 7 14 25 33 51
14 35 14 25 35
58 87 58 67 72 87
43 88 43 44 55 58 67 72 88
14 40 14 25 40
45 71 45 64 71
0 71 0 45 64 71
10 72 10 24 27 44 55 67 72
9 56 9 20 56
15 57 15 26 28 41 57
12 44 12 24 27 44
44 68 44 55 58 68
12 29 12 29
28 39 28 35 39
31 79 31 43 44 79
22 64 22 34 48 52 64
5 37 5 6 37
36 87 36 37 72 87
20 67 20 55 67
7 68 7 14 25 40 68
34 81 34 48 52 80 81
1 57 1 13 28 41 57
6 65 6 16 35 39 65
36 51 36 37 51
8 72 8 41 49 72
4 84 4 30 34 79 84
8 55 8 9 20 55
15 89 15 22 34 59 89
21 87 21 26 28 37 72 87
13 87 13 26 42 51 67 72 87
5 82 5 64 82
5 79 5 6 31 43 44 79
16 80 16 29 48 75 80
5 59 5 6 16 35 59
8 37 8 28 37
1 58 1 39 58
0 81 0 13 26 28 37 48 52 80 81
0 40 0 20 40
13 86 13 26 42 51 67 72 86
53 84 53 84
24 78 24 27 78
21 83 21 42 51 80 81 83
0 76 0 13 28 41 49 69 76
2 33 2 33
24 76 24 27 44 55 58 68 69 76
3 76 3 37 76
34 52 34 48 52
8 41 8 41
19 56 19 56
55 58 55 58
18 68 18 22 43 44 55 58 68
28 71 28 35 59 64 71
16 52 16 29 48 52
1 76 1 39 58 68 69 76
26 48 26 28 37 48
4 32 4 23 32
25 68 25 40 68
31 73 31 43 44 55 67 73
22 84 22 34 79 84
26 67 26 42 51 67
15 62 15 26 42 62
10 83 10 30 44 79 83
28 69 28 68 69
49 69 49 69
37 75 37 48 75
28 49 28 37 49
16 80 16 29 48 52 80
26 70 26 28 41 70
24 83 24 27 79 83
17 56 17 20 56
28 75 28 37 48 75
13 67 13 28 37 51 67
41 81 41 70 81
30 79 30 34 79
43 68 43 44 55 58 68
9 74 9 20 39 58 68 74
29 80 29 48 52 80
8 56 8 9 20 56
2 66 2 23 66
58 76 58 68 69 76
17 83 17 33 51 80 81 83
14 89 14 34 79 84 89
21 67 21 58 67
27 89 27 79 84 89
19 82 19 82
43 55 43 44 55
26 82 26 28 82
39 76 39 76
7 83 7 14 25 79 83
5 69 5 6 37 49 69
18 78 18 20 40 78
18 86 18 20 56 64 86
15 49 15 26 28 41 49
4 82 4 70 82
18 73 18 20 55 67 73
42 71 42 51 59 64 71
19 38 19 38
9 86 9 20 39 58 67 72 86
35 69 35 39 58 68 69
2 80 2 23 37 51 80
0 56 0 20 56
71 82 71 82
15 30 15 30
31 68 31 68
3 44 3 30 44
55 89 55 84 89
36 76 36 37 76
5 82 5 75 82
25 69 25 35 39 58 68 69
75 81 75 80 81
29 52 29 48 52
8 58 8 9 20 55 58
31 72 31 43 44 55 67 72
17 64 17 20 56 64
14 70 14 28 41 70
43 73 43 44 55 67 73
1 40 1 13 20 40
43 68 43 44 55 58 68
40 76 40 68 69 76
43 87 43 44 55 67 72 87
11 59 11 59
6 48 6 37 48
9 40 9 20 40
21 74 21 58 68 74
14 88 14 42 51 67 72 88
8 73 8 28 37 51 67 73
6 83 6 31 43 44 79 83
13 50 13 26 28 41 50
23 69 23 49 69
7 83 7 43 44 79 83
3 75 3 30 34 48 75
8 75 8 28 37 48 75
8 51 8 28 37 51
12 75 12 29 48 75
0 13 0 13
3 76 3 27 44 55 58 68 69 76
26 58 26 28 35 39 58
29 52 29 48 52
37 69 37 49 69
0 17 0 10 17
28 60 28 41 50 60
36 83 36 37 51 80 81 83
16 29 16 29
48 88 48 75 88
0 74 0 13 28 68 74
17 84 17 20 55 84
2 23 2 23
24 83 24 83
4 49 4 49
22 64 22 34 59 64
15 49 15 26 28 37 49
22 77 22 34 48 52 77
9 74 9 20 39 58 68 74
0 75 0 13 29 48 75
12 84 12 44 55 84
31 79 31 43 44 79
37 80 37 48 75 80
18 55 18 22 43 44 55
36 49 36 37 49
8 80 8 28 37 48 75 80
26 41 26 28 41
29 64 29 48 52 64
25 88 25 62 72 88
8 50 8 41 50
13 70 13 28 41 70
34 52 34 48 52
6 16 6 16
39 68 39 58 68
2 69 2 33 49 69
41 63 41 63
52 82 52 71 82
17 84 17 20 55 84
4 32 4 23 32
15 65 15 26 28 35 39 65
21 74 21 26 28 35 39 58 68 74
30 76 30 44 55 58 68 69 76
28 68 28 68
48 75 48 75
37 69 37 49 69
9 67 9 20 55 58 67
4 34 4 30 34
0 75 0 10 48 75
26 69 26 28 68 69
31 67 31 43 44 55 67
31 71 31 43 52 64 71
26 86 26 28 35 59 64 86
1 75 1 7 14 34 48 75
8 37 8 28 37
54 81 54 81
57 72 57 72
30 67 30 44 55 58 67
44 76 44 55 58 68 69 76
28 59 28 35 59
6 31 6 31
4 30 4 30
43 83 43 44 79 83
1 28 1 7 14 28
23 73 23 37 51 67 73
37 80 37 48 52 80
14 50 14 28 41 50
58 82 58 67 82
43 64 43 52 64
68 69 68 69
22 58 22 31 43 44 55 58
22 34 22 34
43 73 43 44 55 67 73
22 58 22 43 44 55 58
1 57 1 7 57
75 81 75 80 81
51 82 51 59 64 82
48 88 48 75 88
68 69 68 69
39 68 39 58 68
58 77 58 77
14 39 14 28 35 39
9 56 9 20 56
75 80 75 80
1 28 1 13 28
8 37 8 28 37
55 73 55 67 73
34 75 34 48 75
30 68 30 44 55 58 68
1 62 1 7 62
7 43 7 43
14 83 14 28 41 70 81 83
7 76 7 14 25 33 49 69 76
5 35 5 6 16 35
55 73 55 67 73
9 20 9 20
2 73 2 9 20 55 58 67 73
1 72 1 49 72
2 84 2 9 20 55 84
22 59 22 34 59
54 81 54 81
39 77 39 58 77
22 67 22 43 44 55 58 67
2 64 2 23 37 51 59 64
62 72 62 72
28 59 28 35 59
49 88 49 72 88
11 86 11 59 64 86
12 84 12 84
11 71 11 59 64 71
33 83 33 51 80 81 83
28 69 28 35 39 58 68 69
21 67 21 26 42 51 67
48 75 48 75
38 89 38 89
37 48 37 48
39 68 39 58 68
22 34 22 34
3 51 3 37 51
9 67 9 20 39 58 67
0 77 0 45 77
45 71 45 64 71
15 34 15 30 34
44 68 44 55 58 68
24 67 24 27 44 55 67
17 62 17 33 62
4 30 4 30
18 86 18 59 64 86
22 52 22 34 48 52
1 87 1 13 26 28 87
8 83 8 41 70 81 83
2 64 2 56 64
36 48 36 37 48
44 79 44 79
37 80 37 48 75 80
52 77 52 77
57 87 57 72 87
3 52 3 37 52
15 80 15 26 42 51 80
26 68 26 28 68
27 84 27 79 84
18 48 18 22 34 48
15 59 15 26 28 37 59
3 30 3 30
43 71 43 52 71
37 73 37 51 67 73
7 51 7 14 28 37 51
1 50 1 7 14 28 41 50
18 73 18 20 73
9 64 9 20 56 64
42 80 42 51 80
49 87 49 72 87
2 66 2 23 66
2 77 2 9 20 55 58 77
2 33 2 33
28 65 28 41 57 63 65
12 45 12 45
51 67 51 67
3 27 3 27
43 64 43 52 64
12 69 12 44 55 58 68 69
18 20 18 20
7 72 7 62 72
4 44 4 30 44
67 72 67 72
79 88 79 88
10 64 10 48 52 64
15 58 15 30 44 55 58
18 67 18 20 55 67
8 73 8 28 37 51 67 73
12 75 12 37 48 75
7 72 7 43 44 55 67 72
22 81 22 43 52 80 81
26 49 26 28 41 49
51 87 51 67 72 87
11 86 11 59 64 86
2 68 2 9 20 55 58 68
28 89 28 35 59 89
13 70 13 26 28 41 70
17 76 17 20 55 58 68 69 76
0 32 0 10 17 32
39 68 39 58 68
17 73 17 58 67 73
31 56 31 56
49 88 49 72 88
13 70 13 26 28 41 70
3 81 3 37 52 80 81
39 74 39 58 68 74
15 64 15 22 31 56 64
37 73 37 51 67 73
10 51 10 17 33 51
43 82 43 44 55 58 67 82
28 72 28 35 39 58 67 72
20 67 20 39 58 67
16 58 16 35 39 58
17 87 17 33 49 72 87
58 86 58 67 72 86
7 55 7 43 44 55
58 87 58 67 72 87
12 44 12 44
17 83 17 33 51 80 81 83
8 78 8 41 57 78
3 72 3 9 20 55 67 72
70 82 70 82
1 28 1 7 14 28
5 69 5 6 37 49 69
57 78 57 78
4 78 4 23 66 78
19 67 19 43 44 55 67
22 83 22 43 52 80 81 83
19 44 19 43 44
21 68 21 58 68
55 89 55 84 89
4 84 4 30 34 79 84
13 67 13 20 39 58 67
18 65 18 20 39 65
1 56 1 13 20 56
51 71 51 59 64 71
12 55 12 24 27 44 55
4 66 4 23 66
59 89 59 89
37 82 37 51 59 64 82
6 82 6 71 82
26 50 26 28 41 50
1 76 1 13 26 28 41 49 69 76
24 55 24 27 44 55
7 68 7 43 44 55 58 68
2 89 2 33 51 59 89
9 67 9 20 55 67
8 41 8 28 41
36 50 36 50
0 13 0 13
4 71 4 23 37 59 64 71
5 37 5 6 37
10 68 10 24 27 44 55 58 68
1 81 1 37 52 80 81
0 72 0 10 17 20 39 58 67 72
9 20 9 20
58 86 58 67 72 86
14 33 14 25 33
7 35 7 14 28 35
34 80 34 48 52 80
51 80 51 80
36 52 36 37 48 52
3 27 3 27
13 78 13 28 41 57 78
48 81 48 75 80 81
51 83 51 80 81 83
10 76 10 30 44 55 58 68 69 76
26 48 26 28 37 48
48 64 48 52 64
27 77 27 44 55 58 77
6 55 6 31 43 44 55
7 87 7 43 44 55 67 72 87
45 60 45 50 60
3 68 3 9 20 55 58 68
31 67 31 43 44 55 58 67
37 80 37 52 80
14 70 14 28 41 70
14 84 14 34 79 84
5 35 5 6 16 35
41 49 41 49
23 48 23 37 48
3 74 3 30 44 55 58 68 74
27 83 27 44 79 83
58 73 58 67 73
48 86 48 52 64 86
0 44 0 27 44
7 85 7 14 25 85
30 44 30 44
9 74 9 20 39 58 68 74
41 76 41 76
49 69 49 69
30 76 30 44 55 58 68 69 76
3 72 3 9 20 39 58 67 72
43 77 43 52 77
54 81 54 81
17 80 17 33 51 80
1 75 1 13 28 37 48 75
2 33 2 33
8 55 8 9 20 55
10 77 10 48 52 77
58 77 58 77
37 82 37 48 52 71 82
33 67 33 51 67
26 87 26 42 62 72 87
0 13 0 13
47 75 47 75
26 70 26 28 41 70
79 88 79 88
59 89 59 89
7 59 7 14 28 35 59
26 58 26 28 35 39 58
49 88 49 72 88
58 82 58 67 82
35 58 35 39 58
34 71 34 59 64 71
5 58 5 6 16 35 39 58
19 76 19 69 76
1 56 1 2 9 20 56
12 59 12 37 51 59
6 89 6 37 77 89
2 68 2 9 20 55 58 68
0 79 0 10 24 27 79
8 56 8 9 20 56
52 80 52 80
5 44 5 6 31 43 44
29 48 29 48
25 51 25 33 51
29 77 29 48 52 77
23 87 23 49 72 87
2 62 2 9 62
4 81 4 23 37 48 52 80 81
13 87 13 28 35 39 58 67 72 87
7 60 7 14 28 41 50 60
48 83 48 75 80 81 83
14 69 14 25 35 39 58 68 69
25 85 25 85
37 73 37 51 67 73
43 58 43 44 55 58
17 86 17 33 51 59 64 86
36 60 36 50 60
44 86 44 55 58 67 72 86
26 69 26 28 37 49 69
35 71 35 59 64 71
48 81 48 52 80 81
21 26 21 26
8 89 8 28 37 48 52 77 89
43 73 43 44 55 58 67 73
22 77 22 34 48 52 77
9 56 9 20 56
20 74 20 40 68 74
43 77 43 52 77
8 69 8 9 20 40 68 69
34 52 34 48 52
22 83 22 34 79 83
23 66 23 66
52 77 52 77
10 49 10 17 33 49
20 67 20 39 58 67
35 39 35 39
23 66 23 66
4 23 4 23
19 64 19 56 64
0 82 0 10 48 52 64 71 82
14 74 14 28 68 74
2 81 2 23 37 52 80 81
0 77 0 27 44 55 58 77
51 67 51 67
18 48 18 22 34 48
30 76 30 44 55 58 68 69 76
1 75 1 13 26 28 37 48 75
4 64 4 30 48 52 64
15 73 15 22 31 43 44 55 58 67 73
11 74 11 68 74
1 41 1 13 26 28 41
7 83 7 43 44 79 83
10 75 10 30 34 48 75
8 68 8 28 35 39 58 68
41 88 41 49 72 88
5 51 5 6 37 51
1 40 1 13 20 40
10 69 10 30 44 55 58 68 69
14 33 14 25 33
4 23 4 23
8 58 8 28 35 39 58
29 88 29 48 88
15 73 15 26 42 51 67 73
39 76 39 76
33 72 33 49 72
1 28 1 13 26 28
15 69 15 22 43 44 55 58 68 69
22 79 22 43 44 79
59 89 59 89
14 76 14 28 35 39 76
1 35 1 13 28 35
35 73 35 39 58 67 73
26 69 26 28 35 39 58 68 69
1 25 1 7 14 25
19 73 19 43 44 55 58 67 73
0 82 0 20 39 58 67 82
20 67 20 39 58 67
13 52 13 26 28 37 48 52
28 69 28 35 39 58 68 69
40 76 40 68 69 76
41 81 41 70 81
85 88 85 88
13 87 13 20 55 58 67 72 87
58 76 58 68 69 76
29 80 29 48 52 80
28 75 28 37 48 75
26 52 26 28 37 52
31 79 31 43 44 79
2 62 2 33 62
22 74 22 43 44 55 58 68 74
48 83 48 75 80 81 83
16 87 16 35 39 87
27 69 27 44 55 58 68 69
26 57 26 28 41 57
1 32 1 2 23 32
36 50 36 50
22 64 22 34 59 64
36 51 36 37 51
14 74 14 25 35 39 58 68 74
37 69 37 49 69
80 81 80 81
3 78 3 27 78
12 75 12 75
7 59 7 14 59
48 81 48 75 80 81
2 62 2 9 62
48 75 48 75
8 78 8 28 41 57 78
5 35 5 6 16 35
8 83 8 28 37 48 75 80 81 83
9 71 9 20 56 64 71
29 83 29 48 52 80 81 83
1 62 1 2 9 62
8 83 8 41 70 81 83
28 81 28 41 70 81
55 69 55 58 68 69
75 81 75 80 81
29 77 29 48 52 77
15 73 15 30 44 55 67 73
11 74 11 68 74
39 87 39 87
9 68 9 20 55 58 68
34 88 34 48 75 88
7 57 7 14 28 41 57
29 83 29 48 52 80 81 83
24 84 24 27 44 79 84
37 75 37 48 75
13 26 13 26
0 82 0 45 50 82
7 48 7 14 28 37 48
37 80 37 52 80
4 88 4 30 48 88
26 69 26 28 35 39 58 68 69
1 44 1 7 43 44
8 35 8 28 35
13 73 13 20 39 58 67 73
3 37 3 37
23 69 23 37 49 69
16 29 16 29
34 71 34 48 52 71
10 65 10 17 20 39 65
19 73 19 43 44 55 67 73
43 72 43 44 55 58 67 72
29 77 29 48 52 77
14 72 14 25 62 72
7 60 7 14 28 41 50 60
23 87 23 37 72 87
8 37 8 28 37
15 39 15 26 28 35 39
3 75 3 30 48 75
54 81 54 81
55 69 55 58 68 69
17 73 17 58 67 73
21 68 21 26 28 68
8 52 8 28 37 52
55 84 55 84
15 83 15 30 34 48 52 80 81 83
8 78 8 41 57 78
6 82 6 31 56 64 82
58 76 58 68 69 76
8 58 8 28 35 39 58
1 81 1 13 26 28 37 52 80 81
5 35 5 6 16 35
42 59 42 51 59
15 31 15 22 31
26 78 26 28 41 57 78
10 84 10 17 20 55 84
15 71 15 30 34 59 64 71
13 35 13 28 35
5 51 5 6 37 51
21 35 21 26 28 35
5 37 5 6 37
19 87 19 62 72 87
11 89 11 59 89
12 81 12 37 51 80 81
15 37 15 26 28 37
8 64 8 9 20 56 64
43 67 43 44 55 67
11 59 11 59
25 40 25 40
12 59 12 37 59
21 74 21 26 28 35 39 58 68 74
28 69 28 35 39 58 68 69
52 83 52 80 81 83
3 72 3 30 44 55 58 67 72
37 80 37 51 80
36 75 36 37 48 75
16 71 16 29 48 52 71
8 69 8 41 49 69
14 33 14 25 33
31 83 31 43 44 79 83
35 58 35 39 58
13 65 13 28 35 39 65
18 43 18 22 31 43
34 80 34 48 52 80
29 83 29 48 75 80 81 83
7 51 7 14 28 37 51
0 80 0 13 29 48 75 80
12 66 12 66
0 52 0 10 30 48 52
11 59 11 59
15 31 15 22 31
12 69 12 44 55 58 68 69
8 51 8 28 37 51
2 89 2 33 51 59 89
12 83 12 29 48 75 80 81 83
26 37 26 28 37
52 83 52 80 81 83
21 42 21 26 42
57 87 57 72 87
16 48 16 29 48
11 76 11 68 69 76
12 45 12 45
7 55 7 43 44 55
80 81 80 81
26 78 26 28 41 57 78
1 25 1 7 14 25
15 51 15 26 42 51
53 80 53 80
6 43 6 31 43
47 75 47 75
10 84 10 17 20 55 84
15 77 15 26 28 35 39 58 77
8 75 8 28 37 48 75
8 56 8 9 20 56
9 68 9 20 40 68
15 51 15 26 42 51
36 76 36 37 76
17 39 17 20 39
26 49 26 28 41 49
34 88 34 79 88
0 20 0 20
43 67 43 44 55 67
25 59 25 33 51 59
8 89 8 28 35 39 58 77 89
5 43 5 6 31 43
15 31 15 22 31
37 69 37 49 69
5 44 5 6 31 43 44
23 69 23 37 49 69
12 71 12 45 64 71
24 84 24 27 44 55 84
9 74 9 20 56 74
8 40 8 9 20 40
25 69 25 40 68 69
26 57 26 28 41 57
55 86 55 58 67 72 86
15 89 15 22 31 43 44 84 89
31 71 31 56 64 71
23 73 23 37 51 67 73
70 81 70 81
17 58 17 58
6 49 6 37 49
14 76 14 25 33 49 69 76
52 89 52 77 89
51 87 51 67 72 87
23 66 23 66
26 86 26 42 51 86
1 44 1 7 43 44
11 71 11 59 64 71
28 60 28 41 50 60
33 67 33 51 67
25 69 25 35 39 58 68 69
0 73 0 13 28 37 51 67 73
18 82 18 22 34 59 64 82
16 71 16 29 48 52 71
43 86 43 52 64 86
10 69 10 24 27 44 55 58 68 69
14 70 14 28 41 70
8 68 8 28 68
8 35 8 28 35
12 27 12 24 27
51 82 51 59 64 82
31 87 31 43 87
10 76 10 30 44 55 58 68 69 76
8 35 8 28 35
17 86 17 33 49 72 86
0 17 0 10 17
30 34 30 34
30 44 30 44
4 84 4 30 44 84
24 87 24 27 44 55 58 67 72 87
29 52 29 48 52
2 80 2 33 51 80
0 75 0 13 29 48 75
6 43 6 31 43
27 82 27 44 55 58 67 82
12 75 12 37 48 75
15 80 15 26 42 51 80
30 64 30 34 59 64
13 40 13 20 40
28 72 28 35 39 58 67 72
0 72 0 10 30 44 55 67 72
0 49 0 10 17 33 49
17 87 17 33 62 72 87
43 71 43 52 71
14 37 14 28 37
4 30 4 30
8 88 8 9 20 39 58 67 72 88
2 58 2 9 20 39 58
48 64 48 52 64
8 55 8 9 20 55
0 34 0 10 30 34
31 83 31 43 52 80 81 83
31 67 31 43 44 55 58 67
3 71 3 37 48 52 71
15 56 15 22 31 56
23 73 23 37 51 67 73
24 55 24 27 44 55
21 48 21 26 28 37 48
70 82 70 82
17 59 17 33 51 59
3 89 3 37 77 89
21 35 21 26 28 35
7 76 7 14 28 37 49 69 76
14 80 14 25 33 51 80
27 68 27 44 55 58 68
13 41 13 26 28 41
2 69 2 23 49 69
51 87 51 67 72 87
0 52 0 10 30 34 48 52
2 87 2 23 49 72 87
22 52 22 34 48 52
45 64 45 64
18 44 18 22 31 43 44
21 26 21 26
9 84 9 20 55 84
2 74 2 56 74
14 60 14 28 41 50 60
30 76 30 44 55 58 68 69 76
43 72 43 44 55 58 67 72
15 31 15 22 31
20 55 20 55
13 67 13 20 39 58 67
24 87 24 27 44 55 58 67 72 87
23 48 23 37 48
26 58 26 28 35 39 58
44 76 44 55 58 68 69 76
0 30 0 10 30
9 77 9 20 39 58 77
21 87 21 58 67 72 87
18 86 18 20 56 64 86
6 89 6 31 43 52 77 89
28 75 28 37 48 75
7 59 7 14 34 59
14 42 14 42
14 42 14 42
75 83 75 80 81 83
52 82 52 71 82
12 71 12 29 48 52 64 71
70 82 70 82
16 29 16 29
36 49 36 37 49
15 58 15 30 44 55 58
2 33 2 33
10 86 10 17 58 67 72 86
44 74 44 55 58 68 74
10 84 10 17 20 55 84
35 58 35 39 58
15 49 15 26 28 41 49
4 75 4 30 34 48 75
33 83 33 51 80 81 83
23 88 23 49 72 88
85 88 85 88
29 48 29 48
8 56 8 9 20 56
41 63 41 57 63
44 73 44 55 58 67 73
14 62 14 25 62
58 87 58 67 72 87
29 88 29 48 88
9 74 9 20 40 68 74
52 77 52 77
37 73 37 51 67 73
6 65 6 16 35 39 65
15 64 15 30 34 59 64
4 77 4 23 37 52 77
11 89 11 59 89
15 89 15 26 28 77 89
6 89 6 37 77 89
2 49 2 33 49
29 64 29 48 52 64
5 56 5 6 31 56
6 44 6 31 43 44
16 29 16 29
58 76 58 68 69 76
22 56 22 31 56
36 83 36 81 83
10 62 10 17 33 62
44 83 44 79 83
15 39 15 26 28 35 39
22 43 22 43
22 81 22 43 52 80 81
27 84 27 44 79 84
31 86 31 43 52 64 86
59 89 59 89
27 83 27 44 79 83
33 87 33 49 72 87
31 73 31 43 44 55 58 67 73
2 58 2 9 20 39 58
48 89 48 52 77 89
5 59 5 6 16 35 59
26 72 26 42 62 72
6 35 6 16 35
17 39 17 20 39
17 83 17 33 51 80 81 83
64 71 64 71
22 89 22 43 44 84 89
8 83 8 41 70 81 83
51 87 51 67 72 87
14 84 14 34 79 84
5 79 5 79
15 65 15 26 28 41 63 65
18 48 18 22 34 48
33 88 33 51 67 72 88
19 86 19 43 44 55 67 72 86
12 55 12 24 27 44 55
27 79 27 44 79
39 82 39 58 67 82
2 80 2 33 51 80
22 81 22 31 43 52 80 81
26 86 26 42 51 67 72 86
20 55 20 55
1 32 1 2 23 32
27 82 27 44 55 58 67 82
39 68 39 58 68
0 40 0 13 20 40
4 81 4 70 81
5 29 5 6 16 29
35 71 35 59 64 71
5 76 5 6 37 76
58 67 58 67
21 60 21 26 28 41 50 60
31 68 31 68
0 80 0 13 29 48 75 80
53 89 53 84 89
37 80 37 51 80
11 59 11 59
7 77 7 14 34 48 52 77
7 35 7 14 28 35
4 23 4 23
41 50 41 50
7 78 7 57 78
28 89 28 37 48 52 77 89
30 79 30 44 79
3 88 3 27 88
3 56 3 9 20 56
5 84 5 6 31 43 44 84
30 44 30 44
1 62 1 7 14 25 62
0 75 0 10 30 34 48 75
44 83 44 79 83
5 82 5 64 82
6 64 6 31 56 64
43 83 43 44 79 83
34 77 34 48 52 77
1 84 1 7 43 44 84
28 89 28 35 59 89
14 69 14 28 68 69
0 34 0 10 30 34
11 82 11 59 64 82
56 64 56 64
27 69 27 44 55 58 68 69
33 83 33 51 80 81 83
27 76 27 44 55 58 68 69 76
34 71 34 48 52 71
37 72 37 51 67 72
22 59 22 34 59
13 40 13 20 40
34 88 34 79 88
4 84 4 30 44 55 84
75 80 75 80
24 76 24 27 44 55 58 68 69 76
28 81 28 37 48 75 80 81
3 56 3 9 20 56
35 69 35 39 58 68 69
29 71 29 48 52 71
13 42 13 26 42
28 89 28 77 89
0 20 0 10 17 20
36 75 36 37 48 75
27 84 27 44 55 84
13 73 13 28 35 39 58 67 73
0 79 0 10 24 27 44 79
4 81 4 30 34 48 52 80 81
43 88 43 44 55 67 72 88
33 72 33 49 72
58 73 58 67 73
34 80 34 48 52 80
33 80 33 51 80
48 64 48 52 64
2 56 2 56
22 81 22 34 48 52 80 81
48 86 48 52 64 86
3 27 3 27
9 84 9 20 55 84
37 82 37 51 67 82
7 57 7 57
64 71 64 71
15 79 15 22 43 44 79
18 67 18 20 55 58 67
15 64 15 22 43 52 64
15 80 15 26 28 37 51 80
0 72 0 27 44 55 58 67 72
7 85 7 14 25 85
27 84 27 79 84
15 49 15 26 28 37 49
41 72 41 49 72
22 72 22 31 43 44 55 67 72
36 83 36 81 83
41 50 41 50
26 70 26 28 41 70
33 51 33 51
17 64 17 20 56 64
5 44 5 6 31 43 44
25 74 25 35 39 58 68 74
14 50 14 28 41 50
2 62 2 33 62
48 75 48 75
75 83 75 80 81 83
2 48 2 23 37 48
55 89 55 58 77 89
30 34 30 34
36 51 36 37 51
44 86 44 55 67 72 86
37 82 37 52 64 71 82
28 57 28 41 57
0 40 0 10 17 20 40
56 64 56 64
14 42 14 42
33 78 33 78
31 79 31 43 44 79
26 87 26 28 41 57 72 87
10 64 10 30 48 52 64
0 76 0 13 68 69 76
3 76 3 37 76
12 44 12 44
31 72 31 43 44 55 58 67 72
6 49 6 37 49
25 68 25 35 39 58 68
55 86 55 67 72 86
1 26 1 13 26
39 87 39 87
55 69 55 58 68 69
10 69 10 30 44 55 58 68 69
4 88 4 23 37 48 88
26 67 26 42 51 67
12 84 12 24 27 79 84
9 71 9 20 56 64 71
18 81 18 22 34 48 52 80 81
13 78 13 26 28 41 57 78
12 52 12 29 48 52
18 44 18 22 31 43 44
1 2 1 2
31 87 31 43 44 55 58 67 72 87
1 87 1 39 58 67 72 87
13 35 13 26 28 35
29 83 29 48 52 80 81 83
1 35 1 7 14 28 35
30 76 30 44 55 58 68 69 76
33 71 33 51 59 64 71
18 89 18 22 43 52 77 89
4 77 4 23 37 48 52 77
5 68 5 6 31 68
49 76 49 69 76
19 86 19 43 52 64 86
19 82 19 82
3 75 3 37 48 75
3 51 3 37 51
14 82 14 34 59 64 82
6 87 6 37 51 67 72 87
4 30 4 30
29 64 29 48 52 64
0 87 0 20 55 67 72 87
37 75 37 48 75
26 52 26 28 37 52
3 30 3 30
6 16 6 16
8 50 8 41 50
12 27 12 24 27
11 82 11 59 64 71 82
4 44 4 30 44
17 33 17 33
16 71 16 35 59 64 71
43 77 43 52 77
41 63 41 57 63
27 83 27 44 79 83
16 29 16 29
36 83 36 81 83
7 60 7 14 28 41 50 60
6 59 6 37 59
47 83 47 80 81 83
4 49 4 49
5 37 5 6 37
18 20 18 20
1 68 1 2 9 20 55 58 68
16 39 16 35 39
57 72 57 72
15 80 15 26 42 51 80
20 55 20 55
5 44 5 6 31 43 44
2 73 2 23 37 51 67 73
14 50 14 28 41 50
57 72 57 72
36 60 36 50 60
34 59 34 59
2 58 2 9 20 39 58
18 78 18 20 40 78
75 80 75 80
21 42 21 26 42
14 39 14 28 35 39
26 80 26 28 37 52 80
22 73 22 43 44 55 67 73
0 89 0 10 17 58 77 89
2 56 2 56
7 59 7 14 28 37 59
57 78 57 78
31 87 31 43 87
70 82 70 82
26 68 26 28 35 39 58 68
37 86 37 52 64 86
8 55 8 9 20 55
1 76 1 49 69 76
7 62 7 62
4 34 4 30 34
31 86 31 43 52 64 86
26 50 26 28 41 50
1 40 1 13 20 40
36 52 36 37 52
1 62 1 13 26 42 62
9 56 9 20 56
7 38 7 14 25 38
25 79 25 79
6 59 6 16 35 59
21 67 21 58 67
67 72 67 72
5 59 5 6 37 51 59
28 63 28 41 63
22 73 22 43 44 55 58 67 73
5 37 5 6 37
8 89 8 28 77 89
51 82 51 59 64 71 82
3 72 3 30 44 55 67 72
22 72 22 43 44 55 67 72
0 30 0 10 30
5 59 5 6 16 35 59
14 60 14 28 41 50 60
41 88 41 57 72 88
47 83 47 75 80 81 83
27 72 27 44 55 58 67 72
42 62 42 62
16 65 16 35 39 65
9 56 9 20 56
1 29 1 13 29
15 89 15 30 48 52 77 89
10 73 10 30 44 55 67 73
43 67 43 44 55 67
18 86 18 20 56 64 86
9 67 9 20 39 58 67
33 61 33 61
18 86 18 59 64 86
10 61 10 17 33 61
29 80 29 48 52 80
11 59 11 59
34 71 34 48 52 71
15 49 15 26 28 41 49
58 73 58 67 73
29 48 29 48
1 32 1 2 23 32
12 24 12 24
33 61 33 61
1 61 1 7 14 25 33 61
39 87 39 58 67 72 87
29 64 29 48 52 64
6 16 6 16
8 72 8 28 35 39 58 67 72
14 48 14 34 48
0 74 0 27 44 55 58 68 74
21 50 21 26 28 41 50
19 81 19 43 52 80 81
43 58 43 44 55 58
7 51 7 14 28 37 51
3 89 3 27 79 84 89
3 51 3 37 51
23 88 23 49 72 88
37 86 37 59 64 86
33 61 33 61
16 88 16 29 48 88
3 74 3 30 44 55 58 68 74
0 44 0 27 44
30 84 30 44 84
33 87 33 51 67 72 87
13 67 13 28 37 51 67
22 74 22 43 44 55 58 68 74
19 56 19 56
0 79 0 27 79
3 55 3 30 44 55
29 77 29 48 52 77
17 39 17 20 39
22 84 22 43 44 84
7 87 7 14 42 62 72 87
31 56 31 56
24 87 24 27 44 55 67 72 87
51 86 51 59 64 86
24 68 24 27 44 55 58 68
0 29 0 13 29
16 59 16 35 59
33 87 33 49 72 87
68 69 68 69
30 64 30 48 52 64
16 58 16 35 39 58
45 89 45 77 89
19 81 19 43 52 80 81
10 76 10 24 27 44 55 58 68 69 76
14 60 14 28 41 50 60
22 79 22 43 44 79
17 87 17 20 55 58 67 72 87
2 32 2 23 32
18 73 18 22 31 43 44 55 58 67 73
12 75 12 75
18 76 18 22 43 44 55 58 68 69 76
30 34 30 34
6 65 6 16 35 39 65
4 34 4 30 34
5 68 5 6 31 68
51 80 51 80
31 81 31 43 52 80 81
55 69 55 58 68 69
22 74 22 43 44 55 58 68 74
1 76 1 39 76
34 80 34 48 52 80
19 44 19 43 44
1 61 1 7 14 25 33 61
7 48 7 14 28 37 48
27 68 27 44 55 58 68
62 72 62 72
24 67 24 27 44 55 67
66 78 66 78
55 67 55 67
24 55 24 27 44 55
48 80 48 75 80
18 43 18 22 31 43
27 82 27 44 55 58 67 82
4 49 4 49
28 57 28 41 57
53 89 53 84 89
20 55 20 55
3 30 3 30
43 55 43 44 55
22 77 22 31 43 52 77
26 87 26 42 51 67 72 87
0 76 0 20 40 68 69 76
28 57 28 41 57
6 82 6 71 82
1 76 1 37 49 76
26 48 26 28 37 48
1 40 1 13 20 40
63 65 63 65
14 78 14 25 33 78
52 81 52 80 81
1 84 1 13 20 55 84
8 56 8 9 20 56
51 67 51 67
36 75 36 37 48 75
25 84 25 79 84
2 73 2 9 20 73
26 68 26 28 35 39 58 68
22 84 22 34 79 84
1 26 1 13 26
41 49 41 49
5 35 5 6 16 35
5 49 5 6 37 49
14 72 14 25 62 72
17 61 17 33 61
40 69 40 68 69
28 75 28 37 48 75
44 74 44 55 58 68 74
7 43 7 43
13 50 13 28 41 50
15 51 15 26 28 37 51
6 48 6 37 48
9 76 9 20 55 58 68 69 76
5 37 5 6 37
28 57 28 41 57
5 35 5 6 16 35
15 62 15 26 42 62
13 52 13 28 37 52
15 68 15 30 44 55 58 68
28 49 28 41 49
8 50 8 28 41 50
33 78 33 78
24 44 24 27 44
30 81 30 48 52 80 81
44 79 44 79
36 48 36 37 48
4 51 4 23 37 51
44 79 44 79
4 44 4 30 44
14 48 14 34 48
12 82 12 29 48 52 64 82
3 51 3 37 51
41 72 41 49 72
2 23 2 23
2 55 2 9 20 55
25 67 25 35 39 58 67
1 63 1 7 57 63
19 67 19 43 44 55 58 67
37 73 37 51 67 73
22 59 22 34 59
48 86 48 52 64 86
25 69 25 35 39 58 68 69
21 60 21 26 28 41 50 60
27 83 27 44 79 83
34 71 34 59 64 71
14 62 14 42 62
44 79 44 79
44 74 44 55 58 68 74
1 25 1 7 14 25
67 72 67 72
0 81 0 10 48 52 80 81
35 72 35 39 58 67 72
36 77 36 37 48 52 77
31 72 31 43 44 55 67 72
14 37 14 28 37
34 81 34 48 75 80 81
4 32 4 23 32
33 83 33 51 80 81 83
4 30 4 30
3 72 3 9 20 39 58 67 72
13 73 13 26 28 35 39 58 67 73
45 89 45 77 89
43 71 43 52 71
15 34 15 22 34
13 35 13 28 35
17 61 17 33 61
66 78 66 78
0 89 0 20 39 58 77 89
53 80 53 80
3 72 3 27 44 55 58 67 72
58 67 58 67
3 89 3 38 89
1 42 1 13 26 42
10 75 10 30 34 48 75
10 64 10 48 52 64
27 58 27 44 55 58
19 81 19 43 52 80 81
30 68 30 44 55 58 68
44 76 44 55 58 68 69 76
6 44 6 31 43 44
10 77 10 30 34 48 52 77
3 51 3 37 51
5 49 5 6 37 49
5 51 5 6 37 51
7 51 7 14 28 37 51
25 74 25 40 68 74
8 67 8 9 20 55 58 67
8 56 8 9 20 56
45 60 45 50 60
75 80 75 80
14 42 14 42
21 83 21 42 51 80 81 83
29 48 29 48
28 49 28 41 49
7 60 7 14 28 41 50 60
44 88 44 55 67 72 88
48 88 48 75 88
43 71 43 52 64 71
18 81 18 22 34 48 52 80 81
17 59 17 33 51 59
26 87 26 28 41 49 72 87
10 52 10 48 52
9 77 9 20 39 58 77
4 44 4 30 44
75 81 75 80 81
2 77 2 9 20 55 58 77
3 51 3 37 51
44 88 44 79 88
5 87 5 6 31 43 44 55 58 67 72 87
2 64 2 9 20 56 64
0 28 0 13 28
64 71 64 71
14 74 14 28 35 39 58 68 74
2 77 2 23 66 77
18 44 18 22 43 44
45 71 45 64 71
29 48 29 48
22 81 22 43 52 80 81
9 77 9 20 55 58 77
15 42 15 26 42
14 39 14 28 35 39
15 35 15 26 28 35
8 55 8 9 20 55
1 79 1 7 14 25 79
2 77 2 9 20 39 58 77
47 83 47 75 80 81 83
13 73 13 26 28 35 39 58 67 73
26 86 26 42 51 59 64 86
3 44 3 27 44
6 49 6 37 49
11 89 11 59 89
16 65 16 35 39 65
10 61 10 17 33 61
85 88 85 88
0 35 0 13 26 28 35
22 67 22 43 44 55 67
23 66 23 66
14 40 14 25 40
35 73 35 39 58 67 73
15 73 15 30 44 55 58 67 73
9 88 9 62 72 88
24 68 24 27 44 55 58 68
18 20 18 20
6 89 6 16 35 39 58 77 89
26 69 26 28 41 49 69
5 87 5 72 87
11 71 11 59 64 71
5 49 5 6 37 49
0 73 0 20 39 58 67 73
18 76 18 20 39 76
12 84 12 24 27 79 84
54 83 54 81 83
23 66 23 66
15 83 15 26 28 41 70 81 83
0 73 0 20 73
0 55 0 27 44 55
7 38 7 14 25 38
54 83 54 81 83
26 68 26 28 68
45 71 45 64 71
49 69 49 69
0 50 0 13 28 41 50
1 58 1 7 14 25 35 39 58
17 59 17 33 51 59
12 49 12 37 49
20 67 20 55 58 67
36 50 36 50
37 82 37 52 64 82
38 89 38 89
44 69 44 55 58 68 69
17 56 17 20 56
37 48 37 48
25 40 25 40
55 89 55 58 77 89
58 67 58 67
8 89 8 28 35 59 89
1 40 1 7 14 25 40
55 86 55 67 72 86
48 64 48 52 64
1 61 1 7 14 25 33 61
15 57 15 26 28 41 57
42 81 42 51 80 81
14 48 14 28 37 48
58 77 58 77
49 88 49 72 88
0 73 0 20 73
28 71 28 37 48 52 71
4 23 4 23
33 73 33 51 67 73
36 60 36 50 60
8 64 8 9 20 56 64
15 73 15 30 44 55 58 67 73
37 69 37 49 69
0 76 0 27 44 55 58 68 69 76
48 86 48 52 64 86
3 44 3 27 44
34 64 34 59 64
13 70 13 26 28 41 70
18 82 18 20 39 58 67 82
12 52 12 37 52
20 58 20 55 58
28 71 28 37 51 59 64 71
16 59 16 35 59
0 28 0 13 28
16 67 16 35 39 58 67
14 83 14 42 51 80 81 83
71 82 71 82
2 58 2 9 20 55 58
12 51 12 37 51
19 82 19 43 52 64 82
21 77 21 26 28 35 39 58 77
24 87 24 27 44 55 58 67 72 87
0 87 0 13 26 42 51 67 72 87
0 82 0 20 56 82
0 81 0 13 28 37 51 80 81
18 67 18 20 39 58 67
26 82 26 28 37 51 67 82
14 78 14 25 33 78
12 60 12 60
75 80 75 80
12 58 12 44 55 58
48 81 48 75 80 81
34 75 34 48 75
15 73 15 30 44 55 67 73
1 29 1 13 29
18 67 18 20 55 67
6 48 6 37 48
13 87 13 28 35 39 58 67 72 87
19 81 19 43 52 80 81
16 88 16 35 39 58 67 72 88
15 64 15 26 28 37 59 64
33 81 33 51 80 81
33 71 33 51 59 64 71
26 62 26 42 62
13 42 13 26 42
3 52 3 37 52
21 83 21 26 28 37 51 80 81 83
33 72 33 49 72
6 87 6 37 72 87
7 55 7 43 44 55
1 38 1 7 14 25 38
41 81 41 70 81
19 86 19 56 64 86
33 59 33 51 59
3 68 3 27 44 55 58 68
29 71 29 48 52 64 71
75 83 75 80 81 83
20 69 20 40 68 69
26 57 26 28 41 57
21 81 21 26 42 51 80 81
1 75 1 13 26 28 37 48 75
18 86 18 59 64 86
31 77 31 43 44 55 58 77
41 50 41 50
22 74 22 31 56 74
38 89 38 89
19 56 19 56
45 89 45 77 89
12 55 12 44 55
34 88 34 79 88
36 77 36 37 52 77
20 74 20 56 74
6 31 6 31
6 82 6 31 56 82
5 87 5 72 87
8 37 8 28 37
20 55 20 55
20 74 20 55 58 68 74
12 69 12 24 27 44 55 58 68 69
1 68 1 2 9 20 55 58 68
36 77 36 37 52 77
55 86 55 58 67 72 86
8 72 8 62 72
20 56 20 56
13 82 13 26 28 41 50 82
6 65 6 16 35 39 65
20 67 20 55 67
5 37 5 6 37
3 67 3 37 51 67
0 71 0 13 28 35 59 64 71
28 68 28 68
14 82 14 34 48 52 64 71 82
70 81 70 81
29 83 29 48 75 80 81 83
1 44 1 7 43 44
22 67 22 31 43 44 55 67
21 67 21 26 42 51 67
43 73 43 44 55 67 73
58 67 58 67
3 27 3 27
22 82 22 43 44 55 58 67 82
2 33 2 33
6 81 6 37 51 80 81
14 42 14 42
44 68 44 55 58 68
27 68 27 44 55 58 68
25 68 25 40 68
21 50 21 26 28 41 50
14 72 14 42 62 72
31 73 31 43 44 55 67 73
17 86 17 58 67 72 86
8 67 8 9 20 39 58 67
17 73 17 58 67 73
26 68 26 28 68
12 66 12 66
6 16 6 16
14 40 14 25 40
34 75 34 48 75
25 67 25 33 51 67
5 37 5 6 37
18 31 18 22 31
33 59 33 51 59
0 89 0 10 17 33 51 59 89
37 69 37 49 69
10 83 10 17 33 51 80 81 83
42 71 42 51 59 64 71
29 80 29 48 75 80
37 76 37 76
37 71 37 59 64 71
58 76 58 68 69 76
4 81 4 70 81
2 86 2 9 20 56 64 86
26 76 26 28 35 39 76
26 87 26 42 51 67 72 87
19 87 19 43 44 55 58 67 72 87
2 84 2 9 20 55 84
22 89 22 31 43 44 55 58 77 89
42 59 42 51 59
1 50 1 13 26 28 41 50
2 74 2 9 20 55 58 68 74
27 76 27 44 55 58 68 69 76
26 37 26 28 37
48 89 48 52 77 89
25 59 25 35 59
33 88 33 49 72 88
1 76 1 39 76
43 77 43 52 77
64 71 64 71
30 81 30 48 52 80 81
26 57 26 28 41 57
33 67 33 51 67
20 55 20 55
4 32 4 23 32
8 78 8 28 41 57 78
5 83 5 79 83
36 76 36 37 49 76
31 67 31 43 44 55 67
17 64 17 33 51 59 64
17 87 17 58 67 72 87
15 89 15 22 43 52 77 89
14 35 14 25 35
16 48 16 29 48
64 71 64 71
22 67 22 43 44 55 67
26 86 26 42 51 59 64 86
22 89 22 34 59 89
51 86 51 67 72 86
26 48 26 28 37 48
0 17 0 10 17
8 58 8 28 35 39 58
0 72 0 27 44 55 58 67 72
37 81 37 52 80 81
15 49 15 26 28 37 49
14 48 14 34 48
10 64 10 30 48 52 64
28 49 28 37 49
14 87 14 28 87
7 80 7 43 52 80
37 71 37 52 71
2 56 2 9 20 56
58 86 58 67 72 86
21 42 21 42
7 62 7 62
29 75 29 48 75
33 81 33 51 80 81
7 35 7 14 25 35
62 72 62 72
14 84 14 25 79 84
36 51 36 37 51
26 57 26 28 41 57
14 67 14 25 33 51 67
9 40 9 20 40
16 39 16 35 39
62 72 62 72
53 84 53 84
3 56 3 9 20 56
36 52 36 37 52
10 83 10 30 34 48 75 80 81 83
14 87 14 25 35 39 58 67 72 87
8 68 8 9 20 55 58 68
8 67 8 9 20 55 58 67
9 67 9 20 39 58 67
3 51 3 37 51
6 89 6 37 59 89
13 68 13 20 40 68
18 73 18 20 73
6 48 6 16 29 48
16 39 16 35 39
43 71 43 52 64 71
7 87 7 14 28 35 39 87
11 76 11 68 69 76
15 69 15 26 28 41 49 69
13 68 13 26 28 35 39 58 68
23 66 23 66
44 76 44 55 58 68 69 76
33 61 33 61
7 87 7 57 72 87
48 88 48 88
2 81 2 33 51 80 81
27 72 27 44 55 67 72
0 52 0 10 48 52
12 55 12 44 55
19 44 19 43 44
15 62 15 26 42 62
42 80 42 51 80
1 32 1 2 23 32
70 81 70 81
44 88 44 79 88
5 82 5 64 71 82
47 83 47 80 81 83
1 61 1 7 14 25 33 61
33 59 33 51 59
7 57 7 57
7 77 7 43 44 55 58 77
3 89 3 9 20 39 58 77 89
37 48 37 48
0 29 0 13 29
18 43 18 22 43
4 51 4 23 37 51
55 73 55 58 67 73
13 57 13 26 28 41 57
6 82 6 71 82
2 87 2 9 20 39 87
34 80 34 48 75 80
44 69 44 55 58 68 69
7 60 7 14 28 41 50 60
1 79 1 7 43 44 79
22 59 22 34 59
13 78 13 20 40 78
22 73 22 31 43 44 55 58 67 73
6 35 6 16 35
22 81 22 34 48 75 80 81
18 73 18 22 31 43 44 55 58 67 73
43 74 43 44 55 58 68 74
26 89 26 28 37 48 52 77 89
16 59 16 35 59
6 55 6 31 43 44 55
70 82 70 82
27 73 27 44 55 67 73
25 74 25 35 39 58 68 74
6 16 6 16
16 48 16 29 48
25 88 25 79 88
3 74 3 30 44 55 58 68 74
28 60 28 41 50 60
4 82 4 82
23 59 23 37 59
3 37 3 37
1 41 1 7 14 28 41
26 50 26 28 41 50
51 87 51 67 72 87
13 35 13 28 35
8 40 8 9 20 40
51 82 51 59 64 82
37 71 37 48 52 64 71
17 62 17 33 62
19 64 19 56 64
55 89 55 84 89
14 74 14 25 40 68 74
10 65 10 17 20 39 65
4 32 4 23 32
3 30 3 30
26 41 26 28 41
22 74 22 43 44 55 58 68 74
15 71 15 30 48 52 64 71
0 34 0 10 30 34
26 50 26 28 41 50
34 59 34 59
12 81 12 75 80 81
31 67 31 43 44 55 58 67
28 89 28 35 59 89
71 82 71 82
6 59 6 16 35 59
11 86 11 59 64 86
35 88 35 39 58 67 72 88
5 37 5 6 37
14 48 14 34 48
20 58 20 39 58
15 68 15 26 28 35 39 58 68
29 83 29 48 52 80 81 83
33 67 33 51 67
18 65 18 20 39 65
30 81 30 48 75 80 81
7 80 7 43 52 80
55 89 55 58 77 89
8 80 8 28 37 48 75 80
25 69 25 40 68 69
70 82 70 82
29 88 29 48 75 88
4 81 4 30 48 75 80 81
14 81 14 42 51 80 81
23 73 23 37 51 67 73
29 77 29 48 52 77
38 89 38 89
25 88 25 35 39 58 67 72 88
12 44 12 24 27 44
33 78 33 78
43 82 43 52 71 82
23 66 23 66
9 77 9 20 55 58 77
1 76 1 2 33 49 76
0 55 0 20 55
9 56 9 20 56
1 74 1 13 68 74
15 49 15 26 28 37 49
28 49 28 41 49
14 39 14 25 35 39
17 72 17 33 49 72
77 89 77 89
14 33 14 25 33
11 89 11 59 89
9 64 9 20 56 64
13 67 13 20 39 58 67
6 65 6 16 35 39 65
2 80 2 23 37 48 52 80
45 71 45 64 71
12 69 12 37 49 69
58 87 58 67 72 87
17 80 17 33 51 80
29 77 29 48 52 77
31 84 31 43 44 79 84
25 83 25 79 83
1 68 1 7 43 44 55 58 68
0 56 0 13 20 56
26 70 26 28 41 70
18 89 18 59 89
15 39 15 26 28 35 39
9 76 9 20 39 58 68 69 76
3 88 3 9 20 88
30 68 30 44 55 58 68
9 84 9 20 55 84
21 62 21 42 62
18 20 18 20
0 79 0 10 30 34 79
2 84 2 9 20 55 84
14 62 14 42 62
2 87 2 9 20 39 58 67 72 87
41 76 41 49 76
55 89 55 84 89
26 76 26 28 37 49 69 76
34 52 34 48 52
3 71 3 9 20 56 64 71
2 66 2 23 66
44 68 44 55 58 68
13 57 13 26 28 41 57
13 26 13 26
6 31 6 31
42 71 42 51 59 64 71
23 66 23 66
16 80 16 29 48 52 80
27 72 27 44 55 58 67 72
3 74 3 30 44 55 58 68 74
30 64 30 34 59 64
0 72 0 27 44 55 67 72
52 81 52 80 81
1 26 1 13 26
37 71 37 48 52 71
43 64 43 52 64
1 62 1 2 33 62
6 44 6 31 43 44
8 69 8 40 68 69
25 69 25 33 49 69
19 38 19 38
41 57 41 57
3 78 3 27 78
15 83 15 22 43 44 79 83
4 88 4 23 37 48 75 88
3 44 3 30 44
21 81 21 26 28 37 52 80 81
18 76 18 76
36 51 36 37 51
44 73 44 55 67 73
24 87 24 27 44 55 67 72 87
25 83 25 33 51 80 81 83
51 71 51 59 64 71
17 60 17 60
43 82 43 52 64 71 82
2 66 2 23 66
36 69 36 37 49 69
35 88 35 39 58 67 72 88
14 48 14 34 48
14 39 14 28 35 39
27 72 27 44 55 67 72
10 84 10 24 27 44 79 84
51 87 51 67 72 87
85 88 85 88
13 35 13 28 35
15 30 15 30
37 48 37 48
5 68 5 6 16 35 39 58 68
36 76 36 37 49 69 76
29 80 29 48 75 80
2 87 2 9 20 39 87
14 74 14 25 40 68 74
14 82 14 42 51 59 64 82
17 73 17 33 51 67 73
29 80 29 48 75 80
1 61 1 2 33 61
39 76 39 76
39 73 39 58 67 73
58 73 58 67 73
1 63 1 7 14 25 63
3 68 3 27 44 55 58 68
0 63 0 13 28 41 63
10 65 10 17 20 39 65
17 39 17 20 39
0 76 0 27 44 55 58 68 69 76
13 62 13 26 42 62
0 20 0 10 17 20
13 87 13 28 37 72 87
17 86 17 33 49 72 86
1 41 1 7 14 28 41
29 77 29 48 52 77
23 88 23 37 51 67 72 88
10 83 10 17 70 81 83
43 88 43 44 55 67 72 88
15 39 15 26 28 35 39
26 82 26 42 51 67 82
19 44 19 43 44
15 59 15 22 34 59
24 44 24 27 44
6 83 6 16 29 48 75 80 81 83
28 69 28 41 49 69
49 76 49 76
2 81 2 33 51 80 81
22 52 22 31 43 52
26 80 26 28 37 51 80
16 52 16 29 48 52
33 71 33 51 59 64 71
51 86 51 59 64 86
1 81 1 2 23 37 52 80 81
1 40 1 7 14 25 40
36 83 36 37 51 80 81 83
10 60 10 17 60
10 75 10 48 75
58 76 58 68 69 76
34 81 34 48 75 80 81
26 87 26 28 37 72 87
36 83 36 81 83
10 49 10 17 33 49
7 76 7 43 44 55 58 68 69 76
1 28 1 13 28
15 65 15 26 28 35 39 65
8 69 8 41 49 69
10 76 10 17 58 68 69 76
56 64 56 64
64 71 64 71
29 52 29 48 52
1 75 1 37 48 75
12 88 12 72 88
13 41 13 28 41
51 80 51 80
37 48 37 48
48 88 48 88
21 60 21 26 28 41 50 60
33 61 33 61
36 69 36 37 49 69
36 87 36 37 51 67 72 87
28 78 28 41 57 78
13 87 13 20 55 58 67 72 87
15 31 15 22 31
29 82 29 48 52 64 71 82
8 64 8 9 20 56 64
10 52 10 30 34 48 52
27 89 27 44 84 89
6 59 6 16 35 59
5 76 5 6 16 35 39 76
8 88 8 9 20 39 58 67 72 88
27 82 27 44 55 58 67 82
28 89 28 37 59 89
34 77 34 48 52 77
31 68 31 43 44 55 58 68
52 82 52 71 82
2 81 2 23 37 48 52 80 81
0 13 0 13
31 77 31 43 44 55 58 77
9 77 9 20 55 58 77
26 80 26 28 37 48 75 80
25 51 25 33 51
43 88 43 44 55 58 67 72 88
8 37 8 28 37
58 82 58 67 82
31 81 31 43 52 80 81
12 49 12 37 49
53 84 53 84
15 42 15 26 42
26 58 26 28 35 39 58
77 89 77 89
7 61 7 14 25 33 61
43 58 43 44 55 58
3 72 3 27 44 55 67 72
36 60 36 50 60
12 88 12 37 51 67 72 88
33 61 33 61
4 88 4 30 44 79 88
31 68 31 68
28 65 28 41 63 65
28 81 28 37 52 80 81
21 50 21 26 28 41 50
3 65 3 9 20 39 65
3 68 3 30 44 55 58 68
4 82 4 82
12 44 12 24 27 44
35 69 35 39 58 68 69
24 67 24 27 44 55 58 67
3 56 3 9 20 56
23 59 23 37 59
1 58 1 7 43 44 55 58
18 82 18 22 34 59 64 71 82
33 73 33 51 67 73
28 89 28 35 59 89
26 78 26 28 41 57 78
8 83 8 41 70 81 83
28 59 28 37 59
17 59 17 33 51 59
12 81 12 37 52 80 81
14 80 14 34 48 52 80
30 64 30 34 59 64
30 84 30 34 79 84
0 40 0 20 40
9 84 9 20 55 84
75 80 75 80
36 50 36 50
26 67 26 28 35 39 58 67
3 67 3 30 44 55 58 67
26 82 26 42 51 67 82
14 33 14 25 33
8 37 8 28 37
55 67 55 67
7 85 7 14 25 85
6 81 6 16 29 48 52 80 81
14 70 14 28 41 70
8 57 8 28 41 57
22 82 22 43 52 71 82
33 80 33 51 80
2 73 2 23 37 51 67 73
18 89 18 20 39 58 77 89
1 35 1 13 28 35
1 50 1 7 14 28 41 50
31 86 31 56 64 86
42 59 42 51 59
12 29 12 29
2 58 2 9 20 39 58
20 56 20 56
48 75 48 75
34 75 34 48 75
6 65 6 16 35 39 65
12 59 12 37 59
13 57 13 28 41 57
2 32 2 23 32
20 74 20 40 68 74
37 76 37 76
17 73 17 58 67 73
25 51 25 33 51
8 52 8 28 37 48 52
10 49 10 17 33 49
7 59 7 14 28 35 59
22 59 22 34 59
10 68 10 30 44 55 58 68
21 73 21 58 67 73
16 88 16 35 39 58 67 72 88
12 69 12 24 27 44 55 58 68 69
4 82 4 30 34 59 64 71 82
55 69 55 58 68 69
0 71 0 45 64 71
13 78 13 28 41 57 78
3 88 3 30 44 79 88
19 56 19 56
8 88 8 41 49 72 88
20 69 20 55 58 68 69
21 60 21 26 28 41 50 60
70 82 70 82
25 83 25 79 83
8 64 8 28 37 51 59 64
1 72 1 7 43 44 55 58 67 72
14 80 14 34 48 75 80
3 56 3 9 20 56
17 76 17 20 55 58 68 69 76
3 37 3 37
3 55 3 9 20 55
10 69 10 24 27 44 55 58 68 69
10 86 10 30 48 52 64 86
18 65 18 20 39 65
0 71 0 13 26 28 37 51 59 64 71
1 38 1 7 14 25 38
23 88 23 37 72 88
33 71 33 51 59 64 71
52 77 52 77
43 86 43 44 55 58 67 72 86
6 75 6 37 48 75
34 88 34 48 75 88
14 50 14 28 41 50
26 78 26 28 41 57 78
30 34 30 34
1 42 1 7 14 42
25 76 25 35 39 58 68 69 76
37 69 37 49 69
52 82 52 64 82
67 73 67 73
26 57 26 28 41 57
14 89 14 42 51 59 89
43 72 43 44 55 58 67 72
4 88 4 23 49 72 88
13 35 13 28 35
36 51 36 37 51
1 42 1 7 14 42
13 87 13 28 87
55 67 55 58 67
20 74 20 55 58 68 74
3 38 3 38
19 87 19 62 72 87
39 87 39 58 67 72 87
26 76 26 28 41 76
0 81 0 10 17 70 81
19 64 19 56 64
31 81 31 43 52 80 81
0 28 0 13 26 28
26 86 26 28 35 59 64 86
12 24 12 24
5 87 5 72 87
6 48 6 16 29 48
8 57 8 28 41 57
25 67 25 35 39 58 67
17 56 17 20 56
48 89 48 52 77 89
26 57 26 28 41 57
24 84 24 27 44 79 84
13 50 13 28 41 50
8 83 8 41 70 81 83
22 73 22 43 44 55 58 67 73
21 86 21 58 67 72 86
18 78 18 20 40 78
14 58 14 28 35 39 58
28 89 28 37 52 77 89
34 75 34 48 75
5 84 5 6 31 43 44 55 84
5 83 5 75 80 81 83
42 59 42 51 59
0 72 0 20 55 58 67 72
33 81 33 51 80 81
12 69 12 37 49 69
5 83 5 6 37 52 80 81 83
43 77 43 44 55 58 77
4 32 4 23 32
20 74 20 55 58 68 74
5 51 5 6 37 51
1 42 1 13 26 42
7 74 7 14 28 35 39 58 68 74
2 62 2 33 62
44 88 44 55 58 67 72 88
9 68 9 20 40 68
26 70 26 28 41 70
7 38 7 14 25 38
4 81 4 70 81
43 83 43 52 80 81 83
28 75 28 37 48 75
33 71 33 51 59 64 71
28 72 28 37 72
45 60 45 50 60
38 89 38 89
0 89 0 13 28 77 89
6 16 6 16
43 82 43 44 55 58 67 82
22 34 22 34
28 71 28 35 59 64 71
0 28 0 13 26 28
21 62 21 26 42 62
19 67 19 43 44 55 67
64 71 64 71
6 43 6 31 43
21 77 21 58 77
55 84 55 84
1 50 1 13 26 28 41 50
4 44 4 30 44
36 60 36 50 60
12 83 12 29 48 52 80 81 83
0 29 0 13 29
8 68 8 28 68
27 76 27 44 55 58 68 69 76
6 16 6 16
13 89 13 20 39 58 77 89
3 71 3 37 59 64 71
17 33 17 33
4 23 4 23
25 85 25 85
58 73 58 67 73
10 72 10 30 44 55 58 67 72
25 88 25 85 88
19 73 19 43 44 55 58 67 73
24 87 24 27 44 55 58 67 72 87
9 68 9 20 55 58 68
3 81 3 30 34 48 52 80 81
41 72 41 49 72
47 83 47 75 80 81 83
7 35 7 14 28 35
12 27 12 24 27
0 75 0 10 48 75
6 75 6 16 29 48 75
35 69 35 39 58 68 69
30 81 30 48 75 80 81
27 84 27 79 84
0 13 0 13
13 86 13 26 28 35 39 58 67 72 86
49 87 49 72 87
29 83 29 48 52 80 81 83
16 89 16 29 48 52 77 89
39 73 39 58 67 73
18 31 18 22 31
12 82 12 45 64 82
3 75 3 30 34 48 75
4 51 4 23 37 51
21 26 21 26
9 77 9 20 39 58 77
43 68 43 44 55 58 68
19 89 19 43 44 84 89
18 20 18 20
0 29 0 13 29
12 75 12 29 48 75
26 50 26 28 41 50
25 74 25 35 39 58 68 74
14 81 14 34 48 52 80 81
10 65 10 17 20 39 65
30 44 30 44
10 49 10 17 33 49
48 83 48 75 80 81 83
9 88 9 20 55 58 67 72 88
4 23 4 23
30 67 30 44 55 67
6 44 6 31 43 44
7 80 7 14 34 48 52 80
58 86 58 67 72 86
6 64 6 37 48 52 64
25 87 25 35 39 87
15 35 15 26 28 35
0 82 0 27 44 55 58 67 82
12 24 12 24
66 78 66 78
13 78 13 28 41 57 78
0 20 0 10 17 20
75 83 75 80 81 83
10 49 10 17 33 49
10 60 10 17 60
27 89 27 79 84 89
57 87 57 72 87
34 77 34 48 52 77
17 76 17 33 49 69 76
2 74 2 56 74
10 73 10 24 27 44 55 58 67 73
18 82 18 59 64 82
48 80 48 52 80
10 65 10 17 20 39 65
33 87 33 62 72 87
33 81 33 51 80 81
19 76 19 69 76
30 84 30 34 79 84
56 64 56 64
22 64 22 43 52 64
36 49 36 37 49
13 73 13 20 73
25 40 25 40
31 79 31 43 44 79
9 20 9 20
52 81 52 80 81
5 56 5 6 31 56
2 55 2 9 20 55
21 86 21 58 67 72 86
15 51 15 26 28 37 51
7 77 7 14 34 48 52 77
30 81 30 48 75 80 81
7 51 7 14 25 33 51
35 39 35 39
24 83 24 83
9 39 9 20 39
44 86 44 55 67 72 86
4 66 4 23 66
52 82 52 64 82
30 82 30 48 75 82
40 69 40 68 69
36 49 36 37 49
75 80 75 80
10 76 10 17 33 49 76
42 81 42 51 80 81
22 67 22 31 43 44 55 58 67
7 74 7 43 44 55 58 68 74
0 28 0 13 28
33 59 33 51 59
4 30 4 30
14 82 14 42 51 59 64 71 82
7 35 7 14 28 35
34 59 34 59
2 86 2 33 51 59 64 86
29 71 29 48 52 64 71
25 81 25 33 51 80 81
10 76 10 17 20 39 58 68 69 76
25 83 25 79 83
55 58 55 58
23 48 23 37 48
2 49 2 33 49
26 52 26 28 37 52
23 59 23 37 51 59
22 82 22 43 52 71 82
27 89 27 44 79 84 89
17 33 17 33
2 74 2 56 74
55 84 55 84
17 84 17 20 55 84
9 86 9 20 56 64 86
3 37 3 37
9 40 9 20 40
0 76 0 20 40 68 69 76
10 60 10 17 60
0 72 0 20 39 58 67 72
35 73 35 39 58 67 73
12 58 12 24 27 44 55 58
31 84 31 43 44 55 84
72 87 72 87
5 83 5 52 80 81 83
17 56 17 20 56
39 87 39 58 67 72 87
29 71 29 48 52 71
25 74 25 35 39 58 68 74
2 62 2 33 62
72 87 72 87
26 68 26 28 68
7 68 7 43 44 55 58 68
52 77 52 77
3 76 3 27 44 55 58 68 69 76
28 39 28 35 39
8 52 8 28 37 52
8 68 8 9 20 40 68
39 68 39 58 68
4 75 4 23 37 48 75
28 81 28 41 70 81
2 82 2 23 37 48 75 82
2 66 2 23 66
29 64 29 48 52 64
26 89 26 42 51 59 89
27 58 27 44 55 58
3 76 3 37 76
15 64 15 26 42 51 59 64
18 20 18 20
21 26 21 26
30 64 30 48 52 64
21 26 21 26
16 39 16 35 39
3 68 3 9 20 39 58 68
37 80 37 48 75 80
9 88 9 20 88
5 87 5 72 87
43 88 43 44 79 88
44 73 44 55 58 67 73
3 65 3 38 65
22 82 22 34 48 75 82
8 69 8 40 68 69
31 73 31 43 44 55 58 67 73
16 89 16 35 59 89
26 89 26 28 77 89
37 73 37 51 67 73
34 64 34 48 52 64
42 71 42 51 59 64 71
39 68 39 58 68
3 52 3 37 52
27 83 27 79 83
5 84 5 79 84
3 58 3 30 44 55 58
3 74 3 9 20 39 58 68 74
52 82 52 71 82
43 68 43 44 55 58 68
44 79 44 79
4 44 4 30 44
7 87 7 62 72 87
12 72 12 72
52 82 52 64 82
15 49 15 26 28 37 49
8 75 8 28 37 48 75
43 86 43 52 64 86
8 69 8 41 49 69
7 74 7 14 25 40 68 74
31 79 31 43 44 79
30 81 30 34 48 75 80 81
1 41 1 13 26 28 41
14 60 14 28 41 50 60
36 50 36 50
5 56 5 6 31 56
2 87 2 9 20 55 58 67 72 87
57 72 57 72
19 56 19 56
9 84 9 20 55 84
22 52 22 34 48 52
8 64 8 9 20 56 64
37 86 37 48 52 64 86
43 71 43 52 71
6 31 6 31
3 37 3 37
12 24 12 24
43 77 43 44 55 58 77
41 60 41 50 60
2 68 2 9 20 40 68
53 80 53 80
4 81 4 70 81
7 60 7 14 28 41 50 60
2 87 2 9 20 39 87
14 67 14 25 33 51 67
48 88 48 75 88
9 64 9 20 56 64
41 50 41 50
42 81 42 51 80 81
14 87 14 42 62 72 87
1 26 1 13 26
28 59 28 37 51 59
22 59 22 34 59
2 48 2 23 37 48
14 35 14 28 35
7 38 7 14 25 38
9 84 9 20 55 84
0 55 0 20 55
37 73 37 51 67 73
13 86 13 28 41 49 72 86
7 80 7 43 52 80
12 71 12 37 52 71
1 75 1 13 29 48 75
30 84 30 44 55 84
33 72 33 62 72
57 72 57 72
30 68 30 44 55 58 68
55 84 55 84
13 73 13 26 73
12 55 12 44 55
1 74 1 7 14 28 35 39 58 68 74
58 76 58 68 69 76
52 81 52 80 81
2 89 2 9 20 39 58 77 89
21 74 21 26 28 35 39 58 68 74
20 56 20 56
19 86 19 62 72 86
16 88 16 35 39 58 67 72 88
17 60 17 60
15 51 15 26 28 37 51
0 63 0 13 26 28 41 57 63
18 73 18 20 55 67 73
47 75 47 75
68 69 68 69
58 86 58 67 72 86
14 69 14 25 35 39 58 68 69
16 29 16 29
45 89 45 77 89
1 74 1 13 74
45 89 45 77 89
12 71 12 24 71
6 49 6 37 49
41 63 41 57 63
63 65 63 65
9 74 9 20 56 74
11 76 11 68 69 76
71 82 71 82
1 56 1 13 20 56
44 86 44 55 67 72 86
13 50 13 26 28 41 50
15 64 15 26 28 35 59 64
26 42 26 42
12 52 12 37 48 52
15 89 15 30 44 55 58 77 89
21 86 21 26 42 62 72 86
53 89 53 84 89
7 51 7 14 25 33 51
14 89 14 25 35 59 89
7 38 7 14 25 38
0 73 0 20 39 58 67 73
45 60 45 50 60
15 73 15 22 31 43 44 55 58 67 73
15 83 15 30 34 79 83
13 89 13 84 89
37 86 37 59 64 86
49 88 49 72 88
40 69 40 68 69
2 33 2 33
14 67 14 25 35 39 58 67
26 58 26 28 35 39 58
7 62 7 14 42 62
35 73 35 39 58 67 73
51 71 51 59 64 71
27 83 27 44 79 83
30 67 30 44 55 67
48 89 48 52 77 89
14 67 14 25 33 51 67
13 82 13 20 55 67 82
15 77 15 26 28 35 39 58 77
10 68 10 24 27 44 55 58 68
33 80 33 51 80
9 64 9 20 56 64
28 68 28 68
24 78 24 27 78
11 76 11 68 69 76
8 68 8 9 20 39 58 68
19 67 19 43 44 55 67
2 74 2 9 20 55 58 68 74
3 55 3 9 20 55
33 59 33 51 59
12 59 12 37 51 59
49 69 49 69
0 87 0 27 44 55 67 72 87
25 87 25 33 49 72 87
0 81 0 13 26 42 51 80 81
15 59 15 22 34 59
3 38 3 38
8 74 8 40 68 74
36 49 36 37 49
6 31 6 31
5 29 5 6 16 29
25 87 25 62 72 87
51 87 51 67 72 87
58 73 58 67 73
31 71 31 43 52 64 71
19 76 19 69 76
1 35 1 13 26 28 35
31 67 31 43 44 55 58 67
13 52 13 26 28 37 52
9 88 9 62 72 88
30 64 30 34 48 52 64
3 58 3 9 20 39 58
18 81 18 22 34 48 52 80 81
3 73 3 30 44 55 67 73
18 82 18 22 43 44 55 58 67 82
21 83 21 26 28 41 70 81 83
2 48 2 23 37 48
1 72 1 49 72
26 87 26 42 51 67 72 87
51 86 51 59 64 86
53 84 53 84
36 76 36 37 76
44 88 44 79 88
3 27 3 27
4 77 4 30 48 52 77
36 77 36 37 52 77
2 64 2 23 37 51 59 64
1 58 1 39 58
20 84 20 55 84
5 76 5 6 31 43 44 55 58 68 69 76
14 87 14 42 62 72 87
43 87 43 44 55 67 72 87
31 71 31 43 52 71
9 84 9 20 55 84
66 78 66 78
18 48 18 22 34 48
15 49 15 26 28 41 49
26 50 26 28 41 50
49 69 49 69
39 68 39 58 68
9 20 9 20
1 40 1 2 9 20 40
14 81 14 34 48 75 80 81
16 71 16 35 59 64 71
7 57 7 57
30 34 30 34
8 72 8 62 72
14 83 14 25 79 83
12 71 12 45 64 71
22 77 22 31 43 44 55 58 77
11 74 11 68 74
5 56 5 6 31 56
34 48 34 48
3 58 3 9 20 39 58
3 78 3 27 78
20 67 20 39 58 67
58 76 58 68 69 76
23 73 23 37 51 67 73
30 82 30 44 55 58 67 82
24 55 24 27 44 55
0 20 0 10 17 20
40 69 40 68 69
45 89 45 77 89
25 76 25 33 49 76
2 55 2 9 20 55
11 74 11 68 74
12 51 12 37 51
54 81 54 81
10 73 10 17 33 51 67 73
29 83 29 48 75 80 81 83
2 64 2 56 64
6 81 6 37 51 80 81
27 73 27 44 55 67 73
16 52 16 29 48 52
0 35 0 13 28 35
58 86 58 67 72 86
17 64 17 20 56 64
27 76 27 44 55 58 68 69 76
28 69 28 68 69
7 78 7 14 28 41 57 78
26 42 26 42
22 67 22 31 43 44 55 58 67
36 49 36 37 49
51 71 51 59 64 71
7 83 7 14 42 51 80 81 83
31 87 31 43 87
21 50 21 26 28 41 50
41 49 41 49
33 73 33 51 67 73
34 77 34 48 52 77
5 76 5 6 16 35 39 76
0 50 0 45 50
22 73 22 31 43 44 55 58 67 73
21 77 21 26 28 35 39 58 77
5 83 5 6 16 29 48 52 80 81 83
27 89 27 44 79 84 89
31 73 31 43 44 55 58 67 73
13 50 13 26 28 41 50
25 59 25 35 59
51 83 51 80 81 83
8 88 8 28 37 51 67 72 88
37 86 37 59 64 86
43 86 43 52 64 86
7 72 7 14 25 33 62 72
18 68 18 20 39 58 68
2 58 2 9 20 55 58
5 49 5 6 37 49
25 88 25 35 39 58 67 72 88
44 83 44 79 83
15 68 15 26 28 35 39 58 68
39 82 39 58 67 82
14 72 14 28 35 39 58 67 72
24 44 24 27 44
31 79 31 43 44 79
17 84 17 20 55 84
42 62 42 62
31 83 31 43 44 79 83
28 81 28 37 48 75 80 81
15 71 15 26 28 64 71
21 50 21 26 28 41 50
21 48 21 26 28 37 48
17 59 17 33 51 59
39 76 39 76
2 81 2 33 51 80 81
10 73 10 17 58 67 73
18 89 18 22 43 44 55 58 77 89
10 68 10 17 20 55 58 68
63 65 63 65
8 40 8 9 20 40
26 68 26 28 35 39 58 68
19 73 19 43 44 55 67 73
8 88 8 41 57 72 88
41 57 41 57
29 48 29 48
22 72 22 43 44 55 58 67 72
54 83 54 81 83
0 82 0 13 20 55 67 82
12 72 12 24 27 44 55 58 67 72
18 76 18 22 31 68 69 76
25 83 25 79 83
0 50 0 13 28 41 50
21 74 21 26 28 35 39 58 68 74
7 77 7 14 34 48 52 77
19 89 19 43 44 79 84 89
25 88 25 79 88
36 75 36 37 48 75
18 81 18 22 34 48 52 80 81
12 75 12 29 48 75
17 76 17 58 68 69 76
18 20 18 20
42 59 42 51 59
16 80 16 29 48 52 80
45 60 45 50 60
11 82 11 59 64 71 82
18 55 18 20 55
36 49 36 37 49
31 77 31 43 44 55 58 77
16 80 16 29 48 52 80
21 62 21 26 42 62
0 75 0 13 26 28 37 48 75
18 44 18 22 43 44
72 87 72 87
43 86 43 44 55 67 72 86
15 34 15 22 34
3 72 3 9 20 55 67 72
15 89 15 22 31 43 44 79 84 89
15 69 15 26 28 35 39 58 68 69
14 83 14 28 37 51 80 81 83
4 51 4 23 37 51
1 84 1 2 9 20 55 84
26 82 26 42 51 59 64 82
14 87 14 42 51 67 72 87
25 84 25 79 84
19 44 19 43 44
3 75 3 30 34 48 75
16 67 16 35 39 58 67
40 74 40 68 74
28 59 28 37 59
4 32 4 23 32
31 71 31 56 64 71
8 37 8 28 37
8 40 8 40
21 83 21 26 28 41 70 81 83
31 86 31 43 44 55 67 72 86
6 73 6 16 35 39 58 67 73
3 73 3 9 20 39 58 67 73
18 73 18 22 43 44 55 67 73
22 43 22 43
26 68 26 28 68
3 38 3 38
36 69 36 37 49 69
20 67 20 55 67
30 44 30 44
43 88 43 44 79 88
13 35 13 28 35
39 77 39 58 77
29 75 29 48 75
41 50 41 50
28 59 28 35 59
14 80 14 42 51 80
37 80 37 51 80
25 68 25 35 39 58 68
16 88 16 29 48 88
12 58 12 44 55 58
35 69 35 39 58 68 69
31 72 31 43 44 55 67 72
25 85 25 85
12 83 12 44 79 83
10 84 10 30 44 55 84
16 65 16 35 39 65
17 87 17 33 51 67 72 87
8 89 8 9 20 39 58 77 89
10 84 10 17 20 55 84
41 72 41 57 72
26 52 26 28 37 52
20 84 20 55 84
18 82 18 22 43 52 64 71 82
5 29 5 6 16 29
2 49 2 23 37 49
25 59 25 35 59
14 42 14 42
3 55 3 30 44 55
35 72 35 39 58 67 72
8 83 8 28 37 48 75 80 81 83
2 81 2 23 37 52 80 81
2 56 2 56
44 88 44 55 58 67 72 88
36 87 36 37 49 72 87
0 56 0 20 56
24 67 24 27 44 55 58 67
10 64 10 48 52 64
3 72 3 9 62 72
5 84 5 79 84
1 62 1 7 62
8 69 8 28 37 49 69
43 87 43 44 55 58 67 72 87
2 74 2 56 74
0 50 0 45 50
29 77 29 48 52 77
1 68 1 2 9 20 55 58 68
29 80 29 48 52 80
37 81 37 52 80 81
22 77 22 34 48 52 77
41 60 41 50 60
21 62 21 26 42 62
34 81 34 48 75 80 81
19 67 19 43 44 55 58 67
59 89 59 89
37 73 37 51 67 73
35 73 35 39 58 67 73
12 75 12 75
12 58 12 44 55 58
43 83 43 52 80 81 83
1 76 1 39 76
17 61 17 33 61
7 85 7 14 25 85
37 81 37 52 80 81
1 51 1 2 33 51
6 35 6 16 35
1 32 1 2 23 32
10 76 10 17 20 55 58 68 69 76
8 50 8 41 50
0 30 0 10 30
3 73 3 27 44 55 67 73
36 77 36 37 52 77
18 43 18 22 43
20 82 20 39 58 67 82
2 68 2 9 20 39 58 68
19 67 19 43 44 55 58 67
15 35 15 26 28 35
57 78 57 78
25 51 25 33 51
26 37 26 28 37
21 62 21 26 42 62
35 73 35 39 58 67 73
6 75 6 16 29 48 75
21 39 21 26 28 35 39
1 40 1 7 14 25 40
36 60 36 50 60
7 68 7 14 25 35 39 58 68
21 73 21 42 51 67 73
45 71 45 64 71
18 43 18 22 31 43
44 86 44 55 67 72 86
17 72 17 33 49 72
53 80 53 80
43 55 43 44 55
8 72 8 62 72
24 55 24 27 44 55
25 51 25 33 51
10 86 10 24 27 44 55 67 72 86
8 57 8 28 41 57
43 64 43 52 64
31 73 31 43 44 55 67 73
21 74 21 58 68 74
1 26 1 13 26
2 86 2 23 37 59 64 86
10 86 10 48 52 64 86
9 56 9 20 56
8 80 8 28 37 52 80
15 73 15 22 31 43 44 55 67 73
14 72 14 28 41 49 72
18 68 18 20 39 58 68
24 83 24 27 79 83
1 62 1 7 14 42 62
22 89 22 34 59 89
41 49 41 49
7 48 7 14 34 48
0 35 0 13 26 28 35
1 56 1 13 20 56
8 73 8 9 20 55 67 73
22 79 22 34 79
13 78 13 20 40 78
13 67 13 28 35 39 58 67
41 81 41 70 81
48 89 48 52 77 89
16 48 16 29 48
0 77 0 45 77
6 31 6 31
5 84 5 6 31 43 44 55 84
26 76 26 28 35 39 58 68 69 76
14 89 14 25 35 39 58 77 89
10 62 10 17 33 62
33 61 33 61
9 20 9 20
39 82 39 58 67 82
75 80 75 80
55 73 55 67 73
15 57 15 26 28 41 57
12 75 12 29 48 75
51 80 51 80
26 57 26 28 41 57
15 71 15 26 28 35 59 64 71
22 43 22 31 43
2 82 2 56 64 71 82
15 79 15 22 31 43 44 79
35 39 35 39
4 49 4 49
27 83 27 44 79 83
28 75 28 37 48 75
25 85 25 85
14 84 14 25 79 84
7 48 7 14 28 37 48
8 37 8 28 37
67 72 67 72
31 56 31 56
0 72 0 10 17 20 55 58 67 72
8 68 8 28 68
39 73 39 58 67 73
55 86 55 58 67 72 86
45 71 45 64 71
12 45 12 45
17 39 17 20 39
29 48 29 48
38 89 38 89
19 86 19 56 64 86
0 55 0 20 55
2 69 2 23 49 69
4 30 4 30
24 78 24 27 78
55 89 55 58 77 89
43 83 43 52 80 81 83
2 66 2 23 66
43 72 43 44 55 58 67 72
26 41 26 28 41
15 31 15 22 31
37 82 37 52 71 82
0 35 0 13 28 35
15 39 15 26 28 35 39
43 74 43 44 55 58 68 74
44 73 44 55 67 73
40 76 40 68 69 76
12 27 12 24 27
0 72 0 20 55 67 72
17 59 17 33 51 59
0 13 0 13
16 58 16 35 39 58
12 60 12 60
18 89 18 59 89
19 86 19 56 64 86
5 79 5 6 31 43 44 79
15 37 15 26 28 37
5 49 5 6 37 49
41 50 41 50
27 44 27 44
75 83 75 80 81 83
8 57 8 41 57
19 64 19 56 64
6 65 6 16 35 39 65
45 60 45 50 60
33 67 33 51 67
25 76 25 33 49 69 76
51 67 51 67
13 86 13 20 39 58 67 72 86
1 35 1 7 14 25 35
15 68 15 30 44 55 58 68
72 87 72 87
14 60 14 28 41 50 60
26 87 26 28 35 39 87
1 40 1 13 20 40
1 76 1 39 58 68 69 76
1 25 1 7 14 25
28 69 28 35 39 58 68 69
8 52 8 28 37 48 52
8 89 8 9 20 39 58 77 89
28 63 28 41 57 63
19 38 19 38
1 75 1 2 23 37 48 75
1 38 1 7 14 25 38
18 44 18 22 43 44
12 83 12 75 80 81 83
10 69 10 30 44 55 58 68 69
31 77 31 43 52 77
5 59 5 6 16 35 59
8 41 8 41
6 44 6 31 43 44
41 50 41 50
31 81 31 43 52 80 81
37 82 37 52 64 82
11 89 11 59 89
14 70 14 28 41 70
21 73 21 26 42 51 67 73
8 78 8 28 41 57 78
2 69 2 23 49 69
23 73 23 37 51 67 73
7 48 7 14 34 48
36 50 36 50
39 73 39 58 67 73
12 75 12 29 48 75
23 48 23 37 48
15 37 15 26 28 37
43 64 43 52 64
30 79 30 44 79
10 72 10 17 33 62 72
39 82 39 58 67 82
1 56 1 13 20 56
44 69 44 55 58 68 69
6 87 6 16 87
43 71 43 52 64 71
52 83 52 80 81 83
8 37 8 28 37
21 77 21 26 28 37 48 52 77
3 55 3 9 20 55
7 74 7 14 28 35 39 58 68 74
48 80 48 52 80
13 40 13 20 40
53 89 53 84 89
13 67 13 26 28 35 39 58 67
21 48 21 26 28 37 48
14 76 14 25 35 39 58 68 69 76
19 86 19 43 44 55 67 72 86
21 67 21 26 28 37 51 67
0 56 0 10 17 20 56
1 41 1 7 14 28 41
22 73 22 31 43 44 55 58 67 73
14 35 14 25 35
13 87 13 28 37 49 72 87
12 81 12 29 48 52 80 81
2 68 2 9 20 39 58 68
51 67 51 67
52 89 52 77 89
41 76 41 49 69 76
4 23 4 23
1 57 1 7 14 28 41 57
10 76 10 17 33 49 76
2 66 2 23 66
55 69 55 58 68 69
63 65 63 65
12 27 12 24 27
7 61 7 14 25 33 61
35 72 35 39 58 67 72
8 69 8 28 35 39 58 68 69
41 88 41 57 72 88
9 88 9 20 55 58 67 72 88
5 69 5 6 16 35 39 58 68 69
37 82 37 48 52 71 82
22 79 22 34 79
3 76 3 30 44 55 58 68 69 76
2 68 2 9 20 40 68
14 35 14 28 35
0 56 0 20 56
0 89 0 13 84 89
1 44 1 7 43 44
1 29 1 13 29
57 72 57 72
17 62 17 33 62
44 86 44 55 58 67 72 86
23 66 23 66
18 76 18 22 31 43 44 55 58 68 69 76
14 74 14 25 40 68 74
15 71 15 30 48 52 64 71
21 26 21 26
19 44 19 43 44
31 56 31 56
10 64 10 30 34 59 64
13 73 13 26 73
3 68 3 30 44 55 58 68
1 35 1 13 28 35
13 40 13 20 40
35 39 35 39
26 72 26 42 62 72
7 68 7 43 44 55 58 68
4 75 4 23 37 48 75
5 76 5 6 16 35 39 76
57 78 57 78
40 74 40 68 74
8 37 8 28 37
8 37 8 28 37
23 87 23 49 72 87
33 78 33 78
4 84 4 30 34 79 84
27 73 27 44 55 67 73
6 83 6 37 51 80 81 83
34 64 34 48 52 64
21 74 21 58 68 74
8 72 8 62 72
19 67 19 43 44 55 58 67
0 55 0 27 44 55
2 86 2 23 37 49 72 86
20 69 20 55 58 68 69
29 52 29 48 52
21 83 21 42 51 80 81 83
17 86 17 20 39 58 67 72 86
6 83 6 16 29 48 75 80 81 83
9 76 9 20 39 76
17 80 17 33 51 80
55 73 55 58 67 73
57 87 57 72 87
0 49 0 10 17 33 49
0 29 0 13 29
0 55 0 27 44 55
33 72 33 51 67 72
12 45 12 45
52 83 52 80 81 83
35 86 35 39 58 67 72 86
27 76 27 44 55 58 68 69 76
3 74 3 27 44 55 58 68 74
15 89 15 22 31 43 44 55 84 89
9 56 9 20 56
15 58 15 30 44 55 58
18 86 18 59 64 86
43 71 43 52 64 71
16 48 16 29 48
23 48 23 37 48
14 89 14 25 33 51 59 89
12 24 12 24
17 56 17 20 56
12 66 12 66
9 64 9 20 56 64
16 89 16 35 39 58 77 89
2 73 2 9 20 55 67 73
51 83 51 80 81 83
5 44 5 6 31 43 44
29 77 29 48 52 77
1 63 1 7 57 63
18 78 18 20 40 78
3 88 3 37 48 88
57 72 57 72
15 56 15 22 31 56
37 81 37 48 52 80 81
13 68 13 68
12 49 12 37 49
5 43 5 6 31 43
30 82 30 48 52 71 82
13 89 13 84 89
8 69 8 40 68 69
0 63 0 13 26 28 41 63
16 80 16 29 48 75 80
56 74 56 74
55 89 55 84 89
18 81 18 22 34 48 52 80 81
6 64 6 37 48 52 64
43 68 43 44 55 58 68
44 73 44 55 67 73
18 76 18 76
14 69 14 28 37 49 69
21 62 21 42 62
59 89 59 89
36 75 36 37 48 75
15 69 15 26 28 41 49 69
36 69 36 37 49 69
12 84 12 24 27 44 79 84
47 75 47 75
48 64 48 52 64
1 35 1 7 14 28 35
25 81 25 33 51 80 81
39 76 39 58 68 69 76
39 68 39 58 68
3 75 3 30 48 75
2 89 2 9 20 55 84 89
25 79 25 79
14 37 14 28 37
18 82 18 20 39 58 67 82
9 76 9 20 39 76
6 59 6 16 35 59
55 73 55 67 73
19 44 19 43 44
10 77 10 17 58 77
2 80 2 23 37 52 80
0 50 0 45 50
3 71 3 64 71
39 73 39 58 67 73
1 87 1 37 72 87
15 30 15 30
16 80 16 29 48 52 80
11 59 11 59
49 69 49 69
43 67 43 44 55 58 67
25 84 25 79 84
22 79 22 34 79
31 84 31 43 44 55 84
15 31 15 22 31
36 75 36 37 48 75
26 37 26 28 37
8 64 8 28 64
26 62 26 42 62
27 69 27 44 55 58 68 69
1 29 1 13 29
45 60 45 50 60
4 32 4 23 32
8 67 8 28 35 39 58 67
14 57 14 28 41 57
1 57 1 7 57
62 72 62 72
6 49 6 37 49
4 71 4 30 34 48 52 71
23 59 23 37 51 59
1 26 1 13 26
0 28 0 13 26 28
1 35 1 13 28 35
55 69 55 58 68 69
19 56 19 56
51 80 51 80
30 82 30 44 55 67 82
27 77 27 44 55 58 77
2 23 2 23
53 80 53 80
0 75 0 10 48 75
13 52 13 26 28 37 48 52
26 50 26 28 41 50
6 81 6 31 43 52 80 81
4 78 4 23 66 78
16 39 16 35 39
75 83 75 80 81 83
8 72 8 41 57 72
33 61 33 61
37 81 37 52 80 81
27 83 27 44 79 83
25 74 25 35 39 58 68 74
59 82 59 64 82
0 20 0 13 20
26 48 26 28 37 48
12 60 12 60
14 87 14 28 35 39 87
1 29 1 13 29
21 26 21 26
25 83 25 79 83
12 51 12 37 51
16 39 16 35 39
17 60 17 60
8 89 8 9 20 55 58 77 89
20 69 20 55 58 68 69
0 80 0 10 48 75 80
24 67 24 27 44 55 67
22 43 22 31 43
36 75 36 37 48 75
29 83 29 48 75 80 81 83
27 73 27 44 55 58 67 73
8 64 8 28 37 48 52 64
6 31 6 31
0 30 0 10 30
3 56 3 9 20 56
6 65 6 16 35 39 65
27 58 27 44 55 58
15 39 15 26 28 35 39
5 44 5 6 31 43 44
1 87 1 37 49 72 87
20 82 20 39 58 67 82
41 60 41 50 60
0 87 0 10 30 44 55 58 67 72 87
27 79 27 79
35 58 35 39 58
33 67 33 51 67
6 82 6 31 56 64 82
14 84 14 25 79 84
51 82 51 59 64 82
28 57 28 41 57
21 67 21 58 67
13 82 13 29 48 75 82
36 48 36 37 48
33 71 33 51 59 64 71
6 87 6 16 87
33 72 33 62 72
25 87 25 62 72 87
0 44 0 27 44
2 89 2 33 51 59 89
7 77 7 43 52 77
58 86 58 67 72 86
14 78 14 25 40 78
10 77 10 24 27 44 55 58 77
75 83 75 80 81 83
16 89 16 29 48 52 77 89
37 80 37 52 80
58 67 58 67
8 56 8 9 20 56
17 33 17 33
12 71 12 24 71
11 82 11 59 64 82
15 37 15 26 28 37
31 81 31 43 52 80 81
35 88 35 39 58 67 72 88
4 30 4 30
34 81 34 48 75 80 81
3 71 3 37 48 52 64 71
7 72 7 62 72
58 86 58 67 72 86
31 56 31 56
36 50 36 50
14 81 14 34 48 52 80 81
3 56 3 9 20 56
8 55 8 9 20 55
3 37 3 37
1 81 1 37 51 80 81
27 84 27 44 84
12 88 12 72 88
56 74 56 74
67 73 67 73
13 78 13 20 40 78
9 40 9 20 40
12 24 12 24
6 74 6 16 35 39 58 68 74
21 48 21 26 28 37 48
18 65 18 20 39 65
1 61 1 7 14 25 33 61
18 31 18 22 31
15 89 15 22 31 43 52 77 89
51 67 51 67
41 63 41 63
13 41 13 26 28 41
36 48 36 37 48
43 83 43 44 79 83
9 86 9 62 72 86
3 73 3 30 44 55 67 73
44 68 44 55 58 68
19 76 19 43 44 55 58 68 69 76
0 71 0 10 17 33 51 59 64 71
26 82 26 28 41 50 82
49 87 49 72 87
55 73 55 58 67 73
35 58 35 39 58
27 82 27 44 55 67 82
56 64 56 64
14 69 14 25 33 49 69
67 72 67 72
5 29 5 6 16 29
2 56 2 9 20 56
4 51 4 23 37 51
2 81 2 23 37 48 52 80 81
68 69 68 69
10 52 10 30 34 48 52
4 66 4 23 66
4 88 4 49 72 88
52 80 52 80
29 80 29 48 75 80
13 70 13 28 41 70
10 65 10 17 20 39 65
16 71 16 35 59 64 71
2 49 2 23 37 49
6 35 6 16 35
23 59 23 37 59
13 73 13 26 73
34 80 34 48 75 80
51 71 51 59 64 71
1 57 1 7 57
37 73 37 51 67 73
19 87 19 43 87
17 60 17 60
17 84 17 20 55 84
8 74 8 40 68 74
9 64 9 20 56 64
27 44 27 44
24 44 24 27 44
8 57 8 28 41 57
7 83 7 14 34 48 52 80 81 83
36 69 36 37 49 69
33 51 33 51
57 72 57 72
48 83 48 75 80 81 83
34 64 34 48 52 64
44 74 44 55 58 68 74
16 67 16 35 39 58 67
12 55 12 44 55
22 82 22 31 43 52 71 82
9 64 9 20 56 64
33 88 33 51 67 72 88
16 88 16 29 48 75 88
5 59 5 6 37 59
8 72 8 9 62 72
26 87 26 28 41 57 72 87
21 81 21 26 42 51 80 81
18 81 18 22 43 52 80 81
44 88 44 55 67 72 88
28 71 28 37 51 59 64 71
36 51 36 37 51
0 75 0 10 48 75
17 56 17 20 56
5 56 5 6 31 56
36 76 36 37 76
7 61 7 14 25 33 61
1 38 1 7 14 25 38
1 56 1 13 20 56
2 49 2 23 49
14 78 14 25 33 78
19 76 19 69 76
21 48 21 26 28 37 48
18 43 18 22 43
23 59 23 37 51 59
0 17 0 10 17
0 32 0 10 17 32
67 72 67 72
8 55 8 9 20 55
5 79 5 6 31 43 44 79
37 71 37 51 59 64 71
30 44 30 44
3 52 3 30 48 52
33 83 33 51 80 81 83
12 84 12 44 55 84
0 81 0 10 17 33 51 80 81
28 69 28 37 49 69
21 81 21 42 51 80 81
15 30 15 30
36 69 36 37 49 69
55 84 55 84
14 39 14 25 35 39
21 74 21 26 28 68 74
4 66 4 23 66
37 82 37 48 75 82
35 86 35 59 64 86
55 58 55 58
6 59 6 37 51 59
1 25 1 7 14 25
4 66 4 23 66
4 78 4 23 66 78
2 56 2 56
48 64 48 52 64
22 43 22 31 43
51 67 51 67
1 35 1 7 14 28 35
30 68 30 44 55 58 68
8 80 8 28 37 51 80
26 58 26 28 35 39 58
12 49 12 37 49
18 67 18 20 55 58 67
6 31 6 31
33 59 33 51 59
43 86 43 44 55 67 72 86
49 87 49 72 87
10 69 10 30 44 55 58 68 69
22 81 22 31 43 52 80 81
4 77 4 30 44 55 58 77
2 62 2 9 62
31 83 31 43 44 79 83
31 77 31 43 44 55 58 77
12 27 12 24 27
9 88 9 20 55 58 67 72 88
30 44 30 44
6 48 6 16 29 48
21 50 21 26 28 41 50
24 84 24 27 44 55 84
26 69 26 28 37 49 69
35 71 35 59 64 71
22 82 22 34 48 52 64 71 82
21 62 21 42 62
43 73 43 44 55 67 73
15 73 15 22 31 43 44 55 67 73
36 87 36 37 51 67 72 87
16 87 16 35 39 87
4 84 4 30 34 79 84
16 52 16 29 48 52
43 67 43 44 55 58 67
7 48 7 14 34 48
22 72 22 43 44 55 58 67 72
18 86 18 59 64 86
11 86 11 59 64 86
25 87 25 62 72 87
0 77 0 20 55 58 77
15 64 15 30 34 59 64
37 82 37 51 59 64 71 82
1 68 1 2 9 20 40 68
27 44 27 44
41 76 41 49 76
23 73 23 37 51 67 73
66 78 66 78
13 87 13 28 35 39 87
45 89 45 77 89
22 73 22 31 43 44 55 67 73
15 51 15 26 28 37 51
11 89 11 59 89
9 68 9 20 40 68
33 73 33 51 67 73
1 51 1 2 23 37 51
18 82 18 22 34 59 64 71 82
33 71 33 51 59 64 71
27 79 27 79
19 67 19 43 44 55 67
4 77 4 23 66 77
16 88 16 35 39 58 67 72 88
13 57 13 28 41 57
35 69 35 39 58 68 69
21 83 21 42 51 80 81 83
12 69 12 24 27 44 55 58 68 69
18 44 18 22 31 43 44
26 42 26 42
34 64 34 59 64
33 81 33 51 80 81
67 73 67 73
22 43 22 43
26 87 26 28 87
57 72 57 72
10 52 10 48 52
22 72 22 43 44 55 58 67 72
0 35 0 13 28 35
21 87 21 26 42 62 72 87
31 73 31 43 44 55 58 67 73
14 50 14 28 41 50
28 71 28 64 71
22 52 22 43 52
42 62 42 62
26 49 26 28 41 49
15 42 15 26 42
16 48 16 29 48
8 73 8 28 37 51 67 73
33 73 33 51 67 73
52 81 52 80 81
28 49 28 37 49
35 86 35 39 58 67 72 86
29 88 29 48 88
45 71 45 64 71
43 87 43 87
6 55 6 31 43 44 55
25 68 25 40 68
5 29 5 6 16 29
7 80 7 43 52 80
10 86 10 17 33 49 72 86
8 83 8 28 37 52 80 81 83
20 58 20 55 58
17 84 17 20 55 84
44 68 44 55 58 68
51 67 51 67
12 69 12 44 55 58 68 69
17 76 17 33 49 69 76
9 56 9 20 56
22 84 22 43 44 55 84
48 86 48 52 64 86
1 50 1 13 28 41 50
22 58 22 43 44 55 58
26 89 26 42 51 59 89
31 56 31 56
2 62 2 33 62
4 78 4 23 66 78
1 63 1 13 26 28 41 57 63
1 44 1 7 43 44
31 56 31 56
68 69 68 69
7 77 7 14 34 48 52 77
2 62 2 33 62
37 73 37 51 67 73
27 79 27 79
5 58 5 6 16 35 39 58
28 89 28 35 39 58 77 89
0 29 0 13 29
4 71 4 30 48 52 71
43 55 43 44 55
23 87 23 37 49 72 87
14 87 14 42 62 72 87
3 67 3 9 20 55 58 67
12 71 12 37 51 59 64 71
7 38 7 14 25 38
18 43 18 22 43
25 68 25 35 39 58 68
20 58 20 39 58
14 58 14 25 35 39 58
42 80 42 51 80
58 77 58 77
13 57 13 26 28 41 57
54 83 54 81 83
37 71 37 59 64 71
9 76 9 20 55 58 68 69 76
4 44 4 30 44
2 49 2 33 49
12 52 12 29 48 52
15 37 15 26 28 37
31 84 31 43 44 55 84
70 82 70 82
14 74 14 25 40 68 74
13 57 13 28 41 57
33 71 33 51 59 64 71
1 2 1 2
47 75 47 75
16 39 16 35 39
38 89 38 89
33 59 33 51 59
31 56 31 56
0 49 0 10 17 33 49
52 81 52 80 81
44 69 44 55 58 68 69
49 76 49 76
15 80 15 22 43 52 80
17 61 17 33 61
9 40 9 20 40
41 81 41 70 81
12 66 12 66
16 88 16 35 39 58 67 72 88
31 77 31 43 52 77
17 39 17 20 39
22 82 22 31 56 82
1 40 1 13 20 40
79 88 79 88
21 62 21 26 42 62
3 81 3 30 34 48 75 80 81
22 64 22 34 48 52 64
8 58 8 9 20 55 58
1 87 1 37 49 72 87
31 79 31 43 44 79
42 81 42 51 80 81
4 34 4 30 34
2 68 2 9 20 55 58 68
35 72 35 39 58 67 72
55 84 55 84
3 65 3 38 65
12 72 12 72
15 71 15 30 48 52 71
44 88 44 55 58 67 72 88
2 80 2 23 37 51 80
31 68 31 68
15 77 15 26 28 37 52 77
9 74 9 20 55 58 68 74
7 68 7 14 28 35 39 58 68
15 71 15 22 43 52 64 71
1 84 1 13 84
4 81 4 30 48 52 80 81
6 43 6 31 43
41 49 41 49
11 82 11 59 64 71 82
52 89 52 77 89
19 44 19 43 44
12 84 12 84
72 87 72 87
31 84 31 43 44 84
0 34 0 10 30 34
6 43 6 31 43
10 73 10 24 27 44 55 58 67 73
17 62 17 33 62
14 89 14 59 89
22 64 22 34 48 52 64
21 73 21 42 51 67 73
35 39 35 39
15 80 15 30 48 52 80
28 65 28 41 57 63 65
51 86 51 59 64 86
43 87 43 87
20 58 20 39 58
21 42 21 26 42
6 49 6 37 49
17 64 17 33 51 59 64
34 52 34 48 52
22 72 22 43 44 55 58 67 72
1 79 1 7 43 44 79
28 59 28 37 59
35 73 35 39 58 67 73
2 49 2 33 49
17 84 17 20 55 84
29 88 29 48 75 88
33 71 33 51 59 64 71
15 77 15 30 34 48 52 77
67 72 67 72
12 27 12 24 27
39 76 39 58 68 69 76
20 56 20 56
19 81 19 43 52 80 81
25 67 25 35 39 58 67
10 76 10 24 27 44 55 58 68 69 76
49 69 49 69
42 59 42 51 59
9 68 9 20 55 58 68
31 68 31 68
15 56 15 22 31 56
22 81 22 31 43 52 80 81
19 86 19 56 64 86
18 86 18 59 64 86
43 82 43 52 71 82
31 68 31 68
3 52 3 37 48 52
53 89 53 84 89
7 65 7 14 25 38 65
29 77 29 48 52 77
44 79 44 79
6 65 6 16 35 39 65
4 81 4 23 37 48 75 80 81
13 86 13 28 64 86
44 73 44 55 67 73
2 77 2 9 20 55 58 77
14 62 14 25 33 62
25 67 25 35 39 58 67
27 89 27 44 55 58 77 89
3 89 3 9 20 39 58 77 89
23 59 23 37 59
41 50 41 50
9 84 9 20 55 84
8 74 8 9 20 55 58 68 74
25 81 25 33 51 80 81
17 87 17 33 51 67 72 87
4 64 4 30 34 59 64
10 64 10 30 34 59 64
6 55 6 31 43 44 55
26 50 26 28 41 50
70 81 70 81
51 87 51 67 72 87
12 24 12 24
15 57 15 26 28 41 57
63 65 63 65
24 68 24 27 44 55 58 68
31 81 31 43 52 80 81
13 67 13 28 35 39 58 67
22 79 22 31 43 44 79
13 82 13 28 82
49 76 49 76
10 77 10 17 20 39 58 77
43 68 43 44 55 58 68
14 57 14 28 41 57
17 73 17 33 51 67 73
20 58 20 39 58
0 87 0 13 28 35 39 58 67 72 87
33 88 33 49 72 88
70 81 70 81
43 67 43 44 55 67
25 69 25 40 68 69
44 86 44 55 58 67 72 86
5 49 5 6 37 49
10 73 10 30 44 55 67 73
42 71 42 51 59 64 71
11 74 11 68 74
3 71 3 30 34 59 64 71
10 65 10 17 20 39 65
6 74 6 31 68 74
7 60 7 14 28 41 50 60
12 88 12 29 48 75 88
24 44 24 27 44
15 37 15 26 28 37
29 83 29 48 75 80 81 83
56 74 56 74
27 77 27 44 55 58 77
31 67 31 43 44 55 67
20 82 20 55 58 67 82
16 65 16 35 39 65
14 69 14 28 41 49 69
43 55 43 44 55
18 82 18 22 31 43 52 64 71 82
8 51 8 28 37 51
4 75 4 23 37 48 75
6 89 6 31 43 44 55 84 89
27 72 27 44 55 58 67 72
58 82 58 67 82
10 68 10 24 27 44 55 58 68
5 43 5 6 31 43
7 80 7 43 52 80
35 88 35 39 58 67 72 88
6 73 6 31 43 44 55 58 67 73
18 55 18 20 55
0 77 0 10 17 20 39 58 77
15 51 15 26 28 37 51
19 81 19 43 52 80 81
8 50 8 41 50
41 88 41 49 72 88
31 87 31 43 87
31 77 31 43 52 77
43 72 43 44 55 58 67 72
42 62 42 62
35 72 35 39 58 67 72
25 76 25 33 49 76
43 58 43 44 55 58
25 68 25 40 68
31 68 31 43 44 55 58 68
25 81 25 33 51 80 81
23 69 23 49 69
12 75 12 75
18 31 18 22 31
3 67 3 37 51 67
5 76 5 6 16 35 39 76
0 71 0 10 17 33 51 59 64 71
6 75 6 16 29 48 75
5 44 5 6 31 43 44
17 59 17 33 51 59
14 80 14 25 33 51 80
21 42 21 42
31 79 31 43 44 79
17 87 17 58 67 72 87
37 80 37 51 80
57 87 57 72 87
8 69 8 28 41 49 69
15 30 15 30
16 88 16 35 39 58 67 72 88
13 82 13 20 55 58 67 82
36 60 36 50 60
10 61 10 17 33 61
11 86 11 59 64 86
9 64 9 20 56 64
1 56 1 2 56
0 73 0 13 28 35 39 58 67 73
0 73 0 20 55 58 67 73
29 71 29 48 52 64 71
13 78 13 28 41 57 78
26 69 26 28 41 49 69
18 44 18 22 31 43 44
29 82 29 48 52 71 82
0 75 0 10 48 75
22 74 22 31 56 74
4 77 4 30 48 52 77
0 82 0 13 29 48 52 64 71 82
67 72 67 72
28 65 28 35 39 65
1 58 1 7 14 25 35 39 58
1 81 1 37 51 80 81
4 34 4 30 34
34 64 34 59 64
19 89 19 38 89
28 71 28 64 71
30 82 30 48 75 82
31 87 31 43 87
14 35 14 25 35
7 78 7 57 78
1 26 1 13 26
40 69 40 68 69
3 72 3 9 62 72
14 78 14 28 41 57 78
34 77 34 48 52 77
70 81 70 81
0 56 0 20 56
55 58 55 58
1 79 1 7 14 34 79
16 59 16 35 59
17 84 17 20 55 84
15 59 15 26 42 51 59
10 68 10 24 27 44 55 58 68
21 60 21 26 28 41 50 60
35 86 35 59 64 86
33 71 33 51 59 64 71
2 48 2 23 37 48
28 57 28 41 57
41 72 41 49 72
0 20 0 13 20
25 79 25 79
43 83 43 44 79 83
1 58 1 39 58
6 81 6 37 52 80 81
72 87 72 87
20 67 20 55 58 67
3 30 3 30
16 58 16 35 39 58
25 69 25 40 68 69
15 37 15 26 28 37
26 89 26 42 51 59 89
11 82 11 59 64 82
36 48 36 37 48
26 76 26 28 41 49 76
1 29 1 13 29
1 72 1 49 72
35 88 35 39 58 67 72 88
8 88 8 62 72 88
10 75 10 30 34 48 75
35 88 35 39 58 67 72 88
58 82 58 67 82
12 55 12 44 55
11 86 11 59 64 86
12 72 12 24 27 44 55 58 67 72
12 49 12 37 49
8 74 8 9 20 40 68 74
0 40 0 10 17 20 40
25 84 25 79 84
51 80 51 80
1 40 1 2 9 20 40
30 76 30 44 55 58 68 69 76
8 51 8 28 37 51
19 87 19 43 87
5 69 5 6 16 35 39 58 68 69
43 77 43 52 77
7 78 7 14 28 41 57 78
6 73 6 31 43 44 55 58 67 73
17 72 17 58 67 72
14 50 14 28 41 50
29 88 29 48 75 88
17 62 17 33 62
22 83 22 31 43 44 79 83
19 67 19 43 44 55 67
12 59 12 37 51 59
70 81 70 81
15 42 15 26 42
11 71 11 59 64 71
0 52 0 13 29 48 52
67 72 67 72
2 33 2 33
34 81 34 48 75 80 81
6 35 6 16 35
24 83 24 27 79 83
7 74 7 14 25 40 68 74
12 55 12 24 27 44 55
23 59 23 37 51 59
28 60 28 41 50 60
52 83 52 80 81 83
8 73 8 9 20 39 58 67 73
3 27 3 27
0 71 0 10 48 52 64 71
5 83 5 6 16 29 48 75 80 81 83
37 82 37 48 75 82
2 58 2 9 20 39 58
10 68 10 24 27 44 55 58 68
17 64 17 33 51 59 64
1 68 1 7 14 25 40 68
18 73 18 22 31 43 44 55 67 73
22 73 22 43 44 55 67 73
54 81 54 81
48 86 48 52 64 86
3 65 3 9 20 39 65
36 51 36 37 51
41 63 41 63
36 87 36 37 51 67 72 87
0 74 0 13 74
44 88 44 79 88
26 70 26 28 41 70
22 52 22 31 43 52
17 76 17 20 55 58 68 69 76
55 84 55 84
22 83 22 31 43 44 79 83
23 48 23 37 48
40 76 40 68 69 76
2 56 2 9 20 56
55 58 55 58
11 76 11 68 69 76
9 84 9 20 55 84
5 69 5 6 16 35 39 58 68 69
17 39 17 20 39
12 82 12 50 82
33 72 33 62 72
13 65 13 20 39 65
41 49 41 49
19 64 19 56 64
22 83 22 43 44 79 83
1 25 1 7 14 25
14 60 14 28 41 50 60
0 89 0 20 39 58 77 89
19 56 19 56
17 83 17 33 51 80 81 83
39 77 39 58 77
13 35 13 26 28 35
9 67 9 20 55 58 67
4 66 4 23 66
2 84 2 9 20 55 84
72 87 72 87
2 73 2 9 20 39 58 67 73
23 88 23 37 72 88
23 69 23 49 69
18 76 18 22 43 44 55 58 68 69 76
43 83 43 44 79 83
28 78 28 41 57 78
23 69 23 37 49 69
10 52 10 30 34 48 52
14 48 14 34 48
75 83 75 80 81 83
34 48 34 48
85 88 85 88
6 55 6 31 43 44 55
12 24 12 24
25 84 25 79 84
15 83 15 30 44 79 83
42 81 42 51 80 81
6 73 6 31 43 44 55 67 73
12 72 12 72
18 65 18 20 39 65
18 55 18 20 55
1 76 1 7 43 44 55 58 68 69 76
19 73 19 43 44 55 67 73
17 83 17 70 81 83
15 39 15 26 28 35 39
6 89 6 37 77 89
16 29 16 29
2 56 2 9 20 56
34 71 34 48 52 64 71
48 64 48 52 64
15 79 15 22 43 44 79
36 48 36 37 48
33 71 33 51 59 64 71
6 75 6 37 48 75
23 73 23 37 51 67 73
22 81 22 43 52 80 81
37 72 37 51 67 72
36 51 36 37 51
22 64 22 34 48 52 64
29 52 29 48 52
22 43 22 31 43
3 58 3 9 20 39 58
26 37 26 28 37
26 78 26 28 41 57 78
1 79 1 7 14 25 79
27 68 27 44 55 58 68
15 57 15 26 28 41 57
6 89 6 16 29 48 52 77 89
75 80 75 80
10 52 10 48 52
0 30 0 10 30
25 74 25 40 68 74
41 72 41 57 72
34 81 34 48 75 80 81
4 78 4 23 66 78
1 58 1 7 14 25 35 39 58
27 77 27 44 55 58 77
12 88 12 75 88
27 77 27 44 55 58 77
36 50 36 50
44 74 44 55 58 68 74
1 2 1 2
52 83 52 80 81 83
24 68 24 27 44 55 58 68
18 20 18 20
36 52 36 37 52
4 88 4 49 72 88
0 13 0 13
13 50 13 28 41 50
17 58 17 20 55 58
13 67 13 20 55 67
1 29 1 13 29
45 64 45 64
3 44 3 30 44
0 52 0 13 29 48 52
42 59 42 51 59
12 55 12 44 55
24 84 24 27 44 84
13 82 13 28 37 52 64 82
58 67 58 67
20 74 20 56 74
8 83 8 41 70 81 83
1 40 1 7 14 25 40
0 32 0 10 17 32
10 69 10 24 27 44 55 58 68 69
0 49 0 13 26 28 37 49
36 51 36 37 51
0 34 0 10 30 34
43 86 43 52 64 86
51 87 51 67 72 87
23 88 23 37 51 67 72 88
29 88 29 48 75 88
43 64 43 52 64
57 72 57 72
1 74 1 2 56 74
0 20 0 10 17 20
3 78 3 9 20 40 78
41 60 41 50 60
41 50 41 50
43 71 43 52 64 71
67 73 67 73
21 39 21 26 28 35 39
33 51 33 51
26 72 26 42 51 67 72
43 74 43 44 55 58 68 74
37 48 37 48
10 69 10 30 44 55 58 68 69
7 60 7 14 28 41 50 60
9 40 9 20 40
0 35 0 13 26 28 35
48 88 48 88
22 52 22 31 43 52
43 73 43 44 55 58 67 73
62 88 62 72 88
21 67 21 42 51 67
1 75 1 13 28 37 48 75
16 58 16 35 39 58
43 67 43 44 55 67
58 76 58 68 69 76
22 89 22 43 52 77 89
9 67 9 20 55 67
37 72 37 49 72
28 69 28 35 39 58 68 69
52 81 52 80 81
55 58 55 58
6 75 6 16 29 48 75
31 73 31 43 44 55 67 73
0 77 0 13 29 48 52 77
14 33 14 25 33
34 88 34 48 88
42 59 42 51 59
18 73 18 20 39 58 67 73
13 82 13 29 48 75 82
4 64 4 23 37 48 52 64
13 67 13 28 35 39 58 67
43 86 43 52 64 86
6 64 6 37 59 64
36 49 36 37 49
34 59 34 59
37 69 37 49 69
28 75 28 37 48 75
44 68 44 55 58 68
16 71 16 29 48 52 71
25 83 25 33 51 80 81 83
14 70 14 28 41 70
6 87 6 16 35 39 87
25 80 25 33 51 80
22 74 22 31 68 74
28 65 28 35 39 65
31 72 31 43 44 55 58 67 72
0 55 0 10 30 44 55
22 64 22 31 56 64
3 38 3 38
0 55 0 13 20 55
21 26 21 26
1 25 1 7 14 25
4 71 4 23 37 52 71
3 73 3 30 44 55 67 73
2 64 2 23 37 48 52 64
3 58 3 27 44 55 58
31 87 31 43 44 55 58 67 72 87
39 82 39 58 67 82
2 82 2 56 82
18 65 18 20 39 65
16 59 16 35 59
15 42 15 26 42
15 57 15 26 28 41 57
12 69 12 37 49 69
16 89 16 29 48 52 77 89
3 27 3 27
10 65 10 17 20 39 65
15 31 15 22 31
13 86 13 28 35 59 64 86
15 39 15 26 28 35 39
12 72 12 44 55 67 72
41 57 41 57
5 58 5 6 31 43 44 55 58
33 72 33 49 72
55 58 55 58
14 69 14 25 35 39 58 68 69
1 26 1 13 26
48 64 48 52 64
34 88 34 79 88
1 44 1 7 43 44
8 89 8 28 37 52 77 89
21 87 21 26 42 62 72 87
13 86 13 26 28 64 86
62 72 62 72
26 37 26 28 37
30 76 30 44 55 58 68 69 76
14 62 14 42 62
36 50 36 50
2 89 2 23 66 77 89
4 44 4 30 44
17 62 17 33 62
8 74 8 28 68 74
51 86 51 59 64 86
44 73 44 55 67 73
16 71 16 29 48 52 64 71
15 42 15 26 42
1 57 1 13 26 28 41 57
17 64 17 20 56 64
59 82 59 64 82
0 77 0 13 28 77
28 63 28 41 63
48 88 48 88
6 89 6 37 77 89
5 56 5 6 31 56
51 71 51 59 64 71
63 65 63 65
11 76 11 68 69 76
26 57 26 28 41 57
10 60 10 17 60
0 32 0 10 17 32
15 79 15 22 34 79
2 32 2 23 32
26 52 26 28 37 48 52
45 60 45 50 60
5 43 5 6 31 43
54 81 54 81
33 80 33 51 80
15 80 15 30 48 52 80
47 75 47 75
8 37 8 28 37
2 62 2 9 62
6 16 6 16
18 73 18 20 39 58 67 73
21 48 21 26 28 37 48
30 68 30 44 55 58 68
4 77 4 30 44 55 58 77
17 72 17 58 67 72
53 84 53 84
13 26 13 26
55 89 55 58 77 89
9 58 9 20 39 58
9 56 9 20 56
10 72 10 17 33 62 72
70 82 70 82
4 71 4 30 48 52 64 71
27 68 27 44 55 58 68
35 86 35 39 58 67 72 86
25 88 25 35 39 58 67 72 88
33 88 33 62 72 88
43 88 43 44 79 88
3 44 3 30 44
21 86 21 26 42 62 72 86
1 87 1 39 87
22 67 22 43 44 55 58 67
12 55 12 24 27 44 55
22 81 22 34 48 52 80 81
34 64 34 59 64
20 69 20 39 58 68 69
22 64 22 34 59 64
26 86 26 42 51 86
0 80 0 13 29 48 52 80
33 59 33 51 59
4 49 4 49
23 66 23 66
12 58 12 44 55 58
16 29 16 29
9 88 9 62 72 88
25 40 25 40
15 68 15 30 44 55 58 68
15 37 15 26 28 37
3 51 3 37 51
15 37 15 26 28 37
0 28 0 13 26 28
19 76 19 43 44 55 58 68 69 76
39 77 39 58 77
15 42 15 26 42
15 39 15 26 28 35 39
17 80 17 33 51 80
0 75 0 13 26 28 37 48 75
7 77 7 14 25 35 39 58 77
1 32 1 2 23 32
34 81 34 48 52 80 81
51 82 51 59 64 82
2 68 2 9 20 40 68
2 74 2 56 74
14 67 14 25 35 39 58 67
36 60 36 50 60
48 83 48 52 80 81 83
9 67 9 20 39 58 67
1 68 1 2 9 20 40 68
37 81 37 51 80 81
14 57 14 28 41 57
10 64 10 48 52 64
33 81 33 51 80 81
8 50 8 41 50
27 73 27 44 55 67 73
51 80 51 80
48 64 48 52 64
18 31 18 22 31
47 75 47 75
33 83 33 51 80 81 83
36 51 36 37 51
0 50 0 13 26 28 41 50
26 48 26 28 37 48
12 27 12 24 27
8 35 8 28 35
16 29 16 29
25 69 25 33 49 69
53 89 53 84 89
4 84 4 30 44 79 84
11 86 11 59 64 86
26 68 26 28 35 39 58 68
28 68 28 68
22 83 22 31 43 44 79 83
33 67 33 51 67
25 80 25 33 51 80
55 86 55 67 72 86
43 58 43 44 55 58
11 82 11 59 64 82
10 61 10 17 33 61
35 69 35 39 58 68 69
8 58 8 28 35 39 58
12 27 12 24 27
2 80 2 33 51 80
28 71 28 37 52 64 71
12 58 12 44 55 58
6 31 6 31
45 64 45 64
11 89 11 59 89
2 55 2 9 20 55
3 67 3 37 51 67
43 86 43 52 64 86
2 82 2 33 51 67 82
49 69 49 69
22 52 22 31 43 52
6 73 6 16 35 39 58 67 73
0 80 0 10 17 33 51 80
30 79 30 44 79
28 68 28 68
33 88 33 51 67 72 88
8 57 8 41 57
19 67 19 43 44 55 67
9 58 9 20 39 58
30 34 30 34
0 44 0 27 44
2 73 2 23 37 51 67 73
13 89 13 26 42 51 59 89
75 83 75 80 81 83
17 80 17 33 51 80
21 48 21 26 28 37 48
12 51 12 37 51
8 55 8 9 20 55
22 82 22 34 48 52 64 71 82
67 73 67 73
44 68 44 55 58 68
2 48 2 23 37 48
24 44 24 27 44
2 74 2 9 20 55 58 68 74
18 68 18 20 40 68
48 81 48 75 80 81
18 89 18 59 89
10 61 10 17 33 61
25 40 25 40
24 87 24 27 44 55 67 72 87
70 82 70 82
22 79 22 43 44 79
18 78 18 20 40 78
33 88 33 51 67 72 88
55 73 55 67 73
25 68 25 35 39 58 68
15 59 15 26 42 51 59
55 67 55 67
18 44 18 22 31 43 44
4 78 4 23 66 78
1 42 1 7 14 42
15 57 15 26 28 41 57
31 87 31 43 87
21 35 21 26 28 35
41 81 41 70 81
2 58 2 9 20 55 58
8 51 8 28 37 51
52 80 52 80
55 86 55 58 67 72 86
64 71 64 71
4 75 4 23 37 48 75
39 77 39 58 77
23 59 23 37 59
1 41 1 7 14 28 41
10 51 10 17 33 51
31 83 31 43 52 80 81 83
0 50 0 45 50
26 72 26 42 62 72
21 81 21 42 51 80 81
5 69 5 6 31 68 69
21 81 21 42 51 80 81
15 59 15 30 34 59
26 72 26 28 35 39 58 67 72
40 68 40 68
75 80 75 80
8 89 8 28 37 48 52 77 89
14 76 14 25 40 68 69 76
6 83 6 31 43 44 79 83
4 32 4 23 32
1 38 1 7 14 25 38
15 31 15 22 31
10 76 10 24 27 44 55 58 68 69 76
49 87 49 72 87
1 51 1 7 14 25 33 51
30 84 30 44 84
55 67 55 67
22 73 22 31 43 44 55 58 67 73
14 72 14 42 62 72
24 78 24 27 78
2 87 2 9 62 72 87
72 87 72 87
13 70 13 28 41 70
34 80 34 48 75 80
62 88 62 72 88
3 27 3 27
63 65 63 65
55 58 55 58
49 76 49 76
1 62 1 13 26 42 62
3 27 3 27
1 62 1 2 9 62
28 49 28 37 49
5 87 5 6 31 43 87
6 82 6 37 51 59 64 71 82
36 48 36 37 48
19 82 19 82
10 62 10 17 33 62
21 50 21 26 28 41 50
15 83 15 22 34 48 75 80 81 83
17 59 17 33 51 59
10 65 10 17 20 39 65
31 71 31 43 52 64 71
15 83 15 26 28 37 51 80 81 83
3 73 3 27 44 55 67 73
2 32 2 23 32
22 52 22 31 43 52
20 84 20 55 84
12 66 12 66
52 89 52 77 89
17 56 17 20 56
34 64 34 48 52 64
14 33 14 25 33
36 60 36 50 60
55 73 55 67 73
35 72 35 39 58 67 72
14 58 14 28 35 39 58
4 23 4 23
13 26 13 26
3 76 3 37 76
43 74 43 44 55 58 68 74
26 89 26 42 51 59 89
13 57 13 28 41 57
16 39 16 35 39
6 43 6 31 43
5 58 5 6 16 35 39 58
15 83 15 26 42 51 80 81 83
19 73 19 43 44 55 67 73
53 89 53 84 89
1 2 1 2
2 48 2 23 37 48
11 76 11 68 69 76
19 89 19 38 89
12 81 12 75 80 81
0 49 0 13 26 28 37 49
20 74 20 56 74
7 38 7 14 25 38
3 38 3 38
55 67 55 67
8 73 8 9 20 55 67 73
4 34 4 30 34
8 57 8 41 57
16 89 16 35 59 89
66 78 66 78
36 87 36 37 51 67 72 87
3 67 3 9 20 39 58 67
13 41 13 28 41
22 74 22 43 44 55 58 68 74
40 74 40 68 74
1 61 1 7 14 25 33 61
10 60 10 17 60
36 49 36 37 49
15 79 15 30 34 79
7 76 7 43 44 55 58 68 69 76
26 70 26 28 41 70
14 84 14 34 79 84
2 68 2 9 20 39 58 68
15 80 15 22 34 48 52 80
3 58 3 27 44 55 58
9 77 9 20 39 58 77
30 44 30 44
10 72 10 17 20 39 58 67 72
22 59 22 34 59
44 69 44 55 58 68 69
0 29 0 13 29
30 44 30 44
25 59 25 33 51 59
25 84 25 79 84
5 82 5 6 16 29 48 52 71 82
49 69 49 69
2 86 2 33 49 72 86
17 73 17 20 73
39 76 39 76
8 69 8 40 68 69
10 73 10 24 27 44 55 67 73
49 76 49 76
1 51 1 13 26 28 37 51
13 68 13 28 35 39 58 68
42 81 42 51 80 81
64 71 64 71
18 48 18 22 34 48
0 17 0 10 17
13 65 13 20 39 65
28 65 28 35 39 65
0 71 0 20 56 64 71
7 35 7 14 28 35
8 89 8 28 37 77 89
15 83 15 22 43 44 79 83
26 70 26 28 41 70
17 62 17 33 62
28 78 28 41 57 78
2 33 2 33
3 71 3 9 71
24 76 24 27 44 55 58 68 69 76
26 48 26 28 37 48
2 64 2 33 51 59 64
10 86 10 48 52 64 86
3 74 3 27 44 55 58 68 74
26 58 26 28 35 39 58
7 83 7 43 52 80 81 83
44 83 44 79 83
59 82 59 64 82
10 52 10 48 52
37 81 37 51 80 81
0 28 0 13 28
0 35 0 13 28 35
7 65 7 57 63 65
1 72 1 13 28 37 49 72
43 55 43 44 55
22 34 22 34
26 69 26 28 68 69
6 31 6 31
1 44 1 7 43 44
77 89 77 89
17 64 17 33 51 59 64
45 71 45 64 71
26 67 26 42 51 67
3 78 3 27 78
48 81 48 52 80 81
27 83 27 79 83
25 79 25 79
11 89 11 59 89
28 89 28 77 89
25 51 25 33 51
70 81 70 81
1 74 1 2 9 20 39 58 68 74
22 77 22 34 48 52 77
15 30 15 30
37 75 37 48 75
5 49 5 6 37 49
15 69 15 22 31 43 44 55 58 68 69
0 73 0 10 17 33 51 67 73
7 48 7 14 34 48
67 73 67 73
18 68 18 20 40 68
13 67 13 20 55 67
14 83 14 25 79 83
21 77 21 58 77
9 71 9 71
9 58 9 20 55 58
59 82 59 64 71 82
3 38 3 38
13 40 13 20 40
15 79 15 30 34 79
15 30 15 30
26 72 26 28 37 51 67 72
4 30 4 30
53 84 53 84
11 74 11 68 74
24 78 24 27 78
28 89 28 35 39 58 77 89
0 32 0 10 17 32
15 49 15 26 28 37 49
8 80 8 28 37 51 80
36 83 36 81 83
22 84 22 34 79 84
17 62 17 33 62
15 42 15 26 42
18 89 18 22 43 52 77 89
24 78 24 27 78
17 64 17 20 56 64
5 51 5 6 37 51
51 71 51 59 64 71
18 65 18 20 39 65
31 56 31 56
23 73 23 37 51 67 73
48 83 48 52 80 81 83
19 38 19 38
41 60 41 50 60
26 52 26 28 37 48 52
28 49 28 41 49
28 68 28 68
8 73 8 9 20 39 58 67 73
3 74 3 27 44 55 58 68 74
3 44 3 30 44
43 87 43 44 55 67 72 87
14 57 14 28 41 57
27 89 27 44 84 89
23 73 23 37 51 67 73
26 41 26 28 41
8 40 8 9 20 40
42 81 42 51 80 81
44 86 44 55 58 67 72 86
24 84 24 27 79 84
36 52 36 37 48 52
8 74 8 40 68 74
7 60 7 14 28 41 50 60
1 38 1 7 14 25 38
39 77 39 58 77
4 84 4 30 44 84
34 52 34 48 52
18 81 18 22 34 48 75 80 81
51 83 51 80 81 83
5 44 5 6 31 43 44
41 81 41 70 81
26 72 26 42 51 67 72
4 71 4 30 34 59 64 71
41 81 41 70 81
34 81 34 48 52 80 81
51 82 51 59 64 71 82
29 64 29 48 52 64
14 62 14 42 62
28 65 28 41 63 65
43 83 43 44 79 83
8 58 8 28 35 39 58
34 77 34 48 52 77
30 44 30 44
0 74 0 27 44 55 58 68 74
33 78 33 78
53 80 53 80
4 64 4 30 48 52 64
51 87 51 67 72 87
6 65 6 16 35 39 65
2 55 2 9 20 55
1 87 1 7 57 72 87
19 89 19 43 52 77 89
58 67 58 67
8 37 8 28 37
1 56 1 13 20 56
6 83 6 16 29 48 75 80 81 83
0 50 0 45 50
43 74 43 44 55 58 68 74
16 71 16 29 48 52 71
1 32 1 2 23 32
13 57 13 28 41 57
35 39 35 39
43 83 43 52 80 81 83
1 38 1 7 14 25 38
26 86 26 42 62 72 86
22 77 22 43 52 77
18 43 18 22 43
13 65 13 20 39 65
5 56 5 6 31 56
6 82 6 31 56 82
28 57 28 41 57
5 87 5 6 31 43 44 55 58 67 72 87
33 59 33 51 59
52 77 52 77
31 83 31 43 44 79 83
58 86 58 67 72 86
15 30 15 30
14 88 14 42 62 72 88
25 79 25 79
51 82 51 59 64 82
2 66 2 23 66
12 51 12 37 51
1 87 1 37 49 72 87
15 69 15 30 44 55 58 68 69
12 60 12 45 50 60
25 79 25 79
36 76 36 37 76
21 62 21 42 62
5 56 5 6 31 56
6 65 6 16 35 39 65
22 43 22 31 43
33 80 33 51 80
0 77 0 13 28 77
15 62 15 26 42 62
5 35 5 6 16 35
13 26 13 26
26 52 26 28 37 52
34 64 34 48 52 64
24 44 24 27 44
7 68 7 43 44 55 58 68
43 55 43 44 55
52 81 52 80 81
3 76 3 30 44 55 58 68 69 76
16 71 16 35 59 64 71
14 40 14 25 40
18 68 18 22 31 68
33 72 33 51 67 72
3 73 3 9 20 55 58 67 73
14 37 14 28 37
23 69 23 37 49 69
2 82 2 56 64 71 82
28 60 28 41 50 60
10 73 10 17 20 73
27 44 27 44
11 82 11 59 64 71 82
1 84 1 13 20 55 84
15 34 15 30 34
25 80 25 33 51 80
44 74 44 55 58 68 74
3 74 3 27 44 55 58 68 74
20 55 20 55
39 74 39 58 68 74
41 76 41 49 76
36 76 36 37 49 76
6 16 6 16
0 13 0 13
34 59 34 59
2 82 2 23 37 51 59 64 71 82
4 49 4 49
24 76 24 27 44 55 58 68 69 76
25 68 25 40 68
75 80 75 80
43 68 43 44 55 58 68
4 34 4 30 34
7 87 7 43 87
59 89 59 89
8 57 8 41 57
48 80 48 52 80
39 77 39 58 77
7 35 7 14 25 35
43 88 43 44 79 88
21 87 21 42 51 67 72 87
26 80 26 28 37 51 80
15 35 15 26 28 35
68 69 68 69
28 71 28 64 71
52 80 52 80
15 42 15 26 42
12 49 12 37 49
30 82 30 44 55 58 67 82
19 82 19 43 52 71 82
47 83 47 80 81 83
27 77 27 44 55 58 77
19 87 19 62 72 87
29 88 29 48 75 88
21 81 21 42 51 80 81
16 58 16 35 39 58
20 58 20 55 58
33 73 33 51 67 73
55 89 55 84 89
10 76 10 17 33 49 76
12 60 12 60
49 87 49 72 87
15 73 15 22 43 44 55 67 73
6 75 6 16 29 48 75
2 32 2 23 32
5 43 5 6 31 43
18 81 18 22 34 48 75 80 81
5 82 5 75 82
11 86 11 59 64 86
53 80 53 80
7 55 7 43 44 55
15 59 15 22 34 59
70 82 70 82
43 72 43 44 55 67 72
14 88 14 28 41 49 72 88
3 81 3 37 48 75 80 81
39 74 39 58 68 74
31 87 31 43 87
0 52 0 13 29 48 52
3 30 3 30
9 40 9 20 40
3 68 3 9 20 40 68
25 84 25 79 84
10 49 10 17 33 49
30 64 30 34 48 52 64
43 58 43 44 55 58
49 88 49 72 88
77 89 77 89
21 42 21 26 42
4 77 4 23 66 77
7 43 7 43
15 64 15 26 42 51 59 64
3 51 3 37 51
35 72 35 39 58 67 72
13 52 13 29 48 52
18 43 18 22 31 43
0 32 0 10 17 32
35 58 35 39 58
21 67 21 26 28 35 39 58 67
43 71 43 52 71
9 74 9 20 55 58 68 74
12 52 12 29 48 52
5 49 5 6 37 49
1 28 1 7 14 28
10 72 10 30 44 55 67 72
12 83 12 44 79 83
2 48 2 23 37 48
29 71 29 48 52 71
7 38 7 14 25 38
43 64 43 52 64
2 73 2 23 37 51 67 73
10 84 10 30 44 79 84
58 82 58 67 82
0 30 0 10 30
11 76 11 68 69 76
15 37 15 26 28 37
33 72 33 62 72
0 13 0 13
21 39 21 26 28 35 39
27 72 27 44 55 67 72
58 86 58 67 72 86
3 73 3 27 44 55 58 67 73
6 44 6 31 43 44
13 86 13 29 48 52 64 86
8 35 8 28 35
70 81 70 81
8 72 8 62 72
24 76 24 27 44 55 58 68 69 76
52 83 52 80 81 83
18 55 18 20 55
17 62 17 33 62
35 86 35 59 64 86
40 69 40 68 69
26 80 26 28 37 48 75 80
44 68 44 55 58 68
7 74 7 14 25 35 39 58 68 74
35 69 35 39 58 68 69
27 79 27 79
17 86 17 33 49 72 86
26 78 26 28 41 57 78
6 75 6 37 48 75
12 81 12 75 80 81
30 84 30 34 79 84
47 83 47 75 80 81 83
12 52 12 29 48 52
7 80 7 43 52 80
12 88 12 37 49 72 88
4 71 4 30 48 52 64 71
35 39 35 39
43 74 43 44 55 58 68 74
52 89 52 77 89
22 34 22 34
6 65 6 16 35 39 65
51 71 51 59 64 71
12 88 12 44 55 58 67 72 88
12 27 12 24 27
35 69 35 39 58 68 69
13 40 13 20 40
7 38 7 14 25 38
16 59 16 35 59
12 49 12 37 49
15 65 15 26 28 41 63 65
7 62 7 62
2 73 2 23 37 51 67 73
21 39 21 26 28 35 39
17 56 17 20 56
14 87 14 42 51 67 72 87
7 38 7 14 25 38
13 73 13 26 28 37 51 67 73
29 71 29 48 52 64 71
45 60 45 50 60
14 42 14 42
2 48 2 23 37 48
8 83 8 28 41 70 81 83
3 72 3 37 51 67 72
34 59 34 59
52 89 52 77 89
30 68 30 44 55 58 68
29 75 29 48 75
7 62 7 62
0 79 0 10 30 44 79
36 87 36 37 49 72 87
26 72 26 42 51 67 72
0 55 0 13 20 55
7 74 7 43 44 55 58 68 74
12 29 12 29
14 72 14 42 62 72
59 82 59 64 71 82
7 43 7 43
17 58 17 20 55 58
30 79 30 34 79
15 89 15 22 43 52 77 89
4 75 4 30 48 75
5 56 5 6 31 56
43 82 43 44 55 67 82
23 66 23 66
11 59 11 59
37 72 37 51 67 72
8 50 8 41 50
34 59 34 59
45 64 45 64
62 72 62 72
2 77 2 9 20 55 58 77
14 48 14 28 37 48
3 27 3 27
1 84 1 7 14 34 79 84
8 67 8 9 20 39 58 67
6 83 6 31 43 52 80 81 83
1 79 1 7 14 34 79
9 20 9 20
17 83 17 33 51 80 81 83
10 52 10 30 34 48 52
85 88 85 88
26 37 26 28 37
15 30 15 30
13 62 13 26 42 62
6 74 6 16 35 39 58 68 74
39 77 39 58 77
41 57 41 57
0 74 0 10 24 27 44 55 58 68 74
8 51 8 28 37 51
8 72 8 62 72
8 55 8 9 20 55
12 83 12 37 51 80 81 83
3 68 3 27 44 55 58 68
33 73 33 51 67 73
71 82 71 82
71 82 71 82
20 84 20 55 84
47 75 47 75
43 73 43 44 55 67 73
7 48 7 14 34 48
14 72 14 42 51 67 72
6 55 6 31 43 44 55
18 73 18 22 43 44 55 67 73
24 76 24 27 44 55 58 68 69 76
34 77 34 48 52 77
19 82 19 43 44 55 58 67 82
18 89 18 59 89
8 67 8 9 20 55 67
29 88 29 48 75 88
41 72 41 57 72
53 80 53 80
15 39 15 26 28 35 39
22 82 22 31 43 44 55 67 82
0 17 0 10 17
19 67 19 43 44 55 67
26 86 26 42 62 72 86
21 48 21 26 28 37 48
8 69 8 41 49 69
34 80 34 48 75 80
14 33 14 25 33
43 88 43 44 79 88
4 49 4 49
1 56 1 13 20 56
48 81 48 75 80 81
37 86 37 72 86
8 67 8 28 37 51 67
7 76 7 14 25 35 39 76
30 34 30 34
59 89 59 89
19 38 19 38
2 33 2 33
2 49 2 33 49
28 60 28 41 50 60
12 72 12 44 55 67 72
33 80 33 51 80
3 30 3 30
36 51 36 37 51
8 83 8 41 70 81 83
48 80 48 75 80
43 58 43 44 55 58
27 72 27 44 55 67 72
0 50 0 13 28 41 50
26 62 26 42 62
18 89 18 22 34 79 84 89
36 87 36 37 49 72 87
75 83 75 80 81 83
5 68 5 6 16 35 39 58 68
0 17 0 10 17
20 67 20 55 67
27 68 27 44 55 58 68
1 26 1 13 26
39 73 39 58 67 73
5 58 5 6 31 43 44 55 58
55 84 55 84
47 75 47 75
15 42 15 26 42
15 31 15 22 31
12 51 12 37 51
41 63 41 57 63
5 79 5 79
3 30 3 30
24 68 24 27 44 55 58 68
29 88 29 48 88
24 67 24 27 44 55 67
2 87 2 33 62 72 87
43 64 43 52 64
0 56 0 13 20 56
51 67 51 67
21 67 21 42 51 67
49 69 49 69
18 43 18 22 43
6 74 6 31 56 74
28 65 28 41 63 65
13 65 13 28 41 63 65
30 64 30 48 52 64
22 77 22 43 44 55 58 77
15 64 15 26 28 37 59 64
25 84 25 79 84
8 68 8 28 68
31 84 31 43 44 84
14 70 14 28 41 70
4 66 4 23 66
10 64 10 30 48 52 64
28 71 28 37 51 59 64 71
10 73 10 17 58 67 73
18 44 18 22 43 44
37 72 37 72
23 48 23 37 48
0 75 0 10 48 75
41 88 41 57 72 88
3 88 3 30 34 48 88
10 84 10 24 27 79 84
41 50 41 50
15 59 15 26 42 51 59
35 71 35 59 64 71
75 81 75 80 81
13 68 13 26 28 68
10 76 10 30 44 55 58 68 69 76
6 49 6 37 49
25 88 25 62 72 88
41 57 41 57
33 83 33 51 80 81 83
9 86 9 20 56 64 86
33 88 33 51 67 72 88
12 81 12 75 80 81
4 51 4 23 37 51
18 43 18 22 43
12 44 12 24 27 44
15 89 15 30 48 52 77 89
6 16 6 16
6 64 6 16 35 59 64
2 23 2 23
55 84 55 84
16 39 16 35 39
52 80 52 80
15 65 15 26 28 41 57 63 65
33 81 33 51 80 81
26 89 26 42 51 59 89
5 68 5 6 31 43 44 55 58 68
10 60 10 17 60
28 71 28 64 71
19 82 19 43 44 55 67 82
9 86 9 62 72 86
31 86 31 43 52 64 86
8 74 8 9 20 39 58 68 74
2 55 2 9 20 55
31 71 31 56 64 71
0 49 0 10 17 33 49
13 89 13 84 89
58 77 58 77
1 62 1 7 14 42 62
14 50 14 28 41 50
0 17 0 10 17
68 69 68 69
58 73 58 67 73
12 29 12 29
3 78 3 27 78
12 71 12 29 48 52 71
3 68 3 30 44 55 58 68
26 58 26 28 35 39 58
28 39 28 35 39
25 88 25 79 88
30 68 30 44 55 58 68
48 86 48 52 64 86
49 87 49 72 87
33 71 33 51 59 64 71
1 35 1 13 26 28 35
24 78 24 27 78
3 52 3 30 34 48 52
21 86 21 42 51 67 72 86
28 63 28 41 57 63
0 29 0 13 29
29 77 29 48 52 77
4 66 4 23 66
16 80 16 29 48 52 80
67 72 67 72
17 58 17 20 39 58
35 73 35 39 58 67 73
13 86 13 29 48 52 64 86
5 84 5 6 31 43 44 84
3 30 3 30
5 82 5 75 82
13 52 13 26 28 37 48 52
10 64 10 48 52 64
25 80 25 33 51 80
36 49 36 37 49
2 89 2 33 51 59 89
6 81 6 16 29 48 52 80 81
5 59 5 6 37 51 59
9 58 9 20 39 58
7 59 7 14 59
12 24 12 24
22 64 22 31 56 64
48 86 48 52 64 86
6 81 6 31 43 52 80 81
27 72 27 44 55 67 72
18 31 18 22 31
27 76 27 44 55 58 68 69 76
15 30 15 30
24 67 24 27 44 55 58 67
13 41 13 28 41
26 42 26 42
24 55 24 27 44 55
28 71 28 64 71
25 51 25 33 51
1 28 1 13 26 28
16 39 16 35 39
25 87 25 62 72 87
62 72 62 72
18 73 18 22 43 44 55 58 67 73
4 78 4 23 66 78
31 56 31 56
1 57 1 7 14 28 41 57
44 79 44 79
7 60 7 14 28 41 50 60
1 38 1 7 14 25 38
79 88 79 88
48 86 48 52 64 86
21 35 21 26 28 35
17 64 17 33 51 59 64
75 81 75 80 81
13 68 13 28 68
0 55 0 27 44 55
2 55 2 9 20 55
7 55 7 43 44 55
45 71 45 64 71
33 73 33 51 67 73
14 62 14 42 62
43 67 43 44 55 67
27 82 27 44 55 67 82
37 71 37 59 64 71
41 63 41 57 63
9 40 9 20 40
27 84 27 44 84
34 80 34 48 75 80
12 45 12 45
2 66 2 23 66
14 40 14 25 40
15 71 15 26 42 51 59 64 71
34 52 34 48 52
31 81 31 43 52 80 81
1 62 1 13 26 42 62
51 71 51 59 64 71
5 68 5 6 16 35 39 58 68
15 34 15 22 34
2 73 2 33 51 67 73
1 84 1 7 14 34 79 84
7 76 7 14 28 41 76
10 49 10 17 33 49
23 66 23 66
14 74 14 28 35 39 58 68 74
22 83 22 43 44 79 83
41 76 41 76
21 60 21 26 28 41 50 60
17 59 17 33 51 59
42 62 42 62
15 68 15 26 28 68
27 68 27 44 55 58 68
26 72 26 28 35 39 58 67 72
21 68 21 26 28 68
4 30 4 30
0 87 0 20 55 67 72 87
19 64 19 43 52 64
5 79 5 79
7 59 7 14 59
7 60 7 14 28 41 50 60
13 50 13 26 28 41 50
7 72 7 57 72
18 44 18 22 31 43 44
48 83 48 52 80 81 83
15 58 15 26 28 35 39 58
22 58 22 31 43 44 55 58
37 76 37 49 76
21 35 21 26 28 35
42 80 42 51 80
45 89 45 77 89
14 60 14 28 41 50 60
2 77 2 9 20 55 58 77
71 82 71 82
4 77 4 23 66 77
58 73 58 67 73
0 34 0 10 30 34
31 67 31 43 44 55 67
34 64 34 59 64
26 86 26 42 51 67 72 86
53 89 53 84 89
30 84 30 34 79 84
8 64 8 9 20 56 64
36 83 36 37 52 80 81 83
3 72 3 27 44 55 58 67 72
15 39 15 26 28 35 39
44 76 44 55 58 68 69 76
18 68 18 22 43 44 55 58 68
33 71 33 51 59 64 71
25 69 25 35 39 58 68 69
10 86 10 30 34 59 64 86
25 81 25 33 51 80 81
28 69 28 41 49 69
3 78 3 27 78
29 83 29 48 75 80 81 83
55 89 55 58 77 89
43 68 43 44 55 58 68
22 72 22 31 43 44 55 58 67 72
31 77 31 43 52 77
7 83 7 14 34 48 75 80 81 83
25 79 25 79
27 72 27 44 55 58 67 72
25 85 25 85
25 83 25 79 83
15 51 15 26 28 37 51
25 83 25 33 51 80 81 83
58 87 58 67 72 87
17 61 17 33 61
25 68 25 40 68
34 64 34 59 64
19 87 19 43 87
0 44 0 27 44
14 80 14 42 51 80
43 55 43 44 55
36 69 36 37 49 69
27 72 27 44 55 58 67 72
21 77 21 58 77
40 68 40 68
22 84 22 31 43 44 79 84
58 73 58 67 73
27 79 27 44 79
28 59 28 35 59
0 49 0 10 17 33 49
8 57 8 28 41 57
26 52 26 28 37 52
31 87 31 43 87
49 87 49 72 87
10 75 10 30 48 75
17 33 17 33
59 89 59 89
40 76 40 68 69 76
6 64 6 37 51 59 64
0 30 0 10 30
14 89 14 34 79 84 89
39 77 39 58 77
5 68 5 6 16 35 39 58 68
77 89 77 89
17 62 17 33 62
19 38 19 38
25 67 25 35 39 58 67
36 60 36 50 60
4 64 4 23 37 48 52 64
13 67 13 26 28 35 39 58 67
13 70 13 26 28 41 70
11 74 11 68 74
14 40 14 25 40
3 27 3 27
24 68 24 27 44 55 58 68
34 88 34 79 88
36 52 36 37 52
6 44 6 31 43 44
8 83 8 28 41 70 81 83
18 48 18 22 34 48
25 80 25 33 51 80
2 62 2 33 62
17 83 17 33 51 80 81 83
13 70 13 28 41 70
0 87 0 20 55 67 72 87
51 71 51 59 64 71
6 81 6 31 43 52 80 81
35 58 35 39 58
52 80 52 80
15 35 15 26 28 35
6 87 6 16 35 39 87
7 65 7 57 63 65
1 28 1 13 26 28
33 67 33 51 67
27 77 27 44 55 58 77
16 39 16 35 39
10 49 10 17 33 49
14 42 14 42
13 65 13 28 41 63 65
6 82 6 71 82
44 83 44 79 83
54 81 54 81
35 58 35 39 58
6 43 6 31 43
36 51 36 37 51
6 74 6 31 43 44 55 58 68 74
11 89 11 59 89
23 48 23 37 48
16 71 16 29 48 52 71
6 49 6 37 49
7 65 7 14 25 63 65
70 81 70 81
75 80 75 80
14 39 14 25 35 39
29 64 29 48 52 64
36 48 36 37 48
33 61 33 61
2 55 2 9 20 55
0 81 0 13 29 48 75 80 81
21 50 21 26 28 41 50
24 76 24 27 44 55 58 68 69 76
21 26 21 26
51 86 51 86
23 88 23 49 72 88
20 69 20 40 68 69
15 51 15 26 42 51
28 39 28 35 39
58 77 58 77
12 82 12 44 55 58 67 82
9 86 9 20 39 58 67 72 86
0 89 0 45 77 89
29 83 29 48 52 80 81 83
13 62 13 26 42 62
3 51 3 37 51
39 76 39 76
7 59 7 14 34 59
54 83 54 81 83
9 77 9 20 55 58 77
40 74 40 68 74
3 67 3 37 51 67
36 69 36 37 49 69
15 89 15 22 31 43 52 77 89
44 68 44 55 58 68
28 69 28 41 49 69
8 55 8 9 20 55
15 80 15 26 42 51 80
44 83 44 79 83
3 88 3 9 62 72 88
36 69 36 37 49 69
2 87 2 33 62 72 87
9 68 9 20 55 58 68
14 40 14 25 40
25 40 25 40
5 43 5 6 31 43
6 83 6 31 43 44 79 83
4 51 4 23 37 51
8 40 8 9 20 40
21 86 21 26 28 35 59 64 86
26 80 26 28 37 51 80
16 58 16 35 39 58
37 69 37 49 69
6 49 6 37 49
40 74 40 68 74
14 62 14 25 33 62
13 67 13 26 42 51 67
26 50 26 28 41 50
7 68 7 43 44 55 58 68
72 87 72 87
36 49 36 37 49
54 83 54 81 83
6 55 6 31 43 44 55
5 68 5 6 31 68
0 63 0 13 26 28 41 57 63
7 76 7 14 25 40 68 69 76
1 25 1 7 14 25
2 48 2 23 37 48
31 71 31 43 52 64 71
1 40 1 2 9 20 40
24 44 24 27 44
0 55 0 27 44 55
3 44 3 27 44
16 48 16 29 48
48 88 48 88
43 82 43 52 64 82
14 50 14 28 41 50
3 30 3 30
19 44 19 43 44
9 58 9 20 39 58
5 37 5 6 37
35 86 35 39 58 67 72 86
42 71 42 51 59 64 71
29 71 29 48 52 71
25 88 25 85 88
22 83 22 34 79 83
17 58 17 20 39 58
0 71 0 20 56 64 71
16 65 16 35 39 65
14 88 14 34 79 88
10 77 10 24 27 44 55 58 77
36 69 36 37 49 69
44 73 44 55 67 73
20 74 20 55 58 68 74
1 72 1 49 72
14 37 14 28 37
1 74 1 13 28 35 39 58 68 74
6 31 6 31
13 68 13 68
8 88 8 41 49 72 88
47 83 47 80 81 83
13 70 13 26 28 41 70
6 87 6 37 72 87
28 60 28 41 50 60
0 89 0 89
7 78 7 14 28 41 57 78
10 77 10 30 34 48 52 77
14 78 14 28 41 57 78
44 79 44 79
40 68 40 68
36 83 36 37 51 80 81 83
34 48 34 48
25 69 25 35 39 58 68 69
7 55 7 43 44 55
22 59 22 34 59
16 87 16 35 39 87
28 39 28 35 39
8 56 8 9 20 56
28 71 28 64 71
35 86 35 59 64 86
22 74 22 31 68 74
21 73 21 58 67 73
25 74 25 40 68 74
36 60 36 50 60
51 67 51 67
13 42 13 26 42
31 87 31 43 87
41 81 41 70 81
13 62 13 26 42 62
53 80 53 80
41 76 41 76
10 83 10 17 33 51 80 81 83
12 27 12 24 27
2 32 2 23 32
6 49 6 37 49
41 63 41 57 63
33 67 33 51 67
29 75 29 48 75
66 78 66 78
14 42 14 42
20 84 20 55 84
22 43 22 31 43
34 77 34 48 52 77
29 80 29 48 75 80
8 40 8 9 20 40
8 80 8 28 37 51 80
1 87 1 49 72 87
28 68 28 35 39 58 68
3 89 3 38 89
5 83 5 52 80 81 83
2 55 2 9 20 55
0 20 0 13 20
48 64 48 52 64
7 72 7 57 72
1 61 1 2 33 61
40 74 40 68 74
13 87 13 26 28 41 57 72 87
16 71 16 29 48 52 71
15 79 15 22 31 43 44 79
20 74 20 40 68 74
16 89 16 29 48 52 77 89
6 81 6 31 43 52 80 81
23 48 23 37 48
7 57 7 14 28 41 57
17 60 17 60
13 50 13 28 41 50
51 83 51 80 81 83
28 39 28 35 39
37 82 37 51 59 64 71 82
21 87 21 42 51 67 72 87
22 34 22 34
5 69 5 6 31 43 44 55 58 68 69
37 80 37 48 75 80
12 66 12 66
14 70 14 28 41 70
15 62 15 26 42 62
14 42 14 42
36 87 36 37 72 87
17 83 17 33 51 80 81 83
28 60 28 41 50 60
10 51 10 17 33 51
26 80 26 28 37 48 75 80
6 44 6 31 43 44
12 82 12 75 82
20 58 20 55 58
10 68 10 17 58 68
39 76 39 58 68 69 76
55 67 55 58 67
1 74 1 2 9 20 39 58 68 74
13 26 13 26
5 49 5 6 37 49
5 82 5 75 82
25 79 25 79
25 69 25 35 39 58 68 69
14 70 14 28 41 70
12 27 12 24 27
25 87 25 62 72 87
52 82 52 64 71 82
26 80 26 42 51 80
29 83 29 48 75 80 81 83
23 59 23 37 59
39 76 39 58 68 69 76
27 84 27 44 79 84
27 76 27 44 55 58 68 69 76
47 83 47 80 81 83
14 57 14 28 41 57
7 59 7 14 59
9 68 9 20 40 68
22 59 22 34 59
6 82 6 71 82
5 83 5 52 80 81 83
6 65 6 16 35 39 65
30 82 30 34 59 64 71 82
26 37 26 28 37
29 83 29 48 52 80 81 83
23 69 23 37 49 69
58 82 58 67 82
16 29 16 29
1 29 1 13 29
41 49 41 49
16 89 16 35 39 58 77 89
44 86 44 55 67 72 86
10 84 10 30 34 79 84
41 81 41 70 81
34 71 34 48 52 71
5 51 5 6 37 51
29 75 29 48 75
1 42 1 7 14 42
36 50 36 50
43 73 43 44 55 67 73
39 73 39 58 67 73
14 70 14 28 41 70
17 59 17 33 51 59
7 51 7 14 42 51
44 73 44 55 58 67 73
2 73 2 33 51 67 73
27 83 27 79 83
27 73 27 44 55 67 73
1 81 1 7 43 52 80 81
2 77 2 9 20 55 58 77
56 74 56 74
15 35 15 26 28 35
45 71 45 64 71
8 74 8 28 68 74
34 75 34 48 75
30 76 30 44 55 58 68 69 76
43 64 43 52 64
2 74 2 56 74
12 66 12 66
34 77 34 48 52 77
0 40 0 13 20 40
9 58 9 20 55 58
18 86 18 22 31 56 64 86
5 51 5 6 37 51
18 67 18 22 43 44 55 67
35 58 35 39 58
51 80 51 80
25 69 25 40 68 69
39 73 39 58 67 73
52 77 52 77
36 48 36 37 48
1 68 1 7 43 44 55 58 68
14 88 14 42 62 72 88
28 78 28 41 57 78
37 71 37 48 52 71
16 65 16 35 39 65
4 81 4 70 81
11 82 11 59 64 82
17 59 17 33 51 59
26 67 26 28 35 39 58 67
27 83 27 44 79 83
13 87 13 20 39 58 67 72 87
30 82 30 44 55 58 67 82
55 67 55 58 67
7 35 7 14 28 35
47 75 47 75
14 74 14 25 40 68 74
66 78 66 78
6 82 6 37 51 59 64 71 82
18 89 18 22 34 59 89
25 74 25 40 68 74
55 84 55 84
13 78 13 28 41 57 78
1 50 1 13 26 28 41 50
49 69 49 69
26 69 26 28 37 49 69
9 71 9 20 56 64 71
14 69 14 25 35 39 58 68 69
30 81 30 34 48 75 80 81
16 58 16 35 39 58
5 76 5 6 16 35 39 58 68 69 76
4 75 4 30 48 75
13 35 13 26 28 35
7 72 7 14 25 33 62 72
14 48 14 28 37 48
8 58 8 9 20 39 58
18 81 18 22 31 43 52 80 81
9 71 9 71
1 41 1 7 14 28 41
26 58 26 28 35 39 58
13 42 13 26 42
1 35 1 13 26 28 35
15 35 15 26 28 35
30 34 30 34
4 82 4 30 34 48 52 64 82
7 65 7 57 63 65
9 74 9 20 39 58 68 74
1 62 1 13 26 42 62
12 84 12 24 27 44 79 84
27 82 27 44 55 58 67 82
53 89 53 84 89
8 35 8 28 35
21 39 21 26 28 35 39
7 62 7 62
5 82 5 75 82
48 83 48 52 80 81 83
18 65 18 20 39 65
4 66 4 23 66
36 48 36 37 48
8 69 8 41 49 69
14 84 14 34 79 84
29 52 29 48 52
20 84 20 55 84
44 79 44 79
0 77 0 45 77
1 51 1 37 51
7 72 7 14 42 62 72
8 56 8 9 20 56
19 82 19 56 64 71 82
21 87 21 58 67 72 87
2 64 2 33 51 59 64
21 86 21 58 67 72 86
1 40 1 7 14 25 40
54 81 54 81
27 76 27 44 55 58 68 69 76
31 86 31 56 64 86
58 87 58 67 72 87
36 75 36 37 48 75
48 86 48 52 64 86
14 48 14 34 48
9 74 9 20 40 68 74
0 20 0 10 17 20
31 83 31 43 44 79 83
14 84 14 25 79 84
0 30 0 10 30
31 68 31 43 44 55 58 68
0 71 0 10 48 52 71
8 67 8 9 20 55 58 67
0 20 0 13 20
13 68 13 26 28 35 39 58 68
9 20 9 20
10 62 10 17 33 62
15 34 15 30 34
36 75 36 37 48 75
12 59 12 37 51 59
0 55 0 20 55
18 55 18 22 43 44 55
0 80 0 10 30 48 52 80
27 58 27 44 55 58
26 78 26 28 41 57 78
58 82 58 67 82
30 67 30 44 55 67
7 38 7 14 25 38
5 87 5 6 16 87
35 88 35 39 58 67 72 88
18 89 18 22 43 52 77 89
4 71 4 23 37 52 71
22 79 22 34 79
12 58 12 24 27 44 55 58
23 73 23 37 51 67 73
15 30 15 30
1 81 1 37 52 80 81
22 56 22 31 56
22 59 22 34 59
75 81 75 80 81
9 64 9 20 56 64
22 89 22 34 79 84 89
41 49 41 49
22 52 22 34 48 52
47 75 47 75
36 83 36 81 83
16 88 16 29 48 88
15 56 15 22 31 56
26 78 26 28 41 57 78
6 43 6 31 43
51 80 51 80
0 89 0 27 79 84 89
24 68 24 27 44 55 58 68
15 31 15 22 31
7 76 7 43 44 55 58 68 69 76
20 58 20 39 58
23 87 23 37 51 67 72 87
6 82 6 71 82
22 82 22 34 48 75 82
13 26 13 26
42 62 42 62
30 64 30 34 48 52 64
33 87 33 49 72 87
26 52 26 28 37 52
63 65 63 65
2 87 2 33 62 72 87
14 50 14 28 41 50
26 52 26 28 37 52
12 59 12 37 59
3 30 3 30
64 71 64 71
12 24 12 24
30 81 30 34 48 75 80 81
3 30 3 30
29 77 29 48 52 77
19 87 19 43 87
14 81 14 34 48 52 80 81
25 88 25 79 88
3 58 3 9 20 39 58
51 86 51 67 72 86
0 29 0 13 29
43 72 43 44 55 58 67 72
0 50 0 13 26 28 41 50
1 81 1 37 52 80 81
39 68 39 58 68
20 82 20 55 58 67 82
28 71 28 64 71
1 87 1 37 49 72 87
9 86 9 62 72 86
7 57 7 57
2 73 2 33 51 67 73
28 49 28 37 49
36 75 36 37 48 75
0 30 0 10 30
10 51 10 17 33 51
22 56 22 31 56
16 87 16 87
19 73 19 43 44 55 58 67 73
6 75 6 16 29 48 75
63 65 63 65
19 67 19 43 44 55 67
14 35 14 25 35
2 48 2 23 37 48
11 89 11 59 89
33 78 33 78
14 87 14 28 35 39 87
3 55 3 9 20 55
31 84 31 43 44 79 84
17 60 17 60
10 64 10 17 20 56 64
53 80 53 80
27 82 27 44 55 58 67 82
39 87 39 87
14 57 14 28 41 57
55 58 55 58
0 63 0 13 28 41 63
6 49 6 37 49
14 33 14 25 33
33 83 33 51 80 81 83
20 84 20 55 84
8 80 8 28 37 51 80
7 74 7 14 28 68 74
12 88 12 44 79 88
44 83 44 79 83
12 45 12 45
3 72 3 37 51 67 72
27 72 27 44 55 67 72
51 86 51 59 64 86
14 88 14 34 79 88
31 73 31 43 44 55 58 67 73
30 44 30 44
1 41 1 13 28 41
18 31 18 22 31
79 88 79 88
58 67 58 67
16 87 16 87
1 76 1 37 49 69 76
0 29 0 13 29
9 20 9 20
77 89 77 89
12 58 12 44 55 58
62 88 62 72 88
17 56 17 20 56
21 87 21 58 67 72 87
4 23 4 23
75 80 75 80
3 38 3 38
10 86 10 17 58 67 72 86
3 88 3 30 34 79 88
31 67 31 43 44 55 58 67
26 58 26 28 35 39 58
2 49 2 23 37 49
12 60 12 50 60
52 89 52 77 89
9 71 9 71
12 71 12 29 48 52 64 71
26 82 26 28 64 82
1 2 1 2
21 73 21 58 67 73
2 68 2 9 20 39 58 68
3 78 3 9 20 40 78
13 40 13 20 40
5 29 5 6 16 29
9 76 9 20 39 76
70 81 70 81
37 82 37 48 52 64 82
8 74 8 28 35 39 58 68 74
21 74 21 58 68 74
41 63 41 63
15 34 15 30 34
1 57 1 13 28 41 57
25 85 25 85
26 69 26 28 41 49 69
20 56 20 56
17 64 17 33 51 59 64
13 70 13 26 28 41 70
39 74 39 58 68 74
13 87 13 20 39 87
20 67 20 55 67
3 38 3 38
16 59 16 35 59
28 69 28 41 49 69
25 88 25 79 88
5 37 5 6 37
19 76 19 43 44 55 58 68 69 76
27 76 27 44 55 58 68 69 76
7 35 7 14 28 35
18 31 18 22 31
0 76 0 13 28 68 69 76
10 61 10 17 33 61
17 86 17 33 62 72 86
43 71 43 52 71
44 69 44 55 58 68 69
22 77 22 34 48 52 77
71 82 71 82
12 45 12 45
21 35 21 26 28 35
33 67 33 51 67
33 71 33 51 59 64 71
34 64 34 59 64
12 66 12 66
44 88 44 55 58 67 72 88
40 74 40 68 74
7 78 7 14 25 40 78
3 74 3 30 44 55 58 68 74
7 43 7 43
31 56 31 56
75 81 75 80 81
22 67 22 31 43 44 55 67
31 72 31 43 44 55 67 72
40 69 40 68 69
42 59 42 51 59
22 64 22 43 52 64
13 86 13 26 42 62 72 86
57 87 57 72 87
5 59 5 6 37 51 59
25 51 25 33 51
15 77 15 26 28 77
34 75 34 48 75
27 76 27 44 55 58 68 69 76
2 48 2 23 37 48
62 88 62 72 88
19 89 19 43 52 77 89
53 80 53 80
44 86 44 55 67 72 86
28 57 28 41 57
48 88 48 75 88
59 89 59 89
5 87 5 6 16 35 39 58 67 72 87
17 84 17 20 55 84
6 83 6 31 43 44 79 83
26 42 26 42
18 55 18 20 55
12 51 12 37 51
11 86 11 59 64 86
6 75 6 37 48 75
19 67 19 43 44 55 67
10 86 10 30 48 52 64 86
21 74 21 58 68 74
20 56 20 56
5 76 5 6 37 49 69 76
0 28 0 13 28
56 64 56 64
3 55 3 27 44 55
3 67 3 30 44 55 67
17 56 17 20 56
44 73 44 55 67 73
44 67 44 55 58 67
33 59 33 51 59
2 49 2 23 49
7 51 7 14 25 33 51
28 72 28 35 39 58 67 72
2 62 2 33 62
41 76 41 49 76
30 82 30 48 52 64 71 82
2 69 2 33 49 69
7 55 7 43 44 55
7 62 7 14 25 33 62
14 81 14 42 51 80 81
53 84 53 84
1 62 1 13 26 42 62
43 68 43 44 55 58 68
13 57 13 28 41 57
35 86 35 39 58 67 72 86
52 81 52 80 81
44 67 44 55 58 67
85 88 85 88
49 88 49 72 88
24 68 24 27 44 55 58 68
5 59 5 6 16 35 59
15 34 15 22 34
12 59 12 37 59
2 86 2 33 51 86
15 51 15 26 28 37 51
42 80 42 51 80
22 74 22 31 68 74
3 52 3 30 48 52
29 83 29 48 52 80 81 83
27 82 27 44 55 67 82
12 55 12 24 27 44 55
41 88 41 49 72 88
10 49 10 17 33 49
17 33 17 33
14 89 14 25 79 84 89
6 73 6 37 51 67 73
6 59 6 16 35 59
41 88 41 57 72 88
3 30 3 30
25 68 25 40 68
8 57 8 28 41 57
4 34 4 30 34
10 72 10 30 44 55 58 67 72
10 62 10 17 33 62
8 52 8 28 37 48 52
43 88 43 44 79 88
5 84 5 6 31 43 44 84
1 38 1 7 14 25 38
26 87 26 28 87
28 39 28 35 39
14 37 14 28 37
28 57 28 41 57
27 68 27 44 55 58 68
14 58 14 28 35 39 58
55 89 55 84 89
16 87 16 87
21 39 21 26 28 35 39
21 42 21 42
7 87 7 14 42 51 67 72 87
15 62 15 26 42 62
33 78 33 78
28 81 28 41 70 81
8 64 8 9 20 56 64
13 50 13 26 28 41 50
59 82 59 64 71 82
12 60 12 45 50 60
10 86 10 48 52 64 86
55 58 55 58
24 84 24 27 44 55 84
23 48 23 37 48
42 81 42 51 80 81
15 49 15 26 28 41 49
15 58 15 26 28 35 39 58
4 75 4 23 37 48 75
16 39 16 35 39
14 62 14 25 62
15 77 15 26 28 37 77
0 28 0 13 28
0 89 0 45 77 89
2 81 2 33 51 80 81
51 86 51 67 72 86
3 56 3 9 20 56
9 39 9 20 39
13 70 13 28 41 70
26 76 26 28 68 69 76
30 81 30 48 52 80 81
26 80 26 28 37 52 80
2 80 2 33 51 80
15 73 15 26 28 37 51 67 73
55 86 55 67 72 86
10 52 10 30 34 48 52
11 76 11 68 69 76
3 67 3 30 44 55 58 67
28 81 28 37 51 80 81
31 79 31 43 44 79
13 87 13 28 87
3 67 3 30 44 55 67
22 58 22 31 43 44 55 58
22 81 22 43 52 80 81
10 73 10 24 27 44 55 58 67 73
3 51 3 37 51
36 76 36 37 49 76
51 71 51 59 64 71
10 61 10 17 33 61
35 86 35 59 64 86
28 57 28 41 57
40 76 40 68 69 76
19 86 19 56 64 86
1 42 1 7 14 42
28 89 28 35 59 89
25 67 25 33 51 67
3 51 3 37 51
23 69 23 37 49 69
18 44 18 22 31 43 44
13 50 13 28 41 50
39 74 39 58 68 74
33 81 33 51 80 81
23 88 23 49 72 88
33 73 33 51 67 73
59 82 59 64 82
10 49 10 17 33 49
42 80 42 51 80
2 80 2 33 51 80
1 51 1 37 51
55 84 55 84
51 86 51 59 64 86
13 35 13 26 28 35
3 68 3 27 44 55 58 68
24 44 24 27 44
7 78 7 57 78
40 69 40 68 69
41 72 41 57 72
14 33 14 25 33
30 81 30 34 48 52 80 81
26 37 26 28 37
25 40 25 40
14 58 14 25 35 39 58
36 49 36 37 49
1 42 1 13 26 42
0 80 0 13 29 48 75 80
1 28 1 13 26 28
24 84 24 27 79 84
13 52 13 29 48 52
30 82 30 48 52 71 82
39 76 39 76
0 82 0 13 28 37 52 71 82
22 82 22 34 48 52 64 71 82
16 39 16 35 39
15 51 15 26 28 37 51
24 83 24 27 79 83
15 69 15 26 28 37 49 69
12 81 12 37 52 80 81
16 52 16 29 48 52
14 67 14 25 33 51 67
5 43 5 6 31 43
28 78 28 41 57 78
9 77 9 20 39 58 77
49 87 49 72 87
22 34 22 34
6 59 6 16 35 59
37 80 37 52 80
7 38 7 14 25 38
7 80 7 43 52 80
15 35 15 26 28 35
12 52 12 29 48 52
7 62 7 62
0 44 0 27 44
22 84 22 31 43 44 79 84
20 82 20 39 58 67 82
8 89 8 9 20 39 58 77 89
5 69 5 6 16 35 39 58 68 69
14 76 14 25 35 39 76
9 76 9 20 40 68 69 76
2 87 2 9 20 55 58 67 72 87
75 81 75 80 81
23 59 23 37 51 59
27 79 27 44 79
42 71 42 51 59 64 71
8 89 8 28 35 59 89
7 85 7 14 25 85
3 55 3 27 44 55
24 83 24 27 44 79 83
28 78 28 41 57 78
6 87 6 16 35 39 58 67 72 87
18 20 18 20
20 56 20 56
8 64 8 28 37 51 59 64
4 44 4 30 44
31 84 31 43 44 79 84
16 52 16 29 48 52
29 88 29 48 88
17 61 17 33 61
4 32 4 23 32
1 42 1 7 14 42
26 49 26 28 37 49
28 78 28 41 57 78
2 32 2 23 32
3 27 3 27
2 58 2 9 20 39 58
5 83 5 52 80 81 83
8 51 8 28 37 51
30 67 30 44 55 67
31 87 31 43 87
9 20 9 20
49 87 49 72 87
12 52 12 37 52
1 87 1 37 72 87
21 42 21 42
55 73 55 58 67 73
16 71 16 29 48 52 71
18 55 18 20 55
4 66 4 23 66
0 76 0 20 55 58 68 69 76
3 81 3 30 34 48 75 80 81
26 72 26 28 35 39 58 67 72
0 55 0 20 55
79 88 79 88
37 71 37 48 52 71
62 88 62 72 88
34 52 34 48 52
2 62 2 33 62
5 37 5 6 37
12 88 12 72 88
6 83 6 37 48 75 80 81 83
44 76 44 55 58 68 69 76
1 29 1 13 29
26 76 26 28 68 69 76
25 80 25 33 51 80
5 37 5 6 37
18 76 18 20 40 68 69 76
8 41 8 41
9 86 9 20 56 64 86
54 81 54 81
12 52 12 29 48 52
27 44 27 44
2 84 2 9 20 55 84
26 57 26 28 41 57
8 88 8 28 35 39 58 67 72 88
34 77 34 48 52 77
25 87 25 62 72 87
19 76 19 43 44 55 58 68 69 76
7 76 7 43 44 55 58 68 69 76
25 88 25 85 88
23 59 23 37 59
42 81 42 51 80 81
13 41 13 28 41
16 89 16 29 48 52 77 89
18 67 18 22 43 44 55 67
34 64 34 59 64
14 80 14 34 48 75 80
48 64 48 52 64
14 58 14 28 35 39 58
21 83 21 42 51 80 81 83
0 71 0 10 30 34 48 52 71
27 89 27 79 84 89
13 89 13 20 39 58 77 89
0 77 0 27 44 55 58 77
14 57 14 28 41 57
1 57 1 7 57
17 58 17 20 55 58
14 83 14 25 79 83
14 82 14 28 41 50 82
28 69 28 35 39 58 68 69
15 57 15 26 28 41 57
16 52 16 29 48 52
1 51 1 13 26 28 37 51
13 57 13 28 41 57
8 35 8 28 35
36 77 36 37 52 77
31 84 31 43 44 55 84
4 66 4 23 66
2 86 2 56 64 86
0 35 0 13 28 35
14 58 14 25 35 39 58
3 52 3 30 48 52
15 49 15 26 28 37 49
28 65 28 35 39 65
10 52 10 48 52
12 52 12 29 48 52
30 34 30 34
26 57 26 28 41 57
0 30 0 10 30
49 88 49 72 88
14 78 14 25 33 78
55 84 55 84
36 83 36 81 83
0 76 0 10 17 58 68 69 76
8 41 8 41
58 76 58 68 69 76
14 88 14 42 51 67 72 88
15 62 15 26 42 62
13 62 13 26 42 62
1 2 1 2
19 56 19 56
22 79 22 34 79
45 89 45 77 89
18 65 18 20 39 65
54 81 54 81
9 40 9 20 40
14 80 14 25 33 51 80
33 81 33 51 80 81
1 50 1 7 14 28 41 50
49 87 49 72 87
21 50 21 26 28 41 50
6 74 6 16 35 39 58 68 74
28 59 28 35 59
1 81 1 13 26 28 37 48 75 80 81
18 68 18 22 31 68
12 52 12 37 52
55 89 55 58 77 89
52 83 52 80 81 83
23 88 23 49 72 88
8 74 8 28 35 39 58 68 74
26 76 26 28 41 76
0 50 0 13 26 28 41 50
10 60 10 17 60
10 52 10 48 52
24 67 24 27 44 55 67
1 79 1 7 14 25 79
43 55 43 44 55
27 82 27 44 55 58 67 82
9 76 9 20 39 76
52 82 52 64 82
16 65 16 35 39 65
49 69 49 69
22 77 22 34 48 52 77
52 80 52 80
14 39 14 25 35 39
24 55 24 27 44 55
37 48 37 48
34 80 34 48 52 80
9 76 9 20 55 58 68 69 76
1 51 1 37 51
15 79 15 22 31 43 44 79
30 67 30 44 55 58 67
5 29 5 6 16 29
2 84 2 9 20 55 84
25 84 25 79 84
3 51 3 37 51
62 88 62 72 88
6 82 6 37 48 75 82
25 67 25 33 51 67
1 50 1 7 14 28 41 50
15 31 15 22 31
12 81 12 29 48 75 80 81
1 40 1 2 9 20 40
14 57 14 28 41 57
42 80 42 51 80
2 33 2 33
44 76 44 55 58 68 69 76
14 58 14 28 35 39 58
58 86 58 67 72 86
10 83 10 17 33 51 80 81 83
24 83 24 27 79 83
6 75 6 16 29 48 75
29 75 29 48 75
0 32 0 10 17 32
8 64 8 9 20 56 64
26 41 26 28 41
21 68 21 58 68
4 49 4 49
15 58 15 22 31 43 44 55 58
25 76 25 40 68 69 76
26 49 26 28 37 49
41 49 41 49
27 44 27 44
26 52 26 28 37 52
22 58 22 31 43 44 55 58
17 73 17 58 67 73
24 44 24 27 44
4 34 4 30 34
12 66 12 66
10 62 10 17 33 62
1 81 1 7 43 52 80 81
4 82 4 70 82
22 81 22 31 43 52 80 81
8 52 8 28 37 48 52
26 89 26 42 51 59 89
26 42 26 42
14 82 14 28 64 71 82
33 80 33 51 80
0 74 0 10 24 27 44 55 58 68 74
6 83 6 16 29 48 52 80 81 83
18 44 18 22 43 44
1 74 1 2 56 74
77 89 77 89
29 88 29 48 75 88
21 62 21 26 42 62
35 39 35 39
1 28 1 13 28
58 67 58 67
20 56 20 56
22 58 22 43 44 55 58
4 71 4 30 34 59 64 71
1 74 1 13 26 28 68 74
30 64 30 48 52 64
51 83 51 80 81 83
15 83 15 30 48 52 80 81 83
7 65 7 57 63 65
17 56 17 20 56
0 44 0 10 30 44
1 75 1 7 14 28 37 48 75
35 71 35 59 64 71
57 78 57 78
26 82 26 42 51 59 64 71 82
17 60 17 60
41 72 41 49 72
55 86 55 58 67 72 86
30 84 30 44 79 84
37 80 37 51 80
14 33 14 25 33
0 44 0 27 44
19 87 19 62 72 87
1 29 1 13 29
26 67 26 42 51 67
13 26 13 26
26 57 26 28 41 57
43 88 43 44 79 88
12 71 12 29 48 52 64 71
70 81 70 81
24 78 24 27 78
8 69 8 28 68 69
1 50 1 7 14 28 41 50
53 89 53 84 89
7 51 7 14 25 33 51
26 87 26 28 87
25 76 25 33 49 69 76
15 68 15 30 44 55 58 68
17 86 17 20 39 58 67 72 86
2 66 2 23 66
30 79 30 34 79
14 81 14 28 37 48 75 80 81
25 88 25 62 72 88
25 85 25 85
42 81 42 51 80 81
43 74 43 44 55 58 68 74
6 82 6 37 48 52 71 82
2 64 2 23 37 48 52 64
41 88 41 57 72 88
43 83 43 52 80 81 83
12 55 12 24 27 44 55
27 83 27 79 83
23 48 23 37 48
38 89 38 89
12 44 12 44
2 84 2 9 20 55 84
3 89 3 30 44 79 84 89
6 59 6 37 51 59
7 74 7 43 44 55 58 68 74
6 64 6 16 35 59 64
13 67 13 20 39 58 67
17 61 17 33 61
14 42 14 42
12 75 12 75
9 58 9 20 39 58
9 67 9 20 39 58 67
4 78 4 23 66 78
5 51 5 6 37 51
31 67 31 43 44 55 58 67
51 86 51 86
7 85 7 14 25 85
25 81 25 33 51 80 81
62 72 62 72
22 79 22 34 79
14 69 14 28 68 69
13 89 13 84 89
48 80 48 75 80
58 73 58 67 73
28 39 28 35 39
42 71 42 51 59 64 71
27 79 27 79
15 68 15 26 28 68
0 74 0 20 56 74
1 56 1 2 9 20 56
0 30 0 10 30
13 73 13 28 37 51 67 73
21 42 21 26 42
1 2 1 2
41 60 41 50 60
5 44 5 6 31 43 44
1 84 1 7 14 25 79 84
22 43 22 31 43
17 60 17 60
3 71 3 64 71
57 87 57 72 87
33 59 33 51 59
26 76 26 28 41 49 69 76
30 34 30 34
14 84 14 34 79 84
80 81 80 81
8 72 8 62 72
14 50 14 28 41 50
9 39 9 20 39
3 52 3 30 48 52
12 75 12 29 48 75
1 25 1 7 14 25
33 88 33 62 72 88
23 59 23 37 59
8 75 8 28 37 48 75
25 74 25 40 68 74
34 52 34 48 52
17 61 17 33 61
43 83 43 44 79 83
41 72 41 57 72
19 44 19 43 44
75 83 75 80 81 83
16 59 16 35 59
19 76 19 69 76
1 63 1 13 26 28 41 57 63
37 86 37 52 64 86
14 62 14 25 33 62
43 58 43 44 55 58
18 73 18 22 31 43 44 55 58 67 73
4 51 4 23 37 51
0 40 0 10 17 20 40
21 39 21 26 28 35 39
4 88 4 49 72 88
0 35 0 13 28 35
0 82 0 20 39 58 67 82
8 68 8 9 20 40 68
8 74 8 9 20 40 68 74
12 84 12 44 84
40 76 40 68 69 76
2 66 2 23 66
31 86 31 56 64 86
37 69 37 49 69
44 69 44 55 58 68 69
12 51 12 37 51
17 33 17 33
34 71 34 48 52 64 71
4 75 4 23 37 48 75
5 59 5 6 16 35 59
5 29 5 6 16 29
52 83 52 80 81 83
55 86 55 58 67 72 86
17 83 17 70 81 83
29 48 29 48
27 68 27 44 55 58 68
25 88 25 79 88
58 82 58 67 82
21 50 21 26 28 41 50
20 67 20 39 58 67
1 68 1 2 9 20 39 58 68
57 87 57 72 87
3 27 3 27
15 49 15 26 28 37 49
25 79 25 79
28 39 28 35 39
11 74 11 68 74
14 89 14 42 51 59 89
8 64 8 28 37 51 59 64
12 82 12 37 59 64 82
10 83 10 24 27 79 83
8 41 8 28 41
10 60 10 17 60
14 81 14 28 41 70 81
20 67 20 39 58 67
27 72 27 44 55 67 72
36 60 36 50 60
13 82 13 29 48 52 71 82
8 40 8 40
39 76 39 76
18 86 18 20 56 64 86
40 74 40 68 74
21 67 21 42 51 67
12 58 12 24 27 44 55 58
0 77 0 45 77
58 77 58 77
9 86 9 62 72 86
1 75 1 2 23 37 48 75
13 26 13 26
0 52 0 10 30 34 48 52
47 83 47 80 81 83
12 60 12 50 60
29 82 29 48 75 82
9 88 9 20 39 58 67 72 88
34 71 34 48 52 64 71
5 59 5 6 16 35 59
25 81 25 33 51 80 81
34 77 34 48 52 77
33 80 33 51 80
44 69 44 55 58 68 69
58 87 58 67 72 87
21 83 21 42 51 80 81 83
26 68 26 28 68
28 59 28 37 59
26 48 26 28 37 48
0 76 0 20 39 76
0 32 0 10 17 32
43 55 43 44 55
22 72 22 31 43 44 55 67 72
14 40 14 25 40
34 52 34 48 52
35 86 35 59 64 86
30 34 30 34
21 77 21 58 77
8 50 8 41 50
11 89 11 59 89
35 69 35 39 58 68 69
33 51 33 51
24 83 24 83
4 71 4 23 37 48 52 64 71
18 81 18 22 43 52 80 81
0 40 0 20 40
0 87 0 13 26 28 87
12 83 12 29 48 52 80 81 83
22 67 22 43 44 55 67
34 77 34 48 52 77
31 56 31 56
15 59 15 22 34 59
4 84 4 30 44 79 84
41 81 41 70 81
19 73 19 43 44 55 58 67 73
13 89 13 26 42 51 59 89
24 78 24 27 78
26 87 26 28 37 51 67 72 87
7 60 7 14 28 41 50 60
15 69 15 22 43 44 55 58 68 69
18 86 18 59 64 86
9 77 9 20 39 58 77
6 64 6 16 29 48 52 64
19 64 19 43 52 64
14 67 14 25 33 51 67
8 69 8 40 68 69
15 64 15 26 42 51 59 64
0 71 0 10 17 33 51 59 64 71
12 27 12 24 27
26 49 26 28 37 49
45 60 45 50 60
7 74 7 14 28 68 74
2 58 2 9 20 55 58
15 56 15 22 31 56
40 69 40 68 69
57 78 57 78
43 83 43 44 79 83
27 83 27 79 83
3 56 3 9 20 56
27 69 27 44 55 58 68 69
43 68 43 44 55 58 68
10 61 10 17 33 61
23 48 23 37 48
44 76 44 55 58 68 69 76
3 55 3 9 20 55
14 33 14 25 33
15 42 15 26 42
52 89 52 77 89
21 48 21 26 28 37 48
19 56 19 56
34 48 34 48
25 40 25 40
10 69 10 30 44 55 58 68 69
64 71 64 71
8 73 8 28 35 39 58 67 73
8 64 8 9 20 56 64
35 71 35 59 64 71
1 57 1 13 28 41 57
3 72 3 27 44 55 58 67 72
15 37 15 26 28 37
4 71 4 23 37 59 64 71
9 58 9 20 39 58
5 56 5 6 31 56
16 80 16 29 48 75 80
31 77 31 43 44 55 58 77
1 32 1 2 23 32
58 82 58 67 82
20 58 20 55 58
34 48 34 48
55 67 55 67
14 60 14 28 41 50 60
0 82 0 10 17 20 56 64 71 82
7 80 7 43 52 80
8 51 8 28 37 51
25 81 25 33 51 80 81
25 88 25 35 39 58 67 72 88
43 82 43 44 55 58 67 82
21 60 21 26 28 41 50 60
17 39 17 20 39
9 77 9 20 55 58 77
17 62 17 33 62
26 41 26 28 41
30 67 30 44 55 67
14 50 14 28 41 50
1 38 1 7 14 25 38
27 73 27 44 55 67 73
1 79 1 7 14 25 79
22 83 22 31 43 44 79 83
2 33 2 33
19 87 19 62 72 87
26 89 26 28 35 59 89
34 80 34 48 52 80
8 52 8 28 37 48 52
49 76 49 76
31 81 31 43 52 80 81
17 80 17 33 51 80
55 58 55 58
23 59 23 37 51 59
42 81 42 51 80 81
17 80 17 33 51 80
37 86 37 72 86
18 65 18 20 39 65
17 72 17 20 39 58 67 72
15 71 15 30 48 52 64 71
18 20 18 20
1 58 1 39 58
2 73 2 9 20 39 58 67 73
22 84 22 31 43 44 84
6 73 6 16 35 39 58 67 73
17 59 17 33 51 59
28 75 28 37 48 75
31 67 31 43 44 55 58 67
15 79 15 22 34 79
5 44 5 6 31 43 44
36 52 36 37 52
5 44 5 6 31 43 44
18 78 18 20 40 78
15 57 15 26 28 41 57
23 73 23 37 51 67 73
1 61 1 2 33 61
14 35 14 28 35
36 76 36 37 76
27 89 27 79 84 89
43 68 43 44 55 58 68
26 76 26 28 37 49 76
6 44 6 31 43 44
10 86 10 17 20 56 64 86
7 65 7 57 63 65
7 43 7 43
31 73 31 43 44 55 67 73
0 79 0 10 24 27 79
15 69 15 22 43 44 55 58 68 69
45 64 45 64
9 58 9 20 39 58
22 52 22 31 43 52
14 83 14 34 48 75 80 81 83
0 74 0 27 44 55 58 68 74
22 67 22 31 43 44 55 58 67
72 87 72 87
26 48 26 28 37 48
3 67 3 37 51 67
4 44 4 30 44
14 57 14 28 41 57
44 68 44 55 58 68
37 72 37 51 67 72
8 57 8 41 57
59 82 59 64 82
23 88 23 49 72 88
19 86 19 56 64 86
8 67 8 28 35 39 58 67
27 84 27 44 79 84
28 75 28 37 48 75
35 73 35 39 58 67 73
27 58 27 44 55 58
28 89 28 77 89
20 82 20 39 58 67 82
1 2 1 2
13 50 13 26 28 41 50
8 89 8 28 37 59 89
58 87 58 67 72 87
38 89 38 89
6 55 6 31 43 44 55
13 89 13 20 55 58 77 89
14 87 14 28 87
3 30 3 30
58 82 58 67 82
17 59 17 33 51 59
36 52 36 37 52
25 51 25 33 51
7 72 7 57 72
17 86 17 33 49 72 86
3 76 3 27 44 55 58 68 69 76
21 87 21 26 42 62 72 87
13 86 13 28 37 51 86
5 29 5 6 16 29
22 79 22 34 79
43 87 43 44 55 58 67 72 87
26 49 26 28 41 49
22 64 22 31 56 64
15 62 15 26 42 62
36 52 36 37 52
24 78 24 27 78
7 72 7 62 72
21 86 21 26 42 51 67 72 86
24 84 24 27 44 84
17 33 17 33
17 84 17 20 55 84
22 74 22 43 44 55 58 68 74
7 38 7 14 25 38
36 76 36 37 49 69 76
7 38 7 14 25 38
21 73 21 42 51 67 73
8 80 8 28 37 48 75 80
7 59 7 14 59
41 81 41 70 81
27 82 27 44 55 67 82
44 69 44 55 58 68 69
40 76 40 68 69 76
8 40 8 40
29 71 29 48 52 64 71
43 86 43 52 64 86
43 72 43 44 55 58 67 72
58 67 58 67
30 82 30 34 59 64 71 82
8 78 8 9 20 40 78
27 58 27 44 55 58
19 81 19 43 52 80 81
27 79 27 79
15 39 15 26 28 35 39
27 44 27 44
26 82 26 42 51 59 64 71 82
53 89 53 84 89
26 67 26 42 51 67
30 76 30 44 55 58 68 69 76
18 68 18 22 31 68
28 71 28 35 59 64 71
3 65 3 38 65
10 60 10 17 60
17 33 17 33
41 49 41 49
33 51 33 51
22 77 22 31 43 52 77
36 49 36 37 49
42 80 42 51 80
22 73 22 31 43 44 55 67 73
12 69 12 24 27 44 55 58 68 69
9 56 9 20 56
4 81 4 30 48 75 80 81
1 42 1 7 14 42
1 63 1 13 26 28 41 57 63
1 84 1 7 14 34 79 84
19 87 19 43 87
1 62 1 13 26 42 62
21 62 21 26 42 62
33 67 33 51 67
5 37 5 6 37
25 40 25 40
7 57 7 57
0 17 0 10 17
17 33 17 33
17 64 17 20 56 64
20 82 20 55 58 67 82
9 40 9 20 40
30 81 30 34 48 52 80 81
4 82 4 30 44 55 67 82
6 48 6 16 29 48
16 67 16 35 39 58 67
45 89 45 77 89
52 82 52 71 82
5 35 5 6 16 35
25 84 25 79 84
42 62 42 62
10 77 10 48 52 77
2 87 2 33 49 72 87
8 57 8 41 57
17 80 17 33 51 80
29 80 29 48 75 80
29 83 29 48 75 80 81 83
37 81 37 48 52 80 81
14 74 14 28 35 39 58 68 74
12 69 12 44 55 58 68 69
10 72 10 24 27 44 55 67 72
25 85 25 85
0 20 0 10 17 20
41 57 41 57
37 69 37 49 69
52 81 52 80 81
44 74 44 55 58 68 74
34 48 34 48
8 69 8 40 68 69
40 68 40 68
12 49 12 37 49
15 56 15 22 31 56
16 67 16 35 39 58 67
5 76 5 6 31 43 44 55 58 68 69 76
4 66 4 23 66
2 48 2 23 37 48
9 67 9 20 55 58 67
0 56 0 20 56
72 87 72 87
18 73 18 22 31 43 44 55 58 67 73
13 86 13 26 42 51 59 64 86
6 31 6 31
5 29 5 6 16 29
4 23 4 23
8 37 8 28 37
3 58 3 9 20 39 58
21 68 21 26 28 68
0 55 0 27 44 55
7 61 7 14 25 33 61
10 83 10 24 83
16 58 16 35 39 58
39 76 39 58 68 69 76
9 71 9 71
4 78 4 23 66 78
26 49 26 28 37 49
0 28 0 13 26 28
7 77 7 43 52 77
12 84 12 44 84
15 35 15 26 28 35
34 52 34 48 52
35 39 35 39
20 55 20 55
13 35 13 28 35
10 83 10 17 70 81 83
43 77 43 44 55 58 77
14 72 14 28 37 51 67 72
47 83 47 80 81 83
20 82 20 39 58 67 82
44 67 44 55 67
37 80 37 51 80
14 78 14 28 41 57 78
14 70 14 28 41 70
19 44 19 43 44
7 62 7 62
33 78 33 78
29 88 29 48 88
0 74 0 27 44 55 58 68 74
19 44 19 43 44
21 60 21 26 28 41 50 60
15 68 15 26 28 68
24 83 24 27 79 83
14 84 14 25 79 84
5 82 5 6 16 29 48 75 82
58 77 58 77
26 50 26 28 41 50
36 69 36 37 49 69
7 68 7 43 44 55 58 68
55 69 55 58 68 69
6 49 6 37 49
34 75 34 48 75
6 89 6 31 43 44 55 84 89
35 72 35 39 58 67 72
27 44 27 44
10 52 10 30 34 48 52
34 64 34 59 64
20 58 20 55 58
21 83 21 26 28 41 70 81 83
30 64 30 48 52 64
26 89 26 28 37 77 89
12 45 12 45
37 72 37 72
29 82 29 48 75 82
23 87 23 49 72 87
16 39 16 35 39
23 69 23 37 49 69
41 63 41 63
30 82 30 44 55 58 67 82
2 69 2 9 20 55 58 68 69
26 80 26 28 37 52 80
37 80 37 52 80
12 51 12 37 51
25 76 25 35 39 76
13 68 13 20 40 68
16 80 16 29 48 52 80
10 77 10 17 58 77
43 73 43 44 55 58 67 73
16 65 16 35 39 65
52 82 52 64 82
40 74 40 68 74
29 48 29 48
21 60 21 26 28 41 50 60
21 42 21 42
24 44 24 27 44
49 88 49 72 88
7 85 7 14 25 85
0 35 0 13 28 35
34 75 34 48 75
0 13 0 13
7 38 7 14 25 38
10 86 10 24 27 44 55 67 72 86
21 73 21 26 28 37 51 67 73
17 76 17 20 55 58 68 69 76
6 64 6 31 56 64
13 62 13 26 42 62
12 49 12 37 49
10 64 10 30 48 52 64
37 76 37 49 69 76
5 59 5 6 37 51 59
43 55 43 44 55
52 77 52 77
26 42 26 42
17 64 17 33 51 59 64
29 83 29 48 52 80 81 83
6 16 6 16
3 89 3 27 79 84 89
0 17 0 10 17
0 40 0 10 17 20 40
29 48 29 48
59 82 59 64 71 82
40 68 40 68
31 72 31 43 44 55 67 72
0 13 0 13
19 81 19 43 52 80 81
38 89 38 89
48 88 48 88
14 88 14 25 62 72 88
20 84 20 55 84
2 68 2 9 20 40 68
43 83 43 44 79 83
27 68 27 44 55 58 68
30 79 30 34 79
34 52 34 48 52
7 35 7 14 28 35
25 84 25 79 84
26 69 26 28 41 49 69
26 37 26 28 37
1 75 1 37 48 75
6 48 6 16 29 48
3 76 3 9 20 39 58 68 69 76
18 78 18 20 40 78
31 87 31 43 87
2 86 2 9 62 72 86
18 76 18 20 55 58 68 69 76
17 87 17 20 55 58 67 72 87
39 87 39 58 67 72 87
58 86 58 67 72 86
14 78 14 28 41 57 78
21 86 21 26 42 51 86
17 73 17 33 51 67 73
7 77 7 14 28 37 52 77
42 62 42 62
5 69 5 6 37 49 69
17 61 17 33 61
21 74 21 58 68 74
43 68 43 44 55 58 68
17 59 17 33 51 59
33 83 33 51 80 81 83
22 82 22 31 43 44 55 58 67 82
33 87 33 51 67 72 87
12 71 12 24 71
16 80 16 29 48 75 80
1 50 1 13 28 41 50
20 55 20 55
14 35 14 25 35
68 69 68 69
2 80 2 23 37 52 80
58 76 58 68 69 76
57 78 57 78
15 51 15 26 42 51
15 58 15 22 43 44 55 58
27 76 27 44 55 58 68 69 76
2 80 2 33 51 80
12 75 12 37 48 75
28 78 28 41 57 78
29 80 29 48 52 80
34 75 34 48 75
16 59 16 35 59
28 59 28 35 59
2 56 2 56
15 42 15 26 42
26 62 26 42 62
10 61 10 17 33 61
36 83 36 37 52 80 81 83
31 67 31 43 44 55 67
1 63 1 7 57 63
33 81 33 51 80 81
10 61 10 17 33 61
4 78 4 23 66 78
8 41 8 41
2 56 2 9 20 56
8 67 8 9 20 39 58 67
16 67 16 35 39 58 67
25 80 25 33 51 80
33 73 33 51 67 73
20 74 20 56 74
37 71 37 59 64 71
0 63 0 13 28 41 57 63
13 65 13 28 35 39 65
41 88 41 49 72 88
19 86 19 56 64 86
2 69 2 33 49 69
13 70 13 28 41 70
35 71 35 59 64 71
2 58 2 9 20 39 58
4 44 4 30 44
41 88 41 57 72 88
23 73 23 37 51 67 73
9 88 9 62 72 88
21 39 21 26 28 35 39
4 51 4 23 37 51
21 35 21 26 28 35
3 37 3 37
0 87 0 13 20 55 58 67 72 87
2 87 2 23 49 72 87
6 48 6 16 29 48
27 76 27 44 55 58 68 69 76
29 75 29 48 75
4 75 4 23 37 48 75
36 87 36 37 49 72 87
11 76 11 68 69 76
36 83 36 37 52 80 81 83
67 73 67 73
48 80 48 75 80
30 84 30 34 79 84
27 69 27 44 55 58 68 69
19 38 19 38
43 73 43 44 55 58 67 73
19 86 19 43 44 55 58 67 72 86
41 57 41 57
2 33 2 33
5 69 5 6 37 49 69
15 56 15 22 31 56
19 89 19 38 89
25 85 25 85
21 86 21 42 62 72 86
44 83 44 79 83
3 78 3 9 20 40 78
17 72 17 20 39 58 67 72
28 68 28 68
11 71 11 59 64 71
53 84 53 84
12 59 12 37 51 59
5 29 5 6 16 29
28 78 28 41 57 78
11 89 11 59 89
7 60 7 14 28 41 50 60
2 49 2 23 37 49
7 83 7 43 44 79 83
8 88 8 62 72 88
36 75 36 37 48 75
48 89 48 52 77 89
44 74 44 55 58 68 74
8 75 8 28 37 48 75
62 72 62 72
9 39 9 20 39
36 49 36 37 49
15 71 15 30 34 48 52 64 71
62 88 62 72 88
54 83 54 81 83
18 31 18 22 31
33 51 33 51
3 38 3 38
10 69 10 17 33 49 69
6 43 6 31 43
0 79 0 10 30 44 79
58 82 58 67 82
1 41 1 7 14 28 41
12 59 12 37 59
1 29 1 13 29
26 41 26 28 41
13 42 13 26 42
41 81 41 70 81
22 58 22 31 43 44 55 58
0 81 0 10 17 70 81
1 44 1 7 43 44
6 49 6 37 49
1 76 1 39 58 68 69 76
8 78 8 41 57 78
14 62 14 42 62
35 88 35 39 58 67 72 88
26 62 26 42 62
26 41 26 28 41
29 71 29 48 52 64 71
25 59 25 33 51 59
12 45 12 45
33 73 33 51 67 73
6 83 6 37 48 52 80 81 83
28 68 28 68
21 86 21 42 62 72 86
31 71 31 56 64 71
7 43 7 43
37 86 37 51 86
13 82 13 20 56 64 82
3 74 3 9 20 40 68 74
8 50 8 41 50
63 65 63 65
10 69 10 17 58 68 69
1 79 1 7 14 34 79
39 82 39 58 67 82
15 69 15 30 44 55 58 68 69
12 81 12 29 48 52 80 81
28 72 28 35 39 58 67 72
12 24 12 24
13 57 13 26 28 41 57
58 87 58 67 72 87
75 81 75 80 81
3 67 3 9 20 55 58 67
5 37 5 6 37
14 83 14 42 51 80 81 83
20 82 20 39 58 67 82
15 83 15 22 43 52 80 81 83
17 87 17 20 55 67 72 87
25 81 25 33 51 80 81
39 87 39 58 67 72 87
34 59 34 59
4 78 4 23 66 78
1 84 1 13 84
15 62 15 26 42 62
17 80 17 33 51 80
23 87 23 49 72 87
16 80 16 29 48 52 80
22 64 22 34 59 64
7 61 7 14 25 33 61
12 71 12 29 48 52 71
42 81 42 51 80 81
12 27 12 24 27
1 56 1 13 20 56
55 58 55 58
26 69 26 28 37 49 69
36 51 36 37 51
40 74 40 68 74
5 76 5 6 16 35 39 76
25 80 25 33 51 80
33 61 33 61
28 78 28 41 57 78
43 82 43 44 55 67 82
10 51 10 17 33 51
23 69 23 49 69
0 79 0 27 44 79
1 84 1 7 43 44 84
33 83 33 51 80 81 83
16 58 16 35 39 58
25 83 25 79 83
40 68 40 68
28 72 28 37 49 72
35 86 35 59 64 86
8 88 8 28 41 57 72 88
1 51 1 37 51
17 62 17 33 62
19 76 19 43 44 55 58 68 69 76
14 81 14 28 41 70 81
26 87 26 28 87
10 73 10 24 73
25 74 25 35 39 58 68 74
6 48 6 37 48
13 65 13 26 28 41 63 65
7 78 7 57 78
8 37 8 28 37
45 64 45 64
2 82 2 33 51 67 82
14 81 14 28 37 48 52 80 81
15 77 15 26 28 77
17 76 17 20 55 58 68 69 76
37 73 37 51 67 73
1 26 1 13 26
5 83 5 52 80 81 83
40 74 40 68 74
10 60 10 17 60
2 86 2 9 62 72 86
2 81 2 23 37 52 80 81
9 74 9 20 55 58 68 74
4 71 4 23 37 59 64 71
12 71 12 29 48 52 71
1 42 1 7 14 42
8 52 8 28 37 52
29 75 29 48 75
1 63 1 13 28 41 57 63
13 42 13 26 42
47 75 47 75
15 34 15 30 34
6 75 6 37 48 75
8 52 8 28 37 52
0 71 0 45 64 71
0 55 0 13 20 55
4 82 4 30 48 52 71 82
12 29 12 29
22 73 22 31 43 44 55 58 67 73
25 85 25 85
27 69 27 44 55 58 68 69
30 84 30 34 79 84
23 87 23 49 72 87
16 87 16 87
22 59 22 34 59
15 51 15 26 28 37 51
15 59 15 26 42 51 59
22 52 22 43 52
31 81 31 43 52 80 81
21 26 21 26
51 83 51 80 81 83
4 34 4 30 34
7 60 7 14 28 41 50 60
37 75 37 48 75
43 71 43 52 71
36 75 36 37 48 75
30 34 30 34
23 66 23 66
0 63 0 13 28 41 63
2 84 2 9 20 55 84
14 40 14 25 40
44 86 44 55 58 67 72 86
25 84 25 79 84
36 50 36 50
29 64 29 48 52 64
75 80 75 80
44 79 44 79
52 82 52 64 82
35 71 35 59 64 71
26 68 26 28 68
14 82 14 28 37 52 64 71 82
1 56 1 2 56
27 79 27 79
29 88 29 48 75 88
1 76 1 39 58 68 69 76
16 52 16 29 48 52
11 74 11 68 74
26 89 26 42 51 59 89
18 67 18 22 31 43 44 55 67
2 68 2 9 20 40 68
26 86 26 28 37 51 67 72 86
56 74 56 74
2 89 2 23 66 77 89
2 66 2 23 66
19 76 19 69 76
26 49 26 28 37 49
34 77 34 48 52 77
18 82 18 59 64 71 82
14 42 14 42
37 72 37 51 67 72
28 49 28 37 49
20 82 20 56 82
36 77 36 37 52 77
35 39 35 39
28 65 28 41 63 65
21 60 21 26 28 41 50 60
14 33 14 25 33
12 45 12 45
21 86 21 58 67 72 86
24 68 24 27 44 55 58 68
22 73 22 31 43 44 55 67 73
18 86 18 22 31 43 52 64 86
28 59 28 35 59
29 77 29 48 52 77
36 49 36 37 49
21 48 21 26 28 37 48
21 77 21 58 77
43 87 43 44 55 67 72 87
21 77 21 58 77
19 73 19 43 44 55 58 67 73
9 86 9 62 72 86
21 60 21 26 28 41 50 60
2 86 2 33 49 72 86
14 57 14 28 41 57
34 81 34 48 75 80 81
17 60 17 60
10 72 10 17 20 39 58 67 72
15 57 15 26 28 41 57
15 59 15 22 34 59
17 62 17 33 62
0 35 0 13 26 28 35
31 71 31 56 64 71
2 56 2 56
7 72 7 57 72
1 51 1 7 14 28 37 51
48 81 48 75 80 81
4 49 4 49
37 48 37 48
33 81 33 51 80 81
7 48 7 14 34 48
20 56 20 56
3 65 3 38 65
33 73 33 51 67 73
37 75 37 48 75
19 81 19 43 52 80 81
6 65 6 16 35 39 65
57 72 57 72
40 74 40 68 74
37 76 37 49 69 76
13 57 13 28 41 57
57 87 57 72 87
37 75 37 48 75
28 59 28 35 59
0 87 0 13 28 41 49 72 87
10 62 10 17 33 62
31 81 31 43 52 80 81
7 83 7 14 34 48 75 80 81 83
0 44 0 27 44
1 57 1 13 26 28 41 57
52 81 52 80 81
6 74 6 31 56 74
22 58 22 31 43 44 55 58
3 58 3 9 20 55 58
41 63 41 57 63
75 83 75 80 81 83
39 77 39 58 77
3 75 3 37 48 75
19 38 19 38
26 58 26 28 35 39 58
7 59 7 14 42 51 59
9 39 9 20 39
25 59 25 33 51 59
54 83 54 81 83
37 75 37 48 75
0 82 0 27 44 55 67 82
2 82 2 56 82
12 59 12 37 59
9 58 9 20 39 58
18 48 18 22 34 48
20 58 20 39 58
33 67 33 51 67
17 72 17 33 62 72
14 82 14 25 35 59 64 82
7 77 7 43 44 55 58 77
8 57 8 28 41 57
27 72 27 44 55 67 72
8 67 8 9 20 39 58 67
1 42 1 13 26 42
28 75 28 37 48 75
21 48 21 26 28 37 48
48 86 48 52 64 86
55 58 55 58
1 29 1 13 29
42 81 42 51 80 81
35 88 35 39 58 67 72 88
5 51 5 6 37 51
41 76 41 76
16 67 16 35 39 58 67
14 70 14 28 41 70
15 30 15 30
16 67 16 35 39 58 67
63 65 63 65
28 57 28 41 57
36 76 36 37 76
37 69 37 49 69
27 77 27 44 55 58 77
4 49 4 23 37 49
51 67 51 67
18 67 18 22 43 44 55 67
43 64 43 52 64
14 72 14 28 35 39 58 67 72
16 80 16 29 48 52 80
0 74 0 13 28 68 74
2 69 2 33 49 69
51 82 51 59 64 71 82
9 76 9 20 55 58 68 69 76
8 88 8 28 35 39 58 67 72 88
29 71 29 48 52 64 71
43 64 43 52 64
34 64 34 59 64
52 77 52 77
53 84 53 84
44 83 44 79 83
29 75 29 48 75
8 69 8 28 68 69
39 68 39 58 68
13 68 13 20 55 58 68
5 79 5 79
2 69 2 23 37 49 69
12 52 12 29 48 52
8 52 8 28 37 52
2 55 2 9 20 55
20 84 20 55 84
19 82 19 56 64 82
11 74 11 68 74
9 86 9 62 72 86
43 86 43 44 55 67 72 86
20 74 20 55 58 68 74
24 44 24 27 44
7 85 7 14 25 85
39 73 39 58 67 73
33 87 33 49 72 87
17 33 17 33
25 69 25 33 49 69
28 49 28 41 49
16 58 16 35 39 58
34 48 34 48
12 83 12 75 80 81 83
52 89 52 77 89
31 67 31 43 44 55 67
35 39 35 39
24 44 24 27 44
1 56 1 2 9 20 56
14 80 14 25 33 51 80
14 87 14 28 87
31 72 31 43 44 55 58 67 72
41 72 41 57 72
12 58 12 24 27 44 55 58
7 65 7 14 25 38 65
1 76 1 7 43 44 55 58 68 69 76
13 68 13 28 68
1 75 1 13 29 48 75
42 62 42 62
7 83 7 43 52 80 81 83
1 61 1 2 33 61
14 35 14 25 35
43 68 43 44 55 58 68
1 26 1 13 26
48 89 48 52 77 89
10 68 10 17 58 68
19 44 19 43 44
20 74 20 39 58 68 74
23 88 23 37 49 72 88
21 81 21 26 42 51 80 81
13 26 13 26
13 41 13 26 28 41
3 89 3 37 48 52 77 89
41 50 41 50
3 44 3 27 44
6 44 6 31 43 44
30 84 30 34 79 84
25 51 25 33 51
77 89 77 89
7 83 7 43 52 80 81 83
20 69 20 40 68 69
22 43 22 43
3 68 3 30 44 55 58 68
4 77 4 23 37 77
23 66 23 66
9 40 9 20 40
35 71 35 59 64 71
12 45 12 45
12 69 12 44 55 58 68 69
77 89 77 89
16 89 16 29 48 52 77 89
11 82 11 59 64 71 82
39 73 39 58 67 73
56 74 56 74
12 29 12 29
17 84 17 20 55 84
12 88 12 44 79 88
17 73 17 58 67 73
21 68 21 26 28 35 39 58 68
28 81 28 37 51 80 81
16 48 16 29 48
26 72 26 28 41 57 72
12 58 12 44 55 58
19 64 19 56 64
35 88 35 39 58 67 72 88
0 44 0 10 30 44
15 68 15 22 43 44 55 58 68
10 75 10 48 75
7 57 7 14 28 41 57
6 75 6 37 48 75
0 73 0 10 24 27 44 55 67 73
54 83 54 81 83
43 74 43 44 55 58 68 74
8 58 8 9 20 55 58
3 75 3 30 48 75
10 83 10 30 44 79 83
7 35 7 14 28 35
56 74 56 74
2 81 2 33 51 80 81
22 89 22 43 52 77 89
6 31 6 31
16 29 16 29
7 35 7 14 28 35
57 87 57 72 87
22 89 22 34 59 89
9 39 9 20 39
13 41 13 28 41
58 77 58 77
2 84 2 9 20 55 84
19 38 19 38
5 84 5 79 84
18 55 18 22 43 44 55
3 55 3 27 44 55
26 80 26 42 51 80
7 77 7 14 25 35 39 58 77
15 31 15 22 31
3 56 3 9 20 56
13 65 13 26 28 41 63 65
43 55 43 44 55
28 65 28 41 57 63 65
16 80 16 29 48 52 80
40 69 40 68 69
17 62 17 33 62
12 81 12 37 48 52 80 81
3 89 3 30 48 52 77 89
22 56 22 31 56
2 81 2 33 51 80 81
1 72 1 13 28 37 72
14 76 14 25 35 39 76
30 84 30 44 84
16 71 16 35 59 64 71
20 82 20 39 58 67 82
8 83 8 41 70 81 83
27 89 27 79 84 89
13 73 13 28 35 39 58 67 73
13 82 13 28 41 57 82
44 83 44 79 83
43 73 43 44 55 67 73
6 64 6 37 52 64
44 79 44 79
55 86 55 58 67 72 86
33 51 33 51
20 69 20 39 58 68 69
39 68 39 58 68
44 67 44 55 67
35 88 35 39 58 67 72 88
4 64 4 30 34 59 64
13 26 13 26
8 72 8 9 20 55 58 67 72
3 68 3 27 44 55 58 68
8 80 8 28 37 51 80
25 83 25 79 83
10 86 10 17 33 51 67 72 86
18 73 18 22 43 44 55 58 67 73
44 88 44 79 88
41 88 41 49 72 88
27 83 27 44 79 83
53 89 53 84 89
2 64 2 56 64
7 61 7 14 25 33 61
2 49 2 33 49
7 55 7 43 44 55
20 69 20 40 68 69
59 89 59 89
2 56 2 9 20 56
39 77 39 58 77
44 68 44 55 58 68
13 65 13 28 35 39 65
17 61 17 33 61
15 69 15 22 43 44 55 58 68 69
51 87 51 67 72 87
44 73 44 55 58 67 73
3 51 3 37 51
21 83 21 42 51 80 81 83
5 83 5 79 83
8 41 8 28 41
27 83 27 79 83
22 56 22 31 56
33 80 33 51 80
4 23 4 23
13 52 13 28 37 48 52
58 87 58 67 72 87
43 73 43 44 55 67 73
26 82 26 42 51 59 64 82
12 49 12 37 49
4 32 4 23 32
15 89 15 26 42 51 59 89
3 88 3 27 79 88
57 87 57 72 87
39 77 39 58 77
12 75 12 75
52 89 52 77 89
33 73 33 51 67 73
17 72 17 20 55 58 67 72
35 86 35 39 58 67 72 86
17 56 17 20 56
22 58 22 31 43 44 55 58
0 81 0 13 28 37 51 80 81
21 83 21 26 28 37 51 80 81 83
3 37 3 37
0 32 0 10 17 32
39 68 39 58 68
16 65 16 35 39 65
18 65 18 20 39 65
14 60 14 28 41 50 60
37 76 37 76
18 82 18 22 43 44 55 58 67 82
2 32 2 23 32
22 72 22 43 44 55 58 67 72
54 83 54 81 83
2 86 2 33 49 72 86
0 20 0 13 20
55 89 55 84 89
16 29 16 29
2 84 2 9 20 55 84
4 23 4 23
27 58 27 44 55 58
19 81 19 43 52 80 81
22 84 22 31 43 44 84
27 77 27 44 55 58 77
3 44 3 27 44
52 83 52 80 81 83
25 59 25 33 51 59
7 87 7 62 72 87
45 64 45 64
26 37 26 28 37
55 67 55 58 67
21 73 21 26 73
2 82 2 9 20 56 82
25 79 25 79
2 58 2 9 20 55 58
19 76 19 69 76
4 81 4 30 34 48 75 80 81
29 75 29 48 75
28 75 28 37 48 75
26 50 26 28 41 50
33 51 33 51
35 73 35 39 58 67 73
7 78 7 57 78
26 72 26 42 62 72
3 75 3 30 48 75
24 78 24 27 78
22 82 22 34 59 64 71 82
7 80 7 43 52 80
28 75 28 37 48 75
15 37 15 26 28 37
3 44 3 30 44
20 67 20 55 58 67
21 87 21 58 67 72 87
0 32 0 10 17 32
5 49 5 6 37 49
33 80 33 51 80
30 84 30 34 79 84
24 83 24 83
1 79 1 7 43 44 79
0 29 0 13 29
0 30 0 10 30
1 44 1 7 43 44
15 37 15 26 28 37
42 80 42 51 80
43 83 43 44 79 83
26 52 26 28 37 48 52
12 72 12 37 51 67 72
7 72 7 43 44 55 58 67 72
53 84 53 84
22 34 22 34
10 75 10 48 75
22 59 22 34 59
17 61 17 33 61
25 81 25 33 51 80 81
7 38 7 14 25 38
9 68 9 20 39 58 68
52 81 52 80 81
40 68 40 68
31 86 31 56 64 86
0 49 0 13 26 28 41 49
10 52 10 48 52
31 83 31 43 52 80 81 83
6 55 6 31 43 44 55
1 74 1 39 58 68 74
9 68 9 20 40 68
35 71 35 59 64 71
30 34 30 34
3 51 3 37 51
10 52 10 48 52
21 39 21 26 28 35 39
9 56 9 20 56
41 72 41 49 72
15 34 15 30 34
4 51 4 23 37 51
7 68 7 43 44 55 58 68
37 75 37 48 75
54 83 54 81 83
13 86 13 28 41 57 72 86
14 80 14 25 33 51 80
15 80 15 26 42 51 80
27 84 27 44 55 84
21 87 21 26 42 51 67 72 87
16 65 16 35 39 65
1 40 1 13 20 40
2 62 2 33 62
16 88 16 29 48 75 88
4 88 4 49 72 88
35 86 35 39 58 67 72 86
14 58 14 25 35 39 58
22 43 22 31 43
0 56 0 20 56
14 48 14 28 37 48
31 84 31 43 44 79 84
29 71 29 48 52 71
26 37 26 28 37
15 35 15 26 28 35
1 35 1 7 14 25 35
16 88 16 29 48 88
16 89 16 35 59 89
14 89 14 59 89
36 52 36 37 52
18 55 18 22 31 43 44 55
0 73 0 10 17 33 51 67 73
13 62 13 26 42 62
51 67 51 67
6 75 6 37 48 75
1 61 1 7 14 25 33 61
18 44 18 22 31 43 44
1 57 1 13 26 28 41 57
15 69 15 30 44 55 58 68 69
14 88 14 25 79 88
48 75 48 75
21 73 21 42 51 67 73
33 81 33 51 80 81
18 78 18 20 40 78
14 39 14 28 35 39
37 73 37 51 67 73
18 65 18 20 39 65
13 50 13 26 28 41 50
1 26 1 13 26
7 43 7 43
17 59 17 33 51 59
35 58 35 39 58
8 74 8 9 20 56 74
43 77 43 52 77
8 35 8 28 35
14 70 14 28 41 70
6 43 6 31 43
41 49 41 49
7 55 7 43 44 55
8 78 8 28 41 57 78
15 65 15 26 28 35 39 65
2 86 2 23 37 49 72 86
7 72 7 62 72
21 60 21 26 28 41 50 60
3 27 3 27
13 86 13 20 39 58 67 72 86
43 88 43 44 79 88
49 87 49 72 87
39 76 39 76
52 83 52 80 81 83
49 69 49 69
16 65 16 35 39 65
11 74 11 68 74
30 34 30 34
3 75 3 37 48 75
57 72 57 72
19 38 19 38
20 69 20 39 58 68 69
59 82 59 64 71 82
18 31 18 22 31
41 72 41 49 72
31 87 31 43 44 55 58 67 72 87
48 80 48 52 80
13 65 13 20 39 65
43 73 43 44 55 58 67 73
11 71 11 59 64 71
29 82 29 48 75 82
18 81 18 22 31 43 52 80 81
0 28 0 13 26 28
0 79 0 27 79
7 48 7 14 34 48
12 52 12 29 48 52
10 51 10 17 33 51
12 82 12 37 51 67 82
33 71 33 51 59 64 71
10 84 10 30 34 79 84
21 83 21 26 28 37 48 75 80 81 83
11 59 11 59
31 79 31 43 44 79
29 88 29 48 75 88
2 55 2 9 20 55
17 62 17 33 62
22 43 22 43
28 57 28 41 57
44 76 44 55 58 68 69 76
8 72 8 41 49 72
48 64 48 52 64
37 73 37 51 67 73
17 72 17 20 39 58 67 72
52 80 52 80
1 68 1 13 28 35 39 58 68
34 59 34 59
7 51 7 14 42 51
2 81 2 33 51 80 81
15 62 15 26 42 62
14 40 14 25 40
48 88 48 88
16 89 16 29 48 52 77 89
2 73 2 9 20 39 58 67 73
30 82 30 34 59 64 82
26 78 26 28 41 57 78
4 81 4 23 37 48 75 80 81
6 16 6 16
12 88 12 24 27 44 55 67 72 88
24 76 24 27 44 55 58 68 69 76
3 76 3 37 49 69 76
37 81 37 48 75 80 81
14 74 14 28 68 74
33 73 33 51 67 73
8 56 8 9 20 56
5 87 5 72 87
8 89 8 9 20 39 58 77 89
15 79 15 22 31 43 44 79
39 82 39 58 67 82
8 80 8 28 37 52 80
36 49 36 37 49
0 35 0 13 26 28 35
62 88 62 72 88
30 79 30 34 79
59 89 59 89
36 50 36 50
15 56 15 22 31 56
1 28 1 7 14 28
22 56 22 31 56
2 89 2 23 37 51 59 89
3 81 3 37 52 80 81
53 80 53 80
39 77 39 58 77
15 35 15 26 28 35
5 87 5 6 37 51 67 72 87
0 77 0 20 39 58 77
12 59 12 37 51 59
12 72 12 72
23 73 23 37 51 67 73
35 69 35 39 58 68 69
29 52 29 48 52
80 81 80 81
14 89 14 34 59 89
12 81 12 75 80 81
2 69 2 23 49 69
2 64 2 9 20 56 64
41 81 41 70 81
2 89 2 23 37 48 52 77 89
7 61 7 14 25 33 61
8 67 8 28 37 51 67
25 85 25 85
49 69 49 69
10 76 10 17 20 39 76
16 65 16 35 39 65
2 55 2 9 20 55
11 59 11 59
10 62 10 17 33 62
57 78 57 78
25 79 25 79
13 41 13 28 41
22 56 22 31 56
15 58 15 26 28 35 39 58
62 72 62 72
55 86 55 67 72 86
12 66 12 66
24 55 24 27 44 55
37 72 37 49 72
4 23 4 23
29 75 29 48 75
33 73 33 51 67 73
3 38 3 38
26 72 26 42 62 72
27 84 27 44 79 84
14 82 14 25 82
15 31 15 22 31
51 67 51 67
0 89 0 89
14 39 14 28 35 39
39 77 39 58 77
57 78 57 78
17 72 17 33 51 67 72
26 69 26 28 68 69
34 48 34 48
1 40 1 7 14 25 40
4 64 4 23 37 59 64
43 87 43 44 55 67 72 87
17 72 17 58 67 72
30 81 30 34 48 52 80 81
71 82 71 82
8 37 8 28 37
12 66 12 66
3 37 3 37
13 41 13 28 41
19 87 19 62 72 87
19 56 19 56
34 59 34 59
31 73 31 43 44 55 58 67 73
5 43 5 6 31 43
11 74 11 68 74
25 59 25 33 51 59
58 86 58 67 72 86
34 88 34 79 88
36 69 36 37 49 69
31 56 31 56
22 84 22 31 43 44 55 84
31 56 31 56
16 65 16 35 39 65
24 76 24 27 44 55 58 68 69 76
4 75 4 30 48 75
27 84 27 44 55 84
26 87 26 28 35 39 87
29 80 29 48 75 80
0 13 0 13
5 44 5 6 31 43 44
41 88 41 57 72 88
2 62 2 9 62
17 39 17 20 39
3 81 3 30 34 48 75 80 81
55 86 55 67 72 86
7 57 7 57
43 67 43 44 55 58 67
31 84 31 43 44 79 84
7 51 7 14 28 37 51
10 69 10 24 27 44 55 58 68 69
43 77 43 44 55 58 77
16 80 16 29 48 52 80
27 77 27 44 55 58 77
7 76 7 43 44 55 58 68 69 76
20 55 20 55
36 69 36 37 49 69
5 58 5 6 31 43 44 55 58
17 58 17 20 39 58
13 41 13 28 41
6 35 6 16 35
43 58 43 44 55 58
42 71 42 51 59 64 71
23 66 23 66
10 68 10 17 20 55 58 68
48 89 48 52 77 89
43 73 43 44 55 67 73
14 33 14 25 33
1 58 1 13 26 28 35 39 58
2 64 2 23 37 48 52 64
26 57 26 28 41 57
33 67 33 51 67
21 87 21 58 67 72 87
31 79 31 43 44 79
34 64 34 59 64
13 89 13 26 42 51 59 89
7 78 7 14 25 33 78
27 73 27 44 55 58 67 73
33 73 33 51 67 73
12 84 12 84
8 56 8 9 20 56
1 81 1 37 52 80 81
18 65 18 20 39 65
1 84 1 13 20 55 84
19 73 19 43 44 55 58 67 73
24 67 24 27 44 55 67
21 35 21 26 28 35
24 84 24 27 79 84
7 87 7 14 28 35 39 87
12 59 12 37 51 59
12 55 12 24 27 44 55
26 48 26 28 37 48
17 33 17 33
13 68 13 26 28 35 39 58 68
2 68 2 9 20 55 58 68
13 62 13 26 42 62
3 78 3 9 20 40 78
6 44 6 31 43 44
28 75 28 37 48 75
25 74 25 35 39 58 68 74
51 83 51 80 81 83
11 74 11 68 74
4 77 4 23 37 48 52 77
15 83 15 30 34 48 52 80 81 83
7 38 7 14 25 38
25 51 25 33 51
79 88 79 88
7 61 7 14 25 33 61
31 73 31 43 44 55 67 73
8 68 8 9 20 40 68
20 74 20 56 74
3 75 3 30 48 75
14 35 14 25 35
17 83 17 70 81 83
1 72 1 49 72
3 71 3 30 48 52 71
48 75 48 75
37 80 37 51 80
2 82 2 82
7 87 7 14 28 37 72 87
3 76 3 9 20 55 58 68 69 76
0 81 0 13 26 28 37 52 80 81
45 64 45 64
20 69 20 55 58 68 69
52 83 52 80 81 83
36 52 36 37 52
22 81 22 43 52 80 81
14 60 14 28 41 50 60
12 59 12 37 59
5 56 5 6 31 56
14 50 14 28 41 50
48 83 48 52 80 81 83
6 43 6 31 43
3 44 3 27 44
7 83 7 43 52 80 81 83
39 74 39 58 68 74
31 77 31 43 44 55 58 77
20 67 20 55 67
49 69 49 69
53 80 53 80
18 48 18 22 34 48
7 61 7 14 25 33 61
34 48 34 48
15 64 15 26 42 51 59 64
14 74 14 28 68 74
29 64 29 48 52 64
58 76 58 68 69 76
6 65 6 16 35 39 65
30 82 30 48 75 82
57 78 57 78
13 57 13 26 28 41 57
26 78 26 28 41 57 78
7 38 7 14 25 38
14 35 14 25 35
37 80 37 52 80
62 88 62 72 88
30 76 30 44 55 58 68 69 76
3 89 3 9 20 55 84 89
28 71 28 35 59 64 71
31 83 31 43 52 80 81 83
39 74 39 58 68 74
0 81 0 10 30 34 48 52 80 81
0 32 0 10 17 32
52 77 52 77
37 69 37 49 69
8 73 8 9 20 55 58 67 73
44 83 44 79 83
13 67 13 20 55 67
25 80 25 33 51 80
8 68 8 40 68
7 78 7 14 28 41 57 78
43 77 43 52 77
55 58 55 58
6 44 6 31 43 44
26 78 26 28 41 57 78
17 56 17 20 56
39 68 39 58 68
3 89 3 9 20 55 84 89
15 31 15 22 31
14 88 14 34 79 88
24 55 24 27 44 55
28 49 28 41 49
34 88 34 48 75 88
17 72 17 33 62 72
13 86 13 29 48 52 64 86
36 60 36 50 60
0 80 0 13 28 37 51 80
30 34 30 34
52 80 52 80
37 81 37 48 52 80 81
71 82 71 82
7 68 7 43 44 55 58 68
14 78 14 25 33 78
10 69 10 17 58 68 69
44 79 44 79
12 82 12 44 55 58 67 82
22 74 22 43 44 55 58 68 74
17 83 17 70 81 83
19 64 19 43 52 64
52 80 52 80
51 80 51 80
41 60 41 50 60
3 55 3 9 20 55
3 73 3 37 51 67 73
15 64 15 30 48 52 64
27 77 27 44 55 58 77
26 70 26 28 41 70
29 48 29 48
12 24 12 24
3 65 3 9 20 39 65
0 34 0 10 30 34
0 71 0 10 48 52 64 71
3 76 3 37 49 69 76
5 37 5 6 37
10 69 10 30 44 55 58 68 69
30 64 30 48 52 64
36 87 36 37 72 87
0 75 0 13 28 37 48 75
11 76 11 68 69 76
33 88 33 51 67 72 88
13 82 13 28 82
13 68 13 20 40 68
10 83 10 30 44 79 83
44 74 44 55 58 68 74
6 75 6 37 48 75
6 49 6 37 49
23 87 23 49 72 87
26 69 26 28 68 69
25 40 25 40
25 74 25 40 68 74
18 67 18 22 31 43 44 55 58 67
27 72 27 44 55 58 67 72
48 83 48 52 80 81 83
13 52 13 28 37 52
12 49 12 37 49
30 64 30 34 59 64
5 68 5 6 16 35 39 58 68
49 76 49 76
44 83 44 79 83
20 55 20 55
26 68 26 28 68
21 77 21 58 77
44 73 44 55 67 73
4 44 4 30 44
13 62 13 26 42 62
63 65 63 65
20 69 20 39 58 68 69
11 71 11 59 64 71
26 57 26 28 41 57
43 87 43 87
25 51 25 33 51
8 80 8 28 37 48 75 80
9 68 9 20 39 58 68
19 67 19 43 44 55 67
30 79 30 34 79
10 75 10 48 75
22 83 22 31 43 44 79 83
14 42 14 42
1 44 1 7 43 44
67 73 67 73
12 58 12 44 55 58
12 60 12 50 60
51 86 51 86
26 78 26 28 41 57 78
36 77 36 37 77
23 69 23 49 69
33 87 33 62 72 87
4 49 4 23 49
36 76 36 37 76
35 71 35 59 64 71
12 27 12 24 27
21 42 21 26 42
70 82 70 82
1 72 1 37 51 67 72
39 74 39 58 68 74
59 82 59 64 82
21 73 21 58 67 73
36 87 36 37 49 72 87
51 86 51 59 64 86
7 57 7 57
37 73 37 51 67 73
21 73 21 58 67 73
7 48 7 14 34 48
10 72 10 17 20 55 67 72
3 58 3 27 44 55 58
14 89 14 59 89
37 69 37 49 69
9 64 9 20 56 64
44 83 44 79 83
31 81 31 43 52 80 81
75 80 75 80
44 68 44 55 58 68
0 80 0 13 29 48 52 80
7 87 7 14 25 33 51 67 72 87
26 70 26 28 41 70
4 44 4 30 44
11 71 11 59 64 71
36 60 36 50 60
17 56 17 20 56
6 74 6 16 35 39 58 68 74
55 67 55 58 67
9 86 9 20 56 64 86
3 55 3 9 20 55
10 64 10 48 52 64
2 55 2 9 20 55
19 73 19 43 44 55 58 67 73
57 78 57 78
66 78 66 78
55 73 55 58 67 73
58 73 58 67 73
21 67 21 58 67
26 80 26 42 51 80
57 72 57 72
8 52 8 28 37 48 52
13 68 13 20 55 58 68
18 67 18 22 43 44 55 67
1 68 1 39 58 68
39 74 39 58 68 74
2 55 2 9 20 55
8 80 8 28 37 48 75 80
12 55 12 24 27 44 55
2 69 2 9 20 40 68 69
3 27 3 27
29 75 29 48 75
34 59 34 59
8 50 8 28 41 50
37 76 37 49 76
79 88 79 88
17 83 17 70 81 83
47 75 47 75
15 56 15 22 31 56
58 87 58 67 72 87
5 79 5 79
7 43 7 43
58 67 58 67
15 30 15 30
6 31 6 31
22 74 22 31 43 44 55 58 68 74
28 78 28 41 57 78
51 87 51 67 72 87
0 32 0 10 17 32
24 84 24 27 44 79 84
6 81 6 31 43 52 80 81
28 69 28 68 69
16 29 16 29
85 88 85 88
17 84 17 20 55 84
4 82 4 82
10 84 10 24 27 79 84
25 79 25 79
15 59 15 22 34 59
13 62 13 26 42 62
14 82 14 59 64 82
33 51 33 51
0 49 0 13 28 41 49
39 82 39 58 67 82
4 66 4 23 66
8 41 8 41
20 67 20 39 58 67
18 68 18 20 40 68
4 66 4 23 66
0 89 0 10 48 52 77 89
0 50 0 13 26 28 41 50
8 35 8 28 35
11 76 11 68 69 76
9 77 9 20 39 58 77
55 86 55 58 67 72 86
26 42 26 42
29 80 29 48 52 80
0 79 0 10 30 44 79
1 68 1 2 9 20 55 58 68
2 80 2 23 37 51 80
51 80 51 80
25 51 25 33 51
27 58 27 44 55 58
30 79 30 34 79
1 25 1 7 14 25
1 74 1 39 58 68 74
14 76 14 28 68 69 76
44 86 44 55 58 67 72 86
59 82 59 64 82
3 74 3 9 20 39 58 68 74
4 64 4 23 37 51 59 64
41 57 41 57
43 77 43 44 55 58 77
40 69 40 68 69
27 69 27 44 55 58 68 69
38 89 38 89
48 88 48 75 88
17 64 17 33 51 59 64
71 82 71 82
14 74 14 28 35 39 58 68 74
0 72 0 20 39 58 67 72
14 67 14 42 51 67
29 52 29 48 52
67 72 67 72
17 87 17 33 62 72 87
26 87 26 28 37 49 72 87
7 57 7 14 28 41 57
14 83 14 42 51 80 81 83
1 74 1 13 68 74
43 58 43 44 55 58
26 41 26 28 41
1 25 1 7 14 25
13 65 13 20 39 65
15 71 15 22 31 43 52 64 71
36 69 36 37 49 69
62 88 62 72 88
18 78 18 20 40 78
24 44 24 27 44
14 50 14 28 41 50
3 65 3 38 65
2 32 2 23 32
24 68 24 27 44 55 58 68
5 59 5 6 37 51 59
10 60 10 17 60
27 76 27 44 55 58 68 69 76
8 75 8 28 37 48 75
14 39 14 25 35 39
1 81 1 13 26 42 51 80 81
7 74 7 43 44 55 58 68 74
5 43 5 6 31 43
52 81 52 80 81
14 88 14 34 79 88
29 48 29 48
3 52 3 30 34 48 52
22 77 22 31 43 44 55 58 77
42 80 42 51 80
39 77 39 58 77
14 42 14 42
2 55 2 9 20 55
3 68 3 27 44 55 58 68
2 74 2 56 74
63 65 63 65
12 58 12 24 27 44 55 58
2 89 2 23 37 48 52 77 89
0 32 0 10 17 32
19 87 19 62 72 87
18 65 18 20 39 65
31 83 31 43 52 80 81 83
14 69 14 25 40 68 69
2 49 2 33 49
27 77 27 44 55 58 77
44 67 44 55 67
2 23 2 23
15 58 15 26 28 35 39 58
29 64 29 48 52 64
18 86 18 20 55 67 72 86
28 89 28 77 89
47 75 47 75
8 57 8 41 57
7 57 7 57
3 65 3 9 20 39 65
0 13 0 13
24 67 24 27 44 55 67
27 83 27 44 79 83
34 77 34 48 52 77
52 89 52 77 89
8 35 8 28 35
43 82 43 52 64 71 82
0 29 0 13 29
31 71 31 56 64 71
4 88 4 49 72 88
28 81 28 41 70 81
27 68 27 44 55 58 68
12 44 12 24 27 44
14 72 14 28 41 57 72
31 81 31 43 52 80 81
20 55 20 55
42 71 42 51 59 64 71
14 67 14 42 51 67
48 81 48 75 80 81
16 48 16 29 48
41 76 41 76
37 73 37 51 67 73
26 86 26 28 41 57 72 86
22 72 22 43 44 55 58 67 72
41 60 41 50 60
43 55 43 44 55
4 34 4 30 34
5 68 5 6 16 35 39 58 68
45 89 45 77 89
22 34 22 34
16 52 16 29 48 52
15 37 15 26 28 37
13 89 13 29 48 52 77 89
7 83 7 14 28 37 48 52 80 81 83
8 78 8 28 41 57 78
36 75 36 37 48 75
13 50 13 26 28 41 50
43 86 43 44 55 58 67 72 86
12 49 12 37 49
8 88 8 62 72 88
4 51 4 23 37 51
7 78 7 57 78
6 31 6 31
24 84 24 27 44 84
24 84 24 27 79 84
7 55 7 43 44 55
14 57 14 28 41 57
11 74 11 68 74
25 74 25 40 68 74
77 89 77 89
55 69 55 58 68 69
40 76 40 68 69 76
13 26 13 26
16 48 16 29 48
15 34 15 22 34
8 58 8 28 35 39 58
12 24 12 24
55 67 55 67
3 27 3 27
29 77 29 48 52 77
5 49 5 6 37 49
0 76 0 13 26 28 37 49 69 76
36 52 36 37 48 52
0 79 0 27 79
37 48 37 48
75 83 75 80 81 83
6 81 6 16 29 48 52 80 81
1 62 1 2 33 62
29 88 29 48 75 88
10 62 10 17 33 62
28 69 28 68 69
13 73 13 20 55 67 73
