15 69 15 26 28 68 69
8 87 8 9 20 39 87
9 71 9 71
1 49 1 2 33 49
67 82 67 82
22 43 22 31 43
8 71 8 9 20 56 64 71
19 77 19 43 52 77
7 34 7 14 34
15 89 15 30 34 59 89
75 80 75 80
69 76 69 76
5 51 5 6 37 51
48 88 48 75 88
24 76 24 27 44 55 58 68 69 76
0 26 0 13 26
22 64 22 43 52 64
2 78 2 78
26 72 26 28 37 49 72
16 64 16 29 48 52 64
2 59 2 33 51 59
18 75 18 22 34 48 75
6 31 6 31
24 89 24 89
6 87 6 31 43 87
14 73 14 42 51 67 73
21 59 21 42 51 59
25 63 25 63
21 72 21 58 67 72
15 43 15 22 43
22 76 22 43 44 55 58 68 69 76
10 20 10 17 20
67 73 67 73
48 82 48 52 64 82
16 67 16 35 39 58 67
28 68 28 35 39 58 68
36 72 36 37 51 67 72
14 28 14 28
17 77 17 58 77
31 84 31 43 44 55 84
23 82 23 37 51 67 82
7 48 7 14 34 48
4 55 4 30 44 55
0 45 0 45
34 59 34 59
51 89 51 59 89
75 80 75 80
53 88 53 88
31 89 31 43 52 77 89
28 60 28 41 50 60
18 87 18 22 43 44 55 67 72 87
21 59 21 42 51 59
0 84 0 20 55 84
17 77 17 20 39 58 77
3 68 3 30 44 55 58 68
7 85 7 14 25 85
8 73 8 9 20 55 67 73
4 86 4 49 72 86
26 71 26 28 35 59 64 71
18 39 18 20 39
31 84 31 43 44 79 84
80 83 80 81 83
14 84 14 34 79 84
19 77 19 43 44 55 58 77
2 33 2 33
12 64 12 29 48 52 64
23 71 23 37 59 64 71
7 78 7 57 78
67 82 67 82
27 76 27 44 55 58 68 69 76
8 40 8 40
10 48 10 30 48
58 74 58 68 74
27 88 27 79 88
26 72 26 28 37 51 67 72
5 89 5 89
35 82 35 59 64 82
44 55 44 55
17 73 17 58 67 73
3 37 3 37
13 20 13 20
67 73 67 73
42 73 42 51 67 73
36 86 36 59 64 86
57 82 57 82
10 24 10 24
14 59 14 42 51 59
14 74 14 25 40 68 74
14 42 14 42
67 73 67 73
1 40 1 13 20 40
3 27 3 27
36 86 36 59 64 86
45 86 45 64 86
7 39 7 14 28 35 39
35 67 35 39 58 67
34 64 34 59 64
22 87 22 31 43 44 55 58 67 72 87
64 82 64 82
14 65 14 28 35 39 65
75 88 75 88
17 76 17 20 39 58 68 69 76
5 64 5 52 64
30 77 30 34 48 52 77
14 89 14 34 48 52 77 89
41 50 41 50
28 70 28 41 70
3 58 3 27 44 55 58
2 48 2 23 37 48
15 74 15 30 44 55 58 68 74
8 82 8 9 20 55 67 82
69 76 69 76
33 76 33 49 69 76
14 52 14 34 48 52
49 72 49 72
18 75 18 22 34 48 75
15 68 15 26 28 68
15 44 15 22 31 43 44
24 79 24 27 79
16 72 16 35 39 58 67 72
1 26 1 13 26
0 88 0 27 79 88
2 66 2 23 66
41 88 41 57 72 88
12 75 12 37 48 75
14 89 14 34 48 52 77 89
0 84 0 10 17 20 55 84
27 83 27 79 83
6 71 6 31 56 64 71
3 89 3 30 48 52 77 89
17 89 17 58 77 89
36 77 36 37 48 52 77
47 75 47 75
7 57 7 57
57 82 57 82
7 52 7 43 52
17 20 17 20
7 89 7 14 25 35 39 58 77 89
2 9 2 9
20 55 20 55
14 89 14 25 33 51 59 89
43 88 43 44 79 88
10 64 10 17 33 51 59 64
1 37 1 7 14 28 37
3 76 3 37 76
1 78 1 2 23 66 78
49 88 49 72 88
2 59 2 33 51 59
0 86 0 27 44 55 67 72 86
30 44 30 44
45 86 45 64 86
11 89 11 59 89
3 62 3 9 62
14 51 14 25 33 51
19 68 19 43 44 55 58 68
20 40 20 40
33 86 33 49 72 86
8 75 8 28 37 48 75
47 80 47 80
13 64 13 28 64
12 60 12 45 50 60
44 67 44 55 58 67
7 59 7 14 34 59
44 89 44 79 84 89
9 56 9 20 56
1 59 1 2 23 37 51 59
1 42 1 13 26 42
24 74 24 27 44 55 58 68 74
72 88 72 88
26 39 26 28 35 39
9 55 9 20 55
6 55 6 31 43 44 55
0 28 0 13 26 28
30 81 30 48 75 80 81
0 61 0 10 17 33 61
8 68 8 9 20 40 68
34 86 34 48 52 64 86
49 72 49 72
7 42 7 14 42
24 83 24 27 44 79 83
6 86 6 37 52 64 86
22 68 22 31 43 44 55 58 68
33 88 33 51 67 72 88
2 66 2 23 66
1 2 1 2
2 73 2 23 37 51 67 73
5 65 5 6 16 35 39 65
7 43 7 43
28 86 28 37 52 64 86
8 75 8 28 37 48 75
24 55 24 27 44 55
1 40 1 13 20 40
17 83 17 70 81 83
28 82 28 37 59 64 71 82
75 81 75 80 81
4 88 4 23 49 72 88
41 49 41 49
14 61 14 25 33 61
18 81 18 22 31 43 52 80 81
18 22 18 22
68 74 68 74
0 10 0 10
18 22 18 22
10 44 10 30 44
48 77 48 52 77
4 87 4 49 72 87
21 26 21 26
21 86 21 58 67 72 86
3 76 3 27 44 55 58 68 69 76
3 83 3 27 79 83
18 81 18 22 34 48 52 80 81
36 59 36 59
16 71 16 35 59 64 71
31 89 31 43 44 84 89
14 25 14 25
55 73 55 58 67 73
25 51 25 33 51
15 79 15 22 34 79
4 69 4 23 49 69
45 82 45 64 71 82
41 63 41 57 63
2 68 2 9 20 55 58 68
28 35 28 35
39 65 39 65
9 64 9 20 56 64
27 67 27 44 55 58 67
7 48 7 14 34 48
18 59 18 59
28 64 28 37 48 52 64
2 33 2 33
34 81 34 48 52 80 81
1 57 1 13 26 28 41 57
43 55 43 44 55
23 82 23 37 52 71 82
1 37 1 13 28 37
20 87 20 39 58 67 72 87
28 63 28 41 63
2 77 2 23 37 48 52 77
51 83 51 80 81 83
1 87 1 49 72 87
1 40 1 2 9 20 40
27 89 27 79 84 89
57 78 57 78
3 79 3 30 34 79
6 44 6 31 43 44
19 88 19 43 44 55 67 72 88
7 70 7 14 28 41 70
48 82 48 52 64 71 82
55 58 55 58
4 51 4 23 37 51
68 74 68 74
15 89 15 30 44 84 89
25 51 25 33 51
8 70 8 28 41 70
17 58 17 20 39 58
37 76 37 49 69 76
7 69 7 43 44 55 58 68 69
59 89 59 89
37 48 37 48
59 64 59 64
36 88 36 37 48 75 88
15 22 15 22
1 13 1 13
42 83 42 51 80 81 83
23 78 23 66 78
52 77 52 77
2 67 2 23 37 51 67
34 77 34 48 52 77
3 9 3 9
43 71 43 52 71
42 87 42 62 72 87
4 69 4 30 44 55 58 68 69
49 69 49 69
27 74 27 44 55 58 68 74
26 83 26 42 51 80 81 83
3 79 3 27 44 79
15 69 15 22 31 43 44 55 58 68 69
75 88 75 88
5 52 5 52
5 72 5 6 37 51 67 72
5 88 5 79 88
42 62 42 62
72 86 72 86
0 77 0 27 44 55 58 77
34 52 34 48 52
27 88 27 88
22 59 22 34 59
52 83 52 80 81 83
23 49 23 49
13 20 13 20
9 40 9 20 40
34 71 34 59 64 71
43 44 43 44
13 42 13 26 42
13 50 13 26 28 41 50
31 77 31 43 52 77
45 50 45 50
30 44 30 44
1 43 1 7 43
33 49 33 49
13 82 13 29 48 52 71 82
28 70 28 41 70
54 81 54 81
67 87 67 72 87
52 83 52 80 81 83
41 76 41 49 76
18 20 18 20
44 55 44 55
0 76 0 13 28 35 39 76
55 58 55 58
1 44 1 7 43 44
21 52 21 26 28 37 52
3 58 3 9 20 39 58
33 80 33 51 80
8 87 8 28 87
53 89 53 84 89
0 10 0 10
0 33 0 10 17 33
7 88 7 43 44 55 58 67 72 88
25 87 25 62 72 87
25 49 25 33 49
55 74 55 58 68 74
30 44 30 44
56 71 56 64 71
23 78 23 66 78
1 87 1 7 57 72 87
48 88 48 88
28 64 28 35 59 64
31 80 31 43 52 80
1 57 1 13 28 41 57
6 69 6 37 49 69
21 74 21 58 68 74
35 82 35 39 58 67 82
10 75 10 30 34 48 75
3 82 3 37 52 64 71 82
12 24 12 24
17 33 17 33
11 64 11 59 64
18 71 18 20 56 64 71
13 28 13 28
20 86 20 39 58 67 72 86
15 74 15 26 28 68 74
37 49 37 49
17 77 17 20 39 58 77
4 74 4 74
6 88 6 88
36 71 36 37 51 59 64 71
16 86 16 29 48 52 64 86
14 63 14 28 41 63
34 84 34 79 84
7 57 7 57
23 72 23 49 72
13 68 13 20 39 58 68
7 55 7 43 44 55
15 82 15 22 43 44 55 67 82
14 41 14 28 41
7 42 7 14 42
36 75 36 37 48 75
13 74 13 26 28 35 39 58 68 74
57 65 57 63 65
44 55 44 55
51 67 51 67
19 69 19 69
41 49 41 49
13 51 13 28 37 51
72 87 72 87
0 82 0 20 56 64 71 82
19 64 19 43 52 64
12 64 12 45 64
17 84 17 20 55 84
14 77 14 28 77
30 68 30 44 55 58 68
13 42 13 26 42
33 59 33 51 59
25 39 25 35 39
18 72 18 22 31 43 44 55 58 67 72
14 85 14 25 85
0 59 0 13 26 28 35 59
7 89 7 43 52 77 89
10 68 10 30 44 55 58 68
18 34 18 22 34
15 89 15 30 44 84 89
21 62 21 42 62
43 88 43 44 79 88
18 43 18 22 43
37 52 37 48 52
30 44 30 44
30 77 30 48 52 77
49 69 49 69
37 82 37 51 59 64 71 82
40 76 40 68 69 76
13 35 13 26 28 35
1 87 1 7 57 72 87
53 88 53 88
49 72 49 72
4 86 4 30 44 55 67 72 86
3 55 3 27 44 55
58 86 58 67 72 86
1 87 1 13 28 35 39 87
18 78 18 20 40 78
3 78 3 9 20 40 78
31 64 31 43 52 64
48 82 48 52 71 82
7 57 7 14 28 41 57
5 29 5 6 16 29
7 69 7 14 28 68 69
23 37 23 37
7 48 7 14 28 37 48
4 87 4 30 44 55 67 72 87
13 84 13 20 55 84
9 62 9 62
55 82 55 58 67 82
79 88 79 88
33 51 33 51
42 51 42 51
9 72 9 62 72
67 88 67 72 88
55 68 55 58 68
33 78 33 78
11 71 11 59 64 71
19 43 19 43
10 48 10 48
49 88 49 72 88
62 86 62 72 86
0 10 0 10
2 77 2 23 37 52 77
37 69 37 49 69
23 78 23 66 78
47 80 47 75 80
13 68 13 68
0 33 0 10 17 33
24 83 24 83
12 88 12 44 55 58 67 72 88
47 75 47 75
62 86 62 72 86
34 84 34 79 84
24 79 24 27 44 79
67 72 67 72
47 75 47 75
11 68 11 68
75 82 75 82
47 80 47 80
25 33 25 33
35 88 35 39 58 67 72 88
43 73 43 44 55 58 67 73
12 88 12 72 88
20 87 20 55 58 67 72 87
12 64 12 37 59 64
25 63 25 63
0 86 0 10 48 52 64 86
25 63 25 63
37 49 37 49
17 60 17 60
1 73 1 7 43 44 55 58 67 73
2 89 2 9 20 39 58 77 89
16 80 16 29 48 52 80
4 72 4 23 49 72
42 71 42 51 59 64 71
0 79 0 10 24 27 44 79
18 71 18 22 43 52 71
70 82 70 82
25 87 25 62 72 87
7 59 7 14 25 33 51 59
80 81 80 81
21 52 21 26 28 37 48 52
7 37 7 14 28 37
68 69 68 69
4 70 4 70
10 82 10 24 71 82
36 83 36 81 83
13 55 13 20 55
19 64 19 56 64
1 2 1 2
55 72 55 67 72
16 72 16 35 39 58 67 72
28 81 28 41 70 81
43 71 43 52 71
13 59 13 28 35 59
0 59 0 13 28 37 59
12 66 12 66
20 56 20 56
13 65 13 20 39 65
13 64 13 29 48 52 64
12 88 12 24 27 88
0 87 0 27 44 55 58 67 72 87
51 72 51 67 72
19 64 19 56 64
30 44 30 44
24 89 24 27 79 84 89
42 59 42 51 59
36 80 36 37 52 80
8 51 8 28 37 51
54 83 54 81 83
15 86 15 30 48 52 64 86
18 72 18 20 55 67 72
33 80 33 51 80
27 88 27 88
43 89 43 52 77 89
7 39 7 14 25 35 39
7 59 7 14 34 59
27 58 27 44 55 58
7 39 7 14 28 35 39
5 29 5 6 16 29
9 20 9 20
70 82 70 82
15 30 15 30
12 72 12 44 55 58 67 72
28 78 28 41 57 78
23 48 23 37 48
22 48 22 34 48
7 57 7 57
25 84 25 79 84
53 84 53 84
43 82 43 52 71 82
20 89 20 39 58 77 89
67 82 67 82
9 86 9 62 72 86
27 79 27 79
17 69 17 20 40 68 69
75 81 75 80 81
36 81 36 37 51 80 81
21 86 21 42 51 59 64 86
15 43 15 22 31 43
27 58 27 44 55 58
15 34 15 30 34
8 9 8 9
43 55 43 44 55
14 40 14 25 40
36 77 36 37 48 52 77
10 83 10 30 44 79 83
0 79 0 27 79
13 84 13 84
17 78 17 20 40 78
0 35 0 13 28 35
14 38 14 25 38
9 87 9 20 39 87
9 64 9 20 56 64
29 48 29 48
21 59 21 42 51 59
75 81 75 80 81
51 88 51 67 72 88
31 55 31 43 44 55
66 78 66 78
10 64 10 30 48 52 64
51 59 51 59
17 20 17 20
19 62 19 62
21 77 21 58 77
1 64 1 7 64
14 65 14 25 63 65
10 20 10 17 20
6 71 6 31 56 64 71
22 84 22 34 79 84
42 59 42 51 59
22 68 22 31 43 44 55 58 68
42 67 42 51 67
40 78 40 78
20 86 20 56 64 86
34 86 34 59 64 86
51 80 51 80
2 23 2 23
20 73 20 39 58 67 73
0 78 0 10 17 20 40 78
15 26 15 26
52 89 52 77 89
41 78 41 57 78
7 34 7 14 34
54 86 54 86
36 73 36 37 51 67 73
57 72 57 72
23 86 23 49 72 86
1 74 1 2 9 20 56 74
55 74 55 58 68 74
36 75 36 37 48 75
41 88 41 57 72 88
25 33 25 33
19 58 19 43 44 55 58
8 89 8 9 20 55 58 77 89
33 61 33 61
3 67 3 27 44 55 67
4 84 4 30 44 55 84
4 23 4 23
43 52 43 52
7 48 7 14 34 48
3 55 3 30 44 55
58 82 58 67 82
47 80 47 75 80
12 49 12 37 49
4 52 4 23 37 48 52
11 71 11 59 64 71
37 76 37 49 76
57 82 57 82
15 30 15 30
48 80 48 75 80
15 51 15 26 28 37 51
13 65 13 26 28 35 39 65
36 86 36 59 64 86
8 62 8 9 62
49 69 49 69
15 48 15 26 28 37 48
57 72 57 72
26 28 26 28
1 69 1 39 58 68 69
6 31 6 31
34 77 34 48 52 77
27 76 27 44 55 58 68 69 76
11 64 11 59 64
33 89 33 51 59 89
14 41 14 28 41
54 83 54 81 83
35 82 35 59 64 82
8 74 8 40 68 74
28 73 28 35 39 58 67 73
24 89 24 89
19 69 19 69
0 35 0 13 26 28 35
25 85 25 85
33 49 33 49
4 55 4 30 44 55
10 20 10 17 20
62 72 62 72
10 33 10 17 33
67 87 67 72 87
16 74 16 35 39 58 68 74
21 62 21 26 42 62
39 82 39 58 67 82
42 71 42 51 59 64 71
30 67 30 44 55 58 67
6 55 6 31 43 44 55
19 89 19 38 89
18 79 18 22 34 79
19 82 19 56 82
4 32 4 23 32
21 59 21 26 42 51 59
15 79 15 22 43 44 79
1 42 1 13 26 42
64 71 64 71
85 88 85 88
12 68 12 24 27 44 55 58 68
37 72 37 49 72
33 78 33 78
1 65 1 7 57 63 65
19 81 19 43 52 80 81
39 88 39 58 67 72 88
45 50 45 50
13 56 13 20 56
39 76 39 76
24 76 24 27 44 55 58 68 69 76
15 26 15 26
21 71 21 42 51 59 64 71
17 56 17 20 56
1 26 1 13 26
14 61 14 25 33 61
9 72 9 20 55 67 72
10 64 10 48 52 64
7 84 7 43 44 55 84
2 77 2 9 20 39 58 77
12 50 12 45 50
12 37 12 37
30 67 30 44 55 58 67
4 52 4 23 37 48 52
59 89 59 89
43 44 43 44
16 52 16 29 48 52
14 83 14 28 37 48 52 80 81 83
58 77 58 77
21 59 21 26 28 37 51 59
13 74 13 20 39 58 68 74
9 89 9 20 39 58 77 89
14 67 14 42 51 67
28 35 28 35
27 79 27 44 79
6 29 6 16 29
50 60 50 60
22 48 22 34 48
49 86 49 72 86
22 64 22 34 59 64
2 20 2 9 20
37 77 37 52 77
52 77 52 77
25 89 25 33 51 59 89
8 28 8 28
6 72 6 31 43 44 55 67 72
80 83 80 81 83
20 65 20 39 65
13 26 13 26
51 83 51 80 81 83
7 85 7 14 25 85
41 76 41 76
10 59 10 17 33 51 59
31 80 31 43 52 80
17 77 17 58 77
8 64 8 9 20 56 64
19 84 19 43 44 55 84
26 88 26 28 37 72 88
14 51 14 42 51
9 86 9 62 72 86
8 9 8 9
21 71 21 42 51 59 64 71
42 64 42 51 59 64
13 82 13 20 56 82
21 89 21 42 51 59 89
55 77 55 58 77
1 49 1 37 49
7 85 7 14 25 85
57 82 57 82
2 86 2 56 64 86
71 82 71 82
1 13 1 13
26 65 26 28 35 39 65
19 80 19 43 52 80
22 59 22 34 59
6 29 6 16 29
35 76 35 39 76
28 58 28 35 39 58
40 78 40 78
16 88 16 35 39 58 67 72 88
51 81 51 80 81
12 37 12 37
14 61 14 25 33 61
5 71 5 52 64 71
37 48 37 48
27 44 27 44
44 55 44 55
18 39 18 20 39
10 39 10 17 20 39
37 88 37 49 72 88
35 67 35 39 58 67
3 79 3 27 44 79
17 82 17 20 55 67 82
15 51 15 26 28 37 51
18 22 18 22
34 84 34 79 84
0 56 0 20 56
3 55 3 27 44 55
26 71 26 28 64 71
57 82 57 82
35 65 35 39 65
25 38 25 38
57 65 57 63 65
12 29 12 29
1 73 1 37 51 67 73
19 88 19 43 44 55 67 72 88
34 81 34 48 75 80 81
36 75 36 37 48 75
31 86 31 43 44 55 58 67 72 86
16 86 16 29 48 52 64 86
35 68 35 39 58 68
3 37 3 37
9 74 9 20 39 58 68 74
1 39 1 13 20 39
36 67 36 37 51 67
21 89 21 58 77 89
40 76 40 68 69 76
20 40 20 40
26 72 26 42 51 67 72
53 88 53 88
13 64 13 28 64
14 74 14 25 40 68 74
56 82 56 64 71 82
67 72 67 72
34 48 34 48
16 68 16 35 39 58 68
7 68 7 14 28 68
18 78 18 20 40 78
81 83 81 83
4 23 4 23
4 87 4 30 44 55 67 72 87
14 69 14 28 68 69
17 74 17 20 56 74
47 83 47 80 81 83
5 74 5 6 16 35 39 58 68 74
13 76 13 68 69 76
36 59 36 37 59
19 52 19 43 52
31 80 31 43 52 80
37 77 37 77
21 39 21 26 28 35 39
3 55 3 9 20 55
3 76 3 27 44 55 58 68 69 76
36 50 36 50
16 87 16 87
12 84 12 44 55 84
23 82 23 37 52 71 82
33 89 33 51 59 89
13 77 13 26 28 35 39 58 77
47 82 47 75 82
3 37 3 37
16 68 16 35 39 58 68
34 59 34 59
72 86 72 86
1 78 1 13 20 40 78
5 88 5 88
27 89 27 44 84 89
30 48 30 34 48
3 87 3 37 49 72 87
8 74 8 40 68 74
36 86 36 59 64 86
10 20 10 17 20
17 60 17 60
47 75 47 75
16 72 16 35 39 58 67 72
66 89 66 77 89
7 52 7 14 34 48 52
8 82 8 41 50 82
45 50 45 50
13 42 13 26 42
34 86 34 59 64 86
64 71 64 71
1 68 1 2 9 20 40 68
27 78 27 78
1 13 1 13
18 59 18 22 34 59
14 52 14 28 37 52
16 86 16 35 39 58 67 72 86
53 88 53 88
17 33 17 33
42 59 42 51 59
5 88 5 88
39 65 39 65
49 86 49 72 86
1 74 1 13 74
9 86 9 20 39 58 67 72 86
41 50 41 50
31 43 31 43
6 49 6 37 49
17 58 17 20 55 58
0 35 0 13 26 28 35
28 52 28 37 52
15 48 15 22 34 48
14 40 14 25 40
24 73 24 73
28 41 28 41
0 20 0 10 17 20
33 76 33 49 76
68 74 68 74
52 77 52 77
5 81 5 6 31 43 52 80 81
12 72 12 24 27 44 55 58 67 72
5 72 5 72
39 58 39 58
51 81 51 80 81
41 78 41 57 78
6 51 6 37 51
3 62 3 9 62
22 75 22 34 48 75
57 78 57 78
16 87 16 87
15 86 15 30 44 55 58 67 72 86
26 48 26 28 37 48
12 64 12 29 48 52 64
27 74 27 44 55 58 68 74
7 64 7 43 52 64
1 78 1 78
2 20 2 9 20
6 64 6 31 56 64
14 65 14 28 41 57 63 65
0 86 0 45 64 86
42 67 42 51 67
26 39 26 28 35 39
3 59 3 37 59
72 86 72 86
10 74 10 24 27 44 55 58 68 74
30 59 30 34 59
43 87 43 87
1 13 1 13
2 87 2 33 51 67 72 87
1 2 1 2
24 73 24 27 44 55 58 67 73
5 37 5 6 37
55 68 55 58 68
0 84 0 20 55 84
21 51 21 26 42 51
2 20 2 9 20
27 67 27 44 55 67
23 37 23 37
3 64 3 64
5 35 5 6 16 35
6 87 6 16 35 39 58 67 72 87
8 71 8 28 37 51 59 64 71
41 50 41 50
21 58 21 26 28 35 39 58
39 87 39 87
7 14 7 14
16 74 16 35 39 58 68 74
30 44 30 44
4 87 4 23 37 51 67 72 87
12 44 12 24 27 44
34 48 34 48
24 82 24 27 44 55 58 67 82
58 77 58 77
29 52 29 48 52
48 64 48 52 64
52 77 52 77
27 72 27 44 55 67 72
17 49 17 33 49
45 50 45 50
23 48 23 37 48
19 69 19 43 44 55 58 68 69
34 59 34 59
75 82 75 82
44 79 44 79
44 67 44 55 58 67
21 57 21 26 28 41 57
43 73 43 44 55 58 67 73
8 87 8 9 62 72 87
20 87 20 39 58 67 72 87
13 65 13 28 41 57 63 65
68 76 68 69 76
12 24 12 24
1 51 1 37 51
14 69 14 28 41 49 69
10 61 10 17 33 61
20 39 20 39
7 59 7 14 59
18 72 18 22 31 43 44 55 67 72
19 38 19 38
7 14 7 14
34 84 34 79 84
12 84 12 84
43 73 43 44 55 58 67 73
14 74 14 25 40 68 74
4 72 4 30 44 55 58 67 72
12 66 12 66
13 26 13 26
55 67 55 67
2 48 2 23 37 48
26 73 26 73
17 89 17 58 77 89
37 49 37 49
1 44 1 7 43 44
33 88 33 51 67 72 88
3 34 3 30 34
15 89 15 26 28 77 89
36 49 36 37 49
43 73 43 44 55 58 67 73
56 64 56 64
20 86 20 55 67 72 86
10 49 10 17 33 49
6 49 6 37 49
5 51 5 6 37 51
4 66 4 23 66
14 61 14 25 33 61
18 87 18 22 43 44 55 58 67 72 87
25 33 25 33
7 58 7 43 44 55 58
4 34 4 30 34
17 84 17 20 55 84
45 71 45 64 71
20 86 20 56 64 86
2 52 2 23 37 48 52
31 77 31 43 52 77
8 35 8 28 35
23 37 23 37
58 86 58 67 72 86
41 76 41 76
6 72 6 31 43 44 55 67 72
3 82 3 82
4 72 4 23 49 72
6 29 6 16 29
3 89 3 9 20 55 84 89
47 80 47 75 80
20 65 20 39 65
17 69 17 33 49 69
1 59 1 13 28 37 51 59
18 79 18 22 31 43 44 79
18 87 18 22 43 44 55 58 67 72 87
1 88 1 2 33 62 72 88
44 79 44 79
17 83 17 70 81 83
31 43 31 43
4 86 4 30 44 55 58 67 72 86
5 65 5 6 16 35 39 65
1 57 1 13 28 41 57
55 74 55 58 68 74
9 74 9 20 55 58 68 74
2 20 2 9 20
45 86 45 64 86
26 82 26 28 64 71 82
15 58 15 30 44 55 58
11 64 11 59 64
33 89 33 51 59 89
2 59 2 33 51 59
18 75 18 22 34 48 75
20 65 20 39 65
42 72 42 51 67 72
1 23 1 2 23
1 59 1 13 26 28 37 59
4 88 4 23 49 72 88
51 82 51 67 82
8 74 8 9 20 39 58 68 74
8 40 8 40
17 84 17 20 55 84
28 60 28 41 50 60
19 52 19 43 52
51 82 51 59 64 71 82
11 89 11 59 89
2 56 2 56
13 55 13 20 55
7 63 7 57 63
33 61 33 61
3 48 3 30 48
29 89 29 48 52 77 89
4 84 4 30 44 79 84
26 39 26 28 35 39
0 61 0 10 17 33 61
17 20 17 20
17 73 17 33 51 67 73
3 62 3 9 62
48 64 48 52 64
13 26 13 26
7 59 7 14 42 51 59
0 45 0 45
79 83 79 83
3 64 3 37 59 64
3 27 3 27
4 67 4 30 44 55 67
24 55 24 27 44 55
27 74 27 44 55 58 68 74
25 79 25 79
0 41 0 13 28 41
3 69 3 37 49 69
8 80 8 28 37 48 52 80
7 85 7 14 25 85
25 82 25 35 39 58 67 82
9 56 9 20 56
0 57 0 13 28 41 57
25 38 25 38
8 76 8 9 20 39 58 68 69 76
2 39 2 9 20 39
15 55 15 22 31 43 44 55
19 83 19 43 44 79 83
24 86 24 27 44 55 67 72 86
3 37 3 37
7 62 7 62
0 80 0 13 28 37 48 75 80
0 89 0 20 39 58 77 89
47 75 47 75
16 80 16 29 48 75 80
3 83 3 27 79 83
13 68 13 26 28 68
49 72 49 72
4 30 4 30
63 65 63 65
9 64 9 20 56 64
23 72 23 49 72
12 44 12 44
75 81 75 80 81
11 76 11 68 69 76
8 82 8 41 57 82
69 76 69 76
14 33 14 25 33
10 30 10 30
9 40 9 20 40
2 33 2 33
44 83 44 79 83
8 28 8 28
22 76 22 43 44 55 58 68 69 76
1 7 1 7
19 80 19 43 52 80
6 55 6 31 43 44 55
6 51 6 37 51
21 71 21 26 28 35 59 64 71
12 29 12 29
23 75 23 37 48 75
79 83 79 83
67 86 67 72 86
53 84 53 84
8 60 8 41 50 60
39 67 39 58 67
34 71 34 59 64 71
64 82 64 71 82
16 80 16 29 48 75 80
80 81 80 81
40 76 40 68 69 76
12 45 12 45
10 69 10 30 44 55 58 68 69
4 34 4 30 34
57 78 57 78
1 68 1 39 58 68
3 79 3 30 34 79
22 58 22 43 44 55 58
25 61 25 33 61
13 67 13 26 28 35 39 58 67
14 84 14 34 79 84
39 89 39 58 77 89
14 37 14 28 37
58 77 58 77
56 64 56 64
21 77 21 26 28 37 52 77
0 28 0 13 26 28
33 71 33 51 59 64 71
14 35 14 28 35
18 71 18 59 64 71
62 72 62 72
25 65 25 63 65
16 71 16 29 48 52 71
0 10 0 10
0 69 0 20 39 58 68 69
23 86 23 49 72 86
54 83 54 81 83
16 86 16 86
21 62 21 26 42 62
24 71 24 71
1 73 1 13 20 73
34 48 34 48
31 80 31 43 52 80
56 74 56 74
10 30 10 30
5 29 5 6 16 29
3 34 3 30 34
25 38 25 38
3 87 3 30 44 55 58 67 72 87
8 73 8 9 20 73
33 49 33 49
36 59 36 59
34 86 34 59 64 86
26 39 26 28 35 39
33 72 33 51 67 72
37 72 37 51 67 72
18 40 18 20 40
21 71 21 42 51 59 64 71
4 82 4 23 37 51 67 82
84 89 84 89
9 71 9 71
30 84 30 44 55 84
14 64 14 28 64
9 56 9 20 56
37 88 37 49 72 88
28 70 28 41 70
28 86 28 64 86
0 13 0 13
18 43 18 22 31 43
39 68 39 58 68
12 44 12 24 27 44
7 84 7 14 25 79 84
18 59 18 59
19 64 19 56 64
15 63 15 26 28 41 57 63
2 81 2 23 37 51 80 81
5 29 5 6 16 29
14 58 14 25 35 39 58
66 77 66 77
44 89 44 55 58 77 89
3 30 3 30
18 48 18 22 34 48
22 87 22 31 43 44 55 58 67 72 87
48 77 48 52 77
10 75 10 48 75
10 40 10 17 20 40
7 42 7 14 42
13 28 13 26 28
1 70 1 7 14 28 41 70
72 87 72 87
18 20 18 20
58 77 58 77
0 77 0 20 39 58 77
17 82 17 58 67 82
36 75 36 37 48 75
35 59 35 59
2 74 2 56 74
1 58 1 2 9 20 55 58
48 52 48 52
24 86 24 27 44 55 67 72 86
47 75 47 75
22 74 22 43 44 55 58 68 74
2 78 2 78
26 64 26 28 64
45 86 45 64 86
17 61 17 33 61
20 87 20 55 67 72 87
25 38 25 38
25 82 25 35 39 58 67 82
39 76 39 58 68 69 76
13 55 13 20 55
28 86 28 37 59 64 86
43 87 43 44 55 67 72 87
14 58 14 25 35 39 58
80 83 80 81 83
1 57 1 7 14 28 41 57
28 70 28 41 70
19 56 19 56
16 72 16 35 39 58 67 72
21 86 21 26 28 64 86
14 35 14 28 35
8 51 8 28 37 51
0 37 0 13 28 37
38 65 38 65
37 51 37 51
10 34 10 30 34
1 43 1 7 43
12 68 12 24 27 44 55 58 68
50 82 50 82
18 59 18 22 34 59
7 57 7 57
35 88 35 39 58 67 72 88
22 76 22 43 44 55 58 68 69 76
3 49 3 37 49
68 74 68 74
43 52 43 52
37 69 37 49 69
26 82 26 42 51 59 64 71 82
58 76 58 68 69 76
7 84 7 43 44 79 84
4 32 4 23 32
0 81 0 13 28 37 48 52 80 81
21 82 21 42 51 59 64 71 82
27 76 27 44 55 58 68 69 76
38 65 38 65
18 78 18 20 40 78
10 74 10 24 27 44 55 58 68 74
39 76 39 58 68 69 76
28 64 28 64
7 58 7 14 28 35 39 58
40 78 40 78
45 86 45 64 86
14 77 14 34 48 52 77
52 81 52 80 81
14 52 14 28 37 48 52
17 70 17 70
8 76 8 28 37 76
44 84 44 79 84
17 70 17 70
36 81 36 81
34 77 34 48 52 77
64 86 64 86
4 88 4 49 72 88
1 57 1 13 28 41 57
4 74 4 74
18 43 18 22 43
17 78 17 78
25 85 25 85
4 23 4 23
13 65 13 26 28 35 39 65
36 72 36 37 51 67 72
36 37 36 37
25 84 25 79 84
59 89 59 89
33 78 33 78
2 80 2 33 51 80
3 9 3 9
10 17 10 17
21 74 21 26 28 68 74
0 28 0 13 26 28
44 83 44 79 83
8 55 8 9 20 55
16 59 16 35 59
0 34 0 10 30 34
6 56 6 31 56
21 26 21 26
1 68 1 2 9 20 55 58 68
50 60 50 60
42 73 42 51 67 73
30 77 30 34 48 52 77
52 83 52 80 81 83
13 83 13 83
33 71 33 51 59 64 71
25 79 25 79
16 80 16 29 48 52 80
13 35 13 28 35
0 59 0 13 28 35 59
15 67 15 22 31 43 44 55 58 67
75 88 75 88
29 89 29 48 52 77 89
45 82 45 64 82
17 69 17 20 40 68 69
28 63 28 41 63
43 88 43 44 55 58 67 72 88
19 43 19 43
1 85 1 7 14 25 85
37 75 37 48 75
39 68 39 58 68
7 58 7 43 44 55 58
0 28 0 13 28
7 70 7 14 28 41 70
26 59 26 42 51 59
30 34 30 34
18 71 18 22 43 52 71
55 77 55 58 77
9 87 9 62 72 87
35 65 35 39 65
21 42 21 42
12 73 12 73
14 83 14 28 37 51 80 81 83
72 88 72 88
12 89 12 37 48 52 77 89
18 40 18 20 40
38 89 38 89
33 62 33 62
3 39 3 9 20 39
13 26 13 26
8 68 8 28 35 39 58 68
51 88 51 67 72 88
0 20 0 13 20
21 51 21 26 28 37 51
7 25 7 14 25
30 75 30 34 48 75
19 81 19 43 52 80 81
3 67 3 27 44 55 67
4 86 4 30 48 52 64 86
16 74 16 35 39 58 68 74
17 70 17 70
16 52 16 29 48 52
0 86 0 20 55 58 67 72 86
51 83 51 80 81 83
80 83 80 81 83
1 13 1 13
3 75 3 37 48 75
14 28 14 28
0 89 0 20 55 84 89
0 40 0 10 17 20 40
2 77 2 9 20 39 58 77
36 71 36 37 59 64 71
75 81 75 80 81
1 85 1 7 14 25 85
37 82 37 51 67 82
10 82 10 24 71 82
4 84 4 30 34 79 84
57 63 57 63
13 67 13 26 28 37 51 67
1 73 1 13 26 73
25 77 25 35 39 58 77
7 83 7 14 34 79 83
13 51 13 26 28 37 51
25 87 25 62 72 87
7 83 7 43 44 79 83
25 85 25 85
6 69 6 31 43 44 55 58 68 69
3 64 3 37 59 64
8 64 8 28 35 59 64
70 82 70 82
35 86 35 39 58 67 72 86
21 74 21 58 68 74
39 88 39 58 67 72 88
39 82 39 58 67 82
4 64 4 23 37 59 64
19 86 19 56 64 86
85 88 85 88
31 69 31 68 69
16 77 16 35 39 58 77
66 77 66 77
13 42 13 26 42
0 60 0 45 50 60
39 67 39 58 67
17 58 17 58
8 41 8 41
42 80 42 51 80
18 76 18 20 39 76
21 58 21 58
55 77 55 58 77
21 37 21 26 28 37
17 70 17 70
31 64 31 56 64
14 52 14 28 37 52
23 82 23 37 52 64 82
7 49 7 14 28 41 49
15 74 15 26 28 35 39 58 68 74
2 86 2 56 64 86
53 81 53 80 81
2 67 2 33 51 67
18 43 18 22 31 43
36 52 36 37 48 52
10 87 10 17 20 39 58 67 72 87
55 68 55 58 68
4 52 4 23 37 52
10 44 10 24 27 44
10 83 10 48 52 80 81 83
21 37 21 26 28 37
34 59 34 59
39 73 39 58 67 73
0 37 0 13 26 28 37
7 62 7 14 25 62
37 59 37 51 59
12 73 12 24 27 44 55 58 67 73
39 77 39 58 77
51 59 51 59
27 58 27 44 55 58
9 68 9 20 55 58 68
25 84 25 79 84
1 40 1 2 9 20 40
51 59 51 59
5 51 5 6 37 51
21 86 21 42 62 72 86
14 89 14 25 79 84 89
25 51 25 33 51
25 51 25 33 51
7 76 7 14 25 40 68 69 76
19 52 19 43 52
64 71 64 71
2 52 2 23 37 52
12 59 12 37 51 59
25 82 25 35 39 58 67 82
77 89 77 89
52 89 52 77 89
69 76 69 76
58 74 58 68 74
42 71 42 51 59 64 71
2 86 2 9 20 56 64 86
45 83 45 83
9 89 9 20 39 58 77 89
37 75 37 48 75
1 70 1 7 14 28 41 70
13 42 13 26 42
3 34 3 30 34
31 86 31 43 52 64 86
10 30 10 30
19 84 19 43 44 79 84
4 55 4 30 44 55
67 87 67 72 87
17 78 17 78
80 81 80 81
51 72 51 67 72
31 89 31 43 52 77 89
4 82 4 82
27 79 27 44 79
47 82 47 75 82
16 59 16 35 59
12 24 12 24
31 79 31 43 44 79
21 51 21 26 42 51
36 60 36 50 60
26 82 26 28 64 71 82
15 43 15 22 31 43
8 73 8 9 20 55 67 73
5 75 5 75
19 62 19 62
28 48 28 37 48
25 85 25 85
18 82 18 59 64 82
42 64 42 51 59 64
37 82 37 48 75 82
45 82 45 50 82
10 34 10 30 34
17 69 17 33 49 69
20 40 20 40
48 88 48 75 88
23 82 23 37 52 64 71 82
5 89 5 79 84 89
17 20 17 20
64 82 64 71 82
14 49 14 28 41 49
17 69 17 58 68 69
55 84 55 84
7 62 7 14 25 62
39 88 39 58 67 72 88
17 78 17 33 78
14 37 14 28 37
39 58 39 58
36 72 36 37 49 72
8 89 8 9 20 55 84 89
9 71 9 71
33 51 33 51
28 77 28 77
0 88 0 27 88
17 74 17 58 68 74
36 80 36 37 51 80
41 78 41 57 78
6 59 6 16 35 59
70 81 70 81
14 49 14 28 37 49
2 73 2 23 37 51 67 73
10 69 10 30 44 55 58 68 69
24 82 24 27 44 55 58 67 82
25 77 25 35 39 58 77
45 86 45 64 86
1 2 1 2
12 75 12 37 48 75
14 77 14 25 35 39 58 77
12 37 12 37
20 65 20 39 65
10 33 10 17 33
26 48 26 28 37 48
45 50 45 50
36 49 36 37 49
2 86 2 56 64 86
13 59 13 28 35 59
19 52 19 43 52
43 87 43 44 55 67 72 87
15 26 15 26
1 55 1 7 43 44 55
1 61 1 2 33 61
3 82 3 64 71 82
19 80 19 43 52 80
44 89 44 84 89
16 59 16 35 59
2 82 2 23 37 52 64 82
30 84 30 34 79 84
13 49 13 26 28 37 49
72 87 72 87
0 28 0 13 28
39 67 39 58 67
8 9 8 9
34 80 34 48 52 80
49 76 49 69 76
24 89 24 27 44 79 84 89
12 24 12 24
27 79 27 44 79
7 85 7 14 25 85
64 71 64 71
28 86 28 41 49 72 86
39 68 39 58 68
15 30 15 30
20 89 20 39 58 77 89
27 89 27 79 84 89
35 76 35 39 58 68 69 76
6 16 6 16
21 51 21 26 28 37 51
18 48 18 22 34 48
11 71 11 59 64 71
37 77 37 77
6 76 6 16 35 39 58 68 69 76
42 87 42 62 72 87
18 82 18 22 34 59 64 71 82
41 49 41 49
7 52 7 14 34 48 52
7 48 7 14 34 48
13 28 13 26 28
4 88 4 23 37 72 88
58 67 58 67
66 89 66 77 89
14 38 14 25 38
37 76 37 76
58 82 58 67 82
14 49 14 28 37 49
36 73 36 37 51 67 73
24 89 24 27 79 84 89
57 65 57 63 65
7 48 7 14 34 48
1 74 1 13 20 56 74
7 62 7 62
15 82 15 22 34 48 75 82
7 25 7 14 25
4 89 4 30 34 48 52 77 89
28 77 28 77
13 28 13 28
4 72 4 49 72
21 60 21 26 28 41 50 60
27 58 27 44 55 58
3 59 3 30 34 59
54 83 54 81 83
7 62 7 14 25 33 62
4 49 4 49
16 64 16 29 48 52 64
3 75 3 30 48 75
49 69 49 69
35 59 35 59
34 77 34 48 52 77
55 84 55 84
15 22 15 22
14 40 14 25 40
4 49 4 23 49
0 60 0 13 28 41 50 60
6 44 6 31 43 44
8 89 8 28 77 89
48 64 48 52 64
52 80 52 80
15 26 15 26
43 87 43 87
58 86 58 67 72 86
0 13 0 13
62 72 62 72
16 82 16 29 48 75 82
42 59 42 51 59
69 76 69 76
30 59 30 34 59
10 68 10 24 27 44 55 58 68
35 76 35 39 58 68 69 76
48 52 48 52
7 84 7 14 34 79 84
3 88 3 9 62 72 88
28 78 28 41 57 78
5 6 5 6
15 68 15 22 43 44 55 58 68
7 68 7 43 44 55 58 68
6 31 6 31
79 88 79 88
1 65 1 39 65
70 81 70 81
33 62 33 62
5 29 5 6 16 29
50 60 50 60
24 89 24 27 79 84 89
4 64 4 23 37 51 59 64
10 24 10 24
0 28 0 13 26 28
7 70 7 14 28 41 70
56 64 56 64
48 77 48 52 77
49 88 49 72 88
31 79 31 43 44 79
2 73 2 9 20 55 58 67 73
16 77 16 29 48 52 77
44 67 44 55 67
17 33 17 33
51 72 51 67 72
18 43 18 22 31 43
41 78 41 57 78
30 58 30 44 55 58
10 51 10 17 33 51
0 80 0 10 48 52 80
53 84 53 84
51 67 51 67
43 52 43 52
2 80 2 23 37 52 80
0 33 0 10 17 33
24 55 24 27 44 55
41 57 41 57
3 78 3 27 78
23 66 23 66
38 65 38 65
18 87 18 20 55 67 72 87
77 89 77 89
30 59 30 34 59
56 74 56 74
5 79 5 6 31 43 44 79
71 82 71 82
5 49 5 6 37 49
30 59 30 34 59
24 73 24 73
3 89 3 37 77 89
35 39 35 39
21 63 21 26 28 41 63
10 87 10 30 44 55 67 72 87
42 80 42 51 80
4 72 4 49 72
12 49 12 37 49
55 84 55 84
19 89 19 43 44 55 84 89
41 57 41 57
10 44 10 30 44
13 84 13 20 55 84
15 55 15 30 44 55
10 89 10 30 34 79 84 89
0 59 0 13 26 42 51 59
21 60 21 26 28 41 50 60
13 76 13 20 55 58 68 69 76
7 68 7 43 44 55 58 68
36 72 36 37 49 72
15 58 15 26 28 35 39 58
6 68 6 31 68
15 51 15 26 28 37 51
21 71 21 42 51 59 64 71
4 55 4 30 44 55
31 80 31 43 52 80
25 62 25 33 62
8 40 8 9 20 40
52 89 52 77 89
8 80 8 28 37 52 80
1 85 1 7 14 25 85
14 41 14 28 41
9 68 9 20 39 58 68
7 49 7 14 25 33 49
1 41 1 13 28 41
25 40 25 40
45 77 45 77
21 26 21 26
47 75 47 75
13 84 13 84
14 84 14 25 79 84
36 37 36 37
36 71 36 37 48 52 71
4 88 4 49 72 88
31 43 31 43
26 86 26 28 64 86
17 72 17 58 67 72
14 85 14 25 85
33 62 33 62
28 86 28 64 86
2 20 2 9 20
5 51 5 6 37 51
31 84 31 43 44 55 84
18 43 18 22 43
56 71 56 64 71
15 39 15 26 28 35 39
13 84 13 84
28 73 28 35 39 58 67 73
7 52 7 14 28 37 48 52
36 72 36 37 51 67 72
52 71 52 71
52 77 52 77
1 43 1 7 43
18 87 18 22 31 43 87
14 52 14 28 37 48 52
31 79 31 43 44 79
26 86 26 28 35 59 64 86
15 67 15 26 42 51 67
71 82 71 82
67 88 67 72 88
4 55 4 30 44 55
1 51 1 2 33 51
25 65 25 63 65
10 70 10 17 70
18 31 18 22 31
68 76 68 69 76
57 63 57 63
64 71 64 71
10 48 10 48
13 82 13 28 41 70 82
17 32 17 32
10 44 10 24 27 44
26 28 26 28
6 55 6 31 43 44 55
7 57 7 57
25 49 25 33 49
69 76 69 76
22 58 22 31 43 44 55 58
28 86 28 37 52 64 86
36 88 36 37 48 88
19 86 19 62 72 86
5 81 5 52 80 81
15 68 15 22 43 44 55 58 68
21 39 21 26 28 35 39
10 84 10 30 44 84
52 81 52 80 81
27 74 27 44 55 58 68 74
9 71 9 20 56 64 71
36 37 36 37
57 63 57 63
0 87 0 10 24 27 44 55 67 72 87
15 69 15 30 44 55 58 68 69
24 67 24 27 44 55 58 67
27 76 27 44 55 58 68 69 76
10 82 10 24 27 44 55 67 82
19 38 19 38
22 43 22 31 43
15 68 15 26 28 68
36 48 36 37 48
15 58 15 30 44 55 58
49 76 49 69 76
56 64 56 64
41 88 41 57 72 88
28 70 28 41 70
52 77 52 77
55 77 55 58 77
80 83 80 81 83
2 48 2 23 37 48
42 89 42 51 59 89
11 64 11 59 64
34 84 34 79 84
8 41 8 28 41
12 50 12 45 50
21 37 21 26 28 37
39 88 39 58 67 72 88
50 82 50 82
3 76 3 9 20 39 76
41 69 41 49 69
26 82 26 28 82
3 38 3 38
6 44 6 31 43 44
7 49 7 14 25 33 49
19 68 19 43 44 55 58 68
3 78 3 9 20 40 78
5 75 5 75
12 59 12 37 51 59
6 64 6 16 35 59 64
30 58 30 44 55 58
16 80 16 29 48 52 80
27 78 27 78
10 89 10 30 34 48 52 77 89
6 64 6 31 56 64
12 84 12 84
4 72 4 49 72
58 67 58 67
21 89 21 42 51 59 89
3 72 3 37 72
33 59 33 51 59
18 78 18 20 40 78
20 86 20 55 58 67 72 86
6 29 6 16 29
27 79 27 44 79
67 73 67 73
30 77 30 44 55 58 77
1 61 1 2 33 61
72 88 72 88
39 87 39 87
54 81 54 81
2 9 2 9
0 77 0 13 20 55 58 77
15 22 15 22
2 9 2 9
10 17 10 17
51 89 51 59 89
19 43 19 43
42 51 42 51
48 77 48 52 77
2 78 2 23 66 78
17 70 17 70
16 86 16 29 48 52 64 86
0 48 0 10 30 34 48
0 10 0 10
10 59 10 17 33 51 59
45 82 45 50 82
1 68 1 39 58 68
1 78 1 2 9 20 40 78
17 60 17 60
8 76 8 9 20 39 76
0 69 0 20 55 58 68 69
44 83 44 79 83
7 25 7 14 25
53 80 53 80
14 64 14 42 51 59 64
34 86 34 86
55 82 55 58 67 82
17 33 17 33
25 85 25 85
44 79 44 79
19 56 19 56
10 24 10 24
0 80 0 13 29 48 52 80
55 68 55 58 68
43 88 43 44 55 67 72 88
25 77 25 35 39 58 77
7 89 7 43 52 77 89
33 89 33 51 59 89
33 49 33 49
75 80 75 80
10 17 10 17
17 76 17 20 39 58 68 69 76
10 24 10 24
3 78 3 27 78
39 68 39 58 68
4 32 4 23 32
33 80 33 51 80
57 78 57 78
59 89 59 89
40 68 40 68
34 81 34 48 75 80 81
8 9 8 9
4 83 4 23 37 48 52 80 81 83
55 72 55 67 72
6 64 6 31 56 64
4 86 4 23 37 51 86
23 51 23 37 51
12 64 12 29 48 52 64
38 89 38 89
16 72 16 35 39 58 67 72
4 23 4 23
56 74 56 74
12 45 12 45
17 73 17 33 51 67 73
45 83 45 83
45 82 45 50 82
53 89 53 84 89
10 70 10 17 70
41 63 41 63
25 89 25 35 59 89
13 75 13 28 37 48 75
10 24 10 24
5 76 5 6 37 76
42 71 42 51 59 64 71
42 87 42 51 67 72 87
0 80 0 10 17 33 51 80
75 80 75 80
6 59 6 37 51 59
67 82 67 82
18 76 18 76
16 71 16 29 48 52 64 71
66 77 66 77
25 82 25 82
16 68 16 35 39 58 68
5 81 5 6 37 48 52 80 81
8 68 8 40 68
30 84 30 44 79 84
72 88 72 88
36 37 36 37
17 73 17 33 51 67 73
13 50 13 28 41 50
27 79 27 79
10 39 10 17 20 39
14 77 14 28 35 39 58 77
3 58 3 27 44 55 58
8 76 8 40 68 69 76
5 74 5 6 31 43 44 55 58 68 74
34 64 34 48 52 64
19 82 19 82
3 72 3 27 44 55 58 67 72
7 34 7 14 34
28 68 28 68
37 77 37 52 77
19 88 19 62 72 88
7 77 7 43 52 77
30 82 30 48 75 82
28 73 28 35 39 58 67 73
43 72 43 44 55 58 67 72
37 69 37 49 69
10 34 10 30 34
57 65 57 63 65
14 77 14 28 77
9 89 9 20 55 58 77 89
7 89 7 14 34 59 89
3 38 3 38
42 64 42 51 59 64
55 74 55 58 68 74
9 20 9 20
22 81 22 34 48 52 80 81
7 49 7 14 28 41 49
7 83 7 43 52 80 81 83
42 64 42 51 59 64
2 82 2 56 82
13 51 13 28 37 51
21 42 21 42
22 76 22 31 43 44 55 58 68 69 76
75 82 75 82
72 87 72 87
0 87 0 20 39 58 67 72 87
10 83 10 24 27 44 79 83
21 26 21 26
14 51 14 28 37 51
15 87 15 26 42 51 67 72 87
19 86 19 43 44 55 58 67 72 86
2 78 2 23 66 78
25 84 25 79 84
38 65 38 65
12 64 12 37 52 64
2 81 2 23 37 51 80 81
40 78 40 78
43 55 43 44 55
36 83 36 37 52 80 81 83
8 70 8 28 41 70
4 67 4 30 44 55 67
2 9 2 9
10 62 10 17 33 62
1 70 1 13 26 28 41 70
21 82 21 58 67 82
29 48 29 48
18 78 18 20 40 78
7 62 7 14 25 33 62
42 80 42 51 80
33 76 33 49 76
8 62 8 9 62
27 72 27 44 55 67 72
12 66 12 66
27 58 27 44 55 58
19 89 19 38 89
51 89 51 59 89
8 41 8 28 41
2 74 2 9 20 56 74
17 33 17 33
15 30 15 30
58 86 58 67 72 86
4 84 4 30 34 79 84
7 85 7 14 25 85
7 85 7 14 25 85
36 77 36 37 52 77
54 86 54 86
15 86 15 22 43 52 64 86
15 74 15 26 28 68 74
1 13 1 13
5 29 5 6 16 29
27 78 27 78
14 77 14 28 35 39 58 77
26 86 26 28 41 49 72 86
2 77 2 9 20 39 58 77
42 83 42 51 80 81 83
9 68 9 20 55 58 68
24 76 24 27 44 55 58 68 69 76
7 39 7 14 28 35 39
4 76 4 23 49 69 76
10 40 10 17 20 40
4 67 4 23 37 51 67
23 66 23 66
7 83 7 14 28 41 70 81 83
15 87 15 30 44 55 67 72 87
6 71 6 71
7 58 7 43 44 55 58
77 89 77 89
10 51 10 17 33 51
17 32 17 32
26 76 26 28 37 49 69 76
51 83 51 80 81 83
9 86 9 20 39 58 67 72 86
3 64 3 30 34 59 64
14 64 14 59 64
13 26 13 26
68 76 68 69 76
12 51 12 37 51
42 51 42 51
20 87 20 55 58 67 72 87
4 82 4 82
2 52 2 23 37 48 52
12 84 12 84
24 71 24 71
24 79 24 27 79
37 76 37 76
13 68 13 20 40 68
1 57 1 13 26 28 41 57
0 56 0 10 17 20 56
21 62 21 42 62
2 52 2 23 37 52
28 86 28 35 39 58 67 72 86
22 64 22 31 56 64
57 82 57 82
55 68 55 58 68
39 73 39 58 67 73
14 52 14 28 37 52
7 63 7 57 63
9 71 9 71
0 37 0 13 28 37
5 75 5 6 37 48 75
25 63 25 63
27 83 27 44 79 83
45 86 45 64 86
39 76 39 58 68 69 76
71 82 71 82
43 71 43 52 71
14 73 14 42 51 67 73
64 86 64 86
45 64 45 64
53 81 53 80 81
75 80 75 80
30 84 30 34 79 84
2 89 2 9 20 39 58 77 89
43 71 43 52 71
30 81 30 34 48 52 80 81
1 44 1 7 43 44
30 84 30 44 55 84
28 64 28 37 59 64
41 63 41 63
10 17 10 17
35 67 35 39 58 67
1 69 1 37 49 69
3 79 3 30 34 79
42 71 42 51 59 64 71
10 78 10 17 33 78
5 89 5 52 77 89
18 75 18 22 34 48 75
21 42 21 26 42
1 61 1 7 14 25 33 61
2 86 2 33 49 72 86
12 68 12 24 27 44 55 58 68
28 37 28 37
17 77 17 58 77
45 71 45 64 71
36 48 36 37 48
41 76 41 49 69 76
23 66 23 66
15 71 15 26 28 35 59 64 71
0 56 0 13 20 56
3 69 3 30 44 55 58 68 69
35 88 35 39 58 67 72 88
6 49 6 37 49
1 44 1 7 43 44
8 40 8 40
6 87 6 16 35 39 58 67 72 87
15 34 15 22 34
43 52 43 52
48 52 48 52
18 81 18 22 34 48 75 80 81
53 88 53 88
43 44 43 44
34 59 34 59
41 50 41 50
13 62 13 26 42 62
31 68 31 68
26 37 26 28 37
1 89 1 2 23 66 77 89
53 81 53 80 81
41 88 41 49 72 88
7 58 7 14 28 35 39 58
58 74 58 68 74
5 75 5 75
11 88 11 88
18 31 18 22 31
0 76 0 27 44 55 58 68 69 76
1 78 1 7 14 28 41 57 78
26 80 26 28 37 52 80
41 70 41 70
12 59 12 37 51 59
19 77 19 43 44 55 58 77
23 49 23 37 49
28 60 28 41 50 60
12 52 12 29 48 52
18 20 18 20
26 80 26 28 37 48 75 80
6 76 6 37 49 76
17 20 17 20
45 83 45 83
27 67 27 44 55 67
13 74 13 68 74
22 31 22 31
0 79 0 10 30 34 79
14 40 14 25 40
17 49 17 33 49
20 39 20 39
6 64 6 37 51 59 64
22 68 22 43 44 55 58 68
14 67 14 28 37 51 67
43 55 43 44 55
36 59 36 59
12 49 12 37 49
0 84 0 10 24 27 44 84
27 67 27 44 55 58 67
35 39 35 39
19 38 19 38
16 68 16 35 39 58 68
13 64 13 29 48 52 64
12 75 12 37 48 75
39 82 39 58 67 82
13 35 13 26 28 35
31 55 31 43 44 55
49 69 49 69
14 28 14 28
43 72 43 44 55 58 67 72
34 71 34 48 52 71
37 59 37 51 59
27 78 27 78
7 62 7 14 25 62
3 64 3 9 20 56 64
38 89 38 89
33 71 33 51 59 64 71
23 32 23 32
13 35 13 26 28 35
6 49 6 37 49
23 32 23 32
15 69 15 30 44 55 58 68 69
6 76 6 37 49 76
22 31 22 31
51 80 51 80
53 80 53 80
41 69 41 49 69
19 69 19 43 44 55 58 68 69
11 76 11 68 69 76
7 59 7 14 42 51 59
1 7 1 7
1 44 1 7 43 44
26 88 26 28 37 51 67 72 88
55 77 55 58 77
4 88 4 30 34 79 88
17 82 17 58 67 82
52 64 52 64
34 80 34 48 75 80
58 77 58 77
35 86 35 39 58 67 72 86
42 82 42 51 67 82
51 59 51 59
0 51 0 10 17 33 51
8 64 8 9 20 56 64
21 58 21 26 28 35 39 58
1 55 1 7 43 44 55
16 64 16 35 59 64
0 76 0 27 44 55 58 68 69 76
1 75 1 2 23 37 48 75
1 89 1 13 20 55 84 89
19 89 19 43 52 77 89
37 77 37 77
0 24 0 10 24
13 51 13 26 28 37 51
14 49 14 28 41 49
55 72 55 58 67 72
12 68 12 24 27 44 55 58 68
3 88 3 27 44 79 88
33 76 33 49 69 76
7 59 7 14 34 59
11 68 11 68
25 40 25 40
35 88 35 39 58 67 72 88
24 76 24 27 44 55 58 68 69 76
55 68 55 58 68
47 75 47 75
28 39 28 35 39
3 39 3 9 20 39
18 81 18 22 43 52 80 81
28 82 28 41 57 82
2 89 2 23 37 59 89
37 82 37 48 75 82
18 43 18 22 31 43
51 82 51 67 82
14 67 14 25 33 51 67
27 89 27 79 84 89
7 59 7 14 42 51 59
21 42 21 42
0 84 0 27 44 55 84
12 84 12 44 79 84
39 68 39 58 68
5 6 5 6
41 70 41 70
31 80 31 43 52 80
0 51 0 13 28 37 51
1 28 1 13 26 28
12 50 12 50
11 59 11 59
10 59 10 30 34 59
28 48 28 37 48
26 28 26 28
7 62 7 62
17 84 17 20 55 84
70 81 70 81
25 40 25 40
1 39 1 39
56 71 56 64 71
8 35 8 28 35
1 58 1 13 20 39 58
14 64 14 28 64
30 77 30 34 48 52 77
0 89 0 10 17 20 55 58 77 89
17 58 17 58
28 51 28 37 51
0 84 0 13 84
21 37 21 26 28 37
12 37 12 37
28 35 28 35
10 69 10 17 20 39 58 68 69
30 44 30 44
14 42 14 42
27 44 27 44
12 68 12 44 55 58 68
34 59 34 59
14 48 14 28 37 48
2 23 2 23
1 65 1 13 28 35 39 65
26 86 26 28 37 48 52 64 86
34 64 34 48 52 64
41 63 41 63
45 71 45 64 71
18 40 18 20 40
27 77 27 44 55 58 77
1 44 1 7 43 44
68 74 68 74
16 68 16 35 39 58 68
0 33 0 10 17 33
26 83 26 28 37 52 80 81 83
20 76 20 40 68 69 76
84 89 84 89
14 77 14 34 48 52 77
10 74 10 24 27 44 55 58 68 74
10 48 10 30 34 48
3 62 3 9 62
4 30 4 30
21 42 21 42
18 81 18 22 31 43 52 80 81
14 74 14 25 35 39 58 68 74
21 77 21 58 77
13 29 13 29
1 43 1 7 43
28 63 28 41 57 63
28 64 28 37 59 64
7 25 7 14 25
47 80 47 75 80
26 28 26 28
13 67 13 26 28 35 39 58 67
5 52 5 52
36 49 36 37 49
22 64 22 43 52 64
21 63 21 26 28 41 63
56 82 56 64 71 82
22 31 22 31
7 59 7 14 42 51 59
3 30 3 30
37 72 37 51 67 72
21 51 21 26 28 37 51
25 79 25 79
31 64 31 43 52 64
28 68 28 68
14 33 14 25 33
3 58 3 30 44 55 58
41 49 41 49
18 39 18 20 39
5 81 5 75 80 81
15 58 15 30 44 55 58
22 76 22 43 44 55 58 68 69 76
24 74 24 27 44 55 58 68 74
22 43 22 43
18 81 18 22 31 43 52 80 81
14 38 14 25 38
2 59 2 33 51 59
39 69 39 58 68 69
6 69 6 37 49 69
22 76 22 43 44 55 58 68 69 76
51 72 51 67 72
13 20 13 20
11 59 11 59
4 59 4 23 37 59
6 55 6 31 43 44 55
3 39 3 9 20 39
7 68 7 43 44 55 58 68
9 74 9 20 40 68 74
43 44 43 44
35 68 35 39 58 68
24 83 24 27 79 83
25 77 25 35 39 58 77
10 44 10 24 27 44
20 88 20 55 67 72 88
1 65 1 2 9 20 39 65
68 74 68 74
30 34 30 34
26 80 26 42 51 80
14 33 14 25 33
27 78 27 78
49 87 49 72 87
66 78 66 78
75 88 75 88
3 49 3 37 49
20 56 20 56
9 62 9 62
25 40 25 40
10 39 10 17 20 39
12 29 12 29
0 89 0 27 44 55 58 77 89
34 71 34 59 64 71
23 49 23 49
1 43 1 7 43
28 87 28 87
4 67 4 23 37 51 67
41 78 41 57 78
14 74 14 25 40 68 74
21 26 21 26
39 69 39 58 68 69
3 82 3 82
45 83 45 83
35 59 35 59
70 82 70 82
10 51 10 17 33 51
24 71 24 71
28 73 28 35 39 58 67 73
28 82 28 35 59 64 71 82
28 63 28 41 63
12 66 12 66
13 35 13 26 28 35
72 86 72 86
43 72 43 44 55 67 72
41 57 41 57
29 88 29 48 88
12 60 12 60
56 71 56 64 71
18 73 18 20 55 58 67 73
21 81 21 42 51 80 81
14 52 14 34 48 52
17 56 17 20 56
0 59 0 10 17 33 51 59
28 39 28 35 39
4 89 4 23 37 51 59 89
6 49 6 37 49
25 62 25 62
1 88 1 7 62 72 88
1 51 1 7 14 28 37 51
22 58 22 43 44 55 58
36 87 36 37 72 87
2 48 2 23 37 48
4 66 4 23 66
22 87 22 31 43 87
28 60 28 41 50 60
31 64 31 43 52 64
10 70 10 17 70
1 78 1 13 20 40 78
28 63 28 41 63
11 89 11 59 89
3 39 3 9 20 39
0 76 0 27 44 55 58 68 69 76
0 26 0 13 26
33 88 33 51 67 72 88
20 89 20 39 58 77 89
25 71 25 33 51 59 64 71
27 82 27 44 55 58 67 82
6 76 6 37 49 69 76
19 89 19 43 52 77 89
58 76 58 68 69 76
18 65 18 20 39 65
28 52 28 37 48 52
33 64 33 51 59 64
0 45 0 45
2 68 2 9 20 40 68
0 81 0 13 29 48 75 80 81
7 64 7 14 34 59 64
58 86 58 67 72 86
57 78 57 78
17 83 17 33 51 80 81 83
7 68 7 43 44 55 58 68
0 48 0 10 30 34 48
22 74 22 43 44 55 58 68 74
2 87 2 9 20 39 87
6 16 6 16
26 71 26 28 35 59 64 71
36 59 36 59
37 77 37 48 52 77
34 64 34 48 52 64
28 58 28 35 39 58
14 59 14 59
44 84 44 79 84
55 68 55 58 68
55 68 55 58 68
10 83 10 30 34 79 83
36 60 36 50 60
12 60 12 50 60
5 84 5 79 84
17 76 17 33 49 76
33 59 33 51 59
47 80 47 80
31 79 31 43 44 79
51 83 51 80 81 83
4 72 4 23 37 49 72
28 86 28 37 52 64 86
18 34 18 22 34
10 62 10 17 33 62
5 64 5 64
26 71 26 42 51 59 64 71
16 52 16 29 48 52
28 77 28 77
33 59 33 51 59
14 73 14 28 37 51 67 73
63 65 63 65
48 80 48 75 80
34 52 34 48 52
14 83 14 34 79 83
17 67 17 58 67
14 72 14 42 62 72
43 89 43 44 79 84 89
43 84 43 44 55 84
8 9 8 9
10 78 10 17 20 40 78
4 74 4 74
10 20 10 17 20
12 73 12 37 51 67 73
15 55 15 22 31 43 44 55
26 28 26 28
17 64 17 33 51 59 64
15 51 15 26 42 51
3 75 3 37 48 75
55 58 55 58
28 77 28 35 39 58 77
24 27 24 27
1 37 1 37
53 81 53 80 81
35 65 35 39 65
52 71 52 64 71
12 52 12 37 48 52
3 38 3 38
13 29 13 29
7 77 7 43 52 77
1 64 1 2 9 20 56 64
15 51 15 26 42 51
25 51 25 33 51
41 88 41 49 72 88
70 81 70 81
10 51 10 17 33 51
0 34 0 10 30 34
5 74 5 6 31 68 74
28 70 28 41 70
17 78 17 20 40 78
7 34 7 14 34
2 89 2 9 20 39 58 77 89
0 33 0 10 17 33
14 28 14 28
0 89 0 10 30 34 79 84 89
22 59 22 34 59
3 37 3 37
59 64 59 64
52 83 52 80 81 83
13 48 13 26 28 37 48
10 75 10 30 34 48 75
8 71 8 9 71
4 68 4 30 44 55 58 68
41 63 41 57 63
26 39 26 28 35 39
12 44 12 24 27 44
20 65 20 39 65
37 48 37 48
18 59 18 22 34 59
11 68 11 68
36 37 36 37
22 43 22 31 43
13 67 13 20 55 67
16 80 16 29 48 52 80
1 78 1 78
10 51 10 17 33 51
42 62 42 62
12 88 12 75 88
23 64 23 37 52 64
6 56 6 31 56
12 49 12 37 49
3 49 3 37 49
4 76 4 23 37 76
9 40 9 20 40
52 83 52 80 81 83
39 77 39 58 77
17 89 17 58 77 89
1 7 1 7
7 14 7 14
14 34 14 34
48 82 48 75 82
62 72 62 72
24 76 24 27 44 55 58 68 69 76
42 80 42 51 80
14 63 14 28 41 63
43 89 43 52 77 89
10 89 10 30 48 52 77 89
6 69 6 31 43 44 55 58 68 69
9 55 9 20 55
22 81 22 34 48 52 80 81
36 83 36 37 51 80 81 83
29 48 29 48
33 61 33 61
0 77 0 13 20 55 58 77
21 62 21 42 62
59 89 59 89
33 80 33 51 80
31 77 31 43 44 55 58 77
1 23 1 2 23
6 68 6 16 35 39 58 68
17 20 17 20
1 68 1 2 9 20 40 68
52 89 52 77 89
3 39 3 9 20 39
35 39 35 39
12 72 12 24 27 44 55 67 72
16 82 16 35 59 64 71 82
17 89 17 58 77 89
33 49 33 49
48 81 48 52 80 81
64 86 64 86
41 70 41 70
12 60 12 60
8 71 8 28 37 52 64 71
30 75 30 34 48 75
2 78 2 23 66 78
6 37 6 37
34 52 34 48 52
5 74 5 6 16 35 39 58 68 74
0 27 0 10 24 27
17 76 17 58 68 69 76
64 71 64 71
0 51 0 10 17 33 51
14 77 14 34 48 52 77
25 40 25 40
0 24 0 10 24
7 84 7 14 34 79 84
47 82 47 75 82
36 88 36 37 51 67 72 88
2 86 2 56 64 86
33 88 33 51 67 72 88
27 89 27 44 55 84 89
18 76 18 20 40 68 69 76
5 72 5 6 31 43 44 55 67 72
52 80 52 80
7 62 7 14 25 62
4 76 4 23 49 69 76
69 76 69 76
57 65 57 63 65
44 84 44 84
52 80 52 80
27 44 27 44
10 78 10 24 27 78
13 42 13 26 42
79 88 79 88
22 84 22 43 44 84
5 84 5 6 31 43 44 55 84
44 88 44 55 58 67 72 88
31 55 31 43 44 55
41 78 41 57 78
39 65 39 65
1 75 1 13 26 28 37 48 75
51 86 51 86
55 84 55 84
3 79 3 30 34 79
9 74 9 20 40 68 74
18 59 18 22 34 59
36 87 36 37 49 72 87
75 80 75 80
33 80 33 51 80
53 84 53 84
13 59 13 26 28 35 59
43 82 43 44 55 67 82
19 62 19 62
8 9 8 9
10 48 10 48
6 37 6 37
5 65 5 6 16 35 39 65
4 30 4 30
55 82 55 67 82
43 44 43 44
11 76 11 68 69 76
5 52 5 6 31 43 52
15 74 15 30 44 55 58 68 74
4 23 4 23
12 49 12 37 49
14 65 14 28 35 39 65
54 86 54 86
21 86 21 26 42 62 72 86
3 76 3 37 49 69 76
2 52 2 23 37 48 52
17 32 17 32
16 77 16 29 48 52 77
16 35 16 35
16 59 16 35 59
10 78 10 24 27 78
13 49 13 26 28 41 49
17 84 17 20 55 84
8 75 8 28 37 48 75
10 83 10 30 34 79 83
5 81 5 52 80 81
35 67 35 39 58 67
8 28 8 28
64 71 64 71
30 67 30 44 55 67
5 64 5 52 64
21 86 21 26 42 51 86
13 28 13 28
28 78 28 41 57 78
21 57 21 26 28 41 57
1 81 1 2 23 37 51 80 81
35 76 35 39 76
14 89 14 28 35 39 58 77 89
47 83 47 75 80 81 83
2 48 2 23 37 48
58 76 58 68 69 76
21 57 21 26 28 41 57
2 82 2 82
25 79 25 79
8 41 8 28 41
25 39 25 35 39
27 72 27 44 55 67 72
21 42 21 26 42
7 68 7 43 44 55 58 68
13 67 13 28 35 39 58 67
36 52 36 37 48 52
3 38 3 38
15 44 15 22 43 44
15 87 15 22 31 43 87
27 83 27 44 79 83
57 72 57 72
36 83 36 81 83
66 77 66 77
2 77 2 23 37 77
36 73 36 37 51 67 73
3 88 3 37 49 72 88
5 51 5 6 37 51
12 75 12 37 48 75
0 81 0 10 17 33 51 80 81
6 77 6 31 43 44 55 58 77
25 38 25 38
16 80 16 29 48 75 80
17 55 17 20 55
12 45 12 45
24 74 24 27 44 55 58 68 74
84 89 84 89
66 77 66 77
0 78 0 20 40 78
22 74 22 31 68 74
52 80 52 80
43 82 43 44 55 58 67 82
5 81 5 6 31 43 52 80 81
51 59 51 59
7 55 7 43 44 55
17 67 17 58 67
36 88 36 37 51 67 72 88
1 39 1 7 14 25 35 39
34 84 34 79 84
30 81 30 34 48 52 80 81
0 41 0 13 28 41
6 44 6 31 43 44
1 37 1 13 26 28 37
3 68 3 27 44 55 58 68
7 70 7 14 28 41 70
20 65 20 39 65
17 49 17 33 49
17 49 17 33 49
8 41 8 41
0 10 0 10
75 82 75 82
59 64 59 64
11 59 11 59
56 74 56 74
18 31 18 22 31
2 87 2 33 49 72 87
14 48 14 28 37 48
58 76 58 68 69 76
51 67 51 67
3 27 3 27
17 74 17 58 68 74
16 64 16 29 48 52 64
8 76 8 28 37 76
22 84 22 34 79 84
10 48 10 48
12 72 12 44 55 67 72
36 81 36 81
1 89 1 2 23 66 77 89
15 67 15 26 28 35 39 58 67
10 17 10 17
75 81 75 80 81
0 41 0 13 28 41
14 74 14 25 40 68 74
53 80 53 80
42 64 42 51 59 64
18 75 18 22 34 48 75
64 71 64 71
26 65 26 28 35 39 65
28 60 28 41 50 60
10 89 10 17 58 77 89
24 55 24 27 44 55
34 48 34 48
21 60 21 26 28 41 50 60
3 75 3 30 48 75
30 84 30 34 79 84
36 37 36 37
49 72 49 72
9 64 9 20 56 64
10 71 10 17 20 56 64 71
13 77 13 20 55 58 77
6 29 6 16 29
14 42 14 42
10 61 10 17 33 61
27 67 27 44 55 58 67
14 84 14 25 79 84
20 55 20 55
0 80 0 13 26 42 51 80
40 68 40 68
14 84 14 25 79 84
14 33 14 25 33
20 39 20 39
14 69 14 28 68 69
70 81 70 81
36 88 36 37 72 88
7 84 7 14 25 79 84
8 28 8 28
57 78 57 78
48 80 48 75 80
20 76 20 55 58 68 69 76
11 88 11 88
33 51 33 51
7 84 7 14 34 79 84
13 76 13 26 28 37 76
8 51 8 28 37 51
0 76 0 13 68 69 76
14 34 14 34
9 55 9 20 55
25 65 25 38 65
9 89 9 20 39 58 77 89
15 67 15 30 44 55 58 67
6 87 6 16 87
35 76 35 39 76
8 28 8 28
68 74 68 74
10 62 10 17 33 62
13 49 13 28 37 49
31 89 31 43 44 79 84 89
3 64 3 37 51 59 64
10 48 10 30 48
9 55 9 20 55
8 82 8 28 41 70 82
10 69 10 17 20 55 58 68 69
26 64 26 28 37 51 59 64
24 86 24 27 44 55 58 67 72 86
12 60 12 45 50 60
6 16 6 16
4 67 4 30 44 55 58 67
15 26 15 26
9 72 9 20 55 58 67 72
55 58 55 58
41 76 41 49 76
34 86 34 48 52 64 86
12 75 12 37 48 75
37 88 37 51 67 72 88
81 83 81 83
24 71 24 71
25 79 25 79
16 80 16 29 48 52 80
25 82 25 82
6 55 6 31 43 44 55
3 37 3 37
16 86 16 35 39 58 67 72 86
4 84 4 30 34 79 84
18 73 18 20 55 67 73
0 24 0 10 24
9 62 9 62
26 80 26 42 51 80
10 59 10 17 33 51 59
14 58 14 25 35 39 58
48 77 48 52 77
36 86 36 37 48 52 64 86
0 69 0 13 26 28 37 49 69
26 28 26 28
19 56 19 56
19 83 19 43 44 79 83
14 49 14 25 33 49
3 88 3 30 48 75 88
44 83 44 79 83
68 76 68 69 76
4 74 4 74
24 55 24 27 44 55
7 57 7 14 28 41 57
48 88 48 88
31 80 31 43 52 80
36 86 36 37 52 64 86
45 77 45 77
17 89 17 20 39 58 77 89
0 84 0 13 84
55 68 55 58 68
19 81 19 43 52 80 81
24 55 24 27 44 55
48 80 48 52 80
9 87 9 20 39 58 67 72 87
12 49 12 37 49
8 71 8 9 20 56 64 71
13 77 13 26 28 37 52 77
15 79 15 22 31 43 44 79
13 84 13 84
36 88 36 37 49 72 88
52 71 52 71
1 58 1 7 14 28 35 39 58
3 48 3 37 48
36 88 36 37 72 88
17 33 17 33
28 64 28 37 48 52 64
52 89 52 77 89
23 49 23 49
9 55 9 20 55
57 82 57 82
14 72 14 25 33 62 72
22 34 22 34
55 67 55 58 67
44 84 44 55 84
33 72 33 49 72
21 74 21 58 68 74
17 84 17 20 55 84
3 27 3 27
51 59 51 59
14 86 14 42 62 72 86
6 31 6 31
64 86 64 86
15 30 15 30
28 87 28 41 49 72 87
7 62 7 14 25 33 62
51 80 51 80
14 69 14 25 35 39 58 68 69
43 87 43 87
13 60 13 28 41 50 60
64 86 64 86
2 82 2 33 51 67 82
3 69 3 27 44 55 58 68 69
68 76 68 69 76
20 73 20 39 58 67 73
0 88 0 27 88
37 77 37 77
27 72 27 44 55 58 67 72
58 77 58 77
51 72 51 67 72
79 83 79 83
22 75 22 34 48 75
15 58 15 22 31 43 44 55 58
54 86 54 86
26 39 26 28 35 39
0 28 0 13 26 28
54 83 54 81 83
7 57 7 14 28 41 57
30 44 30 44
26 64 26 28 64
47 82 47 75 82
19 83 19 43 52 80 81 83
17 61 17 33 61
30 48 30 48
6 77 6 77
41 78 41 57 78
4 84 4 30 34 79 84
14 42 14 42
42 59 42 51 59
43 73 43 44 55 67 73
64 71 64 71
9 74 9 20 39 58 68 74
40 68 40 68
8 80 8 28 37 52 80
29 88 29 48 75 88
10 68 10 24 27 44 55 58 68
19 43 19 43
85 88 85 88
31 43 31 43
1 61 1 7 14 25 33 61
10 61 10 17 33 61
52 77 52 77
3 34 3 30 34
21 51 21 42 51
21 37 21 26 28 37
48 52 48 52
9 56 9 20 56
3 62 3 9 62
23 71 23 37 52 71
6 76 6 37 49 76
55 58 55 58
43 73 43 44 55 67 73
27 76 27 44 55 58 68 69 76
14 67 14 42 51 67
14 84 14 34 79 84
6 71 6 71
23 75 23 37 48 75
35 68 35 39 58 68
37 52 37 48 52
2 68 2 9 20 39 58 68
67 73 67 73
9 55 9 20 55
36 88 36 37 48 75 88
15 82 15 26 28 41 57 82
36 49 36 37 49
16 67 16 35 39 58 67
0 27 0 10 24 27
6 88 6 16 29 48 88
57 63 57 63
7 76 7 43 44 55 58 68 69 76
7 58 7 14 25 35 39 58
43 72 43 44 55 58 67 72
23 78 23 66 78
14 77 14 34 48 52 77
24 27 24 27
5 88 5 79 88
1 74 1 7 14 25 40 68 74
6 37 6 37
80 81 80 81
12 75 12 37 48 75
14 77 14 25 35 39 58 77
3 27 3 27
28 81 28 41 70 81
36 83 36 81 83
20 89 20 55 58 77 89
1 51 1 37 51
7 70 7 14 28 41 70
14 62 14 25 33 62
70 82 70 82
9 62 9 62
6 55 6 31 43 44 55
41 63 41 57 63
43 72 43 44 55 58 67 72
31 56 31 56
4 51 4 23 37 51
38 89 38 89
25 39 25 35 39
8 68 8 40 68
0 45 0 45
30 58 30 44 55 58
5 75 5 6 37 48 75
3 55 3 30 44 55
43 87 43 87
8 73 8 9 20 55 58 67 73
21 83 21 42 51 80 81 83
8 35 8 28 35
13 48 13 29 48
39 67 39 58 67
62 72 62 72
16 77 16 29 48 52 77
16 59 16 35 59
19 84 19 43 44 79 84
22 31 22 31
15 58 15 30 44 55 58
47 75 47 75
33 80 33 51 80
9 20 9 20
35 82 35 39 58 67 82
49 86 49 72 86
53 88 53 88
0 57 0 13 28 41 57
21 74 21 58 68 74
20 65 20 39 65
15 68 15 22 31 68
28 39 28 35 39
52 83 52 80 81 83
39 73 39 58 67 73
33 51 33 51
15 87 15 30 44 55 58 67 72 87
39 65 39 65
14 25 14 25
58 68 58 68
10 71 10 30 34 59 64 71
13 59 13 26 42 51 59
4 69 4 23 37 49 69
15 51 15 26 42 51
24 73 24 73
45 86 45 64 86
17 55 17 20 55
23 64 23 37 52 64
3 75 3 30 48 75
34 71 34 48 52 71
45 71 45 64 71
18 69 18 22 31 43 44 55 58 68 69
29 88 29 48 88
42 82 42 51 67 82
4 30 4 30
52 71 52 71
52 80 52 80
6 29 6 16 29
33 62 33 62
72 88 72 88
10 51 10 17 33 51
2 73 2 9 20 55 67 73
19 58 19 43 44 55 58
37 76 37 76
30 34 30 34
18 20 18 20
13 28 13 28
20 40 20 40
33 64 33 51 59 64
37 82 37 59 64 82
13 74 13 74
35 67 35 39 58 67
58 82 58 67 82
54 83 54 81 83
10 40 10 17 20 40
39 89 39 58 77 89
30 34 30 34
16 71 16 35 59 64 71
36 48 36 37 48
31 77 31 43 44 55 58 77
11 68 11 68
27 76 27 44 55 58 68 69 76
24 83 24 27 79 83
26 42 26 42
8 89 8 9 20 55 58 77 89
14 61 14 25 33 61
0 41 0 13 26 28 41
6 77 6 37 52 77
30 48 30 48
67 86 67 72 86
31 64 31 56 64
27 67 27 44 55 58 67
56 82 56 82
4 70 4 70
5 64 5 52 64
5 72 5 6 37 72
0 13 0 13
0 26 0 13 26
10 33 10 17 33
8 35 8 28 35
4 64 4 23 37 51 59 64
17 76 17 20 40 68 69 76
0 45 0 45
8 80 8 28 37 52 80
44 88 44 55 58 67 72 88
3 72 3 27 44 55 67 72
36 52 36 37 52
3 83 3 27 79 83
5 88 5 75 88
14 34 14 34
26 88 26 88
19 38 19 38
1 39 1 2 9 20 39
53 80 53 80
26 39 26 28 35 39
25 35 25 35
55 67 55 67
15 89 15 22 43 52 77 89
17 84 17 20 55 84
22 74 22 43 44 55 58 68 74
6 59 6 16 35 59
20 89 20 39 58 77 89
35 71 35 59 64 71
34 71 34 48 52 71
51 89 51 59 89
33 76 33 49 76
33 69 33 49 69
30 44 30 44
19 81 19 43 52 80 81
22 74 22 43 44 55 58 68 74
14 28 14 28
71 82 71 82
34 84 34 79 84
70 81 70 81
15 67 15 22 43 44 55 58 67
6 29 6 16 29
17 72 17 33 62 72
49 88 49 72 88
30 67 30 44 55 58 67
9 62 9 62
36 86 36 59 64 86
63 65 63 65
26 88 26 88
24 86 24 27 44 55 58 67 72 86
13 83 13 83
12 89 12 84 89
43 44 43 44
14 64 14 28 35 59 64
37 77 37 77
34 80 34 48 75 80
15 44 15 22 43 44
10 68 10 17 20 39 58 68
1 64 1 2 9 20 56 64
56 64 56 64
30 58 30 44 55 58
36 83 36 37 51 80 81 83
67 88 67 72 88
5 52 5 52
11 88 11 88
25 87 25 35 39 87
51 67 51 67
3 48 3 37 48
7 43 7 43
41 69 41 49 69
0 20 0 20
25 79 25 79
8 89 8 28 35 59 89
1 78 1 78
42 71 42 51 59 64 71
4 74 4 74
26 39 26 28 35 39
22 74 22 43 44 55 58 68 74
19 52 19 43 52
35 64 35 59 64
57 86 57 72 86
42 80 42 51 80
8 89 8 9 20 55 84 89
21 81 21 42 51 80 81
43 71 43 52 71
6 79 6 31 43 44 79
28 41 28 41
1 75 1 7 14 34 48 75
1 23 1 2 23
5 65 5 6 16 35 39 65
2 80 2 23 37 48 52 80
14 73 14 25 33 51 67 73
27 79 27 44 79
72 88 72 88
27 77 27 44 55 58 77
43 71 43 52 64 71
4 34 4 30 34
58 67 58 67
25 71 25 35 59 64 71
48 75 48 75
5 88 5 79 88
81 83 81 83
64 86 64 86
51 88 51 67 72 88
7 14 7 14
19 64 19 56 64
12 52 12 29 48 52
13 65 13 20 39 65
2 77 2 9 20 39 58 77
5 72 5 6 31 43 44 55 58 67 72
1 85 1 7 14 25 85
3 58 3 30 44 55 58
0 78 0 20 40 78
18 78 18 20 40 78
30 67 30 44 55 58 67
63 65 63 65
79 84 79 84
36 81 36 81
51 83 51 80 81 83
18 31 18 22 31
13 74 13 20 56 74
21 51 21 26 28 37 51
18 73 18 20 55 67 73
12 44 12 44
7 64 7 43 52 64
31 79 31 43 44 79
55 73 55 67 73
28 59 28 37 59
1 51 1 7 14 42 51
75 88 75 88
17 32 17 32
11 82 11 59 64 71 82
19 88 19 43 44 55 67 72 88
39 89 39 58 77 89
30 48 30 34 48
66 89 66 77 89
18 22 18 22
14 63 14 25 63
19 76 19 69 76
9 62 9 62
12 72 12 24 27 44 55 67 72
66 78 66 78
1 28 1 7 14 28
79 84 79 84
25 87 25 33 51 67 72 87
8 55 8 9 20 55
25 33 25 33
3 68 3 27 44 55 58 68
47 82 47 75 82
1 89 1 7 89
41 49 41 49
18 34 18 22 34
3 59 3 30 34 59
0 89 0 45 77 89
27 77 27 44 55 58 77
28 51 28 37 51
17 70 17 70
19 77 19 43 52 77
33 61 33 61
30 75 30 34 48 75
75 82 75 82
6 16 6 16
21 59 21 26 28 37 59
77 89 77 89
43 88 43 44 79 88
28 86 28 41 57 72 86
6 86 6 37 48 52 64 86
13 56 13 20 56
79 83 79 83
0 56 0 20 56
14 83 14 42 51 80 81 83
23 86 23 37 52 64 86
22 31 22 31
38 65 38 65
42 71 42 51 59 64 71
50 82 50 82
33 71 33 51 59 64 71
22 31 22 31
10 62 10 17 33 62
18 48 18 22 34 48
21 37 21 26 28 37
17 83 17 70 81 83
0 45 0 45
24 76 24 27 44 55 58 68 69 76
3 89 3 9 20 55 58 77 89
51 81 51 80 81
58 68 58 68
6 77 6 77
72 88 72 88
2 23 2 23
8 60 8 41 50 60
25 33 25 33
8 70 8 28 41 70
1 89 1 2 23 37 52 77 89
19 56 19 56
55 77 55 58 77
22 75 22 34 48 75
31 84 31 43 44 55 84
55 68 55 58 68
17 32 17 32
75 82 75 82
40 78 40 78
28 60 28 41 50 60
42 73 42 51 67 73
21 62 21 42 62
48 81 48 75 80 81
25 62 25 33 62
10 39 10 17 20 39
26 86 26 42 51 59 64 86
22 76 22 31 68 69 76
13 82 13 29 48 75 82
12 89 12 84 89
79 88 79 88
0 89 0 10 24 89
7 39 7 14 25 35 39
14 34 14 34
47 75 47 75
8 35 8 28 35
10 71 10 17 33 51 59 64 71
9 62 9 62
21 62 21 26 42 62
80 81 80 81
1 40 1 2 9 20 40
8 40 8 9 20 40
8 9 8 9
1 55 1 2 9 20 55
1 23 1 2 23
26 28 26 28
36 60 36 50 60
39 89 39 58 77 89
15 39 15 26 28 35 39
4 67 4 23 37 51 67
0 45 0 45
20 87 20 55 67 72 87
0 35 0 13 28 35
42 71 42 51 59 64 71
19 77 19 43 44 55 58 77
52 81 52 80 81
6 88 6 31 43 44 55 58 67 72 88
17 33 17 33
18 22 18 22
17 83 17 70 81 83
0 24 0 10 24
8 68 8 9 20 40 68
14 48 14 28 37 48
30 77 30 44 55 58 77
6 79 6 31 43 44 79
18 76 18 20 55 58 68 69 76
1 49 1 13 26 28 37 49
2 81 2 23 37 51 80 81
53 84 53 84
13 59 13 28 35 59
11 82 11 59 64 82
34 77 34 48 52 77
27 74 27 44 55 58 68 74
26 42 26 42
14 38 14 25 38
27 76 27 44 55 58 68 69 76
8 87 8 9 62 72 87
3 34 3 30 34
10 70 10 17 70
49 87 49 72 87
7 14 7 14
37 88 37 48 88
57 78 57 78
13 42 13 26 42
27 77 27 44 55 58 77
1 81 1 7 43 52 80 81
21 89 21 42 51 59 89
7 63 7 57 63
45 86 45 64 86
6 56 6 31 56
7 77 7 14 28 77
75 80 75 80
18 20 18 20
0 51 0 13 26 28 37 51
19 58 19 43 44 55 58
0 37 0 13 28 37
40 78 40 78
18 48 18 22 34 48
7 59 7 14 42 51 59
16 29 16 29
23 78 23 66 78
19 43 19 43
5 74 5 6 16 35 39 58 68 74
17 70 17 70
12 37 12 37
31 64 31 56 64
15 71 15 30 48 52 64 71
14 42 14 42
35 67 35 39 58 67
21 39 21 26 28 35 39
49 76 49 69 76
24 82 24 71 82
52 81 52 80 81
59 64 59 64
25 49 25 33 49
13 83 13 29 48 52 80 81 83
58 82 58 67 82
36 87 36 37 72 87
19 69 19 43 44 55 58 68 69
19 56 19 56
15 71 15 26 42 51 59 64 71
6 72 6 37 72
14 72 14 42 62 72
15 30 15 30
1 75 1 13 28 37 48 75
4 64 4 23 37 48 52 64
59 82 59 64 71 82
0 57 0 13 28 41 57
30 82 30 34 59 64 71 82
2 80 2 23 37 51 80
35 86 35 39 58 67 72 86
7 49 7 14 25 33 49
26 58 26 28 35 39 58
1 2 1 2
36 71 36 37 52 71
26 83 26 28 41 70 81 83
36 60 36 50 60
2 81 2 23 37 48 52 80 81
25 61 25 33 61
37 75 37 48 75
23 86 23 49 72 86
21 58 21 58
15 69 15 26 28 68 69
13 77 13 29 48 52 77
37 51 37 51
31 43 31 43
24 76 24 27 44 55 58 68 69 76
25 40 25 40
40 76 40 68 69 76
11 64 11 59 64
49 69 49 69
1 28 1 13 26 28
33 80 33 51 80
13 35 13 28 35
19 88 19 43 44 55 67 72 88
67 72 67 72
15 51 15 26 28 37 51
1 85 1 7 14 25 85
12 64 12 37 52 64
44 79 44 79
15 39 15 26 28 35 39
37 76 37 76
40 76 40 68 69 76
13 29 13 29
30 81 30 34 48 52 80 81
4 88 4 49 72 88
10 33 10 17 33
40 68 40 68
10 89 10 17 33 51 59 89
64 86 64 86
26 83 26 28 41 70 81 83
4 86 4 23 37 72 86
67 82 67 82
12 51 12 37 51
48 82 48 75 82
28 68 28 35 39 58 68
13 28 13 26 28
7 39 7 14 28 35 39
35 68 35 39 58 68
4 30 4 30
7 68 7 14 28 68
31 64 31 43 52 64
7 59 7 14 42 51 59
34 79 34 79
10 17 10 17
11 82 11 59 64 71 82
4 87 4 30 44 55 67 72 87
45 50 45 50
14 35 14 25 35
0 81 0 13 26 28 41 70 81
67 73 67 73
3 79 3 27 79
21 72 21 42 62 72
67 82 67 82
3 79 3 27 79
41 63 41 57 63
28 60 28 41 50 60
28 63 28 41 63
33 78 33 78
8 76 8 28 41 76
36 50 36 50
0 10 0 10
56 82 56 82
9 87 9 62 72 87
41 57 41 57
1 49 1 13 28 41 49
66 78 66 78
34 86 34 48 52 64 86
35 88 35 39 58 67 72 88
12 37 12 37
72 86 72 86
6 79 6 31 43 44 79
48 82 48 75 82
1 55 1 2 9 20 55
10 59 10 30 34 59
31 69 31 68 69
59 89 59 89
58 67 58 67
10 78 10 17 33 78
58 67 58 67
15 82 15 26 28 64 71 82
24 89 24 89
13 76 13 28 37 76
2 48 2 23 37 48
27 67 27 44 55 58 67
26 80 26 42 51 80
14 33 14 25 33
38 89 38 89
20 88 20 39 58 67 72 88
12 72 12 37 49 72
21 74 21 26 28 68 74
77 89 77 89
13 20 13 20
27 88 27 88
33 51 33 51
1 81 1 2 33 51 80 81
14 25 14 25
31 69 31 68 69
42 64 42 51 59 64
13 75 13 28 37 48 75
13 59 13 28 35 59
1 61 1 2 33 61
12 29 12 29
31 69 31 68 69
9 64 9 20 56 64
0 60 0 10 17 60
3 82 3 27 44 55 58 67 82
17 82 17 20 56 64 82
2 89 2 9 20 55 84 89
51 82 51 59 64 71 82
55 74 55 58 68 74
14 67 14 28 35 39 58 67
22 81 22 34 48 52 80 81
10 49 10 17 33 49
42 83 42 51 80 81 83
33 51 33 51
8 41 8 41
26 59 26 28 37 59
41 63 41 63
66 89 66 77 89
8 74 8 40 68 74
10 71 10 24 71
4 72 4 49 72
41 50 41 50
52 81 52 80 81
75 88 75 88
0 20 0 20
21 77 21 26 28 35 39 58 77
14 33 14 25 33
58 68 58 68
42 89 42 51 59 89
36 37 36 37
10 34 10 30 34
17 61 17 33 61
0 41 0 13 26 28 41
17 20 17 20
41 88 41 49 72 88
33 61 33 61
4 51 4 23 37 51
8 51 8 28 37 51
4 30 4 30
23 66 23 66
48 64 48 52 64
5 82 5 64 82
14 77 14 25 35 39 58 77
26 65 26 28 35 39 65
27 89 27 79 84 89
21 37 21 26 28 37
36 60 36 50 60
33 89 33 51 59 89
8 75 8 28 37 48 75
1 69 1 37 49 69
41 69 41 49 69
41 78 41 57 78
10 64 10 30 34 48 52 64
10 68 10 17 20 55 58 68
14 61 14 25 33 61
54 83 54 81 83
14 74 14 28 35 39 58 68 74
3 78 3 9 20 40 78
14 73 14 25 33 51 67 73
42 89 42 51 59 89
11 88 11 88
22 31 22 31
20 39 20 39
21 77 21 58 77
16 82 16 29 48 75 82
1 89 1 13 20 55 84 89
17 67 17 58 67
66 78 66 78
41 49 41 49
36 67 36 37 51 67
25 82 25 33 51 59 64 82
4 52 4 30 48 52
7 77 7 14 28 35 39 58 77
64 71 64 71
55 82 55 58 67 82
35 64 35 59 64
58 82 58 67 82
12 89 12 24 89
26 37 26 28 37
16 72 16 35 39 58 67 72
8 70 8 41 70
15 22 15 22
2 68 2 9 20 55 58 68
7 78 7 14 25 33 78
31 86 31 43 52 64 86
49 76 49 76
37 59 37 59
7 39 7 14 28 35 39
23 32 23 32
17 49 17 33 49
39 87 39 87
35 71 35 59 64 71
42 73 42 51 67 73
17 72 17 58 67 72
15 43 15 22 31 43
30 67 30 44 55 58 67
19 69 19 43 44 55 58 68 69
13 29 13 29
7 68 7 14 25 40 68
56 64 56 64
23 72 23 37 51 67 72
10 71 10 30 48 52 64 71
26 76 26 28 68 69 76
0 24 0 10 24
3 48 3 30 34 48
44 79 44 79
13 83 13 28 41 70 81 83
10 24 10 24
17 32 17 32
1 81 1 2 33 51 80 81
37 75 37 48 75
10 17 10 17
2 56 2 9 20 56
42 89 42 51 59 89
42 83 42 51 80 81 83
20 87 20 55 67 72 87
15 63 15 26 28 41 57 63
57 72 57 72
6 87 6 16 35 39 58 67 72 87
28 81 28 41 70 81
20 89 20 55 58 77 89
7 68 7 14 25 40 68
8 73 8 9 20 55 58 67 73
37 51 37 51
4 34 4 30 34
2 80 2 33 51 80
10 51 10 17 33 51
25 79 25 79
35 71 35 59 64 71
37 48 37 48
9 55 9 20 55
57 82 57 82
29 48 29 48
50 82 50 82
7 89 7 89
13 68 13 28 35 39 58 68
67 88 67 72 88
18 82 18 20 55 67 82
3 39 3 9 20 39
3 88 3 37 49 72 88
42 80 42 51 80
1 81 1 2 23 37 51 80 81
26 42 26 42
25 82 25 35 59 64 71 82
9 62 9 62
1 37 1 37
17 55 17 20 55
28 82 28 64 82
14 86 14 34 59 64 86
15 86 15 26 42 51 86
28 73 28 35 39 58 67 73
51 72 51 67 72
25 38 25 38
26 71 26 42 51 59 64 71
11 71 11 59 64 71
43 72 43 44 55 58 67 72
50 60 50 60
1 44 1 7 43 44
2 52 2 23 37 48 52
31 56 31 56
64 71 64 71
24 79 24 27 79
14 34 14 34
44 88 44 55 67 72 88
3 58 3 9 20 55 58
2 20 2 9 20
1 75 1 37 48 75
16 35 16 35
1 81 1 37 52 80 81
25 39 25 35 39
24 86 24 27 44 55 67 72 86
36 87 36 37 72 87
15 89 15 30 44 55 58 77 89
52 83 52 80 81 83
2 66 2 23 66
4 87 4 30 44 55 67 72 87
20 89 20 55 58 77 89
77 89 77 89
12 64 12 45 64
25 35 25 35
3 58 3 27 44 55 58
26 80 26 42 51 80
8 35 8 28 35
25 71 25 35 59 64 71
58 74 58 68 74
36 86 36 37 59 64 86
26 71 26 28 64 71
3 38 3 38
18 48 18 22 34 48
18 40 18 20 40
43 44 43 44
4 87 4 49 72 87
51 88 51 67 72 88
19 56 19 56
20 86 20 56 64 86
24 27 24 27
68 69 68 69
33 72 33 62 72
16 87 16 87
1 74 1 39 58 68 74
39 89 39 58 77 89
45 86 45 64 86
0 88 0 27 44 55 58 67 72 88
8 64 8 28 64
11 59 11 59
12 73 12 37 51 67 73
10 87 10 17 33 62 72 87
25 63 25 63
12 52 12 29 48 52
42 59 42 51 59
26 76 26 28 35 39 58 68 69 76
2 81 2 23 37 52 80 81
45 77 45 77
29 52 29 48 52
1 73 1 2 9 20 55 67 73
8 64 8 28 35 59 64
42 71 42 51 59 64 71
13 75 13 29 48 75
16 71 16 29 48 52 71
3 49 3 37 49
10 61 10 17 33 61
52 80 52 80
22 34 22 34
17 72 17 58 67 72
21 72 21 42 51 67 72
28 87 28 37 49 72 87
23 64 23 37 59 64
51 67 51 67
12 45 12 45
2 56 2 56
36 59 36 37 59
3 38 3 38
23 75 23 37 48 75
68 76 68 69 76
44 84 44 79 84
15 74 15 26 28 68 74
25 82 25 82
57 86 57 72 86
33 49 33 49
15 68 15 26 28 68
15 58 15 22 43 44 55 58
15 67 15 26 28 37 51 67
5 6 5 6
14 84 14 34 79 84
9 55 9 20 55
15 58 15 22 43 44 55 58
58 76 58 68 69 76
29 48 29 48
18 72 18 20 55 67 72
68 76 68 69 76
48 81 48 52 80 81
18 48 18 22 34 48
5 75 5 75
1 37 1 37
21 52 21 26 28 37 48 52
8 35 8 28 35
29 48 29 48
19 84 19 43 44 84
26 65 26 28 41 57 63 65
18 65 18 20 39 65
34 81 34 48 75 80 81
39 68 39 58 68
57 72 57 72
57 78 57 78
3 58 3 9 20 55 58
49 87 49 72 87
4 51 4 23 37 51
28 52 28 37 48 52
8 68 8 40 68
48 77 48 52 77
7 35 7 14 28 35
13 76 13 20 39 58 68 69 76
39 67 39 58 67
27 74 27 44 55 58 68 74
12 45 12 45
3 72 3 27 44 55 58 67 72
13 55 13 20 55
10 48 10 30 48
3 68 3 30 44 55 58 68
8 87 8 28 37 51 67 72 87
9 62 9 62
51 89 51 59 89
42 80 42 51 80
6 79 6 31 43 44 79
18 79 18 22 31 43 44 79
8 73 8 28 37 51 67 73
2 82 2 23 37 52 64 71 82
18 84 18 20 55 84
1 23 1 2 23
13 84 13 20 55 84
31 89 31 43 44 84 89
8 62 8 9 62
18 39 18 20 39
0 45 0 45
56 74 56 74
27 79 27 79
22 81 22 31 43 52 80 81
29 89 29 48 52 77 89
17 70 17 70
3 68 3 27 44 55 58 68
4 87 4 30 44 55 67 72 87
23 37 23 37
43 84 43 44 55 84
42 87 42 51 67 72 87
10 61 10 17 33 61
23 48 23 37 48
44 55 44 55
36 49 36 37 49
18 82 18 22 31 43 44 55 67 82
34 71 34 48 52 64 71
64 71 64 71
10 87 10 17 20 39 58 67 72 87
3 59 3 37 59
4 32 4 23 32
23 49 23 37 49
23 37 23 37
72 87 72 87
19 56 19 56
2 87 2 33 62 72 87
21 52 21 26 28 37 52
36 88 36 37 51 67 72 88
36 48 36 37 48
5 35 5 6 16 35
42 62 42 62
0 61 0 10 17 33 61
29 48 29 48
0 82 0 45 64 71 82
10 74 10 17 20 40 68 74
33 80 33 51 80
42 87 42 62 72 87
40 78 40 78
0 81 0 10 30 48 52 80 81
13 29 13 29
21 89 21 58 77 89
43 52 43 52
28 58 28 35 39 58
17 61 17 33 61
34 48 34 48
2 74 2 56 74
35 67 35 39 58 67
51 80 51 80
41 69 41 49 69
41 63 41 63
14 37 14 28 37
39 67 39 58 67
48 88 48 88
26 42 26 42
33 71 33 51 59 64 71
2 52 2 23 37 52
28 37 28 37
8 28 8 28
42 62 42 62
12 84 12 24 27 79 84
0 84 0 13 20 55 84
29 52 29 48 52
7 42 7 14 42
79 88 79 88
42 83 42 51 80 81 83
48 81 48 75 80 81
47 80 47 80
14 48 14 28 37 48
10 24 10 24
19 82 19 43 52 71 82
34 84 34 79 84
28 82 28 35 59 64 71 82
2 81 2 33 51 80 81
33 76 33 49 69 76
3 9 3 9
35 71 35 59 64 71
14 49 14 28 37 49
5 89 5 89
41 88 41 49 72 88
33 76 33 49 69 76
10 48 10 48
1 73 1 39 58 67 73
59 82 59 64 82
21 42 21 26 42
29 88 29 48 88
5 84 5 79 84
26 58 26 28 35 39 58
31 55 31 43 44 55
26 48 26 28 37 48
4 32 4 23 32
34 79 34 79
37 52 37 52
2 81 2 23 37 51 80 81
1 75 1 13 28 37 48 75
13 74 13 28 68 74
13 89 13 28 35 59 89
55 69 55 58 68 69
58 86 58 67 72 86
7 39 7 14 28 35 39
30 75 30 48 75
57 78 57 78
18 82 18 59 64 82
20 88 20 39 58 67 72 88
16 80 16 29 48 52 80
6 88 6 37 51 67 72 88
33 49 33 49
48 64 48 52 64
6 29 6 16 29
58 82 58 67 82
30 44 30 44
12 49 12 37 49
24 27 24 27
55 74 55 58 68 74
7 63 7 14 28 41 57 63
39 89 39 58 77 89
21 60 21 26 28 41 50 60
67 87 67 72 87
12 60 12 60
21 52 21 26 28 37 52
10 40 10 17 20 40
13 75 13 26 28 37 48 75
10 87 10 17 58 67 72 87
33 51 33 51
35 82 35 39 58 67 82
5 82 5 75 82
16 64 16 29 48 52 64
28 68 28 68
24 83 24 83
33 51 33 51
17 60 17 60
6 49 6 37 49
34 52 34 48 52
0 13 0 13
43 44 43 44
43 89 43 52 77 89
8 68 8 40 68
10 24 10 24
12 52 12 29 48 52
8 68 8 40 68
28 77 28 37 52 77
34 77 34 48 52 77
19 64 19 43 52 64
3 39 3 9 20 39
75 81 75 80 81
14 84 14 25 79 84
41 50 41 50
3 34 3 30 34
15 51 15 26 28 37 51
77 89 77 89
10 70 10 17 70
1 64 1 7 64
12 66 12 66
67 86 67 72 86
17 72 17 58 67 72
4 49 4 23 49
15 51 15 26 28 37 51
21 83 21 26 28 41 70 81 83
45 71 45 64 71
33 62 33 62
12 66 12 66
48 82 48 52 64 71 82
36 73 36 37 51 67 73
26 37 26 28 37
4 32 4 23 32
11 82 11 59 64 82
2 39 2 9 20 39
28 39 28 35 39
27 44 27 44
56 64 56 64
5 89 5 6 37 51 59 89
85 88 85 88
1 88 1 49 72 88
24 73 24 27 44 55 67 73
55 58 55 58
10 87 10 30 44 55 67 72 87
28 87 28 87
36 48 36 37 48
27 58 27 44 55 58
6 37 6 37
6 56 6 31 56
19 86 19 56 64 86
5 37 5 6 37
5 37 5 6 37
14 72 14 28 35 39 58 67 72
45 64 45 64
0 69 0 27 44 55 58 68 69
26 76 26 28 35 39 76
2 74 2 9 20 55 58 68 74
10 34 10 30 34
8 35 8 28 35
55 73 55 58 67 73
6 64 6 31 43 52 64
30 68 30 44 55 58 68
3 82 3 64 82
12 68 12 44 55 58 68
8 71 8 28 35 59 64 71
4 87 4 30 44 55 58 67 72 87
4 83 4 23 37 48 52 80 81 83
44 67 44 55 67
22 59 22 34 59
20 39 20 39
58 68 58 68
39 65 39 65
24 83 24 27 44 79 83
19 52 19 43 52
13 56 13 20 56
19 58 19 43 44 55 58
51 67 51 67
80 81 80 81
8 60 8 41 50 60
3 27 3 27
4 89 4 23 66 77 89
52 81 52 80 81
2 20 2 9 20
0 80 0 13 26 28 37 52 80
21 83 21 42 51 80 81 83
7 49 7 14 25 33 49
55 74 55 58 68 74
6 77 6 16 35 39 58 77
18 39 18 20 39
36 67 36 37 51 67
10 64 10 17 20 56 64
2 33 2 33
23 32 23 32
50 60 50 60
9 87 9 62 72 87
14 35 14 25 35
45 50 45 50
15 26 15 26
7 35 7 14 25 35
33 69 33 49 69
22 64 22 43 52 64
31 84 31 43 44 79 84
3 87 3 30 44 55 58 67 72 87
10 40 10 17 20 40
49 87 49 72 87
18 82 18 22 31 43 52 71 82
0 35 0 13 28 35
10 61 10 17 33 61
66 78 66 78
8 28 8 28
1 26 1 13 26
17 70 17 70
14 34 14 34
13 49 13 26 28 41 49
37 48 37 48
13 55 13 20 55
37 52 37 52
70 82 70 82
31 64 31 43 52 64
13 64 13 26 42 51 59 64
16 77 16 29 48 52 77
43 44 43 44
2 52 2 23 37 48 52
1 59 1 37 59
27 58 27 44 55 58
26 72 26 42 62 72
58 68 58 68
30 58 30 44 55 58
10 34 10 30 34
19 76 19 69 76
25 63 25 63
17 67 17 33 51 67
7 49 7 14 25 33 49
19 62 19 62
7 84 7 14 34 79 84
12 60 12 60
26 88 26 42 62 72 88
2 80 2 23 37 48 52 80
53 80 53 80
1 42 1 13 26 42
20 76 20 39 76
59 89 59 89
23 37 23 37
68 74 68 74
18 81 18 22 34 48 52 80 81
22 81 22 43 52 80 81
79 84 79 84
17 74 17 20 39 58 68 74
5 82 5 64 82
4 76 4 23 49 69 76
4 66 4 23 66
0 45 0 45
14 67 14 28 35 39 58 67
28 39 28 35 39
19 76 19 69 76
31 79 31 43 44 79
12 59 12 37 59
18 69 18 20 40 68 69
9 89 9 20 39 58 77 89
45 71 45 64 71
19 68 19 43 44 55 58 68
26 83 26 42 51 80 81 83
10 70 10 17 70
63 65 63 65
15 44 15 22 43 44
9 20 9 20
51 59 51 59
6 79 6 31 43 44 79
14 63 14 25 63
27 82 27 44 55 58 67 82
14 69 14 28 41 49 69
7 55 7 43 44 55
17 58 17 20 39 58
0 20 0 20
1 2 1 2
6 16 6 16
8 70 8 41 70
13 50 13 26 28 41 50
35 67 35 39 58 67
3 87 3 37 72 87
0 89 0 45 77 89
36 77 36 37 77
20 40 20 40
7 83 7 43 52 80 81 83
41 63 41 57 63
1 65 1 7 57 63 65
14 42 14 42
1 59 1 13 26 28 35 59
25 87 25 35 39 58 67 72 87
31 77 31 43 52 77
21 42 21 26 42
3 62 3 9 62
21 82 21 42 51 67 82
7 64 7 64
3 39 3 9 20 39
37 69 37 49 69
0 59 0 13 26 28 35 59
42 82 42 51 67 82
16 74 16 35 39 58 68 74
3 88 3 9 20 88
0 76 0 27 44 55 58 68 69 76
33 86 33 62 72 86
10 71 10 17 20 56 64 71
49 86 49 72 86
17 74 17 58 68 74
42 82 42 51 59 64 82
5 89 5 79 84 89
0 82 0 10 30 44 55 58 67 82
10 62 10 17 33 62
3 68 3 30 44 55 58 68
67 73 67 73
14 34 14 34
7 83 7 14 34 79 83
13 26 13 26
13 82 13 29 48 52 64 71 82
7 83 7 43 44 79 83
43 82 43 52 64 82
30 82 30 44 55 67 82
1 70 1 13 28 41 70
14 37 14 28 37
1 74 1 13 68 74
33 88 33 51 67 72 88
27 44 27 44
26 73 26 28 35 39 58 67 73
17 72 17 20 55 67 72
0 37 0 13 26 28 37
19 64 19 43 52 64
27 89 27 44 55 84 89
23 72 23 49 72
17 83 17 70 81 83
7 55 7 43 44 55
34 80 34 48 52 80
8 62 8 9 62
36 75 36 37 48 75
58 68 58 68
43 73 43 44 55 67 73
33 64 33 51 59 64
37 72 37 51 67 72
25 87 25 35 39 58 67 72 87
57 86 57 72 86
1 59 1 7 14 28 35 59
12 72 12 37 51 67 72
51 82 51 67 82
55 84 55 84
81 83 81 83
10 64 10 48 52 64
28 63 28 41 63
23 32 23 32
27 88 27 88
52 80 52 80
19 84 19 43 44 84
4 84 4 30 44 84
56 64 56 64
28 82 28 41 57 82
57 65 57 63 65
24 71 24 71
48 81 48 52 80 81
20 76 20 55 58 68 69 76
79 83 79 83
0 10 0 10
31 43 31 43
4 23 4 23
55 72 55 67 72
10 30 10 30
4 52 4 23 37 52
24 76 24 27 44 55 58 68 69 76
28 59 28 37 51 59
33 69 33 49 69
42 89 42 51 59 89
10 87 10 24 27 44 55 67 72 87
66 78 66 78
44 84 44 55 84
36 60 36 50 60
10 34 10 30 34
0 48 0 10 30 34 48
21 51 21 26 42 51
10 74 10 17 20 56 74
17 73 17 20 55 58 67 73
37 52 37 52
15 22 15 22
26 37 26 28 37
7 84 7 43 44 55 84
67 73 67 73
15 44 15 30 44
8 73 8 9 20 73
17 74 17 20 55 58 68 74
25 65 25 35 39 65
26 59 26 28 35 59
58 86 58 67 72 86
14 86 14 59 64 86
79 84 79 84
34 80 34 48 52 80
14 85 14 25 85
7 39 7 14 25 35 39
43 84 43 44 55 84
6 77 6 37 77
14 33 14 25 33
18 34 18 22 34
22 74 22 43 44 55 58 68 74
70 82 70 82
27 67 27 44 55 67
0 80 0 10 17 33 51 80
8 89 8 9 20 55 84 89
70 82 70 82
72 87 72 87
25 61 25 33 61
9 72 9 20 55 58 67 72
23 64 23 37 51 59 64
9 87 9 62 72 87
36 60 36 50 60
44 89 44 84 89
18 76 18 20 39 58 68 69 76
14 58 14 28 35 39 58
1 59 1 2 23 37 51 59
37 52 37 48 52
26 88 26 42 51 67 72 88
22 59 22 34 59
3 55 3 27 44 55
6 86 6 16 86
23 72 23 49 72
14 38 14 25 38
16 80 16 29 48 75 80
8 60 8 28 41 50 60
2 68 2 9 20 55 58 68
1 88 1 7 14 34 79 88
0 26 0 13 26
10 82 10 48 75 82
14 58 14 25 35 39 58
0 40 0 10 17 20 40
37 69 37 49 69
7 58 7 43 44 55 58
47 80 47 80
27 83 27 44 79 83
10 86 10 48 52 64 86
27 76 27 44 55 58 68 69 76
23 66 23 66
17 58 17 58
7 55 7 43 44 55
1 85 1 7 14 25 85
48 82 48 52 71 82
8 55 8 9 20 55
37 59 37 59
48 64 48 52 64
14 37 14 28 37
25 71 25 33 51 59 64 71
13 76 13 28 37 49 69 76
10 74 10 30 44 55 58 68 74
8 41 8 41
3 79 3 27 79
16 59 16 35 59
36 71 36 59 64 71
6 68 6 31 68
4 69 4 30 44 55 58 68 69
51 59 51 59
1 89 1 13 26 42 51 59 89
21 63 21 26 28 41 57 63
14 86 14 25 33 62 72 86
36 48 36 37 48
10 89 10 30 34 59 89
28 70 28 41 70
67 88 67 72 88
2 82 2 23 37 51 59 64 71 82
15 43 15 22 31 43
5 82 5 6 16 29 48 75 82
36 48 36 37 48
5 76 5 6 37 76
23 86 23 49 72 86
4 82 4 30 44 55 58 67 82
3 37 3 37
55 84 55 84
6 49 6 37 49
24 89 24 27 79 84 89
22 34 22 34
71 82 71 82
0 41 0 13 28 41
70 81 70 81
6 59 6 16 35 59
50 82 50 82
15 71 15 26 28 64 71
19 76 19 43 44 55 58 68 69 76
1 59 1 37 59
17 64 17 20 56 64
6 44 6 31 43 44
6 16 6 16
59 89 59 89
12 59 12 37 59
21 37 21 26 28 37
55 84 55 84
37 69 37 49 69
7 68 7 43 44 55 58 68
55 67 55 67
12 29 12 29
0 79 0 10 24 27 44 79
7 68 7 14 28 35 39 58 68
30 58 30 44 55 58
25 38 25 38
0 89 0 45 77 89
3 83 3 27 79 83
0 80 0 13 29 48 52 80
22 43 22 43
10 69 10 30 44 55 58 68 69
18 73 18 22 43 44 55 58 67 73
13 35 13 26 28 35
18 79 18 22 31 43 44 79
50 60 50 60
43 89 43 44 55 58 77 89
14 49 14 28 41 49
10 86 10 17 33 49 72 86
7 76 7 43 44 55 58 68 69 76
45 50 45 50
16 29 16 29
4 72 4 23 37 49 72
8 89 8 28 77 89
6 87 6 31 43 44 55 58 67 72 87
10 87 10 17 58 67 72 87
27 79 27 44 79
31 43 31 43
16 68 16 35 39 58 68
14 59 14 34 59
41 49 41 49
5 65 5 6 16 35 39 65
2 20 2 9 20
42 72 42 62 72
19 43 19 43
43 87 43 44 55 58 67 72 87
37 69 37 49 69
13 50 13 28 41 50
15 58 15 26 28 35 39 58
31 79 31 43 44 79
3 67 3 30 44 55 67
8 62 8 9 62
41 50 41 50
17 72 17 33 51 67 72
20 55 20 55
11 59 11 59
6 79 6 31 43 44 79
16 29 16 29
28 78 28 41 57 78
6 44 6 31 43 44
67 82 67 82
5 52 5 6 16 29 48 52
0 24 0 10 24
66 78 66 78
2 86 2 9 20 39 58 67 72 86
2 68 2 9 20 39 58 68
4 49 4 49
25 77 25 35 39 58 77
17 73 17 33 51 67 73
33 71 33 51 59 64 71
12 45 12 45
16 29 16 29
43 73 43 44 55 67 73
0 56 0 10 17 20 56
30 67 30 44 55 67
26 82 26 28 37 52 64 82
12 44 12 44
19 81 19 43 52 80 81
55 72 55 67 72
17 67 17 58 67
27 79 27 44 79
9 40 9 20 40
5 49 5 6 37 49
33 61 33 61
16 87 16 87
5 52 5 6 16 29 48 52
30 75 30 34 48 75
8 55 8 9 20 55
16 59 16 35 59
39 69 39 58 68 69
11 89 11 59 89
36 49 36 37 49
28 78 28 41 57 78
40 76 40 68 69 76
20 76 20 55 58 68 69 76
20 56 20 56
25 51 25 33 51
17 77 17 58 77
55 77 55 58 77
8 35 8 28 35
0 59 0 13 28 37 59
24 89 24 89
25 33 25 33
24 79 24 27 44 79
19 58 19 43 44 55 58
2 20 2 9 20
3 62 3 9 62
10 49 10 17 33 49
7 83 7 14 28 41 70 81 83
42 51 42 51
66 78 66 78
43 84 43 44 84
36 50 36 50
42 82 42 51 59 64 82
22 75 22 34 48 75
18 43 18 22 31 43
3 87 3 37 72 87
0 41 0 13 26 28 41
18 31 18 22 31
13 56 13 20 56
39 73 39 58 67 73
33 78 33 78
26 88 26 42 62 72 88
8 82 8 41 70 82
4 86 4 49 72 86
8 74 8 9 20 55 58 68 74
48 88 48 75 88
8 73 8 9 20 39 58 67 73
15 87 15 22 43 44 55 58 67 72 87
13 59 13 28 35 59
37 72 37 49 72
7 14 7 14
25 51 25 33 51
43 72 43 44 55 58 67 72
36 77 36 37 52 77
53 81 53 80 81
13 26 13 26
33 86 33 51 59 64 86
0 37 0 13 28 37
26 72 26 28 41 57 72
2 80 2 33 51 80
25 35 25 35
8 35 8 28 35
22 64 22 31 43 52 64
15 48 15 22 34 48
7 57 7 57
17 83 17 70 81 83
5 79 5 6 31 43 44 79
34 81 34 48 52 80 81
2 67 2 33 51 67
17 82 17 58 67 82
20 76 20 39 76
14 58 14 28 35 39 58
33 86 33 62 72 86
44 83 44 79 83
34 80 34 48 75 80
21 42 21 26 42
24 55 24 27 44 55
42 73 42 51 67 73
0 84 0 10 17 20 55 84
43 71 43 52 71
18 34 18 22 34
35 88 35 39 58 67 72 88
37 51 37 51
0 87 0 10 30 44 55 58 67 72 87
27 77 27 44 55 58 77
13 68 13 68
25 35 25 35
1 65 1 39 65
3 79 3 30 34 79
48 82 48 75 82
40 68 40 68
14 40 14 25 40
21 83 21 26 28 37 52 80 81 83
23 86 23 37 72 86
16 67 16 35 39 58 67
22 76 22 31 68 69 76
37 49 37 49
31 64 31 43 52 64
2 78 2 9 20 40 78
33 71 33 51 59 64 71
4 86 4 30 34 59 64 86
10 34 10 30 34
0 57 0 13 26 28 41 57
6 44 6 31 43 44
14 52 14 34 48 52
43 84 43 44 79 84
25 40 25 40
26 37 26 28 37
42 73 42 51 67 73
21 89 21 42 51 59 89
33 71 33 51 59 64 71
21 39 21 26 28 35 39
41 57 41 57
45 71 45 64 71
3 30 3 30
33 86 33 62 72 86
51 81 51 80 81
39 88 39 58 67 72 88
23 86 23 49 72 86
80 81 80 81
1 88 1 39 58 67 72 88
3 49 3 37 49
19 58 19 43 44 55 58
12 88 12 24 27 44 79 88
26 59 26 42 51 59
6 31 6 31
0 33 0 10 17 33
45 82 45 64 71 82
41 70 41 70
2 78 2 33 78
13 49 13 26 28 41 49
28 78 28 41 57 78
27 67 27 44 55 58 67
52 64 52 64
8 82 8 9 71 82
36 75 36 37 48 75
9 68 9 20 40 68
22 74 22 31 43 44 55 58 68 74
59 64 59 64
4 69 4 49 69
44 55 44 55
3 69 3 9 20 55 58 68 69
28 59 28 37 59
7 37 7 14 28 37
42 83 42 51 80 81 83
15 82 15 22 34 59 64 82
53 81 53 80 81
0 27 0 10 24 27
55 69 55 58 68 69
64 82 64 82
0 76 0 13 28 35 39 76
5 89 5 52 77 89
45 64 45 64
49 76 49 76
12 51 12 37 51
31 89 31 43 44 79 84 89
30 68 30 44 55 58 68
27 44 27 44
6 16 6 16
28 41 28 41
13 65 13 28 35 39 65
1 69 1 39 58 68 69
14 69 14 28 41 49 69
25 38 25 38
44 83 44 79 83
1 61 1 7 14 25 33 61
27 74 27 44 55 58 68 74
26 73 26 73
26 72 26 28 35 39 58 67 72
7 70 7 14 28 41 70
12 89 12 29 48 52 77 89
16 35 16 35
24 86 24 27 44 55 58 67 72 86
8 41 8 28 41
14 34 14 34
20 86 20 56 64 86
42 83 42 51 80 81 83
42 83 42 51 80 81 83
7 59 7 14 28 35 59
16 29 16 29
0 28 0 13 26 28
30 67 30 44 55 67
24 76 24 27 44 55 58 68 69 76
6 86 6 86
5 64 5 6 16 35 59 64
28 70 28 41 70
24 71 24 71
26 37 26 28 37
3 39 3 9 20 39
1 57 1 7 57
2 52 2 23 37 52
48 52 48 52
4 69 4 23 49 69
19 88 19 62 72 88
2 33 2 33
1 78 1 2 78
14 64 14 59 64
14 63 14 25 63
36 72 36 37 72
3 76 3 30 44 55 58 68 69 76
8 70 8 28 41 70
0 45 0 45
67 86 67 72 86
58 77 58 77
0 78 0 20 40 78
0 51 0 13 26 42 51
37 51 37 51
48 75 48 75
5 84 5 6 31 43 44 55 84
35 39 35 39
8 68 8 40 68
5 88 5 6 31 43 44 79 88
5 6 5 6
55 77 55 58 77
31 64 31 56 64
55 73 55 58 67 73
25 85 25 85
22 48 22 34 48
3 30 3 30
30 77 30 34 48 52 77
6 76 6 37 76
2 68 2 9 20 55 58 68
51 88 51 67 72 88
10 83 10 24 27 79 83
52 89 52 77 89
19 84 19 43 44 84
31 68 31 68
45 64 45 64
0 60 0 13 60
2 82 2 33 51 67 82
72 86 72 86
28 41 28 41
6 59 6 16 35 59
56 64 56 64
29 89 29 48 52 77 89
4 32 4 23 32
24 86 24 27 44 55 58 67 72 86
31 68 31 68
13 76 13 20 39 58 68 69 76
8 89 8 9 20 39 58 77 89
29 89 29 48 52 77 89
25 40 25 40
18 48 18 22 34 48
1 61 1 7 14 25 33 61
22 34 22 34
36 48 36 37 48
0 79 0 27 79
47 82 47 75 82
6 76 6 37 76
17 60 17 60
9 86 9 20 56 64 86
19 82 19 56 64 82
10 59 10 17 33 51 59
10 49 10 17 33 49
24 83 24 83
11 64 11 59 64
4 83 4 70 81 83
3 34 3 30 34
58 86 58 67 72 86
35 64 35 59 64
85 88 85 88
42 73 42 51 67 73
39 88 39 58 67 72 88
25 63 25 63
51 67 51 67
22 76 22 43 44 55 58 68 69 76
18 58 18 20 39 58
30 48 30 48
0 69 0 10 24 27 44 55 58 68 69
3 62 3 9 62
55 67 55 58 67
5 37 5 6 37
26 80 26 28 37 51 80
64 82 64 82
15 39 15 26 28 35 39
20 87 20 39 87
16 86 16 29 48 52 64 86
0 20 0 10 17 20
58 82 58 67 82
19 83 19 43 52 80 81 83
18 34 18 22 34
28 41 28 41
0 27 0 10 24 27
15 63 15 26 28 41 63
25 89 25 35 39 58 77 89
19 77 19 43 52 77
36 52 36 37 52
8 9 8 9
3 88 3 27 79 88
42 62 42 62
44 83 44 79 83
75 80 75 80
0 13 0 13
2 74 2 56 74
12 52 12 37 52
13 29 13 29
19 82 19 56 64 71 82
48 80 48 52 80
5 81 5 75 80 81
1 28 1 7 14 28
3 75 3 30 34 48 75
4 34 4 30 34
37 82 37 48 52 64 71 82
58 82 58 67 82
13 20 13 20
18 34 18 22 34
49 69 49 69
19 89 19 43 44 55 84 89
21 72 21 26 42 62 72
5 37 5 6 37
22 68 22 31 43 44 55 58 68
45 64 45 64
18 82 18 20 39 58 67 82
18 43 18 22 31 43
58 77 58 77
10 75 10 30 48 75
13 82 13 29 48 52 64 82
35 88 35 39 58 67 72 88
39 89 39 58 77 89
8 64 8 9 20 56 64
4 55 4 30 44 55
2 52 2 23 37 52
30 44 30 44
15 79 15 22 31 43 44 79
0 77 0 20 39 58 77
41 78 41 57 78
8 60 8 41 50 60
41 70 41 70
8 41 8 41
35 82 35 59 64 71 82
15 26 15 26
19 86 19 56 64 86
23 72 23 49 72
14 65 14 28 41 63 65
9 71 9 20 56 64 71
16 29 16 29
0 24 0 10 24
12 24 12 24
45 64 45 64
5 84 5 6 31 43 44 84
10 39 10 17 20 39
50 82 50 82
25 33 25 33
28 68 28 35 39 58 68
58 67 58 67
42 51 42 51
10 64 10 30 34 48 52 64
12 51 12 37 51
44 88 44 79 88
63 65 63 65
8 75 8 28 37 48 75
18 78 18 20 40 78
21 63 21 26 28 41 63
56 64 56 64
12 29 12 29
41 49 41 49
31 86 31 56 64 86
42 71 42 51 59 64 71
19 86 19 62 72 86
1 28 1 13 26 28
24 74 24 27 44 55 58 68 74
10 68 10 30 44 55 58 68
8 51 8 28 37 51
3 76 3 37 49 76
17 61 17 33 61
7 25 7 14 25
1 7 1 7
28 51 28 37 51
29 48 29 48
28 81 28 41 70 81
23 49 23 37 49
36 80 36 37 48 52 80
18 87 18 22 31 43 44 55 58 67 72 87
36 75 36 37 48 75
2 68 2 9 20 55 58 68
10 59 10 30 34 59
21 59 21 42 51 59
12 60 12 45 50 60
28 70 28 41 70
41 88 41 49 72 88
22 59 22 34 59
67 87 67 72 87
26 82 26 42 51 67 82
17 72 17 33 49 72
68 76 68 69 76
5 6 5 6
10 74 10 17 20 55 58 68 74
6 69 6 16 35 39 58 68 69
48 88 48 75 88
21 58 21 58
37 48 37 48
6 44 6 31 43 44
6 86 6 37 59 64 86
48 75 48 75
24 76 24 27 44 55 58 68 69 76
58 76 58 68 69 76
33 89 33 51 59 89
35 86 35 59 64 86
26 59 26 28 37 51 59
1 85 1 7 14 25 85
55 82 55 58 67 82
26 71 26 28 64 71
5 72 5 72
39 77 39 58 77
13 75 13 28 37 48 75
43 71 43 52 64 71
14 65 14 28 41 57 63 65
6 72 6 16 35 39 58 67 72
33 72 33 49 72
5 79 5 79
6 37 6 37
14 73 14 28 35 39 58 67 73
7 25 7 14 25
77 89 77 89
13 29 13 29
1 28 1 7 14 28
7 68 7 14 28 35 39 58 68
21 71 21 26 42 51 59 64 71
21 60 21 26 28 41 50 60
20 76 20 40 68 69 76
6 69 6 37 49 69
21 81 21 26 42 51 80 81
19 77 19 43 44 55 58 77
22 59 22 34 59
2 9 2 9
58 74 58 68 74
36 67 36 37 51 67
2 77 2 9 20 55 58 77
42 82 42 51 59 64 82
25 61 25 33 61
21 39 21 26 28 35 39
52 64 52 64
19 38 19 38
26 65 26 28 41 63 65
7 89 7 43 44 79 84 89
12 68 12 44 55 58 68
15 26 15 26
52 64 52 64
8 71 8 9 20 56 64 71
4 51 4 23 37 51
33 59 33 51 59
35 82 35 59 64 71 82
7 78 7 14 25 40 78
25 39 25 35 39
17 74 17 20 55 58 68 74
0 76 0 13 26 28 68 69 76
24 86 24 27 44 55 67 72 86
38 89 38 89
75 82 75 82
44 84 44 84
1 37 1 2 23 37
19 76 19 43 44 55 58 68 69 76
47 80 47 75 80
43 71 43 52 64 71
24 71 24 71
39 76 39 58 68 69 76
17 83 17 70 81 83
13 62 13 26 42 62
5 52 5 6 16 29 48 52
10 33 10 17 33
19 82 19 56 82
18 87 18 20 39 87
6 59 6 16 35 59
8 51 8 28 37 51
21 83 21 26 42 51 80 81 83
13 50 13 28 41 50
18 40 18 20 40
55 58 55 58
15 39 15 26 28 35 39
35 64 35 59 64
26 88 26 28 41 57 72 88
45 71 45 64 71
13 20 13 20
0 82 0 27 44 55 58 67 82
18 40 18 20 40
6 86 6 16 35 59 64 86
18 75 18 22 34 48 75
36 37 36 37
19 69 19 43 44 55 58 68 69
18 59 18 22 34 59
43 73 43 44 55 67 73
2 56 2 9 20 56
57 78 57 78
10 33 10 17 33
15 26 15 26
53 88 53 88
7 70 7 14 28 41 70
2 20 2 9 20
6 59 6 37 59
53 88 53 88
14 86 14 25 33 62 72 86
13 89 13 29 48 52 77 89
55 67 55 67
1 78 1 7 14 28 41 57 78
29 48 29 48
36 71 36 37 48 52 71
14 89 14 28 35 39 58 77 89
2 52 2 23 37 48 52
3 27 3 27
9 72 9 20 55 67 72
31 55 31 43 44 55
20 88 20 55 58 67 72 88
35 64 35 59 64
36 52 36 37 48 52
51 80 51 80
45 83 45 83
19 52 19 43 52
42 83 42 51 80 81 83
17 77 17 58 77
14 25 14 25
12 66 12 66
56 82 56 64 71 82
28 87 28 41 49 72 87
5 35 5 6 16 35
39 87 39 58 67 72 87
36 81 36 81
14 61 14 25 33 61
30 59 30 34 59
0 27 0 10 24 27
21 39 21 26 28 35 39
26 37 26 28 37
7 37 7 14 28 37
16 74 16 35 39 58 68 74
68 74 68 74
13 74 13 26 28 68 74
34 64 34 48 52 64
6 59 6 37 59
1 55 1 13 20 55
17 55 17 20 55
36 50 36 50
44 88 44 55 67 72 88
7 25 7 14 25
34 81 34 48 75 80 81
13 64 13 26 28 35 59 64
1 74 1 39 58 68 74
44 83 44 79 83
11 76 11 68 69 76
7 70 7 14 28 41 70
10 24 10 24
36 77 36 37 48 52 77
66 77 66 77
22 31 22 31
5 81 5 52 80 81
51 59 51 59
13 51 13 26 28 37 51
36 48 36 37 48
85 88 85 88
10 30 10 30
13 48 13 26 28 37 48
21 86 21 42 51 59 64 86
27 82 27 44 55 67 82
0 27 0 27
26 83 26 28 37 52 80 81 83
5 88 5 75 88
70 81 70 81
0 88 0 10 24 27 88
25 40 25 40
43 72 43 44 55 67 72
44 88 44 79 88
38 89 38 89
16 59 16 35 59
4 32 4 23 32
0 60 0 45 50 60
0 10 0 10
3 9 3 9
58 86 58 67 72 86
40 76 40 68 69 76
15 43 15 22 31 43
30 48 30 34 48
12 51 12 37 51
51 80 51 80
28 68 28 68
39 69 39 58 68 69
1 40 1 2 9 20 40
10 51 10 17 33 51
58 67 58 67
43 72 43 44 55 58 67 72
37 51 37 51
28 78 28 41 57 78
52 81 52 80 81
1 51 1 7 14 25 33 51
44 67 44 55 58 67
1 88 1 37 49 72 88
1 39 1 7 14 25 35 39
38 65 38 65
14 86 14 42 51 67 72 86
24 83 24 27 79 83
35 71 35 59 64 71
18 58 18 20 39 58
57 78 57 78
15 67 15 26 28 37 51 67
27 77 27 44 55 58 77
14 25 14 25
12 73 12 37 51 67 73
10 17 10 17
17 64 17 33 51 59 64
18 75 18 22 34 48 75
3 88 3 30 34 48 75 88
36 71 36 37 51 59 64 71
14 59 14 42 51 59
6 77 6 31 43 44 55 58 77
4 52 4 23 37 48 52
14 33 14 25 33
55 77 55 58 77
43 44 43 44
4 68 4 30 44 55 58 68
3 82 3 64 82
15 86 15 30 34 86
28 52 28 37 48 52
20 76 20 40 68 69 76
41 50 41 50
28 35 28 35
34 71 34 48 52 64 71
4 32 4 23 32
13 83 13 29 48 52 80 81 83
7 69 7 14 25 40 68 69
28 87 28 41 57 72 87
16 35 16 35
26 82 26 42 51 67 82
53 89 53 84 89
41 69 41 49 69
2 52 2 23 37 52
19 88 19 62 72 88
3 76 3 9 20 39 76
42 83 42 51 80 81 83
9 56 9 20 56
22 84 22 31 43 44 79 84
58 68 58 68
22 58 22 31 43 44 55 58
42 72 42 62 72
0 84 0 10 17 20 55 84
17 32 17 32
27 77 27 44 55 58 77
53 84 53 84
12 29 12 29
34 81 34 48 75 80 81
33 62 33 62
5 51 5 6 37 51
28 63 28 41 63
3 83 3 37 48 52 80 81 83
13 20 13 20
12 50 12 45 50
49 76 49 76
1 68 1 7 43 44 55 58 68
8 75 8 28 37 48 75
13 83 13 26 28 41 70 81 83
4 34 4 30 34
53 84 53 84
17 55 17 20 55
24 73 24 27 44 55 67 73
68 69 68 69
3 49 3 37 49
3 64 3 37 48 52 64
85 88 85 88
62 72 62 72
14 35 14 28 35
18 79 18 22 34 79
5 35 5 6 16 35
13 28 13 26 28
5 37 5 6 37
8 51 8 28 37 51
4 84 4 30 44 55 84
10 44 10 30 44
3 64 3 64
23 32 23 32
2 59 2 33 51 59
0 24 0 10 24
22 48 22 34 48
51 83 51 80 81 83
20 56 20 56
55 69 55 58 68 69
14 72 14 28 35 39 58 67 72
12 24 12 24
39 82 39 58 67 82
20 76 20 55 58 68 69 76
30 84 30 44 79 84
35 39 35 39
36 71 36 59 64 71
42 80 42 51 80
57 86 57 72 86
2 80 2 23 37 51 80
22 75 22 34 48 75
7 78 7 14 28 41 57 78
7 76 7 14 28 68 69 76
7 14 7 14
9 86 9 20 56 64 86
6 51 6 37 51
30 58 30 44 55 58
69 76 69 76
17 82 17 58 67 82
4 34 4 30 34
8 62 8 62
16 67 16 35 39 58 67
3 27 3 27
12 29 12 29
26 86 26 28 35 59 64 86
10 69 10 17 20 55 58 68 69
3 49 3 37 49
13 68 13 20 55 58 68
13 50 13 28 41 50
13 29 13 29
22 58 22 31 43 44 55 58
26 83 26 28 37 48 75 80 81 83
25 89 25 38 89
47 82 47 75 82
42 89 42 51 59 89
13 56 13 20 56
7 57 7 57
25 89 25 35 59 89
23 72 23 49 72
10 20 10 17 20
4 49 4 49
17 61 17 33 61
52 81 52 80 81
27 44 27 44
7 48 7 14 28 37 48
57 86 57 72 86
18 73 18 20 39 58 67 73
12 59 12 37 51 59
80 81 80 81
66 89 66 77 89
20 40 20 40
15 63 15 26 28 41 63
4 76 4 49 76
4 23 4 23
10 75 10 48 75
38 65 38 65
25 77 25 35 39 58 77
42 67 42 51 67
27 74 27 44 55 58 68 74
3 68 3 9 20 39 58 68
45 86 45 64 86
4 86 4 23 49 72 86
21 74 21 26 28 35 39 58 68 74
11 88 11 88
6 69 6 31 68 69
21 52 21 26 28 37 48 52
16 67 16 35 39 58 67
21 86 21 26 28 64 86
14 67 14 42 51 67
40 76 40 68 69 76
21 57 21 26 28 41 57
5 81 5 6 31 43 52 80 81
19 82 19 56 64 82
20 40 20 40
28 58 28 35 39 58
1 69 1 39 58 68 69
66 89 66 77 89
16 72 16 35 39 58 67 72
51 83 51 80 81 83
3 89 3 9 20 55 58 77 89
4 87 4 23 37 49 72 87
18 82 18 59 64 82
43 44 43 44
1 65 1 2 9 20 39 65
0 78 0 10 24 27 78
57 86 57 72 86
13 56 13 20 56
47 82 47 75 82
33 69 33 49 69
25 33 25 33
7 48 7 14 28 37 48
30 34 30 34
11 68 11 68
6 64 6 31 43 52 64
8 71 8 9 71
5 88 5 75 88
38 65 38 65
2 73 2 9 20 55 67 73
36 88 36 37 48 88
36 50 36 50
57 82 57 82
41 88 41 57 72 88
55 74 55 58 68 74
20 56 20 56
34 48 34 48
10 86 10 30 34 59 64 86
14 37 14 28 37
1 59 1 37 51 59
6 88 6 31 43 44 55 67 72 88
20 65 20 39 65
4 88 4 30 34 48 88
18 69 18 20 39 58 68 69
54 86 54 86
37 75 37 48 75
34 59 34 59
10 84 10 30 44 84
4 59 4 30 34 59
15 26 15 26
64 86 64 86
1 69 1 7 14 25 40 68 69
12 29 12 29
25 35 25 35
6 64 6 31 43 52 64
1 26 1 13 26
10 33 10 17 33
18 71 18 59 64 71
6 44 6 31 43 44
11 89 11 59 89
18 43 18 22 43
16 68 16 35 39 58 68
25 65 25 35 39 65
36 86 36 59 64 86
39 69 39 58 68 69
34 81 34 48 52 80 81
7 25 7 14 25
47 83 47 75 80 81 83
16 64 16 35 59 64
35 64 35 59 64
1 70 1 7 14 28 41 70
26 76 26 28 68 69 76
22 48 22 34 48
2 66 2 23 66
7 64 7 43 52 64
2 33 2 33
43 88 43 44 79 88
33 76 33 49 76
28 51 28 37 51
28 41 28 41
11 76 11 68 69 76
31 89 31 43 44 79 84 89
20 87 20 39 58 67 72 87
16 88 16 35 39 58 67 72 88
48 80 48 52 80
27 78 27 78
48 81 48 75 80 81
80 83 80 81 83
48 81 48 75 80 81
37 72 37 49 72
24 82 24 27 44 55 67 82
16 71 16 35 59 64 71
0 10 0 10
15 34 15 30 34
31 77 31 43 44 55 58 77
31 43 31 43
0 61 0 10 17 33 61
23 48 23 37 48
43 52 43 52
21 82 21 26 28 35 59 64 82
25 71 25 33 51 59 64 71
43 87 43 87
18 69 18 20 55 58 68 69
25 65 25 35 39 65
19 77 19 43 44 55 58 77
28 52 28 37 52
1 40 1 7 14 25 40
0 34 0 10 30 34
19 88 19 62 72 88
44 89 44 55 84 89
7 58 7 14 28 35 39 58
43 82 43 44 55 58 67 82
15 87 15 30 44 55 67 72 87
25 79 25 79
58 82 58 67 82
8 82 8 41 50 82
25 62 25 62
15 82 15 30 34 59 64 71 82
4 52 4 30 48 52
51 82 51 59 64 82
35 71 35 59 64 71
37 77 37 77
3 55 3 27 44 55
4 30 4 30
17 64 17 33 51 59 64
10 87 10 30 44 55 58 67 72 87
2 39 2 9 20 39
31 77 31 43 44 55 58 77
34 81 34 48 75 80 81
26 86 26 28 37 48 52 64 86
10 17 10 17
53 81 53 80 81
84 89 84 89
11 59 11 59
64 82 64 82
15 79 15 22 34 79
15 34 15 30 34
9 40 9 20 40
19 84 19 43 44 84
1 2 1 2
0 69 0 13 68 69
80 81 80 81
14 37 14 28 37
1 2 1 2
10 30 10 30
3 75 3 30 34 48 75
1 37 1 7 14 28 37
48 75 48 75
2 20 2 9 20
58 86 58 67 72 86
4 67 4 23 37 51 67
27 82 27 44 55 67 82
18 43 18 22 31 43
18 31 18 22 31
36 60 36 50 60
22 87 22 31 43 87
11 82 11 59 64 82
4 66 4 23 66
8 55 8 9 20 55
16 71 16 35 59 64 71
9 20 9 20
8 82 8 9 71 82
21 72 21 26 42 62 72
18 48 18 22 34 48
1 85 1 7 14 25 85
34 77 34 48 52 77
17 76 17 58 68 69 76
3 49 3 37 49
48 82 48 52 71 82
0 37 0 13 28 37
22 81 22 31 43 52 80 81
15 69 15 30 44 55 58 68 69
26 76 26 28 68 69 76
35 59 35 59
1 88 1 13 26 88
3 9 3 9
19 62 19 62
34 79 34 79
13 59 13 28 37 51 59
62 86 62 72 86
75 88 75 88
51 89 51 59 89
23 49 23 37 49
12 73 12 44 55 58 67 73
79 84 79 84
1 28 1 7 14 28
13 68 13 68
28 73 28 37 51 67 73
24 76 24 27 44 55 58 68 69 76
3 64 3 64
41 63 41 63
2 59 2 33 51 59
9 40 9 20 40
10 61 10 17 33 61
33 51 33 51
24 74 24 27 44 55 58 68 74
79 84 79 84
12 51 12 37 51
5 65 5 6 16 35 39 65
17 61 17 33 61
13 77 13 29 48 52 77
1 37 1 37
5 76 5 6 16 35 39 76
48 52 48 52
36 67 36 37 51 67
15 69 15 30 44 55 58 68 69
39 67 39 58 67
15 71 15 30 34 59 64 71
14 51 14 25 33 51
4 49 4 23 37 49
47 75 47 75
35 64 35 59 64
42 73 42 51 67 73
0 51 0 13 28 37 51
25 40 25 40
16 52 16 29 48 52
14 63 14 28 41 57 63
20 40 20 40
64 82 64 82
19 89 19 43 52 77 89
48 88 48 88
55 77 55 58 77
4 72 4 30 44 55 67 72
14 72 14 25 35 39 58 67 72
10 89 10 48 52 77 89
3 34 3 30 34
15 79 15 22 31 43 44 79
18 48 18 22 34 48
3 82 3 64 82
43 73 43 44 55 67 73
19 88 19 62 72 88
0 26 0 13 26
4 55 4 30 44 55
31 56 31 56
57 78 57 78
0 78 0 10 17 78
0 28 0 13 26 28
8 41 8 28 41
12 84 12 44 79 84
2 66 2 23 66
55 58 55 58
1 2 1 2
18 84 18 20 55 84
2 9 2 9
26 73 26 73
58 68 58 68
16 74 16 35 39 58 68 74
3 75 3 30 34 48 75
55 67 55 58 67
27 76 27 44 55 58 68 69 76
2 33 2 33
0 20 0 20
39 76 39 58 68 69 76
51 80 51 80
0 60 0 13 28 41 50 60
10 49 10 17 33 49
8 60 8 28 41 50 60
39 73 39 58 67 73
4 67 4 23 37 51 67
57 78 57 78
1 65 1 13 26 28 35 39 65
7 58 7 43 44 55 58
12 68 12 44 55 58 68
25 38 25 38
41 70 41 70
56 74 56 74
4 66 4 23 66
7 39 7 14 28 35 39
13 48 13 26 28 37 48
25 35 25 35
4 83 4 70 81 83
15 58 15 26 28 35 39 58
27 89 27 79 84 89
16 82 16 29 48 52 71 82
24 55 24 27 44 55
6 55 6 31 43 44 55
9 89 9 20 55 84 89
49 76 49 69 76
39 73 39 58 67 73
31 84 31 43 44 55 84
18 22 18 22
51 72 51 67 72
8 41 8 28 41
14 58 14 28 35 39 58
57 82 57 82
57 82 57 82
2 39 2 9 20 39
26 88 26 88
14 58 14 25 35 39 58
1 55 1 7 43 44 55
13 29 13 29
28 64 28 35 59 64
25 63 25 63
57 72 57 72
19 68 19 43 44 55 58 68
36 73 36 37 51 67 73
52 89 52 77 89
23 66 23 66
39 76 39 76
2 89 2 33 51 59 89
4 51 4 23 37 51
42 62 42 62
23 51 23 37 51
64 86 64 86
47 80 47 80
13 20 13 20
13 62 13 26 42 62
31 56 31 56
2 48 2 23 37 48
28 58 28 35 39 58
7 52 7 43 52
22 34 22 34
35 65 35 39 65
9 20 9 20
28 87 28 37 49 72 87
21 82 21 26 28 35 59 64 71 82
57 82 57 82
13 48 13 26 28 37 48
64 82 64 82
51 82 51 59 64 82
58 68 58 68
31 55 31 43 44 55
48 77 48 52 77
10 68 10 30 44 55 58 68
29 52 29 48 52
5 51 5 6 37 51
0 35 0 13 28 35
51 67 51 67
12 51 12 37 51
17 20 17 20
14 40 14 25 40
41 49 41 49
62 86 62 72 86
22 74 22 43 44 55 58 68 74
3 62 3 9 62
14 63 14 28 41 63
7 55 7 43 44 55
5 84 5 6 31 43 44 84
24 86 24 27 44 55 58 67 72 86
5 74 5 6 16 35 39 58 68 74
27 72 27 44 55 67 72
4 82 4 23 37 48 75 82
52 83 52 80 81 83
20 87 20 39 87
2 66 2 23 66
7 77 7 43 52 77
17 67 17 33 51 67
14 38 14 25 38
21 83 21 26 42 51 80 81 83
15 55 15 30 44 55
31 86 31 43 52 64 86
11 59 11 59
62 72 62 72
12 37 12 37
7 88 7 62 72 88
14 61 14 25 33 61
22 59 22 34 59
19 43 19 43
9 20 9 20
20 39 20 39
7 69 7 43 44 55 58 68 69
0 28 0 13 28
34 81 34 48 52 80 81
50 60 50 60
36 86 36 59 64 86
8 40 8 9 20 40
11 71 11 59 64 71
8 80 8 28 37 52 80
15 82 15 26 28 37 48 52 64 82
28 52 28 37 52
15 55 15 22 43 44 55
30 68 30 44 55 58 68
26 80 26 42 51 80
51 88 51 67 72 88
10 59 10 17 33 51 59
21 60 21 26 28 41 50 60
10 83 10 48 52 80 81 83
28 59 28 35 59
7 63 7 57 63
55 73 55 58 67 73
8 76 8 40 68 69 76
13 48 13 26 28 37 48
17 60 17 60
18 22 18 22
10 86 10 48 52 64 86
5 81 5 6 16 29 48 52 80 81
24 76 24 27 44 55 58 68 69 76
21 58 21 58
14 42 14 42
84 89 84 89
0 82 0 20 39 58 67 82
39 73 39 58 67 73
6 31 6 31
33 80 33 51 80
59 89 59 89
39 77 39 58 77
26 83 26 28 37 52 80 81 83
33 80 33 51 80
7 58 7 43 44 55 58
35 76 35 39 76
17 58 17 20 39 58
21 37 21 26 28 37
17 55 17 20 55
42 62 42 62
17 61 17 33 61
41 70 41 70
0 51 0 13 26 42 51
27 89 27 79 84 89
56 74 56 74
3 68 3 30 44 55 58 68
4 84 4 30 34 79 84
42 72 42 62 72
10 84 10 30 44 79 84
39 87 39 87
7 76 7 43 44 55 58 68 69 76
1 58 1 2 9 20 39 58
3 49 3 37 49
41 69 41 49 69
55 72 55 67 72
8 75 8 28 37 48 75
5 52 5 52
38 89 38 89
1 75 1 7 14 28 37 48 75
11 76 11 68 69 76
57 72 57 72
5 84 5 6 31 43 44 84
18 40 18 20 40
33 59 33 51 59
6 49 6 37 49
29 89 29 48 52 77 89
18 87 18 22 43 87
17 72 17 58 67 72
33 62 33 62
1 39 1 2 9 20 39
13 35 13 28 35
13 89 13 29 48 52 77 89
19 38 19 38
6 88 6 37 49 72 88
18 39 18 20 39
9 68 9 20 40 68
18 34 18 22 34
49 88 49 72 88
70 81 70 81
2 87 2 9 62 72 87
50 82 50 82
3 76 3 27 44 55 58 68 69 76
5 29 5 6 16 29
4 76 4 23 37 49 76
1 41 1 7 14 28 41
37 51 37 51
19 68 19 43 44 55 58 68
23 64 23 37 51 59 64
54 86 54 86
28 39 28 35 39
14 37 14 28 37
15 39 15 26 28 35 39
1 58 1 39 58
0 86 0 45 64 86
26 71 26 42 51 59 64 71
0 37 0 13 26 28 37
34 86 34 48 52 64 86
34 79 34 79
58 67 58 67
1 57 1 13 26 28 41 57
56 71 56 64 71
16 35 16 35
47 83 47 80 81 83
27 78 27 78
36 67 36 37 51 67
15 67 15 30 44 55 58 67
26 37 26 28 37
14 86 14 25 35 59 64 86
45 77 45 77
14 74 14 28 68 74
7 35 7 14 25 35
35 68 35 39 58 68
27 88 27 79 88
7 39 7 14 28 35 39
3 34 3 30 34
48 75 48 75
3 83 3 37 52 80 81 83
43 52 43 52
26 59 26 42 51 59
8 51 8 28 37 51
18 87 18 20 55 67 72 87
39 58 39 58
8 28 8 28
19 81 19 43 52 80 81
45 77 45 77
6 86 6 31 43 52 64 86
5 65 5 6 16 35 39 65
14 72 14 25 33 49 72
6 69 6 16 35 39 58 68 69
48 88 48 75 88
14 25 14 25
2 81 2 23 37 51 80 81
36 37 36 37
12 59 12 37 51 59
6 49 6 37 49
7 39 7 14 25 35 39
18 40 18 20 40
26 72 26 42 62 72
49 72 49 72
49 86 49 72 86
27 78 27 78
3 76 3 37 76
9 64 9 20 56 64
1 42 1 7 14 42
2 67 2 33 51 67
16 72 16 35 39 58 67 72
18 72 18 22 31 43 44 55 67 72
55 74 55 58 68 74
11 59 11 59
41 57 41 57
26 65 26 28 41 63 65
7 70 7 14 28 41 70
14 48 14 34 48
8 68 8 28 35 39 58 68
18 87 18 22 31 43 44 55 67 72 87
26 58 26 28 35 39 58
62 86 62 72 86
67 73 67 73
36 73 36 37 51 67 73
23 75 23 37 48 75
18 81 18 22 43 52 80 81
50 60 50 60
7 77 7 43 44 55 58 77
12 75 12 37 48 75
31 55 31 43 44 55
4 51 4 23 37 51
36 67 36 37 51 67
14 89 14 34 48 52 77 89
1 88 1 13 28 35 39 58 67 72 88
11 71 11 59 64 71
15 82 15 22 31 43 44 55 58 67 82
33 62 33 62
70 81 70 81
23 51 23 37 51
37 88 37 51 67 72 88
28 41 28 41
1 7 1 7
0 33 0 10 17 33
51 80 51 80
64 82 64 71 82
5 65 5 6 16 35 39 65
0 41 0 13 26 28 41
58 76 58 68 69 76
12 50 12 45 50
3 83 3 37 51 80 81 83
8 64 8 9 20 56 64
14 74 14 25 40 68 74
7 48 7 14 28 37 48
7 42 7 14 42
27 83 27 79 83
25 85 25 85
7 88 7 57 72 88
43 44 43 44
17 56 17 20 56
23 48 23 37 48
2 80 2 33 51 80
19 43 19 43
2 80 2 23 37 48 75 80
27 83 27 79 83
1 75 1 37 48 75
4 68 4 30 44 55 58 68
30 34 30 34
21 81 21 42 51 80 81
1 55 1 2 9 20 55
0 60 0 13 28 41 50 60
29 89 29 48 52 77 89
1 57 1 13 28 41 57
5 82 5 75 82
24 86 24 27 44 55 67 72 86
0 34 0 10 30 34
15 82 15 22 43 44 55 67 82
49 88 49 72 88
5 35 5 6 16 35
33 61 33 61
25 85 25 85
1 28 1 7 14 28
3 9 3 9
16 67 16 35 39 58 67
18 40 18 20 40
11 89 11 59 89
13 50 13 26 28 41 50
33 71 33 51 59 64 71
37 77 37 52 77
33 61 33 61
18 72 18 22 31 43 44 55 67 72
17 60 17 60
51 86 51 59 64 86
2 67 2 9 20 39 58 67
20 39 20 39
2 73 2 33 51 67 73
31 56 31 56
1 42 1 13 26 42
21 82 21 42 51 67 82
26 80 26 42 51 80
18 43 18 22 31 43
4 68 4 30 44 55 58 68
0 69 0 10 30 44 55 58 68 69
7 25 7 14 25
14 73 14 42 51 67 73
8 80 8 28 37 51 80
33 61 33 61
4 34 4 30 34
45 83 45 83
41 78 41 57 78
35 68 35 39 58 68
26 76 26 28 35 39 58 68 69 76
41 49 41 49
3 79 3 30 34 79
57 63 57 63
7 39 7 14 28 35 39
33 76 33 49 69 76
10 30 10 30
14 67 14 42 51 67
45 77 45 77
21 60 21 26 28 41 50 60
21 57 21 26 28 41 57
19 76 19 69 76
3 37 3 37
58 74 58 68 74
25 79 25 79
80 81 80 81
57 82 57 82
22 74 22 31 68 74
19 52 19 43 52
39 87 39 87
33 62 33 62
33 51 33 51
22 34 22 34
22 74 22 43 44 55 58 68 74
41 57 41 57
26 71 26 42 51 59 64 71
75 82 75 82
7 89 7 89
17 77 17 58 77
25 61 25 33 61
4 67 4 23 37 51 67
28 70 28 41 70
35 86 35 59 64 86
3 88 3 37 51 67 72 88
19 80 19 43 52 80
1 42 1 13 26 42
15 30 15 30
0 80 0 13 28 37 51 80
67 87 67 72 87
10 89 10 30 34 59 89
16 52 16 29 48 52
31 68 31 68
13 50 13 26 28 41 50
7 83 7 14 25 79 83
8 40 8 40
17 69 17 33 49 69
15 43 15 22 31 43
6 71 6 16 35 59 64 71
20 65 20 39 65
3 89 3 30 34 79 84 89
12 84 12 44 84
10 84 10 24 27 44 84
9 71 9 71
27 77 27 44 55 58 77
33 62 33 62
53 81 53 80 81
22 64 22 31 43 52 64
14 51 14 25 33 51
5 6 5 6
56 64 56 64
48 88 48 88
28 52 28 37 52
28 58 28 35 39 58
70 82 70 82
52 71 52 71
21 42 21 42
12 84 12 24 27 79 84
12 45 12 45
17 82 17 70 82
10 74 10 17 20 56 74
17 56 17 20 56
2 33 2 33
0 27 0 27
14 28 14 28
1 26 1 13 26
1 49 1 13 28 37 49
27 82 27 44 55 58 67 82
17 64 17 20 56 64
7 57 7 57
0 60 0 10 17 60
21 58 21 26 28 35 39 58
7 43 7 43
20 76 20 55 58 68 69 76
22 43 22 43
13 68 13 26 28 35 39 58 68
27 77 27 44 55 58 77
17 61 17 33 61
66 78 66 78
36 48 36 37 48
16 86 16 86
7 88 7 57 72 88
5 71 5 64 71
39 77 39 58 77
19 38 19 38
12 75 12 75
15 44 15 22 31 43 44
4 23 4 23
1 7 1 7
72 88 72 88
13 65 13 26 28 35 39 65
72 88 72 88
5 37 5 6 37
7 48 7 14 28 37 48
56 71 56 64 71
13 56 13 20 56
37 76 37 76
7 76 7 43 44 55 58 68 69 76
28 86 28 37 72 86
14 52 14 34 48 52
20 55 20 55
48 64 48 52 64
42 67 42 51 67
22 64 22 31 56 64
2 59 2 33 51 59
41 76 41 76
56 74 56 74
14 65 14 28 35 39 65
12 52 12 29 48 52
8 80 8 28 37 51 80
28 59 28 35 59
39 58 39 58
3 48 3 37 48
4 70 4 70
25 77 25 35 39 58 77
52 77 52 77
40 68 40 68
51 83 51 80 81 83
75 88 75 88
3 55 3 27 44 55
33 78 33 78
67 72 67 72
28 73 28 37 51 67 73
16 35 16 35
31 64 31 56 64
6 51 6 37 51
18 78 18 20 40 78
22 81 22 43 52 80 81
45 86 45 64 86
28 63 28 41 63
22 81 22 34 48 52 80 81
36 83 36 37 52 80 81 83
18 20 18 20
19 68 19 43 44 55 58 68
10 86 10 24 27 44 55 67 72 86
27 77 27 44 55 58 77
37 75 37 48 75
55 84 55 84
2 78 2 23 66 78
12 72 12 37 49 72
20 56 20 56
36 71 36 37 48 52 71
21 83 21 42 51 80 81 83
7 37 7 14 28 37
40 78 40 78
1 13 1 13
42 59 42 51 59
14 48 14 28 37 48
9 55 9 20 55
17 55 17 20 55
16 82 16 35 59 64 82
47 83 47 75 80 81 83
1 78 1 78
15 34 15 30 34
21 58 21 58
14 83 14 42 51 80 81 83
7 57 7 57
0 56 0 20 56
17 77 17 20 55 58 77
1 70 1 13 28 41 70
0 40 0 13 20 40
15 26 15 26
26 64 26 28 37 51 59 64
2 56 2 9 20 56
9 56 9 20 56
36 37 36 37
51 67 51 67
19 58 19 43 44 55 58
14 59 14 25 33 51 59
3 78 3 27 78
31 86 31 56 64 86
35 86 35 59 64 86
39 73 39 58 67 73
53 88 53 88
33 80 33 51 80
75 82 75 82
49 69 49 69
19 56 19 56
44 67 44 55 58 67
37 52 37 48 52
22 68 22 43 44 55 58 68
22 87 22 43 87
3 83 3 37 48 52 80 81 83
2 39 2 9 20 39
64 71 64 71
16 86 16 35 59 64 86
17 70 17 70
8 71 8 28 64 71
28 58 28 35 39 58
16 64 16 29 48 52 64
47 82 47 75 82
28 35 28 35
12 72 12 44 55 67 72
24 74 24 27 44 55 58 68 74
54 81 54 81
7 58 7 14 25 35 39 58
21 72 21 58 67 72
41 69 41 49 69
15 34 15 30 34
5 49 5 6 37 49
0 24 0 10 24
8 74 8 9 20 40 68 74
57 65 57 63 65
5 64 5 6 31 43 52 64
14 35 14 25 35
8 60 8 41 50 60
2 39 2 9 20 39
6 56 6 31 56
7 88 7 14 42 62 72 88
31 80 31 43 52 80
4 67 4 23 37 51 67
39 65 39 65
81 83 81 83
3 72 3 37 51 67 72
28 77 28 37 52 77
8 62 8 62
55 67 55 58 67
10 51 10 17 33 51
13 56 13 20 56
30 81 30 48 75 80 81
10 71 10 17 20 56 64 71
26 82 26 42 51 67 82
33 62 33 62
55 67 55 67
1 78 1 78
7 78 7 14 25 33 78
13 48 13 26 28 37 48
30 68 30 44 55 58 68
35 71 35 59 64 71
35 71 35 59 64 71
8 75 8 28 37 48 75
41 88 41 49 72 88
10 62 10 17 33 62
10 44 10 24 27 44
31 56 31 56
68 69 68 69
21 26 21 26
67 72 67 72
43 84 43 44 84
15 86 15 26 28 64 86
48 77 48 52 77
34 80 34 48 52 80
39 69 39 58 68 69
12 60 12 45 50 60
55 58 55 58
2 82 2 56 64 71 82
15 48 15 26 28 37 48
85 88 85 88
28 51 28 37 51
14 28 14 28
23 48 23 37 48
20 73 20 73
2 86 2 56 64 86
21 57 21 26 28 41 57
8 87 8 28 37 72 87
0 41 0 13 26 28 41
16 35 16 35
14 61 14 25 33 61
1 39 1 2 9 20 39
36 50 36 50
49 69 49 69
37 49 37 49
15 79 15 30 44 79
13 62 13 26 42 62
20 55 20 55
5 64 5 52 64
19 80 19 43 52 80
1 57 1 7 57
36 67 36 37 51 67
7 78 7 57 78
44 84 44 84
56 74 56 74
30 48 30 34 48
12 50 12 50
7 42 7 14 42
6 56 6 31 56
37 88 37 72 88
35 39 35 39
19 82 19 56 82
7 63 7 57 63
14 28 14 28
12 24 12 24
10 71 10 24 71
36 60 36 50 60
1 57 1 13 28 41 57
21 89 21 42 51 59 89
1 41 1 7 14 28 41
22 48 22 34 48
55 77 55 58 77
19 76 19 69 76
37 51 37 51
28 73 28 37 51 67 73
0 26 0 13 26
2 82 2 33 51 67 82
12 75 12 37 48 75
2 59 2 23 37 51 59
33 78 33 78
3 38 3 38
1 41 1 13 28 41
22 34 22 34
48 64 48 52 64
43 87 43 44 55 67 72 87
36 52 36 37 52
1 73 1 39 58 67 73
26 83 26 28 41 70 81 83
15 34 15 22 34
49 88 49 72 88
1 13 1 13
34 80 34 48 75 80
17 64 17 20 56 64
4 86 4 49 72 86
7 78 7 14 25 40 78
13 59 13 28 35 59
1 57 1 7 14 28 41 57
3 64 3 37 51 59 64
70 81 70 81
36 81 36 81
75 88 75 88
56 71 56 64 71
59 64 59 64
49 88 49 72 88
16 80 16 29 48 75 80
33 61 33 61
18 20 18 20
23 32 23 32
14 61 14 25 33 61
3 62 3 9 62
62 72 62 72
30 34 30 34
30 58 30 44 55 58
58 82 58 67 82
2 67 2 33 51 67
36 80 36 37 51 80
39 68 39 58 68
12 88 12 44 79 88
49 69 49 69
45 86 45 64 86
37 52 37 52
33 88 33 62 72 88
35 71 35 59 64 71
62 72 62 72
13 82 13 26 28 41 70 82
24 82 24 27 44 55 67 82
28 73 28 35 39 58 67 73
1 58 1 39 58
23 37 23 37
67 87 67 72 87
35 86 35 39 58 67 72 86
21 39 21 26 28 35 39
4 55 4 30 44 55
51 86 51 86
8 68 8 28 35 39 58 68
30 48 30 34 48
1 39 1 2 9 20 39
18 48 18 22 34 48
4 34 4 30 34
23 78 23 66 78
13 68 13 68
37 69 37 49 69
15 67 15 30 44 55 67
35 68 35 39 58 68
7 42 7 14 42
14 77 14 28 35 39 58 77
26 88 26 28 35 39 58 67 72 88
5 37 5 6 37
23 37 23 37
67 86 67 72 86
6 79 6 31 43 44 79
9 64 9 20 56 64
7 76 7 43 44 55 58 68 69 76
52 81 52 80 81
52 64 52 64
23 86 23 49 72 86
42 83 42 51 80 81 83
5 79 5 6 31 43 44 79
19 83 19 43 52 80 81 83
37 76 37 49 76
24 86 24 27 44 55 58 67 72 86
20 73 20 55 67 73
13 68 13 68
36 81 36 37 48 75 80 81
2 82 2 82
3 48 3 37 48
14 72 14 25 33 51 67 72
10 39 10 17 20 39
10 69 10 17 58 68 69
0 88 0 10 48 88
18 40 18 20 40
25 76 25 35 39 76
18 20 18 20
27 88 27 44 55 67 72 88
58 77 58 77
14 72 14 42 51 67 72
33 76 33 49 69 76
34 86 34 59 64 86
16 80 16 29 48 52 80
10 87 10 24 27 44 55 67 72 87
23 75 23 37 48 75
39 82 39 58 67 82
18 82 18 20 39 58 67 82
5 79 5 79
12 50 12 45 50
58 77 58 77
58 74 58 68 74
16 71 16 29 48 52 64 71
13 83 13 83
0 80 0 10 30 48 75 80
81 83 81 83
15 39 15 26 28 35 39
0 86 0 13 28 41 49 72 86
25 71 25 35 59 64 71
5 76 5 6 31 68 69 76
25 84 25 79 84
12 49 12 37 49
4 49 4 49
7 37 7 14 28 37
72 86 72 86
22 58 22 31 43 44 55 58
5 51 5 6 37 51
57 72 57 72
15 69 15 22 31 43 44 55 58 68 69
13 42 13 26 42
36 71 36 37 59 64 71
36 86 36 37 51 67 72 86
16 59 16 35 59
64 82 64 82
58 82 58 67 82
26 73 26 73
56 82 56 64 71 82
49 69 49 69
34 64 34 59 64
21 59 21 26 42 51 59
49 86 49 72 86
4 70 4 70
6 69 6 16 35 39 58 68 69
8 60 8 28 41 50 60
55 82 55 58 67 82
8 89 8 28 77 89
23 32 23 32
12 50 12 50
33 76 33 49 69 76
44 67 44 55 67
41 76 41 76
13 26 13 26
36 80 36 37 52 80
13 68 13 26 28 35 39 58 68
7 77 7 14 28 77
12 84 12 84
14 89 14 28 77 89
28 68 28 35 39 58 68
13 29 13 29
28 78 28 41 57 78
40 78 40 78
53 80 53 80
0 48 0 10 30 48
0 79 0 27 79
30 67 30 44 55 67
21 83 21 42 51 80 81 83
5 72 5 6 37 51 67 72
47 82 47 75 82
3 83 3 27 44 79 83
35 64 35 59 64
24 74 24 27 44 55 58 68 74
28 73 28 35 39 58 67 73
58 86 58 67 72 86
21 77 21 26 28 37 77
66 77 66 77
43 89 43 44 79 84 89
14 35 14 28 35
14 85 14 25 85
70 82 70 82
21 57 21 26 28 41 57
44 89 44 55 84 89
36 49 36 37 49
27 83 27 44 79 83
12 64 12 37 59 64
39 68 39 58 68
30 44 30 44
36 72 36 37 72
4 76 4 23 49 69 76
31 69 31 68 69
39 88 39 58 67 72 88
8 80 8 28 37 52 80
5 82 5 64 82
52 71 52 71
30 81 30 48 52 80 81
31 64 31 56 64
40 78 40 78
19 69 19 43 44 55 58 68 69
15 79 15 30 44 79
4 51 4 23 37 51
18 71 18 22 34 48 52 71
24 55 24 27 44 55
3 30 3 30
27 74 27 44 55 58 68 74
8 71 8 9 71
33 76 33 49 76
35 82 35 59 64 71 82
50 60 50 60
12 37 12 37
16 35 16 35
24 71 24 71
1 23 1 2 23
26 73 26 42 51 67 73
30 82 30 48 52 64 82
13 29 13 29
50 82 50 82
37 75 37 48 75
22 81 22 43 52 80 81
42 87 42 51 67 72 87
7 37 7 14 28 37
17 32 17 32
72 88 72 88
10 69 10 17 33 49 69
8 55 8 9 20 55
13 83 13 29 48 52 80 81 83
6 72 6 37 49 72
51 80 51 80
80 81 80 81
17 56 17 20 56
7 48 7 14 28 37 48
17 78 17 33 78
12 49 12 37 49
11 89 11 59 89
14 73 14 25 33 51 67 73
25 82 25 33 51 67 82
6 69 6 31 68 69
20 73 20 73
10 82 10 17 33 51 59 64 71 82
0 78 0 13 28 41 57 78
15 30 15 30
42 67 42 51 67
36 73 36 37 51 67 73
1 55 1 13 20 55
7 57 7 14 28 41 57
1 23 1 2 23
18 59 18 22 34 59
16 71 16 29 48 52 71
21 58 21 58
43 71 43 52 64 71
48 80 48 52 80
18 84 18 20 55 84
6 77 6 16 29 48 52 77
16 87 16 87
25 89 25 33 51 59 89
2 9 2 9
17 73 17 33 51 67 73
18 84 18 22 31 43 44 55 84
36 59 36 59
0 81 0 13 28 41 70 81
15 68 15 30 44 55 58 68
5 81 5 75 80 81
11 76 11 68 69 76
25 61 25 33 61
23 71 23 37 52 64 71
0 81 0 10 30 48 52 80 81
31 43 31 43
21 77 21 26 28 77
25 33 25 33
34 64 34 48 52 64
8 71 8 9 71
21 60 21 26 28 41 50 60
34 48 34 48
13 75 13 28 37 48 75
28 81 28 37 52 80 81
12 49 12 37 49
28 68 28 68
58 67 58 67
1 13 1 13
13 48 13 26 28 37 48
62 72 62 72
11 88 11 88
43 88 43 44 55 67 72 88
30 75 30 34 48 75
10 33 10 17 33
3 82 3 27 44 55 67 82
3 27 3 27
31 64 31 56 64
14 77 14 28 77
26 82 26 28 37 52 64 71 82
35 76 35 39 76
37 52 37 48 52
1 75 1 2 23 37 48 75
1 73 1 39 58 67 73
7 35 7 14 25 35
35 39 35 39
48 77 48 52 77
8 75 8 28 37 48 75
13 28 13 26 28
0 33 0 10 17 33
3 38 3 38
4 74 4 74
14 83 14 25 79 83
0 79 0 10 24 27 44 79
1 74 1 13 28 68 74
14 38 14 25 38
25 76 25 40 68 69 76
14 69 14 28 68 69
58 74 58 68 74
36 48 36 37 48
14 59 14 59
51 82 51 67 82
18 75 18 22 34 48 75
7 68 7 14 25 40 68
36 87 36 37 72 87
16 35 16 35
9 55 9 20 55
42 51 42 51
27 82 27 44 55 67 82
12 59 12 37 59
25 87 25 35 39 58 67 72 87
13 26 13 26
18 39 18 20 39
30 68 30 44 55 58 68
6 55 6 31 43 44 55
39 67 39 58 67
43 52 43 52
13 65 13 28 41 63 65
11 82 11 59 64 71 82
44 84 44 79 84
36 67 36 37 51 67
21 74 21 58 68 74
14 83 14 34 48 75 80 81 83
15 82 15 30 34 48 52 71 82
41 69 41 49 69
18 76 18 76
10 86 10 17 58 67 72 86
34 77 34 48 52 77
37 88 37 72 88
50 82 50 82
48 75 48 75
48 77 48 52 77
1 57 1 13 28 41 57
3 72 3 27 44 55 58 67 72
24 73 24 73
69 76 69 76
25 62 25 62
9 62 9 62
25 79 25 79
2 87 2 23 37 49 72 87
19 43 19 43
43 82 43 44 55 58 67 82
43 44 43 44
37 82 37 52 71 82
7 58 7 43 44 55 58
42 80 42 51 80
3 89 3 30 34 48 52 77 89
18 65 18 20 39 65
13 49 13 28 37 49
19 43 19 43
13 20 13 20
12 52 12 37 52
17 60 17 60
39 76 39 58 68 69 76
18 79 18 22 31 43 44 79
41 76 41 76
1 23 1 2 23
17 61 17 33 61
16 74 16 35 39 58 68 74
14 86 14 25 62 72 86
48 80 48 75 80
20 65 20 39 65
21 83 21 42 51 80 81 83
18 34 18 22 34
11 68 11 68
4 59 4 23 37 51 59
0 35 0 13 26 28 35
21 58 21 26 28 35 39 58
2 9 2 9
6 49 6 37 49
4 64 4 30 48 52 64
21 72 21 58 67 72
30 68 30 44 55 58 68
21 37 21 26 28 37
15 82 15 30 34 59 64 82
22 34 22 34
6 51 6 37 51
4 88 4 23 37 72 88
8 40 8 40
11 76 11 68 69 76
58 68 58 68
36 72 36 37 72
43 84 43 44 79 84
21 62 21 42 62
7 52 7 43 52
1 26 1 13 26
1 58 1 2 9 20 39 58
64 82 64 82
50 82 50 82
43 73 43 44 55 67 73
28 35 28 35
2 59 2 33 51 59
17 56 17 20 56
12 75 12 75
22 81 22 31 43 52 80 81
21 71 21 26 28 35 59 64 71
36 60 36 50 60
66 78 66 78
31 43 31 43
3 39 3 9 20 39
29 48 29 48
9 87 9 62 72 87
42 89 42 51 59 89
13 82 13 29 48 52 64 71 82
25 62 25 62
39 77 39 58 77
79 88 79 88
38 89 38 89
10 75 10 48 75
33 49 33 49
10 44 10 30 44
54 83 54 81 83
33 88 33 51 67 72 88
49 69 49 69
5 84 5 6 31 43 44 79 84
4 23 4 23
4 23 4 23
13 82 13 29 48 75 82
25 35 25 35
19 86 19 62 72 86
75 82 75 82
52 89 52 77 89
75 82 75 82
3 72 3 37 72
10 70 10 17 70
0 77 0 20 55 58 77
22 74 22 43 44 55 58 68 74
7 89 7 14 28 37 52 77 89
37 51 37 51
72 87 72 87
3 30 3 30
45 71 45 64 71
31 86 31 56 64 86
18 39 18 20 39
14 48 14 34 48
14 69 14 25 40 68 69
24 83 24 83
42 83 42 51 80 81 83
10 84 10 24 27 79 84
5 76 5 6 31 43 44 55 58 68 69 76
9 86 9 62 72 86
2 39 2 9 20 39
23 51 23 37 51
22 59 22 34 59
20 89 20 55 58 77 89
14 83 14 42 51 80 81 83
31 43 31 43
43 73 43 44 55 58 67 73
44 55 44 55
5 49 5 6 37 49
0 40 0 20 40
17 72 17 33 51 67 72
17 61 17 33 61
30 48 30 48
26 73 26 28 35 39 58 67 73
23 51 23 37 51
48 64 48 52 64
7 42 7 14 42
27 44 27 44
17 89 17 33 51 59 89
2 33 2 33
37 72 37 72
13 62 13 26 42 62
7 58 7 43 44 55 58
16 72 16 35 39 58 67 72
33 78 33 78
28 64 28 37 51 59 64
36 81 36 81
43 71 43 52 71
20 89 20 55 84 89
39 87 39 87
3 58 3 30 44 55 58
38 89 38 89
45 50 45 50
6 31 6 31
12 50 12 50
9 68 9 20 55 58 68
43 44 43 44
36 75 36 37 48 75
57 72 57 72
11 82 11 59 64 71 82
18 69 18 22 31 43 44 55 58 68 69
5 64 5 52 64
1 70 1 7 14 28 41 70
31 55 31 43 44 55
31 56 31 56
13 50 13 26 28 41 50
7 37 7 14 28 37
26 76 26 28 41 49 69 76
11 68 11 68
10 49 10 17 33 49
72 87 72 87
15 67 15 22 31 43 44 55 58 67
4 67 4 30 44 55 67
5 51 5 6 37 51
9 20 9 20
22 31 22 31
43 87 43 44 55 58 67 72 87
4 70 4 70
25 38 25 38
25 63 25 63
18 84 18 20 55 84
21 26 21 26
28 59 28 35 59
25 71 25 35 59 64 71
28 73 28 37 51 67 73
22 87 22 43 44 55 67 72 87
28 60 28 41 50 60
13 28 13 28
1 26 1 13 26
18 81 18 22 34 48 75 80 81
25 65 25 38 65
18 84 18 22 43 44 84
1 40 1 7 14 25 40
21 72 21 26 28 35 39 58 67 72
26 28 26 28
27 76 27 44 55 58 68 69 76
31 86 31 56 64 86
13 51 13 26 28 37 51
25 61 25 33 61
51 88 51 67 72 88
14 89 14 25 38 89
17 89 17 33 51 59 89
42 82 42 51 67 82
28 77 28 77
3 72 3 9 20 55 67 72
58 77 58 77
0 33 0 10 17 33
17 49 17 33 49
0 51 0 10 17 33 51
3 78 3 9 20 40 78
16 35 16 35
19 52 19 43 52
10 40 10 17 20 40
0 81 0 10 17 33 51 80 81
27 83 27 44 79 83
4 88 4 49 72 88
11 88 11 88
22 76 22 31 68 69 76
4 64 4 30 48 52 64
33 51 33 51
17 58 17 20 39 58
2 80 2 33 51 80
2 87 2 9 20 55 67 72 87
9 40 9 20 40
18 65 18 20 39 65
14 38 14 25 38
27 88 27 79 88
13 60 13 60
19 58 19 43 44 55 58
11 76 11 68 69 76
30 34 30 34
2 9 2 9
21 63 21 26 28 41 63
43 44 43 44
28 78 28 41 57 78
51 82 51 59 64 71 82
15 55 15 30 44 55
6 88 6 88
36 83 36 81 83
31 89 31 43 44 84 89
3 38 3 38
0 56 0 10 17 20 56
14 51 14 28 37 51
9 89 9 20 39 58 77 89
81 83 81 83
9 64 9 20 56 64
0 84 0 27 44 84
14 40 14 25 40
48 82 48 75 82
30 77 30 44 55 58 77
14 85 14 25 85
2 74 2 9 20 56 74
7 63 7 57 63
19 56 19 56
0 59 0 10 17 33 51 59
12 59 12 37 51 59
36 50 36 50
20 86 20 56 64 86
24 86 24 27 44 55 58 67 72 86
23 37 23 37
69 76 69 76
25 49 25 33 49
16 87 16 35 39 87
25 35 25 35
14 33 14 25 33
22 76 22 31 68 69 76
27 72 27 44 55 58 67 72
24 27 24 27
12 60 12 45 50 60
9 40 9 20 40
13 64 13 29 48 52 64
17 64 17 33 51 59 64
18 58 18 20 39 58
17 61 17 33 61
15 48 15 30 48
2 39 2 9 20 39
1 85 1 7 14 25 85
1 89 1 2 23 37 77 89
43 52 43 52
28 39 28 35 39
3 48 3 30 34 48
14 83 14 34 48 75 80 81 83
18 59 18 22 34 59
13 64 13 28 64
37 51 37 51
20 86 20 39 58 67 72 86
28 78 28 41 57 78
30 68 30 44 55 58 68
20 39 20 39
18 82 18 20 39 58 67 82
7 88 7 14 25 79 88
12 89 12 66 77 89
21 58 21 58
36 73 36 37 51 67 73
27 74 27 44 55 58 68 74
0 20 0 20
27 44 27 44
19 84 19 43 44 79 84
11 59 11 59
52 83 52 80 81 83
14 48 14 28 37 48
70 82 70 82
22 76 22 43 44 55 58 68 69 76
16 35 16 35
17 60 17 60
14 59 14 34 59
15 87 15 30 44 55 67 72 87
37 51 37 51
10 59 10 30 34 59
49 76 49 76
15 55 15 22 43 44 55
21 51 21 42 51
6 16 6 16
16 88 16 35 39 58 67 72 88
37 52 37 48 52
18 79 18 22 34 79
11 68 11 68
12 60 12 50 60
84 89 84 89
3 78 3 9 20 40 78
33 62 33 62
0 20 0 10 17 20
55 74 55 58 68 74
0 86 0 27 44 55 58 67 72 86
26 73 26 73
70 81 70 81
21 39 21 26 28 35 39
8 75 8 28 37 48 75
37 52 37 48 52
18 82 18 22 34 48 52 64 71 82
21 83 21 26 28 37 52 80 81 83
58 76 58 68 69 76
7 43 7 43
31 55 31 43 44 55
52 83 52 80 81 83
1 64 1 13 28 64
34 52 34 48 52
24 74 24 27 44 55 58 68 74
3 34 3 30 34
26 80 26 42 51 80
3 64 3 64
34 80 34 48 52 80
26 59 26 42 51 59
27 44 27 44
18 65 18 20 39 65
19 80 19 43 52 80
10 62 10 17 33 62
10 70 10 17 70
36 86 36 59 64 86
36 52 36 37 52
7 34 7 14 34
14 67 14 28 37 51 67
59 82 59 64 82
1 42 1 13 26 42
1 43 1 7 43
53 80 53 80
27 83 27 44 79 83
22 48 22 34 48
36 80 36 37 51 80
14 42 14 42
10 68 10 24 27 44 55 58 68
11 88 11 88
1 28 1 7 14 28
47 80 47 80
21 74 21 58 68 74
12 45 12 45
8 64 8 9 20 56 64
26 86 26 42 51 59 64 86
33 71 33 51 59 64 71
14 35 14 25 35
0 41 0 13 28 41
0 81 0 10 17 70 81
10 30 10 30
37 75 37 48 75
24 82 24 71 82
24 89 24 89
7 77 7 43 44 55 58 77
17 20 17 20
14 41 14 28 41
0 27 0 10 24 27
30 48 30 34 48
27 44 27 44
37 48 37 48
10 87 10 17 58 67 72 87
10 70 10 17 70
24 27 24 27
15 30 15 30
4 74 4 30 44 55 58 68 74
22 84 22 34 79 84
21 81 21 42 51 80 81
4 59 4 30 34 59
13 60 13 60
54 83 54 81 83
17 61 17 33 61
14 62 14 25 62
14 41 14 28 41
26 59 26 42 51 59
25 39 25 35 39
25 61 25 33 61
56 82 56 82
17 69 17 33 49 69
13 77 13 20 39 58 77
12 72 12 37 72
39 69 39 58 68 69
12 51 12 37 51
37 69 37 49 69
24 82 24 71 82
3 59 3 37 59
26 39 26 28 35 39
15 30 15 30
81 83 81 83
56 82 56 64 71 82
25 33 25 33
15 86 15 22 43 52 64 86
23 32 23 32
57 65 57 63 65
34 64 34 59 64
57 63 57 63
25 33 25 33
29 88 29 48 75 88
36 75 36 37 48 75
14 83 14 28 41 70 81 83
22 84 22 31 43 44 84
79 88 79 88
13 76 13 28 37 49 69 76
37 88 37 48 75 88
3 64 3 9 20 56 64
3 62 3 9 62
26 42 26 42
9 71 9 71
42 67 42 51 67
21 89 21 58 77 89
18 58 18 22 31 43 44 55 58
1 39 1 13 26 28 35 39
8 76 8 28 37 49 69 76
25 84 25 79 84
16 80 16 29 48 75 80
9 64 9 20 56 64
31 56 31 56
24 55 24 27 44 55
7 62 7 14 25 33 62
19 43 19 43
19 80 19 43 52 80
17 89 17 20 39 58 77 89
15 39 15 26 28 35 39
24 67 24 27 44 55 58 67
25 89 25 38 89
6 76 6 37 49 69 76
36 73 36 37 51 67 73
10 44 10 24 27 44
15 67 15 30 44 55 58 67
24 76 24 27 44 55 58 68 69 76
13 28 13 26 28
4 70 4 70
75 80 75 80
34 52 34 48 52
6 37 6 37
21 71 21 26 42 51 59 64 71
0 37 0 13 26 28 37
6 31 6 31
4 70 4 70
14 59 14 42 51 59
28 41 28 41
13 64 13 29 48 52 64
6 37 6 37
39 68 39 58 68
28 82 28 35 39 58 67 82
12 60 12 45 50 60
18 81 18 22 31 43 52 80 81
19 89 19 38 89
18 87 18 22 43 87
25 79 25 79
17 64 17 33 51 59 64
26 73 26 42 51 67 73
51 81 51 80 81
34 86 34 86
11 88 11 88
8 55 8 9 20 55
5 64 5 64
5 76 5 6 31 68 69 76
14 33 14 25 33
16 68 16 35 39 58 68
31 84 31 43 44 79 84
28 58 28 35 39 58
19 69 19 69
68 74 68 74
19 89 19 38 89
1 40 1 7 14 25 40
31 68 31 68
31 89 31 43 44 55 84 89
4 30 4 30
79 88 79 88
3 68 3 27 44 55 58 68
3 58 3 27 44 55 58
18 79 18 22 43 44 79
26 39 26 28 35 39
12 44 12 44
10 69 10 24 27 44 55 58 68 69
4 23 4 23
51 81 51 80 81
1 81 1 37 52 80 81
5 37 5 6 37
43 84 43 44 84
28 41 28 41
34 64 34 59 64
6 71 6 31 43 52 71
26 83 26 42 51 80 81 83
24 71 24 71
12 73 12 24 27 44 55 67 73
17 74 17 20 55 58 68 74
26 42 26 42
27 88 27 44 79 88
3 27 3 27
51 81 51 80 81
21 52 21 26 28 37 52
14 25 14 25
13 26 13 26
31 79 31 43 44 79
14 85 14 25 85
15 68 15 30 44 55 58 68
19 52 19 43 52
16 87 16 87
10 33 10 17 33
7 14 7 14
48 81 48 75 80 81
3 83 3 30 48 52 80 81 83
47 75 47 75
42 71 42 51 59 64 71
10 74 10 30 44 55 58 68 74
16 86 16 86
34 71 34 59 64 71
11 89 11 59 89
14 35 14 28 35
0 34 0 10 30 34
3 79 3 27 79
66 89 66 77 89
28 87 28 35 39 58 67 72 87
79 83 79 83
14 48 14 34 48
23 66 23 66
67 88 67 72 88
1 26 1 13 26
18 82 18 59 64 82
14 52 14 34 48 52
4 23 4 23
6 55 6 31 43 44 55
45 71 45 64 71
37 75 37 48 75
12 50 12 50
30 77 30 34 48 52 77
39 65 39 65
6 68 6 31 68
16 87 16 35 39 87
58 76 58 68 69 76
43 82 43 44 55 58 67 82
0 78 0 13 26 28 41 57 78
8 74 8 40 68 74
15 30 15 30
24 67 24 27 44 55 67
16 74 16 35 39 58 68 74
21 83 21 26 42 51 80 81 83
47 80 47 75 80
5 76 5 6 37 76
15 63 15 26 28 41 63
22 84 22 31 43 44 55 84
48 88 48 88
12 75 12 75
0 86 0 13 28 41 57 72 86
13 62 13 26 42 62
84 89 84 89
13 74 13 20 40 68 74
14 42 14 42
14 84 14 25 79 84
52 64 52 64
8 76 8 9 20 40 68 69 76
50 82 50 82
13 89 13 29 48 52 77 89
14 37 14 28 37
43 87 43 87
13 50 13 28 41 50
43 84 43 44 84
4 72 4 23 49 72
36 88 36 37 72 88
14 62 14 42 62
33 59 33 51 59
19 84 19 43 44 79 84
1 58 1 2 9 20 55 58
28 39 28 35 39
23 49 23 37 49
17 33 17 33
13 83 13 83
43 82 43 44 55 58 67 82
25 84 25 79 84
53 84 53 84
4 69 4 49 69
72 87 72 87
10 51 10 17 33 51
6 71 6 31 56 64 71
20 73 20 55 67 73
15 79 15 30 44 79
16 74 16 35 39 58 68 74
24 67 24 27 44 55 58 67
43 89 43 52 77 89
63 65 63 65
34 64 34 59 64
10 69 10 30 44 55 58 68 69
7 83 7 14 34 48 75 80 81 83
19 80 19 43 52 80
37 51 37 51
59 89 59 89
0 79 0 27 79
8 70 8 41 70
24 83 24 83
1 43 1 7 43
57 63 57 63
26 76 26 28 35 39 58 68 69 76
28 37 28 37
16 71 16 35 59 64 71
23 64 23 37 59 64
26 76 26 28 37 76
51 72 51 67 72
17 33 17 33
16 35 16 35
28 77 28 77
10 44 10 24 27 44
58 77 58 77
14 40 14 25 40
22 58 22 31 43 44 55 58
42 82 42 51 59 64 71 82
44 55 44 55
33 72 33 51 67 72
14 49 14 25 33 49
4 70 4 70
24 79 24 27 79
67 88 67 72 88
18 22 18 22
55 58 55 58
24 27 24 27
21 42 21 42
23 51 23 37 51
11 59 11 59
18 59 18 59
43 73 43 44 55 67 73
79 88 79 88
42 82 42 51 59 64 82
50 60 50 60
11 82 11 59 64 71 82
26 72 26 42 51 67 72
0 61 0 10 17 33 61
14 59 14 25 33 51 59
52 83 52 80 81 83
3 75 3 30 48 75
25 85 25 85
25 85 25 85
43 88 43 44 55 58 67 72 88
45 83 45 83
0 34 0 10 30 34
17 73 17 33 51 67 73
37 49 37 49
25 82 25 35 59 64 82
68 76 68 69 76
15 48 15 22 34 48
8 76 8 41 49 69 76
11 82 11 59 64 82
39 87 39 58 67 72 87
17 84 17 20 55 84
21 59 21 26 28 35 59
18 84 18 22 31 43 44 84
15 43 15 22 31 43
49 76 49 69 76
7 49 7 14 25 33 49
1 7 1 7
5 65 5 6 16 35 39 65
15 58 15 22 31 43 44 55 58
75 81 75 80 81
25 61 25 33 61
47 83 47 80 81 83
8 28 8 28
21 59 21 26 28 37 59
18 40 18 20 40
48 80 48 52 80
17 78 17 20 40 78
8 74 8 40 68 74
21 37 21 26 28 37
22 76 22 43 44 55 58 68 69 76
0 10 0 10
1 13 1 13
4 32 4 23 32
3 55 3 27 44 55
67 88 67 72 88
0 77 0 27 44 55 58 77
40 78 40 78
68 76 68 69 76
28 35 28 35
75 88 75 88
19 80 19 43 52 80
14 74 14 28 68 74
14 86 14 25 62 72 86
19 64 19 43 52 64
7 42 7 14 42
41 49 41 49
7 83 7 14 34 48 75 80 81 83
36 50 36 50
2 56 2 56
19 62 19 62
15 82 15 26 28 41 57 82
56 82 56 64 82
4 76 4 23 37 76
6 31 6 31
19 89 19 38 89
10 40 10 17 20 40
8 35 8 28 35
39 82 39 58 67 82
13 48 13 29 48
3 27 3 27
48 81 48 52 80 81
66 77 66 77
54 86 54 86
30 84 30 44 79 84
55 84 55 84
7 25 7 14 25
11 59 11 59
1 49 1 2 33 49
26 64 26 28 37 48 52 64
22 58 22 31 43 44 55 58
33 78 33 78
51 89 51 59 89
18 75 18 22 34 48 75
75 80 75 80
0 69 0 10 24 27 44 55 58 68 69
28 60 28 41 50 60
10 83 10 48 52 80 81 83
28 63 28 41 63
22 34 22 34
3 49 3 37 49
5 84 5 6 31 43 44 84
6 49 6 37 49
27 88 27 88
35 86 35 39 58 67 72 86
10 62 10 17 33 62
20 56 20 56
17 56 17 20 56
55 82 55 58 67 82
37 82 37 48 52 71 82
3 87 3 27 44 55 67 72 87
21 57 21 26 28 41 57
24 55 24 27 44 55
20 86 20 56 64 86
12 73 12 73
8 73 8 28 37 51 67 73
26 37 26 28 37
3 76 3 27 44 55 58 68 69 76
25 77 25 35 39 58 77
28 82 28 82
67 88 67 72 88
28 77 28 77
28 86 28 37 51 59 64 86
44 88 44 79 88
4 88 4 23 49 72 88
41 57 41 57
1 58 1 39 58
6 49 6 37 49
26 58 26 28 35 39 58
36 87 36 37 72 87
1 51 1 37 51
14 37 14 28 37
10 68 10 17 58 68
27 79 27 79
18 76 18 22 31 43 44 55 58 68 69 76
26 48 26 28 37 48
57 82 57 82
58 82 58 67 82
21 59 21 26 28 37 51 59
7 49 7 14 25 33 49
14 37 14 28 37
16 74 16 35 39 58 68 74
21 26 21 26
19 64 19 43 52 64
15 86 15 22 34 59 64 86
10 17 10 17
62 72 62 72
6 77 6 77
0 86 0 13 28 37 52 64 86
10 40 10 17 20 40
0 13 0 13
19 52 19 43 52
37 69 37 49 69
1 73 1 7 43 44 55 67 73
2 86 2 33 51 59 64 86
41 69 41 49 69
6 68 6 31 68
34 80 34 48 52 80
27 76 27 44 55 58 68 69 76
0 40 0 10 17 20 40
28 48 28 37 48
58 67 58 67
11 68 11 68
49 88 49 72 88
75 82 75 82
70 82 70 82
10 69 10 17 33 49 69
3 58 3 27 44 55 58
3 39 3 9 20 39
36 49 36 37 49
56 71 56 64 71
33 61 33 61
14 85 14 25 85
11 71 11 59 64 71
55 69 55 58 68 69
7 70 7 14 28 41 70
56 71 56 64 71
35 86 35 59 64 86
14 89 14 34 79 84 89
18 87 18 22 43 44 55 58 67 72 87
13 68 13 28 35 39 58 68
21 63 21 26 28 41 63
14 42 14 42
18 75 18 22 34 48 75
25 49 25 33 49
23 82 23 37 59 64 82
28 35 28 35
36 80 36 37 51 80
48 75 48 75
16 35 16 35
17 82 17 20 56 82
28 68 28 35 39 58 68
44 84 44 55 84
37 51 37 51
30 59 30 34 59
14 48 14 28 37 48
14 69 14 28 35 39 58 68 69
4 68 4 30 44 55 58 68
30 75 30 34 48 75
66 78 66 78
72 86 72 86
3 87 3 37 51 67 72 87
21 82 21 42 51 67 82
52 81 52 80 81
28 82 28 37 48 52 64 82
36 72 36 37 72
34 64 34 48 52 64
14 73 14 42 51 67 73
0 45 0 45
16 80 16 29 48 75 80
19 81 19 43 52 80 81
28 41 28 41
62 72 62 72
1 81 1 13 28 37 48 52 80 81
29 88 29 48 75 88
2 9 2 9
14 52 14 34 48 52
58 68 58 68
5 35 5 6 16 35
13 55 13 20 55
67 73 67 73
19 76 19 69 76
13 76 13 26 28 35 39 58 68 69 76
7 83 7 43 44 79 83
17 20 17 20
44 84 44 79 84
30 82 30 34 48 75 82
13 65 13 20 39 65
0 79 0 27 44 79
22 34 22 34
36 50 36 50
20 40 20 40
14 28 14 28
3 37 3 37
2 23 2 23
28 78 28 41 57 78
44 88 44 55 67 72 88
39 88 39 58 67 72 88
21 26 21 26
5 52 5 52
0 41 0 13 26 28 41
35 39 35 39
1 74 1 7 14 25 40 68 74
5 71 5 6 31 43 52 71
3 69 3 37 49 69
26 65 26 28 35 39 65
31 55 31 43 44 55
10 49 10 17 33 49
67 88 67 72 88
28 60 28 41 50 60
14 61 14 25 33 61
18 72 18 22 43 44 55 67 72
10 34 10 30 34
20 76 20 55 58 68 69 76
37 82 37 48 52 71 82
10 75 10 48 75
42 64 42 51 59 64
67 88 67 72 88
85 88 85 88
10 44 10 30 44
18 39 18 20 39
13 50 13 28 41 50
3 48 3 30 34 48
13 59 13 26 42 51 59
28 52 28 37 48 52
41 50 41 50
5 64 5 64
14 61 14 25 33 61
2 87 2 33 49 72 87
67 87 67 72 87
25 63 25 63
37 51 37 51
15 67 15 30 44 55 58 67
2 56 2 56
57 63 57 63
18 59 18 59
5 72 5 72
27 88 27 88
5 49 5 6 37 49
24 67 24 27 44 55 67
11 71 11 59 64 71
10 71 10 48 52 64 71
25 76 25 40 68 69 76
16 67 16 35 39 58 67
34 81 34 48 75 80 81
52 89 52 77 89
2 67 2 23 37 51 67
57 82 57 82
12 44 12 24 27 44
27 88 27 88
59 64 59 64
21 77 21 58 77
0 35 0 13 28 35
7 42 7 14 42
24 74 24 27 44 55 58 68 74
22 43 22 43
2 87 2 23 37 72 87
7 70 7 14 28 41 70
14 58 14 25 35 39 58
31 64 31 56 64
4 86 4 23 49 72 86
49 88 49 72 88
20 40 20 40
27 74 27 44 55 58 68 74
49 72 49 72
80 81 80 81
45 64 45 64
5 71 5 6 16 29 48 52 71
24 82 24 27 44 55 67 82
75 80 75 80
19 77 19 43 44 55 58 77
10 59 10 30 34 59
16 64 16 35 59 64
4 52 4 23 37 52
26 58 26 28 35 39 58
56 74 56 74
35 65 35 39 65
41 50 41 50
67 73 67 73
27 82 27 44 55 58 67 82
1 44 1 7 43 44
5 65 5 6 16 35 39 65
25 63 25 63
67 72 67 72
18 31 18 22 31
21 52 21 26 28 37 52
2 33 2 33
21 39 21 26 28 35 39
24 82 24 27 44 55 58 67 82
35 67 35 39 58 67
21 60 21 26 28 41 50 60
3 72 3 37 72
52 71 52 64 71
14 49 14 25 33 49
26 86 26 28 37 59 64 86
55 82 55 58 67 82
24 83 24 27 44 79 83
26 42 26 42
30 84 30 34 79 84
2 20 2 9 20
12 68 12 24 27 44 55 58 68
43 55 43 44 55
42 80 42 51 80
49 87 49 72 87
24 74 24 27 44 55 58 68 74
10 78 10 17 20 40 78
11 64 11 59 64
1 64 1 7 64
8 62 8 9 62
41 49 41 49
56 82 56 82
5 6 5 6
1 70 1 13 26 28 41 70
35 65 35 39 65
31 89 31 43 52 77 89
59 89 59 89
34 79 34 79
43 73 43 44 55 58 67 73
17 55 17 20 55
11 64 11 59 64
51 82 51 59 64 82
2 73 2 33 51 67 73
18 73 18 20 55 67 73
35 65 35 39 65
0 10 0 10
21 51 21 42 51
13 56 13 20 56
54 86 54 86
16 71 16 35 59 64 71
18 69 18 20 55 58 68 69
30 82 30 44 55 67 82
33 71 33 51 59 64 71
12 68 12 44 55 58 68
72 87 72 87
22 75 22 34 48 75
14 63 14 25 63
19 88 19 43 44 55 58 67 72 88
35 71 35 59 64 71
77 89 77 89
1 51 1 13 28 37 51
1 28 1 7 14 28
9 20 9 20
64 71 64 71
24 83 24 83
6 86 6 37 51 59 64 86
10 89 10 17 20 39 58 77 89
4 59 4 23 37 59
52 77 52 77
5 89 5 52 77 89
15 48 15 22 34 48
12 59 12 37 51 59
44 79 44 79
38 65 38 65
49 69 49 69
37 75 37 48 75
12 89 12 66 77 89
56 64 56 64
1 55 1 2 9 20 55
10 49 10 17 33 49
43 82 43 52 64 82
9 87 9 62 72 87
64 82 64 82
18 69 18 22 43 44 55 58 68 69
70 82 70 82
8 76 8 41 76
30 59 30 34 59
7 64 7 43 52 64
26 73 26 42 51 67 73
1 59 1 37 51 59
14 89 14 25 33 51 59 89
14 40 14 25 40
7 88 7 43 44 55 67 72 88
3 88 3 27 44 79 88
4 69 4 23 49 69
41 57 41 57
34 84 34 79 84
52 81 52 80 81
41 76 41 76
24 71 24 71
77 89 77 89
14 28 14 28
1 44 1 7 43 44
34 71 34 59 64 71
43 55 43 44 55
42 83 42 51 80 81 83
17 69 17 33 49 69
19 82 19 56 82
55 58 55 58
66 78 66 78
2 52 2 23 37 52
26 83 26 28 41 70 81 83
5 37 5 6 37
5 79 5 79
14 34 14 34
64 86 64 86
41 69 41 49 69
6 44 6 31 43 44
49 76 49 76
14 41 14 28 41
58 82 58 67 82
24 86 24 27 44 55 67 72 86
1 55 1 7 43 44 55
10 78 10 17 78
21 71 21 26 28 35 59 64 71
14 62 14 25 62
27 88 27 44 55 58 67 72 88
13 77 13 28 35 39 58 77
27 67 27 44 55 67
17 76 17 33 49 76
12 50 12 45 50
6 55 6 31 43 44 55
16 35 16 35
13 77 13 20 39 58 77
3 64 3 9 20 56 64
47 75 47 75
5 29 5 6 16 29
51 88 51 67 72 88
7 43 7 43
26 86 26 28 37 48 52 64 86
11 71 11 59 64 71
47 83 47 75 80 81 83
22 58 22 31 43 44 55 58
47 83 47 75 80 81 83
7 43 7 43
25 82 25 82
9 56 9 20 56
72 88 72 88
33 59 33 51 59
25 39 25 35 39
10 33 10 17 33
3 34 3 30 34
18 75 18 22 34 48 75
12 29 12 29
8 60 8 41 50 60
28 82 28 82
22 75 22 34 48 75
14 69 14 25 35 39 58 68 69
19 76 19 43 44 55 58 68 69 76
12 24 12 24
68 69 68 69
24 74 24 27 44 55 58 68 74
62 72 62 72
19 58 19 43 44 55 58
49 69 49 69
13 89 13 84 89
14 35 14 25 35
10 82 10 17 70 82
3 9 3 9
13 75 13 26 28 37 48 75
34 77 34 48 52 77
3 58 3 9 20 39 58
37 72 37 51 67 72
34 81 34 48 75 80 81
2 86 2 56 64 86
23 66 23 66
7 85 7 14 25 85
33 71 33 51 59 64 71
20 56 20 56
35 88 35 39 58 67 72 88
30 77 30 34 48 52 77
21 86 21 42 62 72 86
51 89 51 59 89
3 34 3 30 34
26 76 26 28 68 69 76
36 73 36 37 51 67 73
24 79 24 27 79
20 86 20 56 64 86
3 75 3 37 48 75
1 78 1 78
13 67 13 20 55 67
22 64 22 31 43 52 64
14 51 14 25 33 51
10 30 10 30
23 71 23 37 48 52 64 71
7 89 7 14 59 89
7 68 7 14 28 68
4 83 4 70 81 83
3 39 3 9 20 39
55 73 55 67 73
30 84 30 34 79 84
16 59 16 35 59
22 84 22 34 79 84
34 79 34 79
20 73 20 73
20 87 20 39 58 67 72 87
19 80 19 43 52 80
22 48 22 34 48
25 71 25 33 51 59 64 71
37 59 37 59
10 74 10 24 27 44 55 58 68 74
8 71 8 28 35 59 64 71
50 60 50 60
0 69 0 13 28 68 69
4 30 4 30
26 71 26 28 64 71
5 75 5 6 16 29 48 75
17 64 17 20 56 64
37 59 37 59
10 39 10 17 20 39
17 84 17 20 55 84
25 84 25 79 84
18 58 18 22 31 43 44 55 58
22 31 22 31
5 6 5 6
13 49 13 28 37 49
1 51 1 13 28 37 51
19 77 19 43 52 77
14 84 14 34 79 84
19 86 19 43 44 55 67 72 86
13 68 13 68
15 44 15 22 31 43 44
1 74 1 2 9 20 55 58 68 74
13 51 13 26 28 37 51
12 88 12 72 88
14 34 14 34
35 39 35 39
36 72 36 37 72
33 76 33 49 69 76
31 43 31 43
18 75 18 22 34 48 75
30 75 30 34 48 75
27 72 27 44 55 67 72
25 76 25 40 68 69 76
34 52 34 48 52
23 71 23 37 48 52 64 71
2 66 2 23 66
33 78 33 78
13 74 13 20 55 58 68 74
21 89 21 26 42 51 59 89
9 89 9 20 55 58 77 89
5 37 5 6 37
36 52 36 37 52
67 73 67 73
63 65 63 65
37 82 37 52 71 82
0 89 0 45 77 89
51 89 51 59 89
28 35 28 35
10 83 10 24 83
1 49 1 2 33 49
20 56 20 56
16 86 16 29 48 52 64 86
34 79 34 79
4 82 4 23 37 48 52 64 71 82
55 73 55 58 67 73
33 49 33 49
19 69 19 43 44 55 58 68 69
42 59 42 51 59
25 35 25 35
34 48 34 48
25 61 25 33 61
19 88 19 43 44 55 58 67 72 88
2 39 2 9 20 39
35 71 35 59 64 71
37 72 37 49 72
12 75 12 29 48 75
35 59 35 59
13 28 13 28
2 82 2 33 51 59 64 82
22 58 22 43 44 55 58
1 28 1 7 14 28
35 86 35 59 64 86
26 71 26 42 51 59 64 71
6 29 6 16 29
6 64 6 31 56 64
5 79 5 6 31 43 44 79
3 58 3 27 44 55 58
33 86 33 62 72 86
5 79 5 79
4 66 4 23 66
8 28 8 28
10 86 10 17 33 62 72 86
11 64 11 59 64
22 34 22 34
72 87 72 87
67 88 67 72 88
34 84 34 79 84
23 51 23 37 51
64 71 64 71
39 58 39 58
45 83 45 83
36 49 36 37 49
33 59 33 51 59
35 88 35 39 58 67 72 88
35 76 35 39 58 68 69 76
7 52 7 14 34 48 52
18 84 18 20 55 84
21 26 21 26
15 58 15 30 44 55 58
66 77 66 77
55 58 55 58
7 58 7 14 28 35 39 58
7 88 7 43 44 79 88
25 35 25 35
58 68 58 68
17 20 17 20
19 43 19 43
25 77 25 35 39 58 77
1 69 1 13 68 69
28 68 28 68
77 89 77 89
39 76 39 58 68 69 76
14 61 14 25 33 61
15 69 15 22 31 43 44 55 58 68 69
15 43 15 22 31 43
20 73 20 55 67 73
8 73 8 9 20 39 58 67 73
31 80 31 43 52 80
27 76 27 44 55 58 68 69 76
51 81 51 80 81
21 62 21 26 42 62
7 78 7 14 25 40 78
36 59 36 37 51 59
18 31 18 22 31
43 55 43 44 55
49 69 49 69
55 84 55 84
19 80 19 43 52 80
5 79 5 6 31 43 44 79
18 58 18 22 31 43 44 55 58
29 89 29 48 52 77 89
6 87 6 31 43 44 55 58 67 72 87
36 88 36 37 51 67 72 88
10 86 10 24 27 44 55 67 72 86
0 40 0 20 40
7 69 7 43 44 55 58 68 69
1 42 1 7 14 42
21 86 21 26 42 62 72 86
31 56 31 56
14 69 14 28 68 69
0 79 0 10 24 27 44 79
26 72 26 28 37 51 67 72
10 34 10 30 34
15 43 15 22 43
6 68 6 31 68
3 49 3 37 49
51 86 51 86
2 81 2 23 37 51 80 81
49 86 49 72 86
5 64 5 6 16 35 59 64
2 59 2 33 51 59
57 63 57 63
49 76 49 69 76
2 74 2 56 74
15 58 15 26 28 35 39 58
41 69 41 49 69
25 71 25 33 51 59 64 71
4 32 4 23 32
7 52 7 14 34 48 52
0 40 0 13 20 40
0 79 0 10 24 27 79
15 39 15 26 28 35 39
6 64 6 16 35 59 64
28 51 28 37 51
10 33 10 17 33
2 89 2 9 20 55 84 89
35 71 35 59 64 71
22 81 22 43 52 80 81
3 67 3 30 44 55 58 67
26 64 26 42 51 59 64
8 73 8 28 35 39 58 67 73
9 72 9 20 39 58 67 72
16 52 16 29 48 52
8 70 8 41 70
12 51 12 37 51
68 74 68 74
51 86 51 67 72 86
1 61 1 2 33 61
11 88 11 88
28 68 28 68
12 64 12 45 64
28 86 28 41 57 72 86
58 68 58 68
17 69 17 20 55 58 68 69
0 87 0 27 44 55 67 72 87
21 81 21 26 42 51 80 81
28 59 28 35 59
13 42 13 26 42
28 60 28 41 50 60
3 67 3 30 44 55 58 67
14 62 14 42 62
25 33 25 33
9 68 9 20 40 68
21 89 21 58 77 89
28 73 28 37 51 67 73
0 87 0 10 17 33 51 67 72 87
62 86 62 72 86
16 74 16 35 39 58 68 74
34 86 34 48 52 64 86
43 55 43 44 55
15 58 15 26 28 35 39 58
17 82 17 20 39 58 67 82
16 29 16 29
31 68 31 68
30 48 30 48
39 89 39 58 77 89
47 82 47 75 82
11 89 11 59 89
19 83 19 43 44 79 83
23 82 23 37 52 64 71 82
25 35 25 35
55 67 55 58 67
3 64 3 37 51 59 64
26 64 26 42 51 59 64
4 59 4 23 37 51 59
2 52 2 23 37 48 52
36 88 36 37 48 88
31 69 31 68 69
19 82 19 43 44 55 58 67 82
45 50 45 50
67 82 67 82
13 82 13 26 42 51 59 64 71 82
14 63 14 28 41 63
19 58 19 43 44 55 58
2 77 2 9 20 39 58 77
16 82 16 29 48 52 71 82
1 75 1 13 28 37 48 75
77 89 77 89
56 74 56 74
57 65 57 63 65
67 86 67 72 86
24 67 24 27 44 55 67
26 58 26 28 35 39 58
15 67 15 22 31 43 44 55 67
5 88 5 72 88
22 87 22 31 43 87
29 88 29 48 88
48 52 48 52
4 70 4 70
17 70 17 70
24 73 24 73
14 64 14 28 37 59 64
0 56 0 13 20 56
42 71 42 51 59 64 71
24 71 24 71
51 86 51 86
13 42 13 26 42
55 77 55 58 77
43 72 43 44 55 67 72
67 87 67 72 87
5 71 5 6 71
1 55 1 2 9 20 55
2 23 2 23
0 27 0 27
7 52 7 43 52
3 37 3 37
24 67 24 27 44 55 58 67
1 49 1 7 14 28 41 49
31 69 31 68 69
5 74 5 6 16 35 39 58 68 74
38 89 38 89
43 89 43 44 84 89
34 48 34 48
6 37 6 37
29 48 29 48
23 64 23 37 48 52 64
14 62 14 42 62
14 64 14 34 48 52 64
1 37 1 13 26 28 37
39 77 39 58 77
14 72 14 42 51 67 72
36 37 36 37
37 69 37 49 69
42 87 42 51 67 72 87
14 40 14 25 40
4 64 4 30 34 59 64
17 20 17 20
56 82 56 82
31 56 31 56
80 83 80 81 83
18 69 18 20 55 58 68 69
26 59 26 42 51 59
39 76 39 58 68 69 76
9 40 9 20 40
79 88 79 88
27 78 27 78
10 34 10 30 34
12 44 12 24 27 44
11 88 11 88
21 26 21 26
34 84 34 79 84
36 75 36 37 48 75
52 80 52 80
0 82 0 10 24 27 44 55 67 82
5 88 5 72 88
2 73 2 23 37 51 67 73
8 51 8 28 37 51
2 74 2 56 74
5 29 5 6 16 29
11 82 11 59 64 71 82
1 75 1 37 48 75
3 58 3 30 44 55 58
10 84 10 30 44 79 84
0 57 0 13 26 28 41 57
18 34 18 22 34
1 59 1 37 59
21 59 21 26 28 35 59
0 10 0 10
56 64 56 64
21 72 21 42 51 67 72
39 73 39 58 67 73
21 52 21 26 28 37 52
39 76 39 76
8 62 8 9 62
1 49 1 49
28 48 28 37 48
13 83 13 83
39 58 39 58
2 86 2 23 49 72 86
13 75 13 26 28 37 48 75
45 71 45 64 71
16 67 16 35 39 58 67
4 83 4 30 34 48 52 80 81 83
52 71 52 71
17 84 17 20 55 84
17 76 17 58 68 69 76
37 51 37 51
21 81 21 26 28 37 48 75 80 81
45 83 45 83
0 82 0 27 44 55 67 82
3 75 3 30 34 48 75
36 50 36 50
54 86 54 86
28 37 28 37
33 64 33 51 59 64
37 59 37 51 59
79 83 79 83
15 48 15 22 34 48
14 49 14 28 41 49
10 24 10 24
8 89 8 28 37 48 52 77 89
16 77 16 35 39 58 77
8 87 8 62 72 87
15 44 15 30 44
4 83 4 30 34 48 75 80 81 83
5 37 5 6 37
1 28 1 7 14 28
14 40 14 25 40
11 89 11 59 89
13 28 13 28
13 67 13 26 42 51 67
1 70 1 7 14 28 41 70
18 84 18 22 31 43 44 79 84
34 64 34 59 64
81 83 81 83
36 87 36 37 49 72 87
0 13 0 13
39 58 39 58
9 56 9 20 56
4 76 4 23 49 76
8 74 8 9 20 39 58 68 74
33 64 33 51 59 64
19 82 19 82
54 83 54 81 83
34 86 34 86
21 89 21 58 77 89
1 74 1 7 14 28 35 39 58 68 74
33 71 33 51 59 64 71
2 23 2 23
66 78 66 78
14 85 14 25 85
24 73 24 27 44 55 67 73
11 89 11 59 89
12 60 12 60
1 57 1 13 28 41 57
50 82 50 82
22 84 22 34 79 84
6 68 6 31 43 44 55 58 68
79 88 79 88
48 82 48 75 82
57 78 57 78
28 77 28 77
20 55 20 55
40 78 40 78
37 52 37 52
55 69 55 58 68 69
15 71 15 22 31 56 64 71
43 73 43 44 55 58 67 73
0 77 0 10 48 52 77
4 76 4 30 44 55 58 68 69 76
58 67 58 67
15 30 15 30
48 75 48 75
28 86 28 41 57 72 86
36 73 36 37 51 67 73
51 83 51 80 81 83
8 60 8 41 50 60
0 28 0 13 26 28
1 13 1 13
29 89 29 48 52 77 89
23 86 23 37 72 86
51 86 51 59 64 86
39 67 39 58 67
7 34 7 14 34
19 56 19 56
44 67 44 55 58 67
17 70 17 70
13 20 13 20
18 82 18 59 64 71 82
7 25 7 14 25
10 33 10 17 33
24 71 24 71
25 79 25 79
6 44 6 31 43 44
7 55 7 43 44 55
43 84 43 44 84
49 87 49 72 87
8 51 8 28 37 51
1 2 1 2
34 84 34 79 84
9 71 9 20 56 64 71
42 64 42 51 59 64
30 68 30 44 55 58 68
17 83 17 70 81 83
48 80 48 52 80
4 30 4 30
45 71 45 64 71
0 86 0 20 56 64 86
5 52 5 6 37 52
6 56 6 31 56
20 73 20 55 58 67 73
8 74 8 28 68 74
21 77 21 26 28 35 39 58 77
39 58 39 58
13 42 13 26 42
39 77 39 58 77
7 70 7 14 28 41 70
20 56 20 56
25 61 25 33 61
0 69 0 13 20 55 58 68 69
14 41 14 28 41
37 88 37 49 72 88
10 34 10 30 34
30 77 30 34 48 52 77
21 82 21 26 42 51 59 64 71 82
34 80 34 48 52 80
7 83 7 14 28 41 70 81 83
8 87 8 62 72 87
59 82 59 64 82
0 28 0 13 28
53 88 53 88
23 66 23 66
51 80 51 80
21 71 21 26 28 37 48 52 64 71
1 51 1 37 51
70 81 70 81
17 83 17 70 81 83
18 65 18 20 39 65
24 73 24 73
12 52 12 37 52
33 49 33 49
11 59 11 59
14 69 14 28 35 39 58 68 69
30 75 30 48 75
34 79 34 79
2 73 2 23 37 51 67 73
39 76 39 76
44 79 44 79
3 64 3 64
12 24 12 24
18 75 18 22 34 48 75
25 33 25 33
1 87 1 49 72 87
36 87 36 37 49 72 87
51 59 51 59
4 51 4 23 37 51
1 89 1 89
2 82 2 33 51 67 82
75 88 75 88
15 43 15 22 31 43
31 68 31 68
26 76 26 28 68 69 76
55 72 55 67 72
51 67 51 67
13 42 13 26 42
9 56 9 20 56
15 51 15 26 28 37 51
54 83 54 81 83
41 70 41 70
19 64 19 43 52 64
12 29 12 29
4 51 4 23 37 51
30 68 30 44 55 58 68
18 39 18 20 39
45 86 45 64 86
8 89 8 28 35 59 89
30 75 30 34 48 75
48 81 48 75 80 81
13 77 13 29 48 52 77
6 77 6 77
15 74 15 26 28 35 39 58 68 74
23 75 23 37 48 75
5 72 5 72
50 60 50 60
18 39 18 20 39
10 75 10 48 75
25 65 25 63 65
3 83 3 27 79 83
27 78 27 78
51 88 51 67 72 88
33 88 33 51 67 72 88
6 29 6 16 29
34 64 34 59 64
4 66 4 23 66
7 42 7 14 42
9 72 9 20 55 67 72
3 78 3 27 78
10 33 10 17 33
7 49 7 14 28 37 49
33 78 33 78
19 86 19 43 52 64 86
9 20 9 20
10 51 10 17 33 51
5 35 5 6 16 35
7 63 7 14 25 63
15 89 15 26 28 77 89
44 67 44 55 58 67
17 20 17 20
31 86 31 56 64 86
2 78 2 33 78
5 79 5 79
0 59 0 13 26 42 51 59
23 32 23 32
12 68 12 24 27 44 55 58 68
1 68 1 13 28 35 39 58 68
1 13 1 13
22 87 22 43 87
27 82 27 44 55 58 67 82
20 76 20 55 58 68 69 76
13 84 13 20 55 84
0 88 0 10 48 88
7 55 7 43 44 55
17 61 17 33 61
2 87 2 23 37 72 87
43 55 43 44 55
15 51 15 26 42 51
6 37 6 37
4 55 4 30 44 55
6 68 6 31 43 44 55 58 68
5 51 5 6 37 51
67 73 67 73
72 87 72 87
12 29 12 29
15 22 15 22
37 49 37 49
36 52 36 37 52
36 83 36 37 51 80 81 83
10 51 10 17 33 51
29 88 29 48 88
3 72 3 30 44 55 58 67 72
1 49 1 37 49
25 39 25 35 39
1 88 1 2 23 49 72 88
14 33 14 25 33
52 64 52 64
8 87 8 62 72 87
12 37 12 37
67 82 67 82
26 58 26 28 35 39 58
7 69 7 14 25 33 49 69
33 49 33 49
77 89 77 89
0 40 0 20 40
39 69 39 58 68 69
0 61 0 10 17 33 61
4 23 4 23
44 55 44 55
12 59 12 37 51 59
55 84 55 84
1 28 1 13 26 28
23 49 23 49
13 84 13 84
37 88 37 48 88
55 69 55 58 68 69
41 70 41 70
20 86 20 39 58 67 72 86
19 81 19 43 52 80 81
36 48 36 37 48
53 81 53 80 81
1 64 1 7 14 42 51 59 64
25 61 25 33 61
10 83 10 17 70 81 83
10 82 10 17 20 39 58 67 82
35 39 35 39
44 84 44 55 84
69 76 69 76
67 72 67 72
0 76 0 13 68 69 76
52 64 52 64
59 89 59 89
22 48 22 34 48
39 88 39 58 67 72 88
12 64 12 45 64
2 89 2 23 37 48 52 77 89
12 88 12 75 88
52 64 52 64
84 89 84 89
7 35 7 14 25 35
19 88 19 43 44 55 58 67 72 88
17 77 17 20 39 58 77
28 70 28 41 70
26 64 26 28 37 59 64
36 49 36 37 49
13 84 13 20 55 84
7 85 7 14 25 85
2 66 2 23 66
0 77 0 27 44 55 58 77
35 67 35 39 58 67
0 24 0 10 24
25 89 25 35 59 89
14 34 14 34
1 61 1 7 14 25 33 61
25 38 25 38
26 71 26 42 51 59 64 71
14 28 14 28
5 74 5 6 16 35 39 58 68 74
10 78 10 17 20 40 78
45 82 45 50 82
34 86 34 86
3 34 3 30 34
36 48 36 37 48
27 44 27 44
13 51 13 28 37 51
8 73 8 9 20 39 58 67 73
39 89 39 58 77 89
17 89 17 33 51 59 89
0 35 0 13 26 28 35
53 84 53 84
1 37 1 2 23 37
58 67 58 67
17 67 17 58 67
1 70 1 7 14 28 41 70
18 31 18 22 31
69 76 69 76
10 40 10 17 20 40
14 58 14 25 35 39 58
52 83 52 80 81 83
11 89 11 59 89
3 83 3 30 34 48 75 80 81 83
35 68 35 39 58 68
80 81 80 81
11 59 11 59
42 89 42 51 59 89
10 82 10 17 33 51 59 64 71 82
0 86 0 10 17 20 55 58 67 72 86
33 69 33 49 69
9 20 9 20
0 84 0 13 20 55 84
21 60 21 26 28 41 50 60
5 29 5 6 16 29
41 50 41 50
27 58 27 44 55 58
58 86 58 67 72 86
3 87 3 9 62 72 87
6 79 6 31 43 44 79
43 88 43 44 55 67 72 88
64 86 64 86
1 69 1 7 14 25 40 68 69
5 81 5 52 80 81
23 49 23 49
34 59 34 59
0 60 0 45 50 60
23 86 23 49 72 86
47 83 47 80 81 83
19 86 19 43 44 55 67 72 86
55 58 55 58
25 51 25 33 51
8 71 8 28 35 59 64 71
14 63 14 25 63
8 9 8 9
56 74 56 74
2 80 2 33 51 80
10 87 10 24 27 44 55 58 67 72 87
7 62 7 14 25 62
13 76 13 26 28 37 49 69 76
1 65 1 13 28 41 57 63 65
24 89 24 27 44 55 84 89
15 39 15 26 28 35 39
7 34 7 14 34
21 83 21 26 42 51 80 81 83
13 65 13 20 39 65
24 67 24 27 44 55 58 67
13 48 13 26 28 37 48
36 59 36 59
36 73 36 37 51 67 73
25 49 25 33 49
12 44 12 24 27 44
36 72 36 37 51 67 72
12 88 12 37 51 67 72 88
5 84 5 6 31 43 44 79 84
23 72 23 37 72
52 89 52 77 89
28 81 28 37 48 75 80 81
18 59 18 22 34 59
17 64 17 20 56 64
5 82 5 75 82
12 29 12 29
8 35 8 28 35
39 77 39 58 77
23 51 23 37 51
48 52 48 52
80 81 80 81
25 40 25 40
26 82 26 42 51 67 82
28 63 28 41 63
49 86 49 72 86
15 34 15 22 34
70 82 70 82
17 56 17 20 56
9 56 9 20 56
2 48 2 23 37 48
2 82 2 82
55 58 55 58
17 74 17 20 56 74
1 59 1 13 26 42 51 59
22 75 22 34 48 75
36 37 36 37
24 73 24 27 44 55 67 73
53 84 53 84
37 72 37 72
35 88 35 39 58 67 72 88
55 69 55 58 68 69
5 81 5 52 80 81
13 29 13 29
24 82 24 27 44 55 58 67 82
42 82 42 51 67 82
0 48 0 13 26 28 37 48
5 49 5 6 37 49
15 79 15 30 34 79
40 68 40 68
13 26 13 26
21 26 21 26
5 49 5 6 37 49
14 25 14 25
4 70 4 70
13 75 13 29 48 75
0 59 0 13 28 35 59
17 56 17 20 56
5 35 5 6 16 35
54 86 54 86
19 69 19 69
31 84 31 43 44 84
14 25 14 25
19 58 19 43 44 55 58
27 58 27 44 55 58
3 30 3 30
8 55 8 9 20 55
23 75 23 37 48 75
21 63 21 26 28 41 63
0 86 0 13 26 42 51 67 72 86
14 64 14 28 37 59 64
18 58 18 20 39 58
17 77 17 20 55 58 77
48 88 48 75 88
20 55 20 55
49 87 49 72 87
57 72 57 72
2 9 2 9
54 86 54 86
36 87 36 37 49 72 87
1 41 1 13 26 28 41
18 84 18 20 55 84
12 59 12 37 51 59
75 88 75 88
3 82 3 64 71 82
21 82 21 26 42 51 67 82
16 72 16 35 39 58 67 72
24 67 24 27 44 55 67
15 63 15 26 28 41 57 63
8 73 8 28 35 39 58 67 73
13 89 13 28 37 52 77 89
39 73 39 58 67 73
34 84 34 79 84
33 72 33 62 72
55 73 55 58 67 73
7 77 7 14 34 48 52 77
44 79 44 79
4 86 4 49 72 86
33 64 33 51 59 64
67 87 67 72 87
4 64 4 23 37 48 52 64
71 82 71 82
14 74 14 28 35 39 58 68 74
18 73 18 20 55 58 67 73
26 64 26 42 51 59 64
8 74 8 9 20 56 74
16 87 16 87
30 81 30 34 48 75 80 81
55 72 55 67 72
13 67 13 26 42 51 67
39 89 39 58 77 89
33 78 33 78
37 72 37 72
0 61 0 10 17 33 61
56 71 56 64 71
10 24 10 24
10 75 10 30 34 48 75
51 81 51 80 81
42 62 42 62
9 87 9 62 72 87
2 80 2 23 37 52 80
19 38 19 38
0 77 0 20 39 58 77
22 34 22 34
8 73 8 9 20 39 58 67 73
43 87 43 87
22 84 22 43 44 79 84
3 49 3 37 49
19 62 19 62
6 69 6 31 68 69
0 60 0 10 17 60
17 32 17 32
4 30 4 30
8 28 8 28
11 59 11 59
17 74 17 58 68 74
39 65 39 65
18 71 18 22 43 52 71
27 89 27 44 55 58 77 89
15 86 15 26 42 62 72 86
35 65 35 39 65
18 58 18 22 43 44 55 58
0 57 0 13 28 41 57
23 82 23 37 52 64 82
20 88 20 88
6 71 6 71
21 83 21 26 42 51 80 81 83
19 64 19 56 64
30 58 30 44 55 58
36 77 36 37 48 52 77
8 80 8 28 37 52 80
30 34 30 34
26 72 26 28 37 49 72
9 74 9 20 40 68 74
4 83 4 70 81 83
22 76 22 31 43 44 55 58 68 69 76
1 68 1 7 14 28 68
0 87 0 10 30 44 55 58 67 72 87
16 35 16 35
48 81 48 75 80 81
0 20 0 13 20
44 79 44 79
14 83 14 42 51 80 81 83
6 64 6 16 35 59 64
41 57 41 57
53 89 53 84 89
0 13 0 13
4 30 4 30
37 49 37 49
8 51 8 28 37 51
28 73 28 35 39 58 67 73
51 88 51 67 72 88
41 57 41 57
45 50 45 50
39 87 39 58 67 72 87
1 68 1 13 26 28 68
2 9 2 9
42 73 42 51 67 73
3 76 3 9 20 55 58 68 69 76
35 82 35 59 64 82
4 34 4 30 34
37 88 37 72 88
25 51 25 33 51
53 89 53 84 89
1 39 1 2 9 20 39
14 83 14 34 79 83
3 55 3 27 44 55
21 81 21 26 28 41 70 81
36 80 36 37 48 52 80
40 78 40 78
0 24 0 10 24
20 39 20 39
17 64 17 20 56 64
49 72 49 72
17 76 17 33 49 69 76
42 67 42 51 67
24 82 24 27 44 55 58 67 82
7 57 7 57
18 87 18 22 31 43 87
67 86 67 72 86
7 55 7 43 44 55
20 89 20 55 84 89
6 68 6 16 35 39 58 68
17 33 17 33
30 81 30 48 52 80 81
0 41 0 13 26 28 41
40 76 40 68 69 76
12 73 12 24 73
15 67 15 26 42 51 67
19 84 19 43 44 79 84
43 72 43 44 55 67 72
0 88 0 13 26 88
3 76 3 37 49 69 76
14 74 14 28 35 39 58 68 74
25 62 25 33 62
14 85 14 25 85
35 76 35 39 58 68 69 76
52 77 52 77
12 51 12 37 51
28 58 28 35 39 58
21 42 21 26 42
4 83 4 70 81 83
39 68 39 58 68
14 83 14 34 79 83
58 76 58 68 69 76
84 89 84 89
51 88 51 67 72 88
4 49 4 49
39 87 39 58 67 72 87
51 67 51 67
30 67 30 44 55 67
5 52 5 52
35 76 35 39 76
0 20 0 20
8 68 8 9 20 39 58 68
1 39 1 13 28 35 39
13 62 13 26 42 62
15 69 15 30 44 55 58 68 69
41 78 41 57 78
49 72 49 72
6 31 6 31
1 7 1 7
19 83 19 43 52 80 81 83
14 85 14 25 85
34 64 34 59 64
34 86 34 59 64 86
1 57 1 13 28 41 57
26 28 26 28
4 83 4 23 37 52 80 81 83
55 69 55 58 68 69
1 61 1 2 33 61
11 88 11 88
9 56 9 20 56
24 73 24 27 44 55 58 67 73
25 65 25 38 65
49 87 49 72 87
33 71 33 51 59 64 71
15 68 15 22 31 43 44 55 58 68
18 39 18 20 39
26 65 26 28 41 63 65
2 59 2 33 51 59
15 63 15 26 28 41 63
24 76 24 27 44 55 58 68 69 76
13 48 13 29 48
19 89 19 38 89
21 51 21 26 28 37 51
45 50 45 50
43 52 43 52
6 16 6 16
42 87 42 51 67 72 87
67 73 67 73
40 78 40 78
0 60 0 45 50 60
9 40 9 20 40
68 69 68 69
13 35 13 26 28 35
2 74 2 56 74
33 76 33 49 69 76
21 81 21 42 51 80 81
25 76 25 35 39 58 68 69 76
34 48 34 48
35 71 35 59 64 71
7 76 7 14 28 41 76
3 37 3 37
10 61 10 17 33 61
1 43 1 7 43
17 72 17 58 67 72
41 70 41 70
34 79 34 79
36 72 36 37 51 67 72
41 78 41 57 78
28 70 28 41 70
31 77 31 43 44 55 58 77
27 74 27 44 55 58 68 74
22 48 22 34 48
2 39 2 9 20 39
57 78 57 78
17 74 17 20 55 58 68 74
22 64 22 31 56 64
57 65 57 63 65
12 72 12 44 55 58 67 72
57 82 57 82
64 82 64 82
10 86 10 24 27 44 55 58 67 72 86
18 72 18 22 43 44 55 58 67 72
1 51 1 2 23 37 51
40 78 40 78
15 74 15 22 43 44 55 58 68 74
12 66 12 66
45 83 45 83
4 30 4 30
12 72 12 72
37 77 37 77
0 59 0 13 26 28 35 59
55 72 55 58 67 72
19 88 19 62 72 88
3 38 3 38
53 84 53 84
16 87 16 87
28 52 28 37 52
14 62 14 25 62
1 28 1 7 14 28
23 82 23 37 51 67 82
25 87 25 62 72 87
10 61 10 17 33 61
14 51 14 42 51
1 64 1 13 20 56 64
16 74 16 35 39 58 68 74
14 49 14 25 33 49
44 55 44 55
18 34 18 22 34
42 89 42 51 59 89
10 82 10 48 75 82
1 78 1 7 14 25 33 78
15 55 15 22 43 44 55
0 57 0 13 26 28 41 57
21 74 21 58 68 74
24 79 24 27 79
2 74 2 9 20 39 58 68 74
6 88 6 16 29 48 75 88
48 64 48 52 64
10 74 10 24 27 44 55 58 68 74
14 58 14 28 35 39 58
23 51 23 37 51
0 86 0 10 30 44 55 58 67 72 86
2 82 2 23 37 48 52 71 82
18 43 18 22 43
15 71 15 26 28 35 59 64 71
0 51 0 13 26 42 51
4 68 4 30 44 55 58 68
21 37 21 26 28 37
0 37 0 13 28 37
24 79 24 27 79
30 48 30 34 48
10 69 10 24 27 44 55 58 68 69
17 82 17 33 51 59 64 82
0 76 0 13 68 69 76
0 34 0 10 30 34
48 52 48 52
10 82 10 24 71 82
0 41 0 13 26 28 41
2 68 2 9 20 55 58 68
42 59 42 51 59
8 76 8 9 20 40 68 69 76
39 69 39 58 68 69
28 64 28 64
26 48 26 28 37 48
13 83 13 83
58 77 58 77
6 16 6 16
30 77 30 44 55 58 77
8 80 8 28 37 52 80
27 67 27 44 55 67
4 88 4 30 44 79 88
68 76 68 69 76
16 71 16 35 59 64 71
9 89 9 20 55 84 89
2 56 2 9 20 56
16 64 16 35 59 64
3 30 3 30
42 72 42 62 72
57 72 57 72
6 71 6 37 51 59 64 71
44 89 44 79 84 89
19 62 19 62
7 69 7 14 28 41 49 69
13 51 13 26 28 37 51
45 77 45 77
14 73 14 25 33 51 67 73
2 56 2 9 20 56
10 84 10 24 27 44 55 84
67 72 67 72
13 60 13 60
14 42 14 42
1 73 1 7 43 44 55 58 67 73
50 82 50 82
18 71 18 20 56 64 71
34 80 34 48 52 80
12 73 12 44 55 67 73
79 83 79 83
19 43 19 43
55 77 55 58 77
8 9 8 9
48 82 48 52 64 82
23 82 23 37 59 64 82
35 68 35 39 58 68
0 24 0 10 24
81 83 81 83
59 64 59 64
25 35 25 35
3 55 3 9 20 55
12 89 12 44 55 84 89
53 89 53 84 89
11 68 11 68
33 88 33 62 72 88
14 73 14 25 35 39 58 67 73
41 70 41 70
14 73 14 25 35 39 58 67 73
6 86 6 86
25 63 25 63
8 71 8 28 37 52 71
1 81 1 13 26 28 37 48 75 80 81
27 77 27 44 55 58 77
2 73 2 23 37 51 67 73
17 72 17 33 51 67 72
30 81 30 48 52 80 81
24 79 24 27 44 79
18 34 18 22 34
41 49 41 49
15 79 15 30 34 79
22 31 22 31
4 67 4 23 37 51 67
6 68 6 16 35 39 58 68
20 89 20 39 58 77 89
1 43 1 7 43
64 86 64 86
13 77 13 26 28 37 48 52 77
23 82 23 37 59 64 82
1 85 1 7 14 25 85
33 86 33 62 72 86
30 59 30 34 59
18 76 18 22 43 44 55 58 68 69 76
53 81 53 80 81
8 87 8 9 62 72 87
8 28 8 28
20 86 20 56 64 86
4 87 4 23 49 72 87
4 74 4 30 44 55 58 68 74
10 71 10 24 71
35 67 35 39 58 67
67 73 67 73
24 74 24 27 44 55 58 68 74
35 68 35 39 58 68
18 81 18 22 43 52 80 81
4 32 4 23 32
66 77 66 77
36 52 36 37 48 52
17 67 17 58 67
66 89 66 77 89
13 49 13 28 37 49
34 86 34 48 52 64 86
36 75 36 37 48 75
36 77 36 37 48 52 77
20 40 20 40
52 71 52 64 71
12 45 12 45
21 57 21 26 28 41 57
2 56 2 9 20 56
1 74 1 7 14 28 68 74
36 72 36 37 49 72
3 62 3 9 62
43 55 43 44 55
31 79 31 43 44 79
58 67 58 67
1 89 1 89
2 68 2 9 20 55 58 68
7 68 7 43 44 55 58 68
3 49 3 37 49
10 87 10 30 44 55 67 72 87
14 65 14 25 38 65
7 84 7 43 44 79 84
16 64 16 29 48 52 64
7 89 7 14 25 38 89
13 48 13 26 28 37 48
79 84 79 84
6 55 6 31 43 44 55
30 84 30 34 79 84
55 67 55 58 67
10 20 10 17 20
8 71 8 28 35 59 64 71
7 37 7 14 28 37
14 86 14 28 64 86
22 48 22 34 48
28 41 28 41
24 83 24 83
4 64 4 23 37 52 64
12 52 12 29 48 52
4 84 4 30 44 55 84
8 64 8 28 35 59 64
19 84 19 43 44 84
17 74 17 20 40 68 74
53 80 53 80
19 83 19 43 44 79 83
19 80 19 43 52 80
36 67 36 37 51 67
25 85 25 85
5 82 5 52 64 71 82
22 48 22 34 48
7 52 7 43 52
36 81 36 81
42 73 42 51 67 73
11 71 11 59 64 71
48 82 48 75 82
10 20 10 17 20
2 23 2 23
10 30 10 30
15 30 15 30
71 82 71 82
48 88 48 75 88
13 49 13 26 28 37 49
4 52 4 23 37 48 52
28 52 28 37 52
17 60 17 60
55 58 55 58
21 74 21 58 68 74
69 76 69 76
1 68 1 2 9 20 39 58 68
45 83 45 83
34 59 34 59
44 83 44 79 83
14 64 14 28 64
6 29 6 16 29
21 82 21 26 28 37 52 64 71 82
25 33 25 33
8 89 8 28 35 59 89
1 42 1 13 26 42
25 62 25 33 62
1 81 1 7 14 42 51 80 81
28 81 28 37 51 80 81
52 64 52 64
16 74 16 35 39 58 68 74
43 71 43 52 71
16 71 16 29 48 52 64 71
39 76 39 58 68 69 76
52 64 52 64
8 89 8 9 20 55 58 77 89
18 59 18 22 34 59
10 34 10 30 34
24 76 24 27 44 55 58 68 69 76
31 80 31 43 52 80
50 82 50 82
3 9 3 9
9 72 9 20 39 58 67 72
18 65 18 20 39 65
15 87 15 22 43 87
15 82 15 30 34 59 64 71 82
21 82 21 58 67 82
39 68 39 58 68
34 52 34 48 52
13 68 13 26 28 35 39 58 68
38 89 38 89
28 77 28 77
13 20 13 20
23 51 23 37 51
15 26 15 26
48 75 48 75
1 70 1 13 26 28 41 70
36 88 36 37 51 67 72 88
5 29 5 6 16 29
7 69 7 14 28 35 39 58 68 69
4 83 4 30 44 79 83
47 75 47 75
0 79 0 27 79
0 61 0 10 17 33 61
33 64 33 51 59 64
75 82 75 82
28 70 28 41 70
5 75 5 6 37 48 75
45 83 45 83
5 88 5 79 88
17 32 17 32
6 51 6 37 51
21 39 21 26 28 35 39
13 50 13 26 28 41 50
75 88 75 88
14 28 14 28
12 50 12 45 50
35 76 35 39 76
14 83 14 42 51 80 81 83
42 73 42 51 67 73
28 59 28 37 59
0 27 0 10 24 27
33 59 33 51 59
16 80 16 29 48 52 80
14 84 14 34 79 84
57 72 57 72
34 52 34 48 52
64 71 64 71
44 79 44 79
21 59 21 42 51 59
30 75 30 48 75
3 83 3 27 44 79 83
19 76 19 69 76
19 62 19 62
59 82 59 64 71 82
18 31 18 22 31
66 77 66 77
37 76 37 76
30 48 30 34 48
55 72 55 67 72
2 78 2 78
8 68 8 9 20 39 58 68
19 84 19 43 44 79 84
31 84 31 43 44 55 84
36 71 36 59 64 71
0 88 0 10 48 75 88
30 82 30 34 48 75 82
0 41 0 13 28 41
2 23 2 23
26 76 26 28 41 49 76
57 86 57 72 86
0 20 0 13 20
16 52 16 29 48 52
67 86 67 72 86
26 64 26 42 51 59 64
7 14 7 14
10 20 10 17 20
22 48 22 34 48
51 67 51 67
39 76 39 58 68 69 76
49 69 49 69
4 67 4 30 44 55 58 67
33 88 33 51 67 72 88
2 52 2 23 37 48 52
13 26 13 26
41 88 41 49 72 88
2 52 2 23 37 48 52
37 72 37 72
22 34 22 34
30 68 30 44 55 58 68
21 52 21 26 28 37 52
19 38 19 38
53 80 53 80
51 81 51 80 81
22 87 22 31 43 44 55 58 67 72 87
21 52 21 26 28 37 48 52
34 71 34 59 64 71
28 37 28 37
2 89 2 23 37 51 59 89
1 51 1 37 51
26 59 26 28 35 59
25 87 25 33 62 72 87
31 77 31 43 52 77
3 76 3 9 20 55 58 68 69 76
33 69 33 49 69
56 82 56 64 71 82
4 70 4 70
58 68 58 68
55 67 55 67
5 51 5 6 37 51
6 37 6 37
0 82 0 45 50 82
0 48 0 10 48
4 52 4 23 37 52
30 84 30 34 79 84
26 83 26 42 51 80 81 83
23 37 23 37
12 73 12 73
7 37 7 14 28 37
23 32 23 32
28 81 28 41 70 81
22 76 22 43 44 55 58 68 69 76
23 75 23 37 48 75
12 72 12 44 55 67 72
5 35 5 6 16 35
43 55 43 44 55
21 86 21 26 42 62 72 86
10 49 10 17 33 49
18 87 18 20 55 67 72 87
8 75 8 28 37 48 75
44 79 44 79
7 62 7 14 25 33 62
16 52 16 29 48 52
21 83 21 42 51 80 81 83
17 84 17 20 55 84
17 77 17 58 77
21 62 21 26 42 62
47 83 47 80 81 83
7 35 7 14 25 35
5 89 5 89
10 17 10 17
12 52 12 37 48 52
45 86 45 64 86
31 77 31 43 44 55 58 77
31 79 31 43 44 79
28 58 28 35 39 58
29 48 29 48
3 83 3 27 79 83
28 87 28 87
5 37 5 6 37
27 74 27 44 55 58 68 74
27 58 27 44 55 58
6 88 6 31 43 44 55 58 67 72 88
35 76 35 39 76
0 80 0 13 28 37 51 80
59 82 59 64 71 82
14 65 14 25 38 65
2 33 2 33
51 81 51 80 81
34 77 34 48 52 77
31 89 31 43 52 77 89
25 63 25 63
17 69 17 20 39 58 68 69
28 64 28 35 59 64
13 50 13 26 28 41 50
26 71 26 42 51 59 64 71
0 34 0 10 30 34
77 89 77 89
30 81 30 34 48 52 80 81
2 59 2 23 37 59
26 48 26 28 37 48
17 49 17 33 49
14 86 14 34 48 52 64 86
42 62 42 62
25 79 25 79
5 75 5 6 16 29 48 75
15 86 15 30 44 55 67 72 86
22 75 22 34 48 75
6 71 6 37 59 64 71
0 89 0 27 79 84 89
3 38 3 38
54 86 54 86
1 23 1 2 23
1 74 1 7 43 44 55 58 68 74
4 59 4 23 37 51 59
1 73 1 37 51 67 73
6 59 6 37 59
21 72 21 42 62 72
5 79 5 79
6 79 6 31 43 44 79
42 51 42 51
27 83 27 44 79 83
28 77 28 35 39 58 77
9 68 9 20 55 58 68
10 86 10 48 52 64 86
31 86 31 43 52 64 86
25 82 25 82
0 88 0 27 79 88
68 69 68 69
15 26 15 26
25 40 25 40
10 64 10 17 20 56 64
12 89 12 66 77 89
1 41 1 13 26 28 41
19 88 19 43 44 55 67 72 88
14 37 14 28 37
3 58 3 27 44 55 58
10 33 10 17 33
5 84 5 6 31 43 44 79 84
14 72 14 25 62 72
14 28 14 28
14 49 14 28 37 49
0 56 0 10 17 20 56
33 88 33 62 72 88
84 89 84 89
80 81 80 81
19 84 19 43 44 84
13 64 13 28 35 59 64
22 87 22 31 43 87
18 82 18 20 56 82
8 89 8 9 20 55 84 89
58 74 58 68 74
17 83 17 33 51 80 81 83
9 72 9 62 72
34 77 34 48 52 77
45 77 45 77
23 78 23 66 78
25 62 25 62
31 68 31 68
4 59 4 23 37 51 59
0 82 0 13 29 48 75 82
63 65 63 65
6 87 6 37 72 87
18 76 18 76
27 79 27 79
26 72 26 28 35 39 58 67 72
22 59 22 34 59
26 88 26 42 51 67 72 88
7 55 7 43 44 55
0 56 0 10 17 20 56
25 49 25 33 49
72 86 72 86
36 80 36 37 48 75 80
44 79 44 79
1 40 1 2 9 20 40
25 40 25 40
56 74 56 74
18 84 18 22 43 44 55 84
12 60 12 45 50 60
48 77 48 52 77
40 68 40 68
33 51 33 51
25 84 25 79 84
43 82 43 44 55 58 67 82
7 48 7 14 34 48
18 31 18 22 31
29 48 29 48
42 73 42 51 67 73
1 41 1 13 26 28 41
75 80 75 80
7 43 7 43
85 88 85 88
12 44 12 24 27 44
52 89 52 77 89
48 52 48 52
54 83 54 81 83
15 89 15 22 34 59 89
45 82 45 50 82
30 77 30 44 55 58 77
21 42 21 42
23 48 23 37 48
19 68 19 43 44 55 58 68
13 56 13 20 56
21 26 21 26
10 61 10 17 33 61
0 27 0 27
49 88 49 72 88
24 71 24 71
10 78 10 24 27 78
9 20 9 20
17 84 17 20 55 84
11 59 11 59
28 51 28 37 51
19 62 19 62
0 10 0 10
21 71 21 26 28 37 48 52 71
18 39 18 20 39
0 45 0 45
12 45 12 45
10 70 10 17 70
33 64 33 51 59 64
1 28 1 7 14 28
16 72 16 35 39 58 67 72
10 78 10 17 20 40 78
17 32 17 32
7 64 7 14 42 51 59 64
5 76 5 6 37 76
13 42 13 26 42
25 79 25 79
55 72 55 67 72
42 83 42 51 80 81 83
9 74 9 20 56 74
52 89 52 77 89
41 70 41 70
27 89 27 44 79 84 89
52 89 52 77 89
0 80 0 10 30 34 48 75 80
13 82 13 20 55 58 67 82
26 39 26 28 35 39
17 73 17 33 51 67 73
18 73 18 20 55 67 73
21 71 21 42 51 59 64 71
43 84 43 44 84
8 89 8 28 35 59 89
3 62 3 9 62
16 87 16 35 39 58 67 72 87
19 43 19 43
34 48 34 48
9 20 9 20
1 41 1 7 14 28 41
14 48 14 28 37 48
29 89 29 48 52 77 89
59 64 59 64
35 67 35 39 58 67
8 55 8 9 20 55
10 44 10 24 27 44
3 39 3 9 20 39
52 64 52 64
23 37 23 37
33 51 33 51
7 63 7 57 63
10 51 10 17 33 51
18 58 18 20 55 58
10 61 10 17 33 61
22 75 22 34 48 75
43 87 43 87
6 51 6 37 51
37 51 37 51
48 52 48 52
27 74 27 44 55 58 68 74
7 77 7 43 52 77
22 68 22 31 43 44 55 58 68
43 73 43 44 55 67 73
17 56 17 20 56
1 65 1 2 9 20 39 65
36 60 36 50 60
6 59 6 16 35 59
2 73 2 33 51 67 73
16 87 16 35 39 87
28 68 28 35 39 58 68
6 88 6 31 43 44 55 67 72 88
15 48 15 22 34 48
0 88 0 27 44 55 67 72 88
6 51 6 37 51
4 34 4 30 34
14 86 14 42 62 72 86
67 88 67 72 88
42 80 42 51 80
9 20 9 20
6 56 6 31 56
15 89 15 30 34 48 52 77 89
67 88 67 72 88
15 44 15 30 44
15 67 15 26 42 51 67
12 51 12 37 51
48 75 48 75
2 9 2 9
36 49 36 37 49
55 74 55 58 68 74
42 64 42 51 59 64
20 39 20 39
5 71 5 6 71
25 61 25 33 61
7 78 7 57 78
21 60 21 26 28 41 50 60
28 81 28 37 48 75 80 81
44 55 44 55
23 49 23 49
24 74 24 27 44 55 58 68 74
40 78 40 78
35 39 35 39
85 88 85 88
2 68 2 9 20 55 58 68
36 80 36 37 51 80
51 83 51 80 81 83
48 75 48 75
19 81 19 43 52 80 81
21 37 21 26 28 37
23 49 23 37 49
24 86 24 27 44 55 67 72 86
12 50 12 50
2 39 2 9 20 39
40 76 40 68 69 76
49 76 49 76
34 64 34 59 64
30 75 30 48 75
26 80 26 28 37 48 75 80
10 71 10 30 34 59 64 71
51 89 51 59 89
47 75 47 75
0 45 0 45
36 67 36 37 51 67
7 62 7 14 25 33 62
4 68 4 30 44 55 58 68
33 64 33 51 59 64
14 61 14 25 33 61
20 56 20 56
12 52 12 37 48 52
15 63 15 26 28 41 57 63
15 71 15 30 34 59 64 71
22 68 22 43 44 55 58 68
34 48 34 48
21 77 21 26 28 37 77
31 80 31 43 52 80
12 73 12 44 55 67 73
75 81 75 80 81
7 69 7 43 44 55 58 68 69
44 88 44 55 67 72 88
22 87 22 43 44 55 58 67 72 87
36 60 36 50 60
51 80 51 80
13 76 13 20 39 58 68 69 76
17 70 17 70
25 84 25 79 84
1 44 1 7 43 44
1 43 1 7 43
9 71 9 71
12 75 12 29 48 75
18 78 18 20 40 78
2 67 2 9 20 55 67
9 71 9 71
26 73 26 73
12 73 12 44 55 67 73
2 68 2 9 20 55 58 68
57 65 57 63 65
30 75 30 34 48 75
19 89 19 43 52 77 89
2 86 2 33 51 67 72 86
54 83 54 81 83
37 77 37 48 52 77
2 48 2 23 37 48
0 13 0 13
68 74 68 74
48 88 48 75 88
1 43 1 7 43
0 82 0 27 44 55 67 82
23 51 23 37 51
66 78 66 78
15 51 15 26 42 51
9 86 9 20 55 67 72 86
43 88 43 44 55 58 67 72 88
24 89 24 89
21 77 21 58 77
28 78 28 41 57 78
14 59 14 59
25 40 25 40
36 60 36 50 60
44 84 44 84
22 84 22 43 44 79 84
35 64 35 59 64
35 39 35 39
20 88 20 39 58 67 72 88
26 80 26 42 51 80
52 80 52 80
30 59 30 34 59
21 51 21 26 28 37 51
16 29 16 29
7 43 7 43
33 72 33 62 72
23 48 23 37 48
51 80 51 80
1 7 1 7
39 65 39 65
7 48 7 14 28 37 48
14 40 14 25 40
14 38 14 25 38
11 88 11 88
13 51 13 26 28 37 51
30 44 30 44
26 48 26 28 37 48
26 88 26 28 41 49 72 88
17 20 17 20
27 79 27 79
2 77 2 23 37 77
17 58 17 20 55 58
16 77 16 35 39 58 77
1 39 1 7 14 25 35 39
3 75 3 37 48 75
11 71 11 59 64 71
3 78 3 9 20 40 78
49 87 49 72 87
35 59 35 59
0 24 0 10 24
0 35 0 13 28 35
42 59 42 51 59
23 78 23 66 78
18 31 18 22 31
77 89 77 89
21 72 21 26 42 62 72
1 23 1 2 23
7 64 7 64
12 66 12 66
59 89 59 89
8 82 8 41 50 82
19 81 19 43 52 80 81
4 51 4 23 37 51
13 83 13 26 28 41 70 81 83
35 82 35 39 58 67 82
2 73 2 33 51 67 73
33 78 33 78
28 52 28 37 48 52
20 87 20 39 58 67 72 87
6 86 6 16 29 48 52 64 86
0 89 0 20 39 58 77 89
0 33 0 10 17 33
6 76 6 37 76
7 64 7 14 28 64
6 49 6 37 49
44 55 44 55
51 89 51 59 89
66 89 66 77 89
38 65 38 65
10 68 10 17 58 68
55 73 55 58 67 73
45 50 45 50
10 68 10 30 44 55 58 68
8 64 8 28 64
35 64 35 59 64
7 89 7 89
5 84 5 79 84
8 40 8 40
37 48 37 48
18 31 18 22 31
30 81 30 34 48 75 80 81
59 82 59 64 71 82
15 30 15 30
15 51 15 26 28 37 51
7 78 7 57 78
0 82 0 13 29 48 75 82
26 86 26 42 62 72 86
45 71 45 64 71
27 77 27 44 55 58 77
13 26 13 26
25 63 25 63
45 83 45 83
14 42 14 42
15 55 15 30 44 55
21 72 21 42 51 67 72
21 58 21 58
19 86 19 56 64 86
36 60 36 50 60
36 83 36 37 52 80 81 83
36 50 36 50
55 84 55 84
56 74 56 74
75 80 75 80
1 74 1 13 68 74
10 62 10 17 33 62
21 52 21 26 28 37 48 52
20 88 20 39 58 67 72 88
1 68 1 2 9 20 55 58 68
18 59 18 59
21 83 21 42 51 80 81 83
19 62 19 62
3 38 3 38
36 81 36 81
22 58 22 31 43 44 55 58
67 86 67 72 86
2 56 2 56
21 72 21 42 62 72
35 82 35 39 58 67 82
25 71 25 33 51 59 64 71
5 52 5 6 31 43 52
0 24 0 10 24
35 59 35 59
23 64 23 37 52 64
33 69 33 49 69
25 71 25 35 59 64 71
13 84 13 20 55 84
23 82 23 37 52 64 71 82
28 48 28 37 48
57 65 57 63 65
28 39 28 35 39
5 51 5 6 37 51
33 64 33 51 59 64
13 55 13 20 55
1 58 1 13 26 28 35 39 58
48 77 48 52 77
35 86 35 59 64 86
30 68 30 44 55 58 68
23 51 23 37 51
51 86 51 67 72 86
36 72 36 37 49 72
7 43 7 43
31 86 31 43 44 55 58 67 72 86
12 44 12 44
22 68 22 31 68
55 67 55 58 67
28 48 28 37 48
9 68 9 20 39 58 68
58 86 58 67 72 86
24 27 24 27
17 73 17 58 67 73
24 55 24 27 44 55
45 50 45 50
0 80 0 13 26 42 51 80
20 87 20 55 67 72 87
10 82 10 30 44 55 58 67 82
37 51 37 51
1 49 1 7 14 28 37 49
8 55 8 9 20 55
14 63 14 28 41 57 63
7 59 7 14 34 59
52 80 52 80
1 68 1 13 26 28 35 39 58 68
14 62 14 25 62
18 78 18 20 40 78
26 71 26 42 51 59 64 71
33 62 33 62
13 89 13 29 48 52 77 89
3 55 3 9 20 55
27 58 27 44 55 58
33 69 33 49 69
6 31 6 31
19 83 19 43 52 80 81 83
14 89 14 25 33 51 59 89
64 71 64 71
14 59 14 59
64 82 64 82
0 77 0 20 39 58 77
0 84 0 20 55 84
4 74 4 30 44 55 58 68 74
22 58 22 31 43 44 55 58
27 72 27 44 55 67 72
18 76 18 22 31 68 69 76
19 82 19 43 44 55 67 82
39 82 39 58 67 82
30 82 30 34 59 64 71 82
4 89 4 30 48 52 77 89
25 40 25 40
18 73 18 22 31 43 44 55 67 73
2 68 2 9 20 55 58 68
1 73 1 2 9 20 39 58 67 73
75 80 75 80
19 43 19 43
0 26 0 13 26
7 37 7 14 28 37
20 65 20 39 65
67 72 67 72
39 58 39 58
4 69 4 30 44 55 58 68 69
6 71 6 37 48 52 71
11 59 11 59
23 71 23 37 48 52 64 71
9 74 9 20 40 68 74
17 78 17 33 78
13 62 13 26 42 62
20 89 20 55 58 77 89
0 10 0 10
10 20 10 17 20
34 71 34 59 64 71
31 84 31 43 44 79 84
9 74 9 20 56 74
13 76 13 20 55 58 68 69 76
14 64 14 59 64
33 71 33 51 59 64 71
28 41 28 41
6 31 6 31
21 58 21 26 28 35 39 58
35 71 35 59 64 71
17 84 17 20 55 84
4 70 4 70
20 40 20 40
22 81 22 31 43 52 80 81
12 45 12 45
8 75 8 28 37 48 75
14 38 14 25 38
10 48 10 48
14 52 14 34 48 52
37 76 37 49 69 76
55 74 55 58 68 74
70 81 70 81
22 64 22 34 48 52 64
8 62 8 62
30 67 30 44 55 67
17 73 17 58 67 73
17 58 17 58
53 84 53 84
30 34 30 34
19 76 19 43 44 55 58 68 69 76
64 82 64 71 82
10 30 10 30
1 41 1 13 26 28 41
4 66 4 23 66
16 67 16 35 39 58 67
15 89 15 26 42 51 59 89
17 32 17 32
5 81 5 52 80 81
26 42 26 42
25 61 25 33 61
17 32 17 32
14 41 14 28 41
3 55 3 27 44 55
12 45 12 45
84 89 84 89
21 42 21 42
52 80 52 80
21 86 21 58 67 72 86
8 70 8 41 70
5 52 5 6 37 52
67 87 67 72 87
49 86 49 72 86
26 82 26 28 37 51 59 64 82
8 41 8 28 41
12 88 12 72 88
14 25 14 25
35 71 35 59 64 71
56 74 56 74
57 86 57 72 86
7 43 7 43
24 86 24 27 44 55 67 72 86
12 59 12 37 51 59
10 74 10 30 44 55 58 68 74
6 51 6 37 51
26 72 26 42 62 72
51 89 51 59 89
6 31 6 31
19 64 19 56 64
39 58 39 58
18 58 18 20 39 58
11 59 11 59
5 76 5 6 16 35 39 58 68 69 76
12 37 12 37
16 59 16 35 59
36 67 36 37 51 67
0 60 0 13 28 41 50 60
34 48 34 48
39 88 39 58 67 72 88
9 68 9 20 39 58 68
13 48 13 28 37 48
1 57 1 7 14 28 41 57
71 82 71 82
3 39 3 9 20 39
42 51 42 51
22 59 22 34 59
8 51 8 28 37 51
4 69 4 49 69
10 59 10 17 33 51 59
64 82 64 82
39 73 39 58 67 73
17 78 17 33 78
8 60 8 28 41 50 60
28 86 28 64 86
27 67 27 44 55 58 67
33 76 33 49 69 76
1 59 1 7 14 42 51 59
14 58 14 25 35 39 58
26 48 26 28 37 48
0 61 0 10 17 33 61
39 58 39 58
5 49 5 6 37 49
20 39 20 39
23 64 23 37 59 64
13 26 13 26
3 34 3 30 34
11 64 11 59 64
51 67 51 67
25 40 25 40
51 86 51 86
16 88 16 29 48 75 88
0 51 0 13 28 37 51
56 82 56 82
20 65 20 39 65
13 55 13 20 55
23 48 23 37 48
71 82 71 82
2 33 2 33
22 84 22 31 43 44 55 84
14 41 14 28 41
2 39 2 9 20 39
6 16 6 16
14 48 14 28 37 48
8 82 8 41 70 82
7 78 7 57 78
28 77 28 35 39 58 77
19 83 19 43 44 79 83
17 83 17 70 81 83
57 78 57 78
30 48 30 48
42 87 42 51 67 72 87
26 28 26 28
0 35 0 13 26 28 35
3 9 3 9
20 88 20 39 58 67 72 88
35 88 35 39 58 67 72 88
15 86 15 26 42 51 86
80 83 80 81 83
3 67 3 27 44 55 58 67
5 74 5 6 16 35 39 58 68 74
12 73 12 73
33 62 33 62
18 69 18 20 40 68 69
31 84 31 43 44 84
28 59 28 37 59
28 64 28 37 52 64
18 81 18 22 43 52 80 81
37 82 37 59 64 71 82
28 64 28 64
10 75 10 30 34 48 75
17 49 17 33 49
17 32 17 32
29 89 29 48 52 77 89
7 69 7 43 44 55 58 68 69
10 89 10 17 58 77 89
28 48 28 37 48
15 22 15 22
37 72 37 51 67 72
0 34 0 10 30 34
13 67 13 26 28 35 39 58 67
8 89 8 9 20 55 58 77 89
14 65 14 25 35 39 65
50 60 50 60
25 35 25 35
7 58 7 14 25 35 39 58
10 69 10 30 44 55 58 68 69
39 77 39 58 77
8 64 8 9 20 56 64
15 39 15 26 28 35 39
55 68 55 58 68
0 13 0 13
2 66 2 23 66
42 72 42 51 67 72
2 78 2 78
4 52 4 30 48 52
35 64 35 59 64
18 22 18 22
0 33 0 10 17 33
43 82 43 52 64 82
10 78 10 17 33 78
12 60 12 45 50 60
17 64 17 33 51 59 64
19 58 19 43 44 55 58
12 88 12 24 27 79 88
55 84 55 84
0 89 0 45 77 89
21 82 21 58 67 82
33 61 33 61
6 37 6 37
39 68 39 58 68
21 42 21 42
34 52 34 48 52
25 62 25 33 62
12 51 12 37 51
20 73 20 73
3 49 3 37 49
67 86 67 72 86
52 64 52 64
7 69 7 43 44 55 58 68 69
7 89 7 89
15 58 15 22 31 43 44 55 58
3 55 3 27 44 55
28 58 28 35 39 58
50 82 50 82
10 30 10 30
10 64 10 48 52 64
18 20 18 20
5 72 5 6 31 43 44 55 58 67 72
40 76 40 68 69 76
7 62 7 62
12 88 12 37 51 67 72 88
75 80 75 80
77 89 77 89
25 33 25 33
51 72 51 67 72
0 81 0 13 28 41 70 81
15 48 15 26 28 37 48
25 65 25 35 39 65
4 66 4 23 66
31 77 31 43 44 55 58 77
72 86 72 86
15 55 15 22 31 43 44 55
16 71 16 29 48 52 71
0 40 0 20 40
30 75 30 34 48 75
64 82 64 82
21 86 21 42 62 72 86
22 76 22 43 44 55 58 68 69 76
28 87 28 37 49 72 87
42 59 42 51 59
45 83 45 83
3 83 3 27 44 79 83
49 88 49 72 88
0 89 0 13 28 35 39 58 77 89
30 44 30 44
36 88 36 37 51 67 72 88
49 76 49 69 76
33 61 33 61
37 52 37 52
39 89 39 58 77 89
15 86 15 22 31 56 64 86
17 83 17 70 81 83
44 88 44 55 67 72 88
53 89 53 84 89
3 88 3 27 44 79 88
15 67 15 26 42 51 67
7 35 7 14 25 35
1 85 1 7 14 25 85
25 51 25 33 51
16 67 16 35 39 58 67
1 41 1 7 14 28 41
51 72 51 67 72
44 79 44 79
17 77 17 58 77
29 88 29 48 88
2 48 2 23 37 48
31 80 31 43 52 80
10 74 10 17 58 68 74
1 61 1 2 33 61
31 86 31 56 64 86
30 58 30 44 55 58
23 75 23 37 48 75
79 84 79 84
3 49 3 37 49
22 43 22 43
9 89 9 20 39 58 77 89
33 61 33 61
71 82 71 82
0 51 0 13 26 28 37 51
26 73 26 42 51 67 73
55 82 55 67 82
18 84 18 22 34 79 84
0 37 0 13 28 37
6 44 6 31 43 44
35 59 35 59
0 45 0 45
41 78 41 57 78
4 70 4 70
25 62 25 62
4 76 4 23 37 76
0 86 0 45 64 86
1 85 1 7 14 25 85
9 56 9 20 56
4 23 4 23
4 51 4 23 37 51
1 41 1 7 14 28 41
42 83 42 51 80 81 83
5 49 5 6 37 49
53 81 53 80 81
35 59 35 59
2 52 2 23 37 52
16 80 16 29 48 75 80
80 81 80 81
40 68 40 68
26 76 26 28 68 69 76
5 49 5 6 37 49
1 39 1 7 14 28 35 39
16 64 16 29 48 52 64
57 86 57 72 86
2 20 2 9 20
3 89 3 9 20 55 84 89
39 87 39 87
37 82 37 48 75 82
23 72 23 49 72
18 71 18 20 56 64 71
20 39 20 39
14 62 14 25 62
7 89 7 43 52 77 89
0 13 0 13
4 66 4 23 66
25 76 25 33 49 76
16 59 16 35 59
55 73 55 67 73
16 87 16 87
0 61 0 10 17 33 61
16 52 16 29 48 52
39 67 39 58 67
58 76 58 68 69 76
67 82 67 82
12 89 12 66 77 89
31 68 31 43 44 55 58 68
35 86 35 39 58 67 72 86
14 63 14 28 41 57 63
6 86 6 16 86
1 49 1 49
15 68 15 22 31 43 44 55 58 68
12 50 12 50
1 51 1 37 51
23 64 23 37 48 52 64
57 72 57 72
36 86 36 59 64 86
5 82 5 75 82
31 84 31 43 44 84
31 56 31 56
34 84 34 79 84
6 87 6 16 87
39 68 39 58 68
5 89 5 52 77 89
2 89 2 9 20 55 84 89
16 88 16 35 39 58 67 72 88
36 87 36 37 49 72 87
0 13 0 13
55 74 55 58 68 74
15 34 15 30 34
3 30 3 30
14 35 14 28 35
22 68 22 31 68
34 79 34 79
18 34 18 22 34
1 42 1 7 14 42
4 89 4 23 37 48 52 77 89
17 72 17 33 62 72
1 78 1 7 14 25 33 78
28 86 28 41 57 72 86
24 74 24 27 44 55 58 68 74
13 28 13 28
53 80 53 80
21 89 21 58 77 89
42 62 42 62
16 68 16 35 39 58 68
43 89 43 52 77 89
1 74 1 13 20 56 74
5 6 5 6
6 76 6 37 49 76
21 63 21 26 28 41 57 63
3 39 3 9 20 39
20 89 20 55 84 89
56 74 56 74
11 89 11 59 89
4 82 4 70 82
42 67 42 51 67
5 72 5 72
35 68 35 39 58 68
1 61 1 7 14 25 33 61
27 78 27 78
18 73 18 22 31 43 44 55 58 67 73
8 71 8 9 20 56 64 71
30 48 30 48
50 60 50 60
55 68 55 58 68
31 68 31 68
3 75 3 30 48 75
3 64 3 64
34 81 34 48 52 80 81
21 63 21 26 28 41 63
54 86 54 86
2 20 2 9 20
14 64 14 28 64
40 76 40 68 69 76
0 76 0 20 40 68 69 76
8 28 8 28
34 59 34 59
8 60 8 41 50 60
5 35 5 6 16 35
20 87 20 55 58 67 72 87
55 58 55 58
5 49 5 6 37 49
4 68 4 30 44 55 58 68
5 71 5 64 71
84 89 84 89
12 44 12 44
19 81 19 43 52 80 81
33 72 33 62 72
1 42 1 7 14 42
3 59 3 30 34 59
10 39 10 17 20 39
36 81 36 81
7 64 7 43 52 64
0 60 0 45 50 60
10 84 10 24 27 79 84
42 67 42 51 67
33 80 33 51 80
4 64 4 23 37 48 52 64
2 86 2 23 49 72 86
36 52 36 37 48 52
5 65 5 6 16 35 39 65
58 86 58 67 72 86
16 86 16 35 59 64 86
14 33 14 25 33
27 72 27 44 55 58 67 72
13 64 13 20 56 64
37 75 37 48 75
51 83 51 80 81 83
1 81 1 2 23 37 51 80 81
2 89 2 9 20 39 58 77 89
7 14 7 14
16 52 16 29 48 52
41 78 41 57 78
28 64 28 35 59 64
35 65 35 39 65
51 83 51 80 81 83
12 66 12 66
19 69 19 69
21 60 21 26 28 41 50 60
0 80 0 13 29 48 75 80
3 67 3 37 51 67
8 60 8 41 50 60
43 89 43 44 55 58 77 89
7 58 7 43 44 55 58
37 88 37 72 88
5 71 5 6 71
15 82 15 30 48 75 82
51 81 51 80 81
2 23 2 23
17 70 17 70
26 73 26 42 51 67 73
59 89 59 89
0 48 0 13 29 48
1 57 1 7 57
6 68 6 31 68
18 59 18 59
18 20 18 20
6 87 6 31 43 44 55 67 72 87
62 72 62 72
36 52 36 37 52
10 78 10 17 20 40 78
36 87 36 37 72 87
16 29 16 29
48 80 48 75 80
21 77 21 26 28 35 39 58 77
15 55 15 30 44 55
19 56 19 56
0 24 0 10 24
17 58 17 20 39 58
42 89 42 51 59 89
13 60 13 28 41 50 60
36 52 36 37 48 52
3 75 3 30 34 48 75
5 81 5 6 37 52 80 81
0 88 0 20 55 58 67 72 88
33 59 33 51 59
13 49 13 28 41 49
16 68 16 35 39 58 68
20 88 20 55 67 72 88
3 30 3 30
0 33 0 10 17 33
12 88 12 29 48 88
33 51 33 51
47 75 47 75
7 43 7 43
4 84 4 30 34 79 84
6 79 6 31 43 44 79
30 67 30 44 55 67
5 65 5 6 16 35 39 65
31 79 31 43 44 79
21 60 21 26 28 41 50 60
2 39 2 9 20 39
13 50 13 26 28 41 50
14 61 14 25 33 61
13 26 13 26
12 73 12 73
15 71 15 22 43 52 64 71
3 27 3 27
52 64 52 64
10 39 10 17 20 39
10 34 10 30 34
38 65 38 65
9 87 9 62 72 87
19 81 19 43 52 80 81
53 88 53 88
0 41 0 13 28 41
33 72 33 49 72
30 75 30 48 75
24 73 24 73
27 82 27 44 55 58 67 82
55 69 55 58 68 69
34 86 34 86
13 67 13 20 55 67
8 40 8 40
1 70 1 7 14 28 41 70
18 81 18 22 43 52 80 81
18 40 18 20 40
49 69 49 69
5 81 5 52 80 81
18 87 18 20 55 58 67 72 87
28 37 28 37
7 88 7 14 28 35 39 58 67 72 88
19 88 19 43 44 79 88
31 77 31 43 44 55 58 77
7 48 7 14 28 37 48
13 35 13 26 28 35
26 37 26 28 37
0 60 0 45 50 60
36 73 36 37 51 67 73
48 52 48 52
7 49 7 14 28 37 49
25 65 25 63 65
28 77 28 37 77
0 76 0 13 26 28 35 39 76
1 57 1 7 14 28 41 57
13 26 13 26
18 76 18 20 40 68 69 76
0 87 0 27 44 55 58 67 72 87
4 52 4 23 37 48 52
34 77 34 48 52 77
26 64 26 42 51 59 64
13 89 13 20 39 58 77 89
48 52 48 52
6 87 6 31 43 44 55 58 67 72 87
2 77 2 9 20 39 58 77
18 79 18 22 43 44 79
12 50 12 45 50
14 37 14 28 37
52 71 52 64 71
2 66 2 23 66
0 13 0 13
36 71 36 37 52 64 71
21 71 21 26 42 51 59 64 71
33 51 33 51
13 68 13 28 68
6 88 6 31 43 44 55 67 72 88
23 82 23 37 59 64 82
11 68 11 68
26 80 26 28 37 48 52 80
51 83 51 80 81 83
0 89 0 89
36 52 36 37 48 52
53 88 53 88
2 87 2 9 20 55 67 72 87
16 71 16 35 59 64 71
14 65 14 28 41 57 63 65
1 87 1 2 9 20 55 67 72 87
79 88 79 88
3 87 3 30 44 55 67 72 87
13 55 13 20 55
16 80 16 29 48 75 80
3 48 3 30 34 48
19 62 19 62
35 82 35 39 58 67 82
41 63 41 63
55 67 55 67
14 40 14 25 40
42 67 42 51 67
62 86 62 72 86
22 59 22 34 59
35 68 35 39 58 68
1 64 1 7 64
42 62 42 62
15 71 15 30 34 59 64 71
18 84 18 22 34 79 84
13 28 13 26 28
43 72 43 44 55 58 67 72
3 89 3 27 79 84 89
8 82 8 41 70 82
36 75 36 37 48 75
0 13 0 13
26 82 26 28 41 70 82
1 89 1 89
36 73 36 37 51 67 73
75 82 75 82
8 62 8 62
23 64 23 37 51 59 64
3 34 3 30 34
10 20 10 17 20
15 34 15 30 34
16 52 16 29 48 52
11 82 11 59 64 82
13 50 13 26 28 41 50
24 76 24 27 44 55 58 68 69 76
1 40 1 13 20 40
35 67 35 39 58 67
4 51 4 23 37 51
28 86 28 41 57 72 86
23 32 23 32
10 84 10 17 20 55 84
42 87 42 51 67 72 87
31 64 31 43 52 64
36 52 36 37 48 52
15 79 15 30 44 79
12 89 12 24 89
22 84 22 43 44 84
52 83 52 80 81 83
75 82 75 82
1 37 1 7 14 28 37
5 89 5 6 37 52 77 89
10 78 10 24 27 78
24 82 24 27 44 55 67 82
51 67 51 67
79 83 79 83
13 62 13 26 42 62
14 63 14 28 41 63
33 64 33 51 59 64
1 2 1 2
64 86 64 86
2 86 2 33 49 72 86
16 77 16 35 39 58 77
0 76 0 20 55 58 68 69 76
56 71 56 64 71
8 68 8 9 20 39 58 68
33 69 33 49 69
35 86 35 39 58 67 72 86
27 89 27 79 84 89
55 84 55 84
7 78 7 57 78
20 88 20 88
6 56 6 31 56
27 78 27 78
25 65 25 38 65
1 73 1 7 43 44 55 58 67 73
35 64 35 59 64
15 79 15 22 43 44 79
41 69 41 49 69
2 20 2 9 20
20 86 20 55 58 67 72 86
33 72 33 49 72
12 75 12 29 48 75
43 52 43 52
15 51 15 26 28 37 51
39 87 39 58 67 72 87
28 64 28 35 59 64
15 22 15 22
19 56 19 56
39 77 39 58 77
14 62 14 42 62
31 68 31 43 44 55 58 68
26 83 26 28 41 70 81 83
3 62 3 9 62
48 88 48 88
17 55 17 20 55
45 71 45 64 71
14 42 14 42
5 79 5 6 31 43 44 79
10 17 10 17
4 89 4 30 48 52 77 89
17 77 17 58 77
14 34 14 34
39 67 39 58 67
1 59 1 7 14 34 59
27 78 27 78
41 50 41 50
6 51 6 37 51
13 29 13 29
5 29 5 6 16 29
33 62 33 62
34 81 34 48 75 80 81
7 52 7 14 28 37 48 52
17 60 17 60
15 43 15 22 31 43
4 70 4 70
16 64 16 29 48 52 64
14 42 14 42
14 37 14 28 37
44 79 44 79
5 51 5 6 37 51
39 67 39 58 67
2 77 2 23 66 77
20 89 20 39 58 77 89
85 88 85 88
31 68 31 68
4 52 4 23 37 48 52
1 37 1 2 23 37
14 34 14 34
1 49 1 7 14 25 33 49
30 82 30 44 55 67 82
42 72 42 51 67 72
6 72 6 37 49 72
51 59 51 59
51 82 51 67 82
16 72 16 35 39 58 67 72
2 23 2 23
3 27 3 27
11 71 11 59 64 71
14 77 14 34 48 52 77
19 89 19 43 44 84 89
30 58 30 44 55 58
14 64 14 34 48 52 64
20 65 20 39 65
57 86 57 72 86
64 86 64 86
31 56 31 56
64 71 64 71
16 68 16 35 39 58 68
27 82 27 44 55 67 82
28 87 28 35 39 58 67 72 87
43 89 43 52 77 89
25 63 25 63
9 68 9 20 40 68
14 25 14 25
20 76 20 40 68 69 76
12 68 12 24 27 44 55 58 68
26 59 26 28 35 59
31 69 31 68 69
49 88 49 72 88
13 62 13 26 42 62
15 30 15 30
42 71 42 51 59 64 71
26 86 26 42 62 72 86
17 49 17 33 49
72 87 72 87
8 80 8 28 37 48 52 80
13 64 13 29 48 52 64
2 48 2 23 37 48
21 51 21 42 51
6 69 6 37 49 69
13 77 13 26 28 77
33 51 33 51
4 69 4 49 69
7 14 7 14
3 59 3 37 59
25 76 25 33 49 69 76
5 72 5 72
2 9 2 9
14 51 14 25 33 51
64 86 64 86
39 87 39 87
18 40 18 20 40
42 62 42 62
15 79 15 30 44 79
21 52 21 26 28 37 52
79 83 79 83
15 34 15 22 34
14 51 14 25 33 51
11 68 11 68
1 61 1 7 14 25 33 61
19 43 19 43
71 82 71 82
31 56 31 56
11 88 11 88
43 71 43 52 71
20 39 20 39
15 71 15 30 34 48 52 64 71
12 89 12 84 89
40 76 40 68 69 76
27 58 27 44 55 58
8 64 8 28 64
17 89 17 20 55 84 89
13 60 13 28 41 50 60
34 84 34 79 84
19 58 19 43 44 55 58
7 14 7 14
57 63 57 63
59 64 59 64
19 69 19 69
14 51 14 25 33 51
34 48 34 48
5 82 5 64 71 82
43 52 43 52
18 65 18 20 39 65
18 79 18 22 34 79
35 68 35 39 58 68
19 56 19 56
10 44 10 24 27 44
13 60 13 26 28 41 50 60
55 73 55 58 67 73
79 84 79 84
16 29 16 29
2 81 2 33 51 80 81
4 52 4 23 37 52
53 81 53 80 81
13 65 13 20 39 65
51 72 51 67 72
49 76 49 76
14 59 14 28 37 59
42 87 42 51 67 72 87
36 71 36 59 64 71
53 88 53 88
0 37 0 13 28 37
6 29 6 16 29
26 64 26 42 51 59 64
51 81 51 80 81
33 88 33 49 72 88
37 69 37 49 69
25 49 25 33 49
39 65 39 65
33 49 33 49
18 73 18 20 39 58 67 73
9 56 9 20 56
15 34 15 30 34
0 45 0 45
7 14 7 14
15 86 15 22 31 56 64 86
8 80 8 28 37 48 75 80
2 66 2 23 66
55 84 55 84
71 82 71 82
18 78 18 20 40 78
15 82 15 30 48 52 64 71 82
1 75 1 37 48 75
0 76 0 27 44 55 58 68 69 76
14 40 14 25 40
14 59 14 25 33 51 59
16 88 16 29 48 88
85 88 85 88
85 88 85 88
12 75 12 29 48 75
1 44 1 7 43 44
10 24 10 24
13 48 13 26 28 37 48
21 57 21 26 28 41 57
0 20 0 10 17 20
27 72 27 44 55 67 72
1 78 1 13 26 28 41 57 78
19 69 19 43 44 55 58 68 69
13 74 13 26 28 35 39 58 68 74
41 76 41 49 69 76
33 49 33 49
81 83 81 83
1 59 1 7 14 34 59
14 65 14 28 35 39 65
13 65 13 20 39 65
11 64 11 59 64
67 88 67 72 88
18 81 18 22 43 52 80 81
15 69 15 30 44 55 58 68 69
14 62 14 42 62
39 58 39 58
9 64 9 20 56 64
7 39 7 14 28 35 39
26 37 26 28 37
7 25 7 14 25
51 80 51 80
15 71 15 30 48 52 64 71
8 76 8 40 68 69 76
5 84 5 6 31 43 44 84
21 37 21 26 28 37
30 84 30 44 55 84
27 83 27 79 83
13 56 13 20 56
30 84 30 44 55 84
43 82 43 44 55 67 82
49 72 49 72
19 62 19 62
7 57 7 14 28 41 57
10 48 10 30 34 48
41 76 41 49 69 76
2 23 2 23
13 49 13 28 41 49
5 72 5 72
19 38 19 38
55 77 55 58 77
24 79 24 27 79
2 89 2 33 51 59 89
58 68 58 68
42 72 42 51 67 72
2 59 2 33 51 59
21 26 21 26
14 67 14 28 37 51 67
12 24 12 24
38 65 38 65
21 74 21 26 28 68 74
17 64 17 20 56 64
22 31 22 31
26 86 26 42 51 67 72 86
29 88 29 48 75 88
45 77 45 77
5 51 5 6 37 51
23 48 23 37 48
18 71 18 59 64 71
55 67 55 58 67
29 89 29 48 52 77 89
13 77 13 20 39 58 77
33 49 33 49
18 76 18 20 40 68 69 76
14 33 14 25 33
53 88 53 88
25 87 25 35 39 58 67 72 87
58 77 58 77
67 86 67 72 86
16 80 16 29 48 75 80
12 89 12 66 77 89
4 59 4 23 37 51 59
4 72 4 23 49 72
7 63 7 57 63
17 72 17 58 67 72
22 75 22 34 48 75
57 82 57 82
37 49 37 49
27 82 27 44 55 58 67 82
48 82 48 75 82
20 56 20 56
6 56 6 31 56
26 64 26 28 35 59 64
25 85 25 85
19 82 19 82
10 48 10 30 34 48
36 81 36 37 48 52 80 81
1 7 1 7
28 81 28 41 70 81
47 82 47 75 82
28 81 28 41 70 81
0 37 0 13 26 28 37
13 89 13 20 39 58 77 89
13 42 13 26 42
13 74 13 68 74
0 57 0 13 26 28 41 57
55 69 55 58 68 69
10 48 10 30 34 48
39 65 39 65
1 44 1 7 43 44
43 72 43 44 55 67 72
10 89 10 24 89
1 26 1 13 26
9 40 9 20 40
3 79 3 27 79
26 80 26 42 51 80
21 63 21 26 28 41 63
12 44 12 24 27 44
18 87 18 20 39 87
62 86 62 72 86
14 37 14 28 37
19 80 19 43 52 80
27 88 27 44 79 88
26 37 26 28 37
10 34 10 30 34
0 51 0 13 26 42 51
20 89 20 55 58 77 89
75 81 75 80 81
36 37 36 37
51 83 51 80 81 83
30 68 30 44 55 58 68
9 64 9 20 56 64
10 71 10 17 33 51 59 64 71
28 73 28 37 51 67 73
57 63 57 63
13 51 13 28 37 51
10 75 10 48 75
21 42 21 42
18 72 18 20 55 58 67 72
23 37 23 37
6 51 6 37 51
1 70 1 13 26 28 41 70
19 64 19 56 64
7 59 7 14 28 37 59
12 84 12 84
26 83 26 28 41 70 81 83
0 78 0 10 17 33 78
33 86 33 51 59 64 86
3 59 3 30 34 59
13 35 13 28 35
47 83 47 80 81 83
7 52 7 14 28 37 52
79 84 79 84
43 55 43 44 55
3 82 3 82
31 64 31 56 64
20 73 20 73
14 42 14 42
50 82 50 82
34 79 34 79
22 87 22 31 43 87
15 68 15 26 28 68
25 77 25 35 39 58 77
55 72 55 67 72
39 67 39 58 67
42 71 42 51 59 64 71
37 75 37 48 75
17 58 17 20 39 58
51 88 51 67 72 88
42 51 42 51
31 69 31 68 69
39 87 39 87
36 81 36 81
0 61 0 10 17 33 61
5 51 5 6 37 51
41 88 41 49 72 88
42 59 42 51 59
14 41 14 28 41
18 65 18 20 39 65
55 69 55 58 68 69
5 81 5 52 80 81
22 31 22 31
13 60 13 26 28 41 50 60
11 88 11 88
13 51 13 26 42 51
26 71 26 42 51 59 64 71
26 72 26 42 51 67 72
48 80 48 75 80
4 68 4 30 44 55 58 68
13 28 13 26 28
0 78 0 13 28 41 57 78
26 65 26 28 35 39 65
17 84 17 20 55 84
8 40 8 9 20 40
17 60 17 60
13 62 13 26 42 62
56 71 56 64 71
10 64 10 30 48 52 64
31 69 31 43 44 55 58 68 69
5 71 5 52 64 71
15 86 15 30 48 52 64 86
14 52 14 28 37 48 52
52 71 52 64 71
28 63 28 41 63
44 83 44 79 83
0 34 0 10 30 34
2 48 2 23 37 48
67 72 67 72
51 67 51 67
15 51 15 26 42 51
25 49 25 33 49
3 49 3 37 49
67 86 67 72 86
33 89 33 51 59 89
25 65 25 35 39 65
31 89 31 43 52 77 89
20 76 20 39 76
1 73 1 37 51 67 73
28 82 28 82
8 87 8 9 20 39 87
21 60 21 26 28 41 50 60
58 77 58 77
52 83 52 80 81 83
15 22 15 22
23 78 23 66 78
55 58 55 58
21 86 21 42 51 67 72 86
26 76 26 28 68 69 76
31 64 31 56 64
48 88 48 88
2 81 2 33 51 80 81
44 88 44 55 58 67 72 88
4 23 4 23
17 61 17 33 61
3 75 3 30 48 75
2 81 2 23 37 48 52 80 81
14 34 14 34
27 88 27 44 55 58 67 72 88
18 71 18 20 56 64 71
28 63 28 41 57 63
1 70 1 7 14 28 41 70
10 39 10 17 20 39
17 70 17 70
16 68 16 35 39 58 68
4 83 4 30 34 79 83
7 83 7 43 52 80 81 83
5 6 5 6
66 89 66 77 89
5 65 5 6 16 35 39 65
16 67 16 35 39 58 67
36 86 36 59 64 86
16 87 16 87
35 68 35 39 58 68
43 84 43 44 79 84
43 73 43 44 55 67 73
13 26 13 26
16 52 16 29 48 52
8 80 8 28 37 48 52 80
15 63 15 26 28 41 57 63
30 82 30 44 55 58 67 82
24 27 24 27
16 64 16 35 59 64
22 34 22 34
36 71 36 37 48 52 64 71
55 73 55 58 67 73
6 72 6 31 43 44 55 58 67 72
12 49 12 37 49
0 34 0 10 30 34
48 80 48 75 80
23 72 23 49 72
15 67 15 30 44 55 67
10 20 10 17 20
34 52 34 48 52
14 73 14 28 37 51 67 73
49 88 49 72 88
0 69 0 27 44 55 58 68 69
54 81 54 81
9 71 9 71
33 61 33 61
43 72 43 44 55 58 67 72
43 89 43 52 77 89
39 67 39 58 67
37 48 37 48
39 65 39 65
4 59 4 23 37 59
13 20 13 20
25 89 25 38 89
14 38 14 25 38
37 59 37 59
23 72 23 49 72
2 86 2 9 20 55 67 72 86
8 40 8 40
4 32 4 23 32
9 71 9 20 56 64 71
1 49 1 7 14 28 37 49
28 60 28 41 50 60
71 82 71 82
1 26 1 13 26
14 69 14 28 41 49 69
58 76 58 68 69 76
8 55 8 9 20 55
59 64 59 64
21 59 21 26 28 35 59
72 86 72 86
4 83 4 23 37 52 80 81 83
42 71 42 51 59 64 71
54 86 54 86
5 65 5 6 16 35 39 65
28 48 28 37 48
40 68 40 68
10 89 10 48 52 77 89
33 86 33 51 86
1 69 1 49 69
17 89 17 20 55 58 77 89
22 81 22 43 52 80 81
6 79 6 31 43 44 79
8 70 8 28 41 70
31 43 31 43
2 59 2 33 51 59
25 76 25 40 68 69 76
14 62 14 42 62
1 89 1 39 58 77 89
24 89 24 89
4 82 4 30 48 75 82
33 49 33 49
12 50 12 45 50
30 68 30 44 55 58 68
13 84 13 20 55 84
12 68 12 24 27 44 55 58 68
63 65 63 65
12 75 12 75
7 76 7 14 28 68 69 76
23 75 23 37 48 75
47 83 47 75 80 81 83
20 89 20 39 58 77 89
13 67 13 26 28 37 51 67
12 50 12 45 50
27 88 27 88
57 72 57 72
28 81 28 37 48 52 80 81
21 89 21 42 51 59 89
33 89 33 51 59 89
17 78 17 20 40 78
54 81 54 81
13 62 13 26 42 62
0 26 0 13 26
10 20 10 17 20
25 35 25 35
55 58 55 58
7 63 7 57 63
2 23 2 23
63 65 63 65
21 71 21 26 42 51 59 64 71
4 74 4 74
62 72 62 72
7 78 7 57 78
4 66 4 23 66
48 81 48 52 80 81
48 75 48 75
75 81 75 80 81
79 83 79 83
66 89 66 77 89
31 55 31 43 44 55
10 17 10 17
22 75 22 34 48 75
14 64 14 28 35 59 64
19 86 19 43 52 64 86
14 33 14 25 33
22 68 22 31 68
5 88 5 79 88
52 71 52 71
8 35 8 28 35
3 87 3 37 51 67 72 87
7 49 7 14 28 41 49
31 77 31 43 44 55 58 77
36 86 36 37 51 67 72 86
37 82 37 59 64 71 82
27 79 27 79
10 83 10 24 27 44 79 83
29 48 29 48
31 68 31 43 44 55 58 68
13 55 13 20 55
10 17 10 17
31 69 31 68 69
7 35 7 14 25 35
31 43 31 43
15 63 15 26 28 41 57 63
13 59 13 26 28 35 59
26 82 26 42 51 59 64 71 82
3 67 3 30 44 55 67
22 59 22 34 59
72 86 72 86
49 76 49 69 76
49 72 49 72
43 52 43 52
55 67 55 58 67
15 79 15 22 31 43 44 79
17 76 17 58 68 69 76
3 27 3 27
13 35 13 28 35
10 17 10 17
29 52 29 48 52
0 80 0 10 48 75 80
15 86 15 22 34 59 64 86
18 22 18 22
0 13 0 13
28 63 28 41 63
20 55 20 55
52 81 52 80 81
42 67 42 51 67
5 75 5 6 16 29 48 75
12 44 12 24 27 44
17 67 17 58 67
27 72 27 44 55 58 67 72
36 83 36 81 83
17 89 17 58 77 89
8 76 8 41 76
49 86 49 72 86
0 82 0 45 64 71 82
28 35 28 35
27 89 27 44 79 84 89
7 57 7 57
36 83 36 81 83
6 16 6 16
48 81 48 52 80 81
21 82 21 42 51 59 64 71 82
13 74 13 74
9 62 9 62
13 48 13 26 28 37 48
11 76 11 68 69 76
14 73 14 25 35 39 58 67 73
15 48 15 22 34 48
75 88 75 88
53 89 53 84 89
66 89 66 77 89
27 79 27 79
18 39 18 20 39
4 68 4 30 44 55 58 68
1 89 1 39 58 77 89
7 52 7 43 52
35 65 35 39 65
0 41 0 13 28 41
70 82 70 82
4 64 4 23 37 51 59 64
49 87 49 72 87
0 80 0 13 26 42 51 80
12 64 12 29 48 52 64
10 86 10 30 44 55 58 67 72 86
35 88 35 39 58 67 72 88
1 68 1 13 20 40 68
52 71 52 64 71
5 89 5 6 16 35 39 58 77 89
10 34 10 30 34
25 62 25 62
23 66 23 66
14 52 14 34 48 52
11 68 11 68
19 56 19 56
14 85 14 25 85
1 75 1 13 28 37 48 75
43 55 43 44 55
2 78 2 23 66 78
0 56 0 13 20 56
9 89 9 20 39 58 77 89
8 80 8 28 37 52 80
31 79 31 43 44 79
28 86 28 37 52 64 86
5 35 5 6 16 35
23 48 23 37 48
7 58 7 14 25 35 39 58
0 88 0 13 29 48 75 88
10 24 10 24
1 44 1 7 43 44
4 87 4 49 72 87
66 89 66 77 89
5 75 5 75
39 82 39 58 67 82
0 34 0 10 30 34
13 64 13 20 56 64
84 89 84 89
9 89 9 20 55 58 77 89
28 51 28 37 51
10 84 10 30 44 79 84
22 87 22 43 44 55 58 67 72 87
31 64 31 56 64
22 58 22 31 43 44 55 58
0 40 0 13 20 40
54 83 54 81 83
42 87 42 51 67 72 87
80 83 80 81 83
71 82 71 82
16 67 16 35 39 58 67
54 86 54 86
2 77 2 9 20 39 58 77
17 20 17 20
37 77 37 52 77
51 86 51 86
30 58 30 44 55 58
13 56 13 20 56
1 69 1 7 14 28 37 49 69
44 55 44 55
1 73 1 13 28 37 51 67 73
25 79 25 79
67 87 67 72 87
4 23 4 23
0 41 0 13 28 41
12 24 12 24
24 83 24 27 79 83
23 86 23 49 72 86
10 33 10 17 33
37 49 37 49
24 67 24 27 44 55 67
55 82 55 58 67 82
10 69 10 24 27 44 55 58 68 69
2 33 2 33
3 9 3 9
3 67 3 9 20 39 58 67
2 67 2 23 37 51 67
31 56 31 56
43 55 43 44 55
8 68 8 28 35 39 58 68
37 82 37 52 64 71 82
49 86 49 72 86
14 49 14 25 33 49
1 85 1 7 14 25 85
9 89 9 20 55 58 77 89
0 45 0 45
39 82 39 58 67 82
36 73 36 37 51 67 73
33 69 33 49 69
19 68 19 43 44 55 58 68
17 83 17 33 51 80 81 83
12 50 12 50
3 83 3 27 79 83
7 64 7 14 34 59 64
6 77 6 37 52 77
26 88 26 28 37 72 88
3 89 3 37 77 89
79 83 79 83
39 82 39 58 67 82
23 32 23 32
20 89 20 55 58 77 89
15 22 15 22
3 89 3 37 59 89
2 74 2 9 20 56 74
27 79 27 79
24 83 24 83
26 59 26 42 51 59
12 37 12 37
3 78 3 27 78
20 55 20 55
72 86 72 86
19 77 19 43 52 77
25 61 25 33 61
31 89 31 43 44 79 84 89
1 55 1 13 20 55
15 22 15 22
24 76 24 27 44 55 58 68 69 76
31 80 31 43 52 80
35 65 35 39 65
6 49 6 37 49
51 86 51 86
36 67 36 37 51 67
4 70 4 70
35 59 35 59
42 59 42 51 59
25 40 25 40
25 62 25 33 62
17 58 17 58
18 58 18 22 31 43 44 55 58
1 39 1 2 9 20 39
5 79 5 6 31 43 44 79
36 50 36 50
15 68 15 26 28 68
17 32 17 32
0 10 0 10
5 71 5 6 16 29 48 52 64 71
57 65 57 63 65
53 84 53 84
19 89 19 38 89
18 31 18 22 31
33 49 33 49
2 81 2 33 51 80 81
26 59 26 42 51 59
49 76 49 76
11 76 11 68 69 76
54 81 54 81
10 24 10 24
21 52 21 26 28 37 52
12 66 12 66
23 49 23 37 49
27 83 27 79 83
31 77 31 43 52 77
37 77 37 52 77
52 71 52 64 71
4 30 4 30
30 44 30 44
13 65 13 28 41 57 63 65
0 10 0 10
51 59 51 59
10 17 10 17
18 78 18 20 40 78
39 73 39 58 67 73
28 37 28 37
44 83 44 79 83
38 89 38 89
25 71 25 33 51 59 64 71
37 76 37 76
48 75 48 75
18 39 18 20 39
52 83 52 80 81 83
26 88 26 88
18 82 18 20 56 64 71 82
62 86 62 72 86
36 81 36 81
10 20 10 17 20
27 77 27 44 55 58 77
19 89 19 43 44 55 84 89
13 51 13 26 28 37 51
51 81 51 80 81
75 80 75 80
25 38 25 38
47 83 47 75 80 81 83
25 35 25 35
17 78 17 78
18 73 18 20 39 58 67 73
28 41 28 41
10 64 10 48 52 64
10 64 10 17 20 56 64
72 87 72 87
57 78 57 78
56 71 56 64 71
25 76 25 35 39 58 68 69 76
12 50 12 45 50
31 89 31 43 52 77 89
31 84 31 43 44 84
43 82 43 52 64 82
15 30 15 30
7 77 7 14 34 48 52 77
35 65 35 39 65
31 86 31 43 52 64 86
10 68 10 17 58 68
52 83 52 80 81 83
68 76 68 69 76
6 59 6 16 35 59
62 86 62 72 86
8 55 8 9 20 55
31 43 31 43
1 64 1 7 14 28 64
17 83 17 70 81 83
18 65 18 20 39 65
51 80 51 80
48 52 48 52
21 77 21 58 77
3 68 3 9 20 55 58 68
3 27 3 27
28 37 28 37
44 79 44 79
80 81 80 81
37 59 37 59
14 84 14 25 79 84
21 89 21 26 28 37 52 77 89
43 71 43 52 71
19 43 19 43
15 86 15 26 28 37 49 72 86
13 59 13 26 42 51 59
40 68 40 68
28 81 28 37 52 80 81
2 89 2 9 20 39 58 77 89
13 68 13 26 28 68
1 85 1 7 14 25 85
36 72 36 37 51 67 72
10 75 10 30 34 48 75
41 78 41 57 78
0 82 0 45 64 82
63 65 63 65
3 59 3 30 34 59
4 66 4 23 66
10 51 10 17 33 51
11 89 11 59 89
21 74 21 58 68 74
42 82 42 51 67 82
1 42 1 7 14 42
18 40 18 20 40
3 72 3 27 44 55 58 67 72
70 81 70 81
13 60 13 26 28 41 50 60
35 59 35 59
14 41 14 28 41
14 77 14 28 35 39 58 77
18 59 18 22 34 59
51 83 51 80 81 83
5 82 5 52 64 71 82
14 52 14 34 48 52
56 71 56 64 71
15 87 15 30 44 55 67 72 87
4 59 4 23 37 51 59
23 78 23 66 78
0 88 0 20 55 58 67 72 88
13 29 13 29
47 75 47 75
51 59 51 59
37 52 37 48 52
17 49 17 33 49
13 49 13 26 28 41 49
58 82 58 67 82
10 82 10 24 27 44 55 58 67 82
10 84 10 30 34 79 84
37 88 37 49 72 88
4 30 4 30
14 83 14 28 41 70 81 83
22 31 22 31
35 76 35 39 58 68 69 76
42 73 42 51 67 73
26 59 26 42 51 59
47 82 47 75 82
3 55 3 9 20 55
34 59 34 59
8 64 8 9 20 56 64
34 52 34 48 52
37 48 37 48
17 60 17 60
42 72 42 62 72
14 28 14 28
0 82 0 27 44 55 67 82
5 79 5 79
26 37 26 28 37
35 59 35 59
4 74 4 30 44 55 58 68 74
17 32 17 32
26 83 26 42 51 80 81 83
14 28 14 28
17 74 17 58 68 74
24 27 24 27
27 72 27 44 55 67 72
0 89 0 13 29 48 52 77 89
25 89 25 38 89
7 76 7 14 25 40 68 69 76
37 52 37 52
36 80 36 37 52 80
6 49 6 37 49
6 87 6 37 51 67 72 87
1 75 1 7 14 34 48 75
4 23 4 23
57 65 57 63 65
21 37 21 26 28 37
1 13 1 13
6 29 6 16 29
36 48 36 37 48
45 82 45 64 82
3 69 3 37 49 69
3 69 3 9 20 55 58 68 69
20 55 20 55
23 71 23 37 52 64 71
19 38 19 38
36 67 36 37 51 67
10 59 10 17 33 51 59
34 77 34 48 52 77
44 84 44 84
5 79 5 79
13 49 13 26 28 37 49
5 51 5 6 37 51
7 14 7 14
42 82 42 51 67 82
43 72 43 44 55 67 72
10 74 10 30 44 55 58 68 74
36 49 36 37 49
19 77 19 43 52 77
13 60 13 28 41 50 60
1 43 1 7 43
34 79 34 79
6 56 6 31 56
57 63 57 63
79 84 79 84
31 80 31 43 52 80
3 58 3 9 20 55 58
55 72 55 67 72
38 89 38 89
13 48 13 26 28 37 48
10 78 10 24 27 78
25 76 25 33 49 69 76
0 86 0 10 48 52 64 86
42 64 42 51 59 64
23 49 23 37 49
10 70 10 17 70
7 25 7 14 25
1 28 1 13 26 28
8 64 8 28 35 59 64
15 63 15 26 28 41 57 63
3 30 3 30
13 74 13 68 74
28 35 28 35
7 76 7 43 44 55 58 68 69 76
4 55 4 30 44 55
19 86 19 43 44 55 58 67 72 86
15 51 15 26 42 51
27 79 27 44 79
28 82 28 37 59 64 71 82
4 49 4 23 37 49
35 65 35 39 65
33 89 33 51 59 89
5 29 5 6 16 29
2 20 2 9 20
33 86 33 49 72 86
26 73 26 42 51 67 73
42 64 42 51 59 64
14 42 14 42
10 82 10 48 52 64 71 82
2 87 2 23 37 49 72 87
7 69 7 43 44 55 58 68 69
22 76 22 43 44 55 58 68 69 76
2 9 2 9
72 88 72 88
55 74 55 58 68 74
6 76 6 37 49 69 76
39 77 39 58 77
45 77 45 77
15 79 15 30 34 79
33 78 33 78
42 72 42 62 72
23 78 23 66 78
42 72 42 51 67 72
8 82 8 41 57 82
44 84 44 55 84
49 87 49 72 87
37 76 37 76
9 72 9 62 72
40 78 40 78
22 31 22 31
26 73 26 42 51 67 73
18 20 18 20
16 74 16 35 39 58 68 74
43 82 43 44 55 67 82
31 86 31 43 52 64 86
6 86 6 16 86
48 88 48 88
4 88 4 49 72 88
26 58 26 28 35 39 58
18 79 18 22 34 79
12 64 12 29 48 52 64
70 81 70 81
52 80 52 80
48 77 48 52 77
0 40 0 10 17 20 40
3 87 3 30 44 55 58 67 72 87
37 88 37 51 67 72 88
3 72 3 9 20 55 67 72
8 28 8 28
38 65 38 65
3 55 3 27 44 55
48 88 48 88
36 80 36 37 51 80
10 39 10 17 20 39
45 83 45 83
35 59 35 59
14 40 14 25 40
27 82 27 44 55 67 82
33 64 33 51 59 64
5 79 5 79
25 39 25 35 39
34 77 34 48 52 77
2 48 2 23 37 48
7 76 7 43 44 55 58 68 69 76
0 78 0 27 78
28 64 28 37 59 64
28 82 28 41 70 82
7 37 7 14 28 37
49 88 49 72 88
16 88 16 29 48 88
52 77 52 77
19 82 19 82
7 34 7 14 34
52 77 52 77
23 71 23 37 52 64 71
15 30 15 30
40 68 40 68
27 44 27 44
62 72 62 72
6 59 6 37 51 59
11 59 11 59
26 58 26 28 35 39 58
17 67 17 20 55 58 67
31 56 31 56
40 68 40 68
40 76 40 68 69 76
36 87 36 37 51 67 72 87
25 51 25 33 51
42 67 42 51 67
41 57 41 57
0 86 0 27 44 55 58 67 72 86
68 76 68 69 76
16 71 16 35 59 64 71
15 58 15 22 31 43 44 55 58
23 78 23 66 78
3 88 3 30 48 75 88
2 74 2 9 20 56 74
33 62 33 62
39 88 39 58 67 72 88
0 61 0 10 17 33 61
39 88 39 58 67 72 88
10 44 10 30 44
17 76 17 58 68 69 76
15 71 15 26 28 37 59 64 71
18 34 18 22 34
52 71 52 64 71
13 50 13 28 41 50
1 41 1 7 14 28 41
21 89 21 58 77 89
42 82 42 51 59 64 82
14 51 14 28 37 51
7 77 7 43 44 55 58 77
14 49 14 25 33 49
24 83 24 27 44 79 83
6 86 6 37 48 52 64 86
2 80 2 23 37 52 80
24 79 24 27 79
2 66 2 23 66
35 59 35 59
1 49 1 13 28 41 49
30 48 30 34 48
9 89 9 20 39 58 77 89
25 82 25 33 51 67 82
1 51 1 7 14 25 33 51
1 69 1 49 69
42 67 42 51 67
6 86 6 86
59 64 59 64
19 80 19 43 52 80
28 77 28 37 77
3 30 3 30
18 81 18 22 43 52 80 81
20 39 20 39
53 80 53 80
14 35 14 25 35
30 84 30 44 79 84
33 51 33 51
24 82 24 27 44 55 58 67 82
42 72 42 51 67 72
39 58 39 58
66 77 66 77
41 69 41 49 69
43 84 43 44 84
20 55 20 55
18 39 18 20 39
12 68 12 24 27 44 55 58 68
17 55 17 20 55
58 76 58 68 69 76
5 29 5 6 16 29
77 89 77 89
33 80 33 51 80
2 74 2 56 74
13 83 13 28 41 70 81 83
50 60 50 60
43 82 43 52 71 82
8 87 8 28 35 39 87
36 87 36 37 49 72 87
5 76 5 6 37 49 69 76
57 86 57 72 86
67 86 67 72 86
4 52 4 30 48 52
34 59 34 59
36 67 36 37 51 67
12 75 12 75
16 67 16 35 39 58 67
22 34 22 34
17 72 17 20 55 67 72
4 32 4 23 32
13 89 13 29 48 52 77 89
5 29 5 6 16 29
28 63 28 41 57 63
39 73 39 58 67 73
0 69 0 20 55 58 68 69
10 64 10 17 20 56 64
21 62 21 26 42 62
36 60 36 50 60
39 77 39 58 77
6 77 6 31 43 52 77
52 77 52 77
21 89 21 26 28 37 51 59 89
14 37 14 28 37
35 59 35 59
13 56 13 20 56
14 85 14 25 85
2 68 2 9 20 55 58 68
10 40 10 17 20 40
10 74 10 17 58 68 74
4 67 4 30 44 55 67
11 88 11 88
54 81 54 81
10 82 10 17 70 82
13 77 13 29 48 52 77
19 83 19 43 52 80 81 83
5 74 5 6 16 35 39 58 68 74
1 85 1 7 14 25 85
2 81 2 33 51 80 81
7 76 7 43 44 55 58 68 69 76
33 89 33 51 59 89
54 83 54 81 83
23 86 23 49 72 86
41 76 41 49 69 76
12 59 12 37 51 59
4 84 4 30 34 79 84
0 59 0 10 17 33 51 59
4 32 4 23 32
33 72 33 49 72
42 87 42 51 67 72 87
23 37 23 37
42 80 42 51 80
35 82 35 59 64 71 82
24 74 24 27 44 55 58 68 74
10 86 10 24 27 44 55 58 67 72 86
7 88 7 43 44 55 58 67 72 88
4 74 4 74
2 77 2 9 20 55 58 77
28 39 28 35 39
55 67 55 58 67
0 78 0 13 28 41 57 78
3 87 3 27 44 55 67 72 87
39 73 39 58 67 73
30 58 30 44 55 58
28 48 28 37 48
57 63 57 63
3 78 3 9 20 40 78
47 80 47 80
17 72 17 58 67 72
6 71 6 71
3 68 3 27 44 55 58 68
10 30 10 30
14 62 14 25 33 62
7 69 7 43 44 55 58 68 69
24 27 24 27
37 75 37 48 75
0 40 0 13 20 40
4 68 4 30 44 55 58 68
5 35 5 6 16 35
1 40 1 13 20 40
43 71 43 52 64 71
25 40 25 40
26 65 26 28 35 39 65
13 76 13 20 39 76
15 82 15 26 42 51 59 64 82
68 69 68 69
19 83 19 43 44 79 83
15 22 15 22
35 76 35 39 58 68 69 76
0 77 0 20 39 58 77
1 23 1 2 23
35 88 35 39 58 67 72 88
26 59 26 42 51 59
16 82 16 29 48 75 82
1 7 1 7
18 73 18 20 39 58 67 73
14 28 14 28
27 44 27 44
1 81 1 7 14 34 48 75 80 81
21 71 21 42 51 59 64 71
17 56 17 20 56
35 65 35 39 65
15 86 15 26 28 35 39 58 67 72 86
36 81 36 37 48 52 80 81
64 71 64 71
15 55 15 22 43 44 55
70 82 70 82
67 72 67 72
30 34 30 34
28 51 28 37 51
36 37 36 37
53 80 53 80
35 86 35 39 58 67 72 86
75 81 75 80 81
22 58 22 43 44 55 58
1 26 1 13 26
45 83 45 83
28 73 28 37 51 67 73
9 74 9 20 55 58 68 74
31 43 31 43
0 61 0 10 17 33 61
15 48 15 22 34 48
25 77 25 35 39 58 77
25 82 25 82
25 77 25 35 39 58 77
58 76 58 68 69 76
7 89 7 43 44 79 84 89
34 84 34 79 84
19 82 19 82
10 44 10 30 44
6 55 6 31 43 44 55
14 85 14 25 85
4 82 4 30 34 48 52 64 82
9 68 9 20 55 58 68
14 85 14 25 85
52 71 52 71
43 88 43 44 55 58 67 72 88
19 62 19 62
20 39 20 39
39 65 39 65
13 83 13 28 41 70 81 83
15 43 15 22 43
1 78 1 13 20 40 78
31 80 31 43 52 80
13 65 13 20 39 65
5 71 5 64 71
3 38 3 38
20 55 20 55
55 73 55 67 73
0 61 0 10 17 33 61
8 35 8 28 35
17 89 17 58 77 89
58 74 58 68 74
30 59 30 34 59
5 6 5 6
67 82 67 82
5 84 5 6 31 43 44 55 84
6 16 6 16
18 40 18 20 40
18 78 18 20 40 78
6 72 6 31 43 44 55 58 67 72
9 72 9 20 55 67 72
1 40 1 7 14 25 40
36 83 36 81 83
12 45 12 45
13 82 13 26 28 41 70 82
51 88 51 67 72 88
14 25 14 25
30 58 30 44 55 58
14 64 14 34 59 64
36 80 36 37 48 52 80
28 51 28 37 51
15 87 15 26 28 35 39 58 67 72 87
34 48 34 48
27 76 27 44 55 58 68 69 76
33 72 33 51 67 72
1 89 1 39 58 77 89
14 65 14 28 41 57 63 65
13 55 13 20 55
26 64 26 28 64
9 86 9 62 72 86
25 77 25 35 39 58 77
39 82 39 58 67 82
80 83 80 81 83
55 84 55 84
28 82 28 37 59 64 82
19 68 19 43 44 55 58 68
33 61 33 61
0 20 0 20
23 71 23 37 48 52 71
48 64 48 52 64
4 86 4 23 37 49 72 86
0 88 0 13 28 37 51 67 72 88
55 77 55 58 77
14 58 14 28 35 39 58
39 68 39 58 68
1 65 1 2 9 20 39 65
14 35 14 28 35
39 65 39 65
4 89 4 30 34 48 52 77 89
27 89 27 79 84 89
30 34 30 34
31 86 31 56 64 86
70 82 70 82
18 69 18 22 43 44 55 58 68 69
17 58 17 58
44 83 44 79 83
55 84 55 84
28 70 28 41 70
16 68 16 35 39 58 68
17 33 17 33
0 35 0 13 26 28 35
21 57 21 26 28 41 57
15 79 15 22 34 79
23 72 23 49 72
40 78 40 78
3 69 3 30 44 55 58 68 69
23 82 23 37 59 64 71 82
18 78 18 20 40 78
67 86 67 72 86
10 49 10 17 33 49
15 55 15 22 31 43 44 55
1 61 1 2 33 61
2 68 2 9 20 39 58 68
1 39 1 7 14 28 35 39
19 89 19 38 89
17 55 17 20 55
7 37 7 14 28 37
17 70 17 70
5 82 5 6 37 59 64 82
33 88 33 62 72 88
8 68 8 28 35 39 58 68
19 62 19 62
69 76 69 76
0 33 0 10 17 33
37 82 37 48 75 82
0 34 0 10 30 34
12 72 12 44 55 67 72
12 59 12 37 51 59
15 39 15 26 28 35 39
31 80 31 43 52 80
51 72 51 67 72
13 77 13 26 28 35 39 58 77
42 80 42 51 80
16 29 16 29
3 64 3 64
12 84 12 44 84
7 35 7 14 25 35
13 50 13 28 41 50
41 49 41 49
28 35 28 35
81 83 81 83
54 86 54 86
31 89 31 43 52 77 89
16 82 16 29 48 52 71 82
14 58 14 28 35 39 58
26 59 26 42 51 59
7 37 7 14 28 37
42 72 42 62 72
28 48 28 37 48
13 64 13 29 48 52 64
31 77 31 43 44 55 58 77
79 88 79 88
19 88 19 62 72 88
14 85 14 25 85
18 78 18 20 40 78
0 88 0 27 88
30 48 30 34 48
4 55 4 30 44 55
14 33 14 25 33
13 55 13 20 55
35 86 35 39 58 67 72 86
28 68 28 68
13 74 13 28 68 74
23 86 23 37 51 59 64 86
39 89 39 58 77 89
28 58 28 35 39 58
4 72 4 30 44 55 67 72
21 39 21 26 28 35 39
25 38 25 38
15 48 15 30 34 48
7 89 7 43 52 77 89
35 88 35 39 58 67 72 88
22 34 22 34
15 22 15 22
9 62 9 62
22 58 22 43 44 55 58
79 88 79 88
45 71 45 64 71
30 34 30 34
18 20 18 20
14 33 14 25 33
35 71 35 59 64 71
9 72 9 20 55 67 72
6 59 6 37 59
15 63 15 26 28 41 57 63
22 74 22 43 44 55 58 68 74
23 51 23 37 51
25 87 25 62 72 87
12 37 12 37
1 26 1 13 26
3 37 3 37
25 61 25 33 61
10 71 10 17 33 51 59 64 71
51 86 51 59 64 86
14 72 14 42 62 72
16 52 16 29 48 52
18 31 18 22 31
19 88 19 43 44 79 88
23 72 23 37 49 72
13 48 13 29 48
3 87 3 37 51 67 72 87
13 49 13 26 28 41 49
48 52 48 52
19 52 19 43 52
15 39 15 26 28 35 39
17 60 17 60
2 86 2 9 62 72 86
1 74 1 39 58 68 74
36 60 36 50 60
57 82 57 82
6 77 6 37 52 77
14 41 14 28 41
43 87 43 44 55 67 72 87
22 76 22 31 68 69 76
28 68 28 68
6 37 6 37
16 82 16 35 39 58 67 82
17 55 17 20 55
15 89 15 30 34 59 89
1 75 1 7 14 34 48 75
67 88 67 72 88
19 56 19 56
84 89 84 89
33 72 33 51 67 72
42 80 42 51 80
4 87 4 49 72 87
18 43 18 22 31 43
21 26 21 26
15 69 15 26 28 68 69
48 81 48 52 80 81
0 87 0 27 44 55 58 67 72 87
6 77 6 77
13 76 13 68 69 76
1 37 1 7 14 28 37
41 57 41 57
14 25 14 25
44 67 44 55 67
7 59 7 14 34 59
8 62 8 9 62
39 67 39 58 67
13 74 13 74
31 89 31 43 52 77 89
35 64 35 59 64
14 67 14 28 35 39 58 67
81 83 81 83
2 77 2 9 20 39 58 77
21 58 21 58
15 44 15 22 43 44
34 79 34 79
13 55 13 20 55
14 83 14 34 48 52 80 81 83
6 87 6 37 72 87
58 77 58 77
11 64 11 59 64
27 74 27 44 55 58 68 74
0 60 0 45 50 60
5 35 5 6 16 35
16 59 16 35 59
45 64 45 64
28 58 28 35 39 58
9 72 9 20 39 58 67 72
1 64 1 13 29 48 52 64
8 70 8 28 41 70
37 49 37 49
11 89 11 59 89
15 22 15 22
24 55 24 27 44 55
15 48 15 30 48
41 70 41 70
28 68 28 68
3 48 3 37 48
3 88 3 37 49 72 88
5 65 5 6 16 35 39 65
6 72 6 31 43 44 55 67 72
14 74 14 28 35 39 58 68 74
13 55 13 20 55
14 34 14 34
2 52 2 23 37 48 52
20 76 20 55 58 68 69 76
28 59 28 35 59
36 48 36 37 48
31 55 31 43 44 55
2 39 2 9 20 39
1 55 1 2 9 20 55
75 82 75 82
53 81 53 80 81
80 83 80 81 83
28 37 28 37
21 63 21 26 28 41 63
18 71 18 22 43 52 71
18 31 18 22 31
36 77 36 37 77
44 88 44 79 88
31 64 31 56 64
3 75 3 37 48 75
14 38 14 25 38
4 49 4 23 49
45 50 45 50
38 89 38 89
2 81 2 23 37 48 75 80 81
4 72 4 49 72
13 56 13 20 56
41 70 41 70
22 59 22 34 59
6 76 6 31 68 69 76
75 81 75 80 81
5 82 5 64 71 82
48 77 48 52 77
16 29 16 29
44 89 44 55 84 89
13 60 13 28 41 50 60
26 28 26 28
26 39 26 28 35 39
21 86 21 42 62 72 86
41 78 41 57 78
6 31 6 31
55 77 55 58 77
42 72 42 51 67 72
6 59 6 16 35 59
28 37 28 37
0 20 0 13 20
36 59 36 59
30 84 30 34 79 84
45 50 45 50
17 67 17 58 67
4 82 4 23 37 48 52 71 82
39 88 39 58 67 72 88
9 71 9 20 56 64 71
7 63 7 57 63
17 83 17 33 51 80 81 83
28 68 28 35 39 58 68
33 86 33 62 72 86
27 76 27 44 55 58 68 69 76
3 89 3 37 48 52 77 89
39 65 39 65
7 25 7 14 25
16 82 16 35 39 58 67 82
13 64 13 20 56 64
13 65 13 26 28 41 63 65
44 89 44 84 89
21 63 21 26 28 41 57 63
9 55 9 20 55
48 64 48 52 64
8 28 8 28
16 35 16 35
8 75 8 28 37 48 75
17 33 17 33
10 59 10 30 34 59
26 28 26 28
12 51 12 37 51
13 82 13 28 35 59 64 71 82
5 29 5 6 16 29
28 81 28 41 70 81
29 48 29 48
7 52 7 14 34 48 52
4 34 4 30 34
6 71 6 71
13 62 13 26 42 62
18 72 18 22 31 43 44 55 67 72
4 87 4 49 72 87
7 84 7 14 34 79 84
0 56 0 20 56
6 44 6 31 43 44
41 76 41 49 76
10 71 10 48 52 64 71
21 77 21 26 28 77
36 52 36 37 48 52
52 81 52 80 81
1 51 1 2 23 37 51
17 49 17 33 49
1 40 1 7 14 25 40
7 59 7 14 59
27 82 27 44 55 67 82
9 56 9 20 56
2 68 2 9 20 40 68
5 49 5 6 37 49
3 9 3 9
17 20 17 20
7 35 7 14 28 35
31 68 31 68
6 16 6 16
30 48 30 48
33 89 33 51 59 89
49 87 49 72 87
64 82 64 82
69 76 69 76
7 14 7 14
5 75 5 75
14 62 14 42 62
16 77 16 35 39 58 77
0 48 0 13 28 37 48
12 84 12 44 79 84
4 49 4 23 37 49
21 71 21 26 42 51 59 64 71
24 67 24 27 44 55 67
33 86 33 62 72 86
11 89 11 59 89
34 81 34 48 75 80 81
12 88 12 72 88
8 68 8 9 20 40 68
28 68 28 68
28 60 28 41 50 60
67 72 67 72
57 63 57 63
15 22 15 22
5 49 5 6 37 49
17 73 17 20 55 67 73
37 88 37 51 67 72 88
21 42 21 26 42
2 82 2 56 82
7 85 7 14 25 85
23 64 23 37 52 64
2 81 2 23 37 48 75 80 81
26 76 26 28 35 39 58 68 69 76
42 62 42 62
52 71 52 64 71
18 48 18 22 34 48
3 78 3 9 20 40 78
12 52 12 29 48 52
27 78 27 78
14 61 14 25 33 61
22 48 22 34 48
5 72 5 6 31 43 44 55 58 67 72
23 82 23 37 52 64 82
24 89 24 89
3 89 3 37 48 52 77 89
3 76 3 37 76
33 69 33 49 69
7 70 7 14 28 41 70
36 52 36 37 52
49 86 49 72 86
52 80 52 80
2 89 2 33 51 59 89
25 35 25 35
15 43 15 22 31 43
44 89 44 84 89
12 37 12 37
23 82 23 37 51 67 82
3 30 3 30
62 86 62 72 86
3 39 3 9 20 39
68 76 68 69 76
22 84 22 43 44 55 84
9 55 9 20 55
5 75 5 6 37 48 75
37 48 37 48
26 37 26 28 37
35 86 35 39 58 67 72 86
55 82 55 67 82
28 77 28 35 39 58 77
44 89 44 55 58 77 89
1 49 1 37 49
55 69 55 58 68 69
7 63 7 57 63
5 74 5 6 31 56 74
14 72 14 42 51 67 72
33 78 33 78
12 29 12 29
6 71 6 31 43 52 71
7 37 7 14 28 37
55 74 55 58 68 74
39 58 39 58
8 82 8 9 71 82
1 70 1 13 26 28 41 70
52 77 52 77
13 84 13 84
70 81 70 81
9 68 9 20 40 68
36 87 36 37 51 67 72 87
6 29 6 16 29
1 61 1 7 14 25 33 61
23 71 23 37 51 59 64 71
45 50 45 50
41 70 41 70
33 86 33 62 72 86
8 74 8 28 68 74
24 79 24 27 79
7 85 7 14 25 85
19 88 19 43 44 55 67 72 88
72 87 72 87
1 23 1 2 23
52 77 52 77
8 40 8 40
23 49 23 37 49
16 77 16 29 48 52 77
6 88 6 31 43 44 55 67 72 88
15 89 15 30 34 59 89
5 6 5 6
27 44 27 44
43 84 43 44 55 84
17 77 17 20 39 58 77
24 83 24 83
27 77 27 44 55 58 77
7 76 7 14 25 40 68 69 76
2 56 2 9 20 56
25 82 25 35 59 64 71 82
10 69 10 30 44 55 58 68 69
0 60 0 45 50 60
48 64 48 52 64
8 73 8 28 35 39 58 67 73
45 77 45 77
54 81 54 81
55 82 55 58 67 82
42 59 42 51 59
45 71 45 64 71
0 77 0 20 39 58 77
3 48 3 37 48
7 64 7 14 28 35 59 64
36 73 36 37 51 67 73
4 74 4 74
1 37 1 13 26 28 37
58 74 58 68 74
12 68 12 24 27 44 55 58 68
8 9 8 9
52 83 52 80 81 83
22 43 22 43
10 64 10 17 20 56 64
18 84 18 20 55 84
36 77 36 37 52 77
12 37 12 37
13 29 13 29
4 68 4 30 44 55 58 68
0 77 0 10 48 52 77
57 63 57 63
43 88 43 44 55 67 72 88
39 77 39 58 77
3 83 3 27 44 79 83
27 89 27 44 55 84 89
34 64 34 59 64
48 52 48 52
30 67 30 44 55 67
1 55 1 7 43 44 55
43 89 43 44 79 84 89
39 89 39 58 77 89
4 59 4 23 37 51 59
6 86 6 16 86
18 22 18 22
33 61 33 61
4 82 4 82
35 59 35 59
31 84 31 43 44 84
5 29 5 6 16 29
33 49 33 49
18 76 18 20 40 68 69 76
30 59 30 34 59
22 87 22 43 44 55 58 67 72 87
6 68 6 31 68
14 35 14 28 35
17 83 17 70 81 83
28 58 28 35 39 58
10 20 10 17 20
18 58 18 20 55 58
3 88 3 30 48 88
9 62 9 62
45 82 45 64 71 82
11 89 11 59 89
6 86 6 16 86
13 35 13 26 28 35
10 24 10 24
3 49 3 37 49
16 71 16 35 59 64 71
3 89 3 37 51 59 89
85 88 85 88
48 77 48 52 77
43 88 43 44 55 58 67 72 88
28 64 28 35 59 64
17 76 17 20 40 68 69 76
25 85 25 85
10 70 10 17 70
20 65 20 39 65
57 65 57 63 65
24 73 24 73
15 48 15 30 34 48
7 39 7 14 25 35 39
1 87 1 49 72 87
13 64 13 29 48 52 64
2 67 2 9 20 55 67
19 62 19 62
18 58 18 20 39 58
23 48 23 37 48
31 80 31 43 52 80
4 23 4 23
68 74 68 74
7 34 7 14 34
30 67 30 44 55 58 67
17 76 17 58 68 69 76
0 56 0 10 17 20 56
12 44 12 44
44 67 44 55 58 67
16 59 16 35 59
23 37 23 37
7 88 7 43 44 55 58 67 72 88
42 89 42 51 59 89
36 77 36 37 52 77
10 82 10 48 52 71 82
1 51 1 7 14 25 33 51
66 77 66 77
8 89 8 9 20 55 84 89
10 20 10 17 20
17 64 17 20 56 64
7 76 7 43 44 55 58 68 69 76
30 81 30 34 48 75 80 81
14 38 14 25 38
1 70 1 13 28 41 70
4 83 4 23 37 51 80 81 83
14 72 14 42 62 72
18 69 18 20 55 58 68 69
15 74 15 30 44 55 58 68 74
19 84 19 43 44 55 84
12 89 12 37 51 59 89
11 71 11 59 64 71
58 67 58 67
0 37 0 13 28 37
9 74 9 20 40 68 74
53 89 53 84 89
58 82 58 67 82
1 68 1 7 43 44 55 58 68
2 48 2 23 37 48
21 77 21 58 77
6 79 6 31 43 44 79
0 27 0 27
75 88 75 88
2 82 2 33 51 59 64 71 82
18 78 18 20 40 78
1 37 1 37
0 56 0 20 56
7 14 7 14
43 55 43 44 55
21 81 21 26 42 51 80 81
54 81 54 81
0 35 0 13 26 28 35
22 87 22 31 43 44 55 67 72 87
8 9 8 9
3 9 3 9
6 44 6 31 43 44
36 81 36 81
25 62 25 62
7 52 7 43 52
58 74 58 68 74
42 73 42 51 67 73
9 56 9 20 56
58 82 58 67 82
17 77 17 58 77
13 56 13 20 56
42 89 42 51 59 89
77 89 77 89
39 76 39 76
19 69 19 43 44 55 58 68 69
19 81 19 43 52 80 81
12 59 12 37 59
3 9 3 9
19 56 19 56
8 62 8 9 62
22 68 22 31 43 44 55 58 68
42 80 42 51 80
6 76 6 31 68 69 76
45 50 45 50
0 34 0 10 30 34
7 35 7 14 28 35
33 89 33 51 59 89
27 74 27 44 55 58 68 74
12 45 12 45
33 61 33 61
0 26 0 13 26
15 69 15 22 31 68 69
28 37 28 37
12 68 12 24 27 44 55 58 68
1 87 1 49 72 87
12 73 12 73
68 74 68 74
33 78 33 78
31 86 31 56 64 86
25 61 25 33 61
22 43 22 43
5 88 5 79 88
21 86 21 42 62 72 86
14 38 14 25 38
41 70 41 70
33 64 33 51 59 64
34 80 34 48 52 80
5 71 5 64 71
21 39 21 26 28 35 39
24 55 24 27 44 55
15 74 15 22 43 44 55 58 68 74
69 76 69 76
41 50 41 50
8 73 8 9 20 73
34 80 34 48 75 80
7 39 7 14 28 35 39
27 82 27 44 55 58 67 82
47 75 47 75
1 70 1 7 14 28 41 70
9 71 9 20 56 64 71
79 88 79 88
39 89 39 58 77 89
18 48 18 22 34 48
3 82 3 64 82
20 87 20 55 58 67 72 87
9 86 9 20 55 67 72 86
23 49 23 49
2 89 2 23 37 77 89
5 49 5 6 37 49
75 81 75 80 81
34 80 34 48 75 80
4 68 4 30 44 55 58 68
26 86 26 28 37 59 64 86
0 86 0 45 64 86
25 62 25 33 62
19 68 19 43 44 55 58 68
22 81 22 31 43 52 80 81
58 86 58 67 72 86
67 82 67 82
7 34 7 14 34
3 78 3 9 20 40 78
7 89 7 43 52 77 89
27 83 27 79 83
17 77 17 20 55 58 77
26 76 26 28 68 69 76
53 89 53 84 89
23 78 23 66 78
12 84 12 84
16 86 16 35 39 58 67 72 86
21 39 21 26 28 35 39
37 75 37 48 75
25 51 25 33 51
0 37 0 13 28 37
8 41 8 28 41
55 68 55 58 68
19 68 19 43 44 55 58 68
4 23 4 23
5 64 5 64
59 64 59 64
57 65 57 63 65
0 87 0 20 55 58 67 72 87
11 71 11 59 64 71
31 84 31 43 44 84
18 58 18 22 31 43 44 55 58
1 89 1 13 28 37 59 89
18 72 18 20 55 58 67 72
10 83 10 30 34 79 83
26 88 26 88
16 88 16 35 39 58 67 72 88
79 83 79 83
33 78 33 78
10 39 10 17 20 39
3 76 3 30 44 55 58 68 69 76
36 81 36 37 48 75 80 81
72 86 72 86
54 83 54 81 83
23 71 23 37 51 59 64 71
36 59 36 59
7 78 7 14 25 33 78
4 67 4 30 44 55 58 67
24 86 24 27 44 55 67 72 86
57 82 57 82
51 72 51 67 72
13 20 13 20
18 79 18 22 43 44 79
45 83 45 83
36 67 36 37 51 67
30 77 30 34 48 52 77
41 76 41 76
72 86 72 86
10 61 10 17 33 61
15 68 15 26 28 35 39 58 68
22 34 22 34
55 68 55 58 68
24 67 24 27 44 55 58 67
56 71 56 64 71
12 51 12 37 51
12 72 12 37 51 67 72
2 66 2 23 66
45 82 45 50 82
6 31 6 31
14 62 14 42 62
19 77 19 43 44 55 58 77
34 77 34 48 52 77
21 74 21 58 68 74
30 34 30 34
7 57 7 57
14 77 14 25 35 39 58 77
2 87 2 33 51 67 72 87
36 50 36 50
34 79 34 79
53 89 53 84 89
19 69 19 43 44 55 58 68 69
52 71 52 71
2 74 2 56 74
1 51 1 13 28 37 51
22 87 22 31 43 44 55 58 67 72 87
14 48 14 28 37 48
24 71 24 71
25 89 25 38 89
1 75 1 37 48 75
14 85 14 25 85
15 26 15 26
0 26 0 13 26
53 80 53 80
67 86 67 72 86
44 55 44 55
17 64 17 33 51 59 64
30 75 30 34 48 75
15 39 15 26 28 35 39
28 39 28 35 39
0 89 0 89
37 72 37 51 67 72
28 41 28 41
3 30 3 30
1 13 1 13
4 82 4 70 82
36 48 36 37 48
3 27 3 27
38 65 38 65
7 78 7 57 78
2 73 2 23 37 51 67 73
62 72 62 72
12 73 12 37 51 67 73
25 84 25 79 84
53 80 53 80
36 77 36 37 52 77
1 75 1 7 14 34 48 75
10 69 10 24 27 44 55 58 68 69
13 67 13 20 39 58 67
67 88 67 72 88
5 64 5 64
6 59 6 16 35 59
34 79 34 79
12 73 12 73
21 51 21 26 42 51
15 26 15 26
4 52 4 30 48 52
26 59 26 28 35 59
41 50 41 50
25 63 25 63
25 63 25 63
29 89 29 48 52 77 89
44 83 44 79 83
26 83 26 42 51 80 81 83
79 88 79 88
5 74 5 6 16 35 39 58 68 74
12 89 12 24 27 79 84 89
0 48 0 10 30 34 48
59 82 59 64 82
23 64 23 37 51 59 64
44 67 44 55 67
3 78 3 27 78
4 64 4 23 37 59 64
1 49 1 2 23 37 49
66 77 66 77
11 64 11 59 64
19 38 19 38
13 77 13 28 35 39 58 77
10 86 10 17 58 67 72 86
12 37 12 37
42 89 42 51 59 89
18 40 18 20 40
42 51 42 51
33 69 33 49 69
22 31 22 31
43 82 43 52 64 82
66 89 66 77 89
6 64 6 16 29 48 52 64
39 65 39 65
28 73 28 35 39 58 67 73
14 84 14 34 79 84
7 55 7 43 44 55
7 70 7 14 28 41 70
24 74 24 27 44 55 58 68 74
19 83 19 43 52 80 81 83
1 58 1 7 14 28 35 39 58
21 86 21 42 62 72 86
8 70 8 28 41 70
21 57 21 26 28 41 57
57 78 57 78
28 52 28 37 52
0 81 0 10 30 48 75 80 81
25 33 25 33
18 59 18 22 34 59
12 52 12 37 48 52
30 82 30 44 55 58 67 82
21 63 21 26 28 41 63
3 59 3 30 34 59
14 62 14 42 62
0 20 0 13 20
11 68 11 68
7 43 7 43
35 59 35 59
33 76 33 49 76
24 89 24 89
12 52 12 29 48 52
3 38 3 38
17 56 17 20 56
39 76 39 58 68 69 76
36 52 36 37 52
10 89 10 30 44 55 84 89
42 83 42 51 80 81 83
25 35 25 35
25 38 25 38
1 7 1 7
6 71 6 37 48 52 71
79 88 79 88
8 62 8 62
1 43 1 7 43
48 82 48 52 64 82
5 82 5 75 82
45 64 45 64
27 83 27 79 83
9 64 9 20 56 64
22 75 22 34 48 75
14 42 14 42
24 67 24 27 44 55 67
44 67 44 55 58 67
28 39 28 35 39
39 73 39 58 67 73
10 48 10 30 48
25 35 25 35
11 82 11 59 64 82
10 24 10 24
44 84 44 79 84
19 86 19 56 64 86
17 58 17 20 39 58
26 82 26 28 41 50 82
23 86 23 49 72 86
27 74 27 44 55 58 68 74
3 9 3 9
20 86 20 56 64 86
10 17 10 17
39 65 39 65
59 64 59 64
8 74 8 9 20 55 58 68 74
11 64 11 59 64
6 87 6 31 43 44 55 67 72 87
36 71 36 59 64 71
62 86 62 72 86
13 35 13 28 35
2 66 2 23 66
8 28 8 28
52 80 52 80
13 62 13 26 42 62
39 69 39 58 68 69
4 82 4 30 34 48 75 82
6 29 6 16 29
18 43 18 22 31 43
44 79 44 79
1 41 1 13 28 41
15 87 15 22 43 87
12 75 12 75
28 68 28 35 39 58 68
1 89 1 2 9 20 39 58 77 89
25 49 25 33 49
10 33 10 17 33
15 74 15 22 43 44 55 58 68 74
4 88 4 23 37 48 75 88
14 69 14 28 35 39 58 68 69
0 59 0 13 26 28 37 59
10 75 10 30 34 48 75
5 88 5 72 88
53 89 53 84 89
18 75 18 22 34 48 75
10 49 10 17 33 49
6 68 6 31 43 44 55 58 68
7 52 7 43 52
3 87 3 30 44 55 58 67 72 87
0 76 0 13 20 40 68 69 76
40 76 40 68 69 76
57 72 57 72
42 83 42 51 80 81 83
6 69 6 31 68 69
1 51 1 37 51
1 73 1 2 9 20 73
25 84 25 79 84
4 89 4 23 37 59 89
1 42 1 7 14 42
33 64 33 51 59 64
19 38 19 38
10 62 10 17 33 62
5 76 5 6 37 76
25 76 25 33 49 69 76
7 35 7 14 25 35
7 39 7 14 25 35 39
3 34 3 30 34
53 84 53 84
79 88 79 88
17 89 17 58 77 89
36 86 36 59 64 86
49 76 49 76
44 55 44 55
13 51 13 26 42 51
35 88 35 39 58 67 72 88
10 78 10 17 78
36 59 36 37 51 59
34 48 34 48
19 64 19 56 64
34 79 34 79
85 88 85 88
0 57 0 13 26 28 41 57
43 84 43 44 55 84
16 59 16 35 59
8 76 8 41 49 76
1 37 1 37
39 65 39 65
7 85 7 14 25 85
0 40 0 20 40
39 73 39 58 67 73
2 23 2 23
24 82 24 27 44 55 58 67 82
10 83 10 30 44 79 83
28 64 28 64
20 88 20 39 58 67 72 88
23 75 23 37 48 75
23 75 23 37 48 75
9 86 9 62 72 86
17 64 17 20 56 64
62 86 62 72 86
12 88 12 75 88
62 86 62 72 86
19 77 19 43 44 55 58 77
41 88 41 49 72 88
8 64 8 9 20 56 64
63 65 63 65
0 60 0 13 26 28 41 50 60
14 38 14 25 38
40 78 40 78
10 33 10 17 33
1 2 1 2
0 69 0 20 39 58 68 69
17 74 17 58 68 74
17 61 17 33 61
4 52 4 30 34 48 52
10 59 10 30 34 59
3 39 3 9 20 39
10 68 10 24 27 44 55 58 68
4 69 4 23 37 49 69
19 58 19 43 44 55 58
14 35 14 25 35
16 59 16 35 59
44 88 44 55 67 72 88
2 67 2 33 51 67
52 64 52 64
13 51 13 26 42 51
41 57 41 57
63 65 63 65
5 35 5 6 16 35
23 48 23 37 48
37 76 37 49 69 76
11 71 11 59 64 71
4 49 4 23 37 49
28 37 28 37
18 34 18 22 34
48 80 48 75 80
27 82 27 44 55 58 67 82
1 26 1 13 26
1 58 1 13 20 39 58
10 30 10 30
26 28 26 28
2 56 2 9 20 56
37 49 37 49
2 33 2 33
22 81 22 31 43 52 80 81
84 89 84 89
26 88 26 28 41 57 72 88
12 68 12 24 27 44 55 58 68
51 89 51 59 89
20 88 20 88
4 84 4 30 34 79 84
56 71 56 64 71
0 56 0 20 56
42 51 42 51
3 59 3 37 51 59
14 38 14 25 38
19 76 19 43 44 55 58 68 69 76
37 52 37 52
26 73 26 73
59 82 59 64 82
18 58 18 20 55 58
23 37 23 37
56 82 56 82
15 79 15 30 44 79
26 37 26 28 37
2 23 2 23
56 64 56 64
21 83 21 42 51 80 81 83
42 80 42 51 80
25 62 25 33 62
58 76 58 68 69 76
15 74 15 26 28 35 39 58 68 74
34 84 34 79 84
33 69 33 49 69
1 61 1 7 14 25 33 61
8 75 8 28 37 48 75
9 62 9 62
19 68 19 43 44 55 58 68
67 88 67 72 88
4 66 4 23 66
13 26 13 26
45 50 45 50
2 82 2 33 51 67 82
42 82 42 51 67 82
55 84 55 84
25 89 25 38 89
21 74 21 26 28 68 74
54 81 54 81
31 80 31 43 52 80
11 88 11 88
3 89 3 30 34 48 52 77 89
50 60 50 60
4 52 4 23 37 48 52
40 68 40 68
25 49 25 33 49
0 76 0 13 20 40 68 69 76
53 80 53 80
33 49 33 49
7 52 7 43 52
4 89 4 23 37 77 89
26 80 26 28 37 51 80
20 55 20 55
51 59 51 59
21 42 21 26 42
49 86 49 72 86
7 55 7 43 44 55
23 71 23 37 48 52 64 71
9 56 9 20 56
0 34 0 10 30 34
2 56 2 56
21 57 21 26 28 41 57
1 65 1 13 20 39 65
43 44 43 44
12 89 12 29 48 52 77 89
1 61 1 2 33 61
45 77 45 77
1 42 1 13 26 42
58 77 58 77
67 87 67 72 87
23 66 23 66
25 49 25 33 49
17 64 17 20 56 64
3 68 3 27 44 55 58 68
20 86 20 39 58 67 72 86
6 69 6 16 35 39 58 68 69
4 59 4 30 34 59
1 7 1 7
51 82 51 59 64 71 82
28 82 28 37 59 64 82
41 78 41 57 78
8 9 8 9
48 82 48 52 71 82
67 82 67 82
17 56 17 20 56
17 32 17 32
2 52 2 23 37 52
52 64 52 64
21 58 21 58
8 40 8 9 20 40
3 82 3 9 71 82
9 55 9 20 55
36 37 36 37
7 64 7 14 42 51 59 64
39 69 39 58 68 69
4 51 4 23 37 51
7 69 7 14 28 37 49 69
8 51 8 28 37 51
10 24 10 24
6 31 6 31
18 65 18 20 39 65
43 44 43 44
0 26 0 13 26
3 58 3 27 44 55 58
8 41 8 41
10 30 10 30
71 82 71 82
2 48 2 23 37 48
68 76 68 69 76
7 48 7 14 28 37 48
37 52 37 48 52
14 74 14 25 35 39 58 68 74
28 64 28 35 59 64
36 48 36 37 48
17 33 17 33
25 61 25 33 61
67 87 67 72 87
36 81 36 37 48 75 80 81
28 35 28 35
4 32 4 23 32
7 34 7 14 34
42 87 42 62 72 87
16 64 16 35 59 64
53 81 53 80 81
1 74 1 39 58 68 74
26 28 26 28
34 59 34 59
21 59 21 42 51 59
84 89 84 89
51 82 51 67 82
0 87 0 20 39 58 67 72 87
43 72 43 44 55 67 72
1 2 1 2
43 52 43 52
24 55 24 27 44 55
47 82 47 75 82
6 56 6 31 56
57 65 57 63 65
40 68 40 68
44 89 44 79 84 89
27 72 27 44 55 67 72
11 68 11 68
39 58 39 58
20 56 20 56
17 61 17 33 61
28 70 28 41 70
16 82 16 29 48 75 82
22 58 22 43 44 55 58
28 70 28 41 70
1 58 1 13 26 28 35 39 58
7 43 7 43
4 72 4 30 44 55 67 72
5 64 5 52 64
52 71 52 64 71
4 51 4 23 37 51
24 86 24 27 44 55 58 67 72 86
9 20 9 20
21 63 21 26 28 41 57 63
37 52 37 52
26 71 26 42 51 59 64 71
51 80 51 80
0 35 0 13 28 35
1 74 1 2 9 20 39 58 68 74
23 78 23 66 78
3 9 3 9
17 61 17 33 61
2 86 2 23 49 72 86
18 65 18 20 39 65
10 59 10 17 33 51 59
33 59 33 51 59
25 49 25 33 49
2 23 2 23
14 42 14 42
37 49 37 49
9 20 9 20
35 82 35 59 64 71 82
57 72 57 72
14 35 14 25 35
33 59 33 51 59
17 49 17 33 49
8 80 8 28 37 51 80
1 57 1 7 14 28 41 57
27 78 27 78
9 72 9 62 72
1 68 1 39 58 68
13 83 13 83
26 76 26 28 37 76
5 88 5 6 37 51 67 72 88
28 78 28 41 57 78
55 77 55 58 77
30 81 30 34 48 52 80 81
14 65 14 28 35 39 65
58 86 58 67 72 86
5 88 5 88
19 69 19 43 44 55 58 68 69
66 78 66 78
36 49 36 37 49
25 85 25 85
27 72 27 44 55 58 67 72
0 51 0 13 26 28 37 51
25 89 25 79 84 89
0 40 0 13 20 40
41 63 41 63
7 49 7 14 28 41 49
2 23 2 23
43 71 43 52 64 71
51 86 51 59 64 86
14 64 14 28 35 59 64
37 48 37 48
18 79 18 22 43 44 79
57 63 57 63
22 64 22 43 52 64
36 59 36 37 51 59
28 82 28 41 57 82
68 69 68 69
20 56 20 56
36 83 36 37 48 52 80 81 83
5 82 5 64 71 82
3 75 3 30 48 75
18 71 18 22 31 56 64 71
4 59 4 23 37 59
21 71 21 42 51 59 64 71
6 88 6 16 35 39 58 67 72 88
36 87 36 37 51 67 72 87
1 81 1 37 51 80 81
66 78 66 78
21 62 21 42 62
9 71 9 71
50 82 50 82
15 87 15 30 44 55 58 67 72 87
27 88 27 79 88
1 28 1 13 26 28
38 65 38 65
19 38 19 38
41 57 41 57
0 27 0 27
27 67 27 44 55 67
8 40 8 40
67 87 67 72 87
33 88 33 49 72 88
8 87 8 28 35 39 87
28 73 28 35 39 58 67 73
72 86 72 86
14 84 14 34 79 84
58 74 58 68 74
45 64 45 64
75 82 75 82
0 60 0 45 50 60
44 88 44 79 88
79 83 79 83
3 68 3 27 44 55 58 68
22 59 22 34 59
25 77 25 35 39 58 77
21 26 21 26
3 68 3 27 44 55 58 68
21 60 21 26 28 41 50 60
5 35 5 6 16 35
1 87 1 39 58 67 72 87
0 27 0 10 24 27
21 57 21 26 28 41 57
48 80 48 52 80
28 59 28 37 59
26 86 26 28 41 49 72 86
15 86 15 30 48 52 64 86
22 84 22 31 43 44 84
42 72 42 51 67 72
36 73 36 37 51 67 73
6 72 6 37 51 67 72
28 73 28 37 51 67 73
19 83 19 43 44 79 83
26 73 26 28 35 39 58 67 73
14 89 14 28 77 89
10 84 10 17 20 55 84
6 16 6 16
7 37 7 14 28 37
54 83 54 81 83
2 52 2 23 37 48 52
42 87 42 62 72 87
48 81 48 75 80 81
27 83 27 44 79 83
17 49 17 33 49
6 68 6 31 68
35 64 35 59 64
27 76 27 44 55 58 68 69 76
19 76 19 43 44 55 58 68 69 76
34 64 34 59 64
18 69 18 22 31 68 69
23 72 23 49 72
9 87 9 20 39 58 67 72 87
0 78 0 20 40 78
5 65 5 6 16 35 39 65
18 84 18 22 31 43 44 55 84
19 84 19 43 44 79 84
49 76 49 69 76
21 51 21 42 51
16 87 16 87
7 35 7 14 25 35
1 43 1 7 43
2 67 2 9 20 39 58 67
5 52 5 6 16 29 48 52
29 88 29 48 88
8 80 8 28 37 48 75 80
1 49 1 37 49
54 81 54 81
70 82 70 82
3 83 3 37 48 75 80 81 83
36 80 36 37 51 80
3 88 3 37 72 88
22 48 22 34 48
6 51 6 37 51
3 27 3 27
29 88 29 48 75 88
54 81 54 81
19 38 19 38
31 77 31 43 44 55 58 77
5 81 5 6 16 29 48 52 80 81
31 56 31 56
58 74 58 68 74
29 48 29 48
28 82 28 64 82
13 50 13 26 28 41 50
26 39 26 28 35 39
6 77 6 31 43 52 77
33 88 33 51 67 72 88
14 65 14 28 35 39 65
10 49 10 17 33 49
13 28 13 26 28
10 70 10 17 70
9 87 9 20 39 87
10 87 10 24 27 44 55 58 67 72 87
14 35 14 25 35
7 70 7 14 28 41 70
69 76 69 76
36 49 36 37 49
26 37 26 28 37
37 76 37 49 76
13 77 13 26 28 77
8 82 8 9 20 39 58 67 82
75 88 75 88
0 57 0 13 26 28 41 57
18 78 18 20 40 78
18 71 18 22 31 43 52 64 71
10 62 10 17 33 62
14 65 14 25 63 65
18 84 18 20 55 84
1 73 1 2 23 37 51 67 73
15 71 15 30 48 52 71
1 85 1 7 14 25 85
15 34 15 30 34
6 72 6 31 43 44 55 58 67 72
44 67 44 55 58 67
48 64 48 52 64
44 89 44 55 84 89
81 83 81 83
39 89 39 58 77 89
5 89 5 6 16 35 59 89
41 76 41 49 69 76
13 62 13 26 42 62
5 74 5 6 31 43 44 55 58 68 74
28 64 28 64
3 72 3 9 20 55 58 67 72
72 86 72 86
43 87 43 44 55 58 67 72 87
35 76 35 39 58 68 69 76
27 82 27 44 55 58 67 82
12 84 12 84
23 32 23 32
55 68 55 58 68
39 82 39 58 67 82
28 64 28 64
26 28 26 28
18 75 18 22 34 48 75
7 64 7 43 52 64
0 57 0 13 28 41 57
28 48 28 37 48
13 28 13 28
3 59 3 30 34 59
52 77 52 77
19 76 19 69 76
55 82 55 67 82
21 83 21 26 42 51 80 81 83
51 72 51 67 72
36 77 36 37 48 52 77
23 71 23 37 52 64 71
7 14 7 14
0 89 0 27 44 79 84 89
6 55 6 31 43 44 55
33 64 33 51 59 64
6 69 6 31 43 44 55 58 68 69
10 86 10 48 52 64 86
30 75 30 34 48 75
15 30 15 30
22 43 22 43
10 24 10 24
3 79 3 27 44 79
28 51 28 37 51
7 35 7 14 28 35
44 83 44 79 83
70 81 70 81
36 67 36 37 51 67
48 82 48 52 64 71 82
15 43 15 22 43
14 35 14 25 35
30 48 30 34 48
19 52 19 43 52
10 89 10 24 89
17 58 17 58
14 49 14 28 37 49
14 67 14 28 37 51 67
3 55 3 27 44 55
1 7 1 7
27 83 27 79 83
13 83 13 28 41 70 81 83
12 37 12 37
38 65 38 65
17 73 17 58 67 73
7 59 7 14 25 33 51 59
17 76 17 33 49 69 76
53 88 53 88
51 81 51 80 81
19 88 19 43 44 55 58 67 72 88
13 20 13 20
8 40 8 40
3 38 3 38
14 33 14 25 33
7 78 7 14 25 40 78
14 63 14 25 63
19 82 19 56 82
33 71 33 51 59 64 71
28 60 28 41 50 60
71 82 71 82
16 87 16 87
17 60 17 60
9 87 9 20 55 67 72 87
12 89 12 24 27 79 84 89
37 59 37 51 59
17 33 17 33
37 59 37 59
17 64 17 20 56 64
72 88 72 88
4 69 4 49 69
14 64 14 59 64
2 78 2 23 66 78
15 79 15 30 34 79
10 61 10 17 33 61
26 83 26 42 51 80 81 83
1 44 1 7 43 44
15 89 15 26 42 51 59 89
18 58 18 22 31 43 44 55 58
17 82 17 70 82
67 86 67 72 86
2 89 2 23 66 77 89
2 39 2 9 20 39
13 42 13 26 42
6 55 6 31 43 44 55
27 58 27 44 55 58
8 55 8 9 20 55
13 60 13 26 28 41 50 60
3 82 3 30 48 75 82
10 83 10 24 27 79 83
6 88 6 37 49 72 88
3 88 3 30 34 48 75 88
15 68 15 26 28 35 39 58 68
4 30 4 30
13 60 13 60
39 68 39 58 68
1 2 1 2
17 55 17 20 55
68 74 68 74
6 37 6 37
45 86 45 64 86
21 62 21 26 42 62
12 24 12 24
38 65 38 65
13 29 13 29
19 83 19 43 52 80 81 83
8 75 8 28 37 48 75
7 49 7 14 28 37 49
4 34 4 30 34
41 49 41 49
5 6 5 6
42 71 42 51 59 64 71
8 76 8 40 68 69 76
49 72 49 72
42 82 42 51 59 64 71 82
30 68 30 44 55 58 68
80 83 80 81 83
14 41 14 28 41
27 77 27 44 55 58 77
39 67 39 58 67
1 81 1 7 14 25 33 51 80 81
43 84 43 44 55 84
22 64 22 31 43 52 64
13 74 13 74
16 72 16 35 39 58 67 72
17 58 17 20 39 58
40 76 40 68 69 76
44 88 44 79 88
17 56 17 20 56
19 82 19 43 52 71 82
48 82 48 75 82
6 79 6 31 43 44 79
4 67 4 23 37 51 67
37 59 37 59
62 86 62 72 86
28 77 28 35 39 58 77
4 49 4 23 37 49
8 55 8 9 20 55
13 55 13 20 55
1 23 1 2 23
25 51 25 33 51
8 73 8 28 35 39 58 67 73
48 81 48 75 80 81
6 64 6 31 56 64
0 48 0 13 26 28 37 48
21 59 21 42 51 59
15 22 15 22
25 89 25 38 89
35 39 35 39
20 55 20 55
28 60 28 41 50 60
3 67 3 9 20 39 58 67
31 55 31 43 44 55
59 64 59 64
8 51 8 28 37 51
54 86 54 86
14 83 14 25 79 83
14 72 14 25 35 39 58 67 72
14 67 14 28 35 39 58 67
19 43 19 43
0 28 0 13 28
36 73 36 37 51 67 73
17 73 17 20 73
66 77 66 77
75 80 75 80
24 71 24 71
2 74 2 9 20 40 68 74
7 25 7 14 25
31 56 31 56
13 75 13 29 48 75
5 35 5 6 16 35
15 48 15 26 28 37 48
23 66 23 66
27 89 27 79 84 89
20 39 20 39
48 81 48 75 80 81
24 74 24 27 44 55 58 68 74
47 82 47 75 82
42 87 42 62 72 87
72 88 72 88
22 75 22 34 48 75
18 75 18 22 34 48 75
4 49 4 49
3 48 3 37 48
30 34 30 34
0 84 0 10 24 27 44 84
13 76 13 28 35 39 58 68 69 76
7 78 7 57 78
5 37 5 6 37
20 73 20 73
23 82 23 37 52 64 82
10 34 10 30 34
0 77 0 20 55 58 77
0 86 0 27 44 55 67 72 86
3 37 3 37
19 81 19 43 52 80 81
55 69 55 58 68 69
2 23 2 23
6 86 6 37 49 72 86
8 70 8 28 41 70
25 84 25 79 84
41 50 41 50
37 77 37 48 52 77
7 43 7 43
28 70 28 41 70
1 37 1 37
37 77 37 77
19 64 19 43 52 64
0 78 0 10 17 20 40 78
34 71 34 59 64 71
34 86 34 48 52 64 86
6 72 6 31 43 44 55 58 67 72
31 68 31 68
85 88 85 88
19 80 19 43 52 80
17 56 17 20 56
10 74 10 17 58 68 74
25 77 25 35 39 58 77
69 76 69 76
52 64 52 64
37 88 37 51 67 72 88
43 72 43 44 55 67 72
35 39 35 39
9 68 9 20 39 58 68
0 77 0 13 28 37 48 52 77
10 33 10 17 33
14 84 14 25 79 84
3 87 3 37 49 72 87
35 67 35 39 58 67
34 71 34 48 52 71
1 85 1 7 14 25 85
13 59 13 26 42 51 59
48 82 48 75 82
9 20 9 20
16 67 16 35 39 58 67
3 49 3 37 49
3 49 3 37 49
24 79 24 27 79
49 69 49 69
23 32 23 32
18 59 18 59
21 62 21 42 62
26 65 26 28 41 63 65
44 83 44 79 83
9 74 9 20 55 58 68 74
20 76 20 39 76
20 87 20 55 58 67 72 87
30 58 30 44 55 58
79 83 79 83
1 59 1 13 28 35 59
37 59 37 59
1 78 1 78
8 60 8 28 41 50 60
28 87 28 41 57 72 87
12 24 12 24
54 86 54 86
8 41 8 41
15 63 15 26 28 41 57 63
25 62 25 33 62
51 83 51 80 81 83
19 86 19 43 44 55 67 72 86
27 79 27 79
43 87 43 44 55 58 67 72 87
11 68 11 68
3 30 3 30
27 67 27 44 55 67
52 71 52 71
25 87 25 33 51 67 72 87
36 49 36 37 49
30 59 30 34 59
36 81 36 81
43 89 43 44 84 89
1 88 1 49 72 88
25 49 25 33 49
49 76 49 76
21 63 21 26 28 41 57 63
29 48 29 48
33 86 33 51 86
3 88 3 30 44 79 88
18 82 18 59 64 71 82
39 88 39 58 67 72 88
79 83 79 83
7 69 7 43 44 55 58 68 69
7 76 7 43 44 55 58 68 69 76
22 43 22 31 43
13 82 13 29 48 75 82
2 67 2 23 37 51 67
2 23 2 23
45 64 45 64
1 58 1 7 14 25 35 39 58
15 48 15 30 48
0 20 0 13 20
3 69 3 9 20 40 68 69
35 88 35 39 58 67 72 88
15 30 15 30
64 86 64 86
14 72 14 28 35 39 58 67 72
18 20 18 20
15 22 15 22
31 69 31 68 69
8 28 8 28
48 77 48 52 77
26 37 26 28 37
14 89 14 25 35 39 58 77 89
14 48 14 28 37 48
17 76 17 58 68 69 76
24 83 24 27 79 83
66 89 66 77 89
13 59 13 28 35 59
53 89 53 84 89
1 87 1 13 28 87
55 82 55 58 67 82
30 48 30 34 48
2 9 2 9
6 87 6 31 43 87
17 82 17 70 82
1 26 1 13 26
36 52 36 37 48 52
4 68 4 30 44 55 58 68
24 79 24 27 79
24 71 24 71
41 63 41 63
33 89 33 51 59 89
29 52 29 48 52
6 64 6 37 51 59 64
15 87 15 22 43 87
6 86 6 16 29 48 52 64 86
21 52 21 26 28 37 52
23 72 23 37 49 72
36 87 36 37 51 67 72 87
2 74 2 56 74
22 31 22 31
4 74 4 30 44 55 58 68 74
25 61 25 33 61
12 84 12 84
4 49 4 23 37 49
20 88 20 39 58 67 72 88
17 69 17 58 68 69
6 37 6 37
31 56 31 56
28 60 28 41 50 60
28 48 28 37 48
38 89 38 89
13 49 13 28 37 49
52 77 52 77
16 72 16 35 39 58 67 72
13 42 13 26 42
10 39 10 17 20 39
57 63 57 63
7 84 7 43 44 55 84
9 72 9 62 72
35 88 35 39 58 67 72 88
7 35 7 14 28 35
6 72 6 16 35 39 58 67 72
41 69 41 49 69
18 82 18 59 64 71 82
19 77 19 43 52 77
8 62 8 9 62
42 51 42 51
1 89 1 7 89
14 64 14 25 33 51 59 64
30 59 30 34 59
25 49 25 33 49
12 64 12 45 64
50 60 50 60
13 89 13 20 39 58 77 89
35 68 35 39 58 68
14 59 14 59
37 48 37 48
11 64 11 59 64
0 84 0 20 55 84
13 76 13 28 41 49 76
16 74 16 35 39 58 68 74
9 74 9 20 39 58 68 74
21 51 21 42 51
1 40 1 13 20 40
6 64 6 16 35 59 64
26 80 26 28 37 51 80
4 59 4 30 34 59
4 55 4 30 44 55
51 86 51 67 72 86
35 67 35 39 58 67
10 83 10 30 48 75 80 81 83
2 86 2 33 51 59 64 86
10 75 10 30 48 75
14 48 14 28 37 48
10 69 10 24 27 44 55 58 68 69
21 60 21 26 28 41 50 60
25 39 25 35 39
51 67 51 67
37 72 37 51 67 72
6 69 6 37 49 69
19 80 19 43 52 80
4 74 4 74
14 34 14 34
12 66 12 66
51 88 51 67 72 88
7 64 7 14 34 59 64
57 72 57 72
53 88 53 88
51 59 51 59
37 59 37 51 59
6 88 6 88
12 49 12 37 49
15 51 15 26 42 51
0 48 0 13 26 28 37 48
21 57 21 26 28 41 57
8 64 8 28 35 59 64
27 78 27 78
24 27 24 27
23 66 23 66
25 85 25 85
16 68 16 35 39 58 68
57 78 57 78
5 49 5 6 37 49
51 89 51 59 89
12 37 12 37
13 67 13 26 28 35 39 58 67
16 88 16 35 39 58 67 72 88
8 55 8 9 20 55
23 72 23 37 49 72
12 84 12 24 27 79 84
14 61 14 25 33 61
0 79 0 10 30 34 79
7 88 7 43 44 79 88
25 65 25 38 65
25 63 25 63
1 69 1 49 69
3 30 3 30
59 82 59 64 82
25 39 25 35 39
7 85 7 14 25 85
25 71 25 33 51 59 64 71
12 49 12 37 49
29 89 29 48 52 77 89
0 26 0 13 26
55 82 55 67 82
36 60 36 50 60
33 64 33 51 59 64
44 89 44 79 84 89
9 64 9 20 56 64
49 72 49 72
54 86 54 86
13 29 13 29
3 27 3 27
28 48 28 37 48
7 88 7 14 42 62 72 88
84 89 84 89
68 69 68 69
49 87 49 72 87
21 63 21 26 28 41 57 63
0 82 0 45 64 82
58 68 58 68
49 69 49 69
5 64 5 64
68 76 68 69 76
7 59 7 14 25 35 59
7 34 7 14 34
13 75 13 29 48 75
14 41 14 28 41
13 68 13 28 35 39 58 68
48 77 48 52 77
13 64 13 26 28 35 59 64
24 79 24 27 79
18 22 18 22
18 76 18 20 55 58 68 69 76
23 86 23 49 72 86
17 60 17 60
2 33 2 33
6 55 6 31 43 44 55
18 75 18 22 34 48 75
4 64 4 30 34 59 64
52 64 52 64
52 89 52 77 89
10 48 10 48
36 37 36 37
37 75 37 48 75
17 33 17 33
17 33 17 33
13 59 13 28 35 59
21 57 21 26 28 41 57
36 59 36 59
26 59 26 42 51 59
7 64 7 43 52 64
10 61 10 17 33 61
27 89 27 44 79 84 89
10 44 10 30 44
43 72 43 44 55 58 67 72
9 62 9 62
49 72 49 72
23 75 23 37 48 75
26 88 26 88
6 76 6 16 35 39 58 68 69 76
3 30 3 30
26 48 26 28 37 48
10 61 10 17 33 61
37 59 37 51 59
55 68 55 58 68
16 59 16 35 59
20 40 20 40
21 72 21 58 67 72
50 82 50 82
22 34 22 34
36 80 36 37 48 75 80
37 69 37 49 69
42 89 42 51 59 89
37 72 37 72
17 67 17 20 55 58 67
10 89 10 30 48 52 77 89
13 84 13 20 55 84
5 72 5 6 31 43 44 55 67 72
29 88 29 48 88
37 48 37 48
35 64 35 59 64
19 80 19 43 52 80
39 88 39 58 67 72 88
13 28 13 26 28
13 77 13 26 28 35 39 58 77
5 88 5 75 88
58 68 58 68
45 86 45 64 86
14 33 14 25 33
28 37 28 37
25 33 25 33
10 40 10 17 20 40
2 67 2 9 20 55 67
3 59 3 37 51 59
34 80 34 48 75 80
33 64 33 51 59 64
0 80 0 10 17 33 51 80
12 51 12 37 51
36 59 36 37 59
45 64 45 64
12 88 12 37 51 67 72 88
9 87 9 62 72 87
19 43 19 43
6 56 6 31 56
23 71 23 37 59 64 71
16 59 16 35 59
51 81 51 80 81
25 76 25 33 49 69 76
6 88 6 37 49 72 88
5 71 5 64 71
1 26 1 13 26
44 88 44 55 58 67 72 88
8 75 8 28 37 48 75
24 89 24 27 79 84 89
36 83 36 37 51 80 81 83
55 73 55 67 73
23 37 23 37
0 35 0 13 28 35
10 20 10 17 20
28 52 28 37 52
0 81 0 13 29 48 75 80 81
1 13 1 13
27 83 27 44 79 83
4 68 4 30 44 55 58 68
25 39 25 35 39
22 75 22 34 48 75
25 82 25 33 51 67 82
1 88 1 2 9 20 88
33 51 33 51
5 51 5 6 37 51
4 70 4 70
3 83 3 30 34 79 83
59 89 59 89
28 37 28 37
16 86 16 86
27 58 27 44 55 58
25 89 25 38 89
16 88 16 35 39 58 67 72 88
55 58 55 58
10 89 10 17 20 55 58 77 89
0 33 0 10 17 33
16 35 16 35
6 76 6 16 35 39 76
2 89 2 9 20 55 84 89
16 87 16 87
72 88 72 88
17 78 17 78
7 35 7 14 28 35
5 76 5 6 31 68 69 76
0 27 0 27
55 68 55 58 68
23 66 23 66
13 65 13 20 39 65
24 67 24 27 44 55 67
7 89 7 14 28 37 51 59 89
14 86 14 25 62 72 86
14 89 14 25 38 89
5 51 5 6 37 51
5 64 5 52 64
0 69 0 10 24 27 44 55 58 68 69
10 86 10 30 44 55 58 67 72 86
6 77 6 31 43 52 77
31 79 31 43 44 79
10 82 10 48 52 64 82
36 75 36 37 48 75
4 76 4 49 76
5 79 5 79
28 82 28 64 71 82
24 55 24 27 44 55
24 67 24 27 44 55 67
17 70 17 70
22 48 22 34 48
41 49 41 49
80 83 80 81 83
17 84 17 20 55 84
10 34 10 30 34
3 59 3 30 34 59
15 44 15 30 44
19 80 19 43 52 80
7 84 7 43 44 55 84
26 28 26 28
6 56 6 31 56
10 87 10 30 44 55 67 72 87
7 49 7 14 25 33 49
55 72 55 58 67 72
7 34 7 14 34
34 71 34 48 52 64 71
53 81 53 80 81
8 51 8 28 37 51
11 76 11 68 69 76
28 35 28 35
14 85 14 25 85
10 78 10 17 78
4 82 4 70 82
37 48 37 48
45 64 45 64
25 49 25 33 49
45 82 45 64 71 82
0 51 0 10 17 33 51
2 78 2 9 20 40 78
16 82 16 29 48 75 82
28 35 28 35
5 89 5 52 77 89
9 64 9 20 56 64
8 70 8 41 70
52 64 52 64
6 51 6 37 51
41 76 41 76
67 72 67 72
5 76 5 6 31 68 69 76
49 88 49 72 88
64 86 64 86
0 28 0 13 26 28
28 51 28 37 51
1 59 1 13 28 35 59
3 89 3 38 89
43 55 43 44 55
9 71 9 20 56 64 71
16 80 16 29 48 75 80
68 69 68 69
13 83 13 26 28 41 70 81 83
0 87 0 27 44 55 58 67 72 87
63 65 63 65
33 89 33 51 59 89
27 58 27 44 55 58
3 55 3 30 44 55
12 24 12 24
47 80 47 80
7 77 7 14 25 35 39 58 77
8 80 8 28 37 48 52 80
28 41 28 41
28 35 28 35
37 75 37 48 75
5 76 5 6 16 35 39 76
21 37 21 26 28 37
15 22 15 22
5 29 5 6 16 29
39 77 39 58 77
3 62 3 9 62
16 72 16 35 39 58 67 72
14 65 14 25 63 65
30 34 30 34
14 51 14 42 51
44 84 44 84
19 52 19 43 52
2 66 2 23 66
3 67 3 37 51 67
42 71 42 51 59 64 71
25 87 25 62 72 87
13 29 13 29
16 71 16 29 48 52 71
27 78 27 78
14 84 14 34 79 84
4 69 4 23 37 49 69
3 69 3 37 49 69
36 50 36 50
58 74 58 68 74
9 86 9 20 56 64 86
18 65 18 20 39 65
53 84 53 84
8 70 8 28 41 70
17 78 17 20 40 78
37 51 37 51
11 82 11 59 64 71 82
28 39 28 35 39
53 88 53 88
18 48 18 22 34 48
30 67 30 44 55 58 67
14 77 14 25 35 39 58 77
0 59 0 10 17 33 51 59
31 79 31 43 44 79
39 89 39 58 77 89
15 74 15 30 44 55 58 68 74
49 86 49 72 86
0 28 0 13 26 28
24 55 24 27 44 55
19 43 19 43
8 75 8 28 37 48 75
22 31 22 31
29 52 29 48 52
7 42 7 14 42
55 72 55 67 72
58 67 58 67
2 33 2 33
5 74 5 6 16 35 39 58 68 74
2 89 2 23 37 52 77 89
26 37 26 28 37
18 82 18 22 31 43 44 55 58 67 82
14 25 14 25
5 76 5 6 16 35 39 76
8 55 8 9 20 55
20 88 20 55 58 67 72 88
22 84 22 31 43 44 79 84
3 68 3 30 44 55 58 68
26 42 26 42
13 49 13 26 28 41 49
39 69 39 58 68 69
19 58 19 43 44 55 58
41 88 41 57 72 88
43 44 43 44
40 78 40 78
28 87 28 87
36 71 36 59 64 71
14 33 14 25 33
15 26 15 26
51 82 51 67 82
26 42 26 42
8 73 8 28 37 51 67 73
11 64 11 59 64
0 57 0 13 26 28 41 57
33 80 33 51 80
24 67 24 27 44 55 67
12 50 12 45 50
7 43 7 43
2 78 2 78
7 78 7 14 28 41 57 78
49 72 49 72
79 84 79 84
20 65 20 39 65
20 40 20 40
0 20 0 13 20
51 59 51 59
9 56 9 20 56
12 51 12 37 51
4 34 4 30 34
2 66 2 23 66
45 77 45 77
2 82 2 33 51 59 64 82
18 81 18 22 31 43 52 80 81
2 87 2 33 51 67 72 87
5 74 5 6 31 43 44 55 58 68 74
22 48 22 34 48
12 59 12 37 51 59
9 64 9 20 56 64
9 86 9 62 72 86
10 59 10 17 33 51 59
37 69 37 49 69
0 56 0 13 20 56
12 24 12 24
71 82 71 82
18 59 18 22 34 59
37 88 37 72 88
18 69 18 22 43 44 55 58 68 69
19 81 19 43 52 80 81
1 61 1 7 14 25 33 61
24 71 24 71
0 45 0 45
15 43 15 22 31 43
28 41 28 41
42 62 42 62
13 51 13 28 37 51
26 42 26 42
18 22 18 22
1 69 1 2 9 20 39 58 68 69
33 59 33 51 59
36 88 36 37 51 67 72 88
34 79 34 79
30 84 30 44 79 84
6 55 6 31 43 44 55
37 76 37 49 76
8 74 8 9 20 40 68 74
24 73 24 27 44 55 58 67 73
23 82 23 37 48 75 82
1 44 1 7 43 44
28 59 28 37 51 59
1 81 1 37 51 80 81
49 69 49 69
3 79 3 27 44 79
52 77 52 77
1 88 1 49 72 88
6 37 6 37
33 78 33 78
7 70 7 14 28 41 70
27 67 27 44 55 67
49 72 49 72
42 89 42 51 59 89
1 55 1 7 43 44 55
48 64 48 52 64
30 59 30 34 59
19 76 19 69 76
21 86 21 26 42 62 72 86
17 69 17 20 55 58 68 69
9 74 9 20 55 58 68 74
6 31 6 31
34 52 34 48 52
0 84 0 13 20 55 84
48 77 48 52 77
7 55 7 43 44 55
5 49 5 6 37 49
3 48 3 30 34 48
3 83 3 27 44 79 83
48 52 48 52
12 66 12 66
15 34 15 30 34
11 59 11 59
3 59 3 30 34 59
7 63 7 14 25 63
52 77 52 77
41 63 41 57 63
26 64 26 42 51 59 64
34 81 34 48 52 80 81
0 80 0 10 17 33 51 80
2 81 2 23 37 52 80 81
26 82 26 28 41 50 82
51 89 51 59 89
4 88 4 23 49 72 88
41 57 41 57
25 38 25 38
3 69 3 30 44 55 58 68 69
26 42 26 42
58 86 58 67 72 86
52 64 52 64
20 73 20 39 58 67 73
1 89 1 7 89
57 65 57 63 65
27 44 27 44
9 71 9 20 56 64 71
35 39 35 39
21 71 21 26 28 37 52 71
1 64 1 13 28 64
31 56 31 56
28 52 28 37 52
3 59 3 30 34 59
33 49 33 49
19 38 19 38
13 83 13 28 37 52 80 81 83
4 52 4 23 37 48 52
37 75 37 48 75
10 83 10 17 70 81 83
7 63 7 57 63
8 35 8 28 35
11 68 11 68
0 34 0 10 30 34
21 82 21 26 28 35 59 64 82
14 40 14 25 40
41 88 41 49 72 88
30 77 30 34 48 52 77
79 83 79 83
51 80 51 80
2 67 2 23 37 51 67
57 82 57 82
1 68 1 2 9 20 39 58 68
23 64 23 37 51 59 64
12 89 12 29 48 52 77 89
1 28 1 7 14 28
66 77 66 77
1 51 1 13 28 37 51
35 76 35 39 58 68 69 76
42 71 42 51 59 64 71
47 80 47 75 80
4 83 4 23 37 52 80 81 83
55 58 55 58
30 34 30 34
12 49 12 37 49
3 37 3 37
23 71 23 37 48 52 71
6 64 6 37 59 64
17 64 17 20 56 64
14 37 14 28 37
49 86 49 72 86
28 39 28 35 39
53 84 53 84
35 65 35 39 65
64 82 64 82
15 44 15 22 31 43 44
21 42 21 26 42
72 86 72 86
14 73 14 25 35 39 58 67 73
81 83 81 83
28 52 28 37 48 52
1 70 1 13 28 41 70
37 49 37 49
1 58 1 2 9 20 39 58
0 76 0 10 30 44 55 58 68 69 76
21 77 21 26 28 77
58 86 58 67 72 86
19 52 19 43 52
12 84 12 24 27 44 55 84
55 82 55 58 67 82
75 81 75 80 81
13 35 13 26 28 35
21 72 21 58 67 72
29 88 29 48 75 88
69 76 69 76
13 76 13 26 28 41 76
17 84 17 20 55 84
19 69 19 43 44 55 58 68 69
3 55 3 9 20 55
18 78 18 20 40 78
22 74 22 43 44 55 58 68 74
48 81 48 75 80 81
49 87 49 72 87
9 72 9 62 72
42 64 42 51 59 64
1 7 1 7
2 67 2 9 20 39 58 67
59 82 59 64 71 82
12 64 12 45 64
12 37 12 37
45 82 45 50 82
11 82 11 59 64 82
27 76 27 44 55 58 68 69 76
2 73 2 23 37 51 67 73
68 74 68 74
13 65 13 26 28 35 39 65
10 49 10 17 33 49
0 60 0 45 50 60
10 40 10 17 20 40
36 83 36 37 48 75 80 81 83
55 82 55 58 67 82
22 68 22 31 68
3 30 3 30
58 77 58 77
49 87 49 72 87
18 48 18 22 34 48
13 89 13 84 89
5 89 5 52 77 89
27 44 27 44
18 20 18 20
19 81 19 43 52 80 81
3 62 3 9 62
23 51 23 37 51
10 39 10 17 20 39
23 72 23 49 72
26 48 26 28 37 48
25 65 25 35 39 65
55 74 55 58 68 74
47 80 47 75 80
8 41 8 41
2 78 2 9 20 40 78
18 34 18 22 34
10 61 10 17 33 61
17 70 17 70
29 48 29 48
45 82 45 64 71 82
27 58 27 44 55 58
7 62 7 62
23 66 23 66
0 77 0 45 77
23 48 23 37 48
44 67 44 55 58 67
16 80 16 29 48 75 80
41 69 41 49 69
19 52 19 43 52
23 49 23 49
25 65 25 35 39 65
11 76 11 68 69 76
1 64 1 37 59 64
20 88 20 55 58 67 72 88
22 64 22 31 43 52 64
13 55 13 20 55
33 69 33 49 69
22 84 22 31 43 44 84
34 71 34 59 64 71
79 84 79 84
12 49 12 37 49
14 63 14 28 41 57 63
49 88 49 72 88
15 43 15 22 31 43
3 88 3 9 20 55 67 72 88
17 69 17 58 68 69
12 45 12 45
18 65 18 20 39 65
52 81 52 80 81
55 77 55 58 77
27 76 27 44 55 58 68 69 76
31 55 31 43 44 55
51 89 51 59 89
6 72 6 31 43 44 55 58 67 72
14 63 14 25 63
24 55 24 27 44 55
15 74 15 30 44 55 58 68 74
36 80 36 37 48 75 80
9 71 9 20 56 64 71
22 87 22 31 43 87
5 89 5 52 77 89
15 71 15 22 34 59 64 71
28 48 28 37 48
6 72 6 31 43 44 55 58 67 72
6 37 6 37
12 29 12 29
23 66 23 66
10 87 10 17 33 49 72 87
16 82 16 29 48 75 82
75 82 75 82
7 34 7 14 34
29 52 29 48 52
48 75 48 75
13 20 13 20
6 64 6 31 43 52 64
43 88 43 44 55 67 72 88
13 48 13 26 28 37 48
17 78 17 78
7 62 7 14 25 33 62
21 26 21 26
37 52 37 48 52
1 39 1 2 9 20 39
7 76 7 43 44 55 58 68 69 76
42 64 42 51 59 64
3 48 3 37 48
59 64 59 64
22 64 22 31 56 64
15 26 15 26
17 49 17 33 49
37 76 37 49 76
10 51 10 17 33 51
58 68 58 68
45 64 45 64
43 44 43 44
28 41 28 41
0 57 0 13 26 28 41 57
28 78 28 41 57 78
5 51 5 6 37 51
8 89 8 9 20 39 58 77 89
26 28 26 28
1 75 1 37 48 75
15 26 15 26
64 82 64 71 82
21 81 21 26 28 37 51 80 81
8 68 8 40 68
2 77 2 9 20 55 58 77
33 62 33 62
17 69 17 58 68 69
5 75 5 6 16 29 48 75
41 57 41 57
12 45 12 45
72 88 72 88
1 44 1 7 43 44
13 50 13 26 28 41 50
14 51 14 28 37 51
2 48 2 23 37 48
37 69 37 49 69
30 59 30 34 59
5 71 5 64 71
3 79 3 27 79
8 73 8 9 20 73
21 82 21 58 67 82
10 39 10 17 20 39
14 77 14 34 48 52 77
35 67 35 39 58 67
13 89 13 20 55 58 77 89
26 86 26 42 62 72 86
3 68 3 27 44 55 58 68
12 51 12 37 51
33 88 33 51 67 72 88
4 30 4 30
6 55 6 31 43 44 55
21 63 21 26 28 41 57 63
2 23 2 23
0 59 0 13 26 28 35 59
11 64 11 59 64
16 88 16 29 48 88
50 60 50 60
5 6 5 6
20 73 20 39 58 67 73
3 87 3 27 44 55 58 67 72 87
10 39 10 17 20 39
9 62 9 62
30 77 30 34 48 52 77
45 71 45 64 71
26 48 26 28 37 48
12 68 12 24 27 44 55 58 68
10 84 10 24 27 79 84
57 65 57 63 65
58 67 58 67
17 89 17 33 51 59 89
40 76 40 68 69 76
56 74 56 74
59 82 59 64 71 82
5 64 5 52 64
12 29 12 29
52 81 52 80 81
4 59 4 30 34 59
9 89 9 20 39 58 77 89
25 51 25 33 51
17 84 17 20 55 84
10 70 10 17 70
62 86 62 72 86
13 62 13 26 42 62
18 31 18 22 31
41 49 41 49
9 55 9 20 55
17 60 17 60
13 82 13 20 39 58 67 82
16 64 16 29 48 52 64
18 39 18 20 39
28 39 28 35 39
1 42 1 13 26 42
37 72 37 51 67 72
26 64 26 42 51 59 64
68 74 68 74
36 52 36 37 52
20 56 20 56
25 33 25 33
0 89 0 20 39 58 77 89
68 69 68 69
35 39 35 39
42 83 42 51 80 81 83
33 86 33 49 72 86
37 48 37 48
20 65 20 39 65
34 84 34 79 84
1 41 1 13 26 28 41
18 72 18 20 55 67 72
20 86 20 55 58 67 72 86
1 7 1 7
30 67 30 44 55 58 67
41 63 41 57 63
0 84 0 10 24 27 79 84
6 72 6 31 43 44 55 67 72
6 71 6 71
8 55 8 9 20 55
29 88 29 48 75 88
8 70 8 41 70
0 51 0 13 28 37 51
26 42 26 42
48 52 48 52
34 79 34 79
1 7 1 7
2 81 2 33 51 80 81
17 20 17 20
20 86 20 39 58 67 72 86
6 59 6 16 35 59
1 55 1 13 20 55
4 74 4 74
26 58 26 28 35 39 58
10 48 10 30 34 48
18 73 18 22 43 44 55 58 67 73
2 9 2 9
9 64 9 20 56 64
28 63 28 41 63
10 70 10 17 70
21 62 21 26 42 62
39 87 39 87
1 43 1 7 43
52 64 52 64
38 89 38 89
79 83 79 83
52 81 52 80 81
57 72 57 72
16 68 16 35 39 58 68
14 51 14 25 33 51
7 83 7 43 52 80 81 83
14 28 14 28
7 88 7 57 72 88
1 69 1 2 33 49 69
41 70 41 70
67 87 67 72 87
3 78 3 9 20 40 78
28 64 28 37 59 64
25 77 25 35 39 58 77
62 72 62 72
51 72 51 67 72
15 44 15 30 44
6 56 6 31 56
68 76 68 69 76
10 17 10 17
63 65 63 65
31 84 31 43 44 79 84
14 52 14 34 48 52
42 51 42 51
39 87 39 87
3 64 3 64
4 69 4 49 69
33 72 33 51 67 72
30 59 30 34 59
13 65 13 26 28 35 39 65
34 86 34 59 64 86
26 64 26 28 37 52 64
4 64 4 23 37 59 64
7 42 7 14 42
19 62 19 62
6 69 6 37 49 69
10 24 10 24
28 39 28 35 39
43 55 43 44 55
15 55 15 30 44 55
4 66 4 23 66
66 89 66 77 89
6 64 6 16 29 48 52 64
11 68 11 68
12 59 12 37 51 59
4 84 4 30 34 79 84
7 68 7 43 44 55 58 68
36 80 36 37 51 80
3 67 3 9 20 39 58 67
13 59 13 28 37 51 59
14 89 14 34 79 84 89
25 89 25 38 89
0 27 0 10 24 27
26 64 26 28 35 59 64
5 82 5 52 71 82
17 84 17 20 55 84
10 20 10 17 20
0 88 0 27 79 88
0 59 0 10 30 34 59
16 68 16 35 39 58 68
15 68 15 26 28 68
10 17 10 17
1 42 1 13 26 42
3 82 3 9 20 56 64 71 82
68 69 68 69
12 64 12 37 52 64
39 69 39 58 68 69
1 89 1 89
10 83 10 17 70 81 83
24 83 24 27 79 83
25 39 25 35 39
20 39 20 39
68 76 68 69 76
19 69 19 69
5 72 5 6 31 43 44 55 58 67 72
28 39 28 35 39
30 34 30 34
31 68 31 43 44 55 58 68
31 68 31 43 44 55 58 68
18 22 18 22
30 44 30 44
10 83 10 24 83
7 55 7 43 44 55
27 72 27 44 55 58 67 72
3 87 3 27 44 55 58 67 72 87
16 87 16 35 39 58 67 72 87
23 82 23 37 51 67 82
67 72 67 72
59 89 59 89
7 70 7 14 28 41 70
13 29 13 29
36 37 36 37
0 33 0 10 17 33
15 69 15 22 31 68 69
0 80 0 10 17 33 51 80
36 49 36 37 49
19 88 19 62 72 88
29 52 29 48 52
14 33 14 25 33
79 84 79 84
34 59 34 59
26 65 26 28 35 39 65
6 71 6 71
22 58 22 31 43 44 55 58
3 89 3 37 59 89
28 48 28 37 48
21 60 21 26 28 41 50 60
6 68 6 31 43 44 55 58 68
17 33 17 33
13 48 13 29 48
11 88 11 88
0 48 0 13 26 28 37 48
2 33 2 33
43 82 43 52 64 82
55 77 55 58 77
55 58 55 58
8 80 8 28 37 51 80
8 40 8 40
38 65 38 65
10 62 10 17 33 62
23 75 23 37 48 75
28 78 28 41 57 78
1 42 1 13 26 42
22 43 22 43
4 74 4 30 44 55 58 68 74
5 52 5 52
3 88 3 37 72 88
34 77 34 48 52 77
13 49 13 28 41 49
17 78 17 20 40 78
26 80 26 42 51 80
51 67 51 67
26 86 26 28 35 59 64 86
10 75 10 48 75
25 71 25 35 59 64 71
11 82 11 59 64 82
4 89 4 30 44 55 58 77 89
9 74 9 20 39 58 68 74
10 40 10 17 20 40
14 63 14 28 41 57 63
18 87 18 22 31 43 44 55 58 67 72 87
8 82 8 9 20 55 67 82
18 31 18 22 31
1 51 1 13 28 37 51
0 88 0 13 28 35 39 58 67 72 88
1 87 1 37 51 67 72 87
3 89 3 9 20 39 58 77 89
12 44 12 24 27 44
15 86 15 22 43 52 64 86
21 81 21 42 51 80 81
16 72 16 35 39 58 67 72
18 73 18 20 73
13 89 13 26 42 51 59 89
8 87 8 41 49 72 87
0 81 0 10 30 34 48 75 80 81
72 88 72 88
33 89 33 51 59 89
42 51 42 51
3 87 3 27 44 55 58 67 72 87
1 64 1 2 56 64
3 69 3 9 20 40 68 69
9 20 9 20
72 86 72 86
0 57 0 13 26 28 41 57
52 89 52 77 89
23 48 23 37 48
41 78 41 57 78
36 50 36 50
7 63 7 57 63
1 73 1 2 33 51 67 73
15 34 15 22 34
22 87 22 43 44 55 58 67 72 87
0 13 0 13
16 35 16 35
53 81 53 80 81
18 79 18 22 34 79
17 60 17 60
47 83 47 75 80 81 83
30 58 30 44 55 58
23 66 23 66
0 86 0 20 55 67 72 86
3 78 3 27 78
0 24 0 10 24
1 69 1 13 28 37 49 69
30 82 30 34 48 52 64 82
4 32 4 23 32
10 40 10 17 20 40
7 88 7 62 72 88
2 74 2 56 74
19 82 19 56 82
20 88 20 39 58 67 72 88
24 89 24 89
25 76 25 33 49 69 76
12 52 12 29 48 52
7 83 7 43 52 80 81 83
9 40 9 20 40
22 68 22 43 44 55 58 68
33 61 33 61
10 86 10 48 52 64 86
1 49 1 49
16 77 16 29 48 52 77
28 41 28 41
19 83 19 43 44 79 83
8 60 8 41 50 60
12 66 12 66
13 55 13 20 55
19 86 19 43 44 55 67 72 86
31 55 31 43 44 55
2 9 2 9
0 27 0 10 24 27
7 48 7 14 28 37 48
42 62 42 62
20 40 20 40
58 76 58 68 69 76
56 64 56 64
10 62 10 17 33 62
48 75 48 75
11 88 11 88
21 26 21 26
27 72 27 44 55 67 72
21 39 21 26 28 35 39
25 71 25 33 51 59 64 71
8 9 8 9
1 87 1 2 23 37 49 72 87
34 59 34 59
19 81 19 43 52 80 81
33 86 33 49 72 86
57 86 57 72 86
21 60 21 26 28 41 50 60
24 79 24 27 79
1 61 1 2 33 61
53 80 53 80
1 65 1 7 14 28 41 57 63 65
0 45 0 45
25 38 25 38
63 65 63 65
12 45 12 45
12 68 12 24 27 44 55 58 68
12 52 12 29 48 52
6 69 6 31 68 69
14 34 14 34
37 82 37 51 59 64 71 82
36 71 36 37 52 71
22 68 22 31 68
26 59 26 28 37 51 59
9 40 9 20 40
55 84 55 84
49 87 49 72 87
4 68 4 30 44 55 58 68
0 80 0 10 30 34 48 75 80
13 62 13 26 42 62
18 39 18 20 39
14 86 14 59 64 86
3 68 3 27 44 55 58 68
23 86 23 49 72 86
5 76 5 6 31 68 69 76
25 62 25 33 62
15 39 15 26 28 35 39
27 77 27 44 55 58 77
21 81 21 42 51 80 81
5 74 5 6 16 35 39 58 68 74
5 71 5 52 71
19 64 19 43 52 64
20 55 20 55
25 85 25 85
18 39 18 20 39
13 49 13 26 28 37 49
26 58 26 28 35 39 58
14 25 14 25
28 59 28 37 51 59
28 51 28 37 51
19 68 19 43 44 55 58 68
8 74 8 9 20 55 58 68 74
56 74 56 74
2 82 2 33 51 67 82
9 72 9 20 55 67 72
2 80 2 23 37 51 80
11 88 11 88
15 34 15 22 34
6 77 6 37 48 52 77
51 88 51 67 72 88
29 52 29 48 52
36 59 36 37 59
0 78 0 27 78
42 89 42 51 59 89
1 69 1 39 58 68 69
8 87 8 41 49 72 87
16 82 16 35 59 64 82
36 50 36 50
56 82 56 82
4 88 4 49 72 88
59 82 59 64 82
17 49 17 33 49
21 58 21 58
67 72 67 72
45 64 45 64
25 82 25 82
36 87 36 37 49 72 87
10 51 10 17 33 51
42 67 42 51 67
53 80 53 80
52 89 52 77 89
57 65 57 63 65
3 69 3 30 44 55 58 68 69
2 66 2 23 66
6 29 6 16 29
37 48 37 48
30 44 30 44
48 52 48 52
15 44 15 30 44
0 33 0 10 17 33
10 64 10 17 20 56 64
28 70 28 41 70
16 77 16 35 39 58 77
3 37 3 37
19 89 19 43 44 84 89
42 51 42 51
13 20 13 20
19 64 19 43 52 64
9 68 9 20 55 58 68
6 77 6 16 35 39 58 77
18 72 18 20 39 58 67 72
0 51 0 10 17 33 51
81 83 81 83
10 30 10 30
9 62 9 62
29 52 29 48 52
15 58 15 26 28 35 39 58
14 73 14 42 51 67 73
3 34 3 30 34
55 69 55 58 68 69
39 82 39 58 67 82
15 89 15 30 48 52 77 89
28 87 28 87
30 67 30 44 55 58 67
1 28 1 13 26 28
25 40 25 40
35 39 35 39
2 87 2 9 20 55 67 72 87
0 61 0 10 17 33 61
68 69 68 69
6 59 6 16 35 59
5 74 5 6 31 43 44 55 58 68 74
31 89 31 43 52 77 89
29 48 29 48
21 74 21 58 68 74
3 78 3 27 78
9 20 9 20
4 82 4 30 34 59 64 71 82
42 67 42 51 67
3 37 3 37
13 64 13 29 48 52 64
38 65 38 65
13 65 13 28 35 39 65
79 84 79 84
15 68 15 26 28 68
21 39 21 26 28 35 39
1 73 1 39 58 67 73
16 67 16 35 39 58 67
4 64 4 23 37 59 64
20 87 20 39 87
10 71 10 30 34 48 52 71
15 48 15 26 28 37 48
6 31 6 31
12 72 12 24 27 44 55 58 67 72
6 16 6 16
12 59 12 37 51 59
3 37 3 37
19 89 19 38 89
34 79 34 79
3 72 3 30 44 55 58 67 72
52 80 52 80
2 9 2 9
30 34 30 34
1 57 1 7 57
12 44 12 24 27 44
39 67 39 58 67
30 67 30 44 55 67
9 64 9 20 56 64
30 59 30 34 59
21 81 21 26 42 51 80 81
49 72 49 72
37 69 37 49 69
4 32 4 23 32
0 20 0 10 17 20
11 76 11 68 69 76
14 35 14 28 35
31 68 31 43 44 55 58 68
16 74 16 35 39 58 68 74
26 58 26 28 35 39 58
16 88 16 35 39 58 67 72 88
47 83 47 80 81 83
13 60 13 28 41 50 60
1 68 1 2 9 20 55 58 68
53 81 53 80 81
26 80 26 42 51 80
42 73 42 51 67 73
26 58 26 28 35 39 58
10 30 10 30
7 83 7 43 44 79 83
33 71 33 51 59 64 71
13 84 13 84
35 67 35 39 58 67
17 72 17 33 51 67 72
27 77 27 44 55 58 77
17 67 17 20 39 58 67
0 37 0 13 28 37
19 68 19 43 44 55 58 68
15 71 15 30 34 48 52 64 71
2 39 2 9 20 39
36 80 36 37 51 80
14 25 14 25
13 74 13 68 74
14 40 14 25 40
28 81 28 37 52 80 81
4 82 4 23 37 48 75 82
6 37 6 37
0 51 0 13 28 37 51
0 87 0 27 44 55 58 67 72 87
0 10 0 10
42 64 42 51 59 64
18 69 18 22 31 68 69
36 72 36 37 72
4 51 4 23 37 51
0 57 0 13 26 28 41 57
0 57 0 13 26 28 41 57
19 81 19 43 52 80 81
0 82 0 20 56 64 82
2 33 2 33
58 82 58 67 82
52 83 52 80 81 83
79 83 79 83
21 82 21 26 28 41 50 82
17 55 17 20 55
7 85 7 14 25 85
6 49 6 37 49
10 62 10 17 33 62
14 67 14 28 37 51 67
66 89 66 77 89
13 64 13 29 48 52 64
34 52 34 48 52
0 28 0 13 28
28 77 28 37 52 77
4 88 4 49 72 88
22 84 22 34 79 84
33 80 33 51 80
17 56 17 20 56
48 80 48 52 80
47 80 47 75 80
58 67 58 67
50 60 50 60
17 72 17 58 67 72
8 87 8 28 87
36 81 36 81
12 50 12 50
4 59 4 23 37 59
24 67 24 27 44 55 58 67
7 68 7 14 25 40 68
20 73 20 39 58 67 73
45 82 45 50 82
2 33 2 33
24 73 24 27 44 55 67 73
7 14 7 14
6 87 6 31 43 87
52 83 52 80 81 83
27 89 27 79 84 89
6 29 6 16 29
17 84 17 20 55 84
42 80 42 51 80
6 56 6 31 56
18 71 18 22 31 56 64 71
35 59 35 59
40 78 40 78
10 74 10 17 58 68 74
10 83 10 17 70 81 83
16 72 16 35 39 58 67 72
7 52 7 43 52
4 69 4 23 49 69
37 59 37 59
39 82 39 58 67 82
31 69 31 68 69
19 77 19 43 52 77
10 30 10 30
23 48 23 37 48
13 76 13 26 28 37 76
81 83 81 83
13 75 13 28 37 48 75
57 86 57 72 86
14 25 14 25
27 67 27 44 55 67
8 71 8 28 35 59 64 71
30 82 30 34 48 75 82
30 58 30 44 55 58
27 78 27 78
14 49 14 28 41 49
2 77 2 9 20 39 58 77
42 72 42 51 67 72
7 49 7 14 28 37 49
13 68 13 26 28 35 39 58 68
7 78 7 14 28 41 57 78
10 69 10 24 27 44 55 58 68 69
19 62 19 62
51 88 51 67 72 88
0 69 0 13 28 37 49 69
4 34 4 30 34
20 89 20 55 84 89
34 52 34 48 52
15 30 15 30
3 59 3 37 59
12 72 12 24 27 44 55 67 72
35 64 35 59 64
1 44 1 7 43 44
18 72 18 22 43 44 55 67 72
1 87 1 39 87
55 69 55 58 68 69
19 77 19 43 44 55 58 77
22 68 22 43 44 55 58 68
56 64 56 64
13 76 13 68 69 76
13 59 13 28 35 59
58 67 58 67
13 48 13 28 37 48
34 84 34 79 84
11 71 11 59 64 71
23 72 23 49 72
2 9 2 9
1 39 1 13 20 39
15 39 15 26 28 35 39
15 87 15 22 31 43 87
4 49 4 23 49
12 64 12 45 64
14 58 14 25 35 39 58
10 62 10 17 33 62
35 67 35 39 58 67
27 89 27 79 84 89
40 68 40 68
1 88 1 49 72 88
10 30 10 30
12 66 12 66
26 82 26 28 82
15 71 15 22 43 52 64 71
36 86 36 59 64 86
4 76 4 23 49 69 76
7 37 7 14 28 37
27 78 27 78
29 48 29 48
42 73 42 51 67 73
14 35 14 28 35
37 59 37 51 59
12 88 12 75 88
33 61 33 61
39 88 39 58 67 72 88
10 39 10 17 20 39
5 75 5 75
25 49 25 33 49
17 67 17 33 51 67
27 82 27 44 55 67 82
19 38 19 38
10 89 10 24 89
28 60 28 41 50 60
11 64 11 59 64
47 83 47 75 80 81 83
23 51 23 37 51
53 89 53 84 89
17 84 17 20 55 84
0 88 0 27 88
13 67 13 26 42 51 67
42 82 42 51 67 82
15 63 15 26 28 41 57 63
25 82 25 33 51 67 82
16 35 16 35
8 82 8 41 50 82
44 89 44 79 84 89
45 86 45 64 86
9 62 9 62
10 64 10 48 52 64
30 68 30 44 55 58 68
17 69 17 20 55 58 68 69
15 34 15 30 34
23 66 23 66
15 89 15 22 43 44 84 89
1 89 1 39 58 77 89
5 49 5 6 37 49
33 61 33 61
44 55 44 55
42 73 42 51 67 73
26 82 26 28 41 57 82
9 87 9 62 72 87
23 75 23 37 48 75
8 87 8 62 72 87
14 86 14 25 35 59 64 86
19 43 19 43
67 82 67 82
28 86 28 37 49 72 86
18 84 18 22 43 44 84
19 89 19 43 44 55 84 89
39 87 39 58 67 72 87
1 81 1 7 43 52 80 81
51 82 51 59 64 82
13 83 13 26 42 51 80 81 83
22 68 22 43 44 55 58 68
42 51 42 51
23 48 23 37 48
68 74 68 74
42 59 42 51 59
27 58 27 44 55 58
14 58 14 28 35 39 58
1 87 1 39 58 67 72 87
36 59 36 37 51 59
58 67 58 67
18 71 18 22 31 56 64 71
58 77 58 77
25 38 25 38
21 62 21 26 42 62
43 84 43 44 84
15 87 15 26 42 51 67 72 87
5 81 5 52 80 81
10 59 10 30 34 59
34 80 34 48 52 80
17 61 17 33 61
10 84 10 30 44 79 84
12 52 12 37 52
16 74 16 35 39 58 68 74
21 72 21 26 42 62 72
21 81 21 42 51 80 81
27 58 27 44 55 58
18 65 18 20 39 65
18 34 18 22 34
1 37 1 13 28 37
10 84 10 24 27 44 79 84
14 48 14 34 48
5 37 5 6 37
30 75 30 34 48 75
2 80 2 33 51 80
39 82 39 58 67 82
21 39 21 26 28 35 39
25 82 25 33 51 67 82
14 89 14 25 79 84 89
7 69 7 14 28 41 49 69
29 88 29 48 75 88
1 75 1 13 28 37 48 75
23 78 23 66 78
6 16 6 16
50 82 50 82
10 70 10 17 70
8 9 8 9
35 65 35 39 65
25 62 25 33 62
42 51 42 51
0 81 0 13 26 28 37 52 80 81
39 73 39 58 67 73
1 61 1 7 14 25 33 61
37 82 37 51 59 64 71 82
14 49 14 25 33 49
4 68 4 30 44 55 58 68
80 81 80 81
1 87 1 7 14 25 62 72 87
5 75 5 6 37 48 75
21 74 21 58 68 74
12 89 12 66 77 89
16 74 16 35 39 58 68 74
2 80 2 33 51 80
26 65 26 28 41 63 65
25 51 25 33 51
10 87 10 30 44 55 67 72 87
7 34 7 14 34
8 9 8 9
45 77 45 77
72 88 72 88
24 86 24 27 44 55 67 72 86
0 26 0 13 26
15 89 15 30 44 79 84 89
0 81 0 10 48 52 80 81
13 60 13 28 41 50 60
7 76 7 14 25 35 39 58 68 69 76
18 71 18 20 56 64 71
12 24 12 24
1 23 1 2 23
28 58 28 35 39 58
18 73 18 20 55 67 73
7 58 7 14 28 35 39 58
22 59 22 34 59
14 37 14 28 37
5 74 5 6 31 56 74
13 84 13 84
23 48 23 37 48
17 72 17 58 67 72
39 68 39 58 68
9 74 9 20 40 68 74
31 43 31 43
16 77 16 29 48 52 77
25 33 25 33
1 88 1 2 23 49 72 88
1 58 1 13 28 35 39 58
55 77 55 58 77
7 42 7 14 42
21 42 21 26 42
52 81 52 80 81
3 76 3 37 76
3 75 3 30 34 48 75
26 88 26 28 41 49 72 88
0 81 0 10 17 70 81
13 76 13 26 28 37 49 69 76
27 67 27 44 55 67
10 71 10 30 34 59 64 71
36 50 36 50
6 87 6 37 51 67 72 87
18 69 18 20 40 68 69
3 62 3 9 62
34 52 34 48 52
5 37 5 6 37
19 84 19 43 44 79 84
8 60 8 28 41 50 60
23 64 23 37 59 64
1 69 1 7 43 44 55 58 68 69
9 86 9 20 56 64 86
19 68 19 43 44 55 58 68
8 75 8 28 37 48 75
17 89 17 58 77 89
28 81 28 37 51 80 81
10 68 10 24 27 44 55 58 68
35 76 35 39 58 68 69 76
25 35 25 35
0 51 0 13 28 37 51
10 82 10 30 44 55 67 82
13 42 13 26 42
12 59 12 37 59
21 83 21 26 42 51 80 81 83
1 85 1 7 14 25 85
21 52 21 26 28 37 48 52
5 51 5 6 37 51
27 77 27 44 55 58 77
25 76 25 40 68 69 76
0 61 0 10 17 33 61
7 69 7 43 44 55 58 68 69
44 83 44 79 83
66 78 66 78
71 82 71 82
25 39 25 35 39
23 48 23 37 48
8 87 8 9 20 39 58 67 72 87
1 65 1 2 9 20 39 65
47 83 47 80 81 83
6 71 6 31 56 64 71
0 41 0 13 28 41
18 48 18 22 34 48
8 64 8 28 35 59 64
13 59 13 28 37 59
17 49 17 33 49
3 9 3 9
27 88 27 88
22 43 22 43
4 84 4 30 44 79 84
3 78 3 9 20 40 78
27 79 27 44 79
15 71 15 22 43 52 71
6 51 6 37 51
15 55 15 30 44 55
0 87 0 13 26 28 35 39 87
37 48 37 48
36 49 36 37 49
20 55 20 55
26 58 26 28 35 39 58
21 81 21 42 51 80 81
0 37 0 13 28 37
9 72 9 20 55 67 72
22 59 22 34 59
16 68 16 35 39 58 68
29 88 29 48 75 88
13 82 13 26 28 35 39 58 67 82
48 52 48 52
14 58 14 28 35 39 58
13 75 13 29 48 75
0 24 0 10 24
18 76 18 20 40 68 69 76
6 29 6 16 29
13 89 13 26 42 51 59 89
1 87 1 7 43 44 55 67 72 87
10 59 10 30 34 59
14 84 14 25 79 84
0 34 0 10 30 34
66 77 66 77
5 75 5 75
17 83 17 33 51 80 81 83
16 72 16 35 39 58 67 72
49 88 49 72 88
67 87 67 72 87
13 20 13 20
22 48 22 34 48
7 49 7 14 28 37 49
4 34 4 30 34
42 89 42 51 59 89
62 72 62 72
14 59 14 59
31 79 31 43 44 79
55 74 55 58 68 74
10 75 10 48 75
3 72 3 37 49 72
18 79 18 22 43 44 79
42 67 42 51 67
20 40 20 40
15 39 15 26 28 35 39
0 37 0 13 28 37
45 86 45 64 86
7 63 7 57 63
0 35 0 13 28 35
22 74 22 31 68 74
10 44 10 24 27 44
12 66 12 66
34 59 34 59
51 86 51 67 72 86
31 69 31 68 69
25 71 25 33 51 59 64 71
8 82 8 28 35 59 64 82
39 73 39 58 67 73
8 51 8 28 37 51
80 83 80 81 83
4 83 4 30 34 48 52 80 81 83
85 88 85 88
5 64 5 6 37 51 59 64
30 68 30 44 55 58 68
44 89 44 79 84 89
4 64 4 23 37 48 52 64
24 89 24 89
50 60 50 60
34 77 34 48 52 77
27 77 27 44 55 58 77
41 50 41 50
7 64 7 64
22 34 22 34
10 86 10 24 27 44 55 67 72 86
75 88 75 88
3 67 3 9 20 55 67
1 26 1 13 26
10 61 10 17 33 61
26 83 26 28 37 52 80 81 83
41 88 41 57 72 88
58 68 58 68
54 81 54 81
15 87 15 26 42 51 67 72 87
10 89 10 48 52 77 89
40 68 40 68
37 69 37 49 69
3 82 3 30 48 52 64 82
4 74 4 74
15 89 15 26 28 77 89
22 43 22 31 43
21 77 21 26 28 35 39 58 77
54 81 54 81
26 86 26 28 35 59 64 86
15 39 15 26 28 35 39
18 82 18 59 64 71 82
4 89 4 30 34 79 84 89
37 72 37 49 72
12 64 12 37 48 52 64
49 72 49 72
36 49 36 37 49
70 81 70 81
2 73 2 33 51 67 73
39 69 39 58 68 69
1 42 1 7 14 42
7 70 7 14 28 41 70
66 77 66 77
6 68 6 31 43 44 55 58 68
36 75 36 37 48 75
20 73 20 73
34 48 34 48
23 37 23 37
52 81 52 80 81
25 84 25 79 84
29 52 29 48 52
55 68 55 58 68
18 72 18 22 43 44 55 58 67 72
13 77 13 26 28 37 77
12 88 12 29 48 75 88
0 87 0 13 20 39 87
8 9 8 9
58 77 58 77
2 48 2 23 37 48
10 84 10 30 34 79 84
17 73 17 58 67 73
33 51 33 51
7 68 7 43 44 55 58 68
12 24 12 24
14 58 14 25 35 39 58
28 82 28 82
22 59 22 34 59
8 60 8 41 50 60
27 82 27 44 55 58 67 82
75 88 75 88
0 20 0 10 17 20
4 55 4 30 44 55
22 68 22 43 44 55 58 68
1 65 1 7 57 63 65
10 70 10 17 70
34 79 34 79
9 55 9 20 55
19 58 19 43 44 55 58
2 73 2 33 51 67 73
37 49 37 49
22 31 22 31
19 76 19 43 44 55 58 68 69 76
70 82 70 82
13 35 13 26 28 35
28 59 28 37 51 59
42 87 42 51 67 72 87
27 67 27 44 55 67
54 86 54 86
24 73 24 27 44 55 58 67 73
28 59 28 35 59
53 88 53 88
44 84 44 55 84
18 40 18 20 40
7 84 7 14 25 79 84
33 86 33 62 72 86
18 59 18 59
25 82 25 82
40 76 40 68 69 76
51 86 51 59 64 86
14 38 14 25 38
16 74 16 35 39 58 68 74
6 64 6 16 29 48 52 64
1 87 1 13 28 35 39 58 67 72 87
12 24 12 24
52 89 52 77 89
39 65 39 65
6 69 6 37 49 69
21 81 21 42 51 80 81
55 72 55 58 67 72
1 37 1 37
8 40 8 40
28 77 28 35 39 58 77
21 57 21 26 28 41 57
4 84 4 30 44 84
16 82 16 35 39 58 67 82
2 67 2 33 51 67
5 76 5 6 37 49 76
0 69 0 27 44 55 58 68 69
6 44 6 31 43 44
17 73 17 20 39 58 67 73
15 71 15 26 42 51 59 64 71
24 86 24 27 44 55 58 67 72 86
33 76 33 49 76
14 63 14 28 41 57 63
14 41 14 28 41
24 82 24 71 82
13 68 13 68
22 43 22 31 43
16 67 16 35 39 58 67
9 55 9 20 55
4 55 4 30 44 55
3 38 3 38
24 55 24 27 44 55
30 58 30 44 55 58
17 55 17 20 55
4 64 4 23 37 51 59 64
18 73 18 20 55 58 67 73
1 68 1 39 58 68
19 69 19 69
1 23 1 2 23
5 65 5 6 16 35 39 65
7 62 7 14 42 62
8 35 8 28 35
44 83 44 79 83
1 49 1 2 33 49
3 72 3 37 51 67 72
26 64 26 42 51 59 64
39 87 39 87
12 45 12 45
4 82 4 30 34 48 52 71 82
37 76 37 49 69 76
2 73 2 23 37 51 67 73
41 50 41 50
27 88 27 44 79 88
0 76 0 13 68 69 76
7 77 7 43 44 55 58 77
17 55 17 20 55
39 77 39 58 77
5 52 5 6 37 52
43 87 43 87
33 72 33 62 72
5 52 5 6 16 29 48 52
56 64 56 64
16 77 16 29 48 52 77
43 89 43 52 77 89
9 55 9 20 55
49 72 49 72
37 75 37 48 75
17 67 17 33 51 67
59 64 59 64
33 72 33 62 72
3 68 3 30 44 55 58 68
14 41 14 28 41
10 49 10 17 33 49
5 76 5 6 16 35 39 58 68 69 76
5 89 5 6 31 43 44 79 84 89
59 64 59 64
2 77 2 23 37 52 77
28 59 28 35 59
36 50 36 50
29 88 29 48 75 88
10 68 10 30 44 55 58 68
26 88 26 88
4 84 4 30 44 79 84
4 86 4 30 48 52 64 86
13 56 13 20 56
41 88 41 57 72 88
4 88 4 30 34 79 88
0 81 0 13 29 48 75 80 81
1 74 1 13 68 74
68 69 68 69
14 67 14 42 51 67
53 81 53 80 81
3 9 3 9
19 56 19 56
58 86 58 67 72 86
27 72 27 44 55 67 72
33 72 33 51 67 72
10 48 10 48
6 71 6 31 43 52 64 71
13 84 13 84
44 55 44 55
43 55 43 44 55
1 88 1 13 29 48 88
5 6 5 6
1 78 1 2 9 20 40 78
17 55 17 20 55
5 29 5 6 16 29
53 89 53 84 89
21 60 21 26 28 41 50 60
0 77 0 45 77
19 76 19 69 76
16 88 16 35 39 58 67 72 88
30 84 30 44 79 84
51 82 51 67 82
17 78 17 20 40 78
57 72 57 72
18 78 18 20 40 78
0 78 0 10 24 27 78
6 37 6 37
36 59 36 37 59
41 69 41 49 69
37 48 37 48
21 72 21 58 67 72
27 79 27 79
45 64 45 64
55 74 55 58 68 74
19 68 19 43 44 55 58 68
35 64 35 59 64
42 82 42 51 59 64 71 82
80 83 80 81 83
15 34 15 30 34
5 75 5 75
45 82 45 64 71 82
37 77 37 52 77
18 48 18 22 34 48
21 81 21 42 51 80 81
14 61 14 25 33 61
15 87 15 30 44 55 67 72 87
6 72 6 37 49 72
44 55 44 55
13 20 13 20
30 84 30 44 79 84
55 72 55 58 67 72
0 26 0 13 26
37 76 37 49 69 76
3 59 3 30 34 59
7 89 7 89
59 82 59 64 71 82
20 55 20 55
30 82 30 34 59 64 82
19 82 19 56 64 71 82
15 26 15 26
43 82 43 52 64 71 82
75 82 75 82
47 82 47 75 82
56 82 56 82
0 60 0 45 50 60
10 39 10 17 20 39
15 44 15 22 31 43 44
1 75 1 37 48 75
34 81 34 48 52 80 81
15 55 15 22 43 44 55
25 87 25 33 51 67 72 87
28 39 28 35 39
59 82 59 64 71 82
34 81 34 48 75 80 81
45 77 45 77
33 72 33 62 72
8 76 8 40 68 69 76
9 40 9 20 40
4 89 4 30 44 84 89
36 49 36 37 49
21 59 21 26 42 51 59
26 88 26 88
16 88 16 35 39 58 67 72 88
17 82 17 70 82
14 84 14 34 79 84
4 68 4 30 44 55 58 68
16 68 16 35 39 58 68
51 88 51 67 72 88
8 80 8 28 37 52 80
30 81 30 34 48 52 80 81
8 80 8 28 37 52 80
54 83 54 81 83
12 24 12 24
26 48 26 28 37 48
24 83 24 27 44 79 83
8 35 8 28 35
43 88 43 44 55 58 67 72 88
38 89 38 89
9 55 9 20 55
24 27 24 27
49 87 49 72 87
39 58 39 58
16 29 16 29
4 69 4 30 44 55 58 68 69
4 49 4 49
25 62 25 33 62
22 74 22 43 44 55 58 68 74
7 35 7 14 28 35
5 88 5 6 37 72 88
59 89 59 89
2 33 2 33
44 67 44 55 67
28 51 28 37 51
79 88 79 88
10 49 10 17 33 49
51 67 51 67
5 52 5 52
68 74 68 74
6 51 6 37 51
1 26 1 13 26
28 77 28 37 48 52 77
25 76 25 40 68 69 76
16 72 16 35 39 58 67 72
18 72 18 22 31 43 44 55 58 67 72
20 88 20 55 67 72 88
1 69 1 2 33 49 69
7 69 7 14 25 33 49 69
23 66 23 66
68 69 68 69
6 31 6 31
14 25 14 25
28 51 28 37 51
4 64 4 30 34 48 52 64
35 88 35 39 58 67 72 88
17 82 17 20 56 64 82
36 49 36 37 49
3 37 3 37
75 80 75 80
7 48 7 14 28 37 48
18 73 18 22 43 44 55 67 73
51 72 51 67 72
26 76 26 28 37 76
47 82 47 75 82
16 67 16 35 39 58 67
0 79 0 27 44 79
0 59 0 10 30 34 59
0 37 0 13 28 37
68 69 68 69
2 20 2 9 20
1 59 1 2 33 51 59
42 67 42 51 67
18 76 18 20 55 58 68 69 76
42 80 42 51 80
0 13 0 13
21 57 21 26 28 41 57
35 71 35 59 64 71
29 89 29 48 52 77 89
7 57 7 14 28 41 57
10 69 10 24 27 44 55 58 68 69
0 51 0 10 17 33 51
30 81 30 48 52 80 81
13 56 13 20 56
5 79 5 79
57 63 57 63
16 64 16 29 48 52 64
17 33 17 33
30 59 30 34 59
58 76 58 68 69 76
19 77 19 43 52 77
3 59 3 37 51 59
21 89 21 26 42 51 59 89
44 88 44 79 88
33 51 33 51
13 75 13 29 48 75
29 89 29 48 52 77 89
9 40 9 20 40
26 58 26 28 35 39 58
14 59 14 25 35 59
2 56 2 56
16 82 16 35 59 64 71 82
17 60 17 60
21 52 21 26 28 37 52
22 75 22 34 48 75
31 79 31 43 44 79
14 69 14 28 41 49 69
18 58 18 22 43 44 55 58
23 86 23 37 48 52 64 86
26 39 26 28 35 39
7 85 7 14 25 85
7 37 7 14 28 37
53 89 53 84 89
33 62 33 62
13 35 13 26 28 35
51 86 51 86
1 55 1 7 43 44 55
28 87 28 87
63 65 63 65
79 84 79 84
8 87 8 41 57 72 87
43 72 43 44 55 67 72
42 62 42 62
23 64 23 37 52 64
10 78 10 17 20 40 78
48 64 48 52 64
42 87 42 62 72 87
13 64 13 20 56 64
9 86 9 20 56 64 86
26 73 26 73
5 72 5 72
12 37 12 37
0 69 0 10 17 58 68 69
13 89 13 29 48 52 77 89
8 68 8 9 20 39 58 68
26 72 26 28 41 57 72
52 81 52 80 81
19 86 19 62 72 86
24 73 24 73
2 87 2 23 49 72 87
15 69 15 26 28 41 49 69
51 59 51 59
15 69 15 22 31 68 69
48 80 48 75 80
14 74 14 25 35 39 58 68 74
20 76 20 55 58 68 69 76
33 69 33 49 69
12 66 12 66
51 83 51 80 81 83
14 73 14 42 51 67 73
69 76 69 76
14 40 14 25 40
4 67 4 30 44 55 67
18 75 18 22 34 48 75
7 42 7 14 42
37 69 37 49 69
13 49 13 26 28 37 49
13 51 13 26 28 37 51
28 37 28 37
1 64 1 37 51 59 64
8 89 8 9 20 55 58 77 89
6 79 6 31 43 44 79
8 40 8 40
26 72 26 42 51 67 72
54 86 54 86
37 75 37 48 75
68 74 68 74
57 86 57 72 86
4 32 4 23 32
25 39 25 35 39
40 76 40 68 69 76
28 39 28 35 39
51 59 51 59
16 77 16 29 48 52 77
4 83 4 30 34 79 83
36 67 36 37 51 67
11 71 11 59 64 71
25 89 25 79 84 89
51 81 51 80 81
4 67 4 30 44 55 67
12 84 12 24 27 44 84
35 86 35 59 64 86
56 74 56 74
26 39 26 28 35 39
16 72 16 35 39 58 67 72
5 37 5 6 37
33 86 33 49 72 86
64 86 64 86
28 48 28 37 48
23 71 23 37 52 64 71
4 69 4 23 49 69
3 69 3 27 44 55 58 68 69
0 45 0 45
6 87 6 37 72 87
36 87 36 37 49 72 87
57 78 57 78
9 86 9 62 72 86
17 58 17 20 39 58
10 87 10 24 27 44 55 58 67 72 87
3 76 3 27 44 55 58 68 69 76
16 88 16 35 39 58 67 72 88
18 22 18 22
1 23 1 2 23
28 78 28 41 57 78
17 60 17 60
51 67 51 67
28 59 28 37 59
0 40 0 10 17 20 40
7 25 7 14 25
15 55 15 22 43 44 55
39 89 39 58 77 89
10 83 10 48 75 80 81 83
10 64 10 30 34 59 64
69 76 69 76
31 68 31 43 44 55 58 68
14 74 14 28 35 39 58 68 74
4 76 4 23 49 69 76
25 40 25 40
8 9 8 9
11 68 11 68
2 81 2 33 51 80 81
1 2 1 2
49 88 49 72 88
12 29 12 29
18 79 18 22 34 79
3 48 3 37 48
63 65 63 65
20 88 20 88
49 86 49 72 86
35 67 35 39 58 67
66 78 66 78
66 89 66 77 89
35 39 35 39
45 83 45 83
36 75 36 37 48 75
13 84 13 84
28 86 28 41 49 72 86
18 69 18 20 55 58 68 69
21 86 21 42 51 59 64 86
26 65 26 28 35 39 65
56 82 56 82
24 27 24 27
15 74 15 22 31 56 74
0 87 0 27 44 55 67 72 87
16 59 16 35 59
13 62 13 26 42 62
67 86 67 72 86
7 84 7 43 44 79 84
29 52 29 48 52
19 86 19 56 64 86
42 73 42 51 67 73
1 64 1 37 52 64
20 56 20 56
52 80 52 80
36 83 36 81 83
1 58 1 13 26 28 35 39 58
18 76 18 76
6 86 6 86
30 81 30 34 48 75 80 81
0 88 0 20 88
42 64 42 51 59 64
5 84 5 79 84
42 71 42 51 59 64 71
14 37 14 28 37
19 69 19 43 44 55 58 68 69
15 55 15 22 43 44 55
35 86 35 39 58 67 72 86
14 61 14 25 33 61
8 70 8 41 70
0 79 0 10 24 27 79
58 82 58 67 82
14 42 14 42
43 84 43 44 84
22 81 22 31 43 52 80 81
59 82 59 64 71 82
79 84 79 84
39 58 39 58
6 56 6 31 56
13 67 13 28 37 51 67
18 72 18 22 43 44 55 67 72
36 72 36 37 51 67 72
20 39 20 39
24 89 24 27 44 84 89
26 72 26 42 62 72
33 80 33 51 80
39 76 39 58 68 69 76
7 43 7 43
17 89 17 33 51 59 89
42 62 42 62
3 89 3 9 20 39 58 77 89
21 37 21 26 28 37
22 59 22 34 59
0 87 0 13 26 42 62 72 87
18 22 18 22
16 67 16 35 39 58 67
36 37 36 37
39 58 39 58
3 72 3 30 44 55 67 72
20 76 20 40 68 69 76
23 72 23 37 72
5 29 5 6 16 29
26 58 26 28 35 39 58
53 84 53 84
7 25 7 14 25
15 63 15 26 28 41 57 63
67 72 67 72
36 77 36 37 77
19 80 19 43 52 80
12 66 12 66
26 73 26 42 51 67 73
17 49 17 33 49
18 73 18 22 31 43 44 55 58 67 73
22 34 22 34
30 84 30 34 79 84
2 86 2 23 49 72 86
18 79 18 22 31 43 44 79
28 51 28 37 51
42 64 42 51 59 64
37 49 37 49
22 76 22 43 44 55 58 68 69 76
17 76 17 33 49 76
41 70 41 70
56 74 56 74
8 55 8 9 20 55
31 56 31 56
33 69 33 49 69
0 77 0 13 20 55 58 77
72 87 72 87
33 71 33 51 59 64 71
43 89 43 52 77 89
19 84 19 43 44 84
55 74 55 58 68 74
43 88 43 44 79 88
4 51 4 23 37 51
2 87 2 33 62 72 87
6 77 6 77
28 58 28 35 39 58
14 77 14 34 48 52 77
7 68 7 14 25 35 39 58 68
43 52 43 52
35 71 35 59 64 71
2 81 2 23 37 51 80 81
6 44 6 31 43 44
8 51 8 28 37 51
12 73 12 37 51 67 73
28 87 28 87
5 75 5 6 37 48 75
0 33 0 10 17 33
36 88 36 37 48 88
17 70 17 70
7 34 7 14 34
36 59 36 37 59
31 68 31 68
1 42 1 13 26 42
5 81 5 75 80 81
22 74 22 43 44 55 58 68 74
22 34 22 34
5 82 5 64 82
34 59 34 59
0 48 0 13 26 28 37 48
55 73 55 58 67 73
33 59 33 51 59
10 40 10 17 20 40
26 83 26 28 41 70 81 83
10 59 10 17 33 51 59
31 69 31 43 44 55 58 68 69
79 84 79 84
33 89 33 51 59 89
16 64 16 29 48 52 64
18 58 18 20 39 58
41 69 41 49 69
3 48 3 37 48
9 87 9 20 39 58 67 72 87
6 87 6 31 43 87
6 68 6 31 43 44 55 58 68
49 87 49 72 87
0 33 0 10 17 33
75 81 75 80 81
48 80 48 52 80
28 41 28 41
25 65 25 38 65
25 63 25 63
6 76 6 31 43 44 55 58 68 69 76
3 76 3 30 44 55 58 68 69 76
36 77 36 37 77
20 39 20 39
28 87 28 41 57 72 87
48 77 48 52 77
4 76 4 23 37 76
34 64 34 48 52 64
0 48 0 13 26 28 37 48
7 43 7 43
1 40 1 2 9 20 40
17 76 17 33 49 76
27 58 27 44 55 58
28 63 28 41 57 63
36 71 36 59 64 71
47 83 47 80 81 83
17 83 17 70 81 83
16 86 16 86
22 76 22 43 44 55 58 68 69 76
16 77 16 29 48 52 77
13 74 13 68 74
26 72 26 28 41 49 72
3 58 3 30 44 55 58
16 86 16 86
26 88 26 88
67 73 67 73
1 2 1 2
19 76 19 69 76
17 67 17 33 51 67
33 59 33 51 59
21 72 21 58 67 72
33 59 33 51 59
21 72 21 58 67 72
26 42 26 42
7 88 7 62 72 88
59 82 59 64 82
37 76 37 76
9 89 9 20 55 58 77 89
27 74 27 44 55 58 68 74
15 39 15 26 28 35 39
14 41 14 28 41
40 68 40 68
1 2 1 2
3 9 3 9
12 72 12 72
7 64 7 64
16 64 16 35 59 64
9 64 9 20 56 64
38 65 38 65
15 55 15 22 31 43 44 55
15 43 15 22 43
13 60 13 28 41 50 60
26 48 26 28 37 48
10 82 10 24 27 44 55 67 82
10 75 10 30 34 48 75
48 75 48 75
10 61 10 17 33 61
14 86 14 28 35 39 58 67 72 86
3 9 3 9
1 58 1 2 9 20 39 58
0 59 0 10 30 34 59
35 86 35 39 58 67 72 86
26 48 26 28 37 48
28 35 28 35
36 81 36 81
16 29 16 29
1 81 1 2 23 37 52 80 81
1 41 1 7 14 28 41
4 51 4 23 37 51
45 83 45 83
41 69 41 49 69
7 62 7 62
55 72 55 67 72
15 26 15 26
37 88 37 72 88
3 34 3 30 34
55 69 55 58 68 69
53 81 53 80 81
15 43 15 22 43
29 52 29 48 52
3 72 3 37 49 72
24 79 24 27 44 79
8 9 8 9
4 68 4 30 44 55 58 68
4 67 4 23 37 51 67
66 89 66 77 89
21 89 21 26 42 51 59 89
33 72 33 49 72
19 89 19 43 44 55 84 89
39 69 39 58 68 69
0 84 0 27 79 84
18 73 18 20 55 67 73
8 74 8 9 20 55 58 68 74
4 59 4 23 37 59
48 75 48 75
23 32 23 32
48 75 48 75
67 73 67 73
1 7 1 7
41 78 41 57 78
25 65 25 35 39 65
28 70 28 41 70
4 55 4 30 44 55
3 39 3 9 20 39
18 22 18 22
49 86 49 72 86
63 65 63 65
44 84 44 84
15 67 15 22 31 43 44 55 67
4 83 4 23 37 51 80 81 83
21 83 21 26 42 51 80 81 83
51 82 51 67 82
30 58 30 44 55 58
13 29 13 29
59 89 59 89
35 88 35 39 58 67 72 88
25 76 25 40 68 69 76
9 40 9 20 40
55 84 55 84
21 51 21 42 51
14 72 14 25 62 72
10 70 10 17 70
1 43 1 7 43
25 63 25 63
31 79 31 43 44 79
9 55 9 20 55
42 80 42 51 80
53 89 53 84 89
28 81 28 37 48 75 80 81
75 80 75 80
27 83 27 79 83
18 59 18 59
7 63 7 14 28 41 57 63
5 64 5 52 64
0 86 0 10 48 52 64 86
21 26 21 26
30 68 30 44 55 58 68
17 49 17 33 49
6 59 6 37 59
17 56 17 20 56
72 86 72 86
55 69 55 58 68 69
57 86 57 72 86
6 88 6 37 48 88
7 42 7 14 42
36 60 36 50 60
15 74 15 30 44 55 58 68 74
10 49 10 17 33 49
51 59 51 59
42 72 42 51 67 72
28 51 28 37 51
28 35 28 35
2 56 2 9 20 56
16 74 16 35 39 58 68 74
56 82 56 82
14 83 14 28 37 52 80 81 83
17 82 17 33 51 67 82
20 73 20 55 67 73
12 45 12 45
17 67 17 33 51 67
12 60 12 50 60
30 48 30 48
16 68 16 35 39 58 68
13 42 13 26 42
25 35 25 35
67 86 67 72 86
14 67 14 42 51 67
7 58 7 14 25 35 39 58
16 77 16 29 48 52 77
15 43 15 22 43
23 64 23 37 51 59 64
0 13 0 13
7 63 7 57 63
18 87 18 20 39 87
31 79 31 43 44 79
24 27 24 27
35 86 35 39 58 67 72 86
0 24 0 10 24
24 82 24 71 82
13 75 13 28 37 48 75
45 77 45 77
39 89 39 58 77 89
42 51 42 51
77 89 77 89
1 37 1 2 23 37
28 52 28 37 48 52
4 23 4 23
6 79 6 31 43 44 79
36 75 36 37 48 75
8 51 8 28 37 51
52 80 52 80
14 73 14 28 35 39 58 67 73
31 84 31 43 44 55 84
58 67 58 67
18 22 18 22
1 40 1 7 14 25 40
23 86 23 49 72 86
12 64 12 45 64
34 48 34 48
37 51 37 51
17 76 17 20 40 68 69 76
7 76 7 43 44 55 58 68 69 76
16 86 16 35 59 64 86
6 72 6 16 35 39 58 67 72
0 79 0 10 24 27 79
6 16 6 16
15 34 15 22 34
37 52 37 52
25 84 25 79 84
21 89 21 58 77 89
11 68 11 68
24 79 24 27 79
4 89 4 23 37 51 59 89
42 64 42 51 59 64
4 74 4 74
7 77 7 43 44 55 58 77
80 83 80 81 83
8 28 8 28
33 86 33 62 72 86
16 87 16 87
22 43 22 31 43
23 51 23 37 51
25 79 25 79
42 87 42 51 67 72 87
21 82 21 42 51 59 64 71 82
42 64 42 51 59 64
17 77 17 20 55 58 77
8 28 8 28
38 89 38 89
1 39 1 2 9 20 39
27 72 27 44 55 67 72
0 76 0 10 30 44 55 58 68 69 76
16 52 16 29 48 52
4 55 4 30 44 55
3 69 3 27 44 55 58 68 69
14 89 14 28 77 89
7 84 7 43 44 55 84
9 87 9 20 39 58 67 72 87
35 68 35 39 58 68
12 49 12 37 49
24 89 24 89
11 76 11 68 69 76
7 88 7 57 72 88
31 69 31 43 44 55 58 68 69
1 87 1 13 26 42 62 72 87
67 87 67 72 87
36 88 36 37 72 88
25 79 25 79
45 71 45 64 71
27 74 27 44 55 58 68 74
10 51 10 17 33 51
26 48 26 28 37 48
29 48 29 48
44 79 44 79
58 86 58 67 72 86
51 86 51 67 72 86
23 75 23 37 48 75
7 55 7 43 44 55
55 67 55 67
42 62 42 62
42 82 42 51 67 82
44 79 44 79
4 30 4 30
5 84 5 79 84
13 75 13 28 37 48 75
17 69 17 58 68 69
30 75 30 48 75
2 56 2 9 20 56
26 83 26 42 51 80 81 83
17 69 17 20 55 58 68 69
1 13 1 13
1 87 1 2 9 62 72 87
14 85 14 25 85
19 81 19 43 52 80 81
20 76 20 55 58 68 69 76
21 62 21 42 62
3 39 3 9 20 39
13 65 13 20 39 65
37 49 37 49
29 52 29 48 52
14 52 14 28 37 52
9 86 9 62 72 86
52 77 52 77
44 84 44 55 84
17 58 17 58
5 6 5 6
3 62 3 9 62
5 76 5 6 16 35 39 58 68 69 76
25 87 25 62 72 87
6 68 6 16 35 39 58 68
4 72 4 49 72
59 89 59 89
4 82 4 82
25 49 25 33 49
44 83 44 79 83
18 75 18 22 34 48 75
8 60 8 41 50 60
21 51 21 26 28 37 51
24 27 24 27
20 86 20 56 64 86
18 76 18 22 31 43 44 55 58 68 69 76
56 71 56 64 71
7 77 7 14 28 37 48 52 77
1 88 1 2 33 62 72 88
25 39 25 35 39
23 78 23 66 78
44 55 44 55
18 22 18 22
58 74 58 68 74
6 68 6 16 35 39 58 68
17 77 17 58 77
1 44 1 7 43 44
36 80 36 37 48 75 80
13 60 13 28 41 50 60
39 73 39 58 67 73
30 81 30 48 52 80 81
41 69 41 49 69
1 69 1 49 69
49 88 49 72 88
3 79 3 30 44 79
7 85 7 14 25 85
10 17 10 17
6 88 6 88
3 89 3 38 89
17 20 17 20
4 76 4 23 49 76
7 25 7 14 25
4 49 4 49
41 57 41 57
27 76 27 44 55 58 68 69 76
4 89 4 30 34 79 84 89
42 51 42 51
31 55 31 43 44 55
6 71 6 31 43 52 71
35 39 35 39
67 87 67 72 87
35 39 35 39
10 61 10 17 33 61
47 75 47 75
33 69 33 49 69
6 37 6 37
0 56 0 20 56
22 68 22 31 68
13 74 13 68 74
2 78 2 9 20 40 78
18 81 18 22 34 48 75 80 81
17 74 17 58 68 74
3 64 3 37 51 59 64
3 48 3 37 48
4 84 4 30 34 79 84
47 80 47 80
5 49 5 6 37 49
4 34 4 30 34
4 32 4 23 32
21 81 21 42 51 80 81
0 24 0 10 24
6 29 6 16 29
10 40 10 17 20 40
22 87 22 31 43 87
10 44 10 24 27 44
14 48 14 28 37 48
8 41 8 28 41
22 75 22 34 48 75
58 76 58 68 69 76
19 38 19 38
33 62 33 62
53 80 53 80
16 67 16 35 39 58 67
23 51 23 37 51
14 48 14 28 37 48
0 28 0 13 26 28
18 65 18 20 39 65
15 87 15 30 44 55 67 72 87
21 51 21 42 51
4 87 4 30 44 55 58 67 72 87
23 49 23 49
25 82 25 35 39 58 67 82
51 80 51 80
0 45 0 45
25 84 25 79 84
48 64 48 52 64
0 35 0 13 26 28 35
4 30 4 30
48 80 48 52 80
25 84 25 79 84
7 68 7 14 28 68
3 67 3 37 51 67
37 72 37 51 67 72
33 78 33 78
30 82 30 48 52 71 82
18 72 18 20 55 58 67 72
41 57 41 57
0 57 0 13 26 28 41 57
14 63 14 25 63
30 44 30 44
36 50 36 50
0 48 0 10 30 34 48
23 51 23 37 51
41 50 41 50
13 75 13 26 28 37 48 75
72 86 72 86
21 72 21 26 28 41 57 72
51 82 51 59 64 71 82
16 82 16 35 39 58 67 82
41 57 41 57
7 42 7 14 42
11 82 11 59 64 71 82
1 88 1 2 23 37 72 88
10 69 10 30 44 55 58 68 69
15 44 15 30 44
8 87 8 41 49 72 87
8 28 8 28
66 78 66 78
21 59 21 42 51 59
15 51 15 26 28 37 51
34 52 34 48 52
9 62 9 62
39 76 39 58 68 69 76
25 76 25 35 39 58 68 69 76
39 65 39 65
25 85 25 85
2 87 2 33 49 72 87
9 68 9 20 39 58 68
41 63 41 63
22 43 22 43
8 70 8 28 41 70
55 67 55 58 67
27 77 27 44 55 58 77
42 62 42 62
19 38 19 38
13 28 13 28
24 82 24 71 82
3 69 3 30 44 55 58 68 69
68 76 68 69 76
14 42 14 42
5 89 5 89
17 78 17 78
15 30 15 30
4 55 4 30 44 55
43 55 43 44 55
43 89 43 44 84 89
0 13 0 13
8 73 8 9 20 39 58 67 73
9 89 9 20 39 58 77 89
19 58 19 43 44 55 58
3 82 3 37 59 64 82
48 52 48 52
1 23 1 2 23
17 56 17 20 56
21 52 21 26 28 37 52
37 48 37 48
26 72 26 42 62 72
13 56 13 20 56
10 62 10 17 33 62
27 78 27 78
59 64 59 64
47 82 47 75 82
6 16 6 16
26 28 26 28
0 56 0 13 20 56
57 86 57 72 86
41 49 41 49
19 83 19 43 52 80 81 83
4 87 4 30 44 55 58 67 72 87
18 84 18 22 31 43 44 55 84
1 23 1 2 23
40 68 40 68
39 58 39 58
12 52 12 29 48 52
45 77 45 77
14 74 14 28 35 39 58 68 74
20 73 20 39 58 67 73
7 35 7 14 25 35
12 24 12 24
8 70 8 28 41 70
28 51 28 37 51
29 88 29 48 75 88
9 87 9 20 55 58 67 72 87
35 71 35 59 64 71
6 51 6 37 51
7 55 7 43 44 55
26 42 26 42
44 89 44 84 89
14 28 14 28
51 67 51 67
17 69 17 33 49 69
0 61 0 10 17 33 61
14 72 14 25 35 39 58 67 72
24 27 24 27
53 89 53 84 89
43 88 43 44 79 88
27 79 27 79
3 34 3 30 34
26 72 26 42 51 67 72
7 43 7 43
31 55 31 43 44 55
29 52 29 48 52
31 84 31 43 44 79 84
3 69 3 9 20 55 58 68 69
4 34 4 30 34
15 55 15 22 43 44 55
19 86 19 62 72 86
4 89 4 23 66 77 89
26 71 26 28 35 59 64 71
31 56 31 56
16 71 16 35 59 64 71
0 13 0 13
37 59 37 51 59
43 52 43 52
55 68 55 58 68
22 75 22 34 48 75
21 74 21 58 68 74
14 69 14 28 41 49 69
13 83 13 29 48 52 80 81 83
13 74 13 68 74
9 56 9 20 56
24 89 24 89
33 62 33 62
35 65 35 39 65
10 51 10 17 33 51
22 81 22 43 52 80 81
2 86 2 56 64 86
39 68 39 58 68
22 74 22 43 44 55 58 68 74
13 51 13 26 42 51
4 87 4 30 44 55 67 72 87
70 82 70 82
1 55 1 2 9 20 55
15 63 15 26 28 41 57 63
25 76 25 33 49 69 76
10 33 10 17 33
25 71 25 35 59 64 71
5 35 5 6 16 35
8 64 8 28 37 52 64
66 77 66 77
4 72 4 30 44 55 58 67 72
9 20 9 20
26 48 26 28 37 48
14 28 14 28
5 79 5 6 31 43 44 79
28 48 28 37 48
8 51 8 28 37 51
15 22 15 22
12 60 12 50 60
51 86 51 59 64 86
23 75 23 37 48 75
17 78 17 78
15 63 15 26 28 41 63
79 88 79 88
20 86 20 55 58 67 72 86
1 7 1 7
17 33 17 33
28 82 28 82
0 61 0 10 17 33 61
49 72 49 72
17 69 17 20 40 68 69
0 28 0 13 28
28 82 28 64 82
16 52 16 29 48 52
31 77 31 43 44 55 58 77
66 78 66 78
8 9 8 9
4 55 4 30 44 55
18 71 18 20 56 64 71
26 48 26 28 37 48
33 88 33 62 72 88
67 82 67 82
7 84 7 43 44 84
4 87 4 49 72 87
1 64 1 2 33 51 59 64
28 63 28 41 63
55 67 55 67
1 43 1 7 43
66 77 66 77
58 76 58 68 69 76
5 72 5 72
3 67 3 37 51 67
39 87 39 58 67 72 87
8 64 8 9 20 56 64
34 71 34 59 64 71
37 82 37 48 75 82
20 89 20 39 58 77 89
2 67 2 9 20 39 58 67
14 69 14 25 35 39 58 68 69
19 82 19 43 44 55 58 67 82
16 29 16 29
25 87 25 33 49 72 87
10 40 10 17 20 40
2 56 2 9 20 56
19 64 19 43 52 64
26 72 26 28 35 39 58 67 72
7 84 7 14 25 79 84
15 74 15 22 43 44 55 58 68 74
10 20 10 17 20
34 77 34 48 52 77
15 39 15 26 28 35 39
23 86 23 49 72 86
1 88 1 13 20 55 58 67 72 88
34 48 34 48
1 13 1 13
3 67 3 27 44 55 58 67
28 68 28 68
2 39 2 9 20 39
2 9 2 9
1 41 1 13 26 28 41
1 78 1 13 28 41 57 78
8 55 8 9 20 55
1 64 1 13 28 35 59 64
31 43 31 43
25 39 25 35 39
19 86 19 43 44 55 58 67 72 86
8 41 8 28 41
31 86 31 56 64 86
3 37 3 37
26 48 26 28 37 48
6 31 6 31
80 81 80 81
19 58 19 43 44 55 58
44 55 44 55
33 88 33 62 72 88
43 71 43 52 71
24 82 24 71 82
4 76 4 30 44 55 58 68 69 76
0 69 0 27 44 55 58 68 69
1 88 1 37 49 72 88
36 83 36 37 48 75 80 81 83
3 55 3 27 44 55
0 34 0 10 30 34
2 33 2 33
10 68 10 30 44 55 58 68
54 81 54 81
6 31 6 31
28 63 28 41 63
28 48 28 37 48
8 62 8 9 62
7 64 7 43 52 64
23 64 23 37 52 64
13 84 13 20 55 84
10 44 10 24 27 44
4 72 4 23 49 72
18 81 18 22 34 48 75 80 81
16 82 16 35 39 58 67 82
9 86 9 62 72 86
16 88 16 29 48 75 88
17 89 17 58 77 89
58 68 58 68
3 38 3 38
16 88 16 35 39 58 67 72 88
80 83 80 81 83
1 69 1 37 49 69
10 34 10 30 34
3 79 3 30 34 79
39 69 39 58 68 69
12 84 12 84
34 71 34 48 52 64 71
20 89 20 39 58 77 89
12 73 12 24 73
17 78 17 20 40 78
33 89 33 51 59 89
13 83 13 26 28 37 51 80 81 83
48 64 48 52 64
2 59 2 23 37 51 59
3 27 3 27
26 82 26 28 82
24 73 24 27 44 55 67 73
1 65 1 7 14 28 35 39 65
13 67 13 28 37 51 67
7 48 7 14 28 37 48
9 68 9 20 40 68
13 28 13 28
2 77 2 23 66 77
14 84 14 25 79 84
25 84 25 79 84
6 44 6 31 43 44
67 86 67 72 86
35 71 35 59 64 71
11 71 11 59 64 71
19 56 19 56
14 77 14 28 37 77
48 81 48 75 80 81
30 59 30 34 59
13 20 13 20
28 58 28 35 39 58
13 89 13 28 77 89
42 87 42 51 67 72 87
8 74 8 9 20 40 68 74
14 85 14 25 85
31 69 31 68 69
7 57 7 57
10 86 10 24 27 44 55 67 72 86
14 65 14 28 35 39 65
56 64 56 64
8 71 8 9 20 56 64 71
15 48 15 30 48
36 67 36 37 51 67
35 59 35 59
16 82 16 35 39 58 67 82
13 35 13 26 28 35
45 64 45 64
39 69 39 58 68 69
15 71 15 26 42 51 59 64 71
3 82 3 82
9 87 9 62 72 87
64 71 64 71
40 76 40 68 69 76
47 82 47 75 82
30 77 30 48 52 77
5 65 5 6 16 35 39 65
20 40 20 40
34 64 34 48 52 64
24 74 24 27 44 55 58 68 74
10 44 10 30 44
41 88 41 49 72 88
2 78 2 78
10 17 10 17
2 74 2 56 74
21 57 21 26 28 41 57
23 71 23 37 52 71
31 55 31 43 44 55
15 82 15 26 42 51 67 82
10 33 10 17 33
20 73 20 73
43 87 43 44 55 58 67 72 87
51 67 51 67
26 42 26 42
22 64 22 34 59 64
31 77 31 43 44 55 58 77
0 35 0 13 28 35
7 34 7 14 34
7 43 7 43
26 37 26 28 37
13 82 13 28 82
36 75 36 37 48 75
16 52 16 29 48 52
26 65 26 28 41 63 65
10 30 10 30
52 80 52 80
25 63 25 63
52 77 52 77
18 20 18 20
19 52 19 43 52
13 68 13 28 68
1 58 1 39 58
22 81 22 31 43 52 80 81
0 81 0 13 28 41 70 81
20 73 20 55 58 67 73
30 77 30 48 52 77
23 32 23 32
15 44 15 22 31 43 44
5 89 5 79 84 89
23 82 23 37 48 52 64 71 82
44 67 44 55 58 67
3 30 3 30
21 39 21 26 28 35 39
3 75 3 30 34 48 75
58 82 58 67 82
35 82 35 39 58 67 82
21 26 21 26
21 82 21 26 28 64 82
13 75 13 28 37 48 75
44 89 44 55 84 89
26 65 26 28 35 39 65
62 86 62 72 86
1 78 1 2 78
31 89 31 43 52 77 89
36 75 36 37 48 75
11 89 11 59 89
30 44 30 44
20 40 20 40
34 80 34 48 52 80
16 77 16 35 39 58 77
15 67 15 30 44 55 58 67
17 82 17 33 51 59 64 71 82
31 84 31 43 44 55 84
42 62 42 62
77 89 77 89
37 51 37 51
17 73 17 33 51 67 73
25 77 25 35 39 58 77
0 27 0 27
7 88 7 43 44 55 58 67 72 88
2 80 2 23 37 52 80
52 71 52 71
17 49 17 33 49
10 24 10 24
30 77 30 34 48 52 77
2 80 2 23 37 51 80
10 30 10 30
1 7 1 7
23 32 23 32
72 87 72 87
17 89 17 20 39 58 77 89
14 89 14 28 77 89
29 89 29 48 52 77 89
19 56 19 56
9 68 9 20 55 58 68
35 67 35 39 58 67
39 76 39 76
4 86 4 30 34 48 52 64 86
56 82 56 82
37 72 37 72
12 51 12 37 51
28 68 28 35 39 58 68
0 61 0 10 17 33 61
21 58 21 26 28 35 39 58
67 82 67 82
11 88 11 88
55 84 55 84
2 74 2 9 20 39 58 68 74
20 87 20 55 67 72 87
12 73 12 73
17 67 17 33 51 67
77 89 77 89
43 88 43 44 79 88
1 26 1 13 26
1 89 1 2 23 66 77 89
36 72 36 37 72
55 69 55 58 68 69
19 68 19 43 44 55 58 68
28 52 28 37 48 52
15 89 15 26 42 51 59 89
14 84 14 25 79 84
42 67 42 51 67
21 62 21 42 62
7 14 7 14
21 89 21 58 77 89
19 84 19 43 44 55 84
14 83 14 34 79 83
45 64 45 64
51 88 51 67 72 88
0 24 0 10 24
31 89 31 43 52 77 89
33 88 33 62 72 88
9 62 9 62
79 84 79 84
24 55 24 27 44 55
5 52 5 6 16 29 48 52
1 40 1 2 9 20 40
11 89 11 59 89
36 87 36 37 51 67 72 87
23 51 23 37 51
34 86 34 86
39 88 39 58 67 72 88
24 82 24 27 44 55 67 82
51 72 51 67 72
39 58 39 58
1 13 1 13
0 77 0 10 30 44 55 58 77
41 57 41 57
3 82 3 30 34 48 52 64 71 82
26 82 26 28 82
7 88 7 62 72 88
42 72 42 51 67 72
17 32 17 32
4 70 4 70
23 51 23 37 51
15 58 15 26 28 35 39 58
0 48 0 13 29 48
14 85 14 25 85
24 71 24 71
7 39 7 14 25 35 39
49 76 49 69 76
43 89 43 44 55 84 89
33 49 33 49
35 76 35 39 58 68 69 76
68 76 68 69 76
2 66 2 23 66
30 68 30 44 55 58 68
45 77 45 77
37 77 37 77
7 77 7 43 52 77
45 83 45 83
59 89 59 89
14 52 14 28 37 48 52
28 78 28 41 57 78
62 72 62 72
24 83 24 83
4 89 4 30 34 79 84 89
10 40 10 17 20 40
0 79 0 10 30 44 79
5 82 5 64 82
28 52 28 37 48 52
10 39 10 17 20 39
47 83 47 75 80 81 83
52 80 52 80
11 71 11 59 64 71
54 81 54 81
5 37 5 6 37
27 88 27 88
39 88 39 58 67 72 88
40 68 40 68
30 81 30 48 52 80 81
44 88 44 55 58 67 72 88
11 59 11 59
25 76 25 35 39 58 68 69 76
72 87 72 87
67 73 67 73
0 79 0 10 24 27 79
2 68 2 9 20 55 58 68
0 40 0 10 17 20 40
18 39 18 20 39
20 55 20 55
17 61 17 33 61
13 55 13 20 55
39 67 39 58 67
13 84 13 84
27 58 27 44 55 58
27 44 27 44
28 41 28 41
19 64 19 56 64
49 72 49 72
23 37 23 37
18 48 18 22 34 48
35 68 35 39 58 68
52 89 52 77 89
33 64 33 51 59 64
4 49 4 23 37 49
20 56 20 56
66 77 66 77
48 77 48 52 77
5 89 5 6 37 52 77 89
20 40 20 40
20 55 20 55
31 79 31 43 44 79
8 76 8 28 68 69 76
17 58 17 20 39 58
68 69 68 69
51 86 51 59 64 86
4 34 4 30 34
4 67 4 23 37 51 67
15 67 15 30 44 55 67
1 41 1 7 14 28 41
13 60 13 60
28 35 28 35
79 83 79 83
34 81 34 48 75 80 81
17 89 17 58 77 89
49 69 49 69
12 37 12 37
0 40 0 13 20 40
12 72 12 24 27 44 55 58 67 72
33 76 33 49 76
8 82 8 28 35 39 58 67 82
21 52 21 26 28 37 52
75 88 75 88
35 65 35 39 65
13 55 13 20 55
4 55 4 30 44 55
0 10 0 10
10 49 10 17 33 49
12 29 12 29
35 68 35 39 58 68
39 69 39 58 68 69
10 68 10 24 27 44 55 58 68
36 59 36 59
19 38 19 38
39 88 39 58 67 72 88
31 69 31 68 69
31 69 31 43 44 55 58 68 69
42 59 42 51 59
24 27 24 27
28 59 28 37 51 59
28 58 28 35 39 58
44 79 44 79
49 76 49 76
34 64 34 59 64
13 67 13 26 42 51 67
2 74 2 56 74
4 70 4 70
7 14 7 14
51 80 51 80
10 61 10 17 33 61
13 20 13 20
11 82 11 59 64 82
37 52 37 52
40 68 40 68
0 51 0 10 17 33 51
67 72 67 72
16 88 16 35 39 58 67 72 88
26 65 26 28 35 39 65
29 52 29 48 52
47 83 47 75 80 81 83
47 80 47 75 80
10 75 10 48 75
33 86 33 51 59 64 86
42 67 42 51 67
67 82 67 82
28 35 28 35
54 81 54 81
1 74 1 13 26 28 35 39 58 68 74
3 39 3 9 20 39
5 52 5 52
5 6 5 6
17 76 17 33 49 76
8 41 8 28 41
2 20 2 9 20
22 84 22 43 44 84
6 56 6 31 56
0 59 0 10 30 34 59
9 40 9 20 40
9 72 9 20 39 58 67 72
14 67 14 42 51 67
42 82 42 51 67 82
10 71 10 17 33 51 59 64 71
23 48 23 37 48
16 29 16 29
14 58 14 28 35 39 58
1 55 1 7 43 44 55
81 83 81 83
6 86 6 37 52 64 86
20 73 20 73
14 62 14 42 62
13 56 13 20 56
7 85 7 14 25 85
28 39 28 35 39
14 63 14 28 41 57 63
5 88 5 75 88
52 83 52 80 81 83
25 85 25 85
7 76 7 14 28 35 39 58 68 69 76
6 79 6 31 43 44 79
10 87 10 24 27 44 55 67 72 87
4 70 4 70
3 38 3 38
1 39 1 13 20 39
84 89 84 89
42 83 42 51 80 81 83
10 82 10 24 27 44 55 58 67 82
12 64 12 37 51 59 64
6 71 6 16 35 59 64 71
2 48 2 23 37 48
3 87 3 27 44 55 67 72 87
3 34 3 30 34
28 41 28 41
0 48 0 13 26 28 37 48
21 39 21 26 28 35 39
12 24 12 24
21 58 21 58
35 82 35 59 64 82
25 38 25 38
55 72 55 67 72
5 64 5 64
14 25 14 25
24 82 24 71 82
20 65 20 39 65
9 62 9 62
36 83 36 37 52 80 81 83
26 39 26 28 35 39
10 71 10 24 71
6 79 6 31 43 44 79
68 69 68 69
16 64 16 35 59 64
25 33 25 33
51 89 51 59 89
45 71 45 64 71
21 58 21 58
0 27 0 27
25 38 25 38
0 48 0 13 29 48
43 87 43 44 55 67 72 87
25 84 25 79 84
3 48 3 30 34 48
20 56 20 56
41 63 41 63
34 84 34 79 84
29 89 29 48 52 77 89
58 82 58 67 82
10 51 10 17 33 51
13 77 13 26 28 37 52 77
34 52 34 48 52
2 48 2 23 37 48
39 67 39 58 67
34 80 34 48 52 80
36 86 36 37 59 64 86
53 81 53 80 81
3 79 3 27 44 79
22 43 22 43
10 74 10 30 44 55 58 68 74
1 85 1 7 14 25 85
9 89 9 20 39 58 77 89
12 75 12 37 48 75
9 89 9 20 55 84 89
1 26 1 13 26
15 74 15 22 31 68 74
3 9 3 9
16 82 16 29 48 52 71 82
27 74 27 44 55 58 68 74
2 82 2 9 71 82
7 83 7 43 52 80 81 83
4 66 4 23 66
14 25 14 25
6 16 6 16
21 51 21 42 51
4 30 4 30
8 74 8 9 20 40 68 74
8 82 8 28 64 82
7 69 7 14 25 35 39 58 68 69
5 35 5 6 16 35
0 27 0 27
25 39 25 35 39
19 82 19 43 44 55 67 82
24 27 24 27
23 72 23 37 49 72
18 20 18 20
16 77 16 29 48 52 77
14 52 14 34 48 52
30 82 30 44 55 67 82
17 82 17 58 67 82
21 39 21 26 28 35 39
3 82 3 30 34 48 52 64 82
1 68 1 13 20 40 68
13 89 13 26 42 51 59 89
25 87 25 35 39 87
42 51 42 51
18 69 18 22 31 43 44 55 58 68 69
4 76 4 23 49 69 76
26 73 26 73
34 86 34 59 64 86
57 86 57 72 86
18 71 18 22 34 48 52 64 71
21 82 21 42 51 59 64 71 82
7 63 7 57 63
15 58 15 26 28 35 39 58
22 48 22 34 48
12 44 12 24 27 44
43 71 43 52 71
10 68 10 30 44 55 58 68
31 86 31 43 52 64 86
44 84 44 84
3 88 3 37 48 88
10 62 10 17 33 62
34 79 34 79
33 59 33 51 59
75 80 75 80
43 52 43 52
75 82 75 82
35 76 35 39 58 68 69 76
18 40 18 20 40
59 82 59 64 71 82
5 72 5 72
26 39 26 28 35 39
7 49 7 14 25 33 49
31 80 31 43 52 80
1 73 1 2 33 51 67 73
28 35 28 35
0 57 0 13 28 41 57
25 77 25 35 39 58 77
23 75 23 37 48 75
21 74 21 58 68 74
53 84 53 84
15 87 15 26 42 62 72 87
39 82 39 58 67 82
0 69 0 20 55 58 68 69
23 71 23 37 51 59 64 71
14 48 14 28 37 48
4 82 4 82
10 48 10 48
13 35 13 26 28 35
4 89 4 23 37 59 89
7 37 7 14 28 37
14 51 14 28 37 51
25 89 25 38 89
48 64 48 52 64
2 77 2 23 37 52 77
10 62 10 17 33 62
33 59 33 51 59
33 80 33 51 80
17 70 17 70
14 59 14 42 51 59
16 68 16 35 39 58 68
1 40 1 13 20 40
43 52 43 52
3 48 3 30 48
14 67 14 42 51 67
39 77 39 58 77
44 79 44 79
35 68 35 39 58 68
0 56 0 20 56
84 89 84 89
39 77 39 58 77
14 38 14 25 38
72 88 72 88
25 49 25 33 49
9 64 9 20 56 64
28 52 28 37 48 52
18 34 18 22 34
23 78 23 66 78
26 76 26 28 68 69 76
14 49 14 28 37 49
8 28 8 28
7 35 7 14 25 35
33 62 33 62
19 76 19 69 76
34 48 34 48
39 76 39 58 68 69 76
7 85 7 14 25 85
15 74 15 26 28 35 39 58 68 74
18 72 18 22 31 43 44 55 58 67 72
4 86 4 23 49 72 86
13 84 13 84
14 73 14 42 51 67 73
3 64 3 30 48 52 64
48 75 48 75
2 89 2 33 51 59 89
72 87 72 87
8 35 8 28 35
17 74 17 20 56 74
5 65 5 6 16 35 39 65
8 75 8 28 37 48 75
43 73 43 44 55 67 73
28 58 28 35 39 58
7 43 7 43
12 44 12 24 27 44
18 22 18 22
4 69 4 23 49 69
24 79 24 27 79
21 63 21 26 28 41 57 63
22 58 22 43 44 55 58
33 59 33 51 59
75 88 75 88
21 77 21 26 28 37 48 52 77
21 71 21 42 51 59 64 71
42 64 42 51 59 64
19 58 19 43 44 55 58
20 56 20 56
18 75 18 22 34 48 75
79 84 79 84
14 59 14 28 37 51 59
10 70 10 17 70
9 40 9 20 40
10 48 10 30 34 48
7 55 7 43 44 55
43 87 43 87
18 43 18 22 31 43
1 65 1 13 20 39 65
34 77 34 48 52 77
4 52 4 23 37 52
3 69 3 37 49 69
18 20 18 20
42 62 42 62
17 82 17 70 82
15 87 15 22 31 43 44 55 58 67 72 87
25 85 25 85
21 37 21 26 28 37
10 78 10 24 27 78
4 30 4 30
15 86 15 30 48 52 64 86
36 75 36 37 48 75
17 73 17 58 67 73
5 89 5 89
10 71 10 17 20 56 64 71
26 80 26 28 37 52 80
14 58 14 25 35 39 58
22 68 22 43 44 55 58 68
22 81 22 43 52 80 81
33 72 33 49 72
45 77 45 77
43 72 43 44 55 67 72
27 72 27 44 55 58 67 72
38 65 38 65
34 86 34 59 64 86
51 82 51 67 82
1 13 1 13
18 65 18 20 39 65
22 31 22 31
12 60 12 60
14 61 14 25 33 61
25 79 25 79
10 82 10 30 48 52 64 71 82
0 45 0 45
12 66 12 66
15 58 15 30 44 55 58
42 89 42 51 59 89
8 60 8 28 41 50 60
12 60 12 60
45 64 45 64
14 48 14 28 37 48
27 76 27 44 55 58 68 69 76
13 75 13 28 37 48 75
0 89 0 10 24 27 79 84 89
80 83 80 81 83
26 42 26 42
33 80 33 51 80
36 48 36 37 48
31 55 31 43 44 55
67 72 67 72
22 64 22 43 52 64
2 56 2 9 20 56
12 84 12 84
25 33 25 33
2 66 2 23 66
1 70 1 7 14 28 41 70
31 86 31 43 44 55 67 72 86
18 22 18 22
1 55 1 2 9 20 55
7 34 7 14 34
55 73 55 67 73
4 59 4 23 37 59
1 87 1 37 72 87
4 49 4 49
16 86 16 86
53 80 53 80
5 71 5 6 16 29 48 52 71
7 39 7 14 25 35 39
2 59 2 33 51 59
7 70 7 14 28 41 70
17 74 17 58 68 74
37 49 37 49
45 50 45 50
36 71 36 59 64 71
3 9 3 9
14 52 14 34 48 52
0 48 0 13 28 37 48
39 82 39 58 67 82
10 64 10 48 52 64
64 86 64 86
23 37 23 37
3 79 3 30 34 79
80 81 80 81
3 68 3 9 20 55 58 68
10 59 10 17 33 51 59
41 88 41 57 72 88
4 83 4 70 81 83
27 44 27 44
13 50 13 26 28 41 50
14 67 14 42 51 67
15 44 15 22 31 43 44
67 86 67 72 86
30 82 30 34 59 64 71 82
33 89 33 51 59 89
5 52 5 6 16 29 48 52
41 76 41 76
15 63 15 26 28 41 57 63
7 84 7 43 44 55 84
12 49 12 37 49
20 87 20 55 58 67 72 87
12 75 12 75
7 89 7 89
2 59 2 33 51 59
64 86 64 86
14 38 14 25 38
11 76 11 68 69 76
26 28 26 28
30 58 30 44 55 58
25 79 25 79
39 89 39 58 77 89
7 59 7 14 28 35 59
18 69 18 22 31 43 44 55 58 68 69
48 75 48 75
28 51 28 37 51
21 82 21 26 42 51 67 82
15 44 15 22 43 44
2 23 2 23
8 62 8 9 62
7 62 7 14 42 62
49 87 49 72 87
6 37 6 37
6 44 6 31 43 44
41 78 41 57 78
35 64 35 59 64
13 77 13 28 35 39 58 77
25 89 25 79 84 89
9 86 9 20 56 64 86
75 88 75 88
31 64 31 56 64
39 58 39 58
45 77 45 77
28 48 28 37 48
25 84 25 79 84
18 48 18 22 34 48
21 77 21 26 28 77
4 23 4 23
44 83 44 79 83
66 89 66 77 89
0 78 0 13 28 41 57 78
20 65 20 39 65
13 59 13 26 28 35 59
13 35 13 26 28 35
6 49 6 37 49
12 49 12 37 49
6 16 6 16
28 58 28 35 39 58
8 41 8 41
4 89 4 30 34 48 52 77 89
18 31 18 22 31
51 72 51 67 72
25 61 25 33 61
25 40 25 40
4 82 4 23 37 48 75 82
10 39 10 17 20 39
5 75 5 6 37 48 75
0 26 0 13 26
43 89 43 44 79 84 89
2 56 2 9 20 56
37 77 37 52 77
5 76 5 6 37 49 69 76
10 62 10 17 33 62
8 35 8 28 35
14 37 14 28 37
2 59 2 23 37 59
14 41 14 28 41
13 55 13 20 55
30 77 30 48 52 77
29 89 29 48 52 77 89
3 62 3 9 62
44 55 44 55
28 37 28 37
17 64 17 33 51 59 64
35 82 35 39 58 67 82
9 74 9 20 39 58 68 74
26 37 26 28 37
6 79 6 31 43 44 79
9 86 9 20 55 67 72 86
20 39 20 39
30 34 30 34
16 29 16 29
15 89 15 30 44 55 84 89
17 78 17 20 40 78
55 82 55 67 82
6 64 6 37 59 64
13 51 13 26 42 51
25 76 25 40 68 69 76
43 52 43 52
12 45 12 45
35 82 35 39 58 67 82
23 86 23 37 72 86
14 74 14 25 40 68 74
55 73 55 58 67 73
21 37 21 26 28 37
34 52 34 48 52
25 77 25 35 39 58 77
67 82 67 82
7 14 7 14
15 68 15 22 31 68
14 74 14 28 35 39 58 68 74
28 73 28 37 51 67 73
5 72 5 72
42 59 42 51 59
0 81 0 10 48 52 80 81
22 43 22 31 43
44 89 44 79 84 89
33 76 33 49 69 76
18 87 18 22 43 87
2 20 2 9 20
59 82 59 64 82
24 27 24 27
10 78 10 17 78
2 78 2 78
3 30 3 30
8 35 8 28 35
13 82 13 26 42 51 59 64 82
14 59 14 42 51 59
7 83 7 14 25 79 83
4 74 4 74
0 34 0 10 30 34
42 51 42 51
8 62 8 62
17 83 17 33 51 80 81 83
25 51 25 33 51
13 29 13 29
5 84 5 6 31 43 44 55 84
58 68 58 68
7 77 7 43 52 77
13 89 13 29 48 52 77 89
3 76 3 9 20 39 76
55 67 55 58 67
25 51 25 33 51
25 89 25 35 59 89
36 37 36 37
11 82 11 59 64 82
41 50 41 50
43 52 43 52
58 74 58 68 74
0 13 0 13
36 59 36 59
12 52 12 29 48 52
62 86 62 72 86
15 51 15 26 42 51
14 34 14 34
11 68 11 68
35 82 35 39 58 67 82
36 50 36 50
7 52 7 14 28 37 48 52
42 89 42 51 59 89
9 56 9 20 56
67 73 67 73
6 44 6 31 43 44
2 68 2 9 20 39 58 68
56 74 56 74
36 71 36 37 48 52 71
2 20 2 9 20
24 74 24 27 44 55 58 68 74
14 89 14 34 79 84 89
37 88 37 48 75 88
15 74 15 26 28 35 39 58 68 74
39 65 39 65
45 71 45 64 71
3 37 3 37
28 60 28 41 50 60
19 52 19 43 52
7 89 7 14 25 38 89
6 37 6 37
3 69 3 30 44 55 58 68 69
63 65 63 65
34 59 34 59
0 48 0 13 29 48
51 89 51 59 89
85 88 85 88
23 71 23 37 59 64 71
6 49 6 37 49
81 83 81 83
0 76 0 27 44 55 58 68 69 76
12 60 12 50 60
21 52 21 26 28 37 52
70 82 70 82
9 89 9 20 39 58 77 89
27 67 27 44 55 58 67
49 87 49 72 87
33 89 33 51 59 89
31 77 31 43 52 77
34 52 34 48 52
42 80 42 51 80
2 66 2 23 66
14 65 14 28 35 39 65
42 73 42 51 67 73
16 87 16 87
26 65 26 28 41 57 63 65
36 67 36 37 51 67
6 76 6 16 35 39 58 68 69 76
9 40 9 20 40
28 81 28 41 70 81
67 87 67 72 87
36 73 36 37 51 67 73
22 64 22 34 59 64
21 62 21 26 42 62
21 74 21 26 28 68 74
25 49 25 33 49
1 2 1 2
1 43 1 7 43
18 40 18 20 40
3 75 3 30 34 48 75
0 82 0 10 48 75 82
17 69 17 33 49 69
3 64 3 64
31 79 31 43 44 79
5 6 5 6
26 82 26 28 64 71 82
39 73 39 58 67 73
21 63 21 26 28 41 57 63
26 71 26 42 51 59 64 71
21 57 21 26 28 41 57
17 74 17 20 55 58 68 74
25 71 25 33 51 59 64 71
12 72 12 72
5 64 5 64
52 81 52 80 81
22 87 22 43 44 55 67 72 87
35 64 35 59 64
39 89 39 58 77 89
26 39 26 28 35 39
8 71 8 9 71
81 83 81 83
3 49 3 37 49
0 87 0 13 28 35 39 58 67 72 87
37 82 37 51 59 64 82
44 79 44 79
31 68 31 43 44 55 58 68
18 31 18 22 31
7 77 7 43 52 77
22 64 22 43 52 64
18 48 18 22 34 48
54 83 54 81 83
41 70 41 70
1 49 1 7 14 25 33 49
5 75 5 6 16 29 48 75
27 89 27 79 84 89
5 84 5 6 31 43 44 55 84
36 50 36 50
43 73 43 44 55 58 67 73
39 69 39 58 68 69
10 75 10 30 48 75
7 39 7 14 25 35 39
4 84 4 30 44 84
7 25 7 14 25
25 51 25 33 51
24 73 24 73
11 76 11 68 69 76
17 49 17 33 49
67 82 67 82
36 77 36 37 48 52 77
43 82 43 44 55 67 82
7 57 7 57
51 80 51 80
1 23 1 2 23
84 89 84 89
1 85 1 7 14 25 85
43 84 43 44 84
4 70 4 70
3 38 3 38
12 29 12 29
16 35 16 35
28 87 28 87
44 83 44 79 83
0 40 0 13 20 40
7 64 7 43 52 64
75 81 75 80 81
35 59 35 59
9 68 9 20 39 58 68
6 59 6 37 51 59
56 64 56 64
43 71 43 52 64 71
17 72 17 20 55 58 67 72
16 86 16 29 48 52 64 86
72 87 72 87
75 81 75 80 81
30 82 30 48 52 64 82
37 82 37 51 67 82
28 37 28 37
4 84 4 30 44 55 84
58 76 58 68 69 76
13 60 13 28 41 50 60
27 72 27 44 55 67 72
26 86 26 28 35 39 58 67 72 86
18 76 18 22 43 44 55 58 68 69 76
20 55 20 55
53 80 53 80
14 62 14 25 62
24 76 24 27 44 55 58 68 69 76
30 68 30 44 55 58 68
1 39 1 39
10 68 10 24 27 44 55 58 68
24 71 24 71
0 82 0 45 50 82
5 82 5 64 71 82
28 63 28 41 63
28 87 28 41 49 72 87
39 77 39 58 77
6 55 6 31 43 44 55
3 30 3 30
6 77 6 77
41 50 41 50
28 87 28 87
3 48 3 30 48
7 35 7 14 28 35
57 86 57 72 86
0 89 0 20 55 58 77 89
19 56 19 56
37 59 37 59
1 41 1 7 14 28 41
25 62 25 33 62
0 26 0 13 26
26 48 26 28 37 48
41 50 41 50
2 67 2 23 37 51 67
16 29 16 29
68 69 68 69
20 39 20 39
30 82 30 48 52 64 82
31 69 31 68 69
10 86 10 48 52 64 86
44 89 44 84 89
33 69 33 49 69
4 86 4 49 72 86
13 42 13 26 42
13 26 13 26
14 64 14 42 51 59 64
5 71 5 52 71
33 80 33 51 80
24 71 24 71
36 37 36 37
79 88 79 88
1 64 1 7 43 52 64
3 82 3 30 44 55 67 82
2 56 2 56
2 73 2 9 20 39 58 67 73
18 79 18 22 43 44 79
19 81 19 43 52 80 81
1 44 1 7 43 44
14 28 14 28
17 73 17 33 51 67 73
28 52 28 37 48 52
18 72 18 22 31 43 44 55 58 67 72
14 59 14 34 59
1 88 1 2 9 20 88
33 80 33 51 80
16 35 16 35
19 83 19 43 52 80 81 83
26 42 26 42
6 88 6 16 29 48 88
41 76 41 76
3 68 3 9 20 55 58 68
24 67 24 27 44 55 67
24 86 24 27 44 55 58 67 72 86
53 88 53 88
50 60 50 60
7 55 7 43 44 55
53 88 53 88
57 72 57 72
4 69 4 30 44 55 58 68 69
22 81 22 34 48 75 80 81
18 43 18 22 43
26 58 26 28 35 39 58
30 81 30 34 48 52 80 81
10 51 10 17 33 51
15 82 15 22 31 43 44 55 67 82
18 76 18 76
18 81 18 22 31 43 52 80 81
12 60 12 45 50 60
10 74 10 24 27 44 55 58 68 74
17 32 17 32
35 39 35 39
0 33 0 10 17 33
6 68 6 16 35 39 58 68
62 86 62 72 86
3 37 3 37
5 65 5 6 16 35 39 65
0 10 0 10
1 23 1 2 23
18 34 18 22 34
41 76 41 76
75 80 75 80
5 6 5 6
14 86 14 25 35 39 58 67 72 86
19 58 19 43 44 55 58
7 55 7 43 44 55
21 83 21 26 42 51 80 81 83
36 73 36 37 51 67 73
31 77 31 43 52 77
33 49 33 49
15 69 15 30 44 55 58 68 69
14 28 14 28
47 75 47 75
7 43 7 43
25 51 25 33 51
24 67 24 27 44 55 67
31 43 31 43
9 68 9 20 55 58 68
7 34 7 14 34
17 74 17 58 68 74
25 65 25 63 65
53 84 53 84
6 87 6 37 72 87
7 37 7 14 28 37
9 55 9 20 55
21 77 21 58 77
25 87 25 35 39 87
3 67 3 9 20 55 58 67
6 76 6 16 35 39 76
67 82 67 82
3 27 3 27
43 89 43 44 55 58 77 89
14 83 14 42 51 80 81 83
18 78 18 20 40 78
6 77 6 37 52 77
17 20 17 20
36 60 36 50 60
37 77 37 52 77
23 71 23 37 52 64 71
28 77 28 37 48 52 77
4 88 4 30 34 48 75 88
25 71 25 35 59 64 71
0 57 0 13 26 28 41 57
18 43 18 22 31 43
13 82 13 20 56 82
12 51 12 37 51
44 88 44 79 88
7 25 7 14 25
9 71 9 20 56 64 71
26 65 26 28 35 39 65
14 86 14 28 41 49 72 86
33 88 33 62 72 88
14 72 14 42 51 67 72
13 26 13 26
28 51 28 37 51
15 68 15 26 28 68
64 86 64 86
4 82 4 82
5 6 5 6
44 67 44 55 67
2 39 2 9 20 39
2 78 2 9 20 40 78
80 83 80 81 83
39 68 39 58 68
21 71 21 26 28 37 51 59 64 71
4 72 4 23 37 51 67 72
49 86 49 72 86
24 27 24 27
25 77 25 35 39 58 77
12 72 12 37 72
22 74 22 43 44 55 58 68 74
25 51 25 33 51
4 34 4 30 34
51 80 51 80
36 86 36 37 52 64 86
39 77 39 58 77
75 81 75 80 81
15 51 15 26 28 37 51
18 71 18 59 64 71
13 89 13 84 89
59 64 59 64
19 62 19 62
55 69 55 58 68 69
36 83 36 37 51 80 81 83
23 32 23 32
9 56 9 20 56
6 56 6 31 56
1 2 1 2
26 28 26 28
7 70 7 14 28 41 70
45 50 45 50
17 32 17 32
51 59 51 59
53 88 53 88
21 39 21 26 28 35 39
34 71 34 48 52 71
15 79 15 22 34 79
3 59 3 37 51 59
28 78 28 41 57 78
6 76 6 31 43 44 55 58 68 69 76
39 82 39 58 67 82
6 44 6 31 43 44
6 76 6 37 49 76
19 68 19 43 44 55 58 68
20 56 20 56
42 73 42 51 67 73
1 2 1 2
2 48 2 23 37 48
68 69 68 69
36 37 36 37
56 64 56 64
8 74 8 9 20 40 68 74
12 88 12 24 27 44 55 58 67 72 88
4 83 4 23 37 51 80 81 83
27 76 27 44 55 58 68 69 76
7 42 7 14 42
24 73 24 73
2 73 2 9 20 55 58 67 73
10 64 10 17 20 56 64
28 60 28 41 50 60
56 64 56 64
55 72 55 58 67 72
0 69 0 27 44 55 58 68 69
30 59 30 34 59
20 88 20 39 58 67 72 88
9 71 9 20 56 64 71
24 76 24 27 44 55 58 68 69 76
30 44 30 44
2 68 2 9 20 40 68
26 58 26 28 35 39 58
6 59 6 37 51 59
51 81 51 80 81
6 51 6 37 51
48 81 48 75 80 81
15 69 15 26 28 37 49 69
0 61 0 10 17 33 61
1 59 1 13 26 28 37 51 59
45 77 45 77
44 67 44 55 58 67
0 33 0 10 17 33
68 74 68 74
21 59 21 42 51 59
11 64 11 59 64
12 49 12 37 49
15 68 15 26 28 35 39 58 68
1 65 1 13 28 35 39 65
37 59 37 51 59
67 88 67 72 88
14 51 14 25 33 51
17 56 17 20 56
25 38 25 38
17 20 17 20
57 63 57 63
43 73 43 44 55 67 73
27 82 27 44 55 58 67 82
8 62 8 9 62
48 64 48 52 64
10 89 10 48 52 77 89
10 84 10 24 27 79 84
0 79 0 27 79
1 13 1 13
4 88 4 30 48 88
22 84 22 43 44 79 84
10 84 10 24 27 79 84
0 59 0 10 17 33 51 59
7 89 7 89
51 72 51 67 72
10 40 10 17 20 40
2 73 2 33 51 67 73
14 49 14 25 33 49
4 72 4 30 44 55 58 67 72
51 81 51 80 81
17 82 17 70 82
26 39 26 28 35 39
13 60 13 26 28 41 50 60
9 20 9 20
18 81 18 22 43 52 80 81
67 73 67 73
7 34 7 14 34
12 44 12 24 27 44
27 67 27 44 55 67
7 85 7 14 25 85
1 70 1 13 26 28 41 70
11 64 11 59 64
12 66 12 66
57 78 57 78
53 89 53 84 89
0 28 0 13 28
54 81 54 81
45 82 45 64 82
1 2 1 2
12 29 12 29
55 82 55 67 82
80 83 80 81 83
2 78 2 33 78
8 40 8 40
36 80 36 37 52 80
23 78 23 66 78
0 35 0 13 26 28 35
16 29 16 29
58 77 58 77
11 71 11 59 64 71
26 64 26 28 64
7 42 7 14 42
37 51 37 51
7 85 7 14 25 85
17 55 17 20 55
58 74 58 68 74
19 76 19 69 76
10 75 10 30 48 75
47 75 47 75
72 88 72 88
17 78 17 33 78
7 69 7 43 44 55 58 68 69
39 88 39 58 67 72 88
41 63 41 57 63
13 59 13 28 37 51 59
21 62 21 42 62
1 40 1 7 14 25 40
12 89 12 84 89
11 82 11 59 64 82
37 49 37 49
67 82 67 82
0 10 0 10
26 42 26 42
12 45 12 45
36 75 36 37 48 75
36 88 36 37 48 75 88
1 42 1 7 14 42
41 76 41 49 76
23 78 23 66 78
7 57 7 57
8 62 8 9 62
51 89 51 59 89
18 34 18 22 34
23 49 23 37 49
48 88 48 88
41 70 41 70
0 34 0 10 30 34
23 64 23 37 51 59 64
28 60 28 41 50 60
79 83 79 83
28 81 28 37 52 80 81
19 56 19 56
15 68 15 22 31 43 44 55 58 68
18 69 18 22 31 43 44 55 58 68 69
21 58 21 58
18 65 18 20 39 65
7 83 7 43 44 79 83
16 88 16 35 39 58 67 72 88
12 37 12 37
14 65 14 25 35 39 65
26 71 26 42 51 59 64 71
12 66 12 66
23 75 23 37 48 75
31 55 31 43 44 55
1 64 1 7 64
21 59 21 26 28 35 59
42 83 42 51 80 81 83
26 28 26 28
0 27 0 27
4 64 4 23 37 51 59 64
18 69 18 22 31 68 69
18 79 18 22 43 44 79
67 73 67 73
22 68 22 43 44 55 58 68
36 77 36 37 52 77
39 87 39 87
5 49 5 6 37 49
19 80 19 43 52 80
43 88 43 44 79 88
17 77 17 20 39 58 77
19 52 19 43 52
0 40 0 10 17 20 40
26 58 26 28 35 39 58
47 82 47 75 82
19 68 19 43 44 55 58 68
49 86 49 72 86
59 82 59 64 82
8 62 8 62
25 85 25 85
72 88 72 88
6 51 6 37 51
17 58 17 58
25 79 25 79
10 49 10 17 33 49
4 66 4 23 66
57 63 57 63
31 86 31 43 44 55 67 72 86
14 62 14 25 62
42 59 42 51 59
13 75 13 26 28 37 48 75
37 75 37 48 75
71 82 71 82
17 60 17 60
8 70 8 28 41 70
8 71 8 9 20 56 64 71
14 67 14 25 35 39 58 67
10 68 10 24 27 44 55 58 68
8 76 8 41 49 76
15 63 15 26 28 41 57 63
39 68 39 58 68
19 83 19 43 44 79 83
37 69 37 49 69
62 86 62 72 86
14 51 14 28 37 51
0 28 0 13 28
51 59 51 59
7 88 7 57 72 88
28 86 28 64 86
13 56 13 20 56
33 78 33 78
5 79 5 6 31 43 44 79
10 62 10 17 33 62
31 43 31 43
19 84 19 43 44 79 84
20 65 20 39 65
7 84 7 43 44 84
4 59 4 30 34 59
67 88 67 72 88
10 78 10 24 27 78
37 49 37 49
5 37 5 6 37
52 80 52 80
41 49 41 49
18 58 18 22 31 43 44 55 58
6 49 6 37 49
17 67 17 58 67
1 43 1 7 43
18 79 18 22 34 79
1 7 1 7
26 86 26 28 41 49 72 86
22 64 22 31 43 52 64
8 64 8 9 20 56 64
43 44 43 44
10 84 10 17 20 55 84
37 69 37 49 69
26 80 26 28 37 48 52 80
79 84 79 84
28 78 28 41 57 78
4 74 4 30 44 55 58 68 74
14 34 14 34
27 83 27 79 83
14 41 14 28 41
17 33 17 33
7 62 7 14 42 62
24 71 24 71
15 48 15 30 48
15 89 15 22 31 43 44 84 89
9 72 9 20 55 58 67 72
8 75 8 28 37 48 75
45 64 45 64
5 74 5 6 16 35 39 58 68 74
4 86 4 49 72 86
80 81 80 81
0 41 0 13 28 41
38 89 38 89
7 59 7 14 42 51 59
33 78 33 78
41 76 41 76
51 88 51 67 72 88
5 35 5 6 16 35
51 89 51 59 89
35 76 35 39 58 68 69 76
7 37 7 14 28 37
28 37 28 37
18 65 18 20 39 65
11 59 11 59
14 51 14 25 33 51
56 82 56 82
6 88 6 16 35 39 58 67 72 88
16 52 16 29 48 52
11 82 11 59 64 71 82
36 88 36 37 49 72 88
1 41 1 7 14 28 41
0 26 0 13 26
14 51 14 42 51
56 71 56 64 71
8 74 8 9 20 39 58 68 74
6 69 6 31 68 69
20 87 20 39 58 67 72 87
10 87 10 30 44 55 58 67 72 87
6 79 6 31 43 44 79
7 52 7 14 28 37 48 52
51 72 51 67 72
27 83 27 79 83
37 48 37 48
8 41 8 28 41
14 74 14 28 35 39 58 68 74
23 49 23 49
7 77 7 43 44 55 58 77
31 80 31 43 52 80
16 77 16 29 48 52 77
9 87 9 62 72 87
16 52 16 29 48 52
14 49 14 25 33 49
30 75 30 34 48 75
5 74 5 6 31 56 74
2 67 2 33 51 67
27 88 27 44 55 67 72 88
0 81 0 13 26 28 41 70 81
10 48 10 30 48
5 82 5 64 71 82
1 39 1 7 14 25 35 39
45 64 45 64
18 43 18 22 31 43
58 67 58 67
15 82 15 30 34 59 64 82
19 68 19 43 44 55 58 68
37 49 37 49
11 76 11 68 69 76
6 49 6 37 49
21 58 21 26 28 35 39 58
1 65 1 39 65
2 68 2 9 20 40 68
4 86 4 30 44 55 67 72 86
42 72 42 62 72
9 40 9 20 40
14 25 14 25
5 84 5 6 31 43 44 55 84
28 37 28 37
34 59 34 59
17 76 17 58 68 69 76
10 24 10 24
14 40 14 25 40
30 34 30 34
1 81 1 2 23 37 52 80 81
19 52 19 43 52
59 64 59 64
4 51 4 23 37 51
26 73 26 28 35 39 58 67 73
13 62 13 26 42 62
18 43 18 22 43
0 82 0 45 50 82
1 28 1 13 26 28
26 42 26 42
14 64 14 28 35 59 64
23 32 23 32
3 67 3 27 44 55 67
18 84 18 20 55 84
37 76 37 76
18 87 18 20 39 58 67 72 87
18 82 18 20 39 58 67 82
9 74 9 20 40 68 74
25 85 25 85
22 43 22 43
3 67 3 37 51 67
18 40 18 20 40
14 38 14 25 38
5 88 5 72 88
55 73 55 67 73
49 86 49 72 86
48 75 48 75
36 87 36 37 49 72 87
37 88 37 49 72 88
31 89 31 43 52 77 89
0 87 0 20 55 58 67 72 87
43 52 43 52
17 82 17 58 67 82
33 69 33 49 69
15 63 15 26 28 41 57 63
28 48 28 37 48
35 68 35 39 58 68
4 89 4 30 48 52 77 89
3 67 3 30 44 55 58 67
0 20 0 20
23 37 23 37
12 51 12 37 51
24 67 24 27 44 55 67
14 40 14 25 40
18 20 18 20
21 26 21 26
41 49 41 49
2 87 2 23 49 72 87
0 87 0 10 17 58 67 72 87
25 38 25 38
33 76 33 49 69 76
55 82 55 67 82
22 31 22 31
35 65 35 39 65
57 63 57 63
15 69 15 26 28 41 49 69
13 74 13 26 28 35 39 58 68 74
30 67 30 44 55 58 67
13 62 13 26 42 62
1 26 1 13 26
13 51 13 28 37 51
34 77 34 48 52 77
35 59 35 59
26 65 26 28 41 63 65
4 89 4 30 44 84 89
21 63 21 26 28 41 57 63
35 82 35 59 64 82
4 49 4 49
28 37 28 37
25 79 25 79
14 34 14 34
17 20 17 20
12 68 12 44 55 58 68
4 87 4 30 44 55 58 67 72 87
24 74 24 27 44 55 58 68 74
21 60 21 26 28 41 50 60
28 37 28 37
26 39 26 28 35 39
34 80 34 48 75 80
19 62 19 62
5 6 5 6
17 74 17 58 68 74
48 88 48 75 88
71 82 71 82
21 37 21 26 28 37
16 29 16 29
45 82 45 50 82
5 37 5 6 37
6 72 6 37 72
30 81 30 48 52 80 81
22 74 22 31 68 74
13 42 13 26 42
1 68 1 13 26 28 35 39 58 68
22 75 22 34 48 75
1 59 1 13 28 37 51 59
33 69 33 49 69
6 55 6 31 43 44 55
16 71 16 35 59 64 71
4 66 4 23 66
11 76 11 68 69 76
9 74 9 20 55 58 68 74
85 88 85 88
57 86 57 72 86
4 66 4 23 66
47 80 47 80
2 39 2 9 20 39
10 49 10 17 33 49
25 39 25 35 39
18 65 18 20 39 65
0 40 0 10 17 20 40
6 79 6 31 43 44 79
43 84 43 44 84
7 49 7 14 28 37 49
43 87 43 87
56 71 56 64 71
4 55 4 30 44 55
3 62 3 9 62
3 58 3 9 20 39 58
75 82 75 82
36 77 36 37 48 52 77
33 71 33 51 59 64 71
28 73 28 37 51 67 73
6 29 6 16 29
8 82 8 28 64 71 82
16 87 16 87
4 76 4 30 44 55 58 68 69 76
3 27 3 27
51 86 51 86
10 71 10 17 33 51 59 64 71
30 44 30 44
55 68 55 58 68
81 83 81 83
18 48 18 22 34 48
12 49 12 37 49
42 71 42 51 59 64 71
31 84 31 43 44 55 84
8 76 8 28 35 39 76
36 48 36 37 48
6 51 6 37 51
17 56 17 20 56
2 59 2 33 51 59
28 81 28 41 70 81
36 72 36 37 51 67 72
13 82 13 28 37 52 71 82
17 73 17 58 67 73
16 59 16 35 59
29 52 29 48 52
23 32 23 32
67 72 67 72
20 88 20 39 58 67 72 88
10 49 10 17 33 49
39 69 39 58 68 69
6 86 6 86
7 64 7 43 52 64
50 82 50 82
33 64 33 51 59 64
19 84 19 43 44 79 84
0 26 0 13 26
42 64 42 51 59 64
22 58 22 31 43 44 55 58
51 83 51 80 81 83
4 66 4 23 66
20 88 20 88
21 86 21 26 28 64 86
15 26 15 26
19 77 19 43 44 55 58 77
26 42 26 42
4 76 4 49 69 76
13 26 13 26
7 78 7 57 78
36 48 36 37 48
0 56 0 20 56
3 78 3 27 78
39 67 39 58 67
1 58 1 39 58
52 89 52 77 89
14 62 14 42 62
72 87 72 87
62 72 62 72
56 82 56 82
2 89 2 33 51 59 89
14 69 14 25 33 49 69
33 71 33 51 59 64 71
53 84 53 84
25 39 25 35 39
26 48 26 28 37 48
10 40 10 17 20 40
10 74 10 24 27 44 55 58 68 74
0 78 0 27 78
64 82 64 71 82
55 74 55 58 68 74
10 84 10 17 20 55 84
39 68 39 58 68
57 72 57 72
25 35 25 35
0 26 0 13 26
14 69 14 25 35 39 58 68 69
17 33 17 33
3 72 3 37 51 67 72
8 55 8 9 20 55
14 42 14 42
42 89 42 51 59 89
4 70 4 70
10 34 10 30 34
27 78 27 78
0 26 0 13 26
33 89 33 51 59 89
18 20 18 20
28 59 28 35 59
16 86 16 35 59 64 86
41 49 41 49
2 80 2 33 51 80
41 63 41 57 63
25 65 25 63 65
34 59 34 59
53 84 53 84
53 80 53 80
37 77 37 77
12 29 12 29
5 71 5 6 71
19 77 19 43 52 77
44 67 44 55 67
19 62 19 62
16 52 16 29 48 52
15 22 15 22
15 82 15 30 34 48 75 82
45 86 45 64 86
17 32 17 32
13 49 13 28 37 49
8 40 8 9 20 40
64 71 64 71
35 65 35 39 65
1 65 1 7 57 63 65
23 49 23 37 49
43 71 43 52 71
1 81 1 37 48 52 80 81
0 79 0 27 44 79
55 73 55 58 67 73
14 59 14 34 59
48 88 48 75 88
37 76 37 76
51 80 51 80
43 82 43 44 55 67 82
23 66 23 66
39 82 39 58 67 82
41 70 41 70
28 70 28 41 70
36 77 36 37 52 77
75 81 75 80 81
21 42 21 42
42 72 42 62 72
27 44 27 44
29 52 29 48 52
36 77 36 37 77
54 81 54 81
1 41 1 7 14 28 41
42 59 42 51 59
42 82 42 51 67 82
10 48 10 30 48
30 82 30 44 55 67 82
7 48 7 14 34 48
35 64 35 59 64
34 48 34 48
29 52 29 48 52
8 60 8 28 41 50 60
3 87 3 37 72 87
29 89 29 48 52 77 89
70 81 70 81
44 88 44 79 88
7 58 7 43 44 55 58
36 72 36 37 72
26 58 26 28 35 39 58
28 87 28 87
8 9 8 9
59 89 59 89
14 86 14 59 64 86
15 22 15 22
56 71 56 64 71
0 78 0 13 20 40 78
12 75 12 37 48 75
7 48 7 14 28 37 48
43 55 43 44 55
57 82 57 82
20 76 20 40 68 69 76
6 51 6 37 51
2 39 2 9 20 39
50 82 50 82
22 48 22 34 48
39 87 39 87
24 76 24 27 44 55 58 68 69 76
33 64 33 51 59 64
14 34 14 34
13 60 13 26 28 41 50 60
28 78 28 41 57 78
5 84 5 6 31 43 44 55 84
36 86 36 59 64 86
22 58 22 31 43 44 55 58
58 74 58 68 74
4 51 4 23 37 51
85 88 85 88
23 78 23 66 78
20 55 20 55
36 60 36 50 60
41 63 41 57 63
17 55 17 20 55
20 40 20 40
18 58 18 20 55 58
9 64 9 20 56 64
51 83 51 80 81 83
43 88 43 44 55 58 67 72 88
9 74 9 20 39 58 68 74
4 64 4 30 34 48 52 64
27 44 27 44
6 72 6 31 43 44 55 58 67 72
10 64 10 30 34 48 52 64
16 88 16 29 48 75 88
5 71 5 52 64 71
4 68 4 30 44 55 58 68
0 41 0 13 26 28 41
17 70 17 70
0 84 0 13 20 55 84
19 38 19 38
7 42 7 14 42
10 86 10 24 27 44 55 58 67 72 86
3 38 3 38
16 52 16 29 48 52
15 44 15 22 31 43 44
5 49 5 6 37 49
0 78 0 13 26 28 41 57 78
1 43 1 7 43
3 58 3 30 44 55 58
0 84 0 13 20 55 84
0 35 0 13 28 35
67 72 67 72
18 76 18 22 43 44 55 58 68 69 76
54 81 54 81
3 72 3 37 72
45 82 45 50 82
6 56 6 31 56
18 20 18 20
42 67 42 51 67
23 64 23 37 48 52 64
22 59 22 34 59
52 89 52 77 89
3 69 3 37 49 69
38 89 38 89
14 72 14 42 62 72
51 82 51 59 64 71 82
2 82 2 33 51 67 82
11 89 11 59 89
2 23 2 23
19 83 19 43 44 79 83
15 34 15 30 34
0 37 0 13 26 28 37
7 49 7 14 25 33 49
5 71 5 52 71
41 88 41 57 72 88
51 81 51 80 81
4 87 4 23 37 72 87
45 82 45 50 82
31 43 31 43
5 35 5 6 16 35
4 66 4 23 66
54 81 54 81
8 68 8 40 68
13 20 13 20
52 80 52 80
2 59 2 33 51 59
20 40 20 40
14 41 14 28 41
55 69 55 58 68 69
39 82 39 58 67 82
42 59 42 51 59
10 70 10 17 70
39 76 39 76
12 88 12 29 48 75 88
4 86 4 49 72 86
16 64 16 35 59 64
20 65 20 39 65
15 69 15 22 43 44 55 58 68 69
26 59 26 28 37 51 59
58 74 58 68 74
55 73 55 67 73
1 81 1 2 23 37 51 80 81
5 79 5 79
20 56 20 56
17 67 17 58 67
16 86 16 86
34 71 34 59 64 71
28 59 28 37 51 59
43 44 43 44
3 38 3 38
70 81 70 81
26 71 26 42 51 59 64 71
13 67 13 26 28 35 39 58 67
0 57 0 13 28 41 57
2 87 2 9 62 72 87
16 67 16 35 39 58 67
67 72 67 72
25 87 25 35 39 58 67 72 87
25 71 25 33 51 59 64 71
10 20 10 17 20
35 88 35 39 58 67 72 88
1 44 1 7 43 44
11 76 11 68 69 76
10 89 10 17 20 55 84 89
19 64 19 56 64
30 67 30 44 55 67
18 84 18 22 43 44 84
23 37 23 37
17 55 17 20 55
14 69 14 28 68 69
37 72 37 49 72
84 89 84 89
33 51 33 51
23 66 23 66
45 83 45 83
7 55 7 43 44 55
34 59 34 59
57 86 57 72 86
5 72 5 6 37 72
34 81 34 48 52 80 81
53 89 53 84 89
8 51 8 28 37 51
18 20 18 20
6 88 6 31 43 44 79 88
13 67 13 20 39 58 67
29 88 29 48 88
13 67 13 20 55 58 67
14 86 14 42 51 59 64 86
23 75 23 37 48 75
51 88 51 67 72 88
1 13 1 13
16 29 16 29
27 82 27 44 55 67 82
14 73 14 28 35 39 58 67 73
21 81 21 26 42 51 80 81
37 59 37 59
54 83 54 81 83
22 75 22 34 48 75
48 80 48 75 80
0 82 0 10 24 27 44 55 58 67 82
