14 72 14 28 41 10 24 71 82 53 84 89 55 58 67 72
63 71 63 17 58 12 45 50 60 47 75 88 10 24 71
56 55 56 82 53 84 89 55
31 89 31 43 48 75 82 24 89
89 12 89 55 58 12
49 12 49 72 88 50 82 53 84 89 55 58 12
37 84 37 51 59 64 82 53 84
89 54 89 54
31 77 31 56 64 82 24 27 55 58 36 59 17 20 48 52 77
85 86 85 88 10 30 48 75 82 24 89 54 86
4 60 4 82 53 84 89 55 67 72 88 50 60
21 61 21 26 42 51 67 82 53 88 61
8 70 8 41 70
28 17 28 82 53 88 10 17
8 48 8 62 72 75 82 24 27 88 10 30 29 48
85 34 85 88 10 30 34
38 71 38 89 55 67 72 88 50 82 24 71
7 83 7 62 72 81 83
14 78 14 42 62 72 88 50 60 24 89 55 58 10 17 78
70 48 70 82 53 84 89 55 58 36 50 60 47 75 88 10 48
13 81 13 84 89 80 81
57 10 57 82 53 88 10
35 83 35 59 64 71 82 54 81 83
70 71 70 0 10 24 27 79 84 89 55 58 67 72 75 82 53 88 50 60 71
25 45 25 35 39 58 12 45
43 48 43 48
89 66 89 55 58 36 59 12 66
16 17 16 67 82 24 89 55 58 36 37 77 48 88 10 17
16 12 16 67 82 53 84 89 55 58 12
23 86 23 49 72 53 84 89 54 86
88 45 88 10 30 0 89 55 58 12 45
89 67 89 55 67
6 86 6 77 89 54 86
78 67 78 17 60 24 27 75 88 10 48 52 64 71 82 53 84 89 55 67
51 81 51 44 79 84 89 80 81
15 43 15 22 31 43
35 61 35 59 17 70 55 67 72 75 88 61
20 5 20 40 78 5
25 17 25 82 24 27 78 5 6 16 35 59 17
39 61 39 58 77 84 89 55 67 72 75 88 61
30 75 30 0 13 28 64 82 53 88 50 60 24 27 75
25 45 25 79 84 89 55 58 77 48 88 10 30 0 45
37 48 37 77 48
14 27 14 25 85 88 50 60 71 82 53 84 89 55 58 36 59 12 24 27
31 0 31 56 82 24 89 55 67 72 75 88 10 30 0
18 43 18 22 43
64 67 64 84 89 55 67
31 33 31 56 64 84 89 55 58 77 48 88 50 82 24 27 78 17 33
15 51 15 26 42 51
25 67 25 35 59 36 37 52 71 82 53 88 10 17 20 55 67
22 53 22 34 50 60 71 82 53
89 86 89 54 86
28 32 28 37 17 70 32
8 20 8 9 20
3 64 3 64
39 71 39 58 36 59 12 45 50 82 24 71
2 44 2 9 53 84 89 55 67 72 75 82 24 27 44
6 29 6 71 82 53 84 89 55 67 72 88 10 17 20 39 58 12 45 50 60 24 27 29
62 70 62 72 53 88 10 17 70
51 32 51 67 72 53 84 89 55 58 36 50 60 71 82 24 27 78 5 6 12 66 77 48 75 88 10 17 32
58 67 58 77 84 89 55 67
63 61 63 17 60 47 75 82 53 84 89 55 58 77 48 88 61
11 36 11 59 36
57 81 57 82 24 89 55 67 72 81
22 54 22 34 59 17 58 77 48 88 10 24 89 54
1 26 1 13 26
4 50 4 23 49 72 53 88 50
27 47 27 75 82 24 89 55 67 72 88 50 60 47
37 79 37 67 72 53 84 89 55 58 77 75 88 10 30 44 79
2 5 2 78 5
56 83 56 82 24 89 55 58 67 72 88 50 60 47 75 80 81 83
42 44 42 51 44
39 47 39 58 10 17 78 5 79 88 50 60 47
82 52 82 24 27 75 88 10 48 52
9 48 9 53 88 10 48
11 73 11 88 50 82 53 84 89 55 58 67 73
8 72 8 9 20 40 78 5 79 84 89 55 67 72
4 50 4 23 67 72 75 88 50
8 75 8 28 77 84 89 55 58 36 37 51 59 12 29 48 75
42 88 42 51 67 82 53 84 89 55 58 36 37 17 20 88
4 23 4 23
22 27 22 34 48 52 77 84 89 55 67 72 88 10 17 33 24 27
41 29 41 10 24 27 78 5 89 55 58 12 29
2 89 2 23 66 78 5 75 88 10 30 29 48 52 77 89
38 77 38 89 55 58 10 17 33 45 77
3 0 3 64 84 89 55 58 12 45 50 60 71 82 24 27 29 48 88 10 30 0
19 33 19 62 72 75 82 53 84 89 55 58 36 59 17 33
57 79 57 72 75 88 10 24 27 79
23 84 23 49 72 53 88 10 17 60 71 82 24 89 55 58 12 44 79 84
82 10 82 53 84 89 55 58 12 44 79 88 10
43 45 43 45
7 84 7 50 60 47 75 88 10 48 52 64 82 53 84
38 61 38 89 55 58 77 48 52 71 82 53 88 61
8 20 8 9 20
85 59 85 88 50 60 24 27 55 58 36 59
39 27 39 58 36 59 64 84 89 55 67 82 24 27
60 12 60 24 27 44 84 89 55 58 12
30 80 30 48 88 50 82 53 80
28 55 28 77 48 88 50 82 53 84 89 55
19 82 19 56 82
62 59 62 72 53 84 89 55 58 36 59
13 44 13 84 89 55 67 82 24 27 88 10 30 44
26 44 26 17 70 0 20 39 58 36 37 59 12 44
89 48 89 55 58 10 48
85 78 85 88 10 17 78
14 47 14 59 64 71 82 24 27 78 5 6 37 49 72 75 88 10 17 33 45 50 60 47
1 80 1 78 17 33 24 71 82 53 84 89 55 58 10 48 52 77 75 80
16 86 16 29 48 75 82 54 86
25 5 25 52 77 75 82 53 88 10 17 78 5
41 24 41 50 60 71 82 24
16 50 16 84 89 55 67 82 53 88 50
39 80 39 58 67 72 53 80
43 61 43 48 88 61
57 0 57 72 75 88 10 30 0
31 30 31 43 48 52 71 82 24 27 78 17 60 47 75 88 10 30
70 79 70 0 10 48 52 71 82 24 27 79
72 86 72 75 82 54 86
22 64 22 34 50 60 47 75 82 24 89 55 58 36 59 64
4 29 4 70 82 24 89 55 58 12 29
21 26 21 26
19 67 19 82 53 84 89 55 67
28 55 28 41 70 55
11 83 11 88 10 24 27 55 67 82 54 81 83
11 12 11 88 10 24 89 55 58 12
82 84 82 53 84
34 24 34 53 88 10 48 52 77 75 82 24
49 82 49 72 88 50 60 47 75 82
4 5 4 49 72 53 84 89 55 67 82 24 27 29 48 88 10 30 0 13 20 39 58 12 37 17 78 5
78 53 78 5 72 53
62 83 62 72 75 80 81 83
1 80 1 7 14 25 0 20 56 64 84 89 55 58 10 30 44 79 88 50 60 71 82 53 80
28 0 28 37 0
23 52 23 49 72 88 50 82 53 84 89 55 58 10 17 70 0 13 29 48 52
22 71 22 31 43 52 71
88 55 88 50 60 71 82 24 89 55
31 12 31 43 52 77 75 88 50 60 71 82 24 89 55 58 36 59 12
6 32 6 71 82 53 84 89 55 58 10 17 70 32
18 81 18 59 36 81
37 86 37 0 20 48 52 71 82 54 86
28 78 28 41 57 78
38 6 38 89 55 67 72 88 50 60 71 82 24 27 78 5 6
42 81 42 62 72 88 10 17 33 78 81
88 75 88 10 24 71 82 53 84 89 55 58 67 72 75
39 29 39 58 36 37 59 64 84 89 55 67 72 53 88 10 30 48 52 71 82 24 27 29
30 55 30 34 79 88 50 82 53 84 89 55
57 81 57 50 60 71 82 53 84 89 80 81
40 61 40 78 17 70 0 13 52 64 61
49 70 49 72 53 88 10 17 70
62 24 62 72 53 88 10 48 75 82 24
63 81 63 12 29 48 88 10 24 71 82 53 84 89 80 81
85 41 85 88 10 30 0 13 28 41
15 51 15 26 28 37 51
43 29 43 44 79 88 50 60 24 89 55 58 36 59 12 29
1 44 1 37 51 44
3 78 3 64 84 89 55 58 12 29 48 52 71 82 53 88 10 24 27 78
15 86 15 22 43 44 84 89 54 86
14 34 14 34
72 52 72 88 10 48 52
19 75 19 82 53 84 89 55 58 12 24 27 75
77 44 77 84 89 55 58 12 45 64 71 82 24 27 44
28 75 28 41 10 24 71 82 53 88 50 60 47 75
20 53 20 48 88 50 60 71 82 24 89 55 67 72 53
15 47 15 30 0 20 10 24 71 82 53 88 50 60 47
8 44 8 41 63 52 64 82 24 27 44
16 54 16 29 48 75 88 50 82 24 89 54
37 52 37 48 52
8 54 8 9 62 72 88 50 60 24 71 82 53 84 89 54
2 78 2 23 66 78
39 78 39 58 12 44 55 67 72 75 88 10 17 60 24 27 78
78 24 78 17 70 82 53 88 10 24
8 84 8 28 35 59 12 66 77 84
89 29 89 55 58 77 48 52 71 82 53 88 50 60 24 27 29
31 81 31 56 82 53 84 89 54 81
41 0 41 70 0
20 53 20 40 78 17 33 51 67 72 53
63 73 63 52 71 82 53 84 89 55 67 73
77 53 77 84 89 55 67 72 88 10 30 29 48 52 71 82 53
14 25 14 25
31 55 31 43 52 77 48 88 50 60 47 75 82 53 84 89 55
13 54 13 26 17 78 5 72 53 84 89 54
35 80 35 39 58 36 37 59 12 66 77 75 80
22 84 22 34 79 84
16 5 16 29 48 52 71 82 24 89 55 58 36 37 17 20 40 78 5
51 5 51 44 79 84 89 55 58 77 75 88 10 17 78 5
37 10 37 48 52 77 89 55 58 10
4 66 4 23 66
26 10 26 0 20 40 78 17 33 49 72 75 88 10
9 5 9 20 10 24 27 78 5
62 53 62 72 88 10 30 34 53
62 0 62 72 75 88 10 30 0
62 12 62 72 53 88 10 48 75 82 24 89 55 58 12
51 29 51 67 72 88 50 82 53 84 89 55 58 10 24 27 29
8 58 8 28 82 53 84 89 55 58
13 12 13 45 77 48 88 50 60 47 75 82 53 84 89 55 58 12
26 24 26 0 45 77 48 52 71 82 24
59 36 59 64 82 24 89 55 58 36
56 10 56 64 82 24 27 44 79 88 10
3 70 3 30 34 48 88 50 60 71 82 53 84 89 55 58 36 37 17 70
78 73 78 17 58 36 50 60 71 82 24 73
4 30 4 30
62 54 62 72 53 88 50 82 54
20 61 20 40 78 17 60 47 75 88 61
62 89 62 72 53 88 10 17 20 55 84 89
15 79 15 26 0 27 29 48 52 64 71 82 53 84 89 55 58 36 50 60 47 75 88 10 30 44 79
9 29 9 24 27 29
9 53 9 24 71 82 53
40 78 40 78
42 24 42 62 72 53 84 89 55 58 67 82 24
21 17 21 42 62 72 53 88 10 17
2 36 2 56 82 53 84 89 55 58 36
27 54 27 44 79 84 89 54
23 53 23 37 17 60 47 75 82 53
51 54 51 67 82 54
82 67 82 53 84 89 55 67
26 47 26 88 50 60 47
31 10 31 56 64 84 89 55 58 10
11 72 11 88 10 24 71 82 53 84 89 55 58 67 72
23 86 23 66 78 5 75 82 54 86
11 27 11 59 89 55 58 12 45 50 60 24 27
3 33 3 37 67 72 53 88 10 17 33
43 79 43 45 77 84 89 55 67 72 53 88 50 60 24 27 44 79
62 78 62 72 88 50 60 24 27 78
30 10 30 44 55 67 82 53 88 10
28 73 28 64 82 53 84 89 55 67 73
64 52 64 84 89 55 58 67 72 75 82 53 88 10 17 78 5 52
64 10 64 71 82 24 27 88 10
78 66 78 17 58 12 66
6 83 6 37 59 89 80 81 83
63 48 63 17 70 82 53 88 10 48
15 33 15 30 0 13 26 17 33
14 27 14 59 12 84 89 55 58 10 17 33 78 5 75 88 50 60 71 82 24 27
77 10 77 84 89 55 67 72 53 88 10
30 17 30 48 52 77 89 55 67 82 24 27 75 88 10 17
51 36 51 67 72 53 84 89 55 58 36
26 67 26 17 33 62 72 88 50 60 47 75 82 53 84 89 55 67
35 67 35 59 64 84 89 55 67
7 29 7 62 72 53 88 10 17 70 0 27 29
14 77 14 34 53 84 89 55 58 77
11 58 11 59 89 55 58
1 54 1 78 5 89 54
16 83 16 54 81 83
56 54 56 64 82 24 89 54
42 84 42 51 17 20 56 82 53 84
40 64 40 78 17 33 51 67 72 53 88 50 60 47 75 82 24 27 29 48 52 64
22 27 22 31 56 64 82 24 27
43 73 43 45 50 60 47 75 88 10 24 73
39 12 39 58 12
26 55 26 88 50 60 47 75 82 53 84 89 55
56 17 56 82 53 88 10 17
22 80 22 43 45 50 60 47 80
43 86 43 45 77 48 52 64 82 54 86
30 84 30 0 20 40 78 17 60 71 82 24 27 55 58 67 72 75 88 10 48 52 64 84
70 71 70 0 20 88 50 60 47 75 82 24 27 29 48 52 64 71
57 67 57 72 53 84 89 55 67
16 44 16 67 82 53 84 89 55 58 12 44
38 89 38 89
27 36 27 75 82 24 89 55 58 36
4 5 4 82 53 84 89 55 58 77 75 88 50 60 24 27 78 5
1 86 1 2 82 54 86
23 10 23 67 82 53 84 89 55 58 36 50 60 47 75 88 10
14 89 14 25 35 39 58 77 75 88 10 24 71 82 53 84 89
27 83 27 44 79 84 89 80 81 83
88 71 88 50 60 71
30 32 30 0 45 50 60 47 75 88 10 17 32
20 54 20 10 17 58 77 89 54
4 45 4 30 0 45
2 29 2 78 17 60 71 82 24 27 29
16 61 16 67 72 53 84 89 55 58 36 37 17 78 5 79 88 61
85 64 85 88 50 60 47 75 82 24 89 55 58 12 45 64
58 54 58 77 89 54
11 81 11 88 10 30 29 48 75 82 53 84 89 55 67 72 81
33 32 33 78 17 32
11 70 11 59 12 72 88 10 17 70
72 10 72 75 88 10
19 86 19 56 82 54 86
42 47 42 51 67 72 88 50 60 47
57 81 57 52 77 84 89 80 81
14 25 14 25
26 80 26 80
22 20 22 43 52 77 84 89 55 58 36 50 82 24 27 88 10 17 20
58 55 58 10 48 88 50 60 24 89 55
39 59 39 58 36 59
21 29 21 26 0 27 29
30 12 30 34 59 12
3 36 3 38 89 55 58 36
43 48 43 48
8 70 8 41 63 17 70
2 73 2 56 64 73
22 50 22 43 48 52 71 82 53 88 50
23 36 23 66 77 75 88 10 30 34 59 17 20 55 58 36
40 45 40 78 17 33 45
26 24 26 42 51 59 89 55 58 67 82 24
22 67 22 43 52 64 71 82 24 89 55 67
62 81 62 72 81
40 6 40 78 5 6
85 64 85 88 10 30 34 53 84 89 55 58 36 59 64
1 5 1 78 5
1 59 1 37 51 59
4 64 4 23 37 52 64
56 47 56 64 84 89 55 58 77 48 75 82 53 88 50 60 47
2 37 2 23 37
49 36 49 72 53 88 10 30 34 59 36
38 44 38 89 55 67 82 24 27 44
8 59 8 40 78 5 6 16 35 59
34 75 34 79 84 89 55 67 72 75
6 81 6 71 82 24 89 54 81
39 64 39 58 36 59 12 45 64
22 79 22 43 45 50 82 53 84 89 55 58 36 59 12 24 27 44 79
40 32 40 78 5 72 75 82 53 84 89 55 58 10 17 32
18 13 18 20 56 64 84 89 55 58 36 37 0 13
8 78 8 40 78
14 88 14 28 41 10 17 33 51 59 64 82 24 27 79 84 89 55 58 77 75 88
20 32 20 40 78 17 32
21 72 21 42 62 72
15 80 15 26 0 89 55 58 67 82 53 80
21 61 21 42 51 67 72 75 88 61
11 51 11 59 12 50 60 47 75 82 24 89 55 58 36 37 51
2 55 2 33 24 71 82 53 84 89 55
59 75 59 17 33 51 44 84 89 55 67 82 24 27 75
4 86 4 70 55 84 89 54 86
30 44 30 44
78 32 78 17 70 32
38 54 38 89 54
77 36 77 84 89 55 58 36
56 27 56 82 24 27
51 73 51 59 36 50 60 47 75 82 24 73
11 47 11 59 36 37 0 10 48 52 64 71 82 24 89 55 67 72 75 88 50 60 47
51 67 51 67
15 48 15 30 44 79 84 89 55 58 77 48
60 71 60 24 27 29 48 52 77 75 88 50 82 53 84 89 55 58 10 30 0 20 40 78 5 6 71
9 44 9 71 82 24 27 75 88 10 30 44
34 66 34 53 88 10 48 52 64 84 89 55 58 36 59 12 66
21 45 21 26 0 45
9 17 9 62 72 75 88 10 17
56 12 56 64 82 24 89 55 58 12
59 61 59 64 61
77 50 77 48 88 50
1 83 1 7 50 60 71 82 54 81 83
21 54 21 58 10 48 88 50 82 24 27 55 84 89 54
88 17 88 50 82 53 84 89 55 58 36 37 17
40 6 40 78 5 6
89 50 89 55 58 10 48 88 50
70 17 70 0 13 84 89 55 67 72 53 88 10 17
25 17 25 35 59 17
2 17 2 78 17
39 36 39 58 36
27 84 27 79 88 50 60 47 75 82 24 89 55 84
63 17 63 17
40 64 40 78 5 75 82 53 88 10 17 70 0 20 56 64
56 20 56 64 84 89 55 67 82 24 27 78 17 20
22 75 22 43 52 71 82 53 84 89 55 58 77 75
7 36 7 64 84 89 55 58 36
21 29 21 26 88 50 82 53 84 89 55 58 10 30 29
60 79 60 71 82 53 84 89 55 58 12 44 79
59 71 59 64 71
59 81 59 12 75 80 81
35 64 35 59 64
38 58 38 89 55 58
82 48 82 24 27 88 10 48
42 10 42 51 59 36 50 60 71 82 24 27 55 67 72 88 10
13 36 13 52 77 84 89 55 58 36
49 12 49 72 75 82 53 84 89 55 58 36 59 12
20 12 20 39 58 12
58 0 58 10 17 70 0
57 29 57 45 77 48 52 64 82 53 84 89 55 58 36 37 67 72 75 88 10 30 29
56 27 56 64 71 82 53 84 89 55 58 36 50 60 24 27
57 71 57 82 24 71
59 5 59 17 78 5
18 13 18 22 43 45 50 82 53 84 89 55 67 72 88 10 30 0 13
49 52 49 72 88 50 60 71 82 53 84 89 55 58 36 37 52
60 83 60 47 75 82 24 83
31 30 31 43 44 84 89 55 58 67 82 24 27 75 88 10 30
40 86 40 78 5 79 84 89 54 86
1 37 1 7 64 84 89 55 58 36 37
89 66 89 55 58 36 37 72 88 10 17 78 5 6 12 66
56 20 56 82 53 88 10 30 0 20
62 58 62 72 88 50 60 24 71 82 53 84 89 55 58
14 79 14 25 79
77 47 77 84 89 55 58 36 37 59 64 71 82 24 27 78 17 20 48 88 10 30 0 13 60 47
15 58 15 30 0 20 88 10 17 58
6 17 6 16 29 48 52 71 82 24 27 44 79 88 10 17
57 54 57 63 52 71 82 54
57 73 57 45 77 89 55 67 73
15 27 15 30 0 27
70 73 70 0 27 78 5 6 16 35 39 58 67 73
19 72 19 82 53 84 89 55 67 72
6 53 6 77 75 88 10 30 34 50 82 53
42 79 42 62 72 53 84 89 55 58 67 82 24 27 44 79
78 0 78 17 33 51 67 72 53 84 89 55 58 12 60 71 82 24 27 29 48 52 77 75 88 10 30 0
72 29 72 53 84 89 55 67 82 24 27 29
2 52 2 33 45 50 60 71 82 24 27 88 10 30 34 48 52
1 32 1 78 17 32
56 48 56 64 71 82 24 89 55 58 36 37 52 77 48
8 33 8 28 64 82 53 88 10 17 33
18 60 18 20 48 52 64 71 82 53 84 89 55 67 72 88 50 60
64 71 64 71
2 73 2 33 51 44 55 67 72 75 82 24 73
30 52 30 34 48 52
21 58 21 26 88 10 48 52 77 89 55 58
31 36 31 56 64 82 53 88 10 17 58 36
1 57 1 7 57
27 54 27 88 50 60 47 75 82 53 84 89 54
35 37 35 39 58 36 37
85 52 85 88 10 48 52
33 5 33 49 72 88 50 60 71 82 24 27 78 5
2 81 2 82 53 84 89 80 81
2 71 2 9 24 27 88 10 48 52 71
22 61 22 43 52 64 61
42 78 42 62 72 53 84 89 55 58 36 37 17 78
39 30 39 58 36 37 17 20 40 78 5 6 77 48 88 10 30
14 84 14 34 48 75 88 50 82 53 84
77 54 77 84 89 55 58 36 37 72 53 88 10 48 75 82 54
31 58 31 43 52 64 71 82 53 88 50 60 24 27 55 58
89 10 89 55 58 12 45 50 82 24 27 88 10
49 29 49 72 75 88 50 82 24 27 29
1 45 1 39 58 12 45
2 89 2 78 17 33 49 72 88 50 82 53 84 89
72 29 72 88 10 30 29
22 54 22 31 43 45 50 82 54
6 71 6 37 52 77 48 88 10 17 20 55 67 72 75 82 24 71
1 30 1 13 45 64 82 53 88 10 30
14 37 14 28 37
6 50 6 77 89 55 67 72 88 50
39 60 39 58 10 24 89 55 67 82 53 88 50 60
60 55 60 47 75 88 10 30 29 48 52 77 84 89 55
13 0 13 26 0
34 73 34 79 88 10 48 52 64 73
16 24 16 67 82 24
77 24 77 84 89 55 58 12 24
6 73 6 37 67 82 53 84 89 55 58 77 48 88 50 60 24 73
30 79 30 34 59 89 55 67 82 24 27 79
11 30 11 59 17 58 10 30
34 52 34 79 84 89 55 67 72 88 10 30 29 48 52
62 45 62 72 53 84 89 55 58 12 45
2 37 2 23 37
20 24 20 55 67 82 24
19 12 19 38 89 55 58 12
82 67 82 53 84 89 55 67
33 24 33 45 64 71 82 53 84 89 55 67 72 75 88 10 24
1 29 1 7 43 44 84 89 55 58 12 24 27 29
4 12 4 23 37 72 53 88 10 30 34 79 84 89 55 58 12
19 89 19 62 72 53 84 89
14 33 14 59 36 37 48 88 10 17 33
14 5 14 25 40 78 5
15 66 15 22 31 43 44 79 84 89 55 58 12 66
35 36 35 59 36
22 29 22 43 45 50 60 47 75 88 10 24 27 29
40 17 40 78 17
51 54 51 44 55 84 89 54
64 44 64 84 89 55 58 36 50 60 71 82 24 27 44
49 81 49 72 53 84 89 54 81
82 73 82 53 84 89 55 58 12 50 60 24 73
14 55 14 25 0 45 50 60 24 89 55
43 61 43 45 50 82 53 84 89 55 58 77 75 88 61
82 36 82 53 84 89 55 58 36
34 10 34 50 82 24 89 55 67 72 88 10
31 60 31 43 44 84 89 55 67 72 88 10 30 0 13 60
4 12 4 23 67 72 53 84 89 55 58 12
11 44 11 88 10 17 58 12 44
43 45 43 45
23 44 23 49 72 75 82 24 27 44
63 48 63 12 72 75 82 24 27 88 10 48
57 47 57 45 50 60 47
37 81 37 52 64 82 54 81
6 83 6 31 43 44 55 67 82 53 84 89 80 81 83
38 75 38 89 55 58 77 75
35 54 35 39 58 36 37 52 71 82 24 27 29 48 75 88 10 30 0 20 55 67 72 53 84 89 54
19 27 19 43 45 50 60 47 75 88 10 17 70 82 24 27
59 75 59 36 50 60 71 82 53 84 89 55 58 77 75
9 54 9 71 82 54
18 67 18 20 88 50 60 71 82 53 84 89 55 67
3 84 3 82 53 88 10 30 44 84
35 54 35 39 58 77 89 54
31 30 31 56 64 71 82 53 88 10 30
57 75 57 78 17 58 10 24 27 29 48 75
19 47 19 56 64 82 24 89 55 58 77 75 88 50 60 47
18 24 18 20 39 58 36 50 60 24
1 44 1 7 14 25 35 39 58 12 44
51 48 51 59 64 82 53 88 10 17 20 39 58 36 37 48
15 80 15 22 31 43 52 77 89 55 67 72 75 82 53 80
18 79 18 22 31 43 44 79
3 77 3 27 88 50 60 24 89 55 58 77
31 67 31 43 44 79 84 89 55 67
59 80 59 17 33 45 77 84 89 80
37 71 37 67 72 88 50 60 24 71
4 81 4 23 81
22 82 22 34 53 88 50 60 71 82
40 70 40 78 17 70
43 81 43 45 50 60 47 75 82 53 80 81
2 89 2 82 53 88 10 30 44 79 84 89
2 20 2 33 45 50 82 53 84 89 55 67 72 88 10 17 70 0 13 20
62 78 62 72 75 88 10 24 27 78
72 32 72 88 10 17 32
77 44 77 48 75 88 10 30 44
39 67 39 58 67
15 61 15 22 43 45 64 84 89 55 67 82 53 88 61
35 81 35 39 58 10 17 70 55 84 89 80 81
13 81 13 29 48 52 64 84 89 80 81
56 36 56 82 24 27 75 88 10 30 0 20 39 58 36
60 67 60 24 89 55 58 67
16 10 16 29 48 88 10
14 34 14 34
15 20 15 30 29 48 75 88 10 17 70 0 20
85 30 85 88 10 30
88 44 88 10 30 44
26 67 26 28 37 0 27 79 84 89 55 67
20 75 20 39 58 12 75
33 0 33 24 27 79 88 50 60 71 82 53 84 89 55 58 10 30 0
20 81 20 10 24 89 80 81
39 89 39 58 36 50 60 24 71 82 53 88 10 30 44 84 89
6 48 6 0 10 48
82 17 82 24 89 55 67 72 75 88 10 17
64 36 64 71 82 24 27 44 55 58 36
2 36 2 78 17 58 36
33 66 33 51 67 72 53 88 10 24 89 55 58 36 59 12 66
22 88 22 34 48 88
34 24 34 59 17 70 0 45 77 75 82 53 84 89 55 58 36 37 51 67 72 88 10 24
56 27 56 82 53 84 89 55 67 72 75 88 50 60 24 27
88 54 88 10 48 52 77 75 82 24 89 54
41 84 41 57 45 50 82 53 84
89 12 89 55 58 12
57 48 57 63 52 71 82 53 88 10 48
22 89 22 31 43 44 55 67 72 88 10 24 89
51 45 51 44 84 89 55 58 36 59 12 45
41 86 41 57 63 12 50 82 54 86
8 88 8 40 78 5 79 84 89 55 67 82 53 88
37 32 37 59 89 55 67 72 75 88 10 17 32
3 50 3 30 0 27 88 50
1 23 1 2 23
28 48 28 41 49 72 53 84 89 55 67 82 24 27 75 88 10 48
18 34 18 22 34
22 84 22 34 48 75 82 53 84
8 50 8 62 72 53 88 50
9 17 9 20 48 88 10 24 27 78 17
77 12 77 89 55 58 12
70 55 70 0 20 55
4 24 4 70 55 67 82 24
1 0 1 49 72 88 10 24 71 82 53 84 89 55 58 36 37 0
3 12 3 64 84 89 55 58 36 59 12
8 48 8 28 37 51 17 20 48
56 10 56 64 84 89 55 58 77 48 75 88 10
43 83 43 48 88 10 17 60 71 82 53 84 89 54 81 83
1 70 1 7 50 82 53 88 10 17 70
27 83 27 79 88 10 30 0 13 75 82 24 83
25 45 25 63 12 45
70 53 70 82 53
39 70 39 58 67 72 88 10 24 27 78 17 70
60 67 60 24 71 82 53 84 89 55 58 67
49 29 49 72 75 82 24 27 29
19 89 19 56 82 24 89
35 37 35 39 58 36 37
15 55 15 26 0 27 75 82 53 84 89 55
9 84 9 75 88 10 17 20 39 58 67 72 53 84
78 71 78 5 6 88 10 48 52 71
43 47 43 44 79 88 50 60 47
31 75 31 43 48 75
42 45 42 62 72 88 50 60 24 27 78 17 33 45
60 79 60 24 71 82 53 84 89 55 58 10 30 44 79
8 34 8 28 77 48 88 50 82 24 89 55 58 10 30 34
30 45 30 0 45
42 29 42 62 72 53 88 50 60 71 82 24 27 29
40 71 40 78 17 58 10 30 29 48 75 88 50 60 71
15 66 15 30 48 88 10 17 20 56 64 71 82 53 84 89 55 58 12 66
35 26 35 59 17 20 40 78 5 79 84 89 55 58 36 37 48 88 10 30 0 13 26
78 10 78 17 20 10
42 30 42 62 72 88 10 30
58 66 58 12 66
59 75 59 64 71 82 53 84 89 55 58 67 72 88 50 60 47 75
57 12 57 45 50 60 71 82 24 27 29 48 88 10 17 78 5 89 55 58 12
8 5 8 40 78 5
49 84 49 72 88 50 60 47 75 82 53 84
51 80 51 44 55 84 89 80
41 24 41 70 55 67 82 53 88 50 60 24
64 84 64 82 24 27 55 84
82 84 82 53 84
14 72 14 25 79 88 10 17 78 5 52 77 75 82 24 27 55 67 72
14 59 14 59
62 10 62 72 53 88 10
88 81 88 10 17 33 24 27 55 84 89 54 81
16 71 16 84 89 55 58 36 50 60 24 71
28 34 28 37 67 72 88 10 30 34
40 88 40 78 5 6 37 52 64 84 89 55 67 72 53 88
56 29 56 82 24 27 29
82 54 82 53 84 89 54
19 84 19 38 89 55 67 72 53 84
49 79 49 72 53 84 89 55 58 10 17 78 5 52 71 82 24 27 44 79
34 73 34 53 84 89 55 58 10 24 73
34 50 34 48 75 82 53 88 50
58 32 58 12 66 78 17 32
31 10 31 43 52 77 48 88 10
30 73 30 0 89 55 67 73
60 32 60 47 75 82 53 84 89 55 58 77 48 88 10 17 32
26 54 26 42 51 59 17 60 47 75 82 24 27 55 84 89 54
62 60 62 72 75 82 24 27 44 84 89 55 58 12 60
15 50 15 30 29 48 75 88 50
28 24 28 41 70 55 58 12 37 17 20 40 78 5 79 88 50 60 24
43 71 43 48 75 88 10 30 34 53 84 89 55 67 82 24 71
34 71 34 53 88 50 60 71
20 67 20 48 75 88 10 30 0 13 84 89 55 58 67
38 71 38 89 55 58 67 82 24 27 78 17 60 71
2 59 2 33 51 59
31 81 31 43 44 84 89 80 81
3 82 3 82
30 17 30 48 88 10 17
21 80 21 58 36 37 52 77 75 80
15 52 15 22 43 52
14 45 14 59 64 84 89 55 67 82 53 88 10 17 70 0 45
4 17 4 23 67 72 88 50 60 24 27 78 17
16 36 16 35 39 58 36
40 55 40 78 5 75 88 50 60 24 27 55
14 33 14 59 17 33
14 63 14 28 41 63
3 12 3 27 44 84 89 55 58 12
8 54 8 28 82 54
31 24 31 56 64 71 82 24
33 29 33 24 71 82 53 88 10 30 29
2 50 2 9 53 84 89 55 58 36 50
1 86 1 7 50 82 54 86
63 48 63 17 58 67 82 24 27 29 48
56 12 56 82 53 84 89 55 58 12
4 32 4 70 32
14 51 14 42 51
8 30 8 62 72 88 10 30
35 78 35 59 12 29 48 75 82 24 27 78
18 84 18 22 34 53 84
20 50 20 88 50
77 66 77 84 89 55 58 12 66
42 30 42 62 72 88 10 30
18 81 18 22 31 43 45 64 84 89 80 81
22 33 22 43 45 50 60 24 89 55 67 82 53 88 10 17 33
6 47 6 88 50 60 47
6 47 6 12 37 59 17 60 47
18 36 18 20 10 30 0 45 77 75 88 50 60 24 89 55 58 36
57 71 57 50 82 24 27 79 84 89 55 58 12 60 71
37 24 37 49 72 88 50 82 24
16 0 16 29 48 52 64 82 53 84 89 55 67 72 88 10 17 70 0
4 67 4 70 82 24 27 29 48 52 77 89 55 67
57 83 57 50 82 53 80 81 83
34 66 34 50 82 53 84 89 55 58 12 66
3 83 3 38 89 55 58 36 50 82 54 81 83
8 78 8 40 78
56 79 56 82 53 88 10 30 44 79
2 5 2 9 24 27 78 5
18 6 18 20 40 78 5 6
15 80 15 30 34 59 17 78 5 72 75 88 10 24 27 29 48 52 71 82 53 84 89 80
89 54 89 54
64 75 64 71 82 24 89 55 67 72 75
1 33 1 7 50 82 53 88 10 17 33
62 67 62 72 53 84 89 55 67
40 64 40 78 5 64
41 75 41 10 30 48 75
8 27 8 28 37 67 72 53 84 89 55 58 12 45 77 48 52 71 82 24 27
21 70 21 26 28 35 39 58 12 29 48 88 10 17 70
27 0 27 29 48 88 10 17 70 0
51 61 51 17 78 5 75 82 24 89 55 67 72 88 61
40 61 40 78 17 58 77 84 89 55 67 72 53 88 61
62 12 62 72 88 50 60 47 75 82 53 84 89 55 58 36 59 12
77 81 77 48 52 80 81
43 79 43 44 79
6 50 6 37 72 88 50
72 12 72 53 88 50 82 24 27 79 84 89 55 58 12
49 81 49 72 75 80 81
39 0 39 58 36 37 0
51 67 51 67
59 50 59 36 50
38 36 38 89 55 58 36
11 82 11 59 36 37 51 17 58 67 72 88 10 48 75 82
51 45 51 17 33 45
77 52 77 48 52
20 55 20 55
31 43 31 43
62 0 62 72 88 50 60 71 82 53 84 89 55 58 10 17 70 0
40 77 40 78 5 72 88 10 24 27 29 48 52 77
7 61 7 43 45 64 61
3 71 3 27 29 48 88 50 60 71
78 5 78 5
39 88 39 58 12 44 84 89 55 67 72 75 82 24 27 29 48 88
42 86 42 62 72 88 50 60 71 82 54 86
14 34 14 34
49 50 49 72 75 82 53 84 89 55 58 12 45 50
25 0 25 0
7 45 7 43 45
56 75 56 64 71 82 24 27 55 67 72 53 88 10 30 29 48 75
31 34 31 56 82 53 84 89 55 67 72 75 88 10 30 34
37 12 37 51 67 72 75 82 53 84 89 55 58 12
31 59 31 43 48 75 82 24 89 55 58 67 72 53 88 10 30 34 59
1 72 1 89 55 67 72
89 29 89 55 58 12 24 27 29
77 71 77 89 55 67 82 24 71
72 32 72 88 50 82 53 84 89 55 58 10 17 32
31 78 31 43 52 71 82 53 84 89 55 67 72 75 88 50 60 24 27 78
1 86 1 89 55 67 72 53 88 50 60 47 75 82 54 86
22 34 22 34
27 44 27 44
60 86 60 47 75 82 54 86
64 10 64 71 82 53 88 10
28 17 28 37 17
1 36 1 7 62 72 75 88 10 48 52 77 84 89 55 58 36
21 70 21 42 62 72 88 10 17 70
41 29 41 70 0 27 29
3 64 3 64
42 47 42 51 44 55 67 72 88 50 60 47
37 55 37 49 72 88 50 82 24 27 78 17 20 39 58 12 45 77 89 55
41 32 41 70 32
77 80 77 75 88 50 60 71 82 24 89 80
41 47 41 49 72 88 50 60 47
34 86 34 59 64 71 82 54 86
1 84 1 13 75 88 10 48 52 77 89 55 84
19 86 19 43 44 55 58 12 50 82 54 86
63 66 63 17 58 12 66
30 81 30 44 79 88 10 24 27 29 48 52 71 82 53 84 89 55 58 67 72 75 80 81
39 73 39 58 77 48 52 64 84 89 55 67 73
63 79 63 52 64 82 53 88 10 24 27 79
77 45 77 89 55 58 36 37 72 88 10 48 75 82 24 27 78 17 33 45
19 61 19 56 64 61
22 17 22 43 48 88 10 17
3 73 3 9 62 72 88 50 60 47 75 82 24 73
82 29 82 53 84 89 55 58 12 29
88 61 88 61
1 13 1 13
88 29 88 10 30 29
33 24 33 45 64 71 82 24
40 33 40 78 17 33
9 24 9 75 88 50 60 24
28 70 28 41 70
27 45 27 75 88 10 30 44 84 89 55 58 12 45
21 27 21 58 10 24 27
20 80 20 56 64 84 89 80
60 54 60 24 71 82 53 84 89 54
58 24 58 12 29 48 75 88 50 82 24
60 50 60 71 82 53 84 89 55 67 72 88 50
88 52 88 50 60 71 82 53 84 89 55 58 77 48 52
3 71 3 30 48 75 88 10 17 70 82 24 71
30 47 30 34 59 64 71 82 24 27 75 88 50 60 47
78 48 78 5 89 55 67 72 88 10 48
14 44 14 34 59 89 55 58 10 17 60 24 27 44
37 75 37 77 75
41 32 41 70 55 58 67 72 88 50 60 24 27 78 17 32
14 13 14 59 64 71 82 24 27 79 88 10 30 0 13
31 75 31 56 64 71 82 53 88 10 30 48 52 77 75
51 84 51 44 79 88 50 60 71 82 53 84
23 66 23 66
27 81 27 79 84 89 54 81
3 88 3 82 53 88
14 63 14 25 63
72 32 72 88 10 17 32
1 13 1 13
57 81 57 50 60 24 27 75 80 81
34 79 34 48 75 82 53 84 89 55 67 72 88 10 30 44 79
4 66 4 23 66
2 5 2 23 66 78 5
77 67 77 84 89 55 58 36 37 67
89 32 89 55 58 10 17 70 32
3 77 3 9 75 82 24 89 55 58 77
85 83 85 88 10 30 83
15 0 15 26 0
63 84 63 12 60 71 82 24 89 55 84
25 32 25 32
42 72 42 62 72
15 88 15 22 31 56 82 53 88
1 10 1 49 72 88 10
77 71 77 84 89 55 67 72 75 88 50 60 71
33 80 33 78 17 70 0 20 55 84 89 80
3 10 3 37 59 17 33 62 72 75 88 10
26 86 26 0 20 88 10 48 75 82 54 86
22 52 22 43 45 50 60 71 82 24 89 55 58 77 75 88 10 30 29 48 52
39 0 39 58 36 37 0
14 55 14 42 51 17 20 10 24 71 82 53 84 89 55
3 89 3 38 89
1 10 1 2 78 17 58 10
35 80 35 59 89 55 58 77 75 80
22 5 22 31 56 82 24 89 55 67 72 75 88 10 17 20 40 78 5
33 32 33 78 5 52 77 48 88 10 17 32
1 37 1 37
2 36 2 9 62 72 75 82 53 88 10 24 89 55 58 36
4 71 4 70 82 24 89 55 58 12 45 64 71
38 79 38 89 55 67 72 75 82 24 27 44 79
40 17 40 78 17
11 58 11 59 17 60 47 75 88 50 82 53 84 89 55 58
49 73 49 72 75 82 53 88 10 24 73
85 81 85 88 50 60 47 75 80 81
9 67 9 24 71 82 53 84 89 55 58 67
6 24 6 77 75 82 53 84 89 55 67 72 88 10 17 60 24
16 54 16 84 89 55 58 77 75 82 54
2 10 2 56 82 53 84 89 55 67 72 88 10
15 66 15 22 34 79 84 89 55 58 12 66
33 50 33 49 72 88 50
1 24 1 78 17 20 56 82 53 84 89 55 58 67 72 88 10 24
18 67 18 22 34 53 88 10 30 44 79 84 89 55 58 67
62 29 62 72 75 82 53 88 50 60 24 27 29
18 80 18 22 31 43 48 52 71 82 24 27 79 84 89 55 58 12 75 80
22 80 22 34 53 80
14 53 14 34 50 82 53
89 55 89 55
14 48 14 59 12 45 50 60 47 75 82 53 84 89 55 58 67 72 88 10 30 48
35 61 35 39 58 36 50 82 53 88 61
2 58 2 23 67 72 53 84 89 55 58
9 24 9 53 84 89 55 58 67 82 24
82 61 82 53 84 89 55 58 10 30 0 20 88 61
20 73 20 40 78 17 70 55 67 72 75 82 24 73
51 86 51 17 20 40 78 5 75 82 54 86
25 80 25 63 52 64 71 82 24 27 79 88 10 30 29 48 75 80
30 12 30 44 79 84 89 55 58 36 37 59 12
77 24 77 84 89 55 58 10 48 52 64 82 24
8 71 8 40 78 5 88 10 17 33 24 71
21 89 21 26 28 77 75 88 10 17 33 51 59 36 50 60 71 82 53 84 89
30 84 30 44 55 84
58 52 58 36 50 82 53 88 10 30 29 48 52
22 47 22 31 56 64 82 53 84 89 55 58 77 48 88 50 60 47
78 12 78 17 58 12
31 53 31 43 52 71 82 53
39 78 39 58 10 17 78
37 29 37 51 44 79 88 50 60 24 27 29
18 24 18 20 40 78 5 79 84 89 55 67 72 53 88 50 60 71 82 24
31 53 31 43 48 75 88 10 30 44 55 58 67 72 53
18 51 18 20 10 24 27 88 50 60 47 75 82 53 84 89 55 58 36 59 17 33 51
64 5 64 71 82 53 84 89 55 58 36 37 72 88 10 17 78 5
43 48 43 48
39 48 39 58 10 48
2 75 2 33 45 64 71 82 24 89 55 67 72 88 50 60 47 75
78 50 78 5 79 84 89 55 58 36 50
89 54 89 54
33 83 33 83
42 52 42 51 67 72 88 10 24 71 82 53 84 89 55 58 36 37 52
31 59 31 56 64 84 89 55 58 36 59
58 52 58 77 75 88 50 60 71 82 24 27 29 48 52
4 60 4 49 72 53 84 89 55 67 82 24 27 79 88 50 60
82 73 82 53 84 89 55 58 67 73
88 71 88 50 60 47 75 82 24 71
59 48 59 17 78 5 6 12 37 77 48
2 6 2 33 24 71 82 53 84 89 55 67 72 88 10 17 78 5 6
18 59 18 59
42 34 42 51 44 79 84 89 55 67 82 53 88 10 30 34
9 75 9 24 27 75
82 5 82 53 84 89 55 58 10 17 78 5
15 79 15 30 44 84 89 55 58 12 37 48 75 82 53 88 10 17 78 5 6 0 27 79
43 81 43 48 75 82 54 81
38 81 38 89 54 81
6 86 6 77 75 82 24 89 55 58 67 72 86
51 55 51 44 55
19 80 19 38 89 80
88 80 88 10 24 71 82 53 84 89 80
18 50 18 59 64 84 89 55 67 72 53 88 50
19 47 19 38 89 55 67 82 53 88 50 60 47
33 61 33 61
43 81 43 44 55 67 72 53 84 89 54 81
37 83 37 49 72 75 82 24 83
8 30 8 28 35 59 17 60 71 82 53 88 10 30
42 0 42 51 17 70 0
28 61 28 35 59 12 50 60 24 71 82 53 84 89 55 67 72 88 10 17 70 0 20 39 58 36 37 51 61
27 12 27 78 5 64 82 53 84 89 55 58 36 59 12
26 75 26 28 37 48 88 50 60 47 75
63 0 63 12 24 71 82 53 84 89 55 58 77 75 88 10 30 0
22 34 22 34
89 83 89 55 67 82 53 80 81 83
21 10 21 42 62 72 88 10
19 48 19 38 89 55 58 77 75 88 10 30 29 48
1 20 1 13 20
38 45 38 89 55 67 72 53 88 10 17 70 0 45
23 24 23 37 77 75 88 50 82 24
11 48 11 88 10 17 58 12 60 71 82 24 27 29 48
27 71 27 75 88 10 30 44 84 89 55 58 12 50 82 24 71
23 36 23 66 77 75 88 50 60 71 82 53 84 89 55 58 36
26 83 26 80 81 83
8 57 8 41 57
56 54 56 82 54
28 71 28 41 49 72 75 88 50 82 53 84 89 55 58 10 24 71
64 75 64 71 82 24 89 55 58 36 37 0 13 45 77 48 75
2 23 2 23
51 86 51 59 36 50 60 47 75 88 10 48 52 64 86
8 83 8 62 72 81 83
2 82 2 56 82
85 48 85 88 50 60 24 27 29 48
21 84 21 26 28 77 48 75 82 53 84
38 82 38 89 55 67 82
22 82 22 31 56 82
18 61 18 22 34 79 88 61
60 84 60 47 75 88 10 30 29 48 52 64 82 53 84
51 54 51 44 55 67 72 75 82 54
19 78 19 56 64 71 82 24 27 78
11 86 11 59 89 54 86
40 30 40 78 17 33 45 50 60 47 75 88 10 30
39 88 39 58 67 72 88
2 30 2 56 82 53 84 89 55 58 36 37 17 33 49 72 88 10 30
31 47 31 56 82 24 27 88 10 30 34 50 60 47
25 44 25 0 20 88 50 60 71 82 53 84 89 55 58 10 24 27 44
3 24 3 38 89 55 58 12 60 71 82 24
13 84 13 29 48 88 10 17 20 40 78 5 52 64 82 53 84
14 58 14 25 82 24 89 55 58
11 44 11 59 17 78 5 89 55 58 36 37 52 71 82 24 27 44
85 66 85 88 10 24 71 82 53 84 89 55 58 12 66
39 53 39 58 77 84 89 55 67 82 53
28 73 28 35 59 12 73
40 77 40 78 5 52 71 82 24 89 55 58 77
63 48 63 52 71 82 53 88 10 48
85 78 85 88 10 17 70 55 58 36 59 12 45 64 82 24 27 78
15 80 15 30 34 50 60 47 75 80
28 81 28 82 24 89 55 58 77 48 75 80 81
43 48 43 48
25 79 25 79
51 17 51 17
82 12 82 24 89 55 58 12
37 48 37 77 48
18 29 18 20 39 58 12 29
21 54 21 42 51 59 12 50 60 71 82 54
37 71 37 77 84 89 55 58 67 82 24 27 78 17 70 0 13 28 64 71
14 48 14 28 37 67 82 53 84 89 55 58 10 48
39 77 39 58 77
26 10 26 28 35 59 36 50 60 71 82 24 27 55 67 72 88 10
56 44 56 64 71 82 53 84 89 55 58 36 37 59 12 44
22 17 22 34 59 12 45 50 82 24 27 75 88 10 17
72 17 72 75 82 53 84 89 55 58 36 59 17
4 20 4 70 55 58 36 37 51 17 20
77 71 77 48 88 10 24 27 75 82 53 84 89 55 58 36 50 60 71
27 66 27 78 17 20 55 58 12 66
2 27 2 23 67 82 24 27
6 53 6 0 27 78 17 58 77 75 88 50 60 24 89 55 67 82 53
39 10 39 58 12 24 71 82 53 84 89 55 67 72 88 10
1 48 1 2 23 66 77 48
6 50 6 31 56 82 53 88 50
51 5 51 59 36 37 17 78 5
39 60 39 58 67 72 53 88 50 60
82 50 82 53 88 50
41 17 41 63 17
35 82 35 59 17 60 47 75 82
78 32 78 17 32
3 0 3 82 24 89 55 67 72 75 88 10 17 70 0
19 72 19 62 72
64 84 64 84
14 10 14 42 62 72 88 10
28 20 28 77 89 55 58 10 17 20
9 83 9 53 84 89 80 81 83
64 10 64 84 89 55 67 82 24 27 88 10
56 60 56 82 24 89 55 67 72 75 88 50 60
22 60 22 31 43 52 71 82 24 27 29 48 88 10 30 0 13 60
26 36 26 88 10 48 52 64 82 24 89 55 58 36
19 44 19 43 44
8 10 8 41 50 60 71 82 24 27 55 58 12 72 88 10
63 55 63 17 70 0 10 30 34 50 82 24 89 55
21 51 21 42 51
43 36 43 45 64 82 53 88 10 24 27 44 84 89 55 58 36
27 5 27 78 5
31 64 31 43 48 88 50 60 71 82 53 84 89 55 58 36 59 64
19 5 19 82 24 89 55 58 36 50 60 47 75 88 10 17 78 5
11 44 11 59 36 50 82 24 27 44
6 17 6 71 82 24 27 78 17
2 30 2 82 53 88 10 30
19 24 19 43 45 64 82 24
42 32 42 51 67 72 75 82 53 88 10 17 32
7 80 7 50 60 24 71 82 53 88 10 48 52 64 84 89 80
13 52 13 45 64 71 82 53 88 10 24 27 78 5 52
35 5 35 59 12 50 60 24 27 88 10 30 44 55 58 36 37 51 17 70 0 20 40 78 5
33 12 33 24 27 29 48 52 71 82 53 88 10 30 34 59 17 20 56 64 84 89 55 58 12
39 44 39 58 12 44
31 33 31 43 44 84 89 55 58 10 17 33
88 83 88 50 60 24 89 54 81 83
18 80 18 20 40 78 5 79 84 89 80
57 47 57 45 77 84 89 55 67 82 24 27 78 17 58 12 60 47
39 17 39 58 12 37 17
15 37 15 22 31 56 64 71 82 53 84 89 55 67 72 75 88 50 60 24 27 78 17 58 36 37
88 67 88 10 24 27 79 84 89 55 67
16 0 16 67 72 53 84 89 55 58 36 50 60 47 75 82 24 27 79 88 10 17 70 0
70 75 70 0 27 88 50 60 24 71 82 53 84 89 55 67 72 75
25 24 25 52 71 82 53 88 50 60 24
27 79 27 44 79
9 53 9 20 88 10 17 70 82 24 27 44 55 67 72 53
89 48 89 55 58 10 48
89 79 89 55 58 36 37 51 44 79
62 83 62 72 53 84 89 54 81 83
35 44 35 59 64 84 89 55 58 12 44
38 51 38 89 55 67 72 53 88 10 17 33 51
60 48 60 47 75 82 53 84 89 55 58 10 24 27 29 48
62 0 62 72 75 88 10 17 70 0
56 77 56 82 53 84 89 55 58 77
27 29 27 29
4 82 4 30 29 48 75 88 50 82
63 67 63 17 60 71 82 53 84 89 55 67
7 48 7 45 50 60 71 82 24 89 55 67 72 75 88 10 48
14 79 14 28 41 49 72 88 50 60 47 75 82 24 27 79
60 45 60 71 82 24 27 29 48 75 88 10 17 20 39 58 12 45
41 71 41 57 72 53 84 89 55 67 82 24 27 75 88 10 17 78 5 64 71
2 32 2 23 32
27 10 27 79 84 89 55 67 72 88 10
33 5 33 78 5
34 52 34 79 84 89 55 67 72 75 82 24 27 29 48 52
59 83 59 17 33 49 72 81 83
20 86 20 39 58 10 24 89 54 86
40 45 40 78 17 33 45
89 79 89 55 67 72 88 10 24 27 79
88 45 88 10 24 71 82 53 84 89 55 58 12 45
31 48 31 43 48
62 47 62 72 88 50 60 47
21 86 21 58 12 60 24 27 29 48 52 77 75 88 50 82 53 84 89 55 67 72 86
18 75 18 59 17 20 10 48 75
18 59 18 22 34 59
78 83 78 17 58 10 48 52 77 89 80 81 83
3 20 3 9 20
57 10 57 45 77 84 89 55 58 10
77 5 77 75 88 10 17 78 5
13 61 13 28 64 61
21 79 21 42 62 72 88 50 82 24 27 79
38 30 38 89 55 58 10 30
15 17 15 22 43 52 71 82 53 84 89 55 58 12 72 75 88 10 17
33 66 33 51 59 12 66
30 80 30 48 52 71 82 53 88 50 60 24 27 79 84 89 80
59 67 59 17 58 10 30 44 79 88 50 82 53 84 89 55 67
3 73 3 30 34 73
22 77 22 34 53 88 50 82 24 27 29 48 52 77
39 52 39 58 77 89 55 67 72 75 88 10 30 48 52
13 5 13 20 40 78 5
15 71 15 26 28 82 53 88 10 48 52 71
82 67 82 24 89 55 67
59 54 59 17 70 82 54
35 72 35 59 64 84 89 55 67 72
2 55 2 9 71 82 53 88 50 60 24 27 79 84 89 55
62 79 62 72 53 84 89 55 58 10 17 60 47 75 82 24 27 44 79
9 0 9 24 89 55 58 10 17 70 0
62 88 62 72 88
38 86 38 89 55 58 12 66 78 5 64 86
70 80 70 0 45 50 82 53 80
49 67 49 72 53 88 10 24 89 55 67
62 64 62 72 53 84 89 55 58 36 50 60 71 82 24 27 88 10 17 20 40 78 5 64
40 54 40 78 17 58 12 44 55 67 82 24 89 54
70 83 70 55 67 82 54 81 83
35 37 35 59 36 37
38 64 38 89 55 67 72 88 10 30 34 59 17 20 56 64
57 66 57 72 88 50 60 24 27 29 48 52 71 82 53 84 89 55 58 12 66
7 55 7 89 55
21 82 21 58 10 30 34 50 82
16 50 16 35 59 64 71 82 53 84 89 55 67 72 88 10 17 33 45 50
34 54 34 50 60 24 27 29 48 88 10 30 44 84 89 54
14 45 14 25 38 89 55 67 82 24 27 78 5 6 16 29 48 88 10 17 70 0 45
21 86 21 26 88 10 24 89 54 86
21 67 21 26 42 62 72 53 84 89 55 67
37 84 37 49 72 88 10 48 75 82 53 84
57 47 57 82 53 88 50 60 47
1 75 1 2 33 49 72 75
11 30 11 59 17 78 5 88 10 30
40 54 40 78 5 72 75 88 10 48 52 71 82 54
26 75 26 0 10 48 52 71 82 24 27 55 58 36 50 60 47 75
25 55 25 38 89 55
21 51 21 42 51
59 67 59 12 24 89 55 67
3 36 3 27 44 55 67 72 75 88 10 17 58 36
43 45 43 45
34 32 34 50 60 71 82 53 84 89 55 67 72 88 10 17 32
70 71 70 55 58 77 48 75 82 24 27 44 79 88 50 60 71
60 86 60 24 71 82 53 84 89 55 67 72 86
28 83 28 77 84 89 80 81 83
60 80 60 24 71 82 53 84 89 80
89 50 89 55 58 10 48 52 64 71 82 53 88 50
62 88 62 72 53 88
60 73 60 24 73
25 24 25 62 72 75 88 10 30 29 48 52 77 84 89 55 58 67 82 24
4 77 4 23 49 72 88 10 17 60 24 71 82 53 84 89 55 58 36 37 77
42 70 42 62 72 88 10 17 70
70 80 70 55 84 89 80
3 9 3 9
16 80 16 35 59 12 44 55 84 89 80
59 75 59 36 50 60 71 82 53 88 10 24 89 55 67 72 75
7 80 7 43 44 84 89 80
38 78 38 89 55 67 72 88 10 17 78
23 83 23 80 81 83
28 67 28 64 71 82 24 89 55 67
39 5 39 58 36 50 82 24 27 78 5
16 17 16 84 89 55 58 77 75 82 24 27 44 79 88 10 17
8 63 8 41 63
21 78 21 42 51 67 72 53 84 89 55 58 10 17 78
16 53 16 35 59 64 82 53
34 32 34 48 88 10 17 32
59 81 59 17 70 82 53 80 81
3 73 3 82 53 84 89 55 58 36 37 49 72 75 88 10 30 48 52 64 73
40 72 40 78 17 58 10 48 88 50 60 24 89 55 67 72
72 67 72 53 88 50 82 24 89 55 67
31 26 31 56 82 24 27 29 48 75 88 10 30 0 13 26
21 82 21 26 42 62 72 88 10 17 20 39 58 67 82
25 80 25 79 84 89 55 58 12 24 71 82 53 88 50 60 47 80
31 45 31 43 45
22 51 22 43 45 64 82 24 27 75 88 10 17 33 51
4 77 4 82 24 89 55 67 72 75 88 10 30 0 20 48 52 77
26 29 26 17 33 24 71 82 53 84 89 55 58 36 59 12 29
27 24 27 44 79 84 89 55 67 72 53 88 10 17 60 47 75 82 24
88 0 88 10 17 58 12 37 0
60 12 60 47 75 88 50 82 53 84 89 55 58 12
22 73 22 31 43 44 55 67 82 24 27 88 10 48 52 64 73
39 73 39 58 12 60 71 82 53 84 89 55 67 73
3 84 3 30 44 79 84
4 55 4 70 0 20 10 48 88 50 60 24 71 82 53 84 89 55
28 44 28 64 82 24 27 44
57 80 57 78 17 58 67 72 53 84 89 80
38 64 38 89 55 58 77 75 88 50 82 24 27 29 48 52 64
39 24 39 58 10 24
78 29 78 17 70 82 53 84 89 55 58 77 75 88 50 60 24 27 29
89 12 89 55 58 12
89 75 89 55 58 67 72 75
38 33 38 89 55 67 72 53 88 10 17 33
21 20 21 26 28 37 51 44 79 88 10 17 20
3 12 3 64 84 89 55 58 36 59 12
14 34 14 34
11 70 11 59 17 70
89 83 89 80 81 83
8 83 8 40 78 81 83
31 43 31 43
51 53 51 44 79 88 10 30 48 52 77 75 82 53
38 61 38 89 55 58 67 72 75 82 24 27 88 61
11 71 11 59 17 78 5 64 84 89 55 58 67 72 53 88 10 24 71
2 20 2 33 24 27 88 10 30 0 20
37 83 37 17 20 48 88 10 30 44 84 89 80 81 83
7 79 7 89 55 67 72 88 50 60 71 82 24 27 79
26 75 26 0 27 55 58 12 75
72 80 72 53 88 10 24 27 79 84 89 55 58 36 50 60 47 80
23 24 23 67 72 88 50 82 24
41 84 41 50 60 47 75 82 53 88 10 48 52 77 84
6 47 6 88 50 60 47
9 86 9 20 48 52 71 82 24 27 55 84 89 54 86
40 72 40 78 17 33 62 72
21 12 21 42 51 59 12
3 70 3 30 0 10 17 70
4 67 4 23 67
27 47 27 44 79 84 89 55 58 12 37 49 72 53 88 50 60 47
21 44 21 42 51 44
15 20 15 30 0 20
1 0 1 39 58 12 45 64 71 82 53 88 10 30 0
72 5 72 53 84 89 55 58 10 17 20 40 78 5
15 60 15 26 0 10 30 29 48 88 50 60
25 10 25 82 24 27 88 10
56 10 56 64 82 53 88 10
18 77 18 22 31 43 52 77
85 12 85 88 10 17 78 5 6 77 75 82 53 84 89 55 58 12
19 52 19 62 72 75 88 50 60 24 27 79 84 89 55 58 12 66 77 48 52
15 71 15 30 44 79 84 89 55 58 36 50 60 71
33 0 33 45 77 89 55 58 67 72 75 88 10 30 0
28 36 28 35 59 89 55 58 36
19 86 19 82 54 86
49 52 49 72 88 50 82 24 27 29 48 52
4 5 4 23 66 78 5
22 43 22 31 43
39 64 39 58 12 72 53 88 10 48 52 64
38 17 38 89 55 58 36 50 60 24 27 79 88 10 17
14 67 14 28 35 39 58 36 50 60 71 82 53 84 89 55 67
63 75 63 12 50 60 24 27 78 5 75
60 75 60 47 75
33 71 33 51 67 82 53 84 89 55 58 10 17 78 5 6 37 48 88 50 60 71
42 82 42 62 72 75 88 50 82
27 52 27 29 48 52
21 75 21 42 62 72 88 10 17 33 51 67 82 24 27 75
57 81 57 63 52 64 71 82 54 81
7 50 7 57 50
72 44 72 53 84 89 55 58 10 17 78 5 79 88 50 60 71 82 24 27 44
57 10 57 63 17 33 51 59 89 55 58 10
41 12 41 63 12
26 24 26 42 51 44 79 88 50 60 24
63 47 63 17 60 47
3 54 3 30 29 48 52 64 82 24 89 54
42 61 42 51 59 36 50 82 53 84 89 55 58 10 17 33 49 72 75 88 61
60 67 60 47 75 88 50 82 53 84 89 55 67
38 60 38 89 55 67 72 75 88 10 17 60
64 48 64 71 82 53 84 89 55 67 72 88 10 30 29 48
16 17 16 67 72 88 10 17
42 78 42 62 72 53 88 50 60 71 82 24 89 55 58 10 17 20 40 78
49 55 49 72 88 50 82 24 89 55
42 59 42 51 67 82 53 84 89 55 58 36 59
27 79 27 88 10 30 44 79
49 17 49 72 75 82 53 88 10 17
85 64 85 88 50 60 24 27 29 48 52 64
85 81 85 88 10 24 71 82 53 80 81
82 83 82 24 83
16 5 16 35 39 58 36 50 60 71 82 53 84 89 55 67 72 88 10 17 70 0 27 78 5
18 55 18 22 43 48 88 10 24 89 55
20 17 20 48 75 88 10 17
37 48 37 52 71 82 24 27 29 48
3 36 3 37 48 88 50 82 53 84 89 55 58 36
62 64 62 72 88 10 48 52 64
30 36 30 0 10 48 52 77 89 55 58 36
58 24 58 36 50 82 24
15 26 15 26
43 12 43 44 79 88 50 60 24 27 29 48 75 82 53 84 89 55 58 12
13 36 13 26 88 10 48 75 82 24 89 55 58 36
40 24 40 78 5 64 71 82 24
37 73 37 67 72 53 88 10 24 73
70 86 70 0 89 54 86
11 66 11 88 50 60 71 82 53 84 89 55 58 12 66
8 54 8 62 72 88 50 60 71 82 54
1 81 1 78 5 89 80 81
26 0 26 0
63 47 63 12 50 60 47
19 5 19 43 48 88 10 17 78 5
37 52 37 48 52
16 75 16 67 72 75
22 30 22 31 43 45 50 82 53 84 89 55 67 72 75 88 10 30
35 78 35 59 64 84 89 55 67 82 53 88 10 24 27 78
57 44 57 50 60 24 27 44
26 66 26 0 89 55 58 36 59 12 66
11 71 11 59 89 55 67 82 24 71
82 54 82 24 27 55 67 72 53 84 89 54
85 53 85 88 50 82 53
21 54 21 42 51 59 36 50 82 54
49 53 49 72 88 10 24 89 55 58 12 50 82 53
49 30 49 72 88 10 30
11 61 11 59 89 55 67 82 24 27 78 17 70 0 13 26 88 61
14 48 14 42 62 72 88 10 30 48
39 37 39 58 36 37
9 54 9 71 82 54
1 72 1 13 20 39 58 67 72
85 52 85 88 10 17 20 48 52
19 45 19 43 45
31 79 31 43 48 52 64 84 89 55 58 12 72 53 88 10 30 34 79
38 27 38 89 55 67 72 88 50 60 47 75 82 24 27
43 75 43 52 71 82 24 27 78 17 20 48 75
49 53 49 72 88 10 24 71 82 53
35 61 35 39 58 36 50 60 24 71 82 53 88 61
27 29 27 29
3 27 3 27
31 50 31 43 45 77 84 89 55 58 10 30 34 50
49 32 49 72 75 82 24 89 55 58 36 59 17 32
22 50 22 34 50
4 78 4 23 49 72 75 82 24 27 88 10 17 78
27 36 27 88 10 24 71 82 53 84 89 55 58 36
25 86 25 33 49 72 88 50 60 47 75 82 24 27 79 84 89 54 86
21 45 21 58 12 45
18 20 18 20
78 5 78 5
60 29 60 47 75 88 10 30 29
13 86 13 60 24 27 44 84 89 54 86
13 86 13 60 24 27 78 17 33 62 72 88 10 48 75 82 54 86
7 54 7 64 71 82 54
31 0 31 56 82 53 84 89 55 58 36 37 52 77 48 88 10 17 70 0
77 81 77 48 75 80 81
64 44 64 84 89 55 58 67 72 88 10 24 27 44
64 84 64 71 82 24 27 44 84
28 33 28 35 39 58 67 72 75 88 50 82 24 27 78 17 33
26 55 26 17 78 5 52 64 71 82 24 89 55
7 17 7 57 78 17
39 12 39 58 36 59 12
18 88 18 22 31 56 64 82 53 88
8 55 8 40 78 5 75 82 53 84 89 55
25 44 25 52 64 84 89 55 67 72 53 88 50 60 24 27 44
70 12 70 55 58 12
2 48 2 33 45 77 48
60 48 60 24 89 55 58 77 48
1 5 1 78 5
18 61 18 22 43 45 64 71 82 24 27 29 48 75 88 61
18 54 18 22 43 52 64 71 82 54
70 75 70 82 53 88 10 30 44 79 84 89 55 67 72 75
15 30 15 30
20 86 20 55 58 12 84 89 54 86
62 34 62 72 75 82 53 84 89 55 58 10 30 34
18 88 18 59 17 20 55 67 72 53 88
7 32 7 14 34 59 17 32
3 73 3 37 72 75 88 10 30 34 50 82 24 73
30 44 30 44
72 53 72 53
89 55 89 55
82 44 82 24 89 55 67 72 75 88 10 30 44
27 79 27 88 10 30 44 79
30 24 30 29 48 75 88 50 60 71 82 24
23 55 23 66 78 5 52 64 84 89 55
40 67 40 78 17 70 0 20 55 67
82 71 82 24 27 79 84 89 55 67 72 75 88 10 48 52 64 71
77 80 77 89 80
2 84 2 9 75 88 10 17 33 45 77 89 55 67 82 53 84
2 45 2 56 82 24 27 44 84 89 55 58 12 72 53 88 10 17 33 45
7 24 7 64 82 24
25 48 25 0 20 10 17 33 45 64 71 82 24 27 29 48
38 89 38 89
51 32 51 17 32
15 24 15 30 48 75 82 24
62 71 62 72 88 10 24 89 55 58 12 37 52 71
11 77 11 88 10 48 52 77
78 83 78 81 83
62 32 62 72 88 50 60 24 71 82 53 84 89 55 58 12 66 78 5 6 16 35 59 17 32
21 32 21 58 77 84 89 55 67 72 53 88 10 17 32
49 53 49 72 53
3 80 3 30 34 79 84 89 80
15 67 15 22 34 53 84 89 55 67
57 12 57 72 88 10 17 78 5 52 77 84 89 55 58 12
11 84 11 88 10 24 71 82 53 84
85 44 85 88 10 30 48 75 82 24 27 44
1 83 1 37 67 82 24 27 88 10 17 78 5 72 81 83
57 32 57 78 17 32
7 5 7 57 78 5
35 86 35 39 58 77 48 75 82 54 86
8 60 8 9 24 71 82 53 88 50 60
88 81 88 10 48 52 77 89 54 81
89 81 89 80 81
62 29 62 72 53 88 50 60 24 27 29
14 89 14 28 64 82 24 89
49 72 49 72
25 45 25 33 45
62 55 62 72 75 82 53 84 89 55
7 80 7 89 80
37 61 37 77 75 88 61
35 12 35 59 12
40 84 40 78 5 88 50 82 53 84
28 66 28 35 39 58 12 66
60 52 60 24 27 79 84 89 55 58 12 37 48 52
40 61 40 78 5 72 75 88 61
6 44 6 16 35 39 58 67 72 53 88 10 48 75 82 24 27 44
56 47 56 64 84 89 55 67 82 53 88 50 60 47
31 54 31 43 44 79 88 50 60 71 82 54
56 77 56 64 84 89 55 67 82 53 88 50 60 24 27 78 17 20 39 58 36 59 12 45 77
18 50 18 20 10 48 75 82 53 84 89 55 58 67 72 88 50
16 55 16 29 48 52 64 71 82 53 84 89 55
39 32 39 58 77 75 88 10 17 32
57 54 57 82 54
78 53 78 17 70 55 67 82 53
11 47 11 59 36 50 60 47
63 54 63 17 20 56 82 54
40 33 40 78 17 33
19 48 19 43 48
4 48 4 30 29 48
2 54 2 78 17 58 67 72 75 88 50 60 24 27 79 84 89 54
15 36 15 26 42 62 72 53 88 10 17 58 36
4 44 4 30 0 13 84 89 55 58 77 48 75 82 24 27 44
2 59 2 23 37 51 59
35 79 35 59 12 60 24 71 82 53 84 89 55 58 10 30 44 79
11 53 11 59 64 84 89 55 67 72 88 10 24 71 82 53
77 0 77 48 75 88 10 30 0
3 50 3 64 84 89 55 67 72 75 88 50
15 78 15 26 17 70 0 13 20 40 78
88 86 88 50 82 53 84 89 54 86
9 52 9 62 72 88 50 60 71 82 53 84 89 55 58 10 48 52
16 84 16 67 72 88 10 17 58 77 75 82 53 84
43 71 43 52 71
77 45 77 48 52 64 84 89 55 67 72 53 88 50 60 71 82 24 27 78 17 33 45
40 73 40 78 17 70 82 24 73
34 84 34 48 88 10 30 0 89 55 58 12 84
20 12 20 10 30 29 48 75 82 53 84 89 55 58 12
26 73 26 73
14 67 14 28 35 59 12 29 48 52 64 84 89 55 67
13 48 13 60 71 82 24 89 55 58 77 48
39 48 39 58 67 72 75 88 10 48
18 0 18 22 43 44 55 58 10 30 0
21 27 21 42 62 72 53 88 10 30 0 13 84 89 55 58 77 48 52 71 82 24 27
42 84 42 51 59 89 55 67 82 53 84
43 10 43 48 75 82 53 88 10
34 54 34 79 84 89 54
62 32 62 72 53 88 10 17 32
31 61 31 56 82 53 84 89 55 58 36 59 17 60 47 75 88 61
39 66 39 58 12 66
3 53 3 30 44 79 88 10 48 52 71 82 53
49 79 49 72 88 50 60 24 27 79
23 36 23 49 72 88 10 17 58 36
56 0 56 82 53 84 89 55 58 10 30 0
77 84 77 75 88 50 82 53 84
31 61 31 56 64 71 82 24 89 55 67 72 75 88 61
28 54 28 35 39 58 67 72 53 88 50 60 24 71 82 54
31 70 31 56 82 24 27 78 17 70
20 12 20 39 58 12
88 67 88 50 60 47 75 82 53 84 89 55 67
56 73 56 64 73
3 37 3 37
26 53 26 42 62 72 88 10 17 60 47 75 82 53
43 86 43 45 50 82 24 27 78 17 20 56 64 84 89 54 86
14 73 14 42 62 72 75 88 50 60 24 27 29 48 52 71 82 53 84 89 55 67 73
56 73 56 64 84 89 55 58 36 50 60 71 82 24 73
28 6 28 35 39 58 77 48 88 10 30 0 45 64 71 82 24 27 78 5 6
4 73 4 49 72 53 84 89 55 58 67 73
27 45 27 55 67 72 75 88 10 17 33 45
6 55 6 37 67 82 24 89 55
43 5 43 45 50 82 24 27 78 5
49 58 49 72 75 82 24 89 55 58
8 59 8 41 49 72 53 84 89 55 58 36 59
85 30 85 88 10 30
1 57 1 7 57
62 37 62 72 75 88 50 60 71 82 53 84 89 55 58 12 37
64 84 64 84
35 67 35 39 58 67
63 79 63 12 84 89 55 58 67 82 24 27 44 79
23 36 23 67 72 53 84 89 55 58 36
9 67 9 53 84 89 55 67
14 44 14 34 50 60 24 27 78 17 33 45 64 82 53 84 89 55 58 10 30 44
15 33 15 26 42 51 59 17 33
21 86 21 42 62 72 88 50 60 47 75 82 24 89 54 86
33 10 33 45 64 71 82 53 88 10
58 73 58 12 44 84 89 55 67 73
40 36 40 78 17 70 82 24 27 79 84 89 55 58 36
23 50 23 66 77 84 89 55 58 36 50
28 30 28 35 39 58 10 30
8 5 8 28 82 53 88 10 17 33 78 5
42 29 42 51 67 82 53 84 89 55 58 10 24 27 29
21 12 21 42 51 44 84 89 55 58 12
11 54 11 88 50 60 71 82 53 84 89 54
20 81 20 81
49 44 49 72 88 10 30 44
59 0 59 36 37 0
1 72 1 37 49 72
41 48 41 50 60 24 27 29 48
18 47 18 59 64 84 89 55 67 72 53 88 10 17 60 47
78 50 78 5 88 50
11 75 11 59 36 50 60 47 75
21 29 21 42 51 17 60 47 75 88 50 82 53 84 89 55 58 10 30 29
8 17 8 40 78 17
15 80 15 30 0 27 78 5 75 80
22 5 22 43 45 77 89 55 58 10 17 78 5
30 80 30 44 55 58 67 72 75 80
58 29 58 12 37 51 44 84 89 55 67 82 53 88 10 24 27 29
8 78 8 40 78
25 36 25 35 39 58 36
38 84 38 89 55 67 72 75 88 50 60 24 27 78 17 70 0 20 56 64 84
21 30 21 26 17 58 12 29 48 88 10 30
15 58 15 30 34 79 84 89 55 58
41 61 41 49 72 53 88 61
14 25 14 25
21 48 21 42 51 67 72 88 10 48
9 80 9 53 80
70 17 70 82 24 27 55 58 67 72 88 10 17
51 29 51 44 79 84 89 55 58 67 72 53 88 10 17 33 24 27 29
2 78 2 33 49 72 53 84 89 55 58 10 30 0 20 40 78
15 44 15 22 34 50 60 71 82 24 27 79 84 89 55 67 72 75 88 10 30 44
19 71 19 43 48 75 82 53 84 89 55 67 72 88 50 60 24 71
31 37 31 56 64 84 89 55 58 36 37
21 53 21 26 28 35 59 17 70 82 53
72 5 72 53 84 89 55 58 36 37 59 12 50 60 71 82 24 27 44 79 88 10 17 78 5
19 58 19 62 72 88 50 82 53 84 89 55 58
62 71 62 72 53 88 10 30 48 52 71
28 53 28 37 51 17 33 49 72 88 10 24 27 79 84 89 55 67 82 53
51 53 51 67 72 88 50 60 71 82 53
88 44 88 10 24 27 44
34 71 34 50 60 71
49 55 49 72 88 50 82 53 84 89 55
38 44 38 89 55 58 77 75 88 10 48 52 64 71 82 24 27 44
25 83 25 33 45 50 82 24 83
11 78 11 88 50 60 71 82 24 27 78
15 5 15 26 28 64 84 89 55 58 12 37 67 72 88 50 60 24 27 78 5
2 82 2 82
37 66 37 67 72 88 10 17 78 5 79 84 89 55 58 12 66
3 59 3 9 20 55 58 36 37 51 59
28 71 28 64 71
8 36 8 41 10 17 58 36
70 48 70 0 89 55 67 72 88 10 17 20 48
89 32 89 55 58 77 48 88 10 30 0 20 40 78 17 32
72 29 72 53 88 50 82 24 27 29
2 44 2 78 5 79 88 10 30 0 27 44
40 89 40 78 17 70 82 24 89
70 61 70 0 10 30 48 75 88 61
64 80 64 71 82 24 89 80
19 86 19 43 52 64 71 82 24 27 44 84 89 55 67 72 86
11 52 11 59 36 50 60 24 27 78 5 72 75 88 10 48 52
42 88 42 62 72 53 88
23 71 23 66 77 75 82 53 84 89 55 58 67 72 88 50 60 24 71
34 83 34 50 60 24 89 80 81 83
62 17 62 72 88 10 17
72 32 72 88 10 17 70 32
21 13 21 58 12 84 89 55 67 72 75 82 53 88 50 60 24 27 78 17 70 0 13
22 17 22 31 56 82 24 27 75 88 10 17
43 55 43 48 52 71 82 24 89 55
3 72 3 27 55 67 72
18 50 18 20 10 17 78 5 88 50
51 80 51 17 70 55 58 10 30 29 48 88 50 60 47 80
62 77 62 72 53 88 10 30 48 52 71 82 24 27 79 84 89 55 58 77
15 52 15 22 34 79 84 89 55 67 82 53 88 10 24 27 78 5 52
51 12 51 17 33 45 77 84 89 55 58 36 59 12
3 83 3 9 71 82 24 27 44 84 89 80 81 83
35 29 35 59 12 50 82 53 84 89 55 58 10 30 29
18 27 18 22 43 52 71 82 53 84 89 55 67 72 88 50 60 24 27
6 75 6 37 72 75
25 67 25 35 59 64 71 82 53 84 89 55 67
56 55 56 82 53 84 89 55
27 84 27 29 48 75 88 50 60 24 89 55 58 67 82 53 84
56 12 56 64 84 89 55 58 12
33 36 33 24 89 55 58 36
25 50 25 0 45 77 75 88 50
18 5 18 22 34 50 60 71 82 24 27 78 5
22 10 22 31 43 48 75 82 53 88 10
88 84 88 10 30 34 59 17 78 5 75 82 24 89 55 58 12 72 53 84
56 29 56 64 82 24 27 29
35 67 35 59 17 33 62 72 88 50 60 71 82 53 84 89 55 67
42 10 42 51 67 72 88 10
59 45 59 12 45
15 55 15 30 0 20 40 78 17 60 71 82 24 27 44 79 84 89 55
58 81 58 77 75 80 81
9 50 9 24 27 78 5 79 88 50
28 50 28 82 53 84 89 55 67 72 75 88 50
57 48 57 45 64 82 53 88 10 48
85 86 85 88 50 82 24 27 44 55 84 89 54 86
58 36 58 36
37 52 37 59 36 50 82 24 89 55 67 72 88 10 48 52
42 67 42 62 72 88 50 60 71 82 53 84 89 55 67
49 86 49 72 86
16 79 16 67 72 53 88 10 48 52 64 84 89 55 58 12 24 27 44 79
28 77 28 41 63 12 75 82 24 89 55 58 67 72 88 10 17 78 5 6 77
58 36 58 36
37 47 37 59 64 71 82 53 84 89 55 58 36 50 60 47
31 75 31 56 82 53 84 89 55 58 67 72 75
64 48 64 82 24 89 55 67 72 75 88 10 30 48
4 82 4 82
42 55 42 51 44 55
78 61 78 17 58 12 66 77 84 89 55 67 82 24 27 44 79 88 61
82 36 82 53 84 89 55 58 36
21 54 21 42 51 59 64 71 82 54
77 71 77 48 88 10 17 60 47 75 82 24 71
18 54 18 22 34 59 17 70 55 67 72 75 88 10 48 52 77 84 89 54
20 61 20 40 78 17 60 71 82 53 88 61
11 72 11 88 50 60 71 82 24 89 55 67 72
37 12 37 17 20 48 75 88 50 82 53 84 89 55 58 36 59 12
59 86 59 36 37 67 82 24 27 55 84 89 54 86
39 24 39 58 77 84 89 55 67 82 24
30 5 30 29 48 88 50 60 24 27 79 84 89 55 58 10 17 78 5
33 32 33 78 17 70 32
78 52 78 5 52
49 32 49 72 75 82 53 88 10 17 70 32
18 45 18 20 40 78 5 64 84 89 55 58 12 45
57 55 57 82 53 88 10 30 34 79 84 89 55
28 0 28 77 84 89 55 58 36 37 0
34 10 34 48 52 77 89 55 67 82 24 27 88 10
57 53 57 50 60 24 89 55 58 12 75 82 53
60 79 60 24 27 79
1 82 1 37 52 64 84 89 55 58 77 75 82
30 45 30 29 48 88 10 17 33 45
42 44 42 51 44
31 30 31 43 52 77 75 88 10 30
59 52 59 36 37 52
21 79 21 58 36 50 82 53 84 89 55 67 72 88 10 17 33 24 27 79
72 53 72 88 50 60 24 27 75 82 53
2 71 2 9 20 48 52 77 89 55 58 10 30 0 45 64 71
6 45 6 37 0 13 45
39 52 39 58 77 89 55 67 72 88 50 60 47 75 82 24 27 29 48 52
22 12 22 31 56 64 84 89 55 58 12
49 0 49 72 75 88 10 30 34 50 82 53 84 89 55 58 36 59 17 70 0
2 43 2 23 66 78 5 6 31 43
2 89 2 9 71 82 24 27 44 84 89
2 47 2 56 82 24 89 55 58 36 59 17 60 47
63 24 63 52 64 84 89 55 58 67 72 53 88 10 48 75 82 24
8 84 8 28 64 84
1 33 1 78 5 88 10 48 75 82 53 84 89 55 58 36 59 17 33
35 67 35 39 58 10 24 71 82 53 84 89 55 67
31 43 31 43
19 52 19 56 64 71 82 53 84 89 55 67 72 75 88 50 60 24 27 78 5 52
21 75 21 42 62 72 75
14 54 14 28 82 53 84 89 54
16 55 16 67 72 53 84 89 55
11 29 11 59 12 37 51 67 72 53 88 10 30 29
33 44 33 51 44
13 71 13 52 77 75 82 24 71
59 67 59 36 37 17 70 0 45 77 89 55 67
38 30 38 89 55 67 82 53 88 10 30
59 10 59 12 60 71 82 53 84 89 55 58 10
64 10 64 71 82 24 27 88 10
77 36 77 75 82 53 84 89 55 58 36
40 73 40 78 17 33 62 72 53 84 89 55 58 10 48 52 77 75 88 50 60 24 73
4 75 4 49 72 53 84 89 55 58 36 59 64 82 24 27 78 17 60 47 75
49 64 49 72 53 84 89 55 58 36 37 59 64
1 7 1 7
49 64 49 72 75 88 10 30 34 59 12 84 89 55 67 82 24 27 78 5 52 64
40 32 40 78 17 32
40 89 40 78 17 20 10 48 88 50 82 53 84 89
19 53 19 56 64 82 53
14 37 14 59 36 37
57 24 57 45 77 84 89 55 58 12 37 52 64 71 82 24
19 59 19 62 72 53 88 50 82 24 89 55 58 36 59
89 10 89 55 67 72 88 10
2 23 2 23
72 12 72 53 88 50 60 24 27 78 17 20 39 58 12
16 86 16 35 39 58 77 48 52 71 82 24 27 79 84 89 54 86
60 53 60 71 82 24 27 88 10 17 33 78 5 72 53
25 67 25 52 64 84 89 55 67
60 81 60 24 89 54 81
18 60 18 20 10 30 44 79 88 50 60
3 75 3 9 53 88 10 30 29 48 52 71 82 24 89 55 58 36 50 60 47 75
1 27 1 37 49 72 53 88 50 82 24 27
14 13 14 42 62 72 75 82 24 89 55 58 10 17 70 0 13
27 86 27 75 88 10 48 52 64 86
85 79 85 88 50 82 53 84 89 55 58 10 24 27 44 79
30 67 30 44 55 67
21 44 21 42 51 44
82 44 82 24 27 44
77 86 77 75 88 50 82 54 86
59 5 59 17 78 5
63 80 63 12 84 89 80
35 36 35 39 58 36
11 67 11 88 50 82 24 27 78 17 33 62 72 53 84 89 55 58 36 37 67
23 86 23 49 72 88 10 30 44 79 84 89 54 86
30 47 30 44 84 89 55 58 77 48 52 64 82 53 88 10 17 60 47
14 60 14 25 38 89 55 67 72 75 82 53 88 50 60
14 58 14 28 41 10 30 34 48 88 50 82 53 84 89 55 58
60 54 60 47 75 88 10 17 20 40 78 5 64 82 53 84 89 54
13 45 13 45
13 0 13 75 88 50 60 71 82 24 27 29 48 52 77 84 89 55 58 36 37 17 70 0
13 81 13 60 47 75 82 53 84 89 80 81
31 48 31 56 82 24 27 79 88 10 48
56 81 56 82 24 89 80 81
31 58 31 43 45 64 84 89 55 58
7 24 7 64 71 82 24
28 73 28 82 24 73
78 47 78 5 52 71 82 53 84 89 55 67 72 88 50 60 47
1 64 1 78 5 6 88 50 60 24 27 29 48 52 64
57 73 57 63 52 64 82 24 73
3 33 3 37 17 33
28 84 28 64 71 82 24 89 55 84
38 47 38 89 55 58 36 50 60 47
6 44 6 77 75 88 50 82 53 84 89 55 58 12 44
6 48 6 77 48
11 24 11 59 64 82 24
4 0 4 30 44 84 89 55 58 77 75 82 53 88 10 17 70 0
16 36 16 35 59 36
14 5 14 59 17 58 10 48 52 77 84 89 55 67 82 24 27 78 5
2 64 2 23 66 78 17 60 47 75 82 53 88 10 48 52 64
41 86 41 86
88 12 88 50 82 53 84 89 55 58 12
49 50 49 72 53 88 50
21 32 21 26 42 62 72 53 88 10 17 70 32
89 44 89 55 67 82 24 27 44
58 0 58 67 72 88 10 30 0
7 48 7 43 48
43 84 43 44 79 88 50 82 24 89 55 58 67 72 53 84
2 44 2 78 17 20 56 64 84 89 55 67 72 75 82 24 27 44
62 10 62 72 88 10
18 32 18 20 39 58 12 72 88 50 60 24 27 78 17 70 32
85 51 85 88 50 60 47 75 82 53 84 89 55 58 36 37 59 17 33 51
78 73 78 17 60 71 82 24 73
11 75 11 59 36 50 60 24 27 75
18 88 18 22 43 48 52 77 89 55 67 82 53 88
18 43 18 22 43
28 10 28 82 53 88 10
4 77 4 30 29 48 52 71 82 53 84 89 55 67 72 75 88 50 60 24 27 78 17 33 45 77
9 52 9 24 71 82 53 88 10 30 34 79 84 89 55 58 77 48 52
19 78 19 43 45 50 60 47 75 88 10 24 27 78
51 50 51 67 72 53 84 89 55 58 12 29 48 88 50
30 36 30 34 59 36
19 36 19 62 72 75 88 10 24 71 82 53 84 89 55 58 36
34 10 34 59 12 60 47 75 88 10
57 50 57 50
63 0 63 52 64 71 82 24 27 29 48 75 88 10 17 70 0
56 27 56 64 84 89 55 67 82 24 27
20 79 20 40 78 17 60 71 82 24 27 44 79
40 70 40 78 17 70
4 67 4 82 24 27 79 84 89 55 67
82 80 82 53 88 10 48 75 80
14 41 14 28 41
16 52 16 29 48 52
28 77 28 64 71 82 53 84 89 55 58 77
63 12 63 12
78 83 78 81 83
16 0 16 84 89 55 58 12 37 48 75 82 53 88 10 30 0
19 71 19 43 45 50 82 24 71
64 17 64 84 89 55 67 72 75 88 10 17
15 44 15 30 44
25 45 25 33 78 5 88 50 60 71 82 24 27 55 58 12 45
34 79 34 79
39 16 39 58 12 24 71 82 53 84 89 55 67 72 75 88 10 17 33 78 5 6 16
3 58 3 37 48 52 77 84 89 55 58
59 54 59 17 78 5 64 82 54
18 44 18 22 43 52 64 84 89 55 58 77 75 88 50 82 24 27 44
77 47 77 89 55 58 10 24 71 82 53 88 50 60 47
25 53 25 40 78 17 20 56 64 84 89 55 58 36 50 60 24 71 82 53
31 5 31 43 44 84 89 55 67 72 53 88 50 82 24 27 78 5
49 61 49 72 53 84 89 55 58 10 17 78 5 6 0 45 77 75 82 24 27 79 88 61
18 82 18 59 12 75 88 10 30 34 53 84 89 55 58 36 37 48 52 71 82
59 32 59 17 32
31 36 31 43 48 52 64 71 82 53 84 89 55 67 72 75 88 10 17 78 5 6 37 59 36
56 60 56 82 53 88 50 60
4 30 4 30
14 82 14 25 52 64 82
28 10 28 35 59 36 37 52 64 84 89 55 58 10
2 9 2 9
6 80 6 80
42 48 42 51 17 20 39 58 10 48
37 10 37 52 64 84 89 55 58 77 75 88 10
4 37 4 23 37
31 47 31 43 48 52 64 71 82 24 27 79 84 89 55 67 72 53 88 50 60 47
49 12 49 72 53 84 89 55 58 12
89 73 89 55 58 12 72 88 50 60 24 73
35 59 35 59
6 29 6 16 29
89 10 89 55 58 12 72 75 88 10
6 5 6 16 67 72 53 84 89 55 58 12 45 77 48 75 88 10 17 20 40 78 5
11 44 11 88 10 30 44
3 12 3 37 51 59 12
1 27 1 2 78 5 75 88 10 48 52 64 82 24 27
22 54 22 34 59 17 78 5 88 10 24 71 82 54
34 55 34 48 52 71 82 53 84 89 55
35 77 35 59 36 50 60 71 82 53 84 89 55 67 72 75 88 10 24 27 29 48 52 77
88 73 88 50 60 24 73
22 6 22 34 79 84 89 55 58 77 48 52 64 71 82 24 27 78 5 6
31 77 31 56 64 71 82 53 88 10 48 52 77
22 30 22 34 53 84 89 55 58 36 50 60 71 82 24 27 88 10 30
13 73 13 29 48 75 88 10 17 78 5 52 77 89 55 58 67 73
78 5 78 5
23 10 23 49 72 88 10
4 86 4 23 66 77 75 88 50 82 53 84 89 54 86
3 37 3 37
78 84 78 5 79 84
49 86 49 72 86
2 10 2 56 82 53 88 10
22 61 22 43 44 84 89 55 67 72 53 88 61
22 13 22 34 50 60 71 82 53 88 10 30 0 13
62 55 62 72 53 88 50 60 47 75 82 24 89 55
49 83 49 72 88 50 60 47 75 80 81 83
30 10 30 29 48 88 10
63 61 63 52 71 82 53 84 89 55 58 36 37 17 60 24 27 88 61
16 50 16 29 48 52 64 84 89 55 67 82 24 27 79 88 50
60 50 60 71 82 24 89 55 58 12 37 49 72 88 50
3 5 3 27 78 5
8 77 8 9 53 84 89 55 67 72 75 88 50 60 71 82 24 27 78 17 58 36 37 0 20 10 30 34 48 52 77
21 10 21 26 88 10
78 61 78 17 60 71 82 24 27 44 79 84 89 55 58 36 37 67 72 53 88 10 30 48 52 64 61
59 75 59 36 37 17 33 51 67 72 53 88 10 48 75
20 32 20 40 78 17 32
33 10 33 51 67 72 75 82 53 84 89 55 58 36 37 17 70 0 27 79 88 10
39 27 39 58 36 50 60 47 75 82 53 88 10 24 27
38 82 38 89 55 67 82
15 5 15 22 31 56 64 82 53 84 89 55 67 72 75 88 10 17 20 40 78 5
11 71 11 88 50 60 47 75 82 24 71
62 67 62 72 53 84 89 55 67
35 83 35 59 36 50 82 53 80 81 83
8 63 8 41 63
57 66 57 63 12 66
88 36 88 10 30 0 27 44 79 84 89 55 58 36
43 79 43 44 79
20 54 20 40 78 5 88 50 82 54
11 75 11 88 50 60 71 82 53 84 89 55 58 67 72 75
7 71 7 64 84 89 55 67 72 88 50 82 24 71
35 80 35 39 58 77 84 89 80
39 70 39 58 10 17 70
40 89 40 78 5 52 71 82 53 84 89
62 71 62 72 53 84 89 55 67 82 24 71
33 54 33 62 72 88 10 30 29 48 52 71 82 53 84 89 54
64 81 64 84 89 54 81
11 88 11 88
58 50 58 36 50
8 12 8 28 77 84 89 55 58 12
51 12 51 44 79 88 50 82 53 84 89 55 58 12
11 61 11 88 10 30 0 13 45 64 61
31 34 31 43 52 64 82 53 84 89 55 58 67 72 88 10 30 34
4 73 4 23 49 72 75 88 50 82 53 84 89 55 67 73
1 17 1 13 29 48 52 71 82 53 84 89 55 67 72 75 88 10 17
35 52 35 59 17 78 5 89 55 58 77 75 88 10 48 52
70 0 70 0
51 17 51 67 82 53 84 89 55 58 36 50 60 47 75 88 10 17
72 50 72 75 88 50
35 43 35 59 17 78 5 6 31 43
49 75 49 72 75
19 47 19 62 72 75 88 10 48 52 64 84 89 55 58 36 50 60 47
26 12 26 17 33 24 89 55 58 12
38 37 38 89 55 58 12 37
30 12 30 44 79 88 10 17 33 24 71 82 53 84 89 55 58 12
11 75 11 88 50 60 24 27 75
57 66 57 45 77 75 88 10 24 71 82 53 84 89 55 58 12 66
62 30 62 72 53 84 89 55 67 82 24 27 44 79 88 10 30
1 30 1 49 72 53 88 10 30
21 58 21 58
9 75 9 75
85 54 85 88 10 24 27 78 5 72 53 84 89 54
34 5 34 59 17 78 5
78 84 78 5 75 82 53 84
7 24 7 50 82 24
40 60 40 78 17 60
62 34 62 72 88 10 30 34
16 0 16 35 39 58 10 30 0
49 30 49 72 88 10 30
70 29 70 0 27 29
56 84 56 82 24 27 79 84
60 80 60 47 80
60 71 60 24 71
35 47 35 59 17 33 49 72 75 88 50 60 47
89 32 89 55 58 12 37 17 32
21 36 21 42 51 17 60 24 71 82 53 84 89 55 58 12 37 59 36
16 10 16 35 59 36 37 72 75 82 53 84 89 55 58 10
82 81 82 54 81
70 5 70 0 20 40 78 5
77 29 77 84 89 55 67 72 75 82 53 88 10 30 29
37 24 37 0 89 55 58 10 17 60 24
21 86 21 58 36 37 72 86
33 67 33 45 77 48 52 64 84 89 55 67
31 67 31 43 45 77 48 75 82 24 27 55 58 67
28 13 28 82 53 84 89 55 58 67 72 75 88 10 17 70 0 13
57 0 57 78 17 60 71 82 24 27 55 58 10 30 0
20 75 20 48 75
19 83 19 38 89 80 81 83
43 0 43 45 64 84 89 55 58 12 37 0
70 32 70 32
6 66 6 88 50 82 24 27 44 84 89 55 58 36 37 51 59 12 66
51 52 51 67 82 24 89 55 58 36 37 52
8 77 8 62 72 75 88 50 60 24 71 82 53 84 89 55 58 36 59 17 78 5 6 77
8 59 8 40 78 5 72 88 10 30 34 59
28 79 28 41 57 63 52 71 82 53 84 89 55 58 36 50 60 24 27 44 79
14 58 14 34 53 84 89 55 58
60 80 60 71 82 24 89 80
56 33 56 82 24 89 55 67 72 88 10 17 33
21 73 21 42 62 72 88 50 82 24 73
1 27 1 39 58 67 72 75 88 10 24 27
37 52 37 67 82 24 89 55 58 36 59 17 20 10 30 29 48 52
30 5 30 34 53 88 10 48 52 77 84 89 55 58 12 45 50 60 71 82 24 27 78 5
39 12 39 58 12
28 88 28 37 17 60 24 89 55 67 82 53 88
23 55 23 67 82 53 84 89 55
63 61 63 52 64 82 24 89 55 58 10 17 60 47 75 88 61
35 89 35 59 64 71 82 53 84 89
51 86 51 44 79 88 10 24 89 54 86
23 32 23 32
2 58 2 23 37 51 67 72 88 50 82 53 84 89 55 58
18 29 18 22 34 79 84 89 55 58 77 48 52 71 82 53 88 10 30 29
22 20 22 34 53 84 89 55 67 72 75 88 10 30 0 20
85 75 85 88 10 30 29 48 52 71 82 24 27 55 58 36 59 12 72 75
58 67 58 12 75 88 50 60 24 27 44 79 84 89 55 67
8 60 8 40 78 17 20 88 50 60
85 50 85 88 50
11 0 11 59 64 71 82 53 84 89 55 67 72 88 10 24 27 78 5 6 0
19 60 19 82 53 88 50 60
58 75 58 36 50 60 71 82 53 84 89 55 67 72 88 10 48 75
7 0 7 64 84 89 55 58 10 24 27 78 17 70 0
8 89 8 28 82 24 27 44 84 89
78 75 78 17 58 77 75
27 84 27 88 50 60 71 82 53 84
31 36 31 43 52 64 84 89 55 58 36
31 10 31 56 64 71 82 24 27 44 55 58 67 72 75 88 10
34 44 34 48 88 10 30 44
35 88 35 39 58 10 30 48 52 71 82 24 27 88
7 81 7 43 45 50 82 24 27 79 88 10 30 34 59 89 55 58 77 48 75 80 81
38 59 38 89 55 58 36 59
64 61 64 61
14 41 14 28 41
2 66 2 56 82 53 84 89 55 58 12 66
63 71 63 52 71
11 33 11 59 17 33
13 86 13 26 17 20 55 67 72 86
60 52 60 47 75 82 53 84 89 55 58 10 30 29 48 52
59 61 59 36 37 72 75 88 61
28 20 28 41 50 82 24 27 79 84 89 55 67 72 88 10 17 20
1 61 1 37 17 33 62 72 75 88 61
4 5 4 23 67 72 75 88 10 24 27 78 5
26 73 26 42 62 72 53 88 50 60 24 89 55 67 73
35 60 35 59 12 37 48 88 10 17 60
59 29 59 17 60 24 27 79 84 89 55 58 12 45 77 48 88 10 30 29
28 88 28 64 84 89 55 58 10 48 88
40 27 40 78 5 6 0 27
59 12 59 36 50 60 71 82 24 89 55 58 12
18 24 18 22 43 48 52 71 82 53 84 89 55 67 72 75 88 10 24
21 89 21 58 10 48 52 64 82 53 84 89
1 57 1 7 57
3 83 3 27 44 79 88 50 82 53 80 81 83
42 88 42 51 17 70 82 53 88
41 73 41 63 17 33 62 72 88 50 60 71 82 53 84 89 55 67 73
33 86 33 78 17 58 36 50 60 71 82 54 86
15 41 15 26 28 41
42 48 42 51 17 20 55 58 36 37 48
59 0 59 12 66 78 17 70 0
89 75 89 55 58 36 37 72 75
3 89 3 30 0 89
19 20 19 62 72 88 10 17 20
18 37 18 59 36 37
18 20 18 20
9 45 9 20 40 78 17 33 45
49 60 49 72 53 88 50 60
22 80 22 34 59 17 78 5 52 71 82 24 89 55 67 72 75 80
21 82 21 26 88 10 30 29 48 52 77 89 55 58 67 82
34 79 34 79
38 78 38 89 55 58 10 17 78
38 30 38 89 55 58 67 72 88 10 30
63 0 63 12 50 60 47 75 82 53 88 10 30 34 59 36 37 0
58 84 58 36 50 60 24 89 55 67 72 88 10 30 0 27 75 82 53 84
82 48 82 24 27 29 48
39 54 39 58 36 50 60 24 27 29 48 88 10 17 33 51 44 55 84 89 54
19 44 19 62 72 53 84 89 55 58 36 59 12 44
18 58 18 20 39 58
4 17 4 70 82 53 84 89 55 58 77 48 75 88 10 30 34 59 36 37 17
18 73 18 22 34 79 88 50 60 71 82 24 73
85 24 85 88 10 17 60 71 82 24
4 75 4 70 55 58 10 48 75
25 61 25 85 88 50 60 24 71 82 53 84 89 55 58 36 59 12 66 77 48 52 64 61
78 50 78 5 88 10 30 0 45 50
21 0 21 58 36 59 17 70 0
30 80 30 48 52 71 82 24 27 88 10 17 20 55 84 89 80
62 48 62 72 53 84 89 55 58 77 48
26 75 26 42 62 72 75
11 55 11 59 17 78 5 89 55
35 20 35 39 58 36 59 17 20
34 50 34 50
27 29 27 29
21 44 21 42 51 44
35 58 35 59 89 55 58
56 32 56 64 82 53 84 89 55 58 12 45 50 60 47 75 88 10 17 70 32
31 5 31 56 64 71 82 24 89 55 58 10 17 20 40 78 5
34 71 34 59 64 71
56 36 56 64 71 82 24 27 29 48 52 77 84 89 55 58 36
7 80 7 57 63 12 66 77 89 55 58 67 72 75 80
63 12 63 12
19 48 19 82 24 89 55 67 72 75 88 10 48
49 80 49 72 88 10 24 27 78 17 20 48 52 77 75 80
8 53 8 9 71 82 53
11 27 11 59 12 29 48 88 10 17 58 67 72 75 82 24 27
56 41 56 64 82 53 84 89 55 67 72 75 88 10 24 27 78 17 70 0 13 26 28 41
31 44 31 43 44
4 5 4 70 55 58 10 17 78 5
41 48 41 10 48
39 86 39 58 36 59 64 86
3 17 3 27 29 48 88 10 17
8 30 8 62 72 75 88 10 30
1 6 1 2 33 45 77 48 75 82 53 84 89 55 67 72 88 10 17 78 5 6
2 89 2 78 5 52 77 89
8 20 8 28 82 24 89 55 58 77 75 88 10 17 20
31 77 31 56 64 71 82 24 89 55 58 67 72 75 88 10 48 52 77
39 45 39 58 12 45
64 52 64 71 82 53 84 89 55 67 72 75 88 10 48 52
13 71 13 84 89 55 67 72 75 88 50 60 24 71
25 5 25 35 39 58 77 84 89 55 67 82 53 88 10 30 0 20 40 78 5
4 72 4 30 48 88 10 24 71 82 53 84 89 55 67 72
30 79 30 29 48 75 82 53 88 50 60 24 27 79
31 36 31 56 82 24 89 55 58 36
41 24 41 70 0 45 64 71 82 53 84 89 55 58 36 50 60 24
23 67 23 49 72 53 84 89 55 67
2 23 2 23
9 52 9 24 27 75 88 10 17 20 48 52
8 59 8 62 72 88 10 17 33 51 59
40 5 40 78 5
18 60 18 22 31 43 44 79 88 50 60
1 20 1 37 59 36 50 82 53 88 10 17 70 0 20
27 44 27 44
63 52 63 12 50 60 47 75 82 24 89 55 67 72 53 88 10 30 48 52
58 86 58 77 84 89 55 67 82 54 86
63 67 63 52 71 82 53 88 50 60 24 27 78 17 70 55 58 67
64 61 64 61
18 43 18 22 31 43
19 89 19 62 72 88 50 82 53 84 89
42 81 42 51 67 82 54 81
33 44 33 78 5 89 55 58 67 72 53 88 10 30 44
1 73 1 7 64 84 89 55 67 82 24 73
20 55 20 55
35 33 35 59 17 33
85 12 85 88 10 30 44 79 84 89 55 58 12
33 61 33 51 17 60 71 82 24 27 78 5 79 88 61
35 79 35 39 58 67 72 75 88 10 17 78 5 79
1 25 1 7 14 25
59 79 59 12 72 75 82 24 27 44 79
72 54 72 88 50 60 24 71 82 53 84 89 54
14 44 14 34 79 84 89 55 67 72 75 82 24 27 44
8 84 8 9 71 82 24 89 55 58 67 72 75 88 10 17 33 45 64 84
8 67 8 62 72 88 50 60 71 82 53 84 89 55 67
34 53 34 53
13 71 13 20 39 58 10 24 71
22 24 22 43 52 64 84 89 55 67 82 24
37 75 37 59 64 84 89 55 67 82 53 88 10 17 58 36 50 60 47 75
30 61 30 48 52 71 82 53 88 61
28 41 28 41
40 79 40 78 17 70 82 24 89 55 67 72 75 88 10 30 44 79
18 48 18 20 48
40 73 40 78 17 33 45 64 73
23 0 23 37 0
21 59 21 26 17 20 39 58 36 59
18 36 18 22 31 43 45 77 48 88 50 82 53 84 89 55 58 36
4 54 4 30 34 48 75 88 10 24 89 54
18 29 18 22 43 44 79 84 89 55 58 67 72 53 88 50 60 47 75 82 24 27 78 5 6 16 29
3 78 3 30 34 59 36 37 67 72 75 88 10 17 78
13 71 13 75 82 24 89 55 67 72 88 50 60 71
60 45 60 47 75 82 24 89 55 58 10 17 70 0 45
49 44 49 72 53 88 10 48 75 82 24 27 44
31 86 31 56 64 86
64 44 64 82 53 88 10 30 44
23 45 23 66 78 17 33 45
28 82 28 41 49 72 53 88 10 17 33 78 5 52 64 84 89 55 67 82
25 73 25 62 72 88 50 82 53 84 89 55 67 73
13 75 13 26 28 82 24 89 55 67 72 75
77 83 77 89 80 81 83
31 86 31 56 64 82 24 89 54 86
30 79 30 44 79
31 53 31 43 48 52 71 82 53
35 17 35 39 58 67 72 53 88 10 17
20 67 20 88 50 60 71 82 24 89 55 67
2 10 2 9 20 40 78 17 33 24 71 82 53 88 10
85 59 85 88 50 82 53 84 89 55 58 36 59
19 64 19 38 89 55 67 82 24 27 29 48 88 10 30 0 20 39 58 36 59 64
20 12 20 40 78 17 58 36 59 12
1 29 1 49 72 88 50 60 71 82 24 27 29
13 10 13 84 89 55 58 36 50 60 24 71 82 53 88 10
63 17 63 12 66 78 17
20 55 20 55
77 10 77 48 88 10
7 61 7 43 44 79 84 89 55 67 72 53 88 61
60 79 60 24 27 88 10 17 20 40 78 5 79
56 84 56 64 84
14 63 14 25 63
57 66 57 50 60 24 89 55 58 12 66
11 53 11 88 10 30 48 52 77 89 55 58 12 24 27 75 82 53
39 53 39 58 36 50 60 71 82 53
40 61 40 78 17 20 55 67 72 88 61
15 44 15 26 17 78 5 52 77 89 55 58 36 37 51 44
18 37 18 59 36 37
16 71 16 29 48 52 71
56 47 56 64 82 53 88 50 60 47
13 47 13 60 47
82 32 82 24 27 29 48 75 88 10 17 32
30 55 30 0 13 84 89 55
37 24 37 51 44 84 89 55 58 10 30 0 45 77 75 82 24
16 86 16 35 59 64 86
60 12 60 24 27 44 84 89 55 58 12
56 55 56 64 82 24 27 29 48 52 77 75 88 10 30 0 20 55
27 83 27 29 48 75 80 81 83
39 45 39 58 12 45
28 20 28 64 71 82 24 27 29 48 52 77 84 89 55 58 36 37 59 12 72 88 10 30 0 20
14 33 14 42 51 17 33
6 79 6 77 48 88 10 24 27 79
34 73 34 59 64 73
63 54 63 17 78 5 52 77 75 88 50 60 71 82 53 84 89 54
38 48 38 89 55 67 72 75 82 53 88 10 48
57 55 57 52 77 84 89 55
56 80 56 64 71 82 53 80
13 52 13 75 82 53 88 10 48 52
77 84 77 84
20 45 20 88 10 30 0 45
31 27 31 43 48 75 82 53 84 89 55 67 72 88 50 60 24 27
19 45 19 38 89 55 67 72 88 10 30 0 45
43 66 43 52 77 75 82 24 89 55 58 12 66
28 17 28 37 17
13 48 13 45 50 60 71 82 24 27 79 88 10 48
31 0 31 43 45 77 75 82 53 84 89 55 67 72 88 10 17 58 36 37 0
2 86 2 56 64 71 82 54 86
62 61 62 72 53 88 61
9 29 9 53 84 89 55 67 82 24 27 29
4 47 4 30 44 79 84 89 55 67 82 53 88 50 60 47
16 52 16 67 72 75 88 50 60 24 27 79 84 89 55 58 12 45 77 48 52
18 17 18 59 17
59 24 59 36 50 60 24
39 44 39 58 12 44
20 71 20 10 17 58 77 84 89 55 67 82 24 27 78 5 6 0 13 52 71
43 5 43 52 64 82 53 84 89 55 58 12 44 79 88 10 17 70 0 20 40 78 5
15 79 15 22 43 52 77 84 89 55 67 82 53 88 10 30 34 79
64 47 64 71 82 24 27 78 17 60 47
13 61 13 26 17 60 47 75 88 61
14 78 14 42 51 17 78
56 53 56 82 53
13 12 13 20 39 58 12
89 73 89 55 67 72 75 82 24 73
33 36 33 45 64 84 89 55 58 36
60 24 60 24
40 33 40 78 17 33
23 29 23 37 59 64 82 24 27 55 58 77 48 88 10 30 29
11 77 11 59 64 82 53 84 89 55 58 77
3 48 3 9 62 72 88 10 48
7 55 7 89 55
35 34 35 39 58 10 30 34
4 55 4 49 72 75 88 50 82 24 89 55
62 36 62 72 53 88 10 48 75 82 24 27 55 58 36
2 17 2 33 78 17
8 47 8 40 78 5 6 16 29 48 52 64 82 53 88 50 60 47
6 73 6 16 84 89 55 58 67 73
38 61 38 89 55 67 72 75 88 61
35 73 35 39 58 77 84 89 55 67 82 24 73
20 52 20 88 10 30 29 48 52
72 61 72 53 84 89 55 58 77 75 88 50 60 71 82 24 27 29 48 52 64 61
56 5 56 64 84 89 55 67 82 24 27 78 5
43 47 43 52 64 84 89 55 67 82 53 88 50 60 47
49 73 49 72 53 84 89 55 67 73
82 80 82 24 89 80
8 10 8 62 72 88 10
39 55 39 58 36 37 51 59 12 45 77 84 89 55
72 81 72 75 88 50 82 54 81
40 34 40 78 5 79 88 10 30 34
26 84 26 17 60 71 82 24 89 55 84
3 48 3 37 48
8 29 8 41 49 72 88 10 30 29
27 71 27 75 82 53 88 10 24 71
13 73 13 45 50 60 24 71 82 53 88 10 30 44 55 67 73
40 37 40 78 5 6 77 84 89 55 58 36 37
88 80 88 50 82 53 80
70 55 70 55
2 55 2 78 5 52 64 71 82 53 84 89 55
20 52 20 48 52
26 36 26 42 51 59 12 66 78 17 58 36
64 52 64 82 53 84 89 55 67 72 75 88 10 48 52
15 89 15 30 0 13 45 50 60 24 89
7 12 7 89 55 67 72 53 88 10 30 34 59 17 58 12
1 58 1 7 64 82 24 27 29 48 52 77 84 89 55 58
26 17 26 17
49 66 49 72 53 84 89 55 58 77 75 82 24 27 29 48 88 10 17 78 5 6 12 66
28 75 28 64 84 89 55 58 67 72 75
18 12 18 20 10 48 88 50 82 53 84 89 55 58 12
14 72 14 42 62 72
39 44 39 58 36 59 12 45 64 84 89 55 67 72 53 88 10 30 44
13 71 13 45 77 89 55 58 36 59 64 71
1 12 1 7 57 63 12
28 66 28 35 59 12 66
78 54 78 17 20 10 24 71 82 54
57 0 57 45 77 48 52 64 84 89 55 58 36 37 17 70 0
21 45 21 26 0 45
51 44 51 44
38 54 38 89 54
56 36 56 82 24 89 55 58 36
15 71 15 22 31 43 45 50 60 47 75 88 10 17 20 56 82 53 84 89 55 58 36 59 12 37 48 52 64 71
8 13 8 62 72 75 88 10 30 0 13
3 50 3 82 53 88 50
60 12 60 47 75 88 10 17 70 55 58 12
3 71 3 27 88 10 48 75 82 24 71
77 36 77 84 89 55 58 36
70 10 70 55 58 10
8 5 8 9 53 84 89 55 58 36 59 12 66 77 48 52 71 82 24 27 78 5
56 36 56 64 84 89 55 58 36
62 86 62 72 53 84 89 55 58 67 82 54 86
26 29 26 42 62 72 75 88 50 82 24 27 78 17 58 12 29
18 52 18 20 48 52
22 12 22 43 45 77 48 75 88 10 17 58 12
42 36 42 62 72 53 84 89 55 58 36
43 80 43 44 79 84 89 55 58 36 37 59 64 71 82 24 27 29 48 75 80
78 17 78 17
6 86 6 31 56 64 71 82 54 86
22 84 22 34 48 88 50 60 24 27 79 84
15 36 15 26 28 77 84 89 55 58 36
31 20 31 43 48 75 82 24 89 55 67 72 53 88 10 17 20
38 80 38 89 80
41 5 41 49 72 53 88 10 30 44 55 67 82 24 27 78 5
18 32 18 20 40 78 17 32
42 58 42 51 44 84 89 55 58
28 70 28 35 59 36 50 60 71 82 53 88 10 17 70
14 78 14 42 62 72 88 10 48 75 82 53 84 89 55 58 12 66 78
85 47 85 88 50 60 47
18 37 18 22 31 56 64 84 89 55 58 36 37
18 6 18 20 55 67 72 53 88 50 60 47 75 82 24 27 78 5 6
56 24 56 82 24
1 12 1 7 50 82 53 84 89 55 58 12
42 17 42 51 17
33 80 33 24 89 80
4 36 4 70 82 53 84 89 55 58 36
35 12 35 59 12
39 13 39 58 12 66 77 75 82 24 27 44 55 67 72 53 88 10 30 0 13
9 73 9 75 88 50 60 71 82 24 73
41 0 41 70 0
42 30 42 51 17 58 10 30
51 10 51 67 72 88 10
3 75 3 27 88 50 60 71 82 53 84 89 55 67 72 75
26 54 26 28 37 48 75 88 10 30 44 79 84 89 54
38 88 38 89 55 67 82 24 27 75 88
57 36 57 82 53 84 89 55 58 36
11 0 11 59 36 50 82 24 89 55 67 72 53 88 10 30 0
41 12 41 49 72 88 10 30 0 89 55 58 12
8 71 8 9 75 88 10 17 33 24 71
18 86 18 59 64 82 54 86
11 34 11 59 36 50 82 53 88 10 30 34
20 54 20 40 78 17 60 47 75 82 54
7 81 7 57 63 12 29 48 52 77 89 80 81
4 47 4 49 72 88 50 60 47
19 53 19 82 53
31 10 31 56 82 53 88 10
62 64 62 72 75 88 50 60 24 71 82 53 84 89 55 58 77 48 52 64
3 84 3 30 29 48 75 88 10 17 60 24 71 82 53 84
58 53 58 67 82 53
37 12 37 52 77 75 88 10 17 60 24 27 79 84 89 55 58 36 59 12
49 6 49 72 88 10 17 78 5 6
26 54 26 28 35 59 17 33 49 72 75 82 54
34 0 34 48 88 10 30 0
35 80 35 59 36 50 60 47 80
18 72 18 20 56 82 53 84 89 55 67 72
4 36 4 70 82 53 84 89 55 58 36
20 54 20 55 84 89 54
6 86 6 88 10 24 27 55 58 36 59 17 20 40 78 5 64 84 89 54 86
40 0 40 78 17 58 36 37 0
49 48 49 72 88 10 48
19 72 19 62 72
64 44 64 84 89 55 67 72 75 88 50 60 71 82 24 27 44
31 34 31 56 82 53 88 10 30 34
11 77 11 59 17 78 5 64 71 82 53 84 89 55 58 10 24 27 29 48 52 77
49 71 49 72 88 50 60 24 71
30 86 30 29 48 75 88 50 82 54 86
21 67 21 26 0 27 55 58 67
63 52 63 52
8 17 8 40 78 17
31 29 31 43 48 88 50 82 24 27 29
1 72 1 89 55 67 72
42 70 42 51 67 72 75 88 50 82 53 84 89 55 58 36 59 17 70
31 48 31 56 64 84 89 55 58 77 48
88 79 88 10 17 70 0 45 64 82 24 27 79
11 58 11 59 89 55 58
82 0 82 53 84 89 55 67 72 88 10 30 0
21 30 21 42 51 17 78 5 52 71 82 24 27 29 48 88 10 30
30 32 30 0 10 17 32
40 78 40 78
22 86 22 43 52 64 71 82 24 27 44 79 84 89 54 86
26 71 26 42 62 72 53 88 10 48 75 82 24 71
13 79 13 52 64 71 82 53 84 89 55 67 72 75 88 50 60 24 27 78 5 79
35 50 35 39 58 10 17 70 82 53 84 89 55 67 72 75 88 50
38 37 38 89 55 58 36 37
82 10 82 53 88 10
4 10 4 82 53 84 89 55 67 72 88 10
42 32 42 51 17 32
2 60 2 78 5 89 55 67 72 88 50 60
21 80 21 58 77 48 75 88 10 17 20 55 67 72 53 84 89 80
28 12 28 35 59 12
23 73 23 49 72 88 10 30 0 45 50 60 24 73
2 79 2 33 78 17 70 55 58 67 72 53 88 50 60 71 82 24 27 44 79
14 66 14 34 79 84 89 55 58 12 66
57 84 57 63 17 58 12 75 88 50 60 71 82 53 84
19 80 19 82 53 80
85 50 85 88 50
21 84 21 42 51 17 58 10 30 44 55 84
35 12 35 39 58 36 59 12
42 52 42 51 44 79 84 89 55 58 12 24 27 29 48 52
3 29 3 37 59 12 29
77 81 77 84 89 54 81
63 12 63 12
35 50 35 59 12 50
8 73 8 40 78 17 58 10 24 73
62 72 62 72
8 29 8 28 41 10 30 29
34 86 34 50 82 53 88 10 17 70 55 84 89 54 86
1 83 1 37 72 75 80 81 83
35 59 35 59
59 53 59 64 71 82 53
1 13 1 13
30 83 30 0 27 55 84 89 80 81 83
43 0 43 48 88 10 30 0
42 37 42 62 72 75 88 10 17 70 82 53 84 89 55 58 36 37
59 54 59 17 33 51 44 84 89 54
49 48 49 72 53 88 10 30 48
39 33 39 58 77 48 88 10 17 33
72 86 72 75 82 54 86
37 45 37 59 12 45
19 44 19 43 52 71 82 53 84 89 55 58 67 72 88 50 60 24 27 44
25 83 25 0 89 54 81 83
31 70 31 43 45 64 84 89 55 58 10 17 70
18 84 18 59 12 72 88 50 82 53 84
6 48 6 31 43 45 77 48
16 83 16 35 59 17 60 71 82 53 84 89 54 81 83
22 0 22 31 43 48 88 10 30 0
4 45 4 70 0 45
28 70 28 35 59 17 70
11 52 11 59 64 84 89 55 67 72 75 88 10 48 52
14 30 14 34 53 88 10 30
31 66 31 56 64 82 53 84 89 55 58 12 66
28 32 28 41 70 32
38 61 38 89 55 58 36 37 52 64 82 24 27 44 79 88 61
6 52 6 37 52
21 36 21 58 36
88 10 88 10
42 47 42 51 17 60 47
8 77 8 40 78 5 52 71 82 53 88 10 17 70 55 58 77
19 61 19 56 64 82 24 27 55 67 72 53 88 61
25 32 25 32
35 17 35 59 12 24 71 82 53 88 10 17
56 70 56 64 84 89 55 67 82 53 88 50 60 24 27 78 17 70
51 29 51 17 33 62 72 75 88 10 30 29
4 54 4 30 34 50 60 47 75 88 10 24 71 82 54
57 53 57 50 82 53
16 66 16 84 89 55 58 12 66
78 10 78 5 72 53 88 10
37 48 37 48
59 52 59 17 58 36 50 82 53 84 89 55 67 72 88 10 30 34 48 52
20 10 20 56 64 84 89 55 67 82 53 88 10
19 48 19 62 72 88 50 60 71 82 24 27 29 48
64 17 64 71 82 24 27 88 10 17
34 84 34 59 64 84
39 32 39 58 12 66 77 89 55 67 72 88 50 60 71 82 24 27 78 17 32
28 48 28 35 39 58 12 44 84 89 55 67 82 53 88 10 30 29 48
15 37 15 22 34 59 36 37
22 24 22 43 48 75 82 53 84 89 55 58 10 24
1 75 1 7 64 82 53 84 89 55 58 36 59 12 66 78 5 75
77 45 77 89 55 58 67 82 24 27 88 10 17 33 45
62 88 62 72 53 84 89 55 67 82 24 27 88
8 41 8 41
28 6 28 64 71 82 53 84 89 55 67 72 88 10 17 78 5 6
14 81 14 28 41 80 81
22 5 22 31 56 82 24 89 55 67 72 75 88 10 17 78 5
20 24 20 48 52 71 82 24
62 82 62 72 75 82
35 77 35 59 17 33 78 5 64 82 24 89 55 58 77
1 5 1 78 5
41 55 41 63 12 45 77 84 89 55
41 67 41 70 82 24 27 29 48 52 77 84 89 55 67
15 45 15 22 43 48 75 82 24 89 55 58 10 30 0 13 45
14 70 14 34 59 12 66 78 17 70
1 55 1 89 55
35 86 35 59 12 66 77 75 82 53 84 89 55 67 72 86
13 86 13 84 89 54 86
38 60 38 89 55 58 67 82 53 88 10 30 34 59 36 50 60
60 79 60 71 82 24 27 79
85 36 85 88 10 30 34 59 17 70 82 53 84 89 55 58 36
14 70 14 28 41 70
70 5 70 0 13 45 50 82 24 27 78 5
33 75 33 24 27 88 50 82 53 84 89 55 67 72 75
70 75 70 0 89 55 58 67 72 53 88 50 60 47 75
13 44 13 28 41 10 30 29 48 88 50 60 47 75 82 24 27 44
6 44 6 0 13 45 64 71 82 53 88 50 60 24 27 44
25 44 25 62 72 53 88 10 48 52 71 82 24 27 44
60 83 60 24 83
18 60 18 59 64 71 82 53 88 50 60
77 86 77 48 88 10 17 70 55 58 67 82 24 27 44 79 84 89 54 86
58 84 58 36 37 67 72 53 88 50 60 47 75 82 24 89 55 84
25 55 25 63 17 78 5 6 12 84 89 55
15 0 15 26 0
35 52 35 39 58 10 30 48 52
57 17 57 82 24 27 75 88 10 17
27 84 27 29 48 88 10 24 71 82 53 84
25 81 25 38 89 55 58 12 37 51 80 81
57 55 57 52 71 82 53 84 89 55
43 45 43 45
8 27 8 41 57 52 64 84 89 55 67 82 24 27
15 75 15 26 28 64 71 82 24 89 55 58 12 50 60 47 75
26 5 26 17 58 10 48 75 82 53 84 89 55 67 72 88 50 60 24 27 78 5
88 67 88 50 60 47 75 82 24 89 55 67
72 86 72 86
88 71 88 10 48 52 64 71
30 29 30 29
14 72 14 28 35 39 58 12 45 77 75 82 24 89 55 67 72
19 60 19 43 52 64 82 53 88 50 60
59 17 59 17
27 67 27 29 48 52 77 89 55 67
60 24 60 24
22 58 22 34 59 89 55 58
39 77 39 58 36 50 82 53 84 89 55 67 72 75 88 10 48 52 77
43 12 43 48 52 64 84 89 55 58 12
58 71 58 36 59 64 71
72 36 72 88 50 60 71 82 53 84 89 55 58 36
28 32 28 41 57 45 50 82 53 88 10 17 70 32
56 52 56 64 84 89 55 67 82 53 88 50 60 24 27 29 48 52
42 73 42 62 72 88 10 24 73
37 83 37 51 17 70 0 20 81 83
14 44 14 28 35 39 58 36 50 60 24 27 44
56 58 56 64 82 53 84 89 55 58
85 80 85 88 50 82 24 27 44 79 84 89 80
40 6 40 78 5 6
35 30 35 59 17 70 0 10 30
28 58 28 37 67 72 53 84 89 55 58
85 48 85 88 50 82 53 84 89 55 58 77 48
1 78 1 78
28 72 28 77 48 88 50 82 24 27 78 17 58 67 72
18 34 18 22 34
23 75 23 37 17 78 5 79 88 10 24 27 29 48 75
27 44 27 44
4 0 4 30 0
20 83 20 56 82 54 81 83
1 57 1 7 57
77 73 77 48 88 10 17 33 24 71 82 53 84 89 55 67 73
22 72 22 31 43 44 55 67 72
41 5 41 57 72 75 82 53 88 50 60 24 89 55 58 10 17 78 5
30 52 30 34 48 52
14 25 14 25
21 5 21 42 51 44 79 84 89 55 67 72 75 82 53 88 10 17 33 78 5
19 88 19 56 82 53 88
82 53 82 53
22 61 22 31 56 64 84 89 55 58 36 59 17 60 47 75 82 53 88 61
49 53 49 72 53
33 47 33 24 27 79 88 50 60 47
38 50 38 89 55 67 72 53 88 50
31 86 31 43 44 55 58 67 82 54 86
63 86 63 12 45 50 60 24 71 82 54 86
4 23 4 23
6 45 6 12 45
43 45 43 45
88 73 88 50 82 53 84 89 55 67 73
38 77 38 89 55 58 67 72 88 10 17 20 48 52 77
34 44 34 59 36 37 77 75 88 50 82 24 27 78 17 58 12 44
42 86 42 62 72 86
11 86 11 88 10 17 20 55 58 67 72 86
8 80 8 62 72 75 82 53 80
59 32 59 12 50 82 24 89 55 58 36 37 77 75 88 10 17 32
11 70 11 88 10 17 70
30 48 30 0 10 48
78 67 78 5 75 82 24 89 55 67
34 29 34 59 12 29
4 33 4 30 0 45 50 60 47 75 82 24 89 55 58 67 72 53 88 10 17 33
62 54 62 72 53 84 89 54
34 79 34 59 17 20 48 52 64 84 89 55 58 77 75 88 10 24 27 78 5 79
7 66 7 89 55 58 12 66
78 0 78 17 70 0
85 83 85 88 10 48 52 71 82 53 80 81 83
42 55 42 62 72 53 84 89 55
18 55 18 22 43 48 75 88 50 60 24 71 82 53 84 89 55
89 55 89 55
43 24 43 44 84 89 55 67 82 24
8 78 8 40 78
6 54 6 0 10 30 48 88 50 82 54
62 24 62 72 53 88 10 30 44 55 58 67 82 24
78 50 78 5 75 88 50
6 73 6 88 50 60 71 82 53 84 89 55 58 12 73
39 84 39 58 12 24 89 55 84
31 44 31 43 44
41 24 41 70 55 67 72 53 88 10 24
88 0 88 10 30 0
16 17 16 29 48 75 82 53 88 10 30 34 59 17
1 50 1 2 23 66 78 17 33 45 50
77 10 77 48 52 71 82 53 88 10
42 75 42 51 59 89 55 67 72 75
28 71 28 35 39 58 36 37 59 89 55 67 82 24 71
63 36 63 52 64 84 89 55 58 36
2 54 2 33 62 72 75 82 54
33 55 33 45 50 82 24 27 29 48 75 88 10 30 34 53 84 89 55
78 52 78 17 60 24 27 29 48 52
8 9 8 9
11 82 11 59 17 60 71 82
37 54 37 17 78 5 72 53 84 89 54
88 71 88 10 30 48 52 71
1 84 1 89 55 84
4 48 4 49 72 88 10 30 29 48
11 45 11 59 12 45
13 67 13 52 77 84 89 55 58 67
4 79 4 49 72 53 84 89 55 58 36 50 82 24 27 79
39 82 39 58 12 29 48 52 71 82
35 60 35 59 12 37 67 82 53 84 89 55 58 10 48 75 88 50 60
13 48 13 20 48
2 89 2 82 53 84 89
56 29 56 64 82 24 27 29
38 53 38 89 55 58 12 44 79 88 50 60 47 75 82 24 27 78 5 72 53
16 54 16 54
35 59 35 59
40 0 40 78 17 58 36 37 0
14 13 14 42 51 59 64 84 89 55 58 10 30 0 13
1 60 1 7 57 63 17 58 10 24 27 75 82 53 84 89 55 67 72 88 50 60
6 10 6 16 35 39 58 67 72 88 10
64 0 64 84 89 55 58 36 59 17 70 0
30 54 30 29 48 75 88 10 24 71 82 54
3 78 3 37 59 12 66 78
30 67 30 0 10 17 58 77 84 89 55 67
64 24 64 71 82 24
39 47 39 58 10 17 33 62 72 75 88 50 60 47
49 47 49 72 88 50 60 47
37 47 37 59 12 45 50 60 47
42 44 42 51 44
16 36 16 35 59 36
4 32 4 70 32
42 37 42 51 59 36 37
3 47 3 37 51 17 78 5 64 84 89 55 58 10 48 52 71 82 24 27 44 79 88 50 60 47
89 45 89 55 58 12 45
56 34 56 82 53 88 10 30 34
41 84 41 63 12 84
26 81 26 42 62 72 81
26 54 26 0 10 17 58 36 59 12 84 89 55 67 82 54
35 33 35 39 58 77 48 52 71 82 24 27 78 17 33
26 32 26 0 13 28 64 84 89 55 67 82 53 88 10 17 32
2 20 2 78 17 20
59 61 59 12 75 88 61
40 54 40 78 17 70 0 10 24 27 88 50 60 71 82 54
19 82 19 43 48 52 64 82
9 86 9 71 82 54 86
60 17 60 24 27 78 17
56 29 56 64 71 82 24 89 55 58 36 59 12 29
34 50 34 53 84 89 55 58 12 60 47 75 88 50
6 17 6 77 75 88 10 17
21 77 21 26 28 77
62 30 62 72 53 84 89 55 67 82 24 27 29 48 88 10 30
11 17 11 59 89 55 67 82 24 27 29 48 75 88 10 17
19 52 19 82 53 84 89 55 58 77 48 52
70 32 70 32
58 84 58 67 72 53 84
57 32 57 72 75 82 24 27 78 17 32
9 80 9 75 80
6 79 6 71 82 53 84 89 55 67 72 75 88 10 24 27 44 79
57 71 57 63 12 60 24 71
19 70 19 56 64 82 24 27 78 17 70
28 5 28 35 39 58 67 82 24 27 78 5
33 50 33 24 71 82 53 84 89 55 67 72 75 88 50
9 36 9 53 84 89 55 58 36
22 30 22 31 56 82 53 88 10 30
34 32 34 48 52 64 82 53 84 89 55 58 12 24 27 88 10 17 32
18 71 18 59 12 37 51 44 84 89 55 67 72 75 82 24 71
49 67 49 72 53 88 50 60 47 75 82 24 89 55 67
56 61 56 64 61
38 55 38 89 55
42 71 42 62 72 88 50 60 71
6 52 6 12 37 48 52
77 29 77 48 52 64 84 89 55 58 12 75 82 53 88 50 60 24 27 29
11 37 11 59 36 37
72 73 72 88 10 30 0 27 55 58 36 50 60 71 82 24 73
49 34 49 72 75 88 10 30 34
43 53 43 52 77 84 89 55 58 67 72 53
38 24 38 89 55 58 10 24
22 83 22 34 59 17 70 81 83
27 47 27 79 84 89 55 58 10 24 71 82 53 88 50 60 47
4 59 4 23 37 59
22 54 22 34 79 88 10 17 60 47 75 82 24 27 44 84 89 54
13 29 13 84 89 55 67 82 24 27 29
42 29 42 62 72 88 10 48 52 77 75 82 24 27 29
42 86 42 51 44 55 58 10 48 88 50 82 53 84 89 54 86
85 59 85 88 10 48 52 77 89 55 58 36 59
26 29 26 17 33 51 67 82 53 88 50 60 24 27 29
59 10 59 12 60 47 75 88 10
7 67 7 45 50 60 24 27 44 84 89 55 67
78 12 78 5 75 82 24 27 79 84 89 55 58 12
78 84 78 5 72 88 50 60 71 82 24 27 79 84
30 80 30 48 52 71 82 53 80
16 24 16 29 48 75 88 50 82 24
4 73 4 49 72 88 50 60 47 75 82 53 84 89 55 67 73
19 20 19 38 89 55 58 10 17 20
18 58 18 20 39 58
31 58 31 56 64 71 82 24 89 55 58
38 53 38 89 55 67 82 53
18 88 18 59 36 37 77 48 52 71 82 24 27 44 79 88
13 10 13 20 88 10
56 10 56 82 24 89 55 58 77 48 75 88 10
2 82 2 82
4 36 4 70 0 45 50 60 71 82 53 84 89 55 58 36
62 36 62 72 88 10 30 48 75 82 53 84 89 55 58 36
70 81 70 82 54 81
60 29 60 71 82 24 27 29
27 84 27 78 5 79 84
57 17 57 63 12 50 60 47 75 88 10 17
34 55 34 48 52 77 84 89 55
70 67 70 55 67
30 48 30 29 48
25 79 25 79
27 29 27 29
11 80 11 88 10 24 27 44 55 84 89 80
40 33 40 78 17 33
33 0 33 45 64 84 89 55 58 10 30 0
77 36 77 89 55 58 36
35 55 35 59 64 84 89 55
13 79 13 29 48 88 10 24 27 79
26 29 26 28 41 10 30 29
39 83 39 58 77 84 89 54 81 83
23 48 23 49 72 88 10 48
14 81 14 34 59 12 29 48 88 10 24 89 80 81
6 53 6 71 82 24 89 55 58 67 72 53
15 37 15 30 34 59 36 37
64 52 64 71 82 53 84 89 55 58 10 48 52
14 47 14 25 35 59 36 50 60 47
2 77 2 33 24 27 78 5 6 37 51 67 72 53 84 89 55 58 77
23 66 23 66
14 25 14 25
27 50 27 88 50
15 10 15 30 0 13 29 48 88 10
38 80 38 89 80
23 10 23 49 72 53 88 10
78 10 78 5 75 88 10
89 54 89 54
22 48 22 34 53 84 89 55 58 12 37 17 20 48
56 82 56 82
23 67 23 66 78 5 79 84 89 55 67
41 61 41 63 12 29 48 52 64 61
41 29 41 63 12 29
62 54 62 72 53 84 89 55 67 82 54
59 17 59 36 50 82 24 89 55 58 10 17
18 17 18 59 17
22 71 22 43 45 64 71
70 0 70 0
33 29 33 78 17 60 71 82 53 88 10 30 29
3 71 3 38 89 55 58 12 50 82 24 71
43 24 43 52 64 84 89 55 67 72 53 88 50 82 24
3 34 3 9 71 82 24 27 75 88 10 30 34
13 79 13 84 89 55 58 36 59 12 44 79
27 75 27 75
42 51 42 51
4 36 4 23 67 82 24 89 55 58 36
4 77 4 82 53 84 89 55 58 77
18 67 18 22 43 52 64 84 89 55 67
56 81 56 82 24 27 88 50 60 47 75 80 81
3 55 3 64 84 89 55
38 30 38 89 55 67 82 53 88 10 30
7 44 7 62 72 53 88 10 30 34 59 64 84 89 55 58 36 50 82 24 27 44
41 45 41 70 0 45
19 83 19 38 89 80 81 83
63 54 63 12 84 89 54
56 20 56 82 53 84 89 55 67 72 75 88 10 30 0 20
39 55 39 58 77 89 55
4 13 4 70 0 13
78 73 78 5 6 31 43 73
88 47 88 50 60 47
1 13 1 7 14 34 50 82 24 27 75 88 10 17 70 0 13
82 12 82 53 84 89 55 58 12
20 32 20 40 78 5 75 82 53 88 10 17 32
33 45 33 45
88 24 88 10 48 75 82 24
64 0 64 82 24 27 75 88 10 30 44 79 84 89 55 58 36 59 17 70 0
60 83 60 47 80 81 83
23 45 23 37 51 17 33 45
9 54 9 62 72 88 10 24 71 82 54
42 37 42 51 17 20 10 48 88 50 60 71 82 53 84 89 55 58 36 37
7 84 7 43 45 50 60 47 75 88 10 30 44 55 58 77 84
63 24 63 52 64 84 89 55 67 72 53 88 50 82 24
25 54 25 63 12 44 55 84 89 54
16 12 16 35 59 36 37 51 44 79 88 10 30 48 75 82 24 89 55 58 12
34 47 34 50 60 47
21 70 21 26 17 70
22 5 22 43 48 52 71 82 24 27 78 5
7 83 7 45 64 71 82 54 81 83
72 71 72 53 84 89 55 67 82 24 27 79 88 10 17 78 5 52 71
85 5 85 88 50 82 53 84 89 55 58 10 17 33 78 5
70 47 70 55 58 10 24 71 82 53 88 50 60 47
70 17 70 82 53 88 50 60 24 89 55 58 12 37 17
23 66 23 66
58 53 58 12 44 55 67 82 53
59 36 59 36
58 61 58 36 37 72 88 61
1 64 1 49 72 53 88 10 17 20 56 64
31 47 31 43 44 84 89 55 58 10 24 71 82 53 88 50 60 47
89 54 89 54
62 83 62 72 75 80 81 83
37 86 37 59 89 55 67 82 54 86
62 60 62 72 88 50 60
21 79 21 26 0 89 55 58 36 37 51 44 79
41 53 41 10 17 33 49 72 53
89 55 89 55
82 10 82 53 84 89 55 67 72 88 10
15 77 15 30 34 50 60 71 82 24 89 55 58 77
37 45 37 72 88 10 30 44 84 89 55 58 67 82 24 27 78 17 33 45
26 86 26 17 20 55 58 77 84 89 54 86
51 32 51 59 12 60 47 75 82 24 27 88 10 17 32
42 64 42 51 17 58 67 72 88 10 30 48 52 64
85 71 85 88 10 48 52 71
28 72 28 41 49 72
70 12 70 82 24 27 44 84 89 55 58 12
85 73 85 88 50 82 53 84 89 55 58 67 73
57 10 57 72 88 10
37 54 37 0 89 54
40 88 40 78 5 6 71 82 53 84 89 55 58 67 72 75 88
88 55 88 10 17 70 82 53 84 89 55
35 0 35 39 58 36 59 17 70 0
40 66 40 78 17 58 12 66
1 81 1 7 89 80 81
18 50 18 22 31 56 82 53 88 50
77 66 77 75 82 53 84 89 55 67 72 88 10 24 27 78 5 6 12 66
18 45 18 22 43 48 52 77 75 88 50 60 71 82 53 84 89 55 58 12 45
64 32 64 82 24 89 55 67 72 53 88 10 17 70 32
70 32 70 32
72 67 72 88 10 48 52 71 82 24 89 55 58 67
51 79 51 59 12 72 88 10 24 27 79
1 50 1 2 78 17 33 62 72 75 82 53 84 89 55 58 10 24 27 88 50
89 5 89 55 58 12 66 78 5
64 48 64 82 53 84 89 55 58 77 48
64 29 64 84 89 55 67 72 53 88 10 30 29
49 51 49 72 53 88 50 60 71 82 24 27 55 58 12 37 51
39 24 39 58 10 30 34 79 88 50 60 24
63 84 63 52 71 82 24 27 55 58 36 59 17 20 56 64 84
49 83 49 72 88 10 48 75 80 81 83
34 54 34 53 84 89 55 67 82 54
1 53 1 37 77 75 88 10 30 0 89 55 67 72 53
25 61 25 63 52 64 71 82 53 84 89 55 58 10 30 48 88 61
57 48 57 45 50 60 24 89 55 67 72 88 10 17 58 77 48
30 50 30 29 48 88 50
11 54 11 88 50 60 24 27 79 84 89 54
77 0 77 48 52 71 82 24 27 79 88 10 17 70 0
28 81 28 37 77 84 89 54 81
56 82 56 82
1 51 1 49 72 53 88 10 17 58 36 37 51
72 86 72 86
11 48 11 88 10 30 29 48
2 29 2 78 5 64 84 89 55 58 36 50 60 71 82 53 88 10 30 29
13 54 13 60 24 89 54
22 81 22 43 48 75 80 81
39 6 39 58 36 50 60 71 82 53 84 89 55 67 72 88 10 17 20 40 78 5 6
9 44 9 53 88 10 30 44
85 53 85 88 10 30 29 48 75 82 53
35 50 35 59 12 45 77 48 52 64 71 82 53 88 50
35 52 35 39 58 36 37 48 52
49 29 49 72 53 88 10 17 78 5 75 82 24 89 55 58 36 37 0 27 29
18 83 18 59 89 80 81 83
6 86 6 86
27 47 27 75 82 53 88 10 30 34 50 60 47
1 54 1 7 62 72 88 10 17 58 67 82 54
7 48 7 50 60 24 27 88 10 30 48
40 60 40 78 5 64 71 82 53 84 89 55 58 36 37 0 13 60
8 86 8 41 86
3 77 3 9 24 71 82 53 84 89 55 58 77
22 55 22 43 44 55
8 54 8 28 64 71 82 54
4 84 4 70 0 20 48 88 50 82 53 84
35 53 35 39 58 77 89 55 67 82 53
56 78 56 64 71 82 53 84 89 55 67 72 88 10 24 27 78
58 83 58 77 75 80 81 83
70 32 70 32
43 83 43 44 84 89 80 81 83
25 52 25 33 51 17 58 36 37 67 72 53 88 10 48 52
13 52 13 20 56 82 24 27 88 10 48 52
21 30 21 58 12 50 60 24 71 82 53 84 89 55 67 72 88 10 30
8 34 8 62 72 53 88 10 30 34
6 48 6 37 48
63 32 63 17 32
35 66 35 59 12 66
63 53 63 17 58 12 75 82 53
2 10 2 56 64 84 89 55 58 67 82 24 27 29 48 52 77 75 88 10
40 32 40 78 17 70 32
35 84 35 59 64 82 24 27 79 84
1 23 1 2 23
82 80 82 24 89 55 67 72 53 80
42 58 42 62 72 88 50 60 24 27 79 84 89 55 58
28 12 28 77 89 55 58 12
70 47 70 0 45 64 82 24 89 55 58 10 30 34 59 17 60 47
56 78 56 82 53 88 10 24 27 78
13 71 13 52 71
13 55 13 28 35 59 89 55
14 89 14 59 17 78 5 75 88 10 48 52 77 84 89
13 32 13 75 82 53 84 89 55 58 36 37 17 32
70 79 70 0 45 77 84 89 55 58 36 37 67 72 53 88 10 48 75 82 24 27 78 17 33 51 44 79
35 79 35 39 58 12 72 53 84 89 55 67 82 24 27 44 79
35 6 35 59 17 78 5 6
40 32 40 78 17 32
49 82 49 72 88 50 82
21 34 21 26 0 27 29 48 75 88 10 30 34
13 79 13 45 64 82 24 27 79
21 41 21 26 28 41
62 75 62 72 75
9 0 9 62 72 88 10 30 44 55 58 77 75 82 24 27 78 17 70 0
85 81 85 88 50 82 53 84 89 54 81
38 88 38 89 55 58 12 72 53 88
27 55 27 78 5 52 71 82 53 84 89 55
18 12 18 22 34 48 75 82 53 84 89 55 58 12
21 79 21 42 51 17 33 49 72 75 88 10 48 52 64 84 89 55 67 82 24 27 79
89 47 89 55 58 10 48 88 50 60 47
21 32 21 58 67 72 75 88 10 17 32
37 36 37 59 36
6 0 6 37 0
56 13 56 64 71 82 53 84 89 55 58 36 59 12 29 48 75 88 10 17 70 0 13
35 59 35 59
63 67 63 52 71 82 24 27 55 67
14 29 14 28 41 50 60 47 75 82 53 88 10 17 78 5 6 0 13 29
8 57 8 41 57
3 30 3 30
16 73 16 84 89 55 67 73
8 0 8 28 37 59 12 84 89 55 67 72 53 88 10 30 0
25 66 25 85 88 10 24 71 82 53 84 89 55 58 12 66
22 64 22 31 43 44 79 84 89 55 58 77 75 82 24 27 78 5 64
21 72 21 58 77 48 52 71 82 24 27 75 88 10 30 0 20 40 78 5 72
34 48 34 50 60 71 82 24 27 78 5 6 31 43 45 77 89 55 58 67 72 88 10 48
22 51 22 31 43 45 50 60 24 89 55 58 10 17 33 51
22 50 22 34 59 12 84 89 55 58 36 37 72 53 88 50
58 44 58 77 48 75 82 53 88 10 30 44
70 80 70 55 58 12 60 71 82 24 89 80
28 17 28 35 39 58 10 17
9 47 9 24 89 55 58 10 48 52 64 82 53 88 50 60 47
1 23 1 2 23
37 80 37 77 84 89 80
56 79 56 82 24 27 78 5 52 77 84 89 55 67 72 53 88 10 30 44 79
18 48 18 20 10 48
4 66 4 23 49 72 53 84 89 55 58 12 66
33 0 33 51 59 12 66 78 17 58 36 50 60 24 71 82 53 84 89 55 67 72 88 10 30 0
21 52 21 42 51 17 33 78 5 52
21 89 21 42 62 72 88 10 17 58 36 59 64 84 89
60 50 60 71 82 24 27 78 17 33 49 72 88 50
37 55 37 77 75 82 53 84 89 55
57 0 57 52 77 48 75 88 10 24 27 78 5 6 37 0
3 60 3 9 75 82 53 84 89 55 58 67 72 88 50 60
3 83 3 82 53 88 50 60 47 75 80 81 83
33 55 33 51 67 72 75 88 50 82 24 27 29 48 52 77 84 89 55
15 59 15 26 28 35 39 58 36 59
2 9 2 9
33 36 33 62 72 53 88 10 48 75 82 24 27 44 79 84 89 55 58 36
3 30 3 64 84 89 55 58 36 37 17 20 48 52 71 82 24 27 44 79 88 10 30
64 79 64 84 89 55 67 72 88 50 60 24 27 79
19 77 19 38 89 55 58 12 66 77
8 36 8 41 57 72 88 10 24 71 82 53 84 89 55 58 36
19 27 19 43 45 50 82 53 88 10 24 27
2 48 2 82 53 84 89 55 58 10 48
8 20 8 40 78 17 20
58 75 58 10 17 60 47 75
16 32 16 67 72 88 10 17 70 32
11 86 11 88 50 60 71 82 53 84 89 54 86
88 75 88 50 82 53 84 89 55 58 10 30 29 48 52 77 75
78 83 78 5 89 80 81 83
35 59 35 59
25 84 25 38 89 55 84
42 61 42 51 61
49 17 49 72 88 10 17
89 53 89 55 67 82 53
41 12 41 63 12
18 80 18 20 40 78 5 6 16 67 72 88 10 17 70 55 84 89 80
22 81 22 34 53 80 81
72 54 72 53 88 50 60 47 75 82 54
37 0 37 0
58 44 58 12 45 50 82 24 27 29 48 52 77 84 89 55 67 72 53 88 10 30 44
82 75 82 53 88 10 17 33 78 5 75
40 73 40 78 5 72 75 82 53 84 89 55 67 73
1 29 1 37 52 64 84 89 55 58 12 29
70 24 70 0 10 24
28 0 28 35 59 12 66 78 5 75 88 50 82 53 84 89 55 58 36 37 0
43 36 43 45 50 60 24 27 88 10 48 75 82 53 84 89 55 58 36
58 53 58 67 72 53
19 60 19 82 53 88 50 60
1 17 1 2 33 49 72 53 88 10 17
40 30 40 78 17 60 71 82 53 88 10 30
57 73 57 50 60 71 82 53 84 89 55 67 73
6 44 6 16 29 48 52 77 75 88 10 24 71 82 53 84 89 55 58 12 44
22 78 22 31 43 45 77 75 88 50 82 53 84 89 55 58 12 66 78
70 32 70 55 58 12 44 79 88 10 17 32
39 26 39 58 77 84 89 55 67 72 53 88 10 30 0 13 26
85 17 85 88 10 17
30 17 30 29 48 88 10 17
41 71 41 10 24 89 55 58 36 50 60 71
64 12 64 82 53 88 50 60 24 89 55 58 36 59 12
78 55 78 5 6 37 51 59 89 55
89 54 89 54
14 52 14 28 35 39 58 12 50 60 24 71 82 53 84 89 55 67 72 75 88 10 30 29 48 52
39 88 39 58 10 48 75 88
8 48 8 41 50 60 71 82 24 89 55 58 12 75 88 10 48
56 37 56 82 53 84 89 55 58 36 37
60 10 60 24 71 82 53 84 89 55 67 72 88 10
25 24 25 35 59 36 50 82 53 84 89 55 67 72 75 88 10 24
3 37 3 37
62 73 62 72 88 10 17 20 56 82 53 84 89 55 67 73
3 9 3 9
1 58 1 49 72 88 50 82 24 89 55 58
72 12 72 88 10 17 78 5 6 12
58 55 58 12 24 89 55
1 75 1 89 55 67 72 75
42 71 42 51 44 55 58 12 45 64 71
21 79 21 42 62 72 53 88 50 82 24 27 79
1 36 1 39 58 36
39 77 39 58 36 50 60 47 75 88 10 48 52 77
56 53 56 82 24 27 29 48 75 88 10 30 0 45 77 89 55 67 72 53
28 82 28 64 71 82
11 0 11 88 10 17 33 78 5 6 37 0
58 5 58 77 89 55 67 82 24 27 29 48 88 10 17 78 5
18 50 18 20 39 58 10 48 75 88 50
41 71 41 63 52 71
18 5 18 59 89 55 58 67 72 53 88 10 17 33 78 5
49 12 49 72 75 88 10 30 0 45 77 48 52 64 84 89 55 58 36 59 12
37 32 37 17 32
25 79 25 79
11 71 11 59 12 72 53 88 50 82 24 71
18 54 18 20 48 75 82 54
38 44 38 89 55 58 12 44
51 32 51 44 84 89 55 58 36 59 17 70 32
85 17 85 88 10 17
51 44 51 44
42 36 42 51 17 58 36
22 80 22 31 56 82 53 84 89 80
16 0 16 84 89 55 58 12 24 71 82 53 88 10 30 0
85 45 85 88 50 60 24 71 82 53 84 89 55 58 12 45
1 27 1 89 55 58 10 30 44 79 88 50 82 24 27
7 48 7 89 55 67 72 53 88 10 48
64 73 64 73
78 12 78 17 58 12
11 59 11 59
49 77 49 72 75 88 10 17 33 24 89 55 58 77
62 45 62 72 53 88 10 24 89 55 58 36 37 0 45
15 58 15 22 31 56 64 82 53 88 50 60 24 89 55 58
7 79 7 14 25 82 24 27 75 88 10 30 44 79
28 12 28 82 53 88 50 60 24 27 44 79 84 89 55 58 12
43 55 43 44 55
82 29 82 53 84 89 55 58 10 30 29
63 55 63 52 77 48 88 10 24 71 82 53 84 89 55
28 81 28 64 82 24 89 54 81
57 24 57 45 50 82 24
56 89 56 82 24 89
89 10 89 55 58 10
56 5 56 82 53 84 89 55 58 77 75 88 10 17 20 40 78 5
9 73 9 24 27 75 82 53 88 10 48 52 77 89 55 58 12 37 0 13 26 73
60 10 60 24 71 82 53 88 10
2 75 2 56 64 84 89 55 58 67 72 88 10 48 75
16 53 16 84 89 55 58 12 50 60 24 27 44 79 88 10 48 52 77 75 82 53
4 44 4 30 44
72 24 72 88 10 30 0 20 39 58 12 75 82 24
30 36 30 0 10 48 52 64 84 89 55 58 36
21 84 21 42 62 72 75 82 24 27 44 79 84
18 34 18 22 34
63 73 63 12 24 73
15 82 15 30 29 48 88 50 82
40 86 40 78 5 72 53 84 89 54 86
35 10 35 39 58 36 50 82 53 84 89 55 67 72 75 88 10
39 47 39 58 12 60 47
15 50 15 30 29 48 52 71 82 24 89 55 67 72 88 50
42 77 42 51 44 79 84 89 55 58 36 59 17 70 0 45 50 82 53 88 10 24 27 29 48 52 77
51 66 51 59 36 37 72 88 50 82 53 84 89 55 58 12 66
34 24 34 59 89 55 58 67 82 24
85 44 85 88 10 24 27 44
31 6 31 56 82 53 84 89 55 58 10 17 70 0 27 78 5 6
28 89 28 64 71 82 53 84 89
38 33 38 89 55 58 36 50 60 47 75 82 24 27 78 17 33
15 0 15 30 0
35 79 35 39 58 77 75 88 10 24 27 79
15 84 15 26 42 62 72 75 82 53 84
49 81 49 72 75 80 81
8 71 8 40 78 17 20 48 88 50 82 24 71
23 12 23 37 67 72 75 88 50 60 71 82 53 84 89 55 58 12
89 48 89 55 58 12 37 67 82 24 27 78 5 6 77 48
62 34 62 72 88 10 30 34
70 48 70 82 24 27 79 84 89 55 67 72 75 88 10 48
26 50 26 42 62 72 75 82 53 88 50
89 61 89 55 58 12 66 77 75 88 61
15 66 15 22 34 53 84 89 55 58 12 66
35 82 35 59 36 50 82
3 24 3 64 84 89 55 58 77 48 75 82 53 88 10 17 70 0 45 50 60 24
28 66 28 41 63 12 66
77 36 77 75 88 10 17 70 82 53 84 89 55 58 36
39 71 39 58 10 17 78 5 72 75 82 53 88 50 60 71
30 81 30 29 48 88 10 17 20 81
42 55 42 51 17 58 12 66 78 5 52 71 82 24 27 55
62 78 62 72 53 84 89 55 58 67 82 24 27 78
22 72 22 34 53 84 89 55 67 72
58 80 58 67 82 53 88 10 24 89 80
15 27 15 30 0 10 24 27
82 67 82 24 27 79 84 89 55 67
26 61 26 0 10 30 44 84 89 55 67 72 53 88 61
62 13 62 72 53 84 89 55 58 10 30 0 13
8 70 8 40 78 17 70
11 30 11 59 64 71 82 24 27 79 84 89 55 67 72 53 88 10 30
1 17 1 89 55 58 12 50 82 24 27 29 48 88 10 17
35 75 35 39 58 36 37 48 75
19 83 19 56 64 71 82 54 81 83
14 30 14 34 50 60 47 75 88 10 30
38 82 38 89 55 58 67 82
31 86 31 43 44 84 89 54 86
28 70 28 41 70
15 78 15 26 17 70 55 67 72 53 88 50 60 47 75 82 24 27 78
72 79 72 88 10 24 27 79
28 73 28 77 75 82 53 84 89 55 58 12 45 64 73
43 75 43 48 88 10 30 44 84 89 55 67 72 75
42 84 42 51 44 55 58 36 59 17 70 82 53 84
33 24 33 24
14 79 14 42 51 17 78 5 79
14 61 14 59 36 50 60 71 82 53 88 61
30 55 30 29 48 52 71 82 53 84 89 55
63 52 63 52
9 81 9 24 89 54 81
58 61 58 77 84 89 55 67 72 53 88 61
11 61 11 59 89 55 67 82 24 27 78 5 72 75 88 61
7 75 7 57 78 5 79 84 89 55 67 82 24 27 29 48 75
89 84 89 55 84
11 64 11 88 10 48 75 82 53 84 89 55 58 12 45 64
7 71 7 57 63 52 64 71
38 51 38 89 55 58 67 72 53 88 50 82 24 27 78 17 33 51
88 61 88 61
40 89 40 78 5 64 82 53 84 89
56 58 56 64 71 82 24 27 29 48 52 77 84 89 55 58
35 88 35 39 58 77 48 75 88
13 5 13 26 17 78 5
34 61 34 59 12 50 82 24 27 55 58 77 48 75 88 61
21 26 21 26
60 47 60 47
63 36 63 52 64 84 89 55 58 36
31 75 31 43 48 75
28 84 28 35 39 58 67 72 88 50 82 24 27 55 84
58 45 58 12 60 24 27 79 88 10 17 70 0 45
19 81 19 43 52 80 81
41 50 41 63 12 50
27 17 27 79 84 89 55 58 10 17
40 71 40 78 5 89 55 67 72 75 88 10 48 52 71
59 79 59 64 71 82 24 27 44 84 89 55 58 12 45 77 75 88 10 30 34 79
16 12 16 84 89 55 58 12
51 10 51 67 72 53 84 89 55 58 10
3 77 3 27 79 88 10 24 89 55 58 77
41 5 41 57 52 77 75 88 10 17 58 12 66 78 5
4 20 4 70 0 20
82 47 82 24 27 88 50 60 47
23 61 23 37 51 61
62 6 62 72 75 88 10 17 78 5 6
57 80 57 63 12 84 89 80
62 32 62 72 53 84 89 55 58 77 75 88 10 17 70 32
30 24 30 0 45 64 84 89 55 67 72 88 50 82 24
39 89 39 58 12 72 75 88 10 17 78 5 79 84 89
33 24 33 78 17 60 24
63 29 63 12 66 78 17 20 39 58 67 82 24 27 29
16 32 16 84 89 55 58 10 17 32
64 67 64 82 53 84 89 55 67
33 50 33 24 89 55 58 10 17 20 88 50
19 72 19 43 45 50 60 47 75 82 53 84 89 55 58 10 17 78 5 72
13 45 13 45
77 80 77 48 75 88 10 30 44 79 84 89 55 58 36 37 51 80
7 44 7 43 48 75 88 50 60 71 82 53 84 89 55 58 12 24 27 44
39 48 39 58 10 17 60 71 82 24 27 29 48
6 53 6 31 43 48 88 50 82 53
51 53 51 17 58 10 24 71 82 53
27 10 27 75 88 10
7 36 7 50 82 53 84 89 55 67 72 75 88 10 17 20 39 58 36
57 47 57 52 71 82 53 88 50 60 47
58 61 58 67 72 75 82 53 88 61
51 66 51 59 12 66
31 24 31 56 82 53 88 10 24
39 24 39 58 36 37 17 60 24
38 34 38 89 55 58 10 30 34
51 55 51 44 84 89 55
27 54 27 44 84 89 54
7 54 7 64 82 54
30 53 30 48 88 10 24 71 82 53
15 60 15 22 43 48 75 82 24 27 79 84 89 55 67 72 88 50 60
49 84 49 72 75 82 24 89 55 84
22 83 22 31 43 48 88 10 17 20 39 58 12 75 80 81 83
72 50 72 88 50
34 52 34 53 84 89 55 67 72 88 50 60 24 27 29 48 52
89 81 89 80 81
6 71 6 12 50 82 24 71
4 89 4 49 72 88 10 48 52 64 84 89
15 12 15 30 48 88 50 60 24 71 82 53 84 89 55 58 12
18 45 18 22 43 44 79 84 89 55 58 10 17 33 45
57 12 57 72 75 88 10 17 60 71 82 24 27 78 5 52 77 84 89 55 58 36 59 12
42 53 42 51 44 84 89 55 67 82 53
3 53 3 82 53
82 17 82 24 27 78 17
41 67 41 70 0 13 60 47 75 88 50 82 53 84 89 55 67
70 71 70 82 53 84 89 55 67 72 75 88 50 60 24 71
77 29 77 75 88 50 82 24 27 79 84 89 55 58 12 29
25 47 25 62 72 53 88 50 60 47
3 58 3 30 48 88 50 82 53 84 89 55 58
88 84 88 10 48 75 82 53 84
28 47 28 37 0 13 20 48 88 50 60 47
8 61 8 9 53 88 61
57 5 57 50 82 24 89 55 67 72 75 88 10 17 78 5
26 75 26 88 10 17 58 12 29 48 75
21 89 21 58 36 37 48 88 10 30 44 55 84 89
7 53 7 64 71 82 24 89 55 58 67 72 53
4 83 4 70 0 27 88 10 30 44 79 83
28 36 28 35 59 36
1 7 1 7
88 10 88 10
4 50 4 70 82 24 27 88 50
11 71 11 59 36 37 48 75 82 53 84 89 55 67 72 88 50 60 24 71
7 52 7 57 72 88 10 30 29 48 52
28 79 28 77 84 89 55 67 72 75 82 53 88 10 24 27 44 79
28 26 28 37 52 77 75 88 10 30 0 13 26
35 51 35 39 58 36 37 51
31 54 31 56 64 84 89 54
2 67 2 9 24 27 55 67
19 79 19 56 64 84 89 55 67 82 24 27 44 79
41 44 41 10 48 52 64 71 82 53 84 89 55 58 77 75 88 50 60 24 27 44
30 12 30 0 20 39 58 12
35 78 35 59 89 55 67 72 88 10 17 78
39 48 39 58 12 45 64 84 89 55 67 72 88 10 48
62 53 62 72 53
1 6 1 78 5 6
85 47 85 88 50 60 47
31 37 31 56 82 53 84 89 55 58 36 37
43 17 43 48 75 88 10 17
58 83 58 10 48 88 50 60 47 75 80 81 83
88 50 88 50
57 17 57 78 17
72 48 72 53 84 89 55 58 10 48
31 27 31 56 64 84 89 55 67 72 53 88 50 82 24 27
8 67 8 41 50 82 53 84 89 55 67
31 17 31 43 48 88 10 17
34 32 34 79 88 10 17 32
25 17 25 35 59 12 60 24 27 79 88 10 17
9 24 9 75 82 24
38 36 38 89 55 58 36
62 89 62 72 88 50 60 24 71 82 53 84 89
25 10 25 33 45 77 48 88 10
8 67 8 40 78 5 64 82 24 89 55 67
4 88 4 70 55 58 67 82 53 88
37 0 37 0
82 53 82 53
1 45 1 13 20 55 58 10 17 33 45
58 61 58 36 37 72 53 84 89 55 67 82 24 27 29 48 75 88 10 17 70 0 13 20 40 78 5 6 16 35 59 64 61
21 83 21 42 51 80 81 83
16 12 16 84 89 55 58 12
39 32 39 58 10 17 32
20 80 20 56 64 84 89 55 67 82 24 27 75 88 10 17 33 51 80
60 71 60 24 71
88 50 88 50
11 79 11 59 64 82 53 84 89 55 58 12 44 79
14 78 14 34 79 88 10 30 48 52 71 82 53 84 89 55 58 36 59 17 70 0 27 78
85 29 85 88 50 60 71 82 24 27 29
35 83 35 39 58 77 75 80 81 83
3 12 3 37 59 12
70 81 70 81
63 5 63 17 78 5
2 30 2 33 24 27 78 17 60 71 82 53 84 89 55 58 10 30
40 78 40 78
78 47 78 5 75 82 53 84 89 55 58 12 60 47
35 55 35 59 17 20 88 50 60 71 82 53 84 89 55
88 73 88 10 24 73
43 79 43 44 79
15 78 15 22 34 79 88 50 82 53 84 89 55 58 12 66 78
57 81 57 82 54 81
38 48 38 89 55 67 72 75 88 10 48
19 82 19 62 72 53 84 89 55 67 82
9 67 9 20 39 58 10 17 78 5 64 82 53 84 89 55 67
38 59 38 89 55 58 36 59
14 82 14 42 51 59 12 24 27 79 88 10 17 58 77 48 75 82
39 47 39 58 10 48 52 71 82 53 84 89 55 67 72 88 50 60 47
31 60 31 56 82 24 89 55 58 12 50 60
62 59 62 72 75 88 10 17 33 51 59
59 29 59 89 55 67 82 24 27 78 17 58 77 75 88 10 30 29
49 89 49 72 88 50 60 71 82 24 27 29 48 52 64 84 89
42 54 42 62 72 75 82 54
37 79 37 51 44 79
42 29 42 51 44 79 84 89 55 58 12 72 88 10 24 27 29
72 47 72 88 10 48 52 71 82 53 84 89 55 58 36 37 59 17 60 47
63 84 63 52 77 89 55 84
33 80 33 49 72 75 80
3 61 3 27 29 48 75 88 61
49 55 49 72 75 82 53 88 10 30 34 59 89 55
21 53 21 58 10 48 75 82 53
21 84 21 26 0 20 39 58 36 59 64 71 82 24 27 44 84
6 79 6 12 50 82 53 88 10 24 27 44 79
18 71 18 20 88 10 24 71
58 36 58 36
59 81 59 17 58 67 72 53 80 81
31 44 31 43 44
4 70 4 70
35 75 35 39 58 77 75
57 66 57 63 12 66
49 47 49 72 75 82 53 84 89 55 58 36 50 60 47
34 12 34 48 52 77 75 88 10 30 44 79 84 89 55 58 36 59 12
49 60 49 72 53 88 50 60
22 32 22 43 52 71 82 53 84 89 55 58 12 44 79 88 50 60 24 27 78 17 70 32
77 47 77 48 88 50 60 47
15 20 15 26 17 20
77 53 77 75 82 53
89 55 89 55
63 61 63 52 71 82 24 27 79 88 61
3 79 3 38 89 55 58 12 37 17 78 5 64 71 82 24 27 44 79
27 17 27 29 48 88 10 17
14 51 14 42 51
25 10 25 0 27 88 10
30 45 30 0 45
23 53 23 67 82 53
62 48 62 72 53 88 10 17 33 51 67 82 24 27 29 48
56 52 56 82 53 88 10 30 48 52
1 29 1 13 29
14 12 14 25 40 78 5 75 88 10 24 71 82 53 84 89 55 58 12
27 29 27 29
31 72 31 56 64 71 82 53 84 89 55 67 72
43 47 43 45 64 71 82 24 27 78 17 60 47
30 52 30 29 48 52
60 24 60 47 75 82 24
19 58 19 82 53 84 89 55 58
21 75 21 42 62 72 88 10 30 0 20 55 58 12 29 48 75
40 12 40 78 17 58 12
21 81 21 26 17 33 62 72 81
56 80 56 82 24 27 29 48 88 50 60 47 80
7 45 7 45
63 75 63 52 77 48 75
11 70 11 59 17 70
13 61 13 20 39 58 77 75 82 53 84 89 55 67 72 88 61
59 66 59 12 66
51 54 51 44 55 58 36 37 17 60 71 82 24 89 54
22 80 22 43 52 64 84 89 80
77 54 77 89 54
58 5 58 36 50 60 24 27 29 48 52 71 82 53 84 89 55 67 72 88 10 17 70 0 20 40 78 5
26 54 26 28 41 10 24 89 54
18 55 18 22 31 43 52 77 84 89 55
19 36 19 38 89 55 58 36
19 12 19 38 89 55 58 12
4 61 4 82 53 88 61
19 83 19 56 82 24 89 54 81 83
19 83 19 62 72 75 88 50 60 71 82 24 89 80 81 83
77 0 77 84 89 55 58 12 45 50 82 24 27 75 88 10 17 70 0
85 60 85 88 50 60
4 71 4 30 34 50 82 24 71
25 79 25 79
70 54 70 0 13 28 41 57 78 17 60 47 75 88 50 82 54
23 5 23 66 78 5
43 48 43 48
72 52 72 88 10 17 60 24 71 82 53 84 89 55 58 77 48 52
56 89 56 64 71 82 24 89
30 45 30 0 45
33 5 33 78 5
8 88 8 41 57 45 50 60 24 71 82 53 84 89 55 67 72 88
35 51 35 39 58 36 37 51
20 66 20 56 64 71 82 24 27 79 88 10 30 34 59 12 66
56 67 56 64 84 89 55 67
34 48 34 48
38 89 38 89
35 59 35 59
25 48 25 85 88 10 30 29 48
7 10 7 50 60 71 82 53 84 89 55 58 36 37 49 72 75 88 10
19 36 19 56 64 82 53 84 89 55 58 36
2 73 2 23 66 78 5 72 53 88 50 60 24 73
35 12 35 59 64 84 89 55 58 12
70 81 70 55 67 82 53 84 89 80 81
37 10 37 51 17 58 67 72 88 10
38 53 38 89 55 67 72 53
7 79 7 43 45 64 71 82 24 89 55 58 36 50 60 47 75 88 10 30 44 79
49 24 49 72 88 50 60 71 82 24
59 53 59 12 37 77 84 89 55 67 82 53
41 47 41 57 78 5 72 88 50 60 47
63 86 63 12 84 89 54 86
14 12 14 34 59 12
23 48 23 67 82 24 27 79 84 89 55 58 12 72 88 10 48
77 50 77 75 88 50
14 64 14 28 64
25 79 25 79
33 48 33 78 5 75 82 24 27 79 88 10 48
34 61 34 59 12 24 27 78 5 79 88 61
70 36 70 0 89 55 58 36
20 75 20 56 64 84 89 55 67 72 75
22 16 22 31 56 64 82 24 89 55 58 36 50 60 47 75 88 10 17 70 0 27 78 5 6 16
8 51 8 40 78 17 33 51
14 73 14 28 41 49 72 53 88 50 60 71 82 24 27 79 84 89 55 67 73
3 77 3 37 77
1 43 1 7 43
60 48 60 47 75 82 24 27 55 67 72 88 10 30 29 48
42 5 42 51 59 12 44 84 89 55 58 36 37 48 88 10 17 33 24 27 78 5
89 80 89 80
41 84 41 70 55 84
64 55 64 71 82 53 84 89 55
19 17 19 43 45 50 60 24 71 82 53 84 89 55 67 72 88 10 17
28 75 28 82 53 84 89 55 67 72 88 10 48 52 77 75
58 66 58 12 66
62 78 62 72 53 84 89 55 67 82 24 27 78
42 30 42 62 72 88 10 30
64 10 64 84 89 55 58 36 50 82 53 88 10
26 86 26 88 50 60 47 75 82 24 89 54 86
11 12 11 88 10 24 27 29 48 75 82 53 84 89 55 58 12
33 67 33 45 64 84 89 55 67
16 5 16 67 72 88 10 17 33 78 5
78 71 78 5 6 16 35 39 58 77 75 88 50 82 24 71
42 72 42 62 72
3 64 3 30 29 48 52 64
59 36 59 36
21 5 21 42 62 72 75 88 10 17 78 5
26 54 26 0 89 54
42 50 42 51 59 17 58 36 50
1 58 1 2 23 49 72 53 88 10 48 52 64 84 89 55 58
21 45 21 26 17 20 10 48 88 50 82 53 84 89 55 58 12 45
4 80 4 49 72 53 84 89 80
41 84 41 57 82 24 89 55 84
23 44 23 66 77 89 55 58 67 72 88 50 60 47 75 82 24 27 44
21 67 21 42 51 67
35 77 35 39 58 77
22 5 22 34 50 82 24 27 79 88 10 17 20 40 78 5
26 73 26 73
4 53 4 82 53
60 5 60 24 89 55 67 72 75 88 10 17 20 40 78 5
64 36 64 71 82 53 84 89 55 58 36
40 29 40 78 5 89 55 67 82 24 27 29
63 36 63 52 71 82 53 84 89 55 58 36
62 34 62 72 53 84 89 55 67 82 24 27 44 79 88 10 30 34
51 45 51 17 78 5 6 31 43 45
8 58 8 41 63 17 58
49 36 49 72 53 84 89 55 58 36
28 5 28 41 50 82 24 89 55 58 10 17 33 78 5
89 61 89 55 58 77 75 82 53 88 61
14 45 14 25 0 45
59 83 59 36 81 83
1 47 1 7 64 71 82 24 27 88 10 30 34 50 60 47
31 37 31 56 64 82 53 84 89 55 67 72 75 88 10 17 20 39 58 12 37
60 55 60 24 27 75 88 50 82 53 84 89 55
22 66 22 34 53 84 89 55 58 12 66
22 43 22 31 43
6 44 6 31 56 64 84 89 55 67 72 53 88 10 30 48 75 82 24 27 44
22 77 22 43 48 52 77
26 45 26 17 33 45
31 44 31 56 64 71 82 53 84 89 55 58 12 44
82 61 82 24 89 55 58 12 60 47 75 88 61
18 71 18 22 34 59 36 50 82 24 27 78 5 6 71
15 26 15 26
43 47 43 44 55 67 72 88 10 30 34 59 36 37 51 17 60 47
31 43 31 43
33 54 33 24 27 75 88 10 30 34 48 52 71 82 54
31 32 31 43 52 64 84 89 55 58 10 17 32
37 50 37 0 45 77 75 82 24 27 88 50
1 32 1 37 0 13 20 10 48 52 77 89 55 58 36 59 17 32
14 61 14 34 53 84 89 55 58 67 72 88 61
40 12 40 78 5 89 55 58 12
13 10 13 45 50 60 24 71 82 53 88 10
40 72 40 78 17 58 12 50 60 47 75 88 10 30 34 59 64 71 82 53 84 89 55 67 72
4 48 4 70 55 58 10 30 29 48
88 53 88 50 60 71 82 53
26 5 26 88 10 17 78 5
11 70 11 59 17 70
1 78 1 78
14 6 14 25 62 72 88 10 17 78 5 6
72 86 72 86
43 45 43 45
31 29 31 56 82 53 88 10 30 29
25 50 25 79 84 89 55 58 10 24 27 29 48 75 82 53 88 50
85 34 85 88 10 30 34
4 16 4 70 0 20 40 78 5 6 16
14 51 14 42 51
8 75 8 28 82 24 27 75
26 17 26 0 27 75 82 24 89 55 58 36 59 17
22 50 22 31 56 64 82 53 88 50
85 33 85 88 10 17 33
15 10 15 22 43 44 79 84 89 55 67 72 75 88 10
31 17 31 43 45 64 82 53 84 89 55 67 72 88 10 17
30 80 30 48 75 80
77 71 77 48 52 64 71
30 50 30 34 79 88 50
25 32 25 32
49 20 49 72 88 10 17 20
63 29 63 12 84 89 55 58 36 50 82 24 27 29
85 29 85 88 10 48 52 64 82 24 27 29
41 55 41 49 72 88 10 30 29 48 75 82 24 89 55
19 84 19 43 45 64 82 53 84
25 80 25 85 88 50 60 71 82 24 27 55 67 72 75 80
49 59 49 72 88 50 82 53 84 89 55 58 36 37 59
49 12 49 72 88 50 60 24 27 75 82 53 84 89 55 58 12
62 67 62 72 53 88 50 60 47 75 82 24 27 44 79 84 89 55 67
19 30 19 62 72 88 10 30
39 43 39 58 77 84 89 55 67 82 24 27 78 5 6 31 43
16 48 16 29 48
1 47 1 39 58 12 60 47
56 29 56 64 71 82 53 84 89 55 67 72 75 88 10 30 0 13 29
1 67 1 37 67
70 24 70 55 67 82 53 88 10 24
89 61 89 55 67 82 24 27 79 88 61
22 54 22 31 43 48 88 10 30 34 79 84 89 54
63 81 63 12 24 71 82 53 84 89 80 81
43 50 43 45 64 71 82 24 89 55 67 72 88 50
1 55 1 49 72 53 84 89 55
19 43 19 43
31 78 31 43 48 88 50 82 53 84 89 55 58 10 24 27 78
6 48 6 77 48
9 48 9 53 88 10 48
9 67 9 53 84 89 55 67
60 12 60 24 89 55 58 12
88 55 88 10 24 27 29 48 52 77 75 82 53 84 89 55
35 32 35 39 58 12 66 78 5 64 82 53 88 10 17 70 32
14 51 14 25 35 59 36 37 51
3 54 3 64 71 82 54
3 83 3 64 71 82 53 80 81 83
37 75 37 48 52 64 84 89 55 58 10 24 71 82 53 88 50 60 47 75
28 60 28 64 84 89 55 58 12 45 77 75 88 50 60
1 9 1 2 9
70 66 70 55 58 12 66
11 81 11 59 36 81
63 50 63 52 64 82 53 88 50
1 60 1 78 5 79 84 89 55 67 82 53 88 50 60
77 36 77 48 52 71 82 24 27 75 88 10 17 58 36
51 86 51 59 17 78 5 6 77 48 88 50 82 54 86
43 71 43 45 50 60 24 27 78 17 33 51 67 82 53 88 10 48 52 71
16 32 16 29 48 52 71 82 53 84 89 55 67 72 75 88 50 60 24 27 78 17 32
25 36 25 62 72 75 88 50 82 53 84 89 55 58 36
3 81 3 82 53 80 81
38 36 38 89 55 58 36
16 81 16 67 82 54 81
78 73 78 17 33 24 27 29 48 75 88 50 82 53 84 89 55 67 73
39 77 39 58 77
28 41 28 41
85 89 85 88 50 82 24 27 44 79 84 89
57 36 57 45 50 60 47 75 82 24 89 55 58 36
13 75 13 52 71 82 24 89 55 58 36 50 60 47 75
11 75 11 88 10 48 75
11 61 11 88 61
11 88 11 59 12 84 89 55 67 82 53 88
8 33 8 28 41 50 82 53 88 10 17 33
43 61 43 48 88 61
20 48 20 48
4 75 4 30 34 48 52 77 75
3 70 3 9 20 10 17 70
42 58 42 62 72 88 50 60 24 71 82 53 84 89 55 58
59 83 59 64 84 89 54 81 83
56 72 56 82 24 89 55 67 72
49 59 49 72 75 82 24 27 29 48 88 10 30 0 13 52 64 84 89 55 58 36 37 59
42 64 42 62 72 88 10 48 52 64
59 71 59 17 33 51 44 79 88 10 48 52 71
43 5 43 52 64 82 53 84 89 55 58 36 59 17 78 5
82 24 82 53 84 89 55 67 72 75 88 10 24
27 52 27 78 5 6 0 89 55 58 12 66 77 48 52
38 73 38 89 55 67 73
14 79 14 59 12 50 82 24 27 79
11 47 11 59 89 55 67 72 75 82 53 88 50 60 47
42 72 42 62 72
22 70 22 31 56 82 24 89 55 67 72 88 10 17 70
34 61 34 59 12 24 71 82 53 88 10 48 52 64 61
4 83 4 30 44 55 67 72 53 84 89 80 81 83
33 10 33 62 72 53 88 10
82 83 82 54 81 83
6 80 6 37 48 75 82 53 80
30 5 30 29 48 52 71 82 24 27 78 5
22 17 22 31 43 52 64 82 24 27 78 17
78 36 78 5 72 53 88 50 82 24 27 29 48 52 77 84 89 55 58 36
28 32 28 41 50 82 53 88 10 17 70 32
59 79 59 89 55 67 72 88 10 30 44 79
13 17 13 29 48 52 71 82 53 84 89 55 58 12 66 77 75 88 10 17
11 5 11 59 17 78 5
22 64 22 31 56 64
16 79 16 84 89 55 58 36 37 77 75 88 50 82 24 27 79
4 20 4 49 72 88 50 60 71 82 53 84 89 55 58 12 66 78 17 20
39 52 39 58 67 72 75 82 53 88 10 48 52
62 88 62 72 88
43 84 43 45 50 82 53 84
38 33 38 89 55 58 36 59 17 33
64 81 64 71 82 54 81
4 55 4 70 82 53 84 89 55
27 67 27 88 50 82 53 84 89 55 67
77 50 77 84 89 55 67 82 53 88 50
37 79 37 17 33 62 72 53 84 89 55 67 82 24 27 44 79
89 12 89 55 58 36 59 12
40 89 40 78 5 6 71 82 53 84 89
33 67 33 51 67
85 89 85 88 50 60 24 71 82 53 84 89
40 61 40 78 17 33 45 77 84 89 55 67 72 88 61
30 61 30 48 52 71 82 53 88 61
14 63 14 25 63
57 0 57 63 12 44 55 58 10 17 70 0
7 47 7 64 71 82 24 27 79 88 50 60 47
4 67 4 49 72 53 84 89 55 67
41 81 41 10 48 88 50 82 54 81
72 29 72 53 84 89 55 67 82 24 27 29
8 80 8 62 72 75 88 50 82 53 80
31 67 31 56 82 53 84 89 55 58 67
23 81 23 66 77 84 89 80 81
58 45 58 12 45
31 13 31 56 64 71 82 24 27 79 84 89 55 58 36 37 0 13
64 52 64 71 82 53 88 50 60 24 27 29 48 52
21 81 21 58 36 59 89 80 81
37 86 37 0 10 48 52 64 71 82 54 86
49 78 49 72 88 50 82 53 84 89 55 58 10 17 78
6 53 6 88 50 82 53
23 67 23 67
82 0 82 24 89 55 67 72 75 88 10 17 70 0
40 89 40 78 17 20 39 58 77 89
28 66 28 41 70 55 58 12 66
15 61 15 26 17 33 24 89 55 58 10 48 88 61
63 75 63 17 58 77 84 89 55 67 82 53 88 10 30 34 50 60 47 75
49 29 49 72 88 10 17 78 5 79 84 89 55 58 12 29
18 30 18 22 43 45 50 82 53 88 10 30
42 45 42 51 17 33 45
59 48 59 12 50 82 53 84 89 55 67 72 75 88 10 48
8 71 8 28 82 24 27 44 79 84 89 55 58 12 66 78 17 60 71
49 82 49 72 88 10 30 48 75 82
28 44 28 64 84 89 55 58 10 30 44
42 10 42 51 44 79 88 10
82 5 82 53 84 89 55 58 36 59 17 78 5
31 36 31 56 64 84 89 55 58 36
26 61 26 0 45 77 84 89 55 67 82 53 88 61
31 27 31 56 64 82 24 27
37 84 37 48 88 10 24 89 55 58 67 82 53 84
30 52 30 48 52
28 60 28 37 77 75 88 50 60
85 82 85 88 10 24 27 29 48 52 71 82
18 75 18 59 12 60 47 75
2 81 2 56 64 71 82 53 88 50 60 24 89 54 81
15 59 15 26 28 35 59
49 72 49 72
3 59 3 9 62 72 75 88 10 48 52 77 89 55 58 36 59
21 37 21 58 36 37
34 55 34 79 88 10 24 71 82 53 84 89 55
19 43 19 43
37 71 37 77 84 89 55 58 36 59 64 71
59 32 59 64 82 53 84 89 55 58 36 50 60 47 75 88 10 17 32
11 86 11 59 36 37 49 72 75 88 10 30 0 45 77 84 89 55 58 12 24 71 82 54 86
3 47 3 82 24 27 44 84 89 55 67 72 88 50 60 47
31 52 31 43 52
41 54 41 70 55 58 77 84 89 54
7 75 7 50 82 24 27 78 17 58 67 72 75
35 30 35 59 36 50 60 24 27 29 48 88 10 30
19 89 19 62 72 53 84 89
39 47 39 58 36 50 60 47
3 36 3 38 89 55 58 36
58 50 58 67 72 88 50
35 20 35 59 64 82 24 89 55 67 72 75 88 10 17 20
9 47 9 20 40 78 5 75 88 50 60 47
19 43 19 43
58 61 58 77 75 88 50 82 24 27 29 48 52 64 61
30 79 30 0 27 79
21 44 21 42 62 72 53 88 50 82 24 27 44
18 29 18 59 64 71 82 24 27 29
13 48 13 20 48
6 48 6 37 52 77 75 82 53 84 89 55 67 72 88 10 30 29 48
13 75 13 28 41 70 55 58 12 72 88 50 60 47 75
21 73 21 42 62 72 75 88 10 24 71 82 53 84 89 55 67 73
64 61 64 82 24 27 88 61
70 61 70 0 20 10 24 27 75 88 61
64 75 64 71 82 24 89 55 67 72 88 50 60 47 75
70 50 70 0 45 50
42 88 42 51 44 84 89 55 58 36 50 82 53 88
38 29 38 89 55 58 77 48 75 82 24 27 29
9 55 9 20 40 78 17 60 24 89 55
31 59 31 43 45 50 60 24 27 79 88 10 30 34 59
31 33 31 43 52 71 82 53 84 89 55 58 10 17 33
35 44 35 59 64 84 89 55 67 82 53 88 10 30 44
49 17 49 72 88 10 17
70 66 70 0 27 75 88 10 48 52 71 82 53 84 89 55 58 12 66
58 75 58 36 37 0 45 50 82 53 84 89 55 67 72 75
4 61 4 23 37 48 88 61
25 5 25 38 89 55 67 72 75 82 53 88 10 17 78 5
1 60 1 37 48 52 64 71 82 53 88 50 60
21 61 21 58 77 75 82 53 84 89 55 67 72 88 61
39 67 39 58 77 84 89 55 67
14 86 14 42 62 72 88 50 60 71 82 54 86
30 73 30 44 84 89 55 67 73
11 44 11 59 17 20 56 64 84 89 55 67 82 24 27 44
72 79 72 53 88 50 60 71 82 24 27 79
41 79 41 50 60 47 75 88 10 30 34 79
25 32 25 40 78 17 32
13 50 13 52 71 82 24 89 55 58 36 50
88 67 88 50 82 24 89 55 67
18 61 18 20 39 58 36 50 60 71 82 24 89 55 67 72 88 61
31 67 31 43 45 77 75 88 50 82 24 89 55 67
72 53 72 53
15 33 15 30 44 84 89 55 67 72 88 10 17 33
11 86 11 88 10 30 29 48 75 82 54 86
39 6 39 58 36 50 82 53 88 10 17 78 5 6
39 86 39 58 12 29 48 88 50 60 24 27 55 67 72 53 84 89 54 86
49 79 49 72 75 88 50 60 24 27 78 5 89 55 58 12 44 79
27 5 27 78 5
2 45 2 33 45
56 55 56 64 82 53 88 10 17 78 5 52 77 84 89 55
23 17 23 37 59 17
34 53 34 59 89 55 58 12 66 77 48 88 50 60 47 75 82 53
34 54 34 53 84 89 55 67 82 54
26 84 26 28 77 84
19 81 19 62 72 88 50 82 53 84 89 80 81
70 52 70 82 53 88 10 48 52
40 72 40 78 5 52 64 71 82 24 89 55 58 67 72
28 26 28 64 82 53 88 50 60 24 27 44 84 89 55 58 10 30 0 13 26
27 53 27 29 48 52 64 82 53
30 0 30 0
85 79 85 88 50 60 24 27 79
35 6 35 39 58 77 89 55 67 72 75 82 24 27 78 5 6
49 54 49 72 88 50 60 47 75 82 53 84 89 54
82 71 82 24 71
27 84 27 78 17 60 47 75 88 10 24 89 55 58 77 84
13 48 13 29 48
37 32 37 0 27 75 82 24 89 55 58 77 48 88 10 17 32
85 78 85 88 50 60 24 27 78
14 79 14 59 17 78 5 75 82 24 89 55 58 10 30 44 79
49 30 49 72 88 10 30
62 80 62 72 88 50 60 47 80
85 75 85 88 10 48 75
40 34 40 78 5 88 50 82 53 84 89 55 58 10 30 34
22 6 22 31 56 64 84 89 55 67 82 24 27 78 5 6
11 17 11 88 10 17
1 6 1 7 57 78 5 6
62 73 62 72 88 50 60 24 73
62 60 62 72 88 50 60
2 86 2 78 17 58 77 89 54 86
41 24 41 10 30 34 50 60 24
56 36 56 82 53 88 10 48 52 77 89 55 58 36
30 52 30 29 48 75 88 50 60 71 82 24 27 78 5 52
34 61 34 59 36 50 82 53 84 89 55 67 72 88 61
85 53 85 88 50 60 24 71 82 53
1 58 1 39 58
2 44 2 23 37 17 33 51 44
4 50 4 30 48 88 50
28 50 28 41 10 30 44 79 84 89 55 58 12 75 82 24 27 88 50
51 55 51 59 36 50 60 71 82 53 84 89 55
43 73 43 52 71 82 24 27 78 17 70 55 67 73
26 79 26 88 10 17 78 5 79
28 70 28 41 70
31 64 31 56 64
4 52 4 49 72 75 88 10 24 71 82 53 84 89 55 58 77 48 52
35 10 35 39 58 67 72 88 10
56 37 56 64 84 89 55 58 36 37
15 78 15 26 17 78
27 45 27 88 50 82 53 84 89 55 58 36 59 17 70 0 45
19 34 19 62 72 75 88 10 30 34
57 24 57 78 5 79 84 89 55 67 72 53 88 10 48 75 82 24
41 54 41 70 55 58 12 29 48 75 82 24 89 54
33 55 33 78 17 20 39 58 36 59 89 55
18 55 18 59 36 37 72 75 82 53 84 89 55
38 54 38 89 54
20 24 20 48 88 10 24
13 61 13 26 88 61
19 83 19 38 89 80 81 83
14 61 14 59 17 78 5 6 77 84 89 55 67 82 53 88 61
37 52 37 48 52
25 80 25 33 45 50 60 47 80
1 70 1 78 17 70
56 70 56 82 24 89 55 58 67 72 88 10 17 70
41 54 41 57 78 17 70 55 84 89 54
35 81 35 39 58 12 29 48 52 80 81
60 12 60 71 82 53 88 10 17 33 45 64 84 89 55 58 12
20 80 20 48 52 80
59 10 59 64 82 24 27 44 84 89 55 58 36 50 60 47 75 88 10
16 67 16 29 48 88 10 24 27 78 17 33 62 72 53 84 89 55 58 67
16 75 16 35 39 58 36 50 60 24 71 82 53 84 89 55 67 72 75
22 13 22 31 56 82 53 84 89 55 67 72 75 88 10 17 70 0 13
1 84 1 39 58 36 37 52 77 48 88 50 82 53 84
22 78 22 34 48 52 64 84 89 55 58 36 37 17 78
77 73 77 75 88 10 17 60 24 73
85 50 85 88 50
14 67 14 34 50 60 24 71 82 53 88 10 48 52 64 84 89 55 67
21 47 21 26 42 51 59 12 24 71 82 53 84 89 55 58 10 48 52 77 75 88 50 60 47
38 53 38 89 55 58 10 24 71 82 53
14 88 14 59 36 50 82 24 89 55 58 10 30 34 48 88
58 66 58 36 50 60 47 75 88 10 17 33 51 59 12 66
42 13 42 62 72 88 10 17 70 0 13
1 23 1 2 23
26 67 26 0 89 55 67
19 84 19 56 82 53 84
1 75 1 78 17 60 47 75
88 79 88 10 30 34 50 82 53 84 89 55 58 12 60 24 27 44 79
18 20 18 20
18 70 18 59 12 45 64 84 89 55 58 10 17 70
49 81 49 72 88 50 82 53 84 89 55 58 77 75 80 81
1 57 1 7 57
63 53 63 12 37 17 20 39 58 77 75 88 10 48 52 71 82 24 27 55 67 72 53
85 53 85 88 10 24 27 78 17 60 47 75 82 53
16 50 16 35 39 58 36 50
22 73 22 31 56 64 71 82 24 89 55 67 73
6 24 6 37 67 82 53 88 50 60 24
15 32 15 26 17 32
9 61 9 71 82 53 84 89 55 58 12 29 48 52 64 61
26 84 26 88 50 82 53 84
89 81 89 54 81
30 75 30 0 20 56 82 53 88 50 60 47 75
40 32 40 78 17 70 32
14 55 14 28 41 50 82 53 84 89 55
82 81 82 24 89 80 81
28 55 28 64 84 89 55
30 75 30 48 52 77 84 89 55 67 72 75
30 61 30 44 79 88 61
34 52 34 53 88 10 48 52
51 32 51 67 82 53 84 89 55 58 10 17 70 32
31 52 31 43 52
51 24 51 17 20 55 67 72 88 10 48 75 82 24
89 53 89 55 58 10 24 27 75 88 50 82 53
16 67 16 67
82 81 82 53 80 81
77 84 77 75 88 50 82 53 84
42 53 42 62 72 75 82 53
39 72 39 58 10 17 70 55 67 72
35 60 35 59 36 50 60
58 73 58 67 73
51 24 51 44 84 89 55 67 82 24
14 50 14 59 12 45 77 84 89 55 58 67 82 53 88 50
7 54 7 89 54
18 82 18 20 88 50 82
72 0 72 88 10 30 0
39 66 39 58 12 66
38 60 38 89 55 58 10 48 75 82 53 88 50 60
26 83 26 28 35 39 58 12 84 89 54 81 83
8 41 8 41
85 55 85 88 50 82 53 84 89 55
2 32 2 9 24 89 55 67 72 75 88 10 17 32
13 5 13 26 17 78 5
28 34 28 41 63 12 72 75 88 10 30 34
85 86 85 88 50 82 54 86
62 61 62 72 88 61
19 17 19 56 64 84 89 55 58 10 17
60 71 60 71
70 45 70 0 45
41 71 41 49 72 75 82 53 88 50 60 71
7 84 7 50 60 47 75 88 10 30 44 79 84
58 48 58 10 48
39 84 39 58 12 24 71 82 53 84
85 86 85 88 10 30 0 27 75 82 54 86
70 47 70 0 45 64 71 82 53 88 50 60 47
13 75 13 26 0 27 55 67 72 75
22 64 22 31 56 64
18 36 18 59 12 45 50 82 53 84 89 55 58 36
64 80 64 84 89 80
11 64 11 59 64
85 37 85 88 50 82 53 84 89 55 58 36 37
34 29 34 50 60 71 82 24 27 29
20 84 20 55 58 10 30 48 52 64 84
14 53 14 59 17 33 45 64 71 82 53
49 82 49 72 75 82
43 24 43 44 79 88 10 17 20 39 58 12 75 82 24
3 67 3 37 67
89 32 89 55 67 82 24 27 29 48 88 10 17 70 32
77 36 77 48 75 82 53 84 89 55 58 36
11 20 11 59 64 71 82 24 27 78 17 20
56 66 56 82 53 84 89 55 58 12 66
38 72 38 89 55 67 72
9 73 9 62 72 88 50 60 24 71 82 53 84 89 55 67 73
56 88 56 64 82 53 88
49 53 49 72 88 50 60 47 75 82 53
57 45 57 45
72 75 72 75
42 44 42 51 17 78 5 88 10 30 44
26 17 26 42 51 17
56 80 56 64 84 89 55 58 12 50 60 71 82 24 27 75 80
35 80 35 59 64 82 53 88 50 60 47 80
72 86 72 86
35 60 35 39 58 67 82 24 27 29 48 52 77 75 88 50 60
41 81 41 57 72 53 80 81
18 88 18 22 31 43 52 77 48 88
38 5 38 89 55 58 10 17 20 40 78 5
16 83 16 54 81 83
60 17 60 47 75 88 10 48 52 64 84 89 55 58 12 66 78 17
49 24 49 72 53 88 10 48 52 64 82 24
38 52 38 89 55 58 12 66 77 75 82 53 88 50 60 24 27 29 48 52
62 77 62 72 53 84 89 55 58 77
16 79 16 67 72 88 10 17 60 24 27 44 79
58 44 58 67 82 53 88 10 24 27 44
15 55 15 22 43 52 77 84 89 55
6 17 6 37 17
56 89 56 82 53 84 89
49 66 49 72 88 10 48 52 71 82 53 84 89 55 58 12 66
40 53 40 78 17 60 47 75 88 50 82 53
56 17 56 64 82 24 89 55 58 10 17
38 88 38 89 55 67 72 88
23 12 23 67 72 75 82 53 84 89 55 58 12
13 0 13 52 64 71 82 53 84 89 55 58 67 72 88 10 30 0
60 29 60 24 71 82 53 88 10 30 29
35 12 35 59 36 37 51 67 82 53 84 89 55 58 12
19 78 19 56 64 71 82 24 27 79 84 89 55 58 36 59 17 78
60 45 60 47 75 88 50 82 24 89 55 58 12 45
60 36 60 71 82 24 27 44 84 89 55 58 36
26 71 26 42 62 72 75 82 24 71
2 59 2 56 82 53 84 89 55 58 36 37 59
23 50 23 49 72 75 88 50
28 5 28 41 57 78 5
22 88 22 34 48 52 71 82 24 27 55 67 72 75 88
6 71 6 71
40 54 40 78 17 58 77 75 82 53 84 89 54
7 0 7 45 50 60 71 82 24 89 55 67 72 75 88 10 30 0
82 5 82 53 84 89 55 67 72 75 88 10 17 20 39 58 36 50 60 24 27 78 5
8 89 8 40 78 17 60 24 89
2 73 2 56 64 73
22 86 22 43 48 52 64 84 89 54 86
58 71 58 36 50 60 71
28 32 28 41 57 52 77 84 89 55 58 10 17 32
26 12 26 28 35 59 12
85 55 85 88 50 82 53 84 89 55
11 51 11 88 50 60 24 27 78 17 33 51
1 23 1 2 23
40 72 40 78 5 52 71 82 24 89 55 67 72
20 32 20 48 88 10 24 27 79 84 89 55 58 36 59 17 32
2 82 2 9 20 40 78 17 58 67 82
4 86 4 30 29 48 52 64 84 89 55 58 36 59 12 60 24 27 78 17 70 0 20 56 82 54 86
78 12 78 5 72 88 50 60 24 71 82 53 84 89 55 58 12
2 30 2 56 64 82 24 89 55 67 72 88 10 30
40 30 40 78 17 20 10 30
23 66 23 66
26 32 26 42 51 17 32
27 84 27 88 50 82 53 84
28 57 28 41 57
14 80 14 59 89 80
63 52 63 12 24 71 82 53 84 89 55 67 72 75 88 10 17 78 5 52
8 84 8 9 62 72 88 50 82 24 27 79 84
18 80 18 22 31 56 64 84 89 55 67 82 53 80
8 66 8 41 63 12 66
38 27 38 89 55 58 12 29 48 52 64 71 82 24 27
56 27 56 82 24 27
20 71 20 39 58 12 37 77 84 89 55 67 72 53 88 50 60 47 75 82 24 71
88 36 88 10 30 29 48 75 82 53 84 89 55 58 36
31 77 31 43 45 77
16 29 16 84 89 55 67 82 24 27 29
85 70 85 88 10 30 29 48 52 64 84 89 55 58 77 75 82 24 27 78 17 70
85 30 85 88 10 30
35 88 35 39 58 12 60 47 75 88
25 45 25 0 13 45
64 55 64 82 53 84 89 55
42 6 42 62 72 75 88 10 17 20 40 78 5 6
64 12 64 71 82 24 27 55 58 12
19 89 19 82 53 84 89
1 25 1 7 14 25
49 37 49 72 75 88 10 24 89 55 58 36 37
63 50 63 12 24 27 88 50
62 52 62 72 88 50 60 71 82 24 27 79 84 89 55 58 10 17 70 0 20 48 52
77 32 77 48 52 64 71 82 53 84 89 55 58 10 17 32
33 47 33 24 71 82 53 88 50 60 47
35 45 35 59 17 33 45
20 61 20 55 58 10 48 88 61
18 88 18 22 43 52 71 82 53 88
70 86 70 0 45 50 60 47 75 82 53 84 89 55 67 72 86
58 0 58 10 30 0
42 84 42 62 72 88 10 48 75 82 53 84
43 66 43 52 71 82 53 88 50 60 24 89 55 58 36 59 12 66
7 32 7 45 64 82 24 27 78 17 32
30 83 30 34 79 88 50 82 53 84 89 55 58 36 37 48 75 80 81 83
9 24 9 75 82 24
19 61 19 82 24 27 55 67 72 53 88 61
35 73 35 39 58 12 75 88 10 30 48 52 64 73
60 5 60 71 82 53 84 89 55 58 67 72 75 88 10 17 78 5
34 55 34 48 75 82 53 84 89 55
57 67 57 72 88 10 30 44 84 89 55 67
26 24 26 17 58 12 50 60 71 82 24
11 72 11 88 10 48 75 82 24 89 55 67 72
23 36 23 67 72 88 50 60 24 71 82 53 84 89 55 58 36
60 54 60 71 82 54
4 17 4 82 53 88 10 17
34 48 34 48
49 60 49 72 88 50 60
42 34 42 62 72 53 88 10 30 34
85 53 85 88 10 48 52 77 75 82 53
18 47 18 20 40 78 17 58 10 30 48 52 77 75 82 53 88 50 60 47
82 45 82 53 84 89 55 58 36 37 59 12 45
22 64 22 43 48 52 64
37 71 37 59 36 50 82 53 88 10 24 71
14 44 14 59 17 70 0 45 50 82 53 84 89 55 67 72 88 10 30 44
25 71 25 62 72 53 88 10 30 0 27 44 84 89 55 67 82 24 71
4 6 4 30 29 48 75 82 53 88 10 17 78 5 6
19 32 19 82 24 27 88 10 17 32
30 32 30 34 50 60 24 71 82 53 84 89 55 67 72 75 88 10 17 32
26 61 26 28 41 10 24 27 75 88 61
4 64 4 82 53 88 10 24 27 29 48 52 64
51 17 51 17
62 36 62 72 75 88 10 30 48 52 71 82 53 84 89 55 58 36
15 13 15 30 0 13
43 54 43 44 55 67 72 53 88 50 60 71 82 24 89 54
28 88 28 37 49 72 53 88
31 48 31 43 45 64 84 89 55 58 77 48
25 83 25 0 27 79 84 89 55 58 10 24 71 82 54 81 83
38 79 38 89 55 67 82 24 27 79
3 44 3 9 24 27 44
3 52 3 38 89 55 67 72 75 88 10 30 48 52
42 37 42 51 67 82 53 84 89 55 58 36 37
28 77 28 77
3 55 3 30 44 84 89 55
63 24 63 12 44 84 89 55 67 82 53 88 50 60 24
16 12 16 35 59 12
23 73 23 37 72 88 10 17 78 5 52 77 75 82 53 84 89 55 67 73
34 83 34 53 80 81 83
13 54 13 45 64 84 89 54
6 61 6 16 67 72 88 61
40 13 40 78 17 70 0 13
70 80 70 55 84 89 80
58 66 58 12 66
34 24 34 50 60 71 82 24
51 55 51 59 36 50 60 71 82 24 89 55
49 70 49 72 53 84 89 55 58 36 59 17 70
9 52 9 75 82 53 84 89 55 67 72 88 10 17 60 24 27 29 48 52
59 12 59 12
8 29 8 40 78 17 58 12 29
22 89 22 34 48 52 77 84 89
77 32 77 48 75 82 53 84 89 55 58 36 59 17 32
57 75 57 63 17 78 5 79 88 50 60 47 75
37 44 37 0 89 55 58 10 48 75 88 50 82 24 27 44
2 82 2 33 45 64 82
70 73 70 0 89 55 58 77 75 82 53 88 50 60 24 73
4 48 4 30 0 20 39 58 67 72 75 82 24 27 88 10 48
33 55 33 51 17 60 47 75 88 10 48 52 77 84 89 55
22 88 22 31 56 64 82 53 88
42 80 42 51 59 64 82 53 80
38 88 38 89 55 67 72 53 88
20 80 20 10 30 44 55 58 67 82 53 80
9 12 9 62 72 88 10 24 71 82 53 84 89 55 58 12
42 53 42 51 59 64 71 82 24 89 55 67 72 53
43 5 43 52 77 84 89 55 58 10 17 78 5
8 54 8 41 57 63 17 33 62 72 53 88 50 60 47 75 82 54
26 84 26 17 20 55 84
31 64 31 56 64
40 88 40 78 17 60 24 89 55 58 67 72 88
11 82 11 59 12 29 48 75 82
72 24 72 88 50 82 24
7 55 7 45 64 82 24 89 55
30 32 30 0 13 28 41 63 17 32
38 48 38 89 55 67 72 88 10 24 27 29 48
33 67 33 62 72 88 10 17 78 5 52 71 82 53 84 89 55 67
63 66 63 12 66
25 44 25 40 78 5 64 82 24 27 75 88 10 30 44
15 82 15 22 31 43 44 84 89 55 58 12 66 77 75 82
20 50 20 40 78 5 52 64 82 53 84 89 55 58 36 50
8 67 8 9 53 88 10 24 89 55 67
25 10 25 63 12 60 47 75 88 10
14 48 14 34 79 84 89 55 58 77 48
38 32 38 89 55 58 10 17 32
85 89 85 88 10 17 60 71 82 24 89
39 48 39 58 10 48
28 51 28 37 77 84 89 55 67 72 53 88 10 30 0 13 26 42 51
42 32 42 51 44 55 58 10 17 32
19 32 19 82 53 88 10 17 32
22 55 22 34 59 89 55
34 0 34 59 17 60 24 27 78 5 6 0
3 80 3 27 44 84 89 55 58 10 24 71 82 53 88 50 60 47 80
3 33 3 30 48 52 64 71 82 53 84 89 55 67 72 75 88 50 60 24 27 78 17 33
21 27 21 42 62 72 53 88 10 48 52 64 71 82 24 27
26 50 26 17 70 82 53 84 89 55 58 12 44 79 88 50
40 73 40 78 17 60 47 75 88 50 82 24 73
1 30 1 13 45 64 71 82 53 88 10 30
33 54 33 49 72 75 88 50 60 71 82 54
72 71 72 75 88 50 60 71
56 12 56 82 53 84 89 55 58 12
3 29 3 30 0 27 29
49 86 49 72 86
21 78 21 58 36 59 64 71 82 53 84 89 55 67 72 75 88 10 17 78
16 50 16 84 89 55 58 36 50
31 70 31 43 45 64 71 82 24 27 29 48 75 88 10 17 70
8 45 8 62 72 88 50 82 24 89 55 58 10 30 0 45
8 64 8 62 72 75 88 50 82 53 84 89 55 58 77 48 52 64
62 48 62 72 75 82 53 88 10 30 48
9 24 9 62 72 53 88 10 48 52 71 82 24
6 83 6 12 72 88 50 82 54 81 83
9 50 9 20 40 78 17 70 55 58 67 82 53 88 50
51 0 51 59 12 37 0
11 30 11 88 10 30
8 52 8 62 72 75 82 53 88 10 17 33 45 64 84 89 55 58 77 48 52
13 44 13 75 82 24 27 44
1 20 1 37 0 20
9 17 9 71 82 24 89 55 58 77 48 88 10 17
8 59 8 9 53 84 89 55 58 36 37 59
1 26 1 13 26
35 36 35 39 58 36
20 0 20 48 52 77 89 55 58 36 37 17 33 78 5 72 75 88 10 30 0
21 29 21 58 36 37 51 17 33 24 27 29
16 45 16 84 89 55 58 10 17 70 0 45
49 89 49 72 53 84 89
28 79 28 35 59 36 37 77 84 89 55 58 67 72 53 88 10 48 75 82 24 27 79
7 12 7 89 55 58 12
60 86 60 71 82 24 89 55 67 72 86
7 80 7 64 84 89 55 58 10 30 29 48 52 80
6 36 6 71 82 24 27 55 58 36
1 12 1 7 57 45 77 84 89 55 58 12
58 53 58 77 75 82 53
20 71 20 39 58 12 72 53 88 10 24 71
72 5 72 53 88 10 24 89 55 58 36 59 17 78 5
6 50 6 31 43 45 50
23 66 23 66
60 83 60 71 82 24 89 54 81 83
57 53 57 72 53
31 77 31 43 45 77
13 84 13 75 88 10 24 71 82 53 84
39 89 39 58 12 84 89
26 45 26 0 45
40 60 40 78 17 60
19 54 19 62 72 53 84 89 54
19 29 19 38 89 55 58 36 50 82 53 88 10 17 70 0 13 29
34 75 34 79 84 89 55 58 12 29 48 75
22 83 22 34 53 88 10 48 52 71 82 24 89 55 67 72 75 80 81 83
39 77 39 58 12 37 77
39 78 39 58 77 84 89 55 67 72 75 82 24 27 78
19 60 19 56 82 53 88 50 60
85 88 85 88
8 9 8 9
41 17 41 70 55 67 82 53 88 10 17
21 17 21 26 0 20 40 78 17
21 29 21 42 62 72 53 84 89 55 58 12 29
35 33 35 39 58 36 59 17 33
14 86 14 42 62 72 88 10 17 58 36 37 77 89 55 67 82 54 86
30 47 30 34 48 75 88 50 82 24 27 44 55 58 36 37 17 60 47
8 48 8 9 53 88 10 48
3 32 3 82 24 27 79 88 10 17 32
14 72 14 42 62 72
57 44 57 45 50 82 53 84 89 55 58 67 72 88 10 24 27 44
13 80 13 60 47 75 82 53 84 89 80
85 55 85 88 10 30 44 84 89 55
30 45 30 44 84 89 55 58 36 59 12 45
22 64 22 31 56 64
6 32 6 77 84 89 55 58 10 30 34 59 17 32
56 0 56 64 84 89 55 58 10 30 0
56 71 56 64 71
1 32 1 37 72 53 84 89 55 58 36 50 82 24 27 29 48 75 88 10 17 32
63 32 63 17 32
77 10 77 75 88 10
14 36 14 59 89 55 58 36
7 84 7 57 45 64 84
22 59 22 34 59
18 37 18 59 36 37
35 37 35 59 36 37
11 64 11 88 50 60 71 82 53 84 89 55 58 36 59 17 78 5 64
19 44 19 43 44
88 83 88 10 30 34 53 84 89 80 81 83
16 5 16 67 72 53 84 89 55 58 77 48 75 82 24 27 88 10 30 0 20 40 78 5
27 53 27 88 50 82 53
7 81 7 43 48 88 50 82 53 80 81
8 57 8 41 57
14 34 14 34
20 29 20 48 52 71 82 24 27 29
26 67 26 88 50 60 24 71 82 53 84 89 55 67
49 64 49 72 88 50 82 24 27 44 55 58 12 45 64
56 55 56 82 24 89 55
23 84 23 49 72 88 10 30 29 48 75 82 53 84
56 75 56 82 24 27 29 48 88 50 60 47 75
77 12 77 84 89 55 58 12
23 47 23 67 82 53 88 50 60 47
16 55 16 29 48 88 50 82 53 84 89 55
9 83 9 24 89 54 81 83
63 52 63 52
39 5 39 58 36 50 82 53 84 89 55 67 72 75 88 10 17 60 24 27 78 5
77 80 77 48 75 82 53 80
77 61 77 84 89 55 58 10 17 78 5 88 61
85 81 85 88 50 60 24 89 55 67 82 54 81
63 61 63 52 77 75 88 61
43 45 43 45
26 84 26 88 50 82 53 84
43 71 43 45 77 48 52 71
11 73 11 88 50 82 53 84 89 55 58 36 59 64 73
2 32 2 23 32
72 12 72 53 88 50 60 24 27 78 17 58 12
85 84 85 88 10 30 48 52 64 84
1 7 1 7
40 73 40 78 17 60 24 73
28 10 28 77 84 89 55 58 67 72 53 88 10
78 0 78 17 70 55 67 82 53 88 10 30 0
3 84 3 82 53 84
63 53 63 17 70 82 53
8 78 8 62 72 53 88 10 24 27 78
58 0 58 67 72 75 88 10 30 0
2 44 2 56 64 71 82 24 27 44
11 67 11 59 12 45 64 84 89 55 67
15 54 15 30 0 20 10 24 71 82 54
20 73 20 88 10 48 52 64 73
56 84 56 82 24 89 55 84
26 75 26 88 50 60 47 75
35 27 35 59 36 37 77 84 89 55 67 82 24 27
22 88 22 43 45 50 60 24 71 82 53 84 89 55 67 72 88
31 30 31 43 52 77 84 89 55 58 36 37 51 59 12 24 71 82 53 88 10 30
31 89 31 43 45 50 82 24 89
26 61 26 42 51 17 20 40 78 5 52 64 71 82 53 88 61
25 79 25 40 78 5 52 77 84 89 55 67 82 53 88 10 30 44 79
25 24 25 0 45 64 71 82 53 88 50 60 24
23 48 23 67 72 75 82 53 84 89 55 58 77 48
42 0 42 62 72 75 88 10 30 29 48 52 77 84 89 55 67 82 24 27 78 17 70 0
58 80 58 12 75 80
59 86 59 17 20 10 30 34 86
9 71 9 53 88 50 60 24 71
21 26 21 26
25 24 25 38 89 55 58 77 75 82 24
4 54 4 70 55 67 82 24 89 54
51 47 51 59 64 84 89 55 58 36 37 77 75 88 50 60 47
19 13 19 38 89 55 67 72 53 88 10 30 0 13
78 0 78 17 70 0
62 59 62 72 53 88 10 17 20 56 64 84 89 55 58 36 59
4 70 4 70
88 24 88 10 24
16 79 16 67 82 53 84 89 55 58 36 37 77 75 88 10 24 27 79
9 10 9 75 82 53 84 89 55 58 36 37 49 72 88 10
41 67 41 10 48 88 50 60 24 89 55 67
88 71 88 10 24 71
28 53 28 35 59 36 50 82 53
56 86 56 82 24 27 75 88 10 48 52 77 84 89 54 86
56 72 56 82 53 84 89 55 67 72
11 37 11 59 12 37
77 44 77 48 88 10 30 44
35 0 35 39 58 12 75 82 53 84 89 55 67 72 88 10 17 70 0
28 80 28 77 48 52 80
58 47 58 77 75 82 24 89 55 67 72 88 50 60 47
49 80 49 72 75 82 53 88 50 60 24 89 80
56 72 56 64 71 82 53 88 10 17 20 55 67 72
72 0 72 88 50 82 24 89 55 58 36 37 0
70 50 70 55 58 67 72 88 50
85 55 85 88 50 60 47 75 82 24 27 78 5 79 84 89 55
11 66 11 59 12 66
26 24 26 0 45 77 84 89 55 67 72 75 88 50 60 24
56 73 56 64 73
14 66 14 42 62 72 53 84 89 55 58 12 66
11 44 11 59 89 55 58 77 48 52 71 82 24 27 44
27 67 27 44 55 67
26 32 26 42 62 72 88 10 24 27 78 17 32
27 80 27 55 84 89 80
22 67 22 43 44 55 67
1 84 1 13 52 71 82 24 89 55 84
1 47 1 13 28 77 84 89 55 67 82 53 88 50 60 47
18 89 18 22 31 43 45 77 84 89
41 80 41 80
60 75 60 71 82 24 27 55 67 72 75
58 36 58 36
51 5 51 17 33 78 5
30 54 30 29 48 88 10 17 20 55 67 82 53 84 89 54
41 47 41 70 0 13 75 82 53 88 50 60 47
7 48 7 64 82 53 84 89 55 67 72 88 10 48
70 53 70 82 53
88 48 88 50 82 24 27 44 79 84 89 55 58 10 48
1 33 1 49 72 88 10 17 33
35 77 35 39 58 77
40 47 40 78 17 70 82 24 89 55 58 12 37 0 13 28 41 10 48 75 88 50 60 47
1 9 1 2 9
28 33 28 37 67 72 75 82 24 27 78 17 33
60 0 60 71 82 53 84 89 55 58 67 72 88 10 30 0
89 52 89 55 58 77 48 52
63 44 63 52 71 82 24 27 44
20 55 20 55
33 54 33 78 17 60 71 82 24 89 54
23 24 23 66 78 17 58 77 84 89 55 67 72 88 10 24
22 50 22 43 48 52 64 71 82 53 88 50
31 20 31 43 44 55 58 36 59 17 20
7 24 7 64 71 82 53 88 50 60 24
9 61 9 75 82 53 84 89 55 67 72 88 10 24 27 78 5 6 77 48 52 64 61
3 84 3 30 29 48 52 64 82 24 27 44 55 84
39 36 39 58 36
7 61 7 64 61
1 24 1 7 45 77 84 89 55 58 36 50 60 47 75 88 10 24
15 45 15 22 43 45
15 77 15 30 34 59 17 33 62 72 53 88 50 60 71 82 24 89 55 58 77
4 13 4 23 37 17 70 0 13
38 73 38 89 55 67 82 53 88 10 24 73
14 79 14 34 79
7 81 7 57 78 17 70 55 67 82 53 80 81
21 86 21 26 42 62 72 86
41 61 41 50 60 24 71 82 53 84 89 55 58 67 72 75 88 61
30 73 30 34 73
7 81 7 89 80 81
28 26 28 77 84 89 55 58 12 29 48 88 10 30 0 13 26
51 67 51 17 78 5 6 88 10 24 27 29 48 75 82 53 84 89 55 58 67
22 33 22 34 53 84 89 55 67 82 24 27 78 17 33
33 17 33 49 72 53 88 10 17
38 24 38 89 55 58 36 37 48 75 88 50 60 24
4 83 4 82 53 88 50 60 24 89 54 81 83
62 29 62 72 75 88 10 48 52 77 89 55 58 67 82 24 27 29
9 12 9 71 82 24 89 55 58 12
6 53 6 0 27 44 84 89 55 58 10 17 60 24 71 82 53
15 59 15 30 29 48 52 77 75 88 50 82 53 84 89 55 58 36 37 59
27 75 27 78 17 60 71 82 53 84 89 55 58 36 37 51 67 72 75
85 73 85 88 10 24 73
40 48 40 78 17 70 82 24 89 55 67 72 75 88 10 30 29 48
58 52 58 36 50 82 53 84 89 55 67 72 75 88 10 17 33 78 5 52
15 13 15 30 0 13
20 36 20 40 78 5 72 88 10 17 58 36
33 54 33 78 5 79 84 89 54
56 0 56 64 71 82 53 88 10 30 0
59 36 59 36
4 32 4 70 0 13 26 88 10 17 32
82 32 82 53 88 10 17 70 32
43 81 43 48 75 80 81
1 64 1 39 58 77 48 75 88 10 17 33 45 64
30 5 30 48 75 82 53 88 10 17 20 40 78 5
82 50 82 53 84 89 55 58 12 37 67 72 75 88 50
26 5 26 88 10 17 78 5
56 71 56 82 24 27 55 58 36 50 60 71
20 83 20 56 82 24 83
27 5 27 78 5
51 86 51 86
8 73 8 62 72 88 50 82 53 84 89 55 67 73
89 52 89 55 58 67 82 53 88 10 48 52
19 36 19 56 64 84 89 55 58 36
28 37 28 37
60 48 60 47 75 82 53 84 89 55 67 72 88 10 17 70 0 27 29 48
39 37 39 58 36 37
88 29 88 10 30 29
31 88 31 43 52 77 84 89 55 67 72 88
19 5 19 43 44 84 89 55 67 82 24 27 78 5
15 59 15 30 0 45 64 71 82 24 27 55 58 36 37 51 59
60 66 60 24 27 75 82 53 84 89 55 58 12 66
88 48 88 50 60 24 27 29 48
15 24 15 30 29 48 52 64 84 89 55 58 12 37 77 75 88 50 60 24
39 37 39 58 12 37
22 86 22 43 52 71 82 53 84 89 55 58 36 37 67 72 86
21 52 21 26 42 62 72 88 10 24 27 29 48 52
42 10 42 51 17 58 10
40 48 40 78 5 75 82 53 88 10 17 20 39 58 77 48
2 48 2 9 71 82 24 27 29 48
60 54 60 47 75 82 24 89 54
41 53 41 50 60 71 82 53
39 88 39 58 10 30 48 88
57 54 57 72 53 88 50 82 54
63 79 63 52 77 75 88 10 17 70 55 58 12 44 79
58 67 58 77 48 88 50 82 24 27 44 84 89 55 67
6 52 6 16 35 39 58 36 37 52
11 53 11 88 50 82 53
38 30 38 89 55 58 10 30
37 0 37 48 52 64 82 24 89 55 58 10 30 0
49 80 49 72 75 80
59 67 59 12 44 79 88 10 30 29 48 52 77 75 82 24 89 55 67
85 75 85 88 50 82 53 84 89 55 58 67 72 75
18 54 18 59 17 33 49 72 75 88 10 24 89 54
31 61 31 43 44 55 58 10 17 20 56 64 82 53 88 61
21 12 21 42 62 72 75 88 50 60 71 82 53 84 89 55 58 12
51 50 51 67 82 53 84 89 55 58 12 45 77 48 75 88 50
42 77 42 62 72 88 10 48 75 82 53 84 89 55 58 77
15 55 15 22 34 79 84 89 55
15 37 15 30 0 20 48 75 82 53 84 89 55 58 36 37
11 64 11 59 64
34 53 34 50 60 24 71 82 53
34 32 34 79 88 10 17 32
3 29 3 9 75 88 50 82 24 27 44 84 89 55 58 12 29
59 45 59 17 70 0 45
7 75 7 89 55 67 72 75
11 29 11 88 50 82 53 84 89 55 58 12 66 78 5 6 0 13 29
13 73 13 26 0 89 55 67 73
19 73 19 82 24 73
11 66 11 59 12 66
14 37 14 28 77 75 82 53 84 89 55 58 12 37
88 5 88 10 48 52 71 82 24 27 78 5
64 50 64 82 53 88 50
70 55 70 0 10 30 34 59 12 84 89 55
35 30 35 59 64 71 82 53 84 89 55 58 10 30
2 9 2 9
72 32 72 88 10 17 32
31 78 31 56 64 84 89 55 58 36 59 12 37 51 17 20 40 78
85 80 85 88 10 17 60 71 82 53 84 89 55 67 72 75 80
88 79 88 10 48 52 71 82 24 27 44 79
56 29 56 82 24 27 29
42 12 42 51 17 33 49 72 88 10 24 71 82 53 84 89 55 58 12
4 88 4 82 53 84 89 55 58 12 75 88
4 5 4 82 53 84 89 55 67 72 75 88 10 17 20 40 78 5
59 83 59 64 82 54 81 83
8 36 8 41 63 52 71 82 24 89 55 58 36
18 80 18 20 40 78 5 64 71 82 53 80
2 33 2 33
35 48 35 39 58 10 30 29 48
49 13 49 72 88 10 30 0 13
33 67 33 78 17 60 24 27 75 88 10 48 52 71 82 53 84 89 55 58 67
35 60 35 59 17 33 45 50 60
14 73 14 42 51 44 84 89 55 67 72 88 10 30 34 59 64 73
49 37 49 72 88 10 17 70 0 45 77 48 75 82 53 84 89 55 58 36 37
42 77 42 51 59 36 37 77
70 32 70 32
35 5 35 39 58 10 17 78 5
72 48 72 88 10 30 0 13 28 37 59 12 29 48
39 89 39 58 10 30 44 84 89
1 80 1 13 60 47 80
60 73 60 24 89 55 67 73
6 80 6 12 24 89 80
11 27 11 59 89 55 58 10 17 78 5 88 50 60 47 75 82 24 27
34 17 34 48 88 10 17
13 71 13 75 88 10 30 48 52 71
78 79 78 5 79
2 5 2 33 78 5
18 34 18 22 34
15 79 15 30 44 79
42 59 42 51 59
62 86 62 72 86
72 84 72 88 10 24 71 82 53 84
2 5 2 78 5
51 52 51 17 78 5 52
42 20 42 51 44 84 89 55 67 82 53 88 10 30 0 13 20
63 5 63 17 33 78 5
25 75 25 85 88 50 60 24 27 75
58 67 58 77 84 89 55 67
18 61 18 20 10 30 48 88 61
26 75 26 0 10 30 29 48 52 77 84 89 55 67 82 24 27 78 5 79 88 50 60 47 75
70 45 70 82 53 84 89 55 67 72 88 10 17 33 45
89 5 89 55 58 36 37 59 17 33 78 5
37 80 37 49 72 53 84 89 55 58 67 82 24 27 88 50 60 47 75 80
20 84 20 10 24 71 82 53 84
70 17 70 0 10 48 52 71 82 53 84 89 55 67 72 75 88 50 60 24 27 78 17
56 58 56 64 71 82 53 84 89 55 58
19 45 19 56 64 84 89 55 58 12 45
3 17 3 30 29 48 75 88 10 17
21 17 21 26 17
64 61 64 61
78 55 78 5 52 71 82 24 89 55
40 52 40 78 5 64 84 89 55 58 77 48 52
85 82 85 88 10 24 89 55 67 82
11 55 11 59 12 44 55
37 83 37 67 82 24 89 54 81 83
31 45 31 56 64 71 82 24 89 55 67 72 75 88 10 17 33 45
15 86 15 30 44 79 84 89 54 86
38 47 38 89 55 67 72 75 88 10 30 29 48 52 71 82 24 27 78 17 33 51 59 36 50 60 47
1 33 1 78 17 33
70 55 70 0 45 77 84 89 55
30 50 30 48 88 50
70 53 70 82 24 27 79 84 89 55 67 72 53
78 81 78 5 6 12 29 48 75 82 54 81
78 86 78 5 6 12 45 50 82 53 84 89 54 86
89 53 89 55 67 72 53
23 80 23 80
43 44 43 45 64 84 89 55 58 67 72 75 88 50 82 24 27 44
42 66 42 62 72 75 88 50 82 53 84 89 55 58 36 59 12 66
11 81 11 88 10 17 20 40 78 81
20 55 20 48 75 88 10 17 60 24 27 79 84 89 55
6 17 6 0 20 40 78 17
7 61 7 14 28 64 84 89 55 67 72 53 88 61
56 27 56 82 24 27
39 0 39 58 10 30 0
57 84 57 50 60 71 82 53 84
18 52 18 22 31 43 52
42 79 42 62 72 75 82 53 88 10 30 44 79
62 52 62 72 75 82 53 88 10 48 52
2 48 2 33 45 77 48
9 67 9 75 88 50 82 53 84 89 55 67
21 81 21 42 51 44 55 58 10 24 27 88 50 82 54 81
16 79 16 84 89 55 58 10 30 34 79
33 50 33 62 72 88 50
56 12 56 64 71 82 53 88 10 48 52 77 84 89 55 58 12
49 64 49 72 75 88 50 60 24 27 55 58 36 59 12 45 77 48 52 64
49 20 49 72 53 88 10 17 20
18 77 18 20 88 10 24 71 82 53 84 89 55 58 12 66 77
14 61 14 42 51 59 17 20 56 64 71 82 53 84 89 55 58 77 75 88 61
39 47 39 58 67 82 53 88 50 60 47
31 70 31 56 64 71 82 53 84 89 55 58 36 59 17 70
26 29 26 17 33 78 5 75 88 50 82 24 27 29
15 36 15 26 88 10 17 33 24 89 55 58 36
58 86 58 12 24 71 82 54 86
14 60 14 34 59 12 60
49 75 49 72 53 84 89 55 58 10 17 78 5 52 71 82 24 27 29 48 75
22 45 22 43 45
58 83 58 36 37 51 67 72 53 84 89 80 81 83
3 71 3 30 0 20 48 75 88 50 60 24 71
37 5 37 17 78 5
15 77 15 26 0 89 55 58 77
22 12 22 34 59 36 37 51 67 72 75 88 10 24 27 78 5 6 71 82 53 84 89 55 58 12
58 53 58 36 50 60 71 82 53
35 29 35 59 89 55 58 36 37 0 10 24 27 29
49 45 49 72 75 88 10 30 0 13 45
6 0 6 0
30 66 30 0 10 17 33 62 72 88 50 60 47 75 82 24 27 29 48 52 64 84 89 55 58 12 66
35 78 35 59 17 78
18 29 18 20 88 50 82 53 84 89 55 58 10 24 27 29
19 50 19 56 64 84 89 55 58 10 30 34 50
34 50 34 59 12 45 50
40 67 40 78 5 88 10 30 48 52 64 82 24 89 55 67
82 86 82 24 89 54 86
19 79 19 82 53 84 89 55 58 36 59 12 44 79
78 54 78 5 64 84 89 54
85 58 85 88 10 24 89 55 58
19 6 19 43 44 79 84 89 55 67 82 24 27 78 5 6
14 0 14 59 64 82 53 84 89 55 67 72 75 88 10 30 0
63 36 63 17 58 36
31 32 31 56 82 24 27 78 17 32
82 24 82 24
9 73 9 53 88 10 30 29 48 52 64 73
78 73 78 5 64 71 82 24 89 55 67 73
63 66 63 12 66
28 24 28 35 59 12 72 53 88 10 30 44 79 84 89 55 67 82 24
26 48 26 28 64 71 82 24 89 55 58 67 72 75 88 10 30 48
28 89 28 41 57 52 77 89
38 84 38 89 55 67 82 53 84
33 55 33 45 64 71 82 24 89 55
56 83 56 82 53 88 10 24 27 75 80 81 83
3 36 3 9 62 72 53 84 89 55 58 36
2 51 2 33 51
43 54 43 45 77 89 55 67 72 53 88 10 48 75 82 54
34 10 34 50 82 53 84 89 55 58 10
63 36 63 12 24 89 55 58 36
21 34 21 58 10 30 34
22 44 22 34 59 36 37 52 77 48 88 10 24 71 82 53 84 89 55 58 12 44
1 10 1 49 72 53 84 89 55 67 82 24 27 29 48 88 10
1 17 1 37 51 17
58 75 58 12 72 75
62 30 62 72 53 88 10 30
21 60 21 26 42 51 67 82 24 27 88 50 60
40 5 40 78 5
58 81 58 10 30 0 13 52 71 82 53 80 81
18 79 18 20 40 78 17 70 82 53 84 89 55 58 10 30 44 79
37 71 37 17 78 5 89 55 58 67 82 24 27 29 48 52 71
62 44 62 72 53 88 10 24 27 44
58 81 58 12 84 89 54 81
49 27 49 72 88 10 24 27
40 27 40 78 5 72 88 50 82 53 84 89 55 58 36 37 59 12 24 27
39 78 39 58 12 24 27 78
63 12 63 12
11 61 11 88 61
6 45 6 0 45
3 82 3 27 78 17 70 55 67 82
14 53 14 28 64 82 53
49 58 49 72 53 88 10 24 89 55 58
14 41 14 28 41
41 50 41 57 72 88 50
1 88 1 2 33 24 71 82 53 88
15 64 15 26 28 37 72 88 10 30 0 13 29 48 52 64
19 52 19 38 89 55 67 72 75 82 24 27 29 48 52
8 64 8 62 72 75 88 10 30 29 48 52 64
9 81 9 75 88 10 30 44 55 84 89 80 81
39 64 39 58 36 59 64
22 29 22 31 43 45 77 89 55 67 72 75 88 10 30 29
30 71 30 34 59 64 71
15 77 15 30 48 52 77
1 71 1 49 72 75 82 53 88 10 17 70 0 13 26 28 77 48 52 71
59 17 59 64 84 89 55 58 36 37 52 77 75 82 24 27 29 48 88 10 17
34 66 34 79 84 89 55 58 12 66
88 48 88 10 30 48
19 88 19 43 45 50 60 71 82 24 89 55 58 36 37 77 75 88
56 81 56 82 53 84 89 80 81
49 17 49 72 53 88 10 30 29 48 75 82 24 27 44 55 58 36 37 17
34 71 34 79 84 89 55 67 82 53 88 10 48 52 71
25 17 25 63 12 84 89 55 67 72 75 88 10 17
2 9 2 9
1 79 1 37 77 84 89 55 67 82 24 27 79
49 5 49 72 53 84 89 55 58 10 30 0 13 26 17 33 51 59 12 45 64 82 24 27 78 5
31 30 31 56 82 24 89 55 58 36 59 12 75 88 10 30
60 71 60 24 27 75 82 53 88 10 48 52 71
49 64 49 72 53 88 10 48 52 64
64 0 64 84 89 55 67 72 88 10 30 29 48 52 77 75 82 24 27 78 17 70 0
56 73 56 64 73
23 80 23 37 67 72 88 50 60 71 82 53 80
35 47 35 39 58 12 24 27 75 88 50 60 47
78 79 78 17 60 71 82 24 27 75 88 10 48 52 77 84 89 55 58 12 44 79
63 45 63 52 77 89 55 58 12 50 60 24 27 29 48 88 10 30 0 45
35 61 35 39 58 12 29 48 88 61
38 12 38 89 55 58 12
85 86 85 88 10 30 29 48 75 82 53 84 89 54 86
21 67 21 26 17 58 77 48 75 88 10 24 71 82 53 84 89 55 67
40 86 40 78 17 60 47 75 82 54 86
1 67 1 37 52 64 84 89 55 67
31 17 31 56 82 24 27 44 84 89 55 58 12 75 88 10 17
8 47 8 9 24 89 55 67 72 75 88 50 60 47
77 48 77 75 88 10 48
28 51 28 37 51
6 81 6 88 10 24 71 82 53 80 81
3 9 3 9
2 27 2 82 24 27
30 71 30 34 79 84 89 55 58 67 82 24 27 29 48 52 71
13 67 13 84 89 55 67
26 5 26 17 78 5
40 36 40 78 5 89 55 58 36
35 58 35 39 58
15 60 15 30 48 75 88 50 60
57 29 57 45 50 60 24 71 82 53 88 10 30 29
27 36 27 29 48 88 50 82 53 84 89 55 58 36
35 88 35 59 12 66 78 5 72 53 84 89 55 58 36 37 77 75 82 24 27 88
7 10 7 50 82 24 89 55 67 72 75 88 10
34 10 34 53 84 89 55 67 72 75 82 24 27 79 88 10
70 36 70 82 24 27 75 88 10 30 48 52 64 84 89 55 58 36
11 80 11 88 50 60 24 27 29 48 75 82 53 84 89 80
42 32 42 51 67 72 75 88 10 48 52 64 71 82 24 89 55 58 36 37 17 32
41 50 41 49 72 88 50
42 24 42 51 67 82 53 88 50 60 24
78 10 78 5 72 53 84 89 55 58 10
70 48 70 82 53 84 89 55 67 72 88 10 48
49 24 49 72 88 10 24
38 81 38 89 80 81
37 67 37 52 71 82 53 84 89 55 58 67
56 10 56 64 84 89 55 67 82 53 88 10
88 44 88 10 17 33 51 44
51 55 51 59 89 55
20 24 20 40 78 17 33 51 59 64 71 82 53 88 50 60 24
60 86 60 47 75 88 10 17 20 55 67 72 86
2 47 2 23 37 72 88 50 82 53 84 89 55 58 12 60 47
8 47 8 28 77 84 89 55 58 36 59 17 60 47
31 59 31 56 82 53 84 89 55 58 36 37 59
20 73 20 73
15 36 15 30 29 48 52 77 84 89 55 58 67 72 53 88 50 60 71 82 24 27 78 5 6 16 35 59 36
30 5 30 48 52 71 82 53 88 10 17 20 40 78 5
6 54 6 77 84 89 54
40 5 40 78 5
21 12 21 58 12
58 45 58 10 17 33 45
82 54 82 54
58 47 58 10 17 33 49 72 75 82 24 27 79 88 50 60 47
20 10 20 10
39 80 39 58 12 44 79 84 89 80
78 0 78 5 64 84 89 55 67 72 75 82 24 27 29 48 88 10 17 70 0
39 30 39 58 10 30
27 61 27 88 61
1 0 1 2 9 20 48 75 88 10 30 0
41 48 41 63 52 64 82 53 88 10 48
58 53 58 12 24 27 29 48 52 64 82 53
6 79 6 37 48 75 88 50 60 71 82 53 84 89 55 58 10 24 27 79
42 13 42 62 72 75 82 53 84 89 55 58 36 37 0 13
41 0 41 70 0
64 81 64 71 82 24 89 80 81
3 33 3 82 24 27 78 17 33
28 51 28 37 51
63 53 63 52 71 82 53
16 5 16 35 39 58 67 72 75 88 50 60 24 27 78 5
2 82 2 9 75 88 50 82
16 5 16 29 48 75 82 53 84 89 55 58 12 66 78 5
28 36 28 35 39 58 36
8 82 8 41 57 78 17 33 62 72 88 10 48 52 71 82
1 57 1 7 57
1 45 1 13 45
26 55 26 42 51 44 55
70 10 70 55 67 72 53 88 10
19 52 19 43 52
2 77 2 33 24 27 78 17 20 48 88 50 82 53 84 89 55 58 77
1 23 1 2 23
15 10 15 26 28 37 72 75 82 53 84 89 55 58 10
3 86 3 27 88 50 60 47 75 82 53 84 89 54 86
70 55 70 0 27 88 10 48 75 82 53 84 89 55
89 47 89 55 58 67 82 53 88 50 60 47
11 79 11 88 10 17 20 40 78 5 89 55 58 12 44 79
11 79 11 59 12 24 27 79
4 30 4 49 72 75 82 53 88 10 30
59 17 59 17
88 73 88 50 60 47 75 82 24 73
18 47 18 59 12 50 60 47
60 83 60 24 27 88 50 82 54 81 83
35 34 35 39 58 10 30 34
3 88 3 27 75 88
43 83 43 45 83
60 47 60 47
23 10 23 37 17 20 10
27 54 27 29 48 88 10 17 58 36 50 60 47 75 82 53 84 89 54
51 17 51 17
38 29 38 89 55 67 72 75 82 24 27 29
19 60 19 38 89 55 58 10 30 48 75 82 53 88 50 60
89 80 89 55 67 72 75 82 53 88 50 60 47 80
34 24 34 79 88 50 60 71 82 24
35 24 35 39 58 10 17 20 55 67 82 24
15 45 15 30 29 48 75 88 50 60 71 82 24 27 78 5 6 16 67 72 53 84 89 55 58 12 45
30 45 30 29 48 75 88 10 17 58 12 45
14 67 14 28 37 17 60 24 89 55 67
15 24 15 30 48 75 88 10 24
14 88 14 42 62 72 53 88
4 52 4 49 72 75 88 10 48 52
57 47 57 63 17 20 40 78 5 52 71 82 24 89 55 58 10 48 88 50 60 47
63 17 63 17
23 71 23 67 82 53 88 50 60 71
58 24 58 10 30 48 75 88 50 82 24
21 55 21 26 42 62 72 88 10 17 70 55
85 30 85 88 10 30
11 0 11 88 50 60 71 82 53 84 89 55 58 10 17 70 0
39 60 39 58 77 84 89 55 67 72 75 88 50 60
35 37 35 59 89 55 58 12 37
35 5 35 39 58 77 89 55 67 82 24 27 78 5
28 61 28 64 82 53 88 61
7 47 7 45 50 60 47
16 45 16 35 59 89 55 58 10 17 33 45
88 80 88 10 30 48 75 80
89 29 89 55 58 36 59 12 50 60 47 75 88 10 24 27 29
18 81 18 59 36 81
11 17 11 59 12 37 67 82 24 89 55 58 10 17
9 29 9 24 27 29
33 83 33 51 80 81 83
8 86 8 62 72 75 88 50 82 24 89 54 86
27 12 27 79 84 89 55 58 12
9 80 9 20 55 84 89 80
85 24 85 88 10 17 78 5 75 82 24
22 29 22 43 45 50 82 53 88 10 30 29
51 61 51 59 89 55 58 10 30 29 48 52 71 82 53 88 61
22 81 22 43 44 84 89 80 81
59 55 59 12 44 55
26 81 26 42 51 67 72 53 88 50 82 24 89 54 81
19 55 19 43 45 50 60 47 75 82 24 27 44 55
63 61 63 12 50 82 53 88 61
85 88 85 88
4 86 4 49 72 86
62 10 62 72 88 10
39 79 39 58 12 44 79
6 61 6 0 45 77 48 88 61
15 60 15 30 29 48 88 50 60
20 29 20 40 78 17 33 51 44 84 89 55 58 12 29
28 13 28 77 48 52 71 82 53 84 89 55 67 72 88 50 60 24 27 78 5 6 0 13
3 34 3 30 34
34 84 34 79 84
22 64 22 31 56 64
62 58 62 72 75 82 24 27 44 79 84 89 55 58
4 61 4 70 55 58 12 72 88 61
15 67 15 22 43 52 71 82 24 89 55 67
3 71 3 37 49 72 88 50 60 71
34 73 34 79 84 89 55 67 73
14 84 14 42 51 17 60 24 89 55 67 72 53 88 10 30 44 84
9 52 9 53 84 89 55 67 82 24 27 75 88 10 48 52
51 84 51 44 55 67 82 24 27 75 88 10 48 52 77 84
15 79 15 30 34 59 36 37 77 48 52 71 82 53 84 89 55 67 72 75 88 10 24 27 79
70 61 70 55 58 10 30 29 48 75 88 61
37 50 37 17 20 40 78 5 88 50
72 17 72 53 88 10 17
9 67 9 24 27 44 79 88 50 82 53 84 89 55 67
15 26 15 26
85 80 85 88 50 82 24 89 80
77 12 77 89 55 58 12
19 30 19 56 64 82 24 89 55 67 72 88 10 30
28 24 28 37 49 72 88 50 60 71 82 24
25 80 25 40 78 5 64 84 89 55 58 36 50 60 71 82 53 88 10 17 33 49 72 75 80
21 52 21 42 51 44 55 58 67 72 75 82 24 27 29 48 52
26 79 26 88 50 60 24 71 82 53 84 89 55 58 10 30 44 79
27 29 27 29
40 45 40 78 17 33 45
28 71 28 35 39 58 12 66 78 17 20 10 30 44 79 84 89 55 67 72 53 88 50 60 24 71
3 59 3 64 84 89 55 67 82 53 88 10 30 34 59
35 71 35 39 58 12 50 60 71
72 32 72 88 50 82 53 84 89 55 58 10 17 32
4 54 4 82 54
64 24 64 84 89 55 67 72 53 88 50 60 71 82 24
35 27 35 39 58 36 59 64 84 89 55 67 72 88 50 60 24 27
9 50 9 53 84 89 55 58 10 48 88 50
35 83 35 59 36 81 83
13 81 13 75 80 81
51 75 51 17 70 82 24 27 29 48 52 77 89 55 67 72 75
72 12 72 88 50 60 71 82 24 89 55 58 36 59 12
19 78 19 62 72 53 84 89 55 58 10 24 27 78
13 81 13 84 89 80 81
25 83 25 63 12 84 89 80 81 83
49 80 49 72 88 50 82 53 80
15 48 15 22 31 43 44 79 84 89 55 58 36 50 82 53 88 10 24 27 29 48
6 73 6 12 29 48 52 64 73
59 48 59 17 70 82 24 89 55 67 72 75 88 10 30 29 48
1 20 1 37 51 44 84 89 55 58 67 82 53 88 10 17 20
35 20 35 59 17 70 0 20
38 75 38 89 55 67 72 53 88 50 60 47 75
33 83 33 45 77 48 52 80 81 83
3 58 3 9 20 39 58
2 24 2 56 82 24
2 9 2 9
64 81 64 71 82 24 27 75 80 81
49 89 49 72 75 82 53 84 89
40 47 40 78 5 64 71 82 53 84 89 55 58 10 48 75 88 50 60 47
62 0 62 72 88 10 17 33 78 5 79 84 89 55 58 36 59 12 37 0
89 79 89 55 67 82 24 27 44 79
31 61 31 43 48 75 88 61
64 71 64 71
19 33 19 43 48 88 10 17 33
3 54 3 9 53 88 50 82 54
38 77 38 89 55 58 77
62 48 62 72 53 84 89 55 58 10 48
25 44 25 0 10 30 44
28 79 28 64 71 82 53 84 89 55 67 72 88 50 60 24 27 79
8 52 8 40 78 5 79 84 89 55 67 82 24 27 88 10 30 34 48 52
3 61 3 9 20 88 50 60 71 82 53 84 89 55 58 10 48 52 64 61
38 70 38 89 55 67 72 75 88 50 60 71 82 24 27 78 17 70
18 55 18 20 55
4 12 4 30 48 88 10 24 27 79 84 89 55 58 12
39 72 39 58 36 50 82 53 84 89 55 67 72
63 84 63 52 64 71 82 24 27 29 48 88 10 17 70 55 67 72 53 84
30 71 30 44 79 84 89 55 67 82 53 88 50 60 71
40 44 40 78 17 33 51 44
49 34 49 72 53 84 89 55 58 12 50 60 71 82 24 27 29 48 75 88 10 30 34
14 34 14 25 0 13 28 82 53 84 89 55 58 12 24 27 44 79 88 10 30 34
23 12 23 49 72 53 84 89 55 58 12
72 44 72 88 10 30 44
62 47 62 72 88 50 60 47
58 81 58 67 72 75 88 50 60 24 71 82 54 81
88 75 88 50 82 53 84 89 55 58 67 72 75
19 88 19 82 53 88
63 0 63 52 77 84 89 55 58 67 82 24 27 29 48 88 10 30 0
15 5 15 22 34 48 52 64 82 24 89 55 67 72 88 10 17 78 5
35 84 35 59 12 45 64 82 53 84
38 82 38 89 55 67 82
1 50 1 49 72 88 50
70 73 70 0 45 77 89 55 58 36 59 17 60 71 82 24 73
63 47 63 52 77 48 88 50 60 47
2 5 2 78 5
88 86 88 10 24 27 29 48 75 82 53 84 89 54 86
3 60 3 38 89 55 58 10 48 52 77 75 82 53 88 50 60
72 83 72 75 82 53 84 89 80 81 83
40 32 40 78 17 32
7 36 7 43 52 77 48 75 88 10 17 58 36
42 0 42 51 59 17 70 0
22 30 22 34 79 88 10 30
41 55 41 57 63 17 58 36 59 12 24 89 55
28 0 28 41 63 17 70 0
18 36 18 59 12 24 71 82 53 84 89 55 58 36
15 82 15 30 34 50 60 24 27 88 10 48 75 82
89 81 89 80 81
11 52 11 88 10 48 52
22 58 22 34 53 88 50 82 24 27 79 84 89 55 58
7 44 7 57 45 50 60 47 75 88 10 24 27 78 5 6 0 20 39 58 12 44
13 71 13 84 89 55 67 72 75 88 50 60 24 27 29 48 52 64 71
1 75 1 89 55 58 36 37 67 82 24 27 79 88 50 60 47 75
85 89 85 88 10 24 89
39 79 39 58 10 17 20 48 52 71 82 53 84 89 55 67 72 75 88 50 60 24 27 78 5 6 12 44 79
35 80 35 39 58 12 60 47 80
70 54 70 0 13 26 88 10 48 52 71 82 54
33 53 33 45 77 84 89 55 67 72 53
49 58 49 72 88 50 60 24 27 75 82 53 84 89 55 58
2 36 2 33 51 67 72 88 10 30 0 13 45 50 82 53 84 89 55 58 36
23 81 23 49 72 88 50 82 53 80 81
63 79 63 17 33 62 72 53 84 89 55 67 82 24 27 44 79
33 61 33 61
23 66 23 66
60 80 60 24 71 82 53 84 89 80
19 80 19 38 89 55 67 82 24 27 79 88 50 60 47 80
18 59 18 22 34 59
3 53 3 30 0 89 55 58 36 37 67 72 75 82 53
6 44 6 0 27 29 48 88 10 30 44
7 44 7 45 50 60 47 75 88 10 17 20 48 52 77 84 89 55 58 12 44
28 79 28 82 24 27 79
25 17 25 63 17
64 55 64 84 89 55
77 52 77 48 52
40 73 40 78 5 79 84 89 55 58 12 60 24 73
62 32 62 72 88 50 82 24 89 55 58 10 17 32
39 6 39 58 36 59 64 71 82 24 27 78 5 6
33 52 33 24 89 55 58 12 60 47 75 88 10 30 0 20 48 52
51 44 51 67 82 53 88 10 24 27 44
25 50 25 63 12 84 89 55 58 10 17 78 5 64 71 82 53 88 50
8 52 8 41 57 72 75 88 10 48 52
59 17 59 17
2 44 2 9 62 72 53 88 10 30 44
16 55 16 84 89 55
78 55 78 17 20 56 64 71 82 24 89 55
11 88 11 59 12 75 82 24 27 88
22 78 22 34 79 84 89 55 67 72 53 88 50 82 24 27 78
1 5 1 78 5
27 61 27 55 67 82 53 88 61
78 55 78 5 52 77 84 89 55
2 89 2 9 24 89
7 45 7 57 45
77 83 77 48 52 80 81 83
1 44 1 49 72 88 10 30 44
19 44 19 62 72 75 82 53 84 89 55 58 36 37 59 12 44
42 44 42 51 59 12 44
22 17 22 43 48 75 88 10 17
18 77 18 22 43 45 77
58 48 58 77 89 55 67 72 53 88 10 48
22 75 22 31 43 52 64 82 53 84 89 55 67 72 75
56 83 56 64 71 82 54 81 83
21 20 21 58 12 50 82 24 27 78 5 6 16 35 59 89 55 67 72 53 88 10 30 0 20
82 10 82 53 88 10
7 79 7 14 28 77 75 82 24 89 55 58 67 72 88 10 30 44 79
30 24 30 34 53 84 89 55 67 82 24
14 41 14 28 41
35 24 35 59 12 72 88 50 60 24
21 20 21 26 0 13 20
78 12 78 5 52 71 82 53 88 50 60 24 89 55 58 12
42 77 42 62 72 75 88 10 48 52 77
19 79 19 56 64 84 89 55 58 67 72 88 10 30 44 79
6 66 6 12 66
42 36 42 62 72 75 88 10 24 89 55 58 36
49 20 49 72 88 50 60 47 75 82 53 84 89 55 58 10 17 20
25 61 25 52 64 61
19 77 19 56 64 71 82 24 89 55 58 77
77 55 77 48 52 64 84 89 55
62 30 62 72 88 10 30
19 80 19 56 64 71 82 24 89 80
21 82 21 26 28 82
33 17 33 51 17
35 27 35 39 58 36 59 64 84 89 55 67 82 53 88 50 60 24 27
78 83 78 17 20 81 83
63 55 63 52 77 89 55
42 88 42 51 44 79 88
38 36 38 89 55 58 36
40 13 40 78 5 75 88 10 30 0 13
13 80 13 29 48 52 64 71 82 53 88 10 30 0 27 55 84 89 80
41 84 41 50 82 53 84
56 67 56 82 24 89 55 58 67
43 47 43 52 71 82 24 27 55 67 72 88 50 60 47
31 88 31 56 82 24 27 79 88
57 80 57 50 82 53 88 10 17 58 77 48 75 80
43 50 43 52 71 82 53 88 50
82 29 82 53 84 89 55 67 72 88 50 60 24 27 29
1 82 1 13 26 28 82
3 34 3 30 34
56 84 56 82 53 84
85 24 85 88 10 17 58 36 59 12 66 77 48 52 64 84 89 55 67 72 75 82 24
82 24 82 24
33 32 33 78 17 32
6 86 6 86
11 5 11 59 36 37 52 77 84 89 55 58 12 66 78 5
85 55 85 88 50 82 53 84 89 55
31 86 31 43 52 77 84 89 54 86
49 17 49 72 75 82 53 84 89 55 58 77 48 88 10 17
8 78 8 62 72 53 88 10 30 0 27 78
3 54 3 82 54
35 84 35 39 58 12 60 71 82 53 84
8 0 8 41 63 52 77 48 88 10 30 0
1 34 1 13 84 89 55 58 36 50 60 24 27 29 48 88 10 30 34
85 54 85 88 10 30 34 53 84 89 54
37 79 37 49 72 53 88 10 17 78 5 79
20 48 20 48
43 67 43 44 79 84 89 55 67
85 10 85 88 10
20 24 20 48 52 77 89 55 67 72 75 88 10 24
21 59 21 26 28 82 24 89 55 58 36 37 59
37 5 37 17 78 5
28 36 28 64 71 82 53 84 89 55 58 36
3 72 3 30 48 75 82 24 89 55 67 72
21 75 21 42 62 72 53 84 89 55 58 36 59 12 37 17 33 45 64 71 82 24 27 44 79 88 10 48 75
1 47 1 13 60 47
40 54 40 78 17 70 0 20 10 30 29 48 75 88 50 60 71 82 53 84 89 54
30 61 30 44 55 67 82 53 88 61
22 48 22 43 48
41 5 41 57 50 60 47 75 82 24 27 78 5
62 75 62 72 53 84 89 55 58 10 24 27 88 50 60 47 75
13 0 13 26 0
8 72 8 28 64 84 89 55 67 72
6 52 6 77 48 52
33 17 33 24 27 75 82 53 88 10 17
88 75 88 50 82 24 89 55 58 36 37 59 17 33 45 77 75
6 71 6 37 52 71
3 27 3 37 17 33 24 27
18 59 18 22 34 59
28 0 28 41 57 52 71 82 53 88 50 60 24 27 44 79 84 89 55 58 36 37 0
2 12 2 56 82 24 27 79 84 89 55 58 12
58 24 58 10 30 29 48 52 64 82 53 88 50 60 24
59 61 59 64 71 82 24 27 79 84 89 55 58 36 37 52 77 48 75 88 61
16 36 16 35 39 58 36
19 78 19 62 72 75 82 24 27 78
77 44 77 89 55 58 10 48 52 71 82 24 27 44
7 32 7 43 52 71 82 24 27 55 58 36 37 17 32
22 59 22 43 45 50 82 24 89 55 67 72 88 10 30 34 59
38 27 38 89 55 58 12 45 77 48 88 50 82 24 27
49 75 49 72 75
89 12 89 55 58 12
62 47 62 72 75 82 53 88 50 60 47
62 30 62 72 75 88 10 30
26 84 26 17 60 71 82 24 89 55 84
1 25 1 7 14 25
20 52 20 10 48 52
70 45 70 0 45
8 5 8 28 41 10 17 33 78 5
85 5 85 88 50 82 53 84 89 55 58 36 59 17 78 5
7 86 7 89 55 58 12 45 64 86
40 61 40 78 5 75 82 53 88 61
85 73 85 88 50 82 24 73
89 44 89 55 67 82 24 27 44
7 47 7 62 72 53 88 50 60 47
27 71 27 55 58 10 30 29 48 75 88 50 60 24 71
1 64 1 78 5 64
2 53 2 56 64 71 82 53
6 66 6 77 48 88 10 30 0 89 55 58 12 66
4 34 4 49 72 75 88 10 30 34
38 77 38 89 55 58 77
63 55 63 12 66 78 5 75 82 53 84 89 55
26 36 26 42 62 72 75 82 24 27 55 58 36
26 80 26 88 10 30 48 52 71 82 53 84 89 55 58 77 75 80
21 13 21 26 0 13
7 12 7 57 72 88 10 30 34 59 17 58 12
2 81 2 9 20 48 75 82 54 81
37 44 37 59 17 58 77 84 89 55 67 72 75 88 10 48 52 71 82 24 27 44
49 45 49 72 88 10 17 33 45
4 58 4 70 55 58
43 5 43 48 52 64 84 89 55 58 36 37 59 17 78 5
22 86 22 31 56 64 71 82 54 86
88 44 88 10 30 44
62 55 62 72 53 88 10 24 89 55
11 45 11 59 12 75 88 50 60 24 27 44 55 58 10 30 0 45
22 16 22 43 45 77 89 55 58 36 50 82 24 27 29 48 88 10 17 33 78 5 6 16
42 55 42 62 72 75 82 53 84 89 55
70 83 70 81 83
28 33 28 77 84 89 55 58 12 50 60 71 82 24 27 79 88 10 17 33
34 32 34 53 88 10 17 32
56 10 56 82 24 27 29 48 52 64 84 89 55 58 10
28 16 28 35 59 36 37 77 48 52 64 71 82 53 84 89 55 58 67 72 75 88 10 17 33 78 5 6 16
25 24 25 79 88 50 60 24
28 58 28 64 71 82 24 89 55 58
19 82 19 43 45 77 89 55 58 12 60 24 71 82
49 88 49 72 88
28 83 28 82 54 81 83
22 45 22 31 56 64 84 89 55 67 72 88 10 17 70 0 13 45
25 32 25 52 77 48 88 10 17 32
34 81 34 48 88 50 82 24 27 78 81
4 84 4 70 55 84
39 78 39 58 36 59 64 84 89 55 67 82 53 88 10 24 27 78
51 67 51 67
56 24 56 82 53 88 50 60 24
35 67 35 39 58 36 50 60 71 82 53 88 10 17 70 0 13 20 55 67
62 81 62 72 75 80 81
21 75 21 58 12 75
33 66 33 24 27 55 58 12 66
43 50 43 44 79 88 50
58 50 58 10 24 71 82 53 88 50
63 75 63 52 71 82 24 89 55 67 72 75
72 80 72 88 50 60 24 71 82 53 80
14 0 14 28 64 84 89 55 67 72 53 88 10 48 52 71 82 24 27 78 17 70 0
21 17 21 58 12 45 77 89 55 67 72 75 82 24 27 78 17
20 73 20 73
11 78 11 88 10 30 48 52 64 84 89 55 67 72 75 82 24 27 78
21 0 21 26 0
37 55 37 49 72 88 10 48 75 82 53 84 89 55
16 67 16 29 48 52 77 89 55 58 67
21 20 21 42 51 17 70 0 20
49 0 49 72 88 10 30 44 79 84 89 55 58 12 60 71 82 24 27 78 17 70 0
2 6 2 9 75 88 10 17 78 5 6
64 53 64 71 82 53
8 59 8 40 78 17 20 48 52 71 82 53 88 10 24 89 55 58 36 59
8 50 8 28 77 89 55 67 82 24 27 75 88 50
35 60 35 39 58 36 59 12 60
23 0 23 37 0
37 61 37 59 64 61
9 32 9 62 72 75 82 24 27 78 17 32
14 24 14 34 79 88 50 82 24
62 20 62 72 53 84 89 55 58 12 50 82 24 27 88 10 30 0 20
19 64 19 43 48 52 64
26 36 26 28 41 70 55 58 36
28 61 28 77 84 89 55 67 82 53 88 61
18 54 18 22 43 44 84 89 54
15 10 15 26 88 10
70 50 70 0 45 77 48 52 71 82 53 84 89 55 58 36 50
35 54 35 59 36 37 52 64 82 54
82 71 82 24 71
43 12 43 45 50 60 71 82 24 89 55 58 12
38 83 38 89 54 81 83
41 10 41 10
72 83 72 81 83
9 50 9 71 82 24 27 88 50
62 73 62 72 53 88 10 30 0 89 55 67 82 24 73
18 44 18 59 64 84 89 55 67 82 24 27 44
40 29 40 78 5 88 50 82 24 27 29
31 83 31 43 45 50 60 71 82 24 27 79 88 10 30 44 84 89 54 81 83
14 33 14 28 41 49 72 88 10 17 33
11 13 11 59 36 37 48 52 71 82 53 84 89 55 58 77 75 88 10 24 27 78 5 6 0 13
21 84 21 58 10 48 88 50 82 24 89 55 84
78 44 78 5 79 84 89 55 67 72 75 82 24 27 44
56 24 56 64 84 89 55 67 82 24
82 50 82 53 84 89 55 58 36 50
82 12 82 53 84 89 55 58 12
26 84 26 88 10 30 34 79 84
88 52 88 50 60 71 82 53 84 89 55 58 36 37 52
3 73 3 9 53 84 89 55 67 73
40 5 40 78 5
14 75 14 42 62 72 75
35 77 35 59 17 60 47 75 88 50 82 53 84 89 55 58 77
35 5 35 39 58 36 37 17 78 5
3 58 3 9 20 48 88 50 60 71 82 53 84 89 55 58
26 54 26 0 89 54
37 45 37 51 17 33 45
13 50 13 26 17 70 82 53 84 89 55 58 36 37 48 75 88 50
15 83 15 22 43 44 79 84 89 55 67 72 75 80 81 83
42 54 42 51 67 72 88 10 30 48 52 71 82 53 84 89 54
25 61 25 85 88 61
19 48 19 43 48
39 60 39 58 10 48 52 64 71 82 24 89 55 67 72 75 88 50 60
9 71 9 75 88 10 24 71
60 36 60 71 82 53 88 10 48 52 77 89 55 58 36
25 81 25 35 59 89 80 81
3 17 3 82 24 27 78 17
21 0 21 26 0
21 82 21 26 17 78 5 64 84 89 55 58 77 75 82
15 6 15 30 34 79 84 89 55 67 72 88 10 24 27 78 5 6
18 83 18 59 17 58 10 48 88 50 60 71 82 53 84 89 54 81 83
34 83 34 53 84 89 80 81 83
19 77 19 43 52 77
1 51 1 2 33 51
59 79 59 89 55 58 10 17 70 0 27 79
88 53 88 10 24 71 82 53
77 0 77 48 52 64 84 89 55 58 12 45 50 82 53 88 10 17 70 0
28 67 28 77 48 52 64 82 24 27 55 58 67
28 78 28 77 75 82 24 27 78
31 5 31 43 48 52 71 82 24 27 78 5
41 81 41 63 12 24 71 82 54 81
21 54 21 42 51 17 60 47 75 82 54
8 44 8 62 72 75 88 50 60 24 27 44
33 67 33 49 72 53 84 89 55 67
9 12 9 62 72 53 88 50 82 24 27 55 58 12
31 61 31 43 45 50 60 71 82 53 88 10 17 70 55 58 36 37 51 61
21 58 21 58
23 45 23 37 72 53 84 89 55 58 12 50 82 24 27 88 10 30 0 13 45
30 44 30 44
19 10 19 56 82 24 27 75 88 10
62 82 62 72 88 50 82
8 54 8 41 10 24 89 54
41 67 41 49 72 75 88 10 17 20 40 78 5 64 84 89 55 58 67
15 5 15 26 28 35 59 12 66 78 5
56 52 56 64 71 82 53 84 89 55 67 72 75 88 10 30 34 59 17 20 48 52
40 53 40 78 5 64 82 53
37 73 37 67 72 53 84 89 55 58 12 73
58 75 58 67 72 88 50 60 71 82 24 27 75
51 10 51 59 64 82 53 88 10
34 55 34 53 88 10 48 75 82 24 27 55
78 55 78 5 6 16 29 48 52 77 84 89 55
56 89 56 64 71 82 53 84 89
3 50 3 64 84 89 55 67 72 88 50
42 60 42 51 59 36 37 0 20 10 48 75 82 53 88 50 60
49 81 49 72 81
51 29 51 17 33 24 27 29
43 54 43 48 52 77 84 89 54
27 47 27 44 84 89 55 67 72 75 82 53 88 50 60 47
78 61 78 17 58 10 48 75 82 53 88 61
3 53 3 64 84 89 55 67 72 88 50 82 53
6 53 6 12 66 78 17 70 0 13 60 71 82 53
28 26 28 35 59 12 29 48 88 10 17 70 0 13 26
21 60 21 58 12 72 53 88 10 17 60
26 80 26 17 58 77 89 80
3 71 3 64 71
4 71 4 30 0 13 29 48 75 82 24 71
11 47 11 88 50 60 47
4 54 4 70 55 58 77 75 88 10 48 52 64 71 82 54
9 17 9 71 82 24 89 55 67 72 88 10 17
8 80 8 28 41 80
18 45 18 22 43 45
2 13 2 33 51 59 17 20 39 58 36 50 60 24 27 79 84 89 55 67 72 75 82 53 88 10 30 0 13
39 88 39 58 12 60 47 75 88
20 83 20 48 52 64 71 82 53 84 89 55 58 77 75 80 81 83
11 80 11 59 89 80
30 73 30 29 48 88 10 24 73
15 30 15 30
85 32 85 88 10 17 32
63 53 63 52 71 82 53
28 52 28 37 52
9 50 9 20 10 17 33 51 44 79 84 89 55 67 82 53 88 50
27 86 27 55 84 89 54 86
6 75 6 71 82 53 84 89 55 58 77 48 75
70 47 70 55 58 67 82 24 27 88 50 60 47
18 16 18 20 40 78 5 6 16
77 45 77 48 52 71 82 53 84 89 55 67 72 88 10 17 33 45
49 83 49 72 81 83
28 75 28 64 84 89 55 67 82 53 88 50 60 47 75
62 70 62 72 88 50 60 24 71 82 53 84 89 55 58 10 17 70
18 50 18 59 89 55 58 10 17 33 62 72 75 82 24 27 88 50
14 61 14 28 82 53 84 89 55 67 72 75 88 61
1 70 1 37 0 89 55 58 36 59 17 70
16 17 16 35 39 58 10 17
40 13 40 78 5 52 64 84 89 55 58 12 60 47 75 82 24 27 29 48 88 10 17 70 0 13
43 45 43 45
11 59 11 88 10 17 20 39 58 36 59
49 52 49 72 88 50 82 53 84 89 55 58 36 37 52
18 29 18 22 34 53 88 50 82 24 27 29
78 71 78 17 58 77 75 82 24 71
62 36 62 72 88 10 24 27 29 48 75 82 53 84 89 55 58 36
62 77 62 72 53 84 89 55 67 82 24 27 29 48 52 77
38 6 38 89 55 67 72 75 88 10 17 20 40 78 5 6
18 54 18 22 31 43 48 52 64 82 24 89 54
25 44 25 79 84 89 55 58 10 48 75 88 50 82 24 27 44
33 44 33 51 44
63 71 63 17 33 24 71
77 61 77 84 89 55 67 82 53 88 10 48 52 64 61
51 36 51 44 84 89 55 58 36
23 86 23 37 52 77 75 88 50 82 24 89 54 86
31 20 31 56 82 24 89 55 58 10 17 20
58 29 58 77 89 55 67 82 24 27 29
23 71 23 67 82 53 88 50 60 71
14 0 14 25 52 71 82 53 88 10 30 0
82 55 82 53 84 89 55
88 29 88 50 60 47 75 82 24 27 79 84 89 55 58 12 29
13 86 13 45 77 89 54 86
9 50 9 62 72 88 50
62 72 62 72
2 47 2 56 64 84 89 55 58 10 48 52 71 82 24 27 44 79 88 50 60 47
28 61 28 35 39 58 36 59 17 78 5 64 84 89 55 67 82 53 88 61
33 54 33 78 17 58 12 50 82 24 89 54
37 83 37 67 82 24 27 88 50 60 47 75 80 81 83
63 67 63 12 66 78 17 70 0 20 56 64 84 89 55 58 67
15 84 15 30 0 89 55 58 77 48 88 10 24 27 44 84
62 20 62 72 53 88 10 17 20
49 27 49 72 75 88 10 48 52 77 84 89 55 58 12 45 50 82 24 27
15 59 15 30 48 52 71 82 24 89 55 67 72 88 10 17 58 12 37 59
21 48 21 26 17 20 48
13 84 13 28 77 75 88 10 30 29 48 52 64 84
4 78 4 23 67 72 88 50 82 53 84 89 55 58 12 66 78
38 34 38 89 55 67 82 53 88 10 30 34
70 29 70 0 13 29
23 83 23 66 77 89 54 81 83
3 30 3 30
51 32 51 44 79 84 89 55 67 82 53 88 10 17 32
85 36 85 88 10 24 71 82 53 84 89 55 58 36
23 66 23 66
58 47 58 77 48 88 50 60 47
22 70 22 43 45 77 48 75 88 10 17 70
41 32 41 63 17 32
39 75 39 58 36 37 17 70 0 27 78 5 64 71 82 24 89 55 67 72 88 10 30 29 48 52 77 75
49 53 49 72 53
30 79 30 34 79
60 0 60 71 82 24 27 88 10 30 0
38 37 38 89 55 58 36 37
41 84 41 63 12 72 53 84
42 37 42 51 59 36 37
18 26 18 22 31 56 82 53 84 89 55 58 67 72 88 10 30 0 13 26
26 86 26 17 60 71 82 24 89 54 86
11 37 11 88 10 30 0 13 20 40 78 17 58 36 37
35 70 35 39 58 36 59 17 70
8 77 8 28 77
2 79 2 33 78 5 64 82 24 27 79
26 36 26 17 78 5 6 71 82 53 84 89 55 58 36
1 75 1 7 14 59 64 82 24 27 78 5 75
20 73 20 73
8 71 8 9 71
16 5 16 84 89 55 58 36 59 17 70 0 10 30 44 79 88 50 82 24 27 78 5
26 45 26 28 41 70 0 45
37 36 37 59 36
22 33 22 43 45 77 84 89 55 58 36 50 82 53 88 10 17 33
58 47 58 12 60 47
39 10 39 58 36 50 60 47 75 82 53 88 10
4 89 4 23 66 78 17 60 47 75 88 50 82 53 84 89
56 30 56 82 53 88 10 30
31 78 31 56 82 24 27 78
35 80 35 39 58 77 89 80
9 61 9 53 88 61
21 30 21 26 28 64 71 82 24 89 55 58 10 30
40 82 40 78 5 75 88 10 48 52 71 82
34 55 34 53 84 89 55
38 84 38 89 55 58 67 82 53 88 10 24 27 79 84
11 6 11 59 12 84 89 55 58 36 50 60 71 82 53 88 10 17 78 5 6
51 12 51 67 72 88 50 82 24 27 44 79 84 89 55 58 12
42 24 42 51 44 84 89 55 58 10 24
14 25 14 25
14 58 14 25 82 53 88 10 24 89 55 58
42 20 42 62 72 88 10 24 27 78 17 20
43 79 43 52 64 84 89 55 58 36 59 17 78 5 72 53 88 10 30 44 79
42 88 42 62 72 88
23 50 23 66 78 5 72 75 82 53 88 50
64 81 64 84 89 55 67 72 53 80 81
78 48 78 5 75 88 10 17 70 82 24 27 79 84 89 55 58 77 48
39 32 39 58 10 17 32
64 61 64 61
37 24 37 67 82 24
4 73 4 82 24 73
85 80 85 88 50 60 47 80
49 45 49 72 88 10 48 52 71 82 53 84 89 55 58 12 45
62 45 62 72 53 84 89 55 67 82 24 27 44 79 88 10 30 0 45
31 17 31 43 45 50 60 47 75 82 53 88 10 17
14 52 14 25 52
57 67 57 52 77 75 82 24 89 55 58 67
78 0 78 17 70 0
39 0 39 58 67 72 88 10 17 70 0
1 81 1 39 58 77 89 80 81
3 32 3 37 17 32
85 30 85 88 10 30
58 10 58 36 50 60 71 82 24 89 55 67 72 75 88 10
3 82 3 30 48 52 77 89 55 58 67 72 75 88 10 24 71 82
14 84 14 28 41 50 82 53 84
38 29 38 89 55 58 10 30 29
57 52 57 50 60 24 27 79 88 10 48 52
85 73 85 88 50 60 71 82 24 73
72 24 72 53 84 89 55 58 36 50 60 47 75 82 24
13 44 13 84 89 55 58 36 59 17 20 56 82 53 88 10 30 44
4 33 4 49 72 88 10 17 33
19 10 19 56 82 53 88 10
2 53 2 56 82 53
31 36 31 43 52 71 82 24 89 55 58 36
6 45 6 0 45
3 6 3 38 89 55 67 72 88 50 60 71 82 24 27 78 5 6
28 24 28 77 75 82 53 84 89 55 67 72 88 50 60 24
60 80 60 71 82 53 84 89 80
2 70 2 78 17 70
9 86 9 24 71 82 54 86
11 33 11 59 17 33
72 52 72 53 84 89 55 58 10 48 52
28 77 28 35 59 36 37 51 44 79 88 10 48 52 77
4 84 4 30 34 59 64 71 82 24 89 55 67 72 53 84
1 81 1 13 26 42 51 59 36 81
23 47 23 66 78 17 60 47
25 86 25 63 52 71 82 53 84 89 54 86
22 44 22 31 43 45 64 84 89 55 58 67 72 88 10 30 44
8 61 8 9 24 27 88 61
18 89 18 22 43 45 64 82 53 84 89
60 71 60 71
35 55 35 59 36 50 82 53 84 89 55
85 81 85 88 10 17 20 81
89 29 89 55 58 67 72 88 10 48 75 82 24 27 29
49 27 49 72 75 88 10 30 44 79 84 89 55 67 82 24 27
49 51 49 72 75 88 10 30 0 45 77 48 52 64 71 82 53 84 89 55 58 12 37 51
35 17 35 59 36 50 82 24 27 55 58 12 45 77 75 88 10 17
37 48 37 51 17 58 10 48
56 73 56 64 82 53 84 89 55 67 72 88 10 30 34 73
51 79 51 44 79
62 53 62 72 88 50 82 53
30 48 30 29 48
35 37 35 59 36 37
39 58 39 58
41 75 41 63 52 64 71 82 53 88 10 24 27 79 84 89 55 67 72 75
41 67 41 57 72 75 88 50 82 53 84 89 55 67
23 73 23 49 72 75 88 10 30 44 84 89 55 67 73
89 47 89 55 58 10 17 60 47
8 70 8 41 70
22 30 22 43 52 77 48 88 10 30
14 78 14 25 85 88 50 82 24 27 78
2 64 2 56 64
57 36 57 50 82 24 27 78 17 58 36
31 12 31 56 64 71 82 24 89 55 58 12
2 81 2 9 75 80 81
9 48 9 24 89 55 58 10 48
18 47 18 22 43 52 71 82 53 84 89 55 58 10 48 88 50 60 47
42 27 42 51 17 70 0 13 26 88 10 24 27
20 50 20 10 24 89 55 67 82 53 88 50
33 36 33 24 89 55 58 36
85 60 85 88 50 60
82 71 82 24 71
14 20 14 59 17 20
72 52 72 75 82 53 84 89 55 58 77 48 52
14 86 14 42 51 86
37 5 37 48 52 71 82 53 88 50 60 24 27 55 58 36 59 17 78 5
21 29 21 26 28 37 49 72 75 88 10 30 29
43 53 43 45 64 82 24 89 55 67 72 53
18 79 18 22 31 43 44 79
70 10 70 0 13 45 50 60 47 75 88 10
49 61 49 72 88 61
88 79 88 50 82 24 27 79
2 23 2 23
8 13 8 62 72 75 88 10 17 70 0 13
3 70 3 82 53 84 89 55 67 72 88 50 60 24 27 78 17 70
14 12 14 28 77 84 89 55 58 12
64 17 64 71 82 53 84 89 55 67 72 88 10 17
34 84 34 50 60 24 89 55 58 36 37 52 64 84
2 89 2 9 71 82 53 84 89
51 48 51 59 36 50 60 71 82 24 27 29 48
4 86 4 30 29 48 75 82 54 86
11 12 11 59 12
11 34 11 59 89 55 58 10 30 34
8 17 8 62 72 75 88 10 17
60 66 60 47 75 88 10 17 33 45 64 84 89 55 58 36 59 12 66
56 88 56 64 82 53 88
58 5 58 36 37 48 88 10 24 27 78 5
58 73 58 10 24 73
85 82 85 88 10 17 60 24 27 78 5 72 75 82
40 32 40 78 17 70 32
85 51 85 88 10 24 27 79 84 89 55 58 36 59 17 33 51
23 71 23 37 51 17 20 40 78 5 64 71
26 0 26 0
42 61 42 62 72 88 61
6 83 6 31 56 64 84 89 54 81 83
78 44 78 5 52 64 82 53 84 89 55 67 72 88 10 17 60 24 27 44
2 71 2 23 49 72 88 10 30 48 75 82 24 71
19 89 19 62 72 88 10 48 75 82 53 84 89
28 82 28 77 48 52 64 84 89 55 67 72 53 88 50 60 24 71 82
82 45 82 24 89 55 58 12 45
7 73 7 43 48 52 64 73
18 73 18 59 64 73
40 45 40 78 5 75 82 24 27 79 84 89 55 58 67 72 53 88 10 17 70 0 45
19 36 19 62 72 53 88 10 17 20 39 58 36
11 70 11 88 10 17 70
19 5 19 38 89 55 67 72 88 10 30 0 27 78 5
31 73 31 56 64 73
21 5 21 58 36 37 17 78 5
15 61 15 26 42 62 72 88 61
15 26 15 26
8 57 8 41 57
59 44 59 89 55 58 12 45 64 71 82 24 27 44
72 73 72 75 88 50 82 24 73
72 12 72 53 88 10 17 78 5 89 55 58 12
58 0 58 77 84 89 55 67 72 75 82 53 88 10 30 0
7 54 7 14 34 79 84 89 54
21 63 21 26 28 41 57 63
31 72 31 43 48 75 82 53 84 89 55 58 67 72
25 55 25 85 88 50 82 53 84 89 55
28 54 28 41 63 17 70 0 27 75 82 54
4 13 4 30 29 48 52 77 75 82 53 84 89 55 67 72 88 50 60 24 27 78 17 70 0 13
85 81 85 88 50 82 54 81
63 81 63 12 60 24 27 55 58 10 48 88 50 82 53 80 81
11 0 11 88 10 30 0
22 45 22 43 45
63 50 63 17 70 82 24 89 55 67 72 88 50
59 52 59 36 37 48 52
31 81 31 56 64 82 24 27 55 58 67 72 81
13 71 13 28 77 75 88 10 30 34 50 60 71
85 29 85 88 10 30 29
22 83 22 34 53 88 10 30 48 52 71 82 54 81 83
35 54 35 59 36 37 77 48 52 71 82 24 27 44 55 58 10 17 20 56 64 84 89 54
59 71 59 17 78 5 64 84 89 55 67 82 24 27 44 79 88 50 60 71
39 17 39 58 36 37 59 64 82 53 88 10 17
8 73 8 41 70 82 24 73
2 79 2 78 5 72 53 88 10 24 27 79
56 52 56 64 84 89 55 58 36 50 60 24 27 78 17 33 49 72 53 88 10 48 52
43 55 43 44 84 89 55
21 89 21 26 88 10 48 75 82 53 84 89
89 83 89 80 81 83
78 0 78 5 64 71 82 24 89 55 67 72 53 88 10 17 70 0
13 47 13 26 17 33 24 71 82 53 84 89 55 58 10 30 44 79 88 50 60 47
49 51 49 72 75 88 50 60 71 82 24 27 79 84 89 55 58 12 66 78 17 33 51
72 71 72 75 82 53 88 10 17 70 0 45 77 48 52 71
64 83 64 82 54 81 83
85 71 85 88 50 60 24 71
1 51 1 13 84 89 55 58 36 37 51
62 59 62 72 75 88 50 82 53 84 89 55 58 12 37 59
85 79 85 88 10 48 52 64 71 82 24 27 44 79
35 24 35 39 58 10 48 88 50 82 24
56 75 56 82 53 88 50 60 24 89 55 67 72 75
43 54 43 48 75 88 10 24 27 55 84 89 54
56 20 56 82 53 88 10 17 70 0 13 20
41 86 41 63 17 70 55 67 82 54 86
33 24 33 78 17 58 77 89 55 67 72 53 88 10 48 75 82 24
63 55 63 12 45 64 71 82 24 89 55
11 33 11 88 10 17 33
28 5 28 41 63 17 78 5
35 86 35 59 36 50 60 71 82 53 88 10 17 70 55 84 89 54 86
40 16 40 78 5 6 16
77 79 77 75 88 10 17 60 24 27 79
56 12 56 64 82 53 88 10 17 60 24 27 79 84 89 55 58 36 59 12
20 61 20 48 52 71 82 24 89 55 58 10 17 33 61
27 54 27 88 50 60 24 89 54
63 84 63 12 75 88 50 82 53 84
2 88 2 9 62 72 75 82 53 88
56 29 56 64 71 82 24 27 78 5 79 84 89 55 67 72 75 88 10 30 29
27 71 27 78 5 88 50 82 53 84 89 55 58 36 59 64 71
40 33 40 78 17 33
20 48 20 48
82 53 82 53
37 73 37 67 82 24 73
16 75 16 29 48 88 50 60 71 82 53 84 89 55 58 67 72 75
35 5 35 59 17 78 5
28 61 28 41 63 52 64 71 82 24 27 75 88 61
30 67 30 0 45 50 60 47 75 88 10 17 58 77 89 55 67
22 0 22 31 43 52 77 75 88 10 30 0
9 29 9 62 72 88 10 48 75 82 24 89 55 58 12 29
78 0 78 5 64 71 82 24 27 44 84 89 55 58 36 50 60 47 75 88 10 17 70 0
37 45 37 0 45
62 88 62 72 88
22 48 22 31 43 48
89 12 89 55 58 12
3 84 3 38 89 55 84
7 53 7 43 44 55 67 82 53
19 48 19 62 72 88 10 30 29 48
42 27 42 51 17 20 40 78 5 79 88 10 24 27
77 71 77 75 88 50 82 24 27 78 5 52 71
9 29 9 53 88 50 60 47 75 82 24 27 29
49 81 49 72 53 88 10 48 75 80 81
62 37 62 72 75 88 50 82 53 84 89 55 58 36 37
6 0 6 0
18 34 18 22 34
14 27 14 59 12 44 79 84 89 55 67 72 53 88 50 60 71 82 24 27
57 84 57 78 5 75 82 53 84
20 29 20 40 78 17 70 0 89 55 58 67 82 24 27 79 88 10 30 29
51 79 51 44 84 89 55 58 77 48 52 71 82 24 27 79
38 78 38 89 55 67 72 53 88 10 17 78
21 73 21 26 88 50 60 71 82 24 73
2 80 2 23 80
42 70 42 51 17 70
13 53 13 20 88 50 60 71 82 53
78 80 78 5 64 84 89 80
70 50 70 55 67 72 88 50
42 47 42 51 17 60 47
23 79 23 66 78 5 6 0 13 75 88 50 60 71 82 24 27 79
38 17 38 89 55 58 36 59 17
72 54 72 88 10 30 44 84 89 54
38 44 38 89 55 58 67 82 24 27 44
11 52 11 59 17 60 47 75 82 24 89 55 67 72 53 88 10 48 52
85 64 85 88 10 48 52 64
22 73 22 43 73
15 36 15 26 88 10 24 27 75 82 53 84 89 55 58 36
85 10 85 88 50 60 24 27 55 58 10
56 59 56 64 82 53 84 89 55 58 36 37 59
56 52 56 64 71 82 53 84 89 55 67 72 75 88 10 48 52
4 84 4 82 53 84
4 66 4 49 72 75 82 53 84 89 55 58 12 66
51 83 51 44 55 84 89 54 81 83
20 61 20 40 78 5 88 61
35 59 35 59
4 58 4 70 82 24 27 55 58
30 79 30 44 55 58 12 66 77 75 88 10 48 52 64 71 82 24 27 79
20 54 20 40 78 5 72 75 82 24 27 79 84 89 54
38 79 38 89 55 58 12 66 77 75 88 50 60 71 82 24 27 44 79
9 75 9 75
42 67 42 62 72 75 88 10 48 52 64 71 82 24 27 78 5 89 55 58 67
27 10 27 29 48 75 88 10
15 43 15 22 31 43
9 29 9 75 88 10 24 27 29
40 82 40 78 5 52 64 84 89 55 67 82
21 44 21 26 88 10 24 89 55 58 12 44
15 36 15 30 44 84 89 55 58 36
41 10 41 10
28 75 28 41 63 52 64 71 82 53 84 89 55 67 72 88 50 60 47 75
18 6 18 22 43 45 50 82 24 27 78 5 6
40 32 40 78 17 70 32
35 75 35 39 58 67 72 75
19 89 19 56 64 82 24 89
56 44 56 64 82 24 27 44
85 17 85 88 10 17
82 24 82 24
31 5 31 56 64 84 89 55 67 72 88 10 17 78 5
58 80 58 36 50 82 53 84 89 80
30 52 30 48 52
3 53 3 64 82 53
21 17 21 42 51 17
41 24 41 49 72 75 82 53 88 10 24
22 45 22 43 45
40 60 40 78 5 72 75 88 50 60
56 64 56 64
88 17 88 10 17
60 12 60 71 82 24 27 75 88 10 30 44 84 89 55 58 12
59 12 59 36 50 82 24 89 55 58 12
59 24 59 17 60 71 82 24
40 24 40 78 17 58 36 50 82 24
19 55 19 56 64 82 24 89 55
25 54 25 63 52 64 82 54
22 50 22 43 45 50
82 81 82 24 89 80 81
40 88 40 78 17 58 77 75 88
1 58 1 39 58
7 86 7 64 84 89 54 86
41 54 41 63 12 24 27 75 88 10 17 60 71 82 53 84 89 54
39 81 39 58 10 48 52 77 75 88 50 60 71 82 53 84 89 55 67 72 81
4 72 4 23 49 72
20 32 20 40 78 17 32
18 30 18 59 12 84 89 55 58 10 30
16 24 16 67 82 24
40 84 40 78 17 20 10 30 44 84
15 73 15 22 43 44 79 84 89 55 58 77 75 82 24 73
16 73 16 67 72 75 82 24 73
82 67 82 53 88 50 60 24 89 55 67
35 81 35 39 58 77 48 52 80 81
42 44 42 51 44
34 53 34 59 89 55 67 72 53
58 24 58 36 59 64 71 82 53 88 10 24
72 10 72 88 10
13 47 13 28 35 39 58 10 48 52 71 82 24 27 44 84 89 55 67 72 88 50 60 47
13 75 13 26 42 51 17 60 47 75
3 20 3 37 51 17 20
39 73 39 58 10 24 73
63 84 63 52 77 84
59 67 59 36 37 48 88 10 24 71 82 53 84 89 55 67
4 30 4 30
77 79 77 84 89 55 58 67 82 24 27 44 79
14 80 14 25 35 59 64 82 24 89 80
40 64 40 78 5 64
1 54 1 2 56 64 84 89 55 58 36 50 60 71 82 54
28 77 28 77
11 89 11 59 17 58 10 30 29 48 52 77 84 89
23 47 23 49 72 53 88 10 48 52 64 82 24 27 55 58 36 50 60 47
28 12 28 37 67 72 75 82 24 27 79 88 10 30 44 55 58 36 59 12
14 83 14 59 36 37 51 17 70 82 24 89 55 58 10 30 29 48 88 50 60 47 80 81 83
39 60 39 58 10 30 48 75 82 24 27 79 84 89 55 67 72 53 88 50 60
19 83 19 43 45 83
13 67 13 60 71 82 53 84 89 55 67
88 80 88 10 30 29 48 75 80
4 13 4 23 66 78 17 20 55 67 72 75 82 53 88 10 30 0 13
72 86 72 86
59 32 59 12 24 27 75 82 53 88 10 17 32
30 66 30 44 84 89 55 67 82 53 88 10 17 58 12 66
26 29 26 28 35 59 89 55 58 36 50 82 24 27 29
31 70 31 43 48 52 77 84 89 55 67 72 53 88 10 17 70
11 53 11 88 50 82 53
13 67 13 28 35 39 58 77 89 55 67
39 33 39 58 12 84 89 55 67 82 53 88 10 17 33
31 13 31 56 82 53 84 89 55 58 10 17 70 0 13
30 52 30 48 52
72 81 72 53 84 89 54 81
14 47 14 28 77 89 55 67 82 24 27 29 48 75 88 50 60 47
34 47 34 53 84 89 55 67 72 88 50 60 47
1 50 1 37 49 72 53 88 50
19 70 19 43 44 79 88 50 60 71 82 24 27 78 17 70
21 6 21 26 28 37 49 72 53 88 10 17 78 5 6
15 33 15 30 34 48 88 10 17 33
40 72 40 78 5 72
4 70 4 70
41 32 41 57 63 17 32
40 82 40 78 17 33 24 27 44 84 89 55 58 36 50 82
14 66 14 25 52 77 84 89 55 67 82 24 27 79 88 10 30 0 13 28 41 63 12 66
22 89 22 43 52 71 82 24 89
33 5 33 49 72 53 84 89 55 67 82 24 27 79 88 10 17 78 5
7 44 7 43 44
33 84 33 78 17 20 10 24 71 82 53 84
18 36 18 59 36
20 36 20 56 64 82 24 27 79 88 10 17 58 36
18 64 18 22 31 43 52 64
11 71 11 59 89 55 67 82 24 71
3 72 3 64 84 89 55 67 72
43 10 43 44 79 88 10
85 52 85 88 10 30 48 52
15 36 15 26 28 35 59 36
38 73 38 89 55 67 82 24 73
51 32 51 67 72 53 84 89 55 58 36 59 17 32
35 70 35 59 17 70
37 67 37 52 77 48 75 88 10 17 58 12 66 78 5 72 53 84 89 55 67
57 48 57 72 88 10 48
26 45 26 88 50 60 47 75 82 24 27 29 48 52 77 84 89 55 58 12 45
27 5 27 29 48 88 10 17 20 40 78 5
70 86 70 55 67 82 24 27 78 17 20 39 58 12 37 51 59 36 50 60 47 75 88 10 30 29 48 52 64 84 89 54 86
38 83 38 89 80 81 83
77 50 77 48 52 64 71 82 53 84 89 55 58 10 24 27 78 5 75 88 50
7 52 7 14 59 36 50 60 47 75 82 53 88 10 17 78 5 52
20 80 20 55 84 89 80
4 82 4 70 0 20 56 82
34 71 34 59 64 71
40 52 40 78 5 64 71 82 53 88 10 30 29 48 52
26 29 26 28 64 84 89 55 67 72 75 88 50 82 24 27 29
11 37 11 59 36 37
25 84 25 85 88 10 30 34 59 64 71 82 24 27 55 84
58 53 58 67 82 53
8 34 8 28 64 71 82 24 89 55 67 72 88 10 30 34
14 36 14 34 50 60 71 82 53 84 89 55 58 36
35 47 35 59 17 60 47
51 29 51 44 79 88 10 30 29
62 88 62 72 88
25 12 25 33 51 59 12
58 75 58 10 48 75
11 37 11 59 64 71 82 53 84 89 55 58 36 37
28 0 28 41 70 0
58 12 58 12
2 45 2 56 64 82 53 84 89 55 58 36 59 17 70 0 45
56 70 56 64 84 89 55 67 72 53 88 50 82 24 27 78 17 70
51 50 51 44 79 84 89 55 58 10 17 60 24 27 75 82 53 88 50
38 84 38 89 55 58 77 84
40 17 40 78 17
26 71 26 17 58 36 50 82 24 71
16 55 16 84 89 55
27 67 27 79 84 89 55 58 67
13 50 13 20 48 75 82 53 84 89 55 58 36 50
11 36 11 88 10 30 29 48 52 71 82 24 27 44 79 84 89 55 58 36
14 10 14 59 89 55 58 67 82 53 88 10
89 67 89 55 67
19 29 19 43 52 77 48 88 10 17 20 56 64 82 24 27 29
23 36 23 37 49 72 53 84 89 55 58 36
56 59 56 82 53 84 89 55 58 36 59
18 5 18 20 88 50 82 24 27 78 5
51 67 51 67
1 88 1 7 57 52 77 48 75 88
9 75 9 75
49 54 49 72 88 50 60 24 89 54
21 67 21 26 0 20 39 58 77 84 89 55 67
22 10 22 34 79 84 89 55 67 82 53 88 10
42 30 42 62 72 53 88 10 30
59 86 59 12 50 82 24 27 44 79 84 89 54 86
4 50 4 70 82 53 88 50
21 47 21 58 10 30 29 48 88 50 60 47
18 24 18 59 12 44 55 67 72 88 10 48 75 82 24
41 0 41 70 0
43 66 43 48 88 10 24 71 82 53 84 89 55 58 12 66
40 34 40 78 17 70 55 58 36 50 60 24 71 82 53 88 10 30 34
49 72 49 72
39 86 39 58 77 48 75 88 10 17 78 5 52 71 82 53 84 89 54 86
38 79 38 89 55 58 36 50 82 24 27 75 88 10 30 44 79
57 5 57 50 60 47 75 88 10 17 20 40 78 5
28 89 28 37 48 88 10 30 44 79 84 89
30 32 30 48 88 50 82 24 89 55 58 10 17 32
85 30 85 88 10 30
16 73 16 84 89 55 58 36 59 17 33 45 77 48 52 71 82 24 73
21 33 21 42 51 17 33
18 81 18 22 43 44 79 88 10 17 78 5 75 82 24 27 55 84 89 80 81
35 80 35 39 58 12 29 48 52 71 82 53 80
78 0 78 17 60 47 75 82 24 27 44 84 89 55 58 77 48 88 10 30 0
15 52 15 22 34 79 84 89 55 58 77 48 52
15 82 15 22 34 79 84 89 55 58 10 17 78 5 75 88 50 60 24 71 82
77 84 77 89 55 84
28 67 28 35 39 58 36 50 82 24 89 55 67
14 86 14 34 48 88 10 30 44 55 84 89 54 86
88 75 88 10 17 58 36 59 12 72 75
77 12 77 84 89 55 58 12
49 72 49 72
31 34 31 43 48 75 88 10 30 34
16 71 16 84 89 55 67 82 24 71
57 12 57 78 17 60 47 75 82 53 88 10 24 27 55 58 12
35 12 35 39 58 12
8 33 8 41 57 63 17 33
77 32 77 84 89 55 58 36 50 60 24 71 82 53 88 10 17 70 32
31 53 31 56 64 82 53
21 72 21 58 36 37 59 64 71 82 53 88 10 17 20 40 78 5 89 55 67 72
19 83 19 43 45 50 60 24 71 82 54 81 83
13 55 13 60 24 89 55
58 80 58 10 48 75 88 50 60 47 80
2 50 2 82 53 84 89 55 58 10 48 88 50
6 71 6 31 43 45 64 71
89 73 89 55 67 82 24 73
38 51 38 89 55 58 36 37 59 17 33 51
60 61 60 71 82 53 84 89 55 67 72 75 88 61
57 10 57 82 53 84 89 55 58 10
28 53 28 41 10 24 89 55 67 82 53
37 47 37 59 64 84 89 55 58 10 30 44 79 88 50 60 47
11 54 11 59 89 54
63 47 63 12 84 89 55 58 10 24 71 82 53 88 50 60 47
25 80 25 63 52 71 82 24 89 55 67 72 75 88 50 60 47 80
2 17 2 33 51 17
62 5 62 72 75 88 50 82 53 84 89 55 58 36 59 17 78 5
2 59 2 82 24 27 75 88 10 30 34 59
59 75 59 12 72 75
62 27 62 72 75 82 24 27
7 17 7 57 78 17
82 24 82 24
4 0 4 70 0
56 24 56 64 84 89 55 67 72 53 88 50 60 71 82 24
15 45 15 22 31 43 45
27 45 27 55 58 67 72 53 88 10 30 0 45
63 52 63 12 45 64 71 82 53 88 10 48 52
35 50 35 39 58 36 37 48 75 88 50
28 84 28 41 70 82 53 88 50 60 24 89 55 84
11 70 11 59 17 70
59 53 59 89 55 67 82 53
3 53 3 27 75 82 53
11 61 11 59 36 50 60 71 82 53 88 61
51 17 51 17
8 61 8 41 50 82 53 84 89 55 67 72 88 61
59 61 59 36 37 0 45 64 82 53 88 61
35 17 35 39 58 10 17
40 29 40 78 17 33 62 72 53 88 50 82 24 27 29
8 52 8 28 37 59 89 55 58 36 50 60 71 82 53 88 10 48 52
22 47 22 43 48 75 82 53 84 89 55 67 72 88 50 60 47
22 73 22 31 43 73
41 50 41 63 52 64 82 24 27 79 88 50
18 84 18 22 31 56 64 84
34 73 34 73
78 24 78 17 20 56 64 84 89 55 67 82 24
49 88 49 72 75 88
19 34 19 82 53 84 89 55 67 72 88 10 30 34
14 84 14 25 62 72 53 84
7 55 7 43 44 55
23 53 23 49 72 88 10 24 71 82 53
49 80 49 72 75 80
40 55 40 78 17 33 49 72 88 10 24 71 82 53 84 89 55
39 33 39 58 36 59 17 33
42 54 42 62 72 53 84 89 54
13 44 13 29 48 52 64 71 82 24 27 78 5 75 88 10 30 44
89 29 89 55 67 82 53 88 10 30 29
15 20 15 30 0 20
77 71 77 48 52 71
77 48 77 48
43 47 43 45 64 84 89 55 58 67 72 53 88 50 60 47
39 10 39 58 77 48 88 10
41 54 41 63 12 50 60 71 82 54
42 24 42 62 72 88 50 82 24
62 82 62 72 53 84 89 55 67 82
28 55 28 77 89 55
11 89 11 88 10 24 27 55 84 89
11 78 11 88 10 24 27 78
11 51 11 59 17 33 51
49 83 49 72 53 84 89 80 81 83
40 30 40 78 5 64 71 82 53 84 89 55 67 72 88 10 30
35 26 35 59 12 44 55 58 10 30 0 13 26
43 83 43 44 55 67 82 54 81 83
30 17 30 29 48 88 10 17
28 81 28 64 71 82 54 81
15 80 15 30 34 53 80
85 24 85 88 10 30 34 79 84 89 55 58 36 50 82 24
4 73 4 49 72 53 88 10 17 78 5 89 55 67 73
85 75 85 88 50 82 53 84 89 55 67 72 75
85 80 85 88 50 60 47 75 82 53 80
8 80 8 9 75 82 24 89 55 67 72 88 10 30 34 53 80
57 29 57 50 60 24 27 88 10 48 52 64 71 82 53 84 89 55 58 12 29
62 84 62 72 88 10 30 48 75 82 53 84
85 83 85 88 50 82 53 80 81 83
85 89 85 88 50 60 24 89
58 61 58 10 17 60 71 82 24 27 78 5 52 64 61
27 44 27 44
43 29 43 45 64 84 89 55 58 67 72 53 88 10 24 27 29
85 78 85 88 10 17 78
4 86 4 82 54 86
19 44 19 43 44
2 88 2 82 53 84 89 55 58 77 48 88
18 71 18 20 39 58 36 59 64 71
1 32 1 49 72 75 82 53 88 10 17 32
3 24 3 82 24
88 48 88 10 48
64 81 64 71 82 53 88 50 60 47 80 81
62 12 62 72 53 84 89 55 58 12
11 54 11 88 50 60 71 82 24 27 55 84 89 54
11 30 11 88 10 30
20 36 20 39 58 36
15 20 15 26 17 20
31 51 31 56 64 82 24 89 55 58 12 75 88 10 30 0 13 28 37 51
21 52 21 42 51 44 84 89 55 58 77 75 88 10 48 52
22 45 22 31 43 45
22 78 22 31 56 82 53 84 89 55 58 12 66 77 48 75 88 50 60 24 27 78
33 44 33 51 17 70 82 24 27 29 48 88 10 30 44
56 75 56 64 82 24 89 55 67 72 75
4 45 4 82 53 84 89 55 58 10 17 70 0 45
26 48 26 28 37 0 20 39 58 12 50 82 53 84 89 55 67 72 88 10 17 60 24 27 78 5 6 77 48
33 0 33 51 67 72 88 10 30 0
23 86 23 67 72 53 88 10 24 71 82 54 86
33 81 33 51 80 81
22 52 22 31 56 64 71 82 53 88 10 48 52
20 86 20 55 84 89 54 86
85 64 85 88 10 48 52 77 89 55 58 12 45 64
1 82 1 7 45 77 84 89 55 58 67 82
1 20 1 2 9 71 82 53 88 10 17 20
6 67 6 71 82 24 89 55 67
21 12 21 42 51 44 84 89 55 58 12
34 48 34 59 64 84 89 55 58 10 30 29 48
26 0 26 0
14 83 14 42 51 67 72 53 84 89 54 81 83
37 32 37 17 32
14 36 14 42 51 67 72 88 10 24 27 55 58 36
13 52 13 75 88 50 60 24 27 29 48 52
51 61 51 59 12 50 82 24 27 75 88 61
89 54 89 54
35 41 35 59 36 37 0 13 28 41
18 43 18 22 31 43
21 37 21 58 36 37
39 81 39 58 67 82 54 81
30 81 30 0 45 77 75 88 50 60 47 80 81
28 27 28 64 82 24 27
40 5 40 78 5
16 0 16 35 39 58 36 37 0
7 45 7 43 45
7 32 7 64 71 82 24 27 55 58 10 17 32
9 50 9 71 82 24 27 29 48 52 77 89 55 58 12 50
4 48 4 23 67 82 53 84 89 55 58 77 75 88 10 30 0 27 29 48
9 10 9 53 88 10
15 48 15 26 28 41 10 48
85 44 85 88 10 24 27 44
31 13 31 43 52 64 84 89 55 67 72 75 88 50 60 24 27 78 5 6 0 13
21 17 21 26 17
88 80 88 50 60 24 27 55 58 36 59 64 71 82 53 80
19 80 19 62 72 53 88 10 30 0 20 48 75 82 24 89 80
26 24 26 42 62 72 88 50 82 24
59 24 59 64 84 89 55 58 12 75 88 50 82 24
64 10 64 71 82 53 84 89 55 58 67 72 75 88 10
82 86 82 53 84 89 54 86
89 54 89 54
77 61 77 48 75 88 61
63 17 63 52 71 82 24 89 55 67 72 88 10 17
60 66 60 47 75 82 24 89 55 58 10 17 78 5 6 12 66
41 29 41 49 72 88 50 82 24 27 29
9 75 9 20 88 50 60 47 75
15 80 15 26 88 10 24 89 80
3 54 3 37 0 13 45 77 89 54
33 47 33 24 27 78 17 60 47
4 64 4 49 72 75 82 24 27 29 48 52 64
72 61 72 88 61
25 55 25 82 53 88 10 48 52 64 84 89 55
77 52 77 75 82 24 27 29 48 52
56 89 56 82 53 84 89
1 55 1 7 43 52 77 84 89 55
88 67 88 10 17 78 5 89 55 58 67
6 5 6 77 84 89 55 58 10 17 78 5
26 36 26 88 10 30 34 79 84 89 55 58 36
42 34 42 62 72 53 88 50 82 24 27 78 17 70 0 10 30 34
7 52 7 50 60 47 75 82 53 88 10 30 48 52
6 24 6 37 67 72 88 10 48 52 71 82 24
40 67 40 78 17 58 67
39 52 39 58 36 50 82 53 88 10 48 52
13 44 13 84 89 55 67 72 53 88 50 82 24 27 44
8 51 8 40 78 17 20 56 82 53 88 10 24 89 55 58 36 37 51
8 36 8 28 64 84 89 55 58 36
37 47 37 48 75 82 53 84 89 55 58 67 72 88 50 60 47
35 54 35 59 89 54
30 24 30 29 48 52 71 82 53 88 10 24
21 27 21 58 10 30 0 27
19 32 19 62 72 75 88 10 17 70 32
49 17 49 72 88 50 82 53 84 89 55 58 10 17
25 80 25 0 20 40 78 17 60 47 75 88 10 24 27 79 84 89 80
64 73 64 73
21 44 21 58 10 30 44
49 64 49 72 75 82 53 88 10 24 27 29 48 52 64
35 48 35 59 64 82 53 84 89 55 58 12 29 48
38 75 38 89 55 67 82 53 88 50 60 47 75
63 17 63 17
4 48 4 70 82 24 27 79 84 89 55 58 12 29 48
49 36 49 72 88 50 60 71 82 24 27 55 58 36
27 61 27 79 84 89 55 58 77 75 88 61
1 71 1 39 58 10 30 34 48 52 71
22 60 22 31 56 82 53 84 89 55 58 36 37 17 20 40 78 5 79 88 50 60
2 89 2 23 37 77 89
27 10 27 75 88 10
26 12 26 17 20 88 50 60 71 82 53 84 89 55 58 12
2 24 2 78 5 79 88 10 48 75 82 24
9 73 9 20 10 24 89 55 58 67 73
40 55 40 78 5 72 53 84 89 55
85 58 85 88 10 17 58
56 33 56 82 24 27 78 5 89 55 67 72 88 10 17 33
30 55 30 44 55
37 44 37 67 72 88 50 60 47 75 82 24 27 79 84 89 55 58 12 44
49 44 49 72 88 10 30 44
20 45 20 10 30 0 45
14 86 14 42 51 59 17 60 71 82 24 89 55 58 77 75 88 10 48 52 64 86
30 32 30 29 48 52 64 84 89 55 58 36 59 17 32
85 54 85 88 50 60 24 27 78 5 72 53 84 89 55 67 82 54
18 78 18 22 31 56 82 53 84 89 55 58 12 66 78
20 24 20 10 30 34 79 88 50 60 24
56 89 56 64 82 24 89
82 84 82 24 89 55 84
35 29 35 39 58 67 82 24 27 29
18 33 18 22 43 48 75 88 10 17 33
72 10 72 75 82 53 84 89 55 58 10
39 30 39 58 12 24 71 82 53 84 89 55 67 72 88 10 30
63 17 63 17
8 37 8 28 37
89 45 89 55 67 82 24 27 75 88 10 17 58 12 45
41 83 41 50 82 24 83
30 53 30 34 79 88 50 60 24 71 82 53
64 24 64 84 89 55 58 10 24
88 5 88 50 60 47 75 82 24 27 78 5
56 70 56 64 82 24 89 55 58 36 37 59 17 70
8 34 8 62 72 75 88 10 30 34
35 60 35 59 36 50 60
14 86 14 42 51 17 58 36 50 82 53 88 10 48 52 64 84 89 54 86
4 89 4 70 55 67 82 53 84 89
8 27 8 9 71 82 24 89 55 58 77 48 75 88 10 17 70 0 27
39 0 39 58 36 50 60 71 82 24 27 44 55 67 72 88 10 30 0
58 53 58 36 50 82 24 89 55 67 72 53
35 24 35 39 58 12 29 48 75 82 24
58 84 58 67 82 53 88 10 30 34 79 84
40 88 40 78 17 20 39 58 10 24 71 82 53 84 89 55 67 72 88
6 32 6 0 10 17 70 32
57 32 57 78 17 32
21 48 21 26 28 64 84 89 55 58 10 48
42 27 42 51 17 20 48 88 50 60 71 82 24 27
62 86 62 72 86
25 47 25 52 77 84 89 55 58 10 24 71 82 53 88 50 60 47
59 5 59 12 29 48 88 10 17 58 36 37 72 75 82 24 27 78 5
25 17 25 85 88 10 17
85 77 85 88 10 30 0 13 52 77
9 45 9 20 88 10 30 29 48 52 71 82 53 84 89 55 58 12 45
31 55 31 43 45 77 84 89 55
38 29 38 89 55 67 72 53 88 50 60 24 27 29
85 47 85 88 50 60 47
33 36 33 45 64 84 89 55 58 36
3 36 3 82 24 89 55 58 36
39 64 39 58 10 48 52 64
63 75 63 52 77 48 88 10 24 71 82 53 84 89 55 67 72 75
62 78 62 72 53 84 89 55 58 67 82 24 27 78
49 64 49 72 53 84 89 55 58 36 59 64
38 64 38 89 55 67 72 53 88 10 17 78 5 64
39 20 39 58 36 37 0 20
26 53 26 0 45 77 75 88 10 24 27 79 84 89 55 67 82 53
63 79 63 12 44 79
27 84 27 78 17 60 47 75 88 10 48 52 64 84
2 33 2 78 17 33
2 24 2 78 17 20 48 75 88 50 60 24
39 45 39 58 12 45
77 75 77 48 75
18 60 18 20 56 64 82 53 88 50 60
11 37 11 88 50 82 53 84 89 55 58 36 37
37 86 37 67 82 54 86
8 45 8 28 41 50 82 24 27 79 84 89 55 67 72 75 88 10 17 70 0 45
64 52 64 84 89 55 67 82 53 88 10 17 70 0 45 77 48 52
20 54 20 55 67 72 75 82 54
21 79 21 42 51 67 72 75 88 10 30 48 52 77 89 55 58 12 24 27 79
18 72 18 59 64 84 89 55 67 72
3 5 3 9 71 82 53 84 89 55 67 72 88 10 17 20 40 78 5
22 0 22 34 59 17 70 0
38 59 38 89 55 58 36 59
60 10 60 71 82 53 88 10
43 50 43 48 75 88 50
18 37 18 22 31 56 82 53 88 50 60 24 27 79 84 89 55 58 12 37
3 0 3 82 53 84 89 55 58 67 72 88 10 30 0
40 52 40 78 5 52
49 54 49 72 53 84 89 54
9 36 9 53 84 89 55 58 36
59 50 59 12 75 88 50
8 53 8 40 78 5 6 31 56 64 82 53
13 73 13 26 73
14 77 14 59 12 66 77
6 44 6 31 43 44
27 53 27 29 48 75 88 10 24 71 82 53
40 0 40 78 5 6 0
18 89 18 20 39 58 10 24 71 82 53 84 89
39 78 39 58 12 44 84 89 55 67 72 75 88 10 17 20 48 52 64 71 82 24 27 78
15 29 15 22 43 48 52 71 82 24 27 29
33 48 33 62 72 88 50 82 24 27 29 48
41 53 41 49 72 88 50 82 53
1 89 1 78 5 72 53 84 89
82 12 82 24 27 55 67 72 75 88 10 17 58 36 59 12
23 45 23 37 67 72 75 88 50 60 24 71 82 53 84 89 55 58 10 17 70 0 45
57 83 57 78 81 83
1 13 1 37 17 58 67 82 53 88 10 30 0 13
1 67 1 39 58 10 24 71 82 53 84 89 55 67
41 71 41 63 52 71
14 51 14 42 51
43 71 43 45 77 75 82 53 88 10 48 52 64 71
2 86 2 9 24 71 82 54 86
18 34 18 22 34
56 12 56 64 84 89 55 58 67 82 24 27 88 10 30 34 59 12
59 79 59 17 70 82 53 88 10 30 34 79
8 13 8 41 70 0 13
25 45 25 33 51 17 78 5 52 71 82 24 89 55 67 72 53 88 10 30 0 45
16 44 16 67 72 75 82 24 27 44
2 88 2 56 82 53 84 89 55 58 36 50 60 47 75 88
4 51 4 82 53 84 89 55 58 67 72 75 88 10 17 33 51
33 44 33 78 17 58 12 44
13 80 13 75 80
26 12 26 88 50 82 24 27 79 84 89 55 58 12
2 82 2 56 64 84 89 55 58 77 48 75 82
31 81 31 43 48 88 10 17 58 12 24 89 55 67 72 81
57 71 57 52 64 71
39 45 39 58 36 37 0 45
15 71 15 30 48 88 10 24 71
30 45 30 34 79 84 89 55 58 12 45
4 79 4 82 53 88 10 24 27 79
85 53 85 88 10 24 71 82 53
57 12 57 82 24 27 44 55 58 12
63 32 63 17 32
40 51 40 78 5 6 0 13 75 82 53 88 10 17 33 51
88 44 88 10 30 44
77 66 77 84 89 55 58 12 66
26 17 26 17
2 71 2 56 82 24 71
9 79 9 20 56 82 24 27 79
15 75 15 22 34 50 60 71 82 53 84 89 55 58 67 72 75
11 60 11 59 64 84 89 55 58 10 24 71 82 53 88 50 60
37 61 37 77 84 89 55 58 10 17 33 61
3 70 3 37 17 70
58 52 58 12 72 75 88 10 30 48 52
11 88 11 88
16 67 16 67
14 60 14 42 51 44 55 67 82 53 88 50 60
64 44 64 71 82 53 88 10 48 52 77 84 89 55 58 12 44
8 61 8 62 72 88 61
16 5 16 67 82 24 27 78 5
16 67 16 84 89 55 67
21 52 21 26 42 51 67 72 53 84 89 55 58 10 30 44 79 88 50 82 24 27 29 48 52
9 24 9 71 82 24
60 66 60 24 71 82 53 84 89 55 67 72 88 10 30 0 20 40 78 5 6 16 35 39 58 12 66
57 45 57 45
38 73 38 89 55 67 73
25 80 25 85 88 50 82 53 80
89 50 89 55 67 72 88 50
34 29 34 59 89 55 67 72 53 88 10 30 29
42 70 42 62 72 53 84 89 55 67 82 24 27 75 88 10 30 34 59 17 70
85 77 85 88 10 17 33 49 72 53 84 89 55 58 77
7 53 7 89 55 67 82 53
39 5 39 58 10 24 27 78 5
70 50 70 0 10 17 58 67 82 53 88 50
26 12 26 42 62 72 88 10 48 52 71 82 24 89 55 58 12
89 81 89 54 81
85 86 85 88 10 48 52 77 75 82 54 86
64 0 64 84 89 55 58 77 75 82 24 27 88 10 30 0
56 82 56 64 71 82
4 64 4 49 72 75 82 24 27 79 88 10 30 29 48 52 64
35 13 35 59 89 55 67 82 24 27 75 88 10 17 70 0 13
4 44 4 23 67 72 53 84 89 55 58 12 44
49 47 49 72 75 88 50 60 47
35 6 35 59 12 29 48 52 64 84 89 55 58 77 75 82 24 27 78 5 6
9 80 9 71 82 24 27 79 88 50 60 47 80
70 55 70 0 89 55
64 84 64 84
2 81 2 23 37 59 36 81
16 0 16 84 89 55 58 77 48 88 10 30 0
8 61 8 28 77 84 89 55 67 82 53 88 61
8 59 8 28 35 59
11 86 11 59 36 50 60 47 75 82 24 27 79 84 89 54 86
49 10 49 72 88 10
39 55 39 58 67 72 75 88 50 82 53 84 89 55
3 78 3 37 67 72 88 50 60 71 82 53 84 89 55 58 10 17 78
22 50 22 34 50
85 78 85 88 10 24 27 75 82 53 84 89 55 58 36 59 12 66 78
85 24 85 88 50 82 24
25 71 25 82 53 84 89 55 67 72 75 88 50 60 71
82 86 82 54 86
31 0 31 43 45 50 60 71 82 53 84 89 55 58 12 44 79 88 10 17 70 0
40 83 40 78 5 89 54 81 83
39 36 39 58 36
63 75 63 17 58 12 66 78 5 75
41 47 41 57 72 75 82 24 27 88 50 60 47
26 84 26 0 27 44 79 84
31 16 31 56 64 71 82 24 27 75 88 10 17 78 5 6 16
88 48 88 10 30 29 48
1 82 1 2 33 51 67 82
51 67 51 17 58 12 24 89 55 67
62 24 62 72 53 84 89 55 67 82 24
25 50 25 82 53 88 50
14 53 14 42 62 72 53
33 47 33 45 64 71 82 53 84 89 55 67 72 75 88 50 60 47
78 55 78 17 70 55
18 64 18 22 31 43 52 64
31 59 31 56 82 53 84 89 55 58 36 59
38 36 38 89 55 58 36
37 81 37 52 64 82 53 84 89 54 81
31 44 31 56 82 53 84 89 55 67 72 75 88 10 30 44
23 50 23 66 78 5 72 75 88 50
56 71 56 64 84 89 55 58 77 75 88 50 60 24 71
7 61 7 43 45 50 60 71 82 53 88 10 30 0 20 56 64 61
70 29 70 0 20 40 78 5 64 71 82 24 27 55 58 12 72 75 88 10 30 29
34 61 34 79 88 61
64 44 64 84 89 55 58 12 37 0 27 44
3 32 3 37 17 32
77 80 77 48 88 50 82 53 80
21 78 21 58 36 59 17 33 78
51 45 51 59 17 60 24 27 88 50 82 53 84 89 55 58 12 45
30 5 30 0 27 79 84 89 55 67 72 53 88 10 17 78 5
77 66 77 75 88 50 60 71 82 24 27 29 48 52 64 84 89 55 58 12 66
8 17 8 41 63 17
25 81 25 52 80 81
23 5 23 66 78 5
11 75 11 59 64 71 82 53 88 10 24 27 44 79 84 89 55 67 72 75
39 89 39 58 12 84 89
11 73 11 59 17 70 0 10 30 48 52 71 82 24 89 55 67 73
3 77 3 30 44 79 84 89 55 67 72 75 82 24 27 78 17 20 10 48 52 77
1 7 1 7
8 6 8 41 50 60 24 71 82 53 84 89 55 58 77 75 88 10 17 78 5 6
33 12 33 49 72 75 88 10 24 71 82 53 84 89 55 58 12
40 82 40 78 5 6 77 84 89 55 67 82
72 12 72 88 10 24 27 44 84 89 55 58 12
60 75 60 47 75
9 71 9 53 84 89 55 58 67 82 24 71
42 24 42 62 72 75 88 50 82 24
16 71 16 35 59 36 50 60 47 75 88 10 48 52 64 71
49 50 49 72 88 50
27 73 27 79 84 89 55 67 82 24 73
70 71 70 82 24 27 88 50 60 71
49 36 49 72 88 10 48 52 77 84 89 55 58 36
11 66 11 88 50 82 53 84 89 55 58 12 66
21 32 21 58 77 48 52 64 71 82 53 88 50 60 24 27 78 17 32
16 52 16 29 48 52
26 86 26 28 41 86
60 79 60 24 27 79
14 24 14 59 64 84 89 55 67 82 53 88 50 60 24
62 61 62 72 88 61
39 84 39 58 67 72 75 82 53 88 10 17 78 5 89 55 84
38 33 38 89 55 67 72 88 10 48 52 71 82 24 27 78 17 33
18 17 18 59 17
15 80 15 26 28 77 48 88 50 60 24 71 82 53 80
82 48 82 53 88 10 30 34 79 84 89 55 58 77 48
4 0 4 70 0
72 53 72 53
11 61 11 59 64 84 89 55 58 36 37 49 72 75 88 61
22 0 22 31 56 64 84 89 55 58 36 37 51 17 20 48 88 10 30 0
56 86 56 82 53 84 89 54 86
35 80 35 39 58 10 30 29 48 52 71 82 53 80
21 10 21 58 36 50 82 24 89 55 67 72 88 10
41 0 41 70 0
56 32 56 64 84 89 55 67 72 75 88 10 17 32
82 48 82 53 84 89 55 58 77 48
18 89 18 20 48 75 88 10 24 71 82 53 84 89
22 72 22 34 53 84 89 55 67 72
40 70 40 78 17 70
23 45 23 66 77 75 88 10 30 0 45
51 75 51 67 82 53 84 89 55 58 10 48 75
62 13 62 72 53 84 89 55 67 82 24 27 75 88 10 17 70 0 13
39 89 39 58 12 24 27 78 5 72 53 88 10 48 52 77 89
37 45 37 49 72 53 88 50 60 47 75 82 24 27 78 5 52 77 84 89 55 58 12 45
22 5 22 31 56 82 53 84 89 55 58 67 72 75 88 50 60 24 27 78 5
13 44 13 84 89 55 67 72 53 88 50 60 71 82 24 27 44
38 24 38 89 55 58 67 82 24
21 29 21 26 0 10 30 29
39 78 39 58 67 82 24 27 78
58 52 58 12 75 82 24 27 29 48 52
62 0 62 72 53 88 10 30 0
58 12 58 36 59 12
8 6 8 9 20 48 75 88 10 17 70 0 45 64 71 82 53 84 89 55 58 12 24 27 78 5 6
40 5 40 78 5
33 55 33 24 27 79 88 10 17 70 82 53 84 89 55
9 45 9 75 88 10 30 44 55 58 12 45
77 12 77 89 55 58 12
8 50 8 41 50
58 86 58 36 37 0 10 30 34 48 52 71 82 54 86
4 29 4 49 72 88 50 82 24 89 55 58 10 30 29
28 54 28 41 49 72 88 10 24 89 54
22 86 22 43 44 84 89 54 86
51 53 51 44 79 84 89 55 58 10 24 27 75 88 50 82 53
9 44 9 71 82 24 27 44
28 84 28 77 84
42 52 42 51 17 20 40 78 5 72 53 88 10 30 44 79 84 89 55 58 12 75 82 24 27 29 48 52
20 53 20 88 10 48 75 82 24 89 55 58 36 37 49 72 53
85 44 85 88 10 30 44
27 36 27 88 50 82 53 84 89 55 58 36
88 73 88 50 60 47 75 82 24 73
2 13 2 56 64 71 82 24 27 79 84 89 55 58 10 17 70 0 13
59 36 59 12 29 48 88 10 24 27 75 82 53 84 89 55 58 36
38 60 38 89 55 58 67 82 24 27 88 50 60
9 47 9 20 10 30 48 88 50 60 47
56 24 56 82 24
42 47 42 51 59 12 29 48 52 64 71 82 24 89 55 67 72 53 88 50 60 47
14 81 14 59 64 82 24 27 88 10 17 78 81
20 48 20 40 78 17 58 77 48
3 81 3 64 82 24 89 80 81
64 44 64 84 89 55 67 82 53 88 10 30 44
21 13 21 26 0 13
57 53 57 72 88 10 24 27 44 84 89 55 67 82 53
21 27 21 26 88 10 17 70 82 24 27
40 12 40 78 17 58 12
3 50 3 38 89 55 67 72 53 88 50
21 86 21 26 0 20 48 88 10 17 58 36 50 60 24 89 54 86
30 29 30 29
70 29 70 0 27 55 67 72 53 88 10 30 29
60 32 60 24 27 78 5 88 10 17 32
16 10 16 35 39 58 12 72 88 10
62 54 62 72 88 50 60 71 82 53 84 89 54
15 86 15 26 42 51 17 78 5 6 71 82 53 84 89 54 86
82 79 82 53 84 89 55 67 72 88 10 30 34 79
35 81 35 59 64 84 89 80 81
60 44 60 24 27 44
14 30 14 28 37 48 88 10 30
4 0 4 30 34 59 17 33 78 5 89 55 58 36 37 0
16 0 16 84 89 55 58 77 48 88 10 30 0
11 54 11 59 12 50 60 24 89 54
16 0 16 29 48 52 71 82 24 27 88 10 30 0
25 73 25 0 13 84 89 55 58 77 48 52 64 73
6 83 6 80 81 83
14 44 14 42 51 44
89 75 89 55 67 82 53 88 50 60 47 75
2 48 2 56 82 53 88 10 48
49 44 49 72 88 10 30 44
62 75 62 72 75
85 77 85 88 50 82 53 84 89 55 58 12 45 77
43 47 43 52 64 82 24 27 29 48 75 88 50 60 47
21 77 21 26 0 20 39 58 77
85 71 85 88 10 48 75 82 24 71
13 36 13 28 35 59 36
64 80 64 71 82 24 27 29 48 52 80
62 71 62 72 53 84 89 55 58 77 75 88 10 48 52 64 71
18 81 18 59 12 72 53 88 10 17 20 40 78 81
30 12 30 44 84 89 55 58 12
15 53 15 26 17 60 47 75 82 53
6 79 6 0 45 77 84 89 55 58 12 50 60 24 71 82 53 88 10 30 44 79
38 75 38 89 55 58 10 24 71 82 53 88 50 60 47 75
38 61 38 89 55 58 10 48 88 61
2 77 2 33 49 72 53 84 89 55 58 77
33 52 33 24 89 55 67 72 75 88 10 48 52
85 12 85 88 10 17 58 12
72 86 72 86
42 54 42 51 44 55 84 89 54
2 33 2 9 24 89 55 58 36 50 60 71 82 53 88 10 17 33
28 81 28 64 84 89 54 81
85 70 85 88 10 48 52 77 84 89 55 58 36 37 59 17 70
2 55 2 82 53 84 89 55
51 66 51 59 17 60 71 82 24 27 29 48 75 88 10 30 0 89 55 58 12 66
14 64 14 25 52 64
28 45 28 35 59 12 45
19 13 19 62 72 88 10 17 70 0 13
77 29 77 89 55 67 72 88 50 60 71 82 24 27 29
28 80 28 64 71 82 53 80
13 84 13 28 41 10 30 44 79 84
9 80 9 71 82 24 27 44 79 84 89 55 58 77 48 75 88 50 60 47 80
28 81 28 37 59 64 84 89 55 58 67 82 53 80 81
64 48 64 84 89 55 58 36 37 52 77 48
64 73 64 73
60 86 60 71 82 24 89 54 86
26 17 26 42 51 17
78 79 78 5 6 88 10 30 34 79
8 36 8 9 62 72 75 88 10 30 34 59 36
58 55 58 12 44 55
33 61 33 49 72 88 61
35 55 35 39 58 12 72 75 82 53 88 10 48 52 77 84 89 55
19 50 19 38 89 55 67 72 75 88 50
78 80 78 17 60 71 82 53 88 10 24 27 75 80
42 83 42 62 72 88 10 30 44 84 89 54 81 83
60 36 60 71 82 53 84 89 55 58 36
78 5 78 5
28 60 28 41 57 50 60
16 83 16 84 89 55 67 82 54 81 83
28 0 28 37 0
2 71 2 82 24 71
59 47 59 12 60 47
25 79 25 79
58 0 58 77 84 89 55 67 72 53 88 10 30 0
3 80 3 37 48 88 50 60 47 75 82 53 80
1 86 1 39 58 10 48 52 64 86
33 80 33 62 72 53 84 89 80
56 12 56 82 24 27 88 10 30 34 59 12
85 71 85 88 10 24 71
37 0 37 0
14 0 14 25 0
25 5 25 33 78 5
1 36 1 39 58 36
15 27 15 30 0 27
41 10 41 50 82 53 88 10
77 32 77 84 89 55 58 67 72 53 88 10 17 32
15 45 15 22 31 43 45
63 55 63 52 71 82 24 89 55
88 44 88 10 30 44
19 30 19 56 64 84 89 55 67 72 53 88 10 30
40 30 40 78 17 60 24 27 29 48 88 10 30
78 86 78 5 79 88 10 30 48 75 82 24 89 54 86
19 47 19 82 53 84 89 55 58 36 37 72 75 88 50 60 47
11 33 11 59 36 50 82 53 84 89 55 58 10 17 33
3 20 3 30 0 20
56 64 56 64
57 32 57 52 77 84 89 55 58 36 37 17 32
63 5 63 12 84 89 55 67 82 24 27 75 88 10 17 78 5
85 27 85 88 10 17 20 56 82 53 84 89 55 58 36 50 60 24 27
8 57 8 41 57
8 24 8 40 78 5 75 82 53 88 10 17 20 39 58 36 50 60 24
56 44 56 64 82 24 27 44
19 53 19 62 72 53
9 54 9 24 27 75 82 54
38 17 38 89 55 58 10 17
9 17 9 20 39 58 67 72 88 10 17
18 29 18 59 89 55 58 67 82 24 27 29
62 32 62 72 53 88 10 30 34 59 17 32
13 73 13 52 77 75 82 24 73
30 61 30 48 88 61
62 70 62 72 75 88 10 17 70
25 73 25 0 45 64 73
40 67 40 78 5 88 10 17 33 24 27 44 79 84 89 55 58 67
7 36 7 45 77 89 55 58 36
7 50 7 43 48 88 50
33 79 33 49 72 53 84 89 55 58 12 66 78 5 79
25 36 25 79 88 10 48 75 82 24 89 55 58 36
85 78 85 88 10 17 58 77 75 82 24 27 78
8 13 8 62 72 75 88 10 30 0 13
4 70 4 70
42 72 42 51 59 36 37 52 64 82 53 84 89 55 67 72
19 84 19 43 44 84
31 17 31 56 82 24 27 79 88 10 17
11 83 11 59 17 60 47 75 80 81 83
7 10 7 43 48 52 77 75 88 10
28 5 28 37 77 75 88 10 17 20 40 78 5
31 55 31 43 48 52 64 71 82 53 88 50 60 24 89 55
82 86 82 24 27 79 84 89 54 86
49 89 49 72 88 10 17 60 71 82 24 27 44 84 89
26 54 26 0 45 77 84 89 54
3 71 3 9 75 88 10 24 71
7 83 7 57 82 53 80 81 83
2 71 2 9 53 84 89 55 58 77 75 82 24 71
31 53 31 43 48 88 50 60 24 27 75 82 53
15 34 15 26 0 27 78 17 58 12 50 60 47 75 88 10 30 34
9 86 9 53 88 10 30 48 52 71 82 24 89 54 86
78 47 78 17 60 47
58 75 58 77 84 89 55 67 72 75
72 79 72 88 50 82 24 27 78 5 79
43 45 43 45
6 67 6 16 35 39 58 67
41 54 41 63 17 33 24 27 75 88 50 82 54
23 73 23 49 72 88 50 60 71 82 24 73
51 79 51 17 33 49 72 53 84 89 55 58 36 37 0 27 79
57 54 57 82 53 84 89 54
42 64 42 51 59 17 78 5 64
62 0 62 72 53 88 10 30 0
23 61 23 37 49 72 53 84 89 55 67 82 24 27 79 88 61
40 52 40 78 17 33 51 67 72 75 82 24 89 55 58 12 29 48 52
40 30 40 78 17 58 77 89 55 67 72 53 88 10 30
41 81 41 49 72 53 80 81
40 13 40 78 17 20 48 52 77 84 89 55 58 10 30 0 13
1 86 1 37 0 89 54 86
8 64 8 40 78 5 75 82 53 88 10 30 44 55 58 77 48 52 64
40 86 40 78 17 20 10 48 88 50 82 54 86
63 67 63 17 70 55 67
8 20 8 40 78 17 20
63 36 63 52 64 84 89 55 58 36
33 32 33 49 72 75 82 53 84 89 55 58 12 45 50 60 24 27 79 88 10 17 32
20 84 20 10 24 27 44 84
42 27 42 62 72 88 50 82 24 27
89 47 89 55 58 10 24 27 29 48 88 50 60 47
60 10 60 71 82 24 27 88 10
18 13 18 22 34 53 84 89 55 58 36 50 82 24 27 29 48 75 88 10 17 70 0 13
28 75 28 35 39 58 12 37 17 33 62 72 75
43 83 43 52 80 81 83
60 75 60 24 89 55 58 10 48 52 77 75
40 83 40 78 17 70 55 84 89 80 81 83
35 89 35 59 64 71 82 53 88 50 60 24 89
85 81 85 88 10 30 44 79 84 89 80 81
26 55 26 88 10 30 34 53 84 89 55
60 48 60 71 82 24 27 75 88 10 48
89 10 89 55 58 10
30 24 30 0 45 64 82 24
64 29 64 84 89 55 58 36 50 60 71 82 53 88 10 24 27 29
88 86 88 50 60 47 75 82 53 84 89 55 67 72 86
28 78 28 37 0 10 17 33 78
7 79 7 64 71 82 53 84 89 55 58 67 72 75 88 10 24 27 79
62 32 62 72 75 82 24 27 79 84 89 55 58 10 17 32
8 64 8 40 78 17 33 45 64
43 29 43 52 77 89 55 58 36 37 67 82 53 88 50 60 24 27 29
70 29 70 82 53 88 10 30 29
15 20 15 30 29 48 88 10 17 20
30 75 30 48 52 77 75
7 67 7 43 45 77 48 88 10 30 44 84 89 55 67
27 29 27 29
38 73 38 89 55 67 73
19 78 19 38 89 55 67 82 24 27 78
21 64 21 26 0 45 64
1 60 1 2 23 66 78 5 52 71 82 24 27 79 88 50 60
18 75 18 20 56 64 82 24 27 88 10 17 78 5 89 55 58 12 29 48 75
8 83 8 41 10 30 34 79 88 50 82 24 89 80 81 83
39 30 39 58 67 72 75 82 53 88 10 30
35 61 35 39 58 67 82 53 88 61
30 83 30 83
38 78 38 89 55 67 82 24 27 78
14 71 14 28 82 53 84 89 55 67 72 75 88 10 17 70 0 20 40 78 5 6 31 56 64 71
64 5 64 84 89 55 58 36 50 60 71 82 24 27 44 79 88 10 17 78 5
40 30 40 78 5 72 75 88 10 30
64 17 64 82 24 27 55 67 72 53 88 10 17
77 48 77 75 82 53 84 89 55 67 72 88 10 17 58 36 59 12 29 48
56 66 56 64 84 89 55 58 12 66
28 32 28 77 48 75 88 10 17 32
15 44 15 22 31 43 52 64 84 89 55 58 36 37 51 44
88 86 88 10 17 78 5 52 77 75 82 54 86
19 10 19 38 89 55 58 10
34 86 34 53 84 89 54 86
56 50 56 64 71 82 53 88 50
42 54 42 51 17 33 24 71 82 53 84 89 54
43 80 43 52 80
31 80 31 43 48 88 10 24 27 55 58 12 84 89 80
38 89 38 89
8 77 8 41 70 82 53 84 89 55 67 72 88 10 24 27 78 5 52 77
15 26 15 26
89 79 89 55 67 82 24 27 44 79
49 82 49 72 88 10 17 33 51 59 64 71 82
8 9 8 9
4 60 4 30 44 79 84 89 55 58 12 60
31 58 31 43 45 77 89 55 58
85 30 85 88 10 30
38 10 38 89 55 58 10
89 67 89 55 67
38 17 38 89 55 58 36 59 17
28 59 28 35 59
16 10 16 35 39 58 77 84 89 55 67 72 53 88 10
21 59 21 42 51 59
38 84 38 89 55 58 77 75 82 53 84
16 67 16 35 39 58 77 84 89 55 67
25 48 25 0 45 50 60 24 71 82 53 84 89 55 67 72 75 88 10 48
22 6 22 43 52 64 84 89 55 67 72 75 88 10 17 33 78 5 6
4 89 4 23 66 77 89
62 82 62 72 75 82
16 12 16 35 59 12
34 29 34 48 52 71 82 24 27 44 84 89 55 58 67 72 53 88 10 30 29
1 51 1 37 51
22 53 22 34 50 82 53
15 33 15 26 28 37 17 33
38 58 38 89 55 58
19 79 19 82 53 84 89 55 67 72 75 88 10 30 44 79
21 30 21 26 0 45 50 82 24 27 29 48 88 10 30
30 55 30 44 55
21 55 21 58 36 37 59 17 20 55
82 61 82 53 84 89 55 58 10 30 34 48 75 88 61
2 6 2 78 5 6
39 70 39 58 36 59 17 70
40 88 40 78 5 75 88
85 67 85 88 50 82 53 84 89 55 67
30 86 30 34 53 88 50 60 24 71 82 54 86
39 77 39 58 10 30 48 52 71 82 53 84 89 55 67 72 75 88 50 60 24 27 78 5 6 16 35 59 12 66 77
62 71 62 72 53 84 89 55 58 77 75 88 50 60 71
26 55 26 28 41 70 55
3 58 3 9 71 82 24 89 55 58
56 50 56 82 53 88 50
40 30 40 78 5 79 88 10 30
15 41 15 26 28 41
31 77 31 43 45 50 82 53 84 89 55 67 72 88 10 30 34 59 17 58 12 66 77
85 75 85 88 10 24 89 55 67 72 75
39 89 39 58 12 75 88 50 82 53 84 89
11 58 11 59 12 60 71 82 53 84 89 55 58
85 10 85 88 10
35 78 35 39 58 12 60 47 75 82 53 84 89 55 67 72 88 10 17 78
28 29 28 35 39 58 36 59 12 29
22 37 22 31 43 44 55 58 36 37
9 45 9 75 82 53 84 89 55 58 12 45
42 47 42 51 17 60 47
9 52 9 53 88 10 48 52
49 55 49 72 75 88 10 24 89 55
22 16 22 34 79 84 89 55 58 36 37 51 17 78 5 6 16
16 55 16 84 89 55
2 37 2 23 37
37 86 37 17 58 36 50 60 47 75 88 10 48 52 71 82 24 27 79 84 89 54 86
40 59 40 78 5 52 71 82 24 89 55 58 36 59
63 61 63 17 78 5 6 71 82 53 88 61
8 44 8 28 37 72 75 82 24 27 44
15 0 15 22 31 43 52 64 71 82 24 89 55 67 72 75 88 10 30 0
43 66 43 52 64 82 53 88 10 17 58 12 66
25 79 25 62 72 53 84 89 55 58 67 82 24 27 75 88 10 30 34 79
16 5 16 35 59 17 78 5
23 5 23 37 17 78 5
77 55 77 89 55
85 44 85 88 50 82 53 84 89 55 58 12 66 78 17 20 10 24 27 44
8 67 8 62 72 88 50 60 24 89 55 67
20 48 20 10 30 48
18 71 18 59 64 71
57 36 57 52 64 71 82 24 89 55 58 36
22 81 22 31 43 45 77 75 88 10 17 60 71 82 24 27 44 55 58 67 72 81
2 50 2 56 82 53 84 89 55 67 72 88 50
41 67 41 63 52 64 84 89 55 58 12 37 67
1 51 1 2 23 37 51
22 13 22 34 53 84 89 55 58 12 24 27 78 5 88 10 30 0 13
15 58 15 22 43 52 64 71 82 53 88 50 60 24 89 55 58
40 48 40 78 5 72 53 84 89 55 67 82 24 27 75 88 10 17 58 12 66 77 48
60 84 60 24 27 79 88 50 82 53 84
26 48 26 42 51 67 72 75 82 24 27 44 79 84 89 55 58 77 48
63 17 63 17
21 51 21 42 51
37 17 37 51 17
30 61 30 0 45 64 61
1 67 1 2 9 62 72 88 50 82 53 84 89 55 67
35 83 35 39 58 67 82 54 81 83
60 29 60 24 71 82 53 88 10 30 44 84 89 55 58 36 59 12 29
21 73 21 42 51 67 82 53 84 89 55 58 36 50 60 24 27 88 10 17 20 40 78 5 64 73
30 79 30 34 53 84 89 55 58 10 48 75 88 50 60 71 82 24 27 44 79
89 83 89 80 81 83
8 34 8 41 70 0 20 10 30 34
39 5 39 58 10 17 78 5
49 58 49 72 88 50 82 53 84 89 55 58
6 86 6 31 43 44 84 89 55 67 82 54 86
38 30 38 89 55 67 82 53 88 10 30
30 80 30 44 84 89 80
62 50 62 72 75 82 53 84 89 55 58 36 50
14 10 14 34 79 84 89 55 67 72 53 88 10
1 55 1 89 55
63 67 63 17 60 24 89 55 67
77 44 77 48 75 82 24 27 44
49 86 49 72 53 88 10 24 71 82 54 86
59 84 59 89 55 58 10 30 48 88 50 82 53 84
38 81 38 89 54 81
3 54 3 27 29 48 52 71 82 54
6 45 6 0 13 45
23 50 23 49 72 88 10 48 75 82 24 27 55 58 36 50
56 17 56 82 53 84 89 55 58 36 37 0 13 26 17
8 5 8 40 78 5
41 86 41 86
42 47 42 62 72 75 88 50 60 47
59 17 59 17
34 66 34 59 12 66
51 84 51 17 78 5 52 64 84
1 24 1 2 56 64 84 89 55 58 12 37 17 33 78 5 52 71 82 24
59 0 59 12 37 52 71 82 53 88 50 60 24 27 78 5 79 84 89 55 58 10 30 0
59 61 59 64 84 89 55 58 77 48 88 61
64 75 64 84 89 55 58 10 30 34 48 52 77 75
51 17 51 44 79 84 89 55 58 36 50 82 53 88 10 17
8 47 8 41 10 17 20 55 58 36 50 60 47
7 12 7 89 55 58 12
88 10 88 10
23 32 23 32
59 36 59 36
62 47 62 72 75 88 50 60 47
14 48 14 42 51 59 17 78 5 52 64 71 82 53 84 89 55 67 72 88 50 60 24 27 29 48
89 79 89 55 67 72 88 10 48 52 77 75 82 24 27 79
1 60 1 49 72 53 84 89 55 58 36 50 60
37 44 37 59 12 44
6 29 6 31 43 52 77 89 55 58 67 72 53 88 50 60 71 82 24 27 29
22 89 22 43 45 50 82 24 27 75 88 10 17 33 62 72 53 84 89
14 13 14 34 53 84 89 55 58 10 30 44 79 88 50 60 47 75 82 24 27 78 17 70 0 13
72 79 72 88 50 60 47 75 82 24 27 79
77 24 77 75 82 24
19 55 19 38 89 55
40 71 40 78 5 52 64 71
14 20 14 59 12 29 48 52 64 84 89 55 58 36 50 60 71 82 53 88 10 30 0 20
19 83 19 38 89 80 81 83
4 78 4 70 55 58 36 50 60 47 75 82 53 88 10 17 78
38 27 38 89 55 67 82 24 27
56 17 56 64 82 53 84 89 55 67 72 75 88 10 17
28 10 28 35 39 58 10
28 24 28 77 75 82 24
42 61 42 51 44 55 67 72 75 88 61
42 54 42 62 72 75 82 24 89 54
6 24 6 31 43 45 64 71 82 24
37 75 37 77 84 89 55 67 82 53 88 50 60 47 75
40 20 40 78 17 20
19 80 19 62 72 75 80
9 84 9 53 84
51 52 51 44 79 84 89 55 67 82 53 88 10 30 0 45 77 48 52
37 29 37 17 33 49 72 53 84 89 55 67 82 24 27 29
23 80 23 66 78 5 79 88 10 30 48 52 64 82 53 80
26 81 26 88 50 60 47 80 81
9 45 9 53 88 10 30 0 45
31 84 31 56 64 82 24 89 55 58 67 72 53 84
8 66 8 41 10 30 0 45 77 75 82 24 27 55 58 12 66
7 45 7 64 71 82 24 27 29 48 52 77 75 88 10 30 0 13 45
6 53 6 16 67 82 53
49 0 49 72 88 10 17 70 0
16 48 16 29 48
51 81 51 80 81
56 77 56 82 53 84 89 55 58 12 66 77
19 70 19 82 53 84 89 55 58 10 17 70
18 67 18 20 40 78 5 88 10 48 52 64 71 82 24 89 55 67
2 60 2 23 66 77 48 88 10 24 71 82 53 84 89 55 58 12 37 17 60
63 53 63 52 77 84 89 55 67 72 53
40 88 40 78 5 88
22 83 22 31 56 64 82 54 81 83
3 86 3 30 34 59 12 37 0 10 24 27 88 50 60 71 82 54 86
60 48 60 71 82 24 89 55 58 77 48
3 58 3 9 24 71 82 53 84 89 55 58
11 30 11 88 10 30
60 5 60 24 27 29 48 75 88 10 17 33 78 5
49 83 49 72 88 10 24 89 54 81 83
4 0 4 70 0
49 79 49 72 88 50 60 47 75 82 53 84 89 55 58 36 59 17 78 5 79
85 79 85 88 50 60 24 27 44 79
49 20 49 72 53 88 50 60 47 75 82 24 27 79 84 89 55 58 10 17 20
30 0 30 34 53 84 89 55 58 12 66 78 5 6 37 0
11 67 11 59 12 75 88 10 48 52 64 84 89 55 67
42 47 42 51 59 36 50 60 47
63 5 63 12 66 78 5
40 36 40 78 5 89 55 58 10 30 34 59 36
7 67 7 62 72 88 50 60 47 75 82 53 84 89 55 58 67
14 47 14 25 0 45 64 84 89 55 58 10 24 71 82 53 88 50 60 47
15 20 15 26 88 10 17 20
33 73 33 78 5 6 77 75 82 53 88 10 17 20 73
42 20 42 51 67 82 53 88 10 17 20
14 60 14 28 41 10 24 71 82 53 84 89 55 58 12 60
58 12 58 12
21 12 21 42 51 44 84 89 55 58 12
35 51 35 39 58 36 37 51
39 89 39 58 10 24 71 82 53 84 89
1 89 1 89
85 29 85 88 50 82 24 27 29
11 59 11 59
33 67 33 49 72 75 88 10 48 52 77 84 89 55 67
8 79 8 40 78 5 79
64 52 64 82 53 84 89 55 58 36 50 60 47 75 88 10 17 70 0 13 29 48 52
1 25 1 7 14 25
63 29 63 17 33 49 72 53 88 50 60 71 82 24 27 29
38 75 38 89 55 58 36 37 48 75
23 48 23 66 77 48
21 5 21 42 62 72 88 50 60 47 75 82 24 27 78 5
1 59 1 2 9 20 39 58 36 59
18 33 18 59 36 50 60 24 89 55 67 72 75 88 10 17 33
15 51 15 26 42 51
26 71 26 28 82 24 71
19 52 19 82 53 84 89 55 58 77 48 52
88 75 88 50 60 47 75
62 86 62 72 86
57 36 57 52 64 82 24 89 55 58 36
3 45 3 64 82 24 89 55 58 12 45
23 55 23 49 72 88 50 82 53 84 89 55
27 12 27 55 58 36 59 12
1 7 1 7
51 86 51 44 84 89 54 86
25 32 25 32
16 86 16 86
72 84 72 75 88 50 60 71 82 24 89 55 84
51 45 51 17 33 45
62 37 62 72 88 50 60 24 27 78 5 6 37
63 52 63 52
25 24 25 85 88 10 24
72 61 72 53 88 61
25 80 25 52 77 75 80
88 24 88 50 60 24
59 50 59 64 71 82 53 84 89 55 58 10 17 70 0 27 29 48 75 88 50
20 61 20 48 88 61
14 20 14 25 0 20
62 45 62 72 88 10 30 0 45
43 36 43 48 88 10 30 44 79 84 89 55 58 36
26 61 26 42 62 72 88 61
19 24 19 43 44 79 84 89 55 58 36 50 82 24
14 45 14 28 41 70 0 45
63 52 63 52
9 55 9 62 72 53 84 89 55
1 37 1 37
56 89 56 64 84 89
38 60 38 89 55 58 10 30 48 88 50 60
15 86 15 26 28 37 51 44 55 58 77 48 52 71 82 54 86
35 32 35 39 58 67 82 24 27 78 17 32
25 73 25 63 17 58 12 29 48 88 50 60 47 75 82 24 89 55 67 73
14 55 14 28 64 71 82 53 84 89 55
82 53 82 24 89 55 67 72 53
4 54 4 70 0 27 55 58 36 59 17 20 56 64 71 82 53 84 89 54
31 32 31 43 48 88 10 17 32
59 73 59 64 73
20 75 20 48 88 50 82 24 89 55 67 72 75
43 44 43 44
31 34 31 56 82 24 27 79 88 10 30 34
18 34 18 59 17 70 0 10 30 34
8 54 8 9 53 88 10 48 52 64 71 82 54
31 67 31 56 82 24 89 55 67
1 72 1 49 72
42 64 42 62 72 53 84 89 55 58 67 82 24 27 75 88 10 48 52 64
2 64 2 56 64
78 53 78 17 20 56 82 53
70 12 70 82 24 89 55 58 12
16 24 16 29 48 52 64 82 24
21 75 21 58 12 44 84 89 55 67 72 75
26 61 26 17 33 49 72 75 88 61
72 86 72 86
1 55 1 39 58 77 84 89 55
8 79 8 62 72 53 84 89 55 67 82 24 27 79
51 86 51 44 55 67 72 88 50 60 71 82 24 89 54 86
2 66 2 23 66
16 45 16 67 82 53 84 89 55 58 36 37 59 12 45
38 72 38 89 55 67 72
7 45 7 43 45
7 12 7 14 42 62 72 88 50 82 53 84 89 55 58 36 37 59 12
28 20 28 64 82 53 84 89 55 58 12 66 78 17 20
28 80 28 77 48 75 88 10 17 20 55 67 72 53 80
28 5 28 41 49 72 75 88 10 48 52 71 82 24 27 78 5
49 73 49 72 88 10 48 52 64 73
2 66 2 23 66
4 0 4 70 0
39 71 39 58 10 48 52 64 84 89 55 67 72 53 88 50 60 24 71
28 58 28 35 39 58
60 83 60 24 27 44 55 58 77 48 88 50 82 54 81 83
63 55 63 12 37 52 64 82 24 89 55
25 52 25 63 52
41 75 41 63 17 20 40 78 5 79 88 10 48 75
85 70 85 88 50 82 53 84 89 55 58 10 17 70
3 16 3 30 48 75 88 50 82 53 84 89 55 58 36 37 51 59 12 66 78 5 6 16
7 83 7 57 52 80 81 83
3 51 3 37 51
15 26 15 26
31 20 31 43 44 55 67 82 53 88 10 17 20
14 36 14 28 35 39 58 36
34 5 34 59 17 33 78 5
3 83 3 9 71 82 54 81 83
56 0 56 82 53 84 89 55 58 10 17 70 0
31 17 31 43 52 71 82 53 84 89 55 58 36 37 67 72 88 10 17
14 67 14 59 12 66 77 89 55 67
22 75 22 31 43 45 77 75
22 10 22 34 79 88 10
77 66 77 75 88 10 48 52 64 82 53 84 89 55 58 12 66
34 47 34 59 64 71 82 53 84 89 55 58 10 24 27 44 79 88 50 60 47
22 61 22 31 43 52 77 75 82 53 88 61
14 34 14 34
3 54 3 82 54
23 55 23 66 78 17 33 51 44 84 89 55
19 24 19 56 64 82 24
11 60 11 59 64 84 89 55 58 67 72 88 50 60
4 89 4 23 66 78 17 20 88 50 82 53 84 89
1 6 1 2 23 49 72 88 10 17 78 5 6
15 13 15 26 0 13
85 12 85 88 10 48 52 77 89 55 58 12
28 75 28 41 50 60 71 82 53 88 10 48 52 64 84 89 55 67 72 75
31 30 31 56 64 71 82 24 27 29 48 75 88 10 30
11 81 11 88 50 82 54 81
16 10 16 35 39 58 10
31 34 31 43 45 64 84 89 55 58 36 59 12 60 24 27 44 79 88 10 30 34
11 55 11 59 17 78 5 88 50 82 53 84 89 55
18 24 18 22 43 45 77 75 82 24
11 83 11 59 89 55 67 72 88 50 60 47 80 81 83
72 29 72 75 88 10 30 29
56 75 56 64 71 82 53 88 50 60 24 27 29 48 52 77 84 89 55 58 67 72 75
31 45 31 43 45
19 64 19 56 64
59 81 59 17 60 71 82 54 81
3 36 3 64 71 82 53 84 89 55 58 36
78 83 78 5 88 50 60 47 75 80 81 83
40 70 40 78 17 70
34 24 34 59 64 82 24
40 33 40 78 5 79 84 89 55 58 36 59 17 33
42 88 42 62 72 88
26 24 26 0 10 48 52 71 82 24
31 20 31 56 82 53 88 10 17 70 0 20
57 10 57 82 53 84 89 55 58 12 37 72 75 88 10
42 36 42 51 59 89 55 58 36
56 81 56 64 71 82 54 81
63 52 63 17 58 10 48 52
38 67 38 89 55 58 67
1 70 1 39 58 36 50 60 71 82 53 84 89 55 67 72 75 88 10 17 70
38 37 38 89 55 58 36 37
1 12 1 39 58 12
49 30 49 72 88 10 30
31 36 31 43 52 77 48 75 88 10 30 34 53 84 89 55 58 36
85 52 85 88 10 48 52
25 32 25 32
25 17 25 63 17
13 84 13 28 77 89 55 67 72 88 50 60 71 82 24 27 44 84
19 36 19 43 48 52 71 82 53 88 10 17 20 55 58 36
41 66 41 63 17 58 12 66
39 20 39 58 67 72 88 10 17 20
1 88 1 13 26 88
28 50 28 37 51 17 58 10 48 75 82 53 84 89 55 67 72 88 50
3 75 3 82 53 84 89 55 58 36 59 17 20 40 78 5 52 77 48 75
43 52 43 52
14 81 14 42 51 80 81
34 84 34 50 60 24 89 55 58 36 37 67 72 53 84
43 10 43 45 64 71 82 24 89 55 58 36 59 12 50 60 47 75 88 10
20 44 20 55 67 82 24 27 44
64 32 64 71 82 24 89 55 58 36 37 51 17 70 32
39 33 39 58 36 59 12 45 64 71 82 24 89 55 67 72 75 88 10 30 0 13 20 40 78 17 33
1 48 1 37 49 72 88 50 60 47 75 82 53 84 89 55 58 36 59 17 70 0 27 29 48
11 72 11 88 10 30 29 48 75 82 53 84 89 55 67 72
28 12 28 41 63 12
38 89 38 89
8 51 8 9 62 72 53 84 89 55 58 12 60 24 27 78 17 33 51
63 67 63 12 24 89 55 67
63 54 63 52 71 82 24 27 44 84 89 54
64 79 64 71 82 53 84 89 55 58 10 24 27 79
43 44 43 44
77 12 77 89 55 58 36 37 59 12
20 83 20 40 78 81 83
4 30 4 30
41 67 41 57 78 5 79 84 89 55 58 67
22 58 22 31 56 64 84 89 55 67 72 75 82 53 88 10 17 58
35 29 35 59 36 50 82 24 27 29
60 71 60 71
21 73 21 42 62 72 88 10 48 75 82 53 84 89 55 67 73
25 50 25 35 59 36 50
21 37 21 26 17 20 48 75 88 10 30 44 84 89 55 58 12 37
40 81 40 78 17 33 24 27 88 10 48 75 82 53 84 89 55 67 72 81
30 10 30 29 48 75 82 53 88 10
38 59 38 89 55 58 36 59
58 84 58 67 82 53 84
33 48 33 49 72 53 84 89 55 58 77 48
40 34 40 78 5 88 10 30 34
42 50 42 62 72 75 88 50
51 17 51 59 17
3 64 3 9 20 88 10 30 29 48 52 64
3 51 3 9 62 72 53 88 50 82 24 89 55 58 12 37 51
23 66 23 66
62 13 62 72 88 10 24 27 78 17 70 0 13
18 27 18 22 43 48 52 64 71 82 24 27
59 24 59 17 58 36 50 82 24
40 24 40 78 17 58 10 48 52 64 71 82 24
7 32 7 45 64 84 89 55 67 82 53 88 10 17 32
3 47 3 82 53 84 89 55 67 72 75 88 50 60 47
3 12 3 64 84 89 55 58 12
14 51 14 42 51
30 61 30 48 75 88 61
39 0 39 58 12 44 55 67 82 53 88 10 30 0
49 47 49 72 53 88 50 60 47
38 33 38 89 55 58 12 75 88 10 17 33
22 48 22 34 48
31 84 31 56 64 82 24 27 29 48 75 88 10 17 78 5 72 53 84
6 79 6 88 50 60 24 71 82 53 84 89 55 58 12 66 78 5 79
39 64 39 58 36 59 17 60 47 75 82 24 89 55 67 72 88 10 48 52 64
70 36 70 55 58 36
62 17 62 72 88 50 82 24 89 55 58 10 17
14 48 14 59 89 55 67 72 88 50 82 24 27 29 48
23 80 23 67 82 24 89 55 58 10 30 48 75 88 50 60 47 80
35 75 35 39 58 12 75
22 58 22 43 45 64 82 53 84 89 55 58
9 50 9 20 10 24 71 82 53 88 50
38 89 38 89
72 5 72 53 84 89 55 58 36 59 12 75 82 24 27 78 5
62 78 62 72 75 82 53 88 10 17 78
43 73 43 73
51 17 51 17
40 79 40 78 5 6 16 29 48 75 82 24 27 79
21 6 21 42 51 59 36 37 67 82 24 89 55 58 77 75 88 10 17 70 0 27 78 5 6
3 88 3 64 82 24 89 55 67 72 88
34 45 34 48 52 71 82 24 89 55 58 77 75 88 10 17 70 0 13 45
3 52 3 64 84 89 55 58 36 59 17 78 5 52
31 52 31 43 52
77 45 77 89 55 58 10 30 0 45
78 48 78 17 70 0 10 48
40 10 40 78 17 20 10
2 77 2 23 67 72 75 82 53 84 89 55 58 10 17 70 0 45 77
31 17 31 43 45 64 84 89 55 58 36 37 59 17
43 10 43 48 75 88 10
41 36 41 63 17 20 39 58 36
43 84 43 48 88 10 17 33 78 5 64 84
77 66 77 84 89 55 58 12 66
19 70 19 82 53 88 10 17 70
1 78 1 78
28 83 28 41 49 72 81 83
43 5 43 48 52 77 84 89 55 67 82 53 88 10 17 70 0 13 20 40 78 5
22 79 22 34 79
42 67 42 51 67
34 47 34 59 64 84 89 55 67 82 24 27 79 88 50 60 47
35 67 35 59 36 37 72 88 10 30 44 55 67
28 52 28 41 50 60 24 71 82 53 88 10 17 70 0 20 40 78 5 6 37 52
25 80 25 35 39 58 10 17 20 88 50 60 47 80
1 64 1 89 55 58 77 48 52 64
38 33 38 89 55 58 36 37 17 33
37 75 37 0 10 24 71 82 53 88 50 60 47 75
78 47 78 17 58 10 24 27 75 88 50 60 47
62 75 62 72 88 10 48 75
39 29 39 58 10 30 29
8 58 8 28 82 53 84 89 55 58
39 44 39 58 12 44
40 53 40 78 17 60 47 75 88 50 82 53
85 52 85 88 10 17 20 48 52
27 83 27 44 79 84 89 80 81 83
21 37 21 58 36 37
18 16 18 59 36 37 52 77 84 89 55 58 12 66 78 5 6 16
28 27 28 35 39 58 12 24 27
27 5 27 75 82 53 88 10 17 33 78 5
89 50 89 55 58 67 72 88 50
30 54 30 0 20 56 82 54
19 79 19 82 53 84 89 55 67 72 88 10 24 27 44 79
72 36 72 53 88 10 48 52 71 82 24 27 44 55 58 36
20 84 20 48 88 10 24 71 82 53 84
8 27 8 28 35 59 64 84 89 55 67 72 53 88 50 82 24 27
64 48 64 82 53 84 89 55 58 77 48
21 32 21 26 17 70 32
62 32 62 72 88 10 24 27 78 17 32
1 20 1 2 9 20
77 83 77 89 54 81 83
88 84 88 50 60 71 82 53 84
4 81 4 30 44 55 84 89 54 81
82 79 82 24 27 29 48 52 64 84 89 55 67 72 53 88 10 30 44 79
42 70 42 51 67 72 53 84 89 55 58 36 59 17 70
34 75 34 79 84 89 55 58 36 50 60 47 75
39 72 39 58 12 29 48 88 50 60 24 27 44 84 89 55 67 72
77 12 77 48 52 64 71 82 53 84 89 55 67 72 75 88 50 60 24 27 78 17 58 36 59 12
19 54 19 82 24 27 55 84 89 54
72 24 72 88 50 60 71 82 24
31 84 31 56 64 84
62 77 62 72 88 10 48 52 77
8 24 8 41 70 0 45 50 82 24
26 36 26 42 51 59 17 20 55 58 36
42 47 42 51 44 55 58 10 48 52 64 71 82 24 27 75 88 50 60 47
23 61 23 49 72 53 84 89 55 58 36 59 64 61
78 12 78 17 58 12
21 24 21 26 42 62 72 53 84 89 55 58 10 17 78 5 52 71 82 24
18 67 18 59 17 58 67
7 50 7 50
14 88 14 28 37 0 10 24 71 82 53 88
35 89 35 59 64 82 53 84 89
1 58 1 39 58
89 75 89 55 67 82 53 88 50 60 47 75
60 71 60 47 75 82 24 27 78 5 52 64 71
78 48 78 5 75 88 10 30 48
89 79 89 55 58 77 75 88 10 17 78 5 79
8 17 8 40 78 17
1 59 1 37 59
22 0 22 31 43 45 77 84 89 55 58 10 30 0
21 80 21 26 28 35 39 58 77 48 52 71 82 24 27 78 5 75 80
27 5 27 78 5
15 79 15 30 44 79
14 5 14 25 62 72 75 88 10 17 78 5
88 55 88 10 30 48 52 71 82 53 84 89 55
2 77 2 23 37 0 20 48 52 77
31 84 31 43 44 55 84
15 50 15 22 34 59 17 60 47 75 88 10 24 27 44 84 89 55 58 36 50
23 50 23 37 67 72 88 50
7 12 7 89 55 58 12
60 47 60 47
39 70 39 58 10 17 70
70 0 70 0
89 47 89 55 58 10 24 27 88 50 60 47
38 37 38 89 55 58 12 37
56 70 56 64 71 82 53 88 10 17 70
60 73 60 71 82 53 88 10 17 58 77 48 52 64 73
25 36 25 85 88 50 60 47 75 82 53 84 89 55 58 36
77 17 77 75 82 53 88 10 17
33 47 33 24 27 75 88 50 60 47
70 81 70 55 84 89 80 81
39 64 39 58 77 48 52 64
49 0 49 72 53 88 10 17 70 0
42 45 42 51 59 36 37 77 48 88 50 82 24 27 79 84 89 55 58 12 45
57 73 57 72 75 82 53 84 89 55 67 73
78 54 78 17 70 82 54
62 59 62 72 88 10 30 34 59
11 24 11 88 50 82 24
42 81 42 62 72 53 80 81
18 50 18 59 17 58 36 37 51 44 79 88 50
20 29 20 40 78 17 60 24 27 29
88 52 88 10 48 52
38 59 38 89 55 67 82 53 88 10 30 34 59
11 47 11 88 50 60 47
85 75 85 88 10 48 75
23 61 23 66 78 17 60 47 75 88 61
31 67 31 56 82 53 84 89 55 58 67
35 59 35 59
40 27 40 78 5 75 82 24 27
22 47 22 43 52 64 71 82 53 88 50 60 47
8 86 8 62 72 88 50 60 71 82 54 86
35 29 35 39 58 77 84 89 55 67 82 53 88 10 30 29
25 32 25 32
34 86 34 48 88 10 24 71 82 54 86
43 86 43 52 71 82 53 84 89 54 86
6 44 6 16 67 82 24 27 44
14 47 14 28 37 52 64 71 82 24 89 55 58 12 60 47
57 32 57 50 82 24 89 55 58 36 59 17 32
77 84 77 48 52 64 71 82 24 27 78 5 6 16 84
85 81 85 88 10 24 27 44 55 67 72 81
38 30 38 89 55 58 67 82 53 88 10 30
77 84 77 84
18 72 18 59 12 75 88 50 82 53 84 89 55 67 72
31 12 31 56 64 84 89 55 58 12
22 73 22 31 43 45 50 60 24 73
41 12 41 63 12
34 32 34 59 64 84 89 55 67 72 53 88 10 48 75 82 24 27 78 17 32
28 33 28 35 59 89 55 67 82 24 27 75 88 10 17 33
51 45 51 59 64 82 24 27 88 10 17 33 45
64 53 64 82 53
1 73 1 89 55 67 73
14 53 14 34 53
85 53 85 88 50 60 24 89 55 58 12 45 77 75 82 53
39 24 39 58 12 45 50 82 24
21 54 21 42 51 67 72 53 88 10 17 20 55 84 89 54
8 84 8 41 10 24 89 55 84
62 75 62 72 88 10 30 0 89 55 58 77 75
3 71 3 38 89 55 67 72 88 10 24 71
70 83 70 55 84 89 54 81 83
43 86 43 48 75 82 53 88 10 24 27 79 84 89 54 86
22 27 22 31 56 64 82 24 27
49 80 49 72 75 88 10 24 27 79 84 89 80
56 27 56 64 71 82 24 27
25 52 25 63 17 58 36 59 12 66 78 5 6 77 48 52
49 64 49 72 75 82 53 88 10 48 52 77 89 55 58 36 59 64
2 52 2 56 82 24 27 79 84 89 55 58 77 48 52
21 34 21 58 10 30 34
26 84 26 17 33 49 72 53 84
4 37 4 23 37
49 71 49 72 53 88 10 17 20 40 78 5 52 71
31 32 31 56 64 71 82 53 88 10 17 32
21 84 21 26 0 45 50 82 53 84
35 45 35 39 58 12 45
62 30 62 72 75 82 24 27 88 10 30
62 5 62 72 53 88 10 48 52 64 71 82 24 27 78 5
37 54 37 52 71 82 53 84 89 54
56 86 56 64 86
39 75 39 58 12 29 48 52 71 82 53 84 89 55 67 72 75
56 75 56 82 53 88 50 60 47 75
8 27 8 62 72 88 10 17 78 5 52 71 82 24 27
14 24 14 28 41 49 72 88 50 82 24
8 70 8 41 70
1 72 1 2 33 49 72
72 53 72 53
11 88 11 88
3 29 3 37 51 17 70 55 58 67 82 24 27 29
85 0 85 88 10 30 0
88 17 88 10 17
2 55 2 9 53 84 89 55
25 44 25 63 12 44
23 32 23 32
89 67 89 55 67
62 12 62 72 53 84 89 55 58 36 59 12
38 55 38 89 55
11 51 11 59 36 37 51
89 71 89 55 58 77 75 82 53 88 10 24 71
2 24 2 33 24
2 72 2 33 49 72
7 75 7 45 77 75
70 45 70 0 45
28 82 28 82
3 86 3 30 44 84 89 55 67 72 86
89 80 89 80
22 36 22 43 52 64 82 53 84 89 55 58 36
57 5 57 78 5
51 53 51 67 72 88 10 24 27 75 82 53
3 55 3 9 53 84 89 55
33 84 33 24 27 79 88 50 60 47 75 82 53 84
21 29 21 26 17 70 0 10 24 27 29
62 30 62 72 53 84 89 55 67 82 24 27 29 48 75 88 10 30
42 89 42 51 44 84 89
16 0 16 84 89 55 58 67 72 75 88 50 82 24 27 78 17 70 0
85 37 85 88 10 24 27 29 48 52 71 82 53 84 89 55 58 12 37
63 12 63 52 64 82 53 84 89 55 58 12
57 52 57 63 52
11 24 11 88 10 24
14 77 14 25 85 88 10 17 70 55 58 77
22 67 22 31 43 44 79 84 89 55 67
8 48 8 40 78 17 58 10 48
9 84 9 20 88 10 17 70 0 27 55 67 72 53 84
27 47 27 29 48 52 71 82 53 84 89 55 58 67 72 75 88 50 60 47
1 10 1 2 78 17 33 45 50 60 24 89 55 58 10
6 71 6 31 56 82 24 71
19 0 19 62 72 53 88 10 17 33 45 50 82 24 27 44 79 84 89 55 58 36 37 0
16 17 16 29 48 88 50 60 47 75 82 24 89 55 58 10 17
51 53 51 17 58 36 50 60 71 82 53
22 58 22 34 50 82 53 84 89 55 58
19 60 19 56 64 84 89 55 58 10 48 52 71 82 53 88 50 60
22 78 22 43 44 79 88 10 30 34 50 82 24 27 78
62 51 62 72 53 84 89 55 58 67 82 24 27 78 17 33 51
18 81 18 20 56 82 53 80 81
2 60 2 33 51 17 78 5 52 77 75 88 50 60
4 44 4 30 44
51 71 51 44 84 89 55 67 72 88 10 24 71
39 5 39 58 36 50 60 47 75 82 24 27 78 5
31 77 31 56 64 71 82 53 88 10 30 29 48 52 77
11 32 11 59 89 55 58 10 17 70 32
22 37 22 34 59 36 37
4 23 4 23
51 55 51 44 79 84 89 55
89 47 89 55 67 72 75 88 50 60 47
89 81 89 80 81
39 59 39 58 77 84 89 55 67 72 75 88 10 48 52 71 82 24 27 78 17 33 51 59
64 10 64 84 89 55 58 10
56 83 56 82 54 81 83
39 60 39 58 12 29 48 52 71 82 53 84 89 55 67 72 88 50 60
11 78 11 59 12 84 89 55 58 67 82 53 88 10 17 78
39 72 39 58 77 75 88 10 24 71 82 53 84 89 55 67 72
85 88 85 88
14 89 14 28 77 89
14 34 14 34
89 48 89 55 67 82 24 27 78 17 70 0 45 77 48
56 73 56 82 24 27 79 84 89 55 67 73
30 50 30 29 48 52 71 82 53 84 89 55 67 72 75 88 50
15 71 15 22 34 59 36 50 82 24 89 55 67 72 75 88 10 48 52 64 71
2 36 2 82 53 88 10 30 44 84 89 55 58 36
35 47 35 39 58 12 66 77 84 89 55 67 82 53 88 50 60 47
28 50 28 64 84 89 55 58 36 50
82 71 82 53 84 89 55 58 10 24 71
15 50 15 22 43 52 64 71 82 24 89 55 58 12 45 50
16 36 16 67 82 24 27 44 55 58 36
85 81 85 88 10 24 71 82 54 81
28 89 28 41 70 55 67 72 53 88 10 17 60 71 82 24 27 29 48 52 77 84 89
59 10 59 36 37 77 48 88 10
77 80 77 48 75 80
31 37 31 43 45 50 60 24 71 82 53 88 10 30 34 48 52 64 84 89 55 58 36 37
38 37 38 89 55 58 12 37
40 54 40 78 17 60 47 75 88 10 24 71 82 54
49 64 49 72 88 10 17 70 0 45 64
8 32 8 41 57 72 75 82 53 84 89 55 58 10 17 70 32
3 29 3 64 84 89 55 58 12 37 77 75 82 24 27 29
22 80 22 31 56 64 84 89 80
3 89 3 37 17 78 5 6 12 72 88 50 60 71 82 24 89
35 89 35 59 89
41 12 41 63 12
23 45 23 37 51 44 79 84 89 55 67 82 53 88 10 17 33 78 5 6 0 45
9 47 9 24 71 82 53 84 89 55 67 72 88 50 60 47
6 5 6 16 84 89 55 67 72 53 88 10 17 20 40 78 5
27 54 27 78 17 58 10 30 44 84 89 55 67 72 53 88 50 60 47 75 82 54
34 75 34 53 84 89 55 58 10 17 78 5 79 88 50 60 47 75
19 71 19 56 82 53 88 50 60 71
85 88 85 88
64 79 64 82 53 88 10 30 34 79
85 47 85 88 10 24 71 82 53 84 89 55 58 36 50 60 47
39 84 39 58 77 48 88 10 17 33 24 89 55 67 72 53 84
23 80 23 80
43 45 43 45
4 23 4 23
89 52 89 55 58 10 30 48 88 50 60 71 82 24 27 78 5 52
70 45 70 0 45
1 44 1 13 28 37 51 59 12 44
3 83 3 27 75 80 81 83
38 44 38 89 55 67 82 24 27 44
16 17 16 29 48 52 64 71 82 53 88 10 17
9 54 9 75 88 10 17 78 5 52 71 82 54
39 89 39 58 77 75 88 10 30 48 52 71 82 53 84 89
4 20 4 82 53 84 89 55 67 72 75 88 10 30 0 13 20
2 71 2 78 5 72 53 84 89 55 67 82 24 71
28 55 28 64 84 89 55
35 36 35 39 58 36
1 26 1 13 26
13 32 13 20 10 17 70 32
16 54 16 54
21 89 21 26 0 10 24 89
63 17 63 17
85 55 85 88 10 48 75 82 24 89 55
89 71 89 55 67 82 53 88 50 60 24 71
70 67 70 82 53 84 89 55 67
4 84 4 70 82 53 84
25 61 25 63 17 33 51 61
40 5 40 78 5
22 45 22 43 45
42 44 42 51 59 12 50 60 24 27 44
9 24 9 24
63 36 63 17 78 5 52 77 84 89 55 58 36
2 72 2 56 82 53 84 89 55 67 72
21 10 21 58 36 50 60 24 71 82 53 84 89 55 67 72 75 88 10
11 67 11 59 64 71 82 53 84 89 55 67
70 83 70 81 83
78 32 78 17 32
60 48 60 47 75 88 10 30 44 79 84 89 55 58 77 48
30 29 30 29
7 45 7 45
39 54 39 58 36 37 48 88 10 24 27 55 84 89 54
22 66 22 43 45 64 82 53 84 89 55 58 12 66
51 44 51 44
14 36 14 34 50 60 24 27 29 48 88 10 17 58 36
56 10 56 64 84 89 55 67 82 24 27 29 48 88 10
14 17 14 59 17
9 75 9 20 39 58 67 72 75
88 52 88 10 48 52
14 79 14 34 79
59 55 59 17 70 82 53 88 10 30 44 79 84 89 55
58 73 58 12 37 17 60 71 82 24 27 75 88 10 48 52 77 84 89 55 67 73
21 78 21 26 17 78
21 48 21 26 0 13 75 88 50 82 53 84 89 55 58 12 66 77 48
25 5 25 79 84 89 55 67 72 88 10 30 34 59 12 75 82 24 27 78 5
77 12 77 75 82 24 27 78 17 70 55 58 12
41 10 41 57 50 60 47 75 88 10
27 79 27 44 79
38 10 38 89 55 58 10
64 84 64 71 82 53 84
19 24 19 82 24
7 17 7 89 55 58 36 37 17
51 55 51 44 79 84 89 55
19 53 19 38 89 55 67 82 53
42 66 42 51 44 84 89 55 58 12 66
27 79 27 44 79
3 51 3 82 53 84 89 55 58 67 72 88 10 17 33 51
14 79 14 59 12 66 78 5 79
15 73 15 26 73
60 53 60 71 82 53
22 10 22 43 44 55 58 10
6 45 6 71 82 53 84 89 55 58 77 75 88 10 30 0 45
25 50 25 63 52 64 82 53 84 89 55 58 12 24 27 29 48 88 10 30 0 45 50
42 61 42 62 72 88 61
60 86 60 24 71 82 54 86
63 84 63 17 58 36 50 82 53 84
77 75 77 84 89 55 58 10 24 27 75
39 79 39 58 67 82 24 27 44 79
30 36 30 29 48 88 10 24 71 82 53 84 89 55 58 36
21 50 21 42 51 44 79 84 89 55 58 10 30 0 20 40 78 5 52 64 82 53 88 50
34 5 34 48 88 50 82 24 89 55 58 10 17 78 5
56 24 56 82 53 88 10 24
62 81 62 72 53 80 81
77 55 77 84 89 55
15 44 15 22 43 44
7 44 7 43 44
35 6 35 39 58 10 17 33 49 72 88 50 60 47 75 82 24 27 78 5 6
8 52 8 41 10 30 34 48 52
21 33 21 58 12 29 48 52 77 84 89 55 67 82 53 88 10 17 33
51 81 51 67 72 75 80 81
72 54 72 53 84 89 54
70 50 70 0 20 40 78 5 75 88 50
64 24 64 71 82 53 84 89 55 58 77 75 88 50 60 24
82 73 82 24 73
3 50 3 30 44 84 89 55 67 72 88 50
77 44 77 75 88 50 60 24 27 44
40 75 40 78 5 75
9 0 9 75 88 10 30 0
15 55 15 22 31 56 64 84 89 55
30 5 30 29 48 75 82 53 88 10 17 60 24 27 78 5
40 79 40 78 5 79
9 66 9 20 88 10 24 27 79 84 89 55 58 12 66
31 67 31 56 64 84 89 55 67
6 67 6 71 82 24 27 44 79 84 89 55 67
21 71 21 42 62 72 75 82 24 71
7 50 7 89 55 58 10 24 27 75 88 50
60 55 60 24 71 82 53 84 89 55
19 50 19 62 72 88 50
19 47 19 43 52 71 82 24 27 75 88 50 60 47
27 12 27 75 82 53 84 89 55 58 36 37 59 12
77 53 77 89 55 58 67 72 53
62 6 62 72 75 88 50 82 24 27 78 5 6
11 72 11 88 10 24 27 78 5 52 71 82 53 84 89 55 67 72
15 71 15 26 17 58 67 72 53 88 50 82 24 27 78 5 64 71
16 54 16 67 82 54
2 44 2 23 66 77 84 89 55 58 67 82 53 88 10 24 27 44
2 66 2 23 66
28 17 28 41 50 60 47 75 88 10 17
49 83 49 72 81 83
4 33 4 49 72 88 10 17 33
77 75 77 75
7 10 7 64 71 82 53 84 89 55 67 72 75 88 10
34 29 34 50 60 47 75 82 53 88 10 24 27 29
4 77 4 49 72 75 82 24 27 29 48 52 77
63 71 63 52 64 71
20 52 20 10 17 78 5 52
20 29 20 56 82 24 27 29
59 83 59 36 50 60 47 75 80 81 83
39 60 39 58 77 75 88 50 60
60 54 60 24 89 54
30 12 30 0 20 10 24 89 55 58 12
28 47 28 37 52 77 89 55 58 10 24 71 82 53 88 50 60 47
13 47 13 52 64 84 89 55 67 82 24 27 29 48 88 50 60 47
72 5 72 53 88 50 82 24 89 55 58 36 59 17 78 5
82 67 82 24 89 55 67
4 58 4 49 72 88 50 82 53 84 89 55 58
19 12 19 56 64 71 82 53 84 89 55 58 12
18 50 18 59 89 55 67 72 88 50
6 55 6 12 45 77 89 55
78 75 78 5 75
40 48 40 78 17 33 49 72 75 88 50 60 24 27 44 55 58 10 30 48
62 10 62 72 75 88 50 82 53 84 89 55 58 10
38 81 38 89 55 58 67 82 54 81
18 50 18 22 34 50
3 53 3 9 24 27 75 82 53
49 55 49 72 88 10 48 75 82 53 84 89 55
62 54 62 72 75 88 10 17 60 71 82 24 89 54
49 81 49 72 53 84 89 54 81
56 80 56 82 24 89 55 67 72 88 50 60 47 75 80
13 79 13 84 89 55 67 72 53 88 50 60 47 75 82 24 27 44 79
42 89 42 62 72 53 84 89
89 71 89 55 67 82 24 71
82 67 82 53 84 89 55 58 67
57 53 57 78 5 64 82 53
3 17 3 9 24 27 78 17
35 79 35 39 58 12 75 82 53 84 89 55 67 72 88 50 60 24 27 79
37 36 37 72 75 88 50 82 53 84 89 55 58 36
3 72 3 64 84 89 55 67 72
38 84 38 89 55 84
15 60 15 30 48 52 71 82 24 89 55 58 36 50 60
42 44 42 51 44
40 72 40 78 5 75 82 53 88 10 30 44 84 89 55 67 72
42 50 42 51 17 33 49 72 75 88 50
4 33 4 82 24 27 75 88 10 17 33
82 53 82 24 89 55 67 72 53
2 29 2 9 24 71 82 53 84 89 55 58 12 29
28 20 28 77 89 55 58 36 59 17 20
56 78 56 82 53 88 10 17 78
7 32 7 64 71 82 24 27 75 88 10 17 32
35 50 35 59 36 50
2 71 2 78 5 88 50 60 71
56 34 56 82 53 88 10 30 34
20 17 20 56 82 24 27 79 84 89 55 67 72 88 10 17
39 55 39 58 67 82 24 89 55
85 52 85 88 50 60 47 75 82 24 89 55 58 10 17 20 48 52
30 71 30 29 48 75 88 10 24 71
25 66 25 82 53 84 89 55 58 12 66
8 79 8 9 20 40 78 17 33 45 64 71 82 53 84 89 55 58 12 24 27 44 79
60 24 60 24
19 77 19 43 45 77
2 17 2 78 17
14 44 14 59 12 84 89 55 58 77 75 82 24 27 44
40 5 40 78 5
11 72 11 59 12 72
22 80 22 31 43 48 52 80
9 36 9 53 84 89 55 58 36
77 67 77 89 55 67
39 53 39 58 10 24 89 55 67 82 53
78 79 78 5 79
4 5 4 49 72 75 88 10 24 27 78 5
34 50 34 53 88 50
25 32 25 32
82 45 82 24 89 55 58 77 48 75 88 10 17 33 45
22 58 22 31 43 44 79 88 10 24 71 82 53 84 89 55 58
4 83 4 70 81 83
40 10 40 78 17 58 77 75 88 10
57 5 57 72 53 88 10 17 20 40 78 5
57 47 57 63 52 64 84 89 55 58 36 50 60 47
15 52 15 22 31 43 52
2 73 2 82 53 84 89 55 58 67 73
11 71 11 88 50 82 24 71
1 48 1 7 62 72 53 84 89 55 58 12 75 82 24 27 79 88 10 17 70 0 20 40 78 5 6 16 29 48
62 17 62 72 75 88 10 17
35 5 35 39 58 36 37 49 72 53 88 10 17 78 5
41 86 41 49 72 88 50 82 24 89 54 86
21 86 21 26 42 51 86
64 86 64 82 54 86
62 24 62 72 53 88 50 82 24
59 5 59 36 37 17 20 48 52 71 82 53 84 89 55 67 72 88 50 60 24 27 78 5
28 36 28 64 84 89 55 58 36
42 77 42 51 59 89 55 58 77
26 12 26 88 10 48 75 82 53 84 89 55 58 12
15 43 15 22 43
35 59 35 59
14 33 14 25 33
77 12 77 89 55 58 12
26 75 26 17 60 47 75
88 5 88 10 48 75 82 24 27 78 5
37 67 37 51 17 60 47 75 88 10 30 29 48 52 64 84 89 55 67
27 79 27 79
70 10 70 0 10
63 32 63 17 32
7 75 7 89 55 58 36 50 60 71 82 24 27 78 17 33 49 72 53 88 10 48 75
78 54 78 5 6 37 49 72 88 50 82 54
8 24 8 9 53 88 10 17 20 56 64 84 89 55 67 72 75 82 24
33 5 33 45 50 82 24 27 78 5
19 12 19 82 53 88 10 30 0 45 64 84 89 55 58 36 37 59 12
39 84 39 58 12 50 60 24 71 82 53 84
18 89 18 59 36 50 60 71 82 53 84 89
39 36 39 58 36
26 75 26 28 64 71 82 24 27 78 17 70 0 45 50 60 47 75
1 13 1 13
14 20 14 25 0 20
30 55 30 48 88 50 60 71 82 24 89 55
49 52 49 72 53 84 89 55 58 77 48 52
30 61 30 34 59 36 50 60 47 75 82 53 88 61
31 0 31 56 64 84 89 55 67 82 24 27 78 17 60 47 75 88 10 30 0
26 84 26 0 13 84
39 81 39 58 77 48 75 88 10 24 71 82 53 80 81
2 30 2 9 62 72 53 88 10 30
9 48 9 20 48
14 20 14 42 51 59 17 20
19 61 19 43 52 71 82 53 84 89 55 67 72 75 88 10 17 20 40 78 5 64 61
14 86 14 25 38 89 54 86
33 80 33 62 72 88 10 17 70 0 27 44 84 89 55 58 36 50 82 53 80
19 59 19 56 64 82 24 89 55 58 36 37 51 59
15 48 15 30 29 48
37 86 37 49 72 88 10 24 89 54 86
33 5 33 62 72 75 88 10 17 78 5
42 64 42 62 72 88 10 17 58 77 48 52 64
22 53 22 31 43 44 79 84 89 55 58 67 82 53
1 17 1 78 5 6 31 43 52 64 71 82 53 88 10 17
42 24 42 62 72 53 88 10 24
85 77 85 88 50 82 53 84 89 55 58 77
1 45 1 37 0 45
56 10 56 82 24 27 79 88 10
88 79 88 10 30 0 45 77 84 89 55 67 72 75 82 24 27 79
20 53 20 39 58 77 48 88 10 24 27 79 84 89 55 67 72 75 82 53
43 66 43 44 84 89 55 58 36 59 12 66
14 58 14 59 17 78 5 79 84 89 55 58
49 0 49 72 88 10 17 70 0
8 72 8 41 49 72
42 73 42 62 72 88 10 48 52 77 75 82 53 84 89 55 58 12 73
21 89 21 42 62 72 88 10 48 52 64 71 82 53 84 89
3 88 3 64 82 53 88
25 0 25 0
42 54 42 62 72 88 10 30 29 48 75 82 54
2 81 2 56 64 71 82 53 84 89 54 81
16 5 16 84 89 55 67 82 24 27 78 5
1 58 1 37 48 52 77 89 55 58
18 47 18 22 31 56 82 53 84 89 55 58 77 75 88 50 60 47
35 83 35 59 64 82 53 84 89 54 81 83
20 47 20 10 24 89 55 67 82 53 88 50 60 47
6 29 6 16 84 89 55 67 72 53 88 50 82 24 27 29
14 72 14 42 62 72
51 79 51 44 79
35 88 35 39 58 36 37 67 72 75 82 53 88
63 83 63 12 66 77 48 75 80 81 83
22 27 22 31 43 52 71 82 24 27
1 77 1 49 72 75 88 50 82 53 84 89 55 58 77
2 58 2 33 62 72 53 84 89 55 58
77 84 77 48 88 50 60 71 82 53 84
15 79 15 26 88 10 24 27 79
72 50 72 75 88 50
26 73 26 88 50 82 24 73
3 24 3 9 24
14 5 14 42 51 44 84 89 55 58 77 75 82 53 88 10 17 78 5
7 50 7 14 25 82 53 88 50
70 47 70 82 24 27 78 5 88 50 60 47
88 83 88 10 17 70 55 67 72 53 84 89 54 81 83
49 50 49 72 88 50
56 29 56 64 84 89 55 58 67 82 24 27 29
33 52 33 51 59 36 37 49 72 75 82 53 88 10 48 52
11 80 11 88 50 60 47 80
77 47 77 75 88 10 24 27 78 17 60 47
4 84 4 30 44 55 84
82 83 82 54 81 83
70 0 70 55 58 36 37 0
64 45 64 84 89 55 67 82 53 88 10 17 70 0 45
3 71 3 64 71
43 86 43 48 88 10 30 44 55 58 67 72 86
60 48 60 47 75 82 53 88 10 30 48
59 80 59 17 58 67 72 75 80
22 82 22 43 52 64 82
56 84 56 64 84
64 32 64 82 53 88 10 17 32
42 24 42 62 72 75 82 24
8 6 8 40 78 5 6
49 45 49 72 75 88 10 48 52 64 71 82 53 84 89 55 58 12 37 0 45
28 50 28 64 71 82 24 27 29 48 52 77 84 89 55 67 72 88 50
19 32 19 43 45 50 82 53 84 89 55 67 72 88 10 17 32
6 24 6 77 75 88 50 60 71 82 24
37 80 37 0 27 88 50 60 71 82 53 80
28 27 28 37 17 20 55 58 36 50 60 24 27
85 86 85 88 50 82 54 86
77 12 77 89 55 58 12
8 47 8 40 78 5 64 82 53 84 89 55 67 72 75 88 50 60 47
7 71 7 64 82 53 88 10 48 52 71
8 70 8 41 70
85 80 85 88 10 48 52 80
41 44 41 10 30 48 75 88 50 60 24 27 44
31 47 31 56 64 71 82 24 89 55 67 72 53 88 50 60 47
34 50 34 50
22 83 22 31 56 64 71 82 24 27 44 55 67 72 53 80 81 83
39 77 39 58 77
35 72 35 39 58 67 72
19 54 19 43 45 77 48 75 82 54
18 29 18 22 31 43 48 52 71 82 24 27 75 88 10 30 29
40 82 40 78 17 58 67 82
25 75 25 52 77 75
19 72 19 62 72
89 48 89 55 58 36 59 17 20 48
70 5 70 82 24 27 88 10 17 78 5
35 70 35 59 64 71 82 24 27 29 48 88 10 17 70
7 10 7 64 82 24 27 55 58 12 29 48 75 88 10
27 81 27 29 48 52 64 84 89 80 81
11 77 11 59 36 50 60 24 71 82 53 88 10 30 48 52 77
38 47 38 89 55 58 10 30 34 79 88 50 60 47
51 50 51 59 36 50
49 89 49 72 75 82 53 84 89
31 59 31 56 82 53 84 89 55 58 36 37 59
89 24 89 55 58 67 72 88 10 24
38 81 38 89 55 67 82 53 80 81
3 9 3 9
28 67 28 37 48 52 64 84 89 55 67
21 59 21 58 36 59
39 84 39 58 12 84
39 29 39 58 10 30 29
42 60 42 51 44 79 84 89 55 67 82 53 88 50 60
42 64 42 51 59 89 55 58 77 48 52 64
78 0 78 17 58 10 30 0
11 66 11 59 17 58 12 66
40 84 40 78 17 58 10 30 0 89 55 84
56 71 56 82 53 84 89 55 58 67 72 88 10 30 29 48 52 71
43 80 43 45 77 48 75 80
77 12 77 75 88 10 48 52 71 82 53 84 89 55 58 12
38 59 38 89 55 58 36 37 59
49 82 49 72 88 10 17 70 0 89 55 67 82
39 29 39 58 36 59 12 29
30 67 30 34 48 88 10 17 33 51 59 12 66 77 84 89 55 67
57 53 57 82 53
15 81 15 30 48 88 10 17 70 0 89 55 67 72 81
43 24 43 45 77 75 88 50 60 24
23 67 23 37 59 17 70 0 13 28 35 39 58 67
33 81 33 49 72 75 88 10 48 52 80 81
16 61 16 67 82 53 84 89 55 58 12 60 47 75 88 61
19 55 19 43 48 52 77 89 55
82 29 82 24 27 29
28 17 28 41 50 82 53 88 10 17
18 80 18 59 12 50 60 71 82 53 80
7 73 7 50 82 24 73
51 71 51 17 60 71
70 12 70 0 45 77 84 89 55 58 12
18 82 18 59 64 82
82 0 82 24 27 75 88 10 30 0
62 64 62 72 75 88 50 82 53 84 89 55 58 77 48 52 64
35 52 35 59 64 84 89 55 67 72 53 88 10 30 48 52
4 79 4 23 37 67 72 53 84 89 55 58 77 75 82 24 27 79
19 13 19 82 24 27 75 88 10 17 70 0 13
22 79 22 43 52 77 48 88 10 17 78 5 79
78 81 78 81
40 54 40 78 17 20 39 58 10 30 0 27 44 55 67 72 53 84 89 54
39 0 39 58 36 50 60 71 82 24 27 75 88 10 30 0
22 59 22 34 53 88 50 82 24 27 44 55 58 36 59
1 33 1 2 33
39 60 39 58 67 72 53 88 50 60
70 83 70 55 58 10 48 88 50 60 24 83
4 52 4 49 72 53 88 10 30 29 48 52
60 47 60 47
22 29 22 31 43 52 77 48 75 82 24 89 55 67 72 88 10 30 29
21 12 21 58 36 59 12
38 60 38 89 55 58 36 50 60
39 47 39 58 12 44 84 89 55 67 72 88 50 82 24 27 78 17 60 47
28 63 28 41 63
35 34 35 39 58 77 89 55 67 72 53 88 10 30 34
85 75 85 88 50 60 71 82 24 27 29 48 52 77 89 55 67 72 75
6 84 6 77 48 52 71 82 24 89 55 84
30 73 30 48 88 50 60 47 75 82 53 84 89 55 58 67 73
38 44 38 89 55 67 82 53 88 10 24 27 44
16 32 16 35 39 58 67 72 53 88 50 60 47 75 82 24 27 78 17 32
25 71 25 82 53 84 89 55 67 72 75 88 50 60 24 71
7 29 7 14 42 51 17 33 24 27 29
21 58 21 58
60 75 60 47 75
11 12 11 59 12
63 47 63 17 70 0 27 29 48 88 50 60 47
1 20 1 7 43 45 64 71 82 53 84 89 55 58 36 37 17 20
3 16 3 9 75 82 24 27 79 84 89 55 58 12 66 78 5 6 16
25 73 25 85 88 10 48 52 71 82 53 84 89 55 67 73
35 30 35 39 58 77 75 88 10 30
20 36 20 39 58 36
33 32 33 51 17 70 32
2 37 2 23 37
2 50 2 33 45 50
21 71 21 42 62 72 75 82 53 84 89 55 58 77 48 52 64 71
42 51 42 51
85 45 85 88 10 30 44 84 89 55 58 12 45
3 84 3 9 62 72 88 50 60 24 71 82 53 84
39 70 39 58 77 48 88 50 60 71 82 24 27 78 17 70
22 79 22 34 79
14 0 14 25 0
41 0 41 63 52 64 82 53 84 89 55 58 77 75 88 10 17 70 0
88 5 88 10 17 78 5
27 0 27 75 88 10 30 0
37 44 37 52 77 89 55 67 72 75 88 50 82 24 27 44
37 79 37 67 82 53 84 89 55 58 10 30 34 79
64 32 64 82 24 27 78 17 70 32
7 55 7 64 82 53 88 10 17 70 0 89 55
88 12 88 50 82 53 84 89 55 58 12
14 5 14 34 59 36 50 60 47 75 88 10 17 78 5
6 71 6 0 13 20 40 78 17 58 10 48 88 50 60 71
58 83 58 77 84 89 55 67 82 24 83
28 12 28 64 71 82 24 27 78 17 70 55 58 12
60 81 60 24 71 82 53 80 81
23 36 23 37 67 72 53 88 10 48 75 82 24 89 55 58 36
25 29 25 85 88 50 82 53 84 89 55 58 10 30 29
1 80 1 13 29 48 75 88 50 82 53 80
1 73 1 39 58 10 48 52 77 84 89 55 67 73
85 61 85 88 61
39 60 39 58 12 50 60
70 12 70 0 45 64 82 53 84 89 55 67 72 75 88 10 24 27 78 5 6 37 59 12
60 50 60 24 71 82 53 88 50
58 10 58 67 82 53 88 10
4 89 4 49 72 53 84 89
72 24 72 88 50 82 24
27 5 27 78 5
16 52 16 35 59 17 78 5 88 10 30 29 48 52
11 48 11 88 50 60 24 71 82 53 84 89 55 58 10 17 20 48
60 44 60 24 89 55 67 72 75 88 10 17 33 51 44
4 67 4 82 24 89 55 67
49 88 49 72 88
11 66 11 59 12 66
8 83 8 62 72 81 83
62 37 62 72 88 50 82 24 89 55 58 36 37
43 83 43 48 75 88 10 30 83
15 89 15 22 34 79 88 10 17 70 55 58 12 84 89
25 10 25 63 52 71 82 24 27 29 48 88 10
2 89 2 23 37 52 77 84 89
43 80 43 45 64 84 89 55 67 72 88 50 82 53 80
14 41 14 28 41
82 53 82 53
19 29 19 43 48 52 77 75 82 53 84 89 55 67 72 88 10 30 0 45 50 60 24 27 29
38 75 38 89 55 58 77 48 75
20 67 20 39 58 36 37 17 78 5 52 71 82 24 89 55 67
40 6 40 78 5 6
56 34 56 82 53 84 89 55 58 36 59 12 29 48 75 88 10 30 34
31 77 31 43 52 64 84 89 55 58 77
14 12 14 59 12
4 86 4 23 49 72 86
38 48 38 89 55 58 77 48
35 54 35 59 12 37 51 67 72 53 84 89 55 58 36 50 60 24 27 29 48 88 10 30 0 13 20 40 78 5 64 71 82 54
39 47 39 58 10 24 71 82 53 84 89 55 67 72 75 88 50 60 47
57 54 57 63 52 71 82 54
13 53 13 26 0 20 56 64 71 82 53
57 54 57 45 50 82 54
2 83 2 33 49 72 81 83
26 83 26 0 27 79 88 50 60 47 80 81 83
8 29 8 40 78 5 72 75 88 10 24 89 55 58 12 29
9 12 9 62 72 75 88 10 17 70 0 20 56 82 53 84 89 55 58 12
30 81 30 44 55 67 82 54 81
11 89 11 59 36 37 72 53 84 89
26 83 26 28 37 17 60 24 83
25 48 25 35 59 64 82 53 84 89 55 58 77 75 88 10 24 27 29 48
14 47 14 59 64 82 53 84 89 55 58 67 72 75 88 50 60 47
85 36 85 88 10 48 75 82 24 89 55 58 36
39 58 39 58
49 75 49 72 75
40 6 40 78 5 6
70 79 70 0 13 60 71 82 24 27 44 79
28 78 28 41 10 17 33 78
59 32 59 64 84 89 55 58 12 60 47 75 88 50 82 24 27 78 17 70 32
64 86 64 86
27 50 27 75 88 50
51 75 51 17 78 5 75
22 17 22 31 43 44 79 84 89 55 67 82 53 88 10 17
33 44 33 51 44
21 26 21 26
41 50 41 49 72 75 88 50
33 81 33 24 71 82 54 81
8 86 8 40 78 17 20 10 30 29 48 52 64 84 89 54 86
4 80 4 70 0 45 50 60 71 82 24 89 55 58 12 66 78 5 79 88 10 48 75 80
41 79 41 50 60 47 75 88 10 17 78 5 79
37 54 37 48 88 10 30 44 79 84 89 55 58 77 75 82 54
43 44 43 44
30 0 30 0
28 61 28 41 10 24 27 79 88 61
85 10 85 88 10
70 73 70 0 20 88 50 82 24 73
16 84 16 67 82 53 84
8 12 8 62 72 88 10 30 44 79 84 89 55 58 12
63 50 63 17 20 39 58 67 72 53 88 50
43 80 43 52 64 82 53 80
28 53 28 41 10 17 70 82 53
20 47 20 10 24 89 55 67 72 88 50 60 47
42 33 42 51 17 33
8 57 8 41 57
39 47 39 58 36 50 60 47
70 10 70 0 27 75 88 10
35 58 35 59 36 50 82 53 88 10 17 58
19 29 19 38 89 55 67 82 24 27 29
9 50 9 75 82 53 84 89 55 67 72 88 50
28 67 28 35 59 17 20 56 82 53 84 89 55 67
85 52 85 88 10 30 29 48 52
34 80 34 59 36 50 60 71 82 24 27 88 10 48 75 80
26 5 26 17 20 40 78 5
56 86 56 64 71 82 24 27 55 84 89 54 86
37 54 37 0 13 20 10 48 75 82 53 84 89 54
4 0 4 30 0
89 17 89 55 58 10 17
3 55 3 9 20 56 82 53 84 89 55
43 55 43 44 79 84 89 55
39 83 39 58 36 50 82 54 81 83
49 50 49 72 75 82 24 27 29 48 88 50
28 64 28 64
18 47 18 20 48 88 50 60 47
33 53 33 51 59 89 55 58 67 72 53
43 52 43 52
28 50 28 77 48 75 82 53 88 50
38 24 38 89 55 67 82 24
14 50 14 25 0 45 50
8 33 8 9 24 89 55 58 36 59 12 50 60 47 75 88 10 17 33
56 30 56 64 82 24 89 55 58 10 30
16 53 16 35 59 17 60 47 75 88 10 48 52 77 84 89 55 67 72 53
21 81 21 58 36 81
11 45 11 59 12 45
49 44 49 72 88 50 60 71 82 24 27 44
39 61 39 58 77 84 89 55 67 72 53 88 61
49 33 49 72 88 10 17 33
7 73 7 89 55 58 12 73
28 17 28 35 39 58 36 59 17
18 37 18 22 34 59 64 84 89 55 58 36 37
3 52 3 82 53 84 89 55 58 77 75 88 10 24 27 29 48 52
38 53 38 89 55 67 82 53
3 17 3 27 44 79 84 89 55 58 10 17
70 36 70 0 20 48 52 77 84 89 55 67 72 75 88 10 17 58 36
27 75 27 29 48 52 71 82 53 88 10 24 89 55 67 72 75
30 66 30 0 10 24 27 78 5 88 50 60 71 82 53 84 89 55 58 36 59 12 66
60 55 60 24 27 55
21 27 21 42 62 72 53 84 89 55 67 82 24 27
62 84 62 72 75 82 53 88 10 30 48 52 77 89 55 84
38 17 38 89 55 67 72 88 50 60 47 75 82 24 27 78 17
40 30 40 78 17 20 56 64 84 89 55 58 10 30
4 75 4 30 29 48 75
89 81 89 80 81
21 80 21 26 80
3 34 3 37 51 44 55 58 77 75 82 53 88 10 30 34
70 79 70 82 53 84 89 55 67 72 88 10 24 27 79
35 24 35 39 58 12 24
64 50 64 71 82 53 84 89 55 58 10 24 27 75 88 50
22 79 22 34 48 52 71 82 53 84 89 55 58 10 24 27 79
16 10 16 67 82 53 84 89 55 58 36 59 17 20 10
62 47 62 72 75 82 53 88 50 60 47
41 61 41 50 60 24 27 78 17 70 82 53 88 61
18 80 18 20 48 52 71 82 24 89 80
58 66 58 12 66
1 17 1 49 72 53 84 89 55 67 82 24 27 75 88 10 17
16 75 16 35 59 12 37 67 72 53 84 89 55 58 36 50 60 47 75
82 55 82 53 84 89 55
33 54 33 49 72 88 10 24 27 79 84 89 54
2 29 2 9 71 82 24 27 29
22 89 22 43 48 75 82 24 89
27 86 27 29 48 52 64 86
59 61 59 64 71 82 53 88 61
18 83 18 20 39 58 12 75 82 54 81 83
1 79 1 89 55 67 72 88 50 60 47 75 82 24 27 44 79
2 20 2 23 66 78 17 20
4 59 4 30 34 59
22 60 22 31 43 52 64 84 89 55 67 72 88 10 17 60
4 80 4 49 72 53 84 89 80
40 50 40 78 17 33 45 50
56 72 56 64 82 53 88 10 30 44 84 89 55 58 67 72
42 51 42 51
64 44 64 82 24 27 55 58 77 75 88 10 30 44
21 51 21 42 51
82 79 82 53 84 89 55 58 10 48 75 88 50 60 24 27 79
89 75 89 55 67 72 75
56 88 56 64 71 82 53 84 89 55 67 72 88
85 79 85 88 10 30 48 75 82 53 84 89 55 58 36 59 12 44 79
30 73 30 34 48 88 10 24 71 82 53 84 89 55 58 67 73
31 89 31 43 52 77 89
18 60 18 59 89 55 58 67 72 75 88 50 60
19 88 19 38 89 55 58 36 37 59 12 75 82 53 88
38 10 38 89 55 67 82 53 88 10
2 71 2 82 24 71
85 80 85 88 10 30 34 79 84 89 55 58 77 75 82 53 80
88 71 88 50 60 24 71
58 17 58 12 45 50 60 47 75 88 10 17
43 75 43 48 88 50 60 24 89 55 58 77 75
26 79 26 88 10 30 44 55 58 36 37 49 72 75 82 24 27 79
19 64 19 56 64
16 61 16 35 39 58 67 72 75 88 61
2 67 2 56 82 24 89 55 58 67
62 37 62 72 88 10 24 89 55 58 36 37
89 80 89 55 67 82 53 80
7 29 7 57 78 5 88 50 60 47 75 82 24 27 29
14 61 14 59 64 61
21 34 21 58 10 30 34
89 86 89 55 67 82 54 86
3 75 3 9 62 72 88 50 60 24 71 82 53 84 89 55 58 10 17 70 0 45 77 75
20 5 20 40 78 5
35 34 35 59 36 50 60 47 75 82 53 88 10 30 34
11 81 11 59 17 60 71 82 54 81
8 37 8 28 37
25 54 25 79 84 89 54
39 51 39 58 12 37 51
70 24 70 0 45 50 82 53 88 10 24
9 29 9 71 82 24 27 29
89 83 89 54 81 83
35 37 35 59 36 37
18 84 18 22 43 44 84
58 12 58 12
15 83 15 30 48 75 88 10 24 83
40 32 40 78 17 32
70 81 70 55 58 10 30 44 79 88 50 82 53 80 81
1 48 1 13 26 28 41 57 72 88 10 48
28 13 28 41 63 52 71 82 53 84 89 55 58 67 72 88 10 17 70 0 13
7 24 7 89 55 67 72 53 88 10 30 34 48 75 82 24
8 53 8 62 72 75 88 10 48 52 77 84 89 55 67 82 53
64 73 64 73
3 71 3 30 44 79 84 89 55 67 82 53 88 50 60 71
31 30 31 43 45 50 82 24 27 75 88 10 30
38 70 38 89 55 58 67 82 24 27 29 48 75 88 10 17 70
85 17 85 88 50 60 47 75 82 24 27 78 17
15 75 15 22 31 56 82 53 84 89 55 58 77 48 75
6 17 6 31 56 82 24 27 44 79 88 10 17
11 81 11 88 10 48 52 64 84 89 80 81
3 30 3 30
18 70 18 20 56 82 24 27 78 17 70
21 37 21 58 36 37
33 55 33 62 72 75 82 24 27 79 88 10 48 52 77 84 89 55
41 29 41 63 17 58 10 30 29
38 36 38 89 55 58 36
51 55 51 67 72 53 84 89 55
30 79 30 44 79
21 78 21 42 51 67 72 75 82 53 84 89 55 58 12 50 60 24 27 78
8 36 8 9 75 82 24 89 55 58 36
77 71 77 48 52 64 84 89 55 58 10 24 71
37 80 37 77 89 80
88 81 88 10 24 27 79 84 89 80 81
26 36 26 17 78 5 6 88 50 82 53 84 89 55 58 36
13 84 13 84
62 89 62 72 75 82 53 88 10 48 52 77 84 89
38 45 38 89 55 58 10 17 70 0 45
33 54 33 62 72 88 50 82 54
42 71 42 51 67 82 53 88 10 30 0 13 60 71
58 54 58 77 84 89 54
38 45 38 89 55 67 72 88 10 17 70 0 45
43 36 43 48 88 10 17 58 36
16 48 16 67 72 88 50 82 53 84 89 55 58 12 45 77 48
43 81 43 45 77 84 89 80 81
28 37 28 37
56 52 56 82 24 27 29 48 75 88 10 30 34 59 17 58 36 37 52
15 0 15 30 0
42 82 42 62 72 53 88 50 60 71 82
20 5 20 40 78 5
41 45 41 57 50 60 71 82 53 88 10 17 33 45
2 59 2 33 51 59
18 10 18 22 34 48 52 71 82 53 88 10
88 81 88 50 82 54 81
14 58 14 59 17 20 56 82 24 89 55 58
49 53 49 72 53
72 81 72 75 80 81
38 52 38 89 55 67 72 75 88 10 48 52
28 12 28 77 48 75 82 24 89 55 58 12
78 84 78 17 60 24 27 75 88 50 82 53 84
56 59 56 64 84 89 55 67 82 24 27 79 88 10 30 34 59
3 60 3 30 48 75 82 53 88 50 60
64 32 64 82 24 89 55 67 72 88 10 17 32
4 10 4 30 0 27 44 84 89 55 58 10
2 64 2 56 64
15 58 15 26 88 10 17 78 5 6 16 35 39 58
78 67 78 5 6 37 0 45 77 89 55 58 67
23 61 23 49 72 53 88 61
20 0 20 40 78 17 70 0
78 71 78 5 52 71
58 52 58 67 82 53 88 10 48 52
7 61 7 45 64 84 89 55 58 67 72 53 88 61
19 45 19 56 64 82 24 27 88 10 17 70 0 45
14 17 14 25 40 78 17
21 64 21 42 51 59 64
51 36 51 17 78 5 72 88 10 48 52 71 82 24 89 55 58 36
40 64 40 78 5 75 88 10 30 44 55 58 77 48 52 64
22 12 22 34 59 12
31 70 31 43 44 55 58 36 50 60 71 82 24 27 75 88 10 17 70
27 44 27 44
14 75 14 28 37 77 48 52 71 82 24 27 75
41 53 41 49 72 53
2 13 2 82 53 88 10 30 0 13
25 61 25 40 78 17 20 88 10 30 44 84 89 55 58 36 37 51 61
4 89 4 23 49 72 88 10 24 71 82 53 84 89
2 64 2 78 5 64
18 79 18 20 88 50 60 24 27 79
82 86 82 54 86
42 70 42 51 67 72 88 10 17 70
21 24 21 58 12 37 51 59 64 84 89 55 67 72 88 50 82 24
15 50 15 26 88 50
42 51 42 51
78 81 78 5 89 55 67 82 53 88 10 48 75 80 81
22 83 22 43 44 84 89 80 81 83
31 29 31 43 45 50 82 53 84 89 55 67 72 88 10 24 27 29
4 80 4 49 72 75 80
37 17 37 0 45 64 84 89 55 67 72 88 10 17
88 24 88 10 30 44 55 67 82 24
37 79 37 48 52 77 84 89 55 58 36 50 60 47 75 88 10 24 27 44 79
35 79 35 59 12 44 79
64 79 64 82 53 84 89 55 58 77 75 88 10 24 27 44 79
70 29 70 0 10 17 78 5 79 84 89 55 58 36 37 59 64 82 24 27 29
60 73 60 47 75 82 53 84 89 55 67 73
34 10 34 50 60 24 27 44 79 88 10
58 75 58 12 84 89 55 67 72 75
20 44 20 88 10 24 27 78 17 70 55 58 12 44
49 66 49 72 88 10 30 34 53 84 89 55 58 12 66
39 71 39 58 67 72 75 82 24 71
18 75 18 59 89 55 67 72 75
21 53 21 26 0 10 24 89 55 67 72 53
3 37 3 37
40 58 40 78 17 60 47 75 88 10 30 34 50 82 53 84 89 55 58
82 53 82 53
40 59 40 78 17 58 36 59
14 25 14 25
28 12 28 37 77 89 55 58 12
6 52 6 37 77 75 82 53 84 89 55 67 72 88 10 48 52
70 73 70 82 53 88 10 30 44 84 89 55 67 73
3 34 3 30 34
21 61 21 42 62 72 88 61
8 86 8 41 86
89 86 89 54 86
2 32 2 23 32
57 29 57 78 5 52 77 48 88 10 30 0 89 55 67 82 24 27 29
60 66 60 47 75 88 50 82 53 84 89 55 58 36 59 12 66
35 53 35 59 64 84 89 55 67 82 53
40 79 40 78 5 79
41 17 41 63 17
62 47 62 72 75 82 53 88 50 60 47
14 79 14 34 79
8 86 8 28 35 39 58 36 59 17 33 45 50 60 71 82 53 84 89 54 86
56 44 56 82 53 84 89 55 58 10 30 44
25 12 25 35 39 58 12
7 80 7 80
7 5 7 64 84 89 55 58 36 37 77 48 88 10 17 78 5
6 61 6 77 75 82 53 84 89 55 67 72 88 61
49 47 49 72 88 50 60 47
40 12 40 78 17 58 12
70 71 70 55 58 12 37 77 48 75 82 24 71
60 17 60 24 71 82 53 84 89 55 58 77 75 88 10 17
62 61 62 72 88 61
8 37 8 28 35 59 36 37
22 36 22 43 48 75 82 24 27 55 58 36
85 10 85 88 10
20 17 20 40 78 17
35 45 35 59 12 45
70 80 70 55 84 89 80
1 73 1 13 20 48 52 71 82 24 73
20 44 20 48 88 10 30 0 27 44
28 36 28 41 70 0 20 39 58 36
1 5 1 39 58 10 48 75 82 53 88 50 60 24 27 78 5
4 50 4 23 37 59 64 71 82 24 89 55 58 12 50
4 71 4 82 53 84 89 55 67 72 75 88 10 17 60 71
22 37 22 43 52 77 84 89 55 58 36 37
22 64 22 43 44 84 89 55 67 72 75 82 24 27 79 88 10 17 20 56 64
51 67 51 17 70 55 67
59 54 59 36 50 82 54
40 16 40 78 5 6 16
13 44 13 29 48 52 64 82 24 27 44
88 0 88 10 30 0
15 26 15 26
3 84 3 37 51 59 36 50 60 24 27 88 10 30 29 48 52 71 82 53 84
14 17 14 59 64 71 82 24 27 78 5 52 77 48 88 10 17
30 67 30 29 48 88 10 17 33 78 5 89 55 58 67
38 73 38 89 55 67 82 53 88 10 48 52 64 73
58 80 58 12 45 50 60 47 80
37 24 37 0 89 55 58 10 48 52 77 75 82 24
40 58 40 78 5 88 10 30 48 75 82 53 84 89 55 58
15 55 15 26 42 62 72 75 88 50 60 71 82 24 89 55
63 55 63 12 44 79 84 89 55
37 54 37 48 88 10 17 70 0 45 64 84 89 54
37 48 37 17 33 49 72 75 88 10 48
18 83 18 20 56 82 54 81 83
23 0 23 66 77 48 75 88 10 17 58 36 37 0
27 50 27 75 82 53 88 50
6 44 6 31 43 44
9 32 9 20 40 78 17 32
13 50 13 52 64 71 82 53 84 89 55 58 67 72 88 50
7 10 7 50 82 53 88 10
41 29 41 49 72 88 10 24 27 29
18 84 18 22 43 52 77 89 55 67 82 53 88 10 24 27 79 84
18 72 18 22 43 44 84 89 55 58 67 72
60 67 60 24 71 82 53 84 89 55 58 67
20 44 20 39 58 12 44
22 72 22 34 50 60 24 27 29 48 88 10 17 33 49 72
77 73 77 75 82 53 84 89 55 67 73
22 17 22 34 53 88 10 17
9 55 9 62 72 88 50 82 24 27 78 5 64 84 89 55
31 50 31 56 64 82 53 84 89 55 67 72 88 50
49 30 49 72 88 10 30
4 58 4 23 37 59 64 84 89 55 58
15 84 15 30 44 55 84
49 32 49 72 53 88 10 48 75 82 24 27 78 17 32
21 44 21 42 51 44
77 75 77 48 75
37 5 37 17 78 5
30 81 30 34 79 84 89 80 81
38 48 38 89 55 67 72 53 88 10 48
1 50 1 13 60 24 71 82 53 88 50
51 61 51 17 60 47 75 88 61
42 60 42 62 72 88 50 60
63 83 63 52 80 81 83
21 54 21 58 10 30 29 48 75 82 54
40 37 40 78 17 58 36 37
2 59 2 33 51 59
4 17 4 49 72 88 10 17
22 45 22 31 43 45
63 75 63 12 50 82 53 88 10 17 33 49 72 75
33 81 33 62 72 81
16 47 16 35 59 64 82 53 84 89 55 58 10 30 44 79 88 50 60 47
85 47 85 88 50 60 47
31 72 31 56 82 53 84 89 55 58 67 72
21 88 21 42 51 59 64 82 53 84 89 55 67 72 75 88
70 12 70 55 58 36 59 12
8 9 8 9
49 53 49 72 53
11 80 11 59 36 37 49 72 53 80
72 36 72 88 10 24 89 55 58 36
39 58 39 58
70 12 70 0 89 55 58 12
8 64 8 41 49 72 88 10 30 34 59 64
42 58 42 51 67 82 24 89 55 58
40 86 40 78 17 60 47 75 82 24 27 44 55 58 67 72 86
11 67 11 88 50 82 24 27 55 58 67
49 61 49 72 75 88 10 24 89 55 58 12 37 77 48 52 64 61
15 20 15 30 48 88 50 82 53 84 89 55 58 10 17 20
1 27 1 2 56 64 71 82 53 84 89 55 67 72 75 88 10 24 27
42 86 42 51 86
60 71 60 71
3 51 3 37 51
59 66 59 64 82 24 89 55 58 12 66
58 36 58 36
16 5 16 35 39 58 10 17 78 5
82 75 82 53 88 50 60 47 75
64 61 64 82 53 84 89 55 58 10 30 44 79 88 61
35 51 35 59 36 37 51
26 79 26 0 27 79
41 45 41 57 45
49 52 49 72 88 50 60 47 75 82 53 84 89 55 58 12 66 77 48 52
49 52 49 72 75 82 24 27 79 88 10 48 52
18 30 18 22 31 56 82 53 88 10 30
35 75 35 39 58 77 75
62 47 62 72 53 88 50 60 47
42 53 42 62 72 88 10 24 27 29 48 52 64 82 53
1 36 1 89 55 67 72 88 10 17 58 36
22 73 22 31 56 64 73
19 12 19 62 72 53 84 89 55 58 12
21 47 21 26 0 10 24 71 82 53 84 89 55 67 72 75 88 50 60 47
85 66 85 88 10 48 75 82 24 27 44 55 58 12 66
20 83 20 81 83
2 51 2 56 64 71 82 53 88 10 17 70 0 20 48 52 77 89 55 58 12 24 27 78 5 6 37 51
42 50 42 62 72 53 88 50
40 81 40 78 5 79 88 50 82 24 27 75 80 81
35 44 35 59 12 45 64 71 82 53 84 89 55 58 36 37 0 13 26 17 60 24 27 44
14 79 14 34 79
70 36 70 0 10 24 27 78 5 75 88 50 60 71 82 53 84 89 55 58 36
42 70 42 51 17 70
21 78 21 58 77 84 89 55 67 82 24 27 78
40 58 40 78 17 58
11 52 11 59 17 70 82 53 88 10 48 52
21 17 21 26 0 27 29 48 75 82 24 89 55 67 72 88 10 17
4 23 4 23
8 27 8 62 72 53 84 89 55 67 82 24 27
31 43 31 43
60 53 60 71 82 24 89 55 67 72 53
49 37 49 72 88 50 60 71 82 53 84 89 55 58 36 37
42 89 42 51 44 84 89
26 45 26 28 77 89 55 58 12 45
11 84 11 88 50 82 53 84
34 12 34 53 84 89 55 58 12
13 45 13 75 82 53 84 89 55 58 12 45
58 5 58 36 50 82 53 84 89 55 67 72 88 10 24 27 78 5
28 89 28 64 71 82 24 89
2 36 2 9 71 82 53 88 50 60 24 27 79 84 89 55 58 36
43 81 43 52 64 84 89 80 81
60 36 60 47 75 88 10 30 44 84 89 55 58 36
20 71 20 48 75 88 50 60 71
40 34 40 78 5 75 82 24 27 88 10 30 34
39 79 39 58 77 75 88 10 24 27 79
63 32 63 12 37 0 27 88 10 17 32
63 29 63 52 71 82 53 88 50 60 24 27 29
13 80 13 52 80
2 0 2 23 37 0
56 29 56 64 84 89 55 67 72 88 10 17 78 5 52 77 48 75 82 24 27 29
37 44 37 0 27 55 58 12 44
18 60 18 20 10 17 60
89 50 89 55 58 10 24 27 88 50
57 81 57 45 64 84 89 80 81
4 36 4 30 44 79 88 10 48 75 82 53 84 89 55 58 36
30 61 30 29 48 88 61
37 54 37 48 75 88 10 17 60 71 82 53 84 89 54
31 0 31 43 52 71 82 53 84 89 55 67 72 88 10 17 70 0
25 36 25 79 84 89 55 58 36
78 84 78 17 70 0 13 20 55 84
85 81 85 88 50 60 71 82 53 84 89 55 58 10 24 27 29 48 75 80 81
18 24 18 59 12 66 77 89 55 67 72 53 88 50 60 47 75 82 24
19 82 19 82
77 47 77 75 82 24 89 55 58 36 37 59 17 78 5 72 88 50 60 47
49 36 49 72 53 84 89 55 58 36
56 24 56 64 71 82 24
20 80 20 39 58 77 89 80
3 88 3 64 82 53 84 89 55 67 72 75 88
39 78 39 58 36 50 60 24 27 78
15 33 15 30 48 52 71 82 53 88 10 17 33
85 6 85 88 10 48 52 77 84 89 55 67 82 24 27 78 5 6
3 20 3 64 84 89 55 58 10 30 34 59 36 37 17 20
13 10 13 60 24 89 55 58 12 75 88 10
13 81 13 20 88 10 48 52 80 81
28 60 28 37 17 60
11 27 11 59 12 72 53 84 89 55 67 82 24 27
89 54 89 54
78 17 78 17
59 66 59 12 66
35 51 35 39 58 67 72 53 88 10 30 0 45 77 75 82 24 27 78 17 33 51
72 67 72 53 84 89 55 67
11 27 11 88 50 60 24 27
7 50 7 14 28 64 82 53 88 50
62 29 62 72 53 88 10 24 27 29
60 36 60 47 75 82 24 89 55 58 36
22 52 22 43 45 77 48 52
30 80 30 0 27 44 79 84 89 80
30 86 30 48 88 50 60 47 75 82 53 84 89 54 86
56 53 56 64 84 89 55 67 72 75 88 50 60 71 82 53
4 54 4 23 49 72 53 84 89 54
56 84 56 64 71 82 24 27 29 48 52 77 89 55 67 72 53 84
27 36 27 29 48 52 71 82 53 88 10 17 20 39 58 36
39 89 39 58 67 72 75 88 10 17 20 55 84 89
49 64 49 72 75 88 10 30 0 13 60 24 89 55 58 77 48 52 64
78 24 78 5 64 71 82 24
23 44 23 37 51 59 12 44
16 83 16 29 48 52 64 84 89 54 81 83
27 75 27 75
62 24 62 72 53 88 10 30 0 20 39 58 67 82 24
35 5 35 59 17 78 5
3 73 3 38 89 55 67 73
72 44 72 75 88 50 60 71 82 53 84 89 55 58 10 24 27 44
38 78 38 89 55 67 72 88 10 17 70 0 45 50 82 24 27 78
27 83 27 55 84 89 80 81 83
85 88 85 88
51 83 51 67 82 24 83
13 71 13 60 47 75 82 24 27 44 84 89 55 67 72 53 88 10 48 52 64 71
78 53 78 5 6 88 50 82 53
19 52 19 43 52
56 52 56 64 84 89 55 67 82 24 27 75 88 10 30 29 48 52
43 71 43 52 64 84 89 55 67 82 24 71
49 78 49 72 88 50 82 53 84 89 55 58 12 66 78
6 81 6 77 48 52 80 81
1 75 1 39 58 36 59 17 78 5 79 84 89 55 67 72 88 10 30 29 48 75
43 48 43 52 77 75 82 53 88 10 30 29 48
40 33 40 78 17 33
2 81 2 56 64 82 54 81
15 72 15 26 0 45 77 75 82 53 84 89 55 67 72
33 12 33 62 72 75 88 10 17 58 12
58 47 58 77 75 82 53 84 89 55 67 72 88 50 60 47
62 71 62 72 53 84 89 55 67 82 24 71
3 5 3 30 0 20 10 17 78 5
16 53 16 35 59 12 66 78 5 64 71 82 53
30 86 30 48 75 88 50 82 54 86
28 67 28 41 49 72 53 84 89 55 67
57 84 57 82 24 89 55 58 10 48 52 64 84
39 64 39 58 12 29 48 75 88 10 17 78 5 52 64
18 10 18 20 40 78 17 58 12 60 24 89 55 67 82 53 88 10
62 79 62 72 53 88 50 60 24 27 79
42 17 42 51 17
42 5 42 62 72 75 82 24 27 78 5
31 61 31 43 45 50 60 71 82 53 84 89 55 58 12 75 88 61
15 51 15 26 42 51
49 61 49 72 75 88 61
27 75 27 88 10 48 75
85 34 85 88 10 30 34
6 73 6 37 52 77 75 82 24 73
40 64 40 78 5 79 84 89 55 58 36 50 60 71 82 24 27 29 48 52 64
1 55 1 37 0 10 30 29 48 75 88 50 82 53 84 89 55
42 52 42 51 44 79 84 89 55 67 82 24 27 75 88 10 30 0 13 29 48 52
51 52 51 59 17 60 71 82 24 27 75 88 10 48 52
1 81 1 37 77 48 75 82 54 81
27 36 27 78 17 58 36
21 6 21 42 51 17 20 40 78 5 6
3 67 3 9 75 82 53 84 89 55 67
1 58 1 39 58
28 51 28 37 51
4 86 4 82 54 86
13 86 13 45 50 82 54 86
28 86 28 35 59 89 54 86
34 83 34 48 88 50 60 47 80 81 83
82 61 82 24 27 29 48 88 61
89 5 89 55 58 67 82 24 27 29 48 88 10 17 33 78 5
64 61 64 61
40 36 40 78 5 72 75 88 10 24 71 82 53 84 89 55 58 36
26 81 26 88 10 30 48 52 80 81
1 0 1 37 0
70 29 70 0 27 29
14 13 14 28 77 75 88 50 82 24 27 79 84 89 55 58 36 37 17 70 0 13
26 48 26 0 45 77 84 89 55 67 72 53 88 10 48
21 73 21 42 62 72 53 84 89 55 58 10 24 27 78 17 33 51 67 73
15 5 15 26 42 51 17 33 62 72 88 10 24 27 78 5
22 53 22 43 44 79 88 10 17 78 5 72 53
59 83 59 12 60 71 82 54 81 83
62 52 62 72 53 84 89 55 67 82 24 27 78 17 70 0 10 30 29 48 52
15 72 15 26 42 62 72
31 71 31 43 45 50 82 53 88 10 24 71
41 32 41 10 17 32
27 24 27 44 84 89 55 67 72 53 88 10 24
85 73 85 88 50 60 71 82 24 73
2 60 2 56 64 71 82 24 27 88 50 60
23 45 23 67 82 53 88 10 17 33 45
15 80 15 22 43 45 64 71 82 53 80
38 83 38 89 54 81 83
2 80 2 9 20 56 64 84 89 80
21 84 21 26 0 20 55 58 77 84
26 10 26 0 89 55 58 12 75 82 53 88 10
1 10 1 78 5 64 84 89 55 67 82 24 27 29 48 52 77 75 88 10
77 73 77 84 89 55 58 36 50 60 47 75 82 24 73
89 29 89 55 58 12 29
89 47 89 55 58 36 37 72 53 88 50 60 47
18 52 18 22 34 79 88 10 48 52
1 77 1 2 33 45 77
77 29 77 48 88 50 60 71 82 24 27 29
37 54 37 59 64 84 89 55 67 72 75 82 54
26 66 26 88 10 17 58 12 66
13 73 13 84 89 55 67 72 88 50 60 24 73
15 58 15 26 42 62 72 75 88 10 17 78 5 79 84 89 55 58
60 0 60 47 75 88 10 30 0
30 86 30 0 13 26 17 70 55 84 89 54 86
72 17 72 88 10 17
39 27 39 58 10 30 34 48 52 71 82 53 84 89 55 67 72 75 88 50 60 24 27
13 84 13 84
34 10 34 50 60 71 82 24 89 55 67 72 75 88 10
39 47 39 58 12 24 71 82 53 84 89 55 67 72 88 10 17 60 47
41 73 41 57 52 71 82 24 27 75 88 10 17 20 73
1 5 1 78 5
58 79 58 67 72 88 10 30 44 79
56 32 56 82 24 89 55 58 36 37 17 70 32
35 60 35 59 64 84 89 55 67 82 53 88 50 60
19 27 19 38 89 55 58 77 48 52 71 82 24 27
82 45 82 24 89 55 67 72 88 10 30 0 45
42 20 42 51 17 20
70 79 70 55 58 10 17 60 71 82 24 27 44 79
8 83 8 9 62 72 53 84 89 54 81 83
28 44 28 64 84 89 55 58 67 72 88 50 60 71 82 24 27 44
49 10 49 72 53 88 10
14 51 14 42 51
38 83 38 89 80 81 83
51 50 51 17 58 12 84 89 55 67 72 88 50
1 83 1 39 58 10 48 52 71 82 24 83
77 54 77 89 54
57 47 57 52 71 82 24 89 55 67 72 75 88 50 60 47
41 61 41 63 12 50 82 24 27 88 61
2 24 2 82 24
37 81 37 51 80 81
16 79 16 35 39 58 10 24 27 79
4 83 4 49 72 81 83
70 71 70 82 24 27 29 48 88 50 60 71
35 70 35 59 36 37 48 52 64 82 53 88 10 17 70
49 47 49 72 53 84 89 55 58 36 59 12 66 78 17 20 56 82 24 27 29 48 88 50 60 47
39 6 39 58 77 84 89 55 67 72 53 88 10 17 20 40 78 5 6
40 54 40 78 17 58 10 48 52 71 82 54
85 36 85 88 10 30 0 27 44 55 58 36
16 48 16 29 48
37 44 37 49 72 75 82 24 27 44
40 60 40 78 17 20 10 24 89 55 58 12 66 77 75 82 53 88 50 60
38 34 38 89 55 67 82 24 27 75 88 10 30 34
39 32 39 58 12 24 27 79 84 89 55 67 82 53 88 10 17 32
22 64 22 31 56 64
85 24 85 88 10 24
3 77 3 30 48 52 77
38 0 38 89 55 67 82 53 88 10 30 0
27 12 27 88 50 60 24 71 82 53 84 89 55 58 12
9 47 9 71 82 53 88 50 60 47
3 37 3 37
31 78 31 56 64 84 89 55 67 72 75 82 24 27 44 79 88 10 17 20 40 78
13 50 13 45 50
43 47 43 45 77 75 82 53 88 50 60 47
34 48 34 59 12 50 60 47 75 88 10 48
25 50 25 63 12 60 71 82 53 84 89 55 67 72 75 88 50
31 29 31 43 52 71 82 24 27 44 79 88 10 30 29
21 27 21 58 77 48 52 64 84 89 55 67 72 88 10 24 27
14 50 14 25 35 39 58 36 50
11 83 11 88 10 17 33 49 72 81 83
23 80 23 80
4 81 4 30 34 79 84 89 80 81
42 79 42 62 72 88 50 60 47 75 82 24 27 79
62 83 62 72 75 88 10 48 52 77 89 80 81 83
16 36 16 67 72 88 10 48 52 77 75 82 24 89 55 58 36
21 37 21 58 12 37
59 55 59 17 78 5 6 71 82 24 89 55
14 5 14 28 64 71 82 53 84 89 55 58 77 48 88 10 24 27 78 5
85 45 85 88 10 17 58 12 45
49 12 49 72 75 82 24 27 44 79 88 10 17 78 5 6 12
60 75 60 47 75
34 54 34 79 84 89 54
8 34 8 28 82 24 89 55 67 72 75 88 10 30 34
16 61 16 29 48 52 64 82 24 27 78 17 58 77 89 55 67 72 75 88 61
63 81 63 52 71 82 54 81
42 81 42 51 17 78 5 52 80 81
2 45 2 78 17 33 45
41 86 41 63 17 58 67 72 86
51 83 51 67 72 75 80 81 83
27 50 27 75 88 10 30 48 52 64 71 82 53 84 89 55 58 12 45 50
31 75 31 56 82 53 84 89 55 58 67 72 75
22 52 22 43 52
2 50 2 9 24 71 82 53 84 89 55 58 10 17 60 47 75 88 50
85 78 85 88 10 17 78
89 12 89 55 58 12
78 71 78 17 70 0 10 48 52 64 84 89 55 67 82 53 88 50 60 71
39 59 39 58 36 59
2 20 2 9 20
1 37 1 37
16 75 16 29 48 52 71 82 53 84 89 55 67 72 88 10 17 20 39 58 77 75
49 67 49 72 88 50 82 53 84 89 55 58 36 37 67
28 61 28 82 53 84 89 55 58 10 17 78 5 75 88 61
63 5 63 17 33 78 5
15 84 15 22 34 79 84
28 36 28 64 84 89 55 58 36
59 10 59 12 60 24 71 82 53 88 10
19 81 19 43 48 75 88 50 82 24 27 44 55 67 72 81
58 71 58 10 17 60 71
37 61 37 49 72 88 61
33 5 33 78 5
16 24 16 35 39 58 10 24
38 27 38 89 55 67 72 88 10 17 33 45 64 71 82 24 27
38 77 38 89 55 58 77
18 34 18 22 43 45 77 75 88 10 30 34
89 29 89 55 67 72 88 10 24 27 78 5 6 16 35 59 12 29
22 45 22 43 45
15 86 15 30 44 55 84 89 54 86
3 27 3 82 24 27
34 84 34 53 84
2 61 2 56 64 71 82 24 27 44 55 58 77 48 88 61
70 66 70 82 24 27 29 48 75 88 10 17 58 12 66
34 52 34 79 84 89 55 58 36 50 82 53 88 10 48 52
62 27 62 72 53 84 89 55 58 67 82 24 27
56 12 56 64 71 82 24 27 75 88 10 17 78 5 72 53 84 89 55 58 36 59 12
25 47 25 0 10 48 52 71 82 24 27 75 88 50 60 47
89 83 89 80 81 83
14 48 14 42 62 72 53 84 89 55 58 67 82 24 27 29 48
6 75 6 77 75
3 47 3 82 53 88 50 60 47
37 44 37 51 44
15 80 15 30 0 10 17 20 88 50 82 24 89 80
6 84 6 16 29 48 75 88 10 24 71 82 53 84
15 13 15 26 0 13
11 44 11 59 64 71 82 24 27 29 48 75 88 10 30 44
4 58 4 30 0 45 77 84 89 55 58
28 44 28 37 0 89 55 67 72 75 88 10 30 44
4 33 4 70 82 24 27 78 17 33
2 45 2 78 17 33 62 72 75 88 50 60 71 82 24 89 55 58 10 30 0 45
31 83 31 43 48 88 10 24 83
31 80 31 43 45 77 48 75 82 24 89 80
8 52 8 41 57 45 77 84 89 55 58 36 37 72 75 88 10 48 52
4 51 4 70 55 58 12 45 77 48 88 10 17 33 51
7 73 7 43 73
2 86 2 9 53 84 89 54 86
35 66 35 39 58 12 66
72 12 72 53 84 89 55 58 12
28 24 28 41 57 50 82 24
13 10 13 75 88 10
3 60 3 64 71 82 24 89 55 58 12 72 88 50 60
11 73 11 59 17 60 24 73
56 13 56 64 82 53 88 10 30 0 13
22 81 22 43 52 64 71 82 24 89 80 81
78 17 78 5 6 0 10 17
13 50 13 60 71 82 24 89 55 58 77 75 88 50
27 48 27 29 48
72 10 72 75 88 10
49 60 49 72 88 50 60
64 12 64 71 82 24 27 78 17 33 49 72 75 88 10 48 52 77 89 55 58 12
30 48 30 34 48
72 83 72 88 10 17 20 55 58 67 82 53 80 81 83
6 12 6 12
37 24 37 72 53 84 89 55 67 82 24
21 80 21 58 10 30 44 79 88 50 82 53 80
23 84 23 66 78 17 33 62 72 75 88 10 30 29 48 52 77 84
39 36 39 58 36
60 47 60 47
1 59 1 13 60 47 75 82 24 89 55 58 67 72 53 88 10 30 34 59
14 88 14 25 82 53 84 89 55 67 72 75 88
28 6 28 41 57 78 5 6
31 54 31 56 82 24 89 54
70 50 70 0 13 60 47 75 82 53 88 50
60 67 60 24 27 75 82 53 88 10 48 52 64 84 89 55 67
14 50 14 42 62 72 88 50
35 34 35 59 12 84 89 55 67 72 53 88 10 30 34
37 36 37 48 52 64 84 89 55 58 36
43 79 43 44 79
62 12 62 72 75 88 50 82 53 84 89 55 58 12
13 83 13 29 48 52 64 71 82 53 80 81 83
42 45 42 51 59 36 37 48 88 10 24 71 82 53 84 89 55 58 12 45
62 36 62 72 75 82 24 27 55 58 36
21 89 21 26 88 50 60 24 27 78 17 58 77 75 82 53 84 89
8 64 8 40 78 17 20 56 64
23 48 23 37 48
1 55 1 7 43 48 88 10 17 58 77 84 89 55
64 81 64 84 89 80 81
82 17 82 24 27 88 10 17
4 66 4 23 66
14 72 14 34 79 88 50 82 53 84 89 55 67 72
19 72 19 82 53 84 89 55 67 72
39 54 39 58 67 82 54
16 55 16 67 82 53 84 89 55
18 33 18 22 34 53 84 89 55 58 36 50 60 24 27 29 48 52 77 75 88 10 17 33
27 17 27 55 58 12 29 48 88 10 17
8 6 8 40 78 5 6
14 17 14 59 17
1 60 1 49 72 88 50 60
35 55 35 59 89 55
49 20 49 72 53 84 89 55 67 82 24 27 78 17 70 0 20
19 84 19 38 89 55 84
58 17 58 77 84 89 55 67 82 53 88 10 17
49 61 49 72 88 61
2 23 2 23
62 84 62 72 88 50 82 53 84
34 71 34 79 84 89 55 58 12 24 27 88 50 60 71
28 53 28 77 48 52 71 82 53
21 73 21 26 17 33 62 72 88 10 24 71 82 53 84 89 55 58 67 73
21 26 21 26
8 60 8 41 63 52 77 48 75 82 24 89 55 67 72 88 50 60
25 17 25 63 52 71 82 53 88 10 17
60 61 60 71 82 24 27 79 84 89 55 58 67 72 75 88 61
6 83 6 77 89 80 81 83
88 79 88 10 48 75 82 53 84 89 55 58 12 44 79
57 83 57 78 81 83
62 72 62 72
26 5 26 17 78 5
70 83 70 82 54 81 83
18 48 18 22 43 45 64 71 82 24 27 55 67 72 75 88 10 48
19 44 19 43 45 77 48 88 10 24 27 44
23 79 23 49 72 53 84 89 55 67 82 24 27 44 79
3 0 3 82 53 84 89 55 58 67 72 75 88 10 30 0
20 53 20 39 58 67 72 53
39 55 39 58 67 82 24 27 55
57 5 57 78 5
41 79 41 57 50 82 53 88 10 30 34 79
18 73 18 22 31 56 82 24 89 55 67 73
7 53 7 14 28 35 59 36 50 82 53
62 34 62 72 75 88 50 82 53 84 89 55 58 12 37 59 17 20 10 30 34
1 67 1 39 58 77 75 88 50 82 53 84 89 55 67
23 50 23 37 17 70 0 10 48 52 77 84 89 55 58 67 82 53 88 50
34 54 34 50 60 47 75 82 53 88 10 30 0 27 78 17 33 24 89 54
14 45 14 28 37 17 20 55 58 12 45
37 53 37 51 67 72 53
9 79 9 71 82 53 84 89 55 58 36 50 60 24 27 29 48 88 10 30 34 79
39 73 39 58 77 89 55 67 72 53 88 50 60 47 75 82 24 73
22 10 22 43 52 77 75 82 24 89 55 67 72 88 10
40 86 40 78 5 6 77 75 88 50 60 24 27 44 79 84 89 54 86
49 80 49 72 75 80
85 80 85 88 10 17 78 5 89 55 58 12 75 80
41 67 41 63 12 37 67
4 30 4 30
40 12 40 78 5 88 50 60 24 89 55 58 12
56 34 56 64 82 53 88 10 30 34
26 29 26 0 20 40 78 5 88 10 30 29
82 24 82 53 84 89 55 67 72 75 88 10 24
16 86 16 29 48 88 10 17 70 0 89 54 86
42 84 42 51 44 79 88 50 82 53 84
62 89 62 72 53 84 89
31 73 31 56 64 71 82 24 73
62 79 62 72 88 10 30 44 79
14 88 14 59 64 82 24 27 75 88
58 84 58 67 82 53 84
62 71 62 72 53 84 89 55 58 77 75 88 50 82 24 71
56 44 56 64 84 89 55 58 10 30 34 79 88 50 82 24 27 44
85 73 85 88 50 60 47 75 82 24 73
19 47 19 43 45 77 89 55 58 36 50 60 47
30 55 30 34 59 89 55
77 17 77 48 75 88 10 17
26 84 26 0 20 56 64 84
14 83 14 42 51 80 81 83
7 36 7 89 55 58 36
88 0 88 10 30 0
1 32 1 2 23 67 72 75 88 50 60 24 27 78 17 32
42 48 42 51 17 70 0 20 10 48
14 84 14 42 51 67 72 53 88 10 24 27 44 55 84
1 82 1 2 33 24 71 82
2 83 2 56 64 82 24 27 88 10 17 60 47 75 80 81 83
40 72 40 78 5 75 88 50 60 24 71 82 53 84 89 55 67 72
41 86 41 49 72 86
56 83 56 64 82 54 81 83
1 72 1 37 77 75 82 53 84 89 55 67 72
23 79 23 37 48 88 10 30 34 79
85 30 85 88 10 30
4 17 4 23 49 72 75 88 10 17
49 61 49 72 53 88 61
15 78 15 22 43 44 79 84 89 55 67 72 53 88 50 82 24 27 78
62 78 62 72 53 88 50 60 47 75 82 24 27 44 55 58 12 66 78
70 0 70 0
18 58 18 22 31 43 48 52 77 75 88 10 30 0 27 79 84 89 55 58
19 58 19 82 53 88 50 60 24 89 55 58
14 10 14 28 64 71 82 24 89 55 58 10
28 89 28 35 39 58 67 82 24 89
42 5 42 51 67 72 75 88 10 30 48 52 64 71 82 24 27 78 5
21 47 21 42 51 17 33 24 27 44 84 89 55 67 82 53 88 50 60 47
41 29 41 49 72 53 88 10 30 29
77 48 77 89 55 67 82 24 27 29 48
85 72 85 88 50 82 53 84 89 55 67 72
9 55 9 20 56 64 84 89 55
15 59 15 22 43 48 75 82 24 27 55 58 36 59
4 52 4 49 72 53 84 89 55 58 36 50 60 71 82 24 27 44 79 88 10 30 48 52
18 24 18 59 89 55 67 82 24
8 0 8 62 72 88 10 30 48 52 71 82 24 27 44 84 89 55 58 36 37 0
14 58 14 28 37 67 72 88 10 17 20 55 58
15 81 15 22 31 56 64 82 53 84 89 54 81
21 84 21 26 0 45 50 82 53 88 10 30 44 55 84
2 83 2 78 17 60 71 82 53 88 10 30 83
82 36 82 53 88 10 17 78 5 79 84 89 55 58 36
70 83 70 82 54 81 83
37 0 37 0
8 57 8 41 57
40 45 40 78 17 33 45
2 67 2 23 37 52 77 48 75 88 10 24 89 55 67
56 55 56 82 24 27 44 55
8 63 8 41 57 63
49 70 49 72 75 88 10 48 52 71 82 24 27 78 17 70
11 33 11 59 89 55 58 67 82 53 88 10 30 0 13 28 41 57 78 17 33
11 82 11 88 50 60 71 82
15 36 15 26 0 27 75 82 53 88 10 30 48 52 77 84 89 55 58 36
16 53 16 84 89 55 67 72 88 10 17 70 82 53
89 53 89 55 67 82 53
3 81 3 64 71 82 53 88 50 60 24 27 79 84 89 80 81
22 53 22 34 53
85 88 85 88
56 81 56 64 82 53 88 10 24 27 44 79 84 89 54 81
63 80 63 52 71 82 53 84 89 55 67 72 75 80
37 67 37 67
20 86 20 88 50 60 47 75 82 24 27 78 5 64 86
41 29 41 10 17 33 62 72 88 50 60 71 82 24 27 29
2 79 2 23 66 78 17 58 77 84 89 55 67 82 24 27 29 48 88 10 30 44 79
6 84 6 37 51 59 89 55 67 82 53 84
13 29 13 29
56 47 56 64 84 89 55 58 12 60 47
63 32 63 17 32
31 58 31 43 44 79 88 10 48 52 71 82 53 84 89 55 58
39 54 39 58 12 75 88 10 17 70 0 89 54
11 81 11 59 12 24 89 55 58 36 37 48 88 50 82 54 81
6 61 6 0 10 24 71 82 53 84 89 55 58 12 37 59 64 61
27 45 27 88 50 82 53 84 89 55 58 36 37 0 45
58 67 58 77 84 89 55 67
35 10 35 39 58 77 48 75 88 10
8 33 8 40 78 17 33
38 82 38 89 55 67 82
3 5 3 9 53 84 89 55 58 12 44 79 88 10 48 75 82 24 27 78 5
27 55 27 88 50 60 47 75 82 53 84 89 55
4 83 4 70 82 24 89 54 81 83
14 80 14 59 36 50 60 71 82 53 88 10 48 75 80
3 60 3 37 59 89 55 67 72 53 88 50 60
39 53 39 58 10 24 27 44 79 84 89 55 67 82 53
49 0 49 72 53 84 89 55 67 82 24 27 44 79 88 10 17 70 0
34 24 34 48 52 64 71 82 24
2 61 2 78 5 6 0 45 50 60 71 82 24 89 55 58 36 37 49 72 75 88 61
30 45 30 0 20 39 58 36 50 82 53 88 10 17 33 45
58 73 58 36 37 59 17 78 5 64 84 89 55 67 73
2 78 2 33 78
14 34 14 42 62 72 75 88 10 30 34
1 29 1 7 57 72 53 88 10 48 52 64 71 82 24 27 44 79 84 89 55 58 12 29
15 48 15 22 31 56 82 53 84 89 55 67 72 88 10 17 70 0 13 29 48
31 0 31 56 82 53 88 10 30 0
1 64 1 39 58 12 66 77 75 82 53 84 89 55 67 72 88 10 30 29 48 52 64
28 84 28 37 49 72 88 10 30 29 48 52 64 82 53 84
15 88 15 30 48 88
34 75 34 53 84 89 55 58 77 48 52 71 82 24 27 78 17 70 0 45 50 60 47 75
14 10 14 34 48 75 88 10
82 50 82 53 88 50
1 82 1 89 55 58 36 50 60 24 71 82
20 17 20 88 10 30 34 50 82 24 27 78 17
23 36 23 67 72 53 88 10 17 58 36
33 55 33 78 5 64 71 82 53 88 50 60 24 89 55
62 78 62 72 75 82 53 88 10 17 33 78
15 67 15 22 31 56 64 71 82 53 84 89 55 67
31 20 31 56 82 53 84 89 55 67 72 88 10 17 20
11 17 11 59 17
72 54 72 75 88 10 24 27 29 48 52 64 71 82 53 84 89 54
26 73 26 42 62 72 75 88 10 30 29 48 52 77 89 55 67 73
41 17 41 50 60 24 89 55 58 10 30 34 59 17
63 80 63 52 80
30 55 30 44 84 89 55
16 52 16 67 72 75 88 10 48 52
35 48 35 39 58 10 48
15 58 15 22 31 43 45 64 71 82 24 89 55 58
18 64 18 22 31 43 44 55 58 67 72 75 82 53 88 10 48 52 64
19 13 19 43 48 52 77 84 89 55 58 10 30 0 13
49 47 49 72 88 50 60 47
14 34 14 34
2 23 2 23
33 0 33 49 72 53 88 10 30 44 84 89 55 58 77 48 75 82 24 27 78 17 70 0
30 75 30 0 13 52 77 48 88 50 60 47 75
49 32 49 72 53 84 89 55 58 77 75 88 10 17 32
21 77 21 58 77
8 27 8 41 57 52 64 71 82 53 88 10 17 70 0 13 45 50 60 24 27
28 79 28 35 59 17 70 0 27 79
25 53 25 62 72 53
41 5 41 63 17 20 40 78 5
34 81 34 53 80 81
38 17 38 89 55 58 12 75 88 10 17
89 61 89 55 58 67 72 88 61
57 32 57 45 64 71 82 53 84 89 55 58 36 59 17 32
82 48 82 53 84 89 55 67 72 75 88 10 48
3 47 3 64 71 82 24 27 29 48 75 88 50 60 47
19 71 19 62 72 53 84 89 55 67 82 24 71
77 79 77 84 89 55 58 10 30 34 79
8 0 8 40 78 17 70 0
7 17 7 50 60 47 75 82 24 89 55 67 72 53 88 10 17
11 60 11 88 50 60
22 72 22 34 79 88 50 60 24 71 82 53 84 89 55 67 72
39 80 39 58 12 24 71 82 53 80
8 55 8 9 62 72 75 88 10 30 44 79 84 89 55
58 10 58 10
72 83 72 53 84 89 54 81 83
70 36 70 55 58 36
38 32 38 89 55 58 36 50 60 47 75 88 10 30 34 59 17 32
18 66 18 22 31 43 52 64 84 89 55 58 36 37 51 59 12 66
42 86 42 62 72 53 88 10 30 34 48 52 64 84 89 54 86
22 89 22 34 79 84 89
22 89 22 34 50 60 71 82 24 89
51 5 51 67 82 24 89 55 58 77 75 88 10 17 20 40 78 5
15 73 15 26 88 50 82 24 89 55 58 67 73
22 54 22 34 50 82 54
26 54 26 17 70 0 89 54
38 79 38 89 55 67 82 24 27 79
3 29 3 30 29
41 32 41 70 55 67 82 24 27 79 88 10 17 32
62 67 62 72 53 84 89 55 67
25 55 25 38 89 55
57 17 57 78 17
21 44 21 26 0 45 50 82 24 27 55 58 77 48 88 10 30 44
2 20 2 78 17 70 0 20
2 36 2 56 64 84 89 55 58 36
18 6 18 22 31 43 48 88 10 17 78 5 6
7 73 7 64 84 89 55 58 67 72 53 88 50 60 71 82 24 73
85 89 85 88 10 30 29 48 75 82 53 84 89
63 73 63 17 58 77 84 89 55 67 73
51 54 51 59 64 82 54
49 64 49 72 88 50 82 53 84 89 55 58 12 45 64
23 79 23 49 72 75 82 53 88 10 17 33 78 5 79
40 12 40 78 5 88 10 17 33 45 50 82 53 84 89 55 58 12
82 83 82 24 83
88 5 88 10 17 20 40 78 5
34 53 34 48 75 82 24 89 55 67 72 53
59 67 59 64 84 89 55 67
38 51 38 89 55 58 12 37 51
37 53 37 49 72 53
21 72 21 26 28 77 75 82 53 88 10 17 78 5 6 37 49 72
3 5 3 64 71 82 53 88 10 17 33 78 5
33 50 33 45 50
34 79 34 48 75 88 10 30 44 79
2 86 2 82 54 86
19 36 19 62 72 75 88 50 82 53 84 89 55 58 36
35 71 35 59 36 50 60 24 71
20 61 20 55 58 67 82 53 88 61
49 59 49 72 88 50 82 53 84 89 55 58 36 59
77 24 77 89 55 67 72 53 88 10 48 75 82 24
33 36 33 24 71 82 53 84 89 55 58 36
15 36 15 26 17 33 49 72 88 10 24 89 55 58 36
34 44 34 53 84 89 55 67 82 24 27 44
19 29 19 62 72 53 84 89 55 58 10 24 27 29
58 79 58 36 50 60 71 82 53 88 10 24 27 79
41 55 41 63 52 77 84 89 55
60 80 60 47 75 80
49 79 49 72 53 84 89 55 58 12 29 48 88 50 60 71 82 24 27 79
37 66 37 72 53 88 50 60 47 75 82 24 27 78 17 58 36 59 12 66
2 53 2 82 24 89 55 67 72 53
62 53 62 72 53
11 78 11 59 89 55 58 12 24 71 82 53 88 10 17 78
15 36 15 26 42 51 59 36
16 66 16 84 89 55 58 12 66
30 0 30 0
34 44 34 50 60 71 82 53 88 10 30 44
7 50 7 89 55 67 82 24 27 78 17 60 47 75 88 50
72 10 72 75 82 24 27 44 79 88 10
62 78 62 72 88 10 17 78
70 12 70 82 53 84 89 55 67 72 88 10 30 34 59 12
14 72 14 42 62 72
31 44 31 43 44
72 24 72 53 88 50 82 24
56 86 56 82 54 86
3 27 3 30 29 48 52 71 82 24 27
8 79 8 9 24 71 82 53 88 10 17 33 78 5 79
4 29 4 70 82 24 27 29
8 34 8 62 72 88 10 30 34
19 33 19 62 72 53 88 10 24 27 78 17 33
38 71 38 89 55 58 36 59 64 82 53 88 50 60 71
39 60 39 58 77 89 55 67 72 53 88 50 60
82 80 82 53 88 10 30 44 79 84 89 55 67 72 75 80
85 71 85 88 10 17 33 45 77 48 52 71
4 67 4 70 0 20 39 58 67
18 45 18 20 39 58 36 37 0 45
25 32 25 32
3 51 3 37 51
22 86 22 34 50 82 24 89 54 86
21 13 21 26 42 62 72 53 88 50 82 24 27 79 84 89 55 58 36 37 0 13
19 12 19 56 82 24 89 55 58 12
57 29 57 82 53 84 89 55 58 10 30 29
82 53 82 53
23 80 23 80
14 59 14 59
64 50 64 84 89 55 58 10 17 78 5 75 88 50
11 27 11 88 50 82 24 27
41 54 41 70 55 67 72 75 82 54
3 82 3 38 89 55 67 82
49 71 49 72 75 82 53 84 89 55 58 10 30 48 52 71
85 13 85 88 10 30 0 13
63 44 63 17 78 5 64 84 89 55 58 36 50 60 47 75 88 10 30 0 13 26 28 37 59 12 44
23 47 23 66 78 5 6 0 10 24 27 29 48 52 64 82 53 84 89 55 67 72 75 88 50 60 47
77 47 77 75 82 53 84 89 55 58 10 48 88 50 60 47
8 78 8 62 72 53 88 10 48 75 82 24 27 78
22 80 22 43 45 64 71 82 24 27 88 10 30 44 55 84 89 80
21 34 21 42 51 67 82 24 27 79 84 89 55 58 10 30 34
49 67 49 72 53 88 10 30 34 48 75 82 24 27 44 84 89 55 67
2 67 2 33 62 72 88 50 82 53 84 89 55 67
18 83 18 22 31 43 48 52 64 71 82 53 84 89 80 81 83
21 29 21 58 10 30 29
11 24 11 88 50 82 24
35 71 35 59 64 84 89 55 67 82 24 71
43 10 43 44 79 84 89 55 58 77 48 52 64 71 82 53 88 10
22 34 22 34
49 12 49 72 75 88 10 30 48 52 64 84 89 55 58 12
39 88 39 58 77 48 88
35 73 35 39 58 77 84 89 55 67 73
3 44 3 64 84 89 55 58 77 48 52 71 82 24 27 44
30 86 30 29 48 52 77 89 55 67 72 86
7 44 7 57 52 71 82 24 27 44
51 55 51 44 84 89 55
21 53 21 42 62 72 53
20 83 20 40 78 81 83
63 66 63 17 20 39 58 12 66
23 29 23 49 72 75 88 50 60 24 27 79 84 89 55 58 12 29
2 13 2 9 62 72 88 10 30 44 79 84 89 55 58 36 37 0 13
70 12 70 82 53 84 89 55 58 12
33 71 33 45 64 84 89 55 58 12 60 71
3 82 3 64 71 82
39 58 39 58
30 71 30 34 53 88 50 82 24 71
15 64 15 26 17 78 5 64
18 36 18 59 64 84 89 55 58 36
82 52 82 24 27 29 48 52
40 37 40 78 17 58 36 37
4 66 4 23 66
35 55 35 59 64 71 82 24 89 55
28 54 28 35 39 58 36 50 60 71 82 53 84 89 54
8 0 8 41 49 72 75 88 10 30 0
33 80 33 78 5 79 84 89 55 67 72 88 10 30 48 75 80
41 0 41 70 0
11 61 11 88 61
15 34 15 22 34
58 12 58 12
28 80 28 37 59 36 50 60 71 82 53 80
63 83 63 12 44 84 89 55 58 36 50 82 54 81 83
7 5 7 50 60 24 71 82 53 84 89 55 58 10 17 20 40 78 5
85 89 85 88 10 17 33 45 64 82 53 84 89
39 12 39 58 12
27 79 27 78 17 33 51 59 12 44 79
28 71 28 41 70 0 20 88 50 82 53 84 89 55 58 12 66 78 5 64 71
63 24 63 12 37 49 72 53 84 89 55 58 36 50 82 24
26 84 26 0 10 30 44 79 84
89 54 89 54
40 12 40 78 17 33 24 71 82 53 88 10 30 44 79 84 89 55 58 12
21 73 21 58 67 73
25 61 25 62 72 88 61
58 80 58 36 50 60 47 75 80
30 83 30 44 55 58 12 75 82 24 83
41 54 41 49 72 88 50 82 53 84 89 54
62 30 62 72 53 84 89 55 58 36 59 64 82 24 27 29 48 52 77 75 88 10 30
77 67 77 89 55 67
85 64 85 88 50 60 24 71 82 53 84 89 55 58 12 66 77 48 52 64
27 10 27 79 88 10
56 50 56 64 82 53 84 89 55 58 67 72 88 50
72 10 72 88 10
18 80 18 22 43 48 88 50 60 47 75 82 53 80
39 10 39 58 12 75 88 10
78 73 78 17 33 49 72 75 88 10 30 0 20 48 52 71 82 24 73
49 55 49 72 75 82 53 88 50 60 24 89 55
1 80 1 89 80
40 60 40 78 5 64 82 24 89 55 67 72 75 88 50 60
13 45 13 45
14 6 14 34 48 52 64 82 53 84 89 55 67 72 75 88 10 17 78 5 6
3 59 3 27 88 10 17 58 36 59
3 13 3 9 75 82 24 27 44 79 88 10 30 0 13
62 58 62 72 88 50 60 24 27 55 58
62 51 62 72 75 82 24 89 55 58 36 37 51
11 64 11 59 64
22 89 22 34 53 84 89
19 61 19 82 24 89 55 67 72 75 88 61
58 32 58 12 37 49 72 88 10 17 32
51 24 51 59 36 37 17 58 12 24
35 24 35 59 12 29 48 52 77 89 55 67 82 53 88 10 24
42 12 42 51 59 64 84 89 55 67 82 24 27 44 79 88 10 17 70 0 20 39 58 12
38 55 38 89 55
1 73 1 89 55 67 73
15 82 15 26 88 50 82
8 67 8 62 72 53 84 89 55 67
31 44 31 43 44
70 55 70 0 27 44 84 89 55
21 32 21 26 88 50 82 24 27 44 55 58 36 59 17 70 32
26 61 26 88 61
26 45 26 0 45
3 29 3 27 29
26 48 26 88 10 48
20 5 20 88 10 30 48 52 71 82 24 27 78 5
70 75 70 82 24 27 29 48 52 77 75
11 60 11 59 36 37 51 17 33 62 72 88 50 60
4 70 4 70
1 67 1 78 17 58 67
62 89 62 72 53 88 50 82 24 89
49 70 49 72 88 10 17 70
40 5 40 78 5
77 47 77 75 88 50 60 47
82 75 82 53 88 10 48 75
8 67 8 62 72 53 84 89 55 58 67
82 47 82 53 84 89 55 58 10 48 75 88 50 60 47
18 72 18 20 39 58 10 24 27 75 82 53 84 89 55 67 72
4 64 4 82 24 89 55 58 77 75 88 10 30 48 52 64
15 0 15 30 0
88 47 88 50 60 47
6 44 6 16 35 59 12 44
35 33 35 59 17 33
34 32 34 79 88 10 17 32
35 72 35 39 58 12 37 59 36 50 60 47 75 88 10 17 33 45 64 84 89 55 67 72
59 55 59 64 71 82 24 89 55
1 24 1 2 56 64 71 82 24
70 44 70 55 67 72 75 88 50 82 24 27 44
85 17 85 88 10 17
57 79 57 52 77 84 89 55 67 72 75 82 24 27 44 79
19 72 19 56 82 24 27 55 67 72
26 61 26 28 82 53 88 10 24 89 55 58 36 37 51 59 64 61
19 77 19 82 24 27 75 88 10 48 52 77
64 45 64 84 89 55 58 12 50 60 71 82 53 88 10 17 70 0 45
14 86 14 25 33 62 72 75 82 54 86
77 53 77 84 89 55 58 12 29 48 88 10 24 71 82 53
31 82 31 56 64 84 89 55 58 77 48 52 71 82
25 66 25 52 64 71 82 53 88 10 30 44 55 58 12 66
82 75 82 24 27 29 48 75
51 0 51 44 84 89 55 58 77 48 88 10 17 70 0
37 10 37 72 75 88 10
82 80 82 53 80
35 47 35 39 58 36 59 12 24 71 82 53 88 50 60 47
23 24 23 49 72 75 88 50 60 24
2 83 2 33 51 59 89 54 81 83
18 36 18 20 10 17 70 55 58 36
63 81 63 52 77 84 89 80 81
31 20 31 43 44 84 89 55 58 77 75 82 53 88 10 17 20
64 0 64 71 82 53 84 89 55 58 12 29 48 75 88 10 17 70 0
77 5 77 75 88 10 48 52 71 82 53 84 89 55 58 36 59 17 70 0 20 40 78 5
27 12 27 55 58 12
28 51 28 37 51
39 67 39 58 12 44 84 89 55 67
62 67 62 72 88 50 82 53 84 89 55 67
39 67 39 58 36 50 82 53 84 89 55 67
82 73 82 53 84 89 55 58 67 73
19 55 19 56 82 53 84 89 55
35 71 35 39 58 10 24 71
59 53 59 17 60 24 89 55 67 82 53
1 84 1 78 5 79 88 50 60 47 75 82 53 84
43 52 43 52
72 36 72 53 88 10 17 60 24 27 79 84 89 55 58 36
6 5 6 12 60 71 82 24 89 55 58 67 72 75 88 10 17 78 5
35 48 35 39 58 10 30 44 84 89 55 67 72 75 88 50 60 24 27 29 48
27 10 27 78 17 20 48 88 10
63 54 63 52 71 82 24 89 54
7 24 7 62 72 88 10 48 75 82 24
85 72 85 88 50 60 47 75 82 53 84 89 55 67 72
89 73 89 55 67 72 75 88 10 24 73
25 53 25 62 72 53
22 59 22 34 59
70 83 70 0 10 24 27 75 88 50 82 54 81 83
49 67 49 72 75 82 53 84 89 55 67
4 78 4 30 34 50 82 53 88 10 17 78
89 84 89 55 84
49 86 49 72 86
72 45 72 75 82 53 84 89 55 58 10 30 0 45
40 20 40 78 5 6 88 10 30 48 75 82 53 84 89 55 58 36 37 0 20
11 5 11 88 10 17 78 5
51 75 51 59 64 82 53 88 10 30 34 50 60 47 75
56 84 56 64 71 82 24 27 78 17 70 55 67 72 53 88 10 30 44 84
15 82 15 26 42 62 72 75 82
7 48 7 43 48
42 79 42 51 44 79
11 81 11 88 10 30 44 79 84 89 55 67 72 75 82 53 80 81
16 36 16 35 59 36
40 36 40 78 17 58 36
1 30 1 49 72 53 88 10 30
72 67 72 75 88 50 82 24 89 55 67
1 32 1 78 17 32
39 81 39 58 36 50 82 24 89 80 81
16 29 16 29
42 78 42 62 72 75 88 10 48 52 71 82 24 27 78
23 79 23 49 72 53 84 89 55 58 77 48 75 82 24 27 79
4 84 4 70 82 24 27 55 84
35 37 35 59 12 50 82 53 84 89 55 58 36 37
39 48 39 58 12 24 71 82 53 88 10 48
38 84 38 89 55 58 77 84
85 80 85 88 10 48 75 82 53 84 89 80
64 45 64 82 53 88 10 17 60 24 89 55 58 36 37 59 12 45
28 10 28 41 10
51 52 51 44 84 89 55 67 72 75 88 10 17 70 0 45 77 48 52
78 52 78 5 52
2 51 2 33 51
30 84 30 44 84
4 12 4 82 53 84 89 55 58 12
13 81 13 29 48 52 71 82 24 89 80 81
34 36 34 59 36
33 79 33 78 5 79
82 67 82 53 88 10 30 44 79 84 89 55 67
38 67 38 89 55 67
85 70 85 88 10 17 70
72 36 72 53 84 89 55 67 82 24 27 29 48 52 77 75 88 10 17 58 36
23 32 23 32
62 60 62 72 53 88 50 60
8 50 8 28 41 10 30 44 84 89 55 67 72 88 50
42 77 42 62 72 75 88 10 30 29 48 52 77
1 78 1 78
39 75 39 58 77 48 75
64 86 64 86
37 47 37 0 10 30 48 52 71 82 24 27 75 88 50 60 47
1 53 1 49 72 53
4 88 4 30 48 52 77 84 89 55 58 12 37 67 82 53 88
31 78 31 56 82 53 88 10 30 0 27 78
57 0 57 52 71 82 53 84 89 55 58 12 29 48 75 88 10 30 0
88 47 88 50 60 47
22 17 22 43 45 64 71 82 53 88 10 30 44 84 89 55 58 36 59 17
15 20 15 30 44 84 89 55 67 72 75 82 53 88 10 17 20
11 84 11 88 50 82 53 84
8 80 8 9 75 88 10 24 71 82 53 84 89 80
21 26 21 26
11 34 11 88 10 30 34
3 54 3 37 59 36 50 82 54
30 80 30 29 48 52 64 71 82 24 89 80
2 5 2 78 5
31 44 31 43 52 77 75 88 50 82 53 84 89 55 58 36 59 12 44
3 55 3 27 29 48 75 82 53 84 89 55
31 79 31 43 45 64 84 89 55 58 12 44 79
37 84 37 72 75 88 10 17 78 5 64 84
49 44 49 72 53 84 89 55 58 12 44
15 81 15 30 29 48 75 80 81
28 47 28 77 84 89 55 58 10 17 78 5 6 31 43 52 71 82 53 88 50 60 47
4 10 4 49 72 88 10
13 36 13 29 48 75 82 53 84 89 55 58 36
62 73 62 72 75 88 10 24 71 82 53 84 89 55 67 73
62 58 62 72 88 10 24 71 82 53 84 89 55 58
40 36 40 78 5 88 10 48 75 82 53 84 89 55 58 36
35 45 35 39 58 12 45
77 36 77 75 82 53 84 89 55 58 36
30 67 30 44 79 88 10 48 52 71 82 24 27 55 58 67
7 12 7 14 28 35 39 58 36 59 12
64 79 64 84 89 55 58 36 37 59 17 70 0 13 29 48 52 71 82 24 27 44 79
40 17 40 78 17
77 44 77 48 52 71 82 53 84 89 55 67 72 88 10 24 27 44
37 24 37 67 82 24
88 73 88 50 60 71 82 24 73
40 0 40 78 17 70 0
8 0 8 40 78 17 70 0
63 44 63 12 44
15 79 15 22 34 79
2 32 2 23 66 78 17 32
34 75 34 79 88 50 60 24 71 82 53 84 89 55 58 12 75
49 50 49 72 75 82 53 88 50
42 36 42 62 72 53 88 50 82 24 89 55 58 36
56 17 56 64 84 89 55 58 10 17
38 58 38 89 55 58
11 79 11 88 50 82 24 27 44 79
62 79 62 72 53 84 89 55 67 82 24 27 29 48 88 10 30 44 79
23 32 23 32
85 75 85 88 50 60 47 75
62 55 62 72 88 10 17 33 45 77 89 55
3 88 3 64 82 24 27 75 88
1 43 1 7 43
31 67 31 56 82 53 84 89 55 67
77 17 77 84 89 55 58 10 17
2 33 2 33
16 54 16 29 48 75 82 24 27 79 84 89 54
11 73 11 88 10 30 34 59 64 71 82 24 73
21 83 21 58 12 66 77 48 75 80 81 83
62 81 62 72 81
37 71 37 67 72 88 50 60 47 75 82 24 71
14 6 14 28 35 59 36 37 51 17 33 78 5 6
39 70 39 58 12 84 89 55 67 82 24 27 78 17 70
21 0 21 26 0
42 84 42 62 72 75 82 53 88 10 48 52 77 89 55 84
85 34 85 88 10 30 34
40 29 40 78 5 64 82 24 27 44 55 58 77 75 88 10 30 29
39 34 39 58 36 50 60 24 71 82 53 88 10 30 34
43 12 43 52 64 71 82 53 84 89 55 58 12
21 45 21 26 0 45
41 12 41 63 12
28 77 28 64 82 53 84 89 55 67 72 88 10 48 52 77
40 5 40 78 5
13 50 13 84 89 55 58 67 82 53 88 50
42 73 42 62 72 88 10 24 71 82 53 84 89 55 67 73
19 78 19 43 52 77 75 82 24 27 78
49 47 49 72 88 50 60 47
22 79 22 31 43 52 71 82 53 88 10 30 44 79
35 48 35 39 58 36 50 82 53 88 10 48
15 50 15 22 34 53 88 50
27 10 27 29 48 75 88 10
31 5 31 43 45 64 84 89 55 58 36 59 17 78 5
40 47 40 78 5 6 77 89 55 67 72 75 82 53 88 50 60 47
13 61 13 75 82 53 88 10 30 34 48 52 64 61
40 0 40 78 17 70 0
11 83 11 88 50 60 71 82 53 84 89 54 81 83
39 88 39 58 67 82 53 88
58 73 58 67 73
18 33 18 59 89 55 58 12 37 52 71 82 53 88 10 17 33
25 55 25 0 45 77 48 75 82 24 89 55
9 29 9 53 84 89 55 58 77 48 52 71 82 24 27 29
82 79 82 53 84 89 55 58 77 75 88 10 30 44 79
6 44 6 12 84 89 55 58 10 24 27 44
34 83 34 59 36 37 77 84 89 54 81 83
3 6 3 38 89 55 58 12 72 88 50 82 24 27 78 5 6
62 34 62 72 88 10 30 34
4 79 4 49 72 75 88 10 48 52 77 84 89 55 67 82 24 27 44 79
21 53 21 26 0 10 30 29 48 52 64 84 89 55 67 82 53
20 12 20 39 58 12
89 86 89 54 86
8 24 8 28 37 67 82 24
39 27 39 58 12 84 89 55 67 72 75 88 50 82 24 27
22 37 22 34 59 36 37
21 73 21 42 62 72 88 50 82 24 73
11 70 11 59 17 70
57 24 57 72 53 88 50 82 24
39 30 39 58 36 59 64 71 82 53 88 10 30
70 0 70 0
85 20 85 88 10 17 20
30 71 30 48 75 82 53 84 89 55 58 36 50 60 24 71
35 5 35 59 12 60 24 71 82 53 88 10 48 52 77 84 89 55 58 36 37 17 20 40 78 5
15 59 15 26 88 50 60 71 82 53 84 89 55 58 36 59
82 5 82 53 84 89 55 58 10 30 34 59 36 37 17 70 0 20 40 78 5
28 17 28 35 59 17
62 83 62 72 53 80 81 83
23 48 23 66 77 84 89 55 58 12 29 48
2 70 2 78 17 70
78 73 78 5 88 10 30 48 52 77 89 55 58 36 59 12 73
8 32 8 9 75 82 53 84 89 55 58 10 17 32
30 86 30 34 50 60 24 27 75 82 53 84 89 54 86
13 17 13 45 50 82 53 88 10 17
72 50 72 53 88 50
8 58 8 40 78 17 58
21 30 21 26 17 33 24 27 78 5 88 10 30
62 83 62 72 53 80 81 83
82 36 82 53 84 89 55 58 36
51 79 51 17 78 5 79
33 47 33 49 72 75 82 24 89 55 58 77 48 88 50 60 47
85 88 85 88
43 83 43 44 55 58 36 59 89 80 81 83
15 71 15 26 28 64 84 89 55 67 72 53 88 10 30 48 52 71
4 61 4 23 66 78 5 52 71 82 24 89 55 67 72 88 10 17 20 39 58 36 59 64 61
89 44 89 55 67 72 53 88 10 30 44
25 83 25 0 27 88 10 24 83
34 80 34 50 60 47 80
2 83 2 82 53 84 89 80 81 83
35 75 35 39 58 36 37 51 17 78 5 64 84 89 55 67 82 53 88 10 30 29 48 52 77 75
88 86 88 50 60 24 89 54 86
34 45 34 48 88 10 24 27 55 58 12 45
31 77 31 43 45 77
19 60 19 56 64 82 53 88 50 60
72 17 72 53 84 89 55 67 82 24 27 75 88 10 17
31 59 31 43 52 64 84 89 55 58 36 59
38 50 38 89 55 58 67 72 53 88 50
9 71 9 71
85 30 85 88 10 30
56 10 56 64 84 89 55 58 67 82 53 88 10
6 71 6 88 50 60 71
62 60 62 72 88 10 17 60
33 54 33 51 59 64 71 82 54
26 86 26 17 60 24 71 82 54 86
3 84 3 37 72 88 10 24 71 82 53 84
78 53 78 5 79 84 89 55 67 82 53
1 27 1 78 5 72 88 50 82 24 27
40 84 40 78 17 20 48 75 82 53 88 10 30 44 84
43 52 43 52
43 12 43 45 77 84 89 55 58 12
58 47 58 77 89 55 67 82 53 88 50 60 47
38 5 38 89 55 58 10 17 78 5
1 80 1 2 23 37 49 72 75 88 10 17 70 55 84 89 80
31 36 31 43 48 52 64 71 82 53 84 89 55 58 36
40 81 40 78 81
82 73 82 24 27 88 10 48 52 64 84 89 55 67 73
88 84 88 10 48 75 82 24 89 55 67 72 53 84
6 52 6 77 75 82 53 84 89 55 58 10 48 52
38 27 38 89 55 58 36 37 0 27
39 30 39 58 12 50 82 53 88 10 30
62 80 62 72 53 80
85 61 85 88 61
3 17 3 30 44 55 58 10 17
11 59 11 59
64 24 64 71 82 24
1 33 1 37 59 17 33
8 79 8 62 72 53 84 89 55 67 82 24 27 44 79
64 81 64 84 89 55 67 82 54 81
11 27 11 88 50 60 71 82 24 27
27 55 27 75 82 53 84 89 55
42 45 42 62 72 53 84 89 55 58 36 37 48 52 77 75 82 24 27 44 79 88 10 17 70 0 45
30 61 30 34 50 60 71 82 24 89 55 67 72 75 88 61
58 50 58 77 75 88 50
51 71 51 44 79 84 89 55 58 36 50 60 71
38 83 38 89 54 81 83
3 79 3 37 72 53 88 10 30 29 48 75 82 24 27 79
15 60 15 30 34 59 89 55 67 82 24 27 78 17 20 10 48 52 77 75 88 50 60
35 54 35 59 17 78 5 89 54
43 79 43 44 79
8 12 8 62 72 88 10 48 75 82 53 84 89 55 58 36 59 12
7 32 7 57 52 71 82 24 89 55 58 12 75 88 10 17 32
56 71 56 64 82 24 71
31 20 31 43 45 50 82 53 88 10 17 20
85 27 85 88 10 17 78 5 6 71 82 24 27
11 27 11 59 64 84 89 55 67 72 75 88 10 24 27
1 70 1 78 17 70
78 45 78 5 75 88 10 30 48 52 71 82 24 27 44 84 89 55 58 12 45
4 13 4 49 72 53 84 89 55 58 12 44 79 88 10 30 0 13
8 12 8 9 20 88 10 48 52 77 75 82 53 84 89 55 58 12
60 17 60 71 82 53 84 89 55 67 72 75 88 10 17
18 52 18 20 88 10 17 60 24 71 82 53 84 89 55 58 77 48 52
72 5 72 88 10 48 52 77 75 82 24 27 78 5
62 45 62 72 88 50 82 53 84 89 55 58 12 37 0 45
59 75 59 36 50 60 47 75
23 17 23 37 77 84 89 55 58 36 59 17
72 36 72 75 88 10 48 52 71 82 53 84 89 55 58 36
28 75 28 82 53 84 89 55 58 67 72 75
30 24 30 48 88 50 60 47 75 82 24
82 84 82 24 27 29 48 88 10 30 44 79 84
64 45 64 82 24 27 44 84 89 55 67 72 53 88 10 17 70 0 45
9 54 9 71 82 53 84 89 54
41 81 41 10 48 88 50 60 24 89 80 81
63 48 63 17 60 24 89 55 58 67 72 88 10 48
28 53 28 35 39 58 67 82 53
9 48 9 75 82 53 88 10 48
3 75 3 37 59 12 75
6 71 6 12 84 89 55 67 82 24 71
40 48 40 78 17 58 77 48
11 67 11 59 17 70 0 45 77 84 89 55 67
1 34 1 49 72 53 84 89 55 67 82 24 27 88 10 30 34
42 53 42 62 72 88 50 82 53
18 60 18 20 39 58 10 48 52 71 82 53 88 50 60
64 80 64 71 82 24 89 80
15 88 15 26 0 10 30 44 79 84 89 55 58 12 24 27 88
78 80 78 17 70 0 45 64 71 82 24 27 55 58 67 72 88 50 60 47 75 80
77 48 77 84 89 55 67 82 24 27 29 48
3 5 3 82 53 84 89 55 58 36 59 17 20 40 78 5
4 32 4 23 32
25 80 25 0 10 24 71 82 53 80
33 32 33 51 44 79 88 50 60 71 82 53 84 89 55 58 10 17 70 32
63 84 63 17 20 40 78 5 64 71 82 24 27 75 88 10 30 44 79 84
22 67 22 43 45 77 84 89 55 58 12 37 67
2 23 2 23
85 48 85 88 50 82 53 84 89 55 58 77 48
7 81 7 80 81
42 75 42 51 67 72 75
37 79 37 17 78 5 79
1 12 1 37 17 70 0 20 88 10 30 48 52 64 71 82 24 27 79 84 89 55 58 12
42 44 42 62 72 53 84 89 55 58 10 24 27 44
14 66 14 25 62 72 53 84 89 55 58 12 66
31 84 31 43 44 55 84
14 82 14 28 64 71 82
88 52 88 50 60 47 75 82 53 84 89 55 58 12 66 77 48 52
20 48 20 48
62 58 62 72 88 10 30 44 84 89 55 58
27 79 27 44 79
9 52 9 53 84 89 55 58 77 48 52
30 45 30 0 45
9 47 9 75 82 53 84 89 55 58 36 50 60 47
77 36 77 89 55 58 36
3 52 3 30 34 48 52
2 83 2 9 20 39 58 12 66 77 48 52 80 81 83
37 12 37 67 72 75 88 10 24 89 55 58 12
57 44 57 50 60 71 82 24 27 44
4 5 4 30 44 84 89 55 58 36 50 60 71 82 24 27 75 88 10 17 70 0 20 40 78 5
72 73 72 53 84 89 55 58 67 82 24 73
14 24 14 59 89 55 58 36 37 17 33 62 72 88 10 48 52 64 71 82 24
51 80 51 67 72 75 80
64 81 64 82 54 81
37 36 37 59 36
82 36 82 53 84 89 55 58 36
2 54 2 23 37 77 75 82 54
28 48 28 64 84 89 55 67 72 75 82 53 88 10 30 48
22 71 22 31 56 64 82 53 84 89 55 67 72 75 88 50 60 24 71
82 73 82 53 88 10 24 73
88 17 88 10 30 48 75 82 24 27 78 17
49 81 49 72 75 82 53 80 81
31 66 31 56 64 82 24 89 55 58 12 66
27 45 27 55 58 10 30 34 59 17 70 0 45
63 67 63 12 75 82 24 89 55 67
56 89 56 64 84 89
4 34 4 30 34
38 79 38 89 55 58 36 50 82 24 27 79
35 53 35 39 58 67 72 53
1 66 1 7 45 77 48 52 71 82 53 88 10 17 78 5 64 84 89 55 58 12 66
15 6 15 30 44 79 88 10 48 75 82 24 27 78 5 6
28 37 28 77 75 82 24 89 55 58 36 37
7 24 7 43 45 77 89 55 67 82 24
34 75 34 48 52 71 82 53 84 89 55 58 77 75
8 10 8 62 72 88 10
2 55 2 78 17 58 12 66 77 48 52 64 71 82 53 84 89 55
27 75 27 29 48 75
28 36 28 37 17 70 0 89 55 58 36
1 75 1 78 5 75
7 48 7 57 52 64 82 53 88 10 30 29 48
8 45 8 28 64 84 89 55 67 82 53 88 10 30 0 45
49 29 49 72 53 88 10 30 29
88 86 88 50 82 54 86
26 71 26 0 13 84 89 55 67 82 53 88 50 60 71
88 53 88 50 60 71 82 53
60 86 60 47 75 82 54 86
39 17 39 58 12 24 71 82 53 84 89 55 67 72 75 88 10 17
38 70 38 89 55 67 82 53 88 10 17 70
25 29 25 79 84 89 55 67 82 53 88 10 30 29
62 82 62 72 75 88 10 48 52 71 82
43 32 43 44 84 89 55 67 72 53 88 10 48 52 77 75 82 24 27 78 17 32
57 84 57 78 5 72 53 84
16 44 16 67 82 53 88 10 17 78 5 89 55 58 12 44
3 47 3 30 44 79 84 89 55 67 82 24 27 88 50 60 47
13 45 13 84 89 55 67 72 75 88 10 17 20 40 78 5 6 31 43 45
42 52 42 51 17 60 71 82 24 89 55 67 72 88 10 48 52
49 54 49 72 53 84 89 55 58 77 48 52 64 82 54
58 81 58 12 84 89 54 81
88 67 88 50 60 47 75 82 53 84 89 55 67
28 17 28 64 71 82 53 84 89 55 58 36 59 17
26 79 26 28 64 82 24 27 79
35 66 35 39 58 12 66
14 25 14 25
2 44 2 82 24 89 55 58 12 44
60 79 60 71 82 53 84 89 55 67 72 75 88 10 30 44 79
39 50 39 58 67 82 53 88 50
43 17 43 44 84 89 55 67 72 53 88 10 17
34 75 34 53 88 10 48 52 71 82 24 27 44 84 89 55 58 12 66 77 75
33 32 33 62 72 75 88 10 17 32
33 71 33 24 27 79 84 89 55 67 72 75 88 10 48 52 64 71
28 72 28 37 59 64 82 24 89 55 67 72
59 55 59 64 84 89 55
8 83 8 9 62 72 88 10 30 29 48 52 64 84 89 55 58 67 82 53 80 81 83
89 5 89 55 58 67 72 75 88 10 17 70 0 13 20 40 78 5
16 52 16 84 89 55 67 72 53 88 10 48 52
37 55 37 51 44 55
56 29 56 82 24 27 29
38 48 38 89 55 58 77 48
89 61 89 55 58 36 37 59 17 33 45 77 75 88 61
37 54 37 67 82 24 27 79 84 89 54
22 77 22 31 56 64 84 89 55 58 77
51 61 51 61
11 34 11 59 64 71 82 53 88 10 30 34
6 53 6 31 43 44 55 67 82 53
6 5 6 16 29 48 88 10 17 20 40 78 5
77 55 77 75 88 50 60 71 82 53 84 89 55
43 0 43 45 64 84 89 55 67 82 24 27 78 17 70 0
4 88 4 30 48 75 88
34 32 34 59 64 71 82 53 88 10 17 32
42 52 42 51 67 72 53 88 10 30 29 48 52
62 80 62 72 53 84 89 80
37 44 37 48 75 88 10 30 44
63 48 63 17 33 24 71 82 53 88 10 48
1 25 1 7 14 25
7 84 7 57 82 53 88 10 48 52 77 89 55 84
21 26 21 26
88 24 88 50 60 24
11 89 11 88 50 82 24 89
56 10 56 82 53 84 89 55 58 10
20 84 20 55 84
19 27 19 56 82 24 27
16 79 16 35 59 17 70 0 27 44 79
22 88 22 43 45 64 71 82 24 27 29 48 75 88
72 44 72 53 88 50 82 24 27 44
1 23 1 2 23
23 86 23 67 82 54 86
77 48 77 75 82 24 89 55 67 72 53 88 10 48
16 75 16 84 89 55 58 10 24 27 44 79 88 50 60 47 75
35 81 35 39 58 67 72 81
63 44 63 12 50 82 53 84 89 55 58 67 72 75 88 10 30 44
63 81 63 52 64 71 82 54 81
14 61 14 34 50 60 71 82 24 27 88 61
19 47 19 56 64 71 82 24 89 55 58 12 60 47
88 84 88 10 30 29 48 52 77 75 82 53 84
88 67 88 50 60 24 27 55 67
16 83 16 35 39 58 67 72 75 82 24 83
13 10 13 84 89 55 58 77 75 88 10
27 44 27 29 48 88 10 30 44
3 80 3 38 89 80
85 83 85 88 50 82 24 89 55 58 12 37 17 70 81 83
51 17 51 67 72 88 50 82 24 27 79 84 89 55 58 10 17
42 59 42 51 59
33 47 33 78 17 60 47
42 77 42 62 72 88 10 30 48 52 77
4 24 4 70 82 24
22 0 22 34 53 84 89 55 58 77 48 52 71 82 24 27 44 79 88 10 17 70 0
40 27 40 78 17 60 24 89 55 58 10 30 0 27
23 53 23 49 72 75 82 53
28 78 28 82 53 84 89 55 58 36 50 60 24 27 78
42 13 42 51 44 84 89 55 58 36 50 60 71 82 24 27 78 17 70 0 13
21 33 21 26 17 33
64 79 64 71 82 24 27 29 48 52 77 84 89 55 58 12 44 79
7 81 7 50 60 71 82 54 81
1 0 1 39 58 67 72 88 10 30 0
13 84 13 75 88 50 82 53 84
41 48 41 10 48
42 64 42 62 72 75 88 50 60 71 82 24 27 44 84 89 55 58 12 45 77 48 52 64
43 53 43 48 88 10 30 44 84 89 55 67 72 53
31 44 31 43 44
14 84 14 42 62 72 88 50 60 47 75 82 53 84
23 50 23 66 77 84 89 55 58 67 82 53 88 50
11 34 11 88 10 30 34
42 53 42 62 72 88 50 60 71 82 53
60 5 60 47 75 82 53 84 89 55 67 72 88 10 17 78 5
34 86 34 79 88 10 24 71 82 54 86
56 45 56 64 82 53 84 89 55 67 72 88 10 17 58 36 59 12 45
56 54 56 82 54
25 12 25 0 20 55 58 12
15 88 15 22 34 53 88
82 86 82 54 86
35 17 35 39 58 12 72 75 88 10 17
1 32 1 78 17 32
43 52 43 52
82 80 82 53 80
15 53 15 22 31 56 64 82 53
2 47 2 78 5 72 88 50 60 47
23 45 23 37 0 45
33 29 33 49 72 75 88 50 60 71 82 53 84 89 55 58 12 66 78 17 70 0 27 29
59 0 59 17 70 0
8 77 8 40 78 17 20 56 82 53 84 89 55 67 72 88 10 48 52 77
22 55 22 34 53 88 50 60 47 75 82 24 27 79 84 89 55
23 83 23 81 83
72 29 72 53 88 10 48 52 71 82 24 27 29
23 66 23 66
28 86 28 82 54 86
78 53 78 5 75 82 24 27 29 48 52 77 89 55 67 72 53
64 45 64 82 53 88 10 17 33 45
3 50 3 30 48 88 50
15 41 15 26 28 41
35 47 35 39 58 10 24 71 82 53 84 89 55 67 72 88 50 60 47
18 83 18 22 31 43 44 79 84 89 55 67 72 53 80 81 83
51 83 51 80 81 83
8 59 8 28 35 59
19 60 19 62 72 53 88 50 82 24 27 79 84 89 55 58 36 37 0 13 20 10 17 60
11 60 11 59 12 60
15 61 15 30 34 50 60 47 75 82 53 84 89 55 58 12 45 77 48 88 61
77 71 77 84 89 55 67 82 24 71
28 41 28 41
7 86 7 45 77 84 89 54 86
23 12 23 67 82 24 27 88 10 17 58 12
28 80 28 37 49 72 75 80
23 61 23 67 82 53 88 61
1 44 1 37 52 77 89 55 58 10 24 27 44
13 47 13 26 0 89 55 58 10 24 71 82 53 88 50 60 47
8 30 8 40 78 17 20 88 10 30
89 53 89 55 58 36 50 60 71 82 53
62 77 62 72 53 88 50 60 47 75 82 24 27 29 48 52 77
28 20 28 35 59 17 20
40 47 40 78 5 79 84 89 55 67 72 75 82 53 88 50 60 47
19 43 19 43
56 32 56 82 53 84 89 55 67 72 75 88 10 17 32
19 55 19 43 48 52 64 84 89 55
28 50 28 35 59 17 20 40 78 5 89 55 58 67 82 53 88 50
25 55 25 79 84 89 55
40 50 40 78 17 33 62 72 88 50
57 50 57 78 17 60 24 27 29 48 52 71 82 53 84 89 55 67 72 75 88 50
26 71 26 17 78 5 88 10 30 29 48 52 71
2 30 2 56 64 71 82 53 88 10 30
40 36 40 78 17 20 56 64 84 89 55 58 36
19 61 19 43 52 71 82 24 27 75 88 61
70 86 70 82 53 84 89 55 58 36 59 64 86
57 50 57 50
15 0 15 26 0
59 5 59 64 84 89 55 67 72 88 10 17 78 5
20 84 20 10 30 44 55 84
58 24 58 36 59 12 60 24
22 89 22 34 53 88 50 60 24 27 78 17 58 10 48 52 77 84 89
37 50 37 51 17 58 12 50
39 73 39 58 77 75 82 53 88 10 48 52 64 73
23 81 23 67 72 88 50 82 54 81
27 52 27 44 79 88 10 48 52
1 52 1 89 55 58 12 37 48 52
85 66 85 88 50 60 24 89 55 58 12 66
19 55 19 62 72 88 50 60 24 71 82 53 84 89 55
40 84 40 78 17 70 0 45 77 84
27 71 27 88 50 60 71
88 73 88 10 17 20 73
88 83 88 10 17 70 0 20 48 52 77 75 82 54 81 83
33 17 33 62 72 53 84 89 55 67 82 24 27 88 10 30 0 20 40 78 17
15 17 15 26 17
16 84 16 84
33 86 33 62 72 53 88 10 17 20 56 64 86
28 55 28 82 53 84 89 55
39 29 39 58 10 30 29
16 36 16 35 59 36
8 44 8 41 49 72 88 10 24 27 44
22 12 22 34 48 75 82 53 84 89 55 58 12
64 71 64 71
8 48 8 62 72 75 88 10 30 48
56 86 56 64 82 54 86
72 44 72 75 88 10 30 44
42 33 42 62 72 88 10 48 52 71 82 53 84 89 55 58 36 59 17 33
18 29 18 22 31 56 64 82 53 84 89 55 58 12 29
39 24 39 58 67 82 24
15 80 15 30 44 84 89 80
51 36 51 67 72 53 84 89 55 58 36
35 72 35 59 12 29 48 88 50 60 71 82 53 84 89 55 58 36 37 0 20 40 78 17 33 62 72
20 29 20 10 30 34 50 82 24 27 29
16 55 16 84 89 55
42 30 42 62 72 53 88 10 30
35 29 35 59 12 84 89 55 58 77 48 75 88 10 30 29
43 54 43 45 64 84 89 54
63 29 63 17 58 77 84 89 55 67 82 53 88 10 30 29
19 67 19 43 52 77 75 82 53 84 89 55 67
19 60 19 56 64 71 82 53 84 89 55 67 72 88 50 60
31 81 31 56 64 82 54 81
58 17 58 36 59 17
51 47 51 59 36 50 60 47
49 48 49 72 75 88 10 48
14 10 14 28 82 24 89 55 58 10
11 33 11 59 17 33
58 17 58 10 17
51 75 51 59 17 78 5 52 77 48 75
72 24 72 88 50 82 24
11 72 11 59 36 37 48 52 64 71 82 53 84 89 55 67 72
62 17 62 72 88 10 17
13 53 13 52 71 82 53
3 9 3 9
1 60 1 13 29 48 75 82 24 27 44 79 88 10 30 34 59 36 50 60
18 89 18 22 31 43 44 84 89
23 79 23 37 59 12 44 79
42 17 42 51 59 12 50 82 24 89 55 67 72 75 88 10 17
19 50 19 43 45 50
70 75 70 0 89 55 58 36 37 59 17 78 5 75
38 78 38 89 55 67 72 88 10 17 78
78 84 78 17 70 0 27 44 84
64 29 64 82 24 27 29
56 71 56 64 82 53 84 89 55 67 72 75 88 50 60 71
88 75 88 10 30 0 20 40 78 17 60 24 71 82 53 84 89 55 58 12 37 67 72 75
13 47 13 52 64 71 82 53 88 10 17 60 47
19 81 19 82 54 81
78 12 78 17 33 51 44 84 89 55 58 12
35 89 35 59 89
28 10 28 41 49 72 88 10
63 44 63 17 78 5 52 64 71 82 24 27 44
78 52 78 5 79 84 89 55 58 12 24 27 29 48 52
56 24 56 64 82 24
42 70 42 62 72 53 88 10 17 70
49 53 49 72 75 82 53
14 47 14 28 37 67 72 75 88 10 17 60 47
1 33 1 13 75 88 10 17 33
72 83 72 53 80 81 83
77 80 77 48 75 80
49 52 49 72 53 84 89 55 58 10 17 78 5 52
38 44 38 89 55 67 82 24 27 44
34 86 34 50 82 53 88 10 24 27 29 48 52 64 86
30 53 30 48 52 71 82 53
64 86 64 84 89 54 86
7 53 7 50 60 24 71 82 53
42 70 42 62 72 88 10 17 70
25 5 25 35 39 58 10 17 33 78 5
28 45 28 37 48 88 10 17 78 5 89 55 58 36 59 12 45
35 50 35 39 58 10 17 60 24 71 82 53 84 89 55 67 72 75 88 50
