1 79 1 26 42 9 20 40 43 44 55 67 72 87 27 79
42 80 42 51 80
30 66 30 44 55 67 72 87 13 26 28 37 76 23 66
18 20 18 22 20
2 55 2 7 62 25 33 49 58 67 72 87 27 44 55
74 80 74 72 87 13 28 9 20 40 33 49 25 35 39 16 29 48 52 80
21 78 21 9 20 56 74 63 65 6 31 26 42 51 67 72 87 27 78
46 6 46 26 42 9 62 27 44 55 58 68 74 63 65 6
57 61 57 72 87 27 44 55 58 68 13 26 42 62 6 16 35 63 65 37 76 7 14 28 25 33 61
68 82 68 74 82
87 81 87 70 81
27 83 27 79 83
40 51 40 33 51
2 63 2 13 68 74 63
14 70 14 25 85 6 16 35 63 65 37 72 87 13 74 70
8 60 8 40 33 49 72 87 13 74 63 65 37 76 7 14 16 35 60
3 88 3 38 37 48 75 88
65 44 65 37 76 27 44
18 71 18 6 16 29 48 52 64 71
42 70 42 33 62 27 44 55 67 72 87 13 20 56 74 70
7 52 7 43 52
65 16 65 13 28 41 49 25 62 6 37 51 67 72 87 27 44 55 58 68 9 20 39 16
16 73 16 35 39 76 7 57 63 65 13 26 42 33 62 27 44 55 58 67 73
15 71 15 34 59 64 71
1 34 1 51 67 72 87 27 44 55 58 68 13 74 63 65 6 16 35 39 34
26 66 26 42 9 62 37 76 23 66
23 79 23 49 7 14 34 79
37 71 37 51 67 72 87 13 29 48 52 71
58 83 58 68 74 72 87 70 81 83
49 27 49 76 23 37 72 87 27
37 67 37 72 87 13 74 63 65 6 16 35 39 43 44 55 67
3 67 3 38 13 26 28 25 40 43 44 55 58 67
4 37 4 26 28 7 62 6 37
31 58 31 68 13 28 35 39 16 87 27 44 55 58
3 41 3 37 72 87 13 28 41
3 86 3 20 56 64 86
2 44 2 56 72 87 27 44
37 79 37 76 51 67 72 87 27 44 79
2 67 2 23 49 76 27 44 55 67
69 64 69 76 27 44 55 67 72 87 13 20 39 65 37 48 52 64
14 80 14 42 20 40 13 29 48 75 80
30 44 30 44
56 7 56 20 39 58 68 9 62 25 35 72 87 13 28 41 76 7
3 55 3 20 55
35 32 35 39 65 37 49 76 23 32
40 7 40 33 51 67 72 87 27 44 55 58 68 69 76 7
39 52 39 51 67 72 87 27 44 55 58 68 74 63 65 37 48 52
40 9 40 68 13 26 28 9
28 58 28 41 63 65 13 20 39 43 87 27 44 55 58
39 71 39 16 29 48 52 64 71
15 23 15 41 49 58 68 51 67 72 87 13 26 28 23
85 63 85 41 63
70 81 70 81
85 57 85 41 76 57
42 6 42 51 67 72 87 13 26 28 7 62 6
74 67 74 72 87 27 44 55 67
76 27 76 51 67 72 87 27
2 79 2 33 49 72 87 13 20 56 74 63 65 37 76 7 14 34 79
20 50 20 39 16 35 63 65 13 26 42 62 6 37 76 23 49 69 25 85 41 50
11 13 11 43 87 13
62 57 62 25 33 49 7 57
69 77 69 25 85 41 49 7 62 27 44 55 67 72 87 77
28 44 28 35 39 87 27 44
37 48 37 72 87 13 29 48
27 81 27 44 55 67 72 87 13 20 40 43 52 80 81
42 60 42 33 51 67 72 87 27 44 55 58 68 69 26 28 7 62 6 37 76 57 63 65 13 60
19 82 19 38 65 6 37 76 23 49 70 82
19 89 19 38 13 84 89
31 82 31 43 52 71 82
18 26 18 76 51 67 72 87 13 26
15 63 15 41 76 57 63
40 13 40 68 51 67 72 87 13
41 48 41 63 65 37 48
3 80 3 23 37 72 87 13 68 51 80
76 89 76 57 63 65 77 89
56 81 56 70 81
69 84 69 76 23 37 51 67 72 87 27 79 84
4 30 4 7 14 30
49 64 49 69 25 62 72 87 13 68 51 59 64
27 55 27 44 55
37 52 37 51 67 72 87 27 44 55 58 68 13 28 7 62 6 16 29 48 52
26 66 26 42 33 62 37 51 67 72 87 13 28 23 66
39 71 39 16 29 48 52 64 71
41 79 41 49 25 79
40 82 40 68 51 67 72 87 70 82
20 50 20 39 76 23 37 49 7 57 72 87 13 74 63 65 6 16 35 25 85 41 50
9 80 9 20 55 67 72 87 13 74 63 65 37 52 80
34 84 34 79 84
30 50 30 44 55 58 67 72 87 13 20 40 68 9 62 37 49 69 25 85 41 50
42 67 42 62 6 31 58 68 13 20 40 43 44 55 67
62 82 62 72 87 82
19 59 19 56 20 39 58 68 13 26 42 59
62 72 62 27 44 55 58 67 72
21 70 21 42 62 27 44 55 67 72 87 70
19 61 19 25 40 33 61
38 6 38 37 51 67 72 87 27 44 55 58 68 13 20 56 74 63 65 6
87 59 87 13 68 69 76 51 59
87 7 87 13 28 7
21 9 21 58 68 9
22 9 22 25 38 65 6 31 26 28 9
56 77 56 74 72 87 77
15 81 15 30 44 55 58 68 13 20 56 70 81
19 43 19 43
56 6 56 72 87 13 74 63 65 6
76 88 76 57 72 87 27 88
41 55 41 49 72 87 27 44 55
3 52 3 58 68 13 29 48 52
25 83 25 33 51 67 72 87 27 79 83
68 33 68 74 72 87 13 20 40 33
87 6 87 27 44 55 58 68 69 26 28 23 49 25 62 6
3 70 3 27 44 55 58 68 13 74 70
22 44 22 26 42 62 27 44
46 77 46 58 67 72 87 77
69 9 69 76 27 44 55 67 72 87 13 26 42 20 56 74 63 65 37 49 25 35 39 58 68 9
19 86 19 25 38 13 68 51 86
76 27 76 57 72 87 27
25 80 25 38 58 68 69 76 57 72 87 13 26 28 35 39 65 37 48 52 80
58 52 58 68 9 62 27 44 55 67 72 87 13 29 48 52
6 55 6 31 43 44 55
37 44 37 72 87 27 44
19 20 19 69 26 42 20
35 44 35 39 43 87 27 44
37 79 37 51 67 72 87 27 79
63 67 63 65 6 31 68 9 20 55 67
14 59 14 6 31 68 51 67 72 87 13 26 42 33 49 69 25 35 59
22 57 22 20 40 68 9 62 27 44 55 67 72 87 13 74 63 65 37 49 76 57
28 50 28 41 50
2 78 2 56 72 87 27 78
85 72 85 41 57 63 65 6 16 87 27 44 55 67 72
4 70 4 70
57 80 57 63 65 37 72 87 13 29 48 52 80
22 88 22 34 79 88
76 78 76 57 78
4 72 4 74 63 65 37 76 51 67 72
74 73 74 72 87 27 44 55 58 67 73
14 50 14 57 72 87 13 68 74 63 65 6 16 35 39 76 7 62 25 85 41 50
22 77 22 25 62 6 37 49 69 26 42 9 20 56 74 72 87 77
2 71 2 56 64 71
31 51 31 56 20 39 58 68 51
49 86 49 64 86
18 9 18 76 7 62 25 40 43 44 55 58 68 74 63 65 37 49 69 26 42 9
40 70 40 68 13 20 39 87 70
28 61 28 37 72 87 27 44 55 58 68 74 63 65 13 26 42 33 61
3 6 3 23 37 72 87 13 74 63 65 6
2 57 2 13 68 69 26 28 7 14 57
65 75 65 37 48 75
69 23 69 76 23
40 37 40 68 13 74 63 65 37
2 89 2 25 40 68 13 74 63 65 77 89
49 70 49 7 43 87 70
7 55 7 57 63 65 6 16 35 72 87 27 44 55
19 84 19 69 25 40 13 74 63 65 37 76 57 72 87 27 44 79 84
2 9 2 13 68 69 26 42 9
39 78 39 58 67 72 87 13 26 28 25 33 62 27 78
8 41 8 41
87 52 87 13 74 63 65 37 52
19 84 19 69 25 33 62 37 49 76 7 57 63 65 13 26 28 9 20 39 34 79 84
14 75 14 30 48 75
65 73 65 13 26 28 9 62 6 16 87 27 44 55 58 67 73
3 7 3 27 44 55 67 72 87 13 28 25 35 63 65 6 37 76 7
74 66 74 72 87 27 44 55 58 68 9 62 37 76 23 66
25 83 25 63 65 37 52 80 81 83
42 67 42 20 55 67
74 13 74 63 65 13
62 41 62 37 51 67 72 87 13 68 69 26 42 9 20 39 76 7 57 63 65 6 16 35 25 85 41
28 64 28 64
8 64 8 7 62 37 59 64
51 66 51 67 72 87 27 44 55 58 68 9 20 40 13 28 7 62 37 76 23 66
87 20 87 13 20
28 73 28 41 57 72 87 27 44 55 58 68 69 25 33 51 67 73
3 6 3 37 76 51 67 72 87 27 44 55 58 68 69 26 42 33 62 6
58 50 58 68 51 67 72 87 13 74 63 65 37 49 25 40 41 50
43 55 43 44 55
14 81 14 28 41 70 81
11 29 11 7 14 42 51 67 72 87 27 44 55 58 68 69 76 23 37 49 25 33 62 6 16 29
11 89 11 43 52 77 89
18 43 18 63 65 37 76 51 67 72 87 27 44 55 58 68 13 20 40 43
38 75 38 37 48 75
18 29 18 22 20 40 33 49 76 23 37 51 67 72 87 13 29
15 63 15 30 44 55 67 72 87 13 74 63
85 7 85 41 76 27 44 55 58 68 51 67 72 87 13 26 42 62 25 40 33 49 7
28 55 28 7 14 16 35 39 65 37 49 72 87 27 44 55
21 88 21 9 20 56 72 88
18 13 18 63 65 13
23 29 23 49 76 7 43 44 55 67 72 87 13 20 56 74 63 65 6 16 29
2 59 2 23 49 76 27 44 55 67 72 87 13 26 42 20 40 33 62 37 59
72 44 72 87 27 44
42 43 42 20 55 67 72 87 13 28 7 43
74 59 74 72 87 13 28 35 59
65 67 65 6 31 72 87 13 20 39 43 44 55 67
65 25 65 37 76 51 67 72 87 13 28 23 49 25
69 71 69 76 23 49 72 87 13 20 56 64 71
2 88 2 13 74 63 65 37 48 75 88
87 37 87 27 44 55 58 68 74 63 65 37
14 82 14 42 33 62 25 63 65 6 31 72 87 82
21 83 21 26 28 41 76 7 62 25 85 6 16 35 63 65 37 49 58 68 74 72 87 27 79 83
28 13 28 87 13
22 59 22 20 40 33 51 67 72 87 27 44 55 58 68 9 62 25 85 41 63 65 37 59
51 73 51 67 73
56 13 56 74 72 87 13
87 57 87 13 68 74 63 65 37 76 57
8 34 8 51 67 72 87 13 74 63 65 6 16 35 39 58 68 9 62 37 49 7 14 34
42 89 42 9 62 25 85 41 49 76 7 89
23 29 23 37 76 7 62 72 87 13 29
28 57 28 41 57
69 79 69 26 28 68 74 72 87 27 79
3 77 3 37 48 52 77
2 13 2 26 28 68 13
15 37 15 22 25 40 68 9 20 39 65 37
41 73 41 63 65 6 37 76 57 72 87 27 44 55 67 73
13 55 13 28 35 72 87 27 44 55
51 81 51 67 72 87 27 44 55 58 68 74 70 81
11 26 11 7 62 27 44 55 67 72 87 13 26
56 84 56 20 40 33 51 67 72 87 27 79 84
14 67 14 28 9 62 25 33 51 67
68 63 68 51 67 72 87 13 26 28 25 40 41 57 63
40 71 40 43 52 71
18 7 18 20 40 68 51 67 72 87 13 26 42 62 25 33 49 7
23 29 23 37 49 25 35 39 16 29
46 13 46 25 38 65 6 37 76 57 72 87 13
22 41 22 25 85 41
39 37 39 51 67 72 87 13 28 41 76 7 62 6 37
18 23 18 33 49 76 23
28 55 28 41 63 65 37 72 87 27 44 55
85 25 85 6 37 72 87 27 44 55 58 68 69 76 7 62 25
62 89 62 72 87 27 79 84 89
33 71 33 49 7 14 64 71
57 32 57 63 65 37 49 58 68 69 76 7 43 87 13 28 23 32
65 7 65 6 37 51 67 72 87 27 44 55 58 68 69 25 38 13 26 28 7
25 83 25 35 72 87 27 79 83
28 51 28 41 63 65 37 72 87 13 26 42 9 20 39 51
46 59 46 58 67 72 87 13 68 74 63 65 37 51 59
35 66 35 25 33 51 67 72 87 27 44 55 58 68 69 26 28 23 66
33 71 33 62 25 85 6 16 29 48 52 71
87 55 87 27 44 55
56 82 56 70 82
9 52 9 20 39 76 7 14 30 48 52
28 81 28 37 76 51 80 81
7 52 7 43 52
87 16 87 13 20 39 16
57 86 57 63 65 37 48 52 64 86
3 79 3 37 51 67 72 87 27 44 55 58 68 74 63 65 13 20 40 41 76 23 49 69 26 42 9 62 25 79
51 79 51 67 72 87 13 26 28 37 76 57 63 65 6 16 35 25 62 27 44 79
2 13 2 33 49 72 87 13
26 71 26 28 41 76 27 44 55 67 72 87 13 74 63 65 37 49 58 68 69 25 33 62 6 31 59 64 71
64 71 64 71
2 88 2 9 62 72 88
3 30 3 30
76 72 76 27 44 55 58 67 72
65 72 65 6 16 87 13 20 56 72
2 48 2 7 43 87 13 29 48
33 44 33 62 37 72 87 27 44
21 26 21 9 20 55 67 72 87 13 28 68 69 26
87 84 87 27 44 84
34 75 34 48 75
14 48 14 16 87 13 29 48
87 66 87 27 44 55 58 68 13 74 63 65 6 37 49 76 23 66
27 32 27 44 55 67 72 87 13 28 35 63 65 37 76 23 32
19 79 19 25 79
33 61 33 61
62 7 62 37 76 7
14 79 14 16 87 13 74 63 65 6 31 43 44 79
3 7 3 9 62 6 31 26 28 35 39 16 87 27 44 55 58 68 69 25 38 65 13 20 40 41 76 7
40 44 40 33 62 72 87 27 44
57 71 57 63 65 37 52 64 71
69 34 69 76 27 44 55 67 72 87 13 26 28 35 39 34
18 25 18 76 23 37 51 67 72 87 13 20 40 33 49 69 26 42 9 62 25
18 44 18 41 63 65 37 76 27 44
87 70 87 70
15 66 15 9 62 37 51 67 72 87 27 44 55 58 68 13 26 28 23 66
74 77 74 63 65 37 51 67 72 87 77
20 48 20 56 74 63 65 6 37 72 87 13 29 48
42 43 42 51 67 72 87 27 44 55 58 68 69 26 28 35 39 43
72 32 72 87 27 44 55 58 68 74 63 65 6 37 76 23 32
14 23 14 28 23
68 13 68 51 67 72 87 13
69 82 69 64 71 82
2 55 2 23 49 7 14 16 87 27 44 55
20 71 20 55 58 68 13 29 48 52 64 71
65 81 65 13 74 70 81
62 86 62 72 86
40 9 40 68 9
40 34 40 41 57 72 87 13 26 28 9 20 39 34
19 26 19 38 37 76 7 62 27 44 55 67 72 87 13 26
23 83 23 37 72 87 27 79 83
69 43 69 76 27 44 55 58 68 9 20 39 16 35 63 65 6 31 72 87 13 28 23 49 7 43
4 80 4 30 34 48 75 80
14 63 14 16 35 63
42 33 42 33
4 75 4 30 48 75
38 64 38 58 67 72 87 13 26 42 51 59 64
19 32 19 43 87 13 28 23 32
87 9 87 13 68 69 26 42 9
49 60 49 72 87 13 60
87 55 87 27 44 55
8 26 8 28 68 13 26
46 32 46 26 28 87 13 74 63 65 37 76 23 32
65 25 65 6 37 49 69 25
40 32 40 13 74 63 65 37 51 67 72 87 27 44 55 58 68 9 20 39 76 23 32
62 50 62 6 37 49 25 85 41 50
49 6 49 7 14 30 44 55 67 72 87 13 74 63 65 6
4 37 4 7 57 63 65 37
2 16 2 13 68 9 62 6 16
4 89 4 9 20 56 89
8 48 8 40 13 26 42 51 67 72 87 27 44 55 58 68 69 25 63 65 6 16 29 48
7 71 7 43 44 55 67 72 87 13 28 9 20 40 41 49 25 33 51 59 64 71
31 81 31 72 87 70 81
26 71 26 42 59 64 71
4 79 4 30 34 79
38 80 38 58 67 72 87 13 28 68 9 62 25 33 49 69 26 42 51 80
11 81 11 43 52 80 81
19 82 19 41 49 76 23 37 51 59 64 82
76 89 76 51 59 89
15 77 15 9 20 39 65 13 68 69 76 23 37 48 52 77
19 26 19 43 44 55 58 68 69 25 33 49 7 14 6 31 56 74 72 87 13 26
11 37 11 7 62 25 40 41 76 23 37
68 13 68 9 20 40 43 87 13
3 20 3 27 44 55 67 72 87 13 20
21 16 21 9 62 37 76 23 49 72 87 13 74 63 65 6 16
85 7 85 41 49 76 7
4 20 4 49 58 68 74 63 65 37 51 67 72 87 13 20
4 59 4 49 58 67 72 87 13 28 25 85 41 76 7 14 57 63 65 37 51 59
76 89 76 57 63 65 6 31 58 67 72 87 13 68 74 89
76 66 76 23 66
26 83 26 42 20 40 41 63 65 13 68 51 80 81 83
56 84 56 74 72 87 27 44 84
68 57 68 51 67 72 87 13 74 63 65 37 49 7 62 25 85 6 31 26 28 35 39 76 57
1 41 1 49 76 51 67 72 87 27 44 55 58 68 13 20 40 41
18 26 18 63 65 13 26
56 75 56 72 87 13 28 9 62 6 31 68 69 76 23 37 48 75
42 89 42 9 62 25 40 68 74 63 65 77 89
19 59 19 41 76 23 49 7 57 72 87 27 44 55 58 68 13 28 37 59
14 80 14 6 31 26 28 37 48 52 80
4 26 4 26
21 37 21 26 42 20 40 41 63 65 6 37
4 78 4 7 43 44 55 67 72 87 13 20 40 78
22 16 22 13 74 63 65 6 16
16 86 16 35 59 64 86
40 61 40 33 61
56 51 56 20 39 58 68 51
11 20 11 13 28 25 33 62 6 16 35 39 51 67 72 87 27 44 55 58 68 9 20
28 9 28 37 72 87 13 74 63 65 6 16 35 25 38 58 68 9
27 48 27 44 55 58 68 74 72 87 13 26 28 41 49 69 25 35 63 65 6 31 56 20 39 16 29 48
49 80 49 69 25 63 65 37 51 80
39 60 39 43 87 13 60
31 52 31 72 87 13 20 39 65 6 16 29 48 52
14 70 14 57 63 65 6 31 58 67 72 87 70
35 48 35 25 33 62 37 76 51 67 72 87 13 20 40 43 44 55 58 68 74 63 65 6 16 29 48
68 41 68 9 62 25 38 58 67 72 87 13 26 28 41
1 34 1 33 49 76 23 37 51 67 72 87 13 68 69 26 42 20 56 74 63 65 6 16 35 39 34
25 75 25 62 27 44 55 67 72 87 13 26 28 41 76 57 63 65 37 48 75
6 73 6 37 72 87 27 44 55 58 68 9 20 39 51 67 73
87 6 87 13 28 68 9 62 37 76 7 14 25 35 63 65 6
35 27 35 63 65 13 26 28 7 14 30 44 55 67 72 87 27
18 59 18 22 34 59
3 78 3 37 76 23 66 78
22 59 22 34 59
18 81 18 6 16 29 48 52 80 81
11 80 11 7 57 72 87 13 68 69 26 28 35 63 65 6 31 43 52 80
2 57 2 23 49 25 85 41 57
19 41 19 62 25 40 41
3 7 3 30 44 55 58 67 72 87 13 74 63 65 6 37 49 7
42 27 42 9 20 55 67 72 87 27
26 83 26 42 51 67 72 87 70 81 83
28 48 28 9 62 72 87 13 20 39 43 44 55 58 68 74 63 65 6 16 29 48
35 43 35 72 87 13 28 9 20 39 43
63 67 63 65 6 16 87 27 44 55 67
20 86 20 39 76 7 14 64 86
49 48 49 76 27 44 55 67 72 87 13 29 48
87 70 87 70
14 44 14 30 44
39 70 39 51 67 72 87 70
68 60 68 69 25 40 60
62 78 62 27 78
22 57 22 26 28 41 57
76 84 76 27 44 79 84
69 52 69 76 23 49 72 87 13 74 63 65 6 16 35 39 34 48 52
51 29 51 67 72 87 27 44 55 58 68 9 62 25 38 13 29
9 50 9 20 40 41 50
51 75 51 67 72 87 13 29 48 75
33 84 33 51 67 72 87 27 44 79 84
49 41 49 76 27 44 55 67 72 87 13 20 39 58 68 69 26 42 62 25 40 41
87 63 87 27 44 55 58 68 9 20 39 65 13 74 63
39 58 39 58
56 27 56 20 40 33 62 72 87 27
40 83 40 13 20 56 70 81 83
63 52 63 65 37 52
16 61 16 35 39 87 13 28 7 14 25 33 61
3 67 3 30 44 55 67
65 80 65 37 48 75 80
28 61 28 35 39 16 87 13 68 74 63 65 37 76 23 49 69 26 42 9 62 25 40 33 61
22 67 22 26 28 35 72 87 27 44 55 67
51 29 51 67 72 87 27 44 55 58 68 13 20 56 74 63 65 37 76 23 49 25 62 6 16 29
6 86 6 16 87 13 29 48 52 64 86
69 7 69 76 27 44 55 58 68 74 63 65 6 16 87 13 28 7
8 6 8 41 49 69 25 85 6
19 51 19 62 37 51
28 30 28 7 14 30
72 44 72 87 13 26 28 37 76 27 44
16 48 16 29 48
39 70 39 76 51 67 72 87 13 28 41 63 65 6 16 35 25 62 27 44 55 58 68 69 26 42 20 56 70
69 88 69 26 28 41 76 7 57 63 65 13 29 48 88
65 33 65 13 20 56 72 87 27 44 55 58 68 9 62 25 33
42 73 42 62 6 16 87 27 44 55 58 68 13 74 63 65 37 76 51 67 73
51 71 51 67 72 87 27 44 55 58 68 13 29 48 52 64 71
43 66 43 44 55 67 72 87 13 68 9 62 37 76 23 66
23 61 23 37 51 67 72 87 27 44 55 58 68 9 62 25 33 61
30 80 30 48 52 80
56 58 56 74 63 65 6 31 68 51 67 72 87 13 20 55 58
46 86 46 25 33 62 27 44 55 67 72 86
16 80 16 35 63 65 13 20 39 43 52 80
56 70 56 70
14 67 14 57 72 87 13 20 39 58 68 69 76 27 44 55 67
19 58 19 62 25 85 6 31 56 20 39 76 51 67 72 87 27 44 55 58
69 60 69 76 27 44 55 58 68 13 60
11 55 11 13 26 42 33 49 7 43 44 55
43 71 43 44 55 58 67 72 87 13 74 63 65 6 71
68 83 68 9 20 40 41 63 65 37 52 80 81 83
40 63 40 33 49 76 27 44 55 67 72 87 13 20 56 74 63
25 80 25 35 39 16 87 13 29 48 75 80
62 67 62 25 40 43 87 27 44 55 58 68 9 20 39 65 37 51 67
11 61 11 7 14 16 35 39 76 51 67 72 87 13 74 63 65 37 49 58 68 9 62 25 33 61
31 59 31 56 72 87 13 74 63 65 37 51 59
15 70 15 26 28 9 20 56 70
65 64 65 6 37 72 87 13 29 48 52 64
18 23 18 6 37 76 23
72 75 72 87 13 29 48 75
16 48 16 35 72 87 13 29 48
56 7 56 20 40 33 49 25 63 65 13 68 69 76 7
39 44 39 51 67 72 87 27 44
46 16 46 23 37 51 67 72 87 27 44 55 58 68 69 26 42 33 62 25 63 65 13 20 39 16
28 71 28 68 74 63 65 13 29 48 52 71
18 41 18 20 40 41
65 23 65 13 20 56 72 87 27 44 55 58 68 9 62 37 49 69 76 23
62 64 62 25 40 41 57 72 87 13 74 63 65 37 59 64
19 13 19 43 44 55 67 72 87 13
74 77 74 63 65 13 26 42 62 37 77
19 78 19 27 78
4 6 4 26 28 23 37 76 57 72 87 13 20 56 74 63 65 6
8 50 8 40 41 50
15 34 15 34
57 50 57 72 87 13 68 9 20 40 41 50
42 88 42 20 40 68 51 67 72 87 13 29 48 75 88
18 89 18 20 39 16 35 59 89
3 77 3 38 58 67 72 87 77
42 86 42 59 64 86
9 52 9 62 27 44 55 58 68 51 67 72 87 13 29 48 52
14 7 14 25 40 33 62 27 44 55 58 68 51 67 72 87 13 28 23 49 69 26 42 9 20 39 16 35 63 65 37 76 7
58 73 58 67 73
9 61 9 20 40 13 74 63 65 6 37 76 23 49 25 33 61
35 59 35 63 65 37 49 58 68 51 59
18 52 18 41 49 72 87 13 29 48 52
20 29 20 40 43 87 13 29
46 83 46 23 49 25 79 83
9 71 9 62 27 44 55 58 67 72 87 13 68 51 59 64 71
40 33 40 33
21 71 21 59 64 71
9 84 9 20 55 84
74 78 74 72 87 13 68 78
74 84 74 72 87 27 44 84
38 44 38 37 51 67 72 87 13 74 63 65 6 16 35 25 62 27 44
9 67 9 62 25 38 65 6 31 26 28 23 49 72 87 27 44 55 67
35 75 35 63 65 6 31 58 67 72 87 13 29 48 75
9 81 9 20 40 68 74 70 81
56 43 56 20 40 68 9 62 25 38 37 72 87 13 26 28 35 63 65 6 31 43
31 26 31 26
56 13 56 74 72 87 13
16 44 16 35 63 65 6 37 76 27 44
22 43 22 43
87 67 87 13 20 55 67
49 23 49 69 76 23
85 43 85 41 49 25 35 39 43
38 82 38 37 52 71 82
7 71 7 62 25 63 65 6 37 52 71
1 78 1 51 67 72 87 27 78
35 77 35 63 65 37 52 77
33 75 33 51 67 72 87 13 26 42 62 6 16 35 63 65 37 76 23 49 69 25 40 68 9 20 39 34 48 75
11 9 11 68 74 63 65 6 16 87 13 28 9
68 59 68 74 63 65 6 31 43 44 55 67 72 87 13 28 35 59
1 9 1 49 25 85 6 31 58 68 13 26 42 9
57 50 57 63 65 37 49 7 62 6 16 35 39 76 51 67 72 87 13 20 40 41 50
69 50 69 76 27 44 55 58 67 72 87 13 20 39 16 35 25 85 41 50
38 32 38 58 67 72 87 13 74 63 65 37 76 23 32
39 34 39 34
14 63 14 16 35 63
35 66 35 39 51 67 72 87 13 28 41 57 63 65 6 37 49 76 23 66
8 67 8 51 67
68 66 68 74 63 65 6 37 76 27 44 55 58 67 72 87 13 28 23 66
76 23 76 23
18 75 18 41 57 63 65 13 29 48 75
8 81 8 41 49 70 81
2 51 2 33 51
1 70 1 33 51 67 72 87 70
43 52 43 52
22 43 22 43
15 7 15 41 76 57 72 87 27 44 55 58 68 13 74 63 65 6 16 35 25 62 37 49 7
8 30 8 7 14 30
2 33 2 25 33
26 71 26 28 23 49 7 14 30 34 59 64 71
62 52 62 37 48 52
74 60 74 63 65 6 37 76 27 44 55 67 72 87 13 60
18 77 18 41 76 51 67 72 87 27 44 55 58 68 74 63 65 37 77
74 50 74 72 87 13 26 28 41 50
69 75 69 26 42 9 20 56 74 63 65 6 37 48 75
21 75 21 26 42 51 67 72 87 27 44 55 58 68 9 62 6 16 29 48 75
69 32 69 76 23 32
9 29 9 62 27 44 55 58 68 51 67 72 87 13 29
68 83 68 51 67 72 87 13 29 48 75 80 81 83
57 48 57 72 87 13 29 48
1 61 1 49 25 63 65 13 20 40 33 61
85 9 85 6 31 58 68 9
23 81 23 49 76 51 67 72 87 13 26 28 9 20 56 70 81
8 20 8 51 67 72 87 13 68 9 20
14 32 14 6 37 51 67 72 87 13 26 28 41 76 23 32
56 82 56 20 40 13 28 7 62 25 35 59 64 82
28 16 28 37 76 23 49 72 87 13 20 56 74 63 65 6 16
41 52 41 63 65 37 76 27 44 55 67 72 87 13 29 48 52
11 7 11 7
4 84 4 49 72 87 27 44 79 84
23 81 23 37 48 75 80 81
3 16 3 37 72 87 13 20 39 58 68 74 63 65 6 16
65 72 65 37 51 67 72
15 26 15 22 13 26
4 73 4 49 72 87 27 44 55 67 73
13 71 13 29 48 52 71
28 88 28 23 37 48 88
72 86 72 86
22 71 22 34 48 52 64 71
1 29 1 13 29
69 44 69 76 27 44
87 44 87 27 44
8 72 8 28 87 13 26 42 51 67 72
39 37 39 76 7 57 63 65 6 16 35 72 87 13 28 37
33 52 33 49 69 25 38 37 72 87 13 74 63 65 6 16 29 48 52
68 59 68 69 76 27 44 55 58 67 72 87 13 26 28 37 51 59
62 70 62 27 44 55 67 72 87 70
69 70 69 76 7 62 27 44 55 67 72 87 70
69 29 69 26 28 68 74 63 65 37 72 87 13 29
39 26 39 43 44 55 58 68 69 26
37 83 37 51 80 81 83
38 51 38 37 76 51
1 57 1 7 57
65 67 65 37 72 87 27 44 55 67
27 80 27 44 55 58 67 72 87 13 26 28 41 57 63 65 6 31 68 69 76 7 62 25 35 39 16 29 48 75 80
69 83 69 25 35 63 65 6 31 68 51 67 72 87 27 79 83
20 52 20 39 51 67 72 87 13 74 63 65 6 37 52
87 29 87 13 29
76 78 76 57 78
3 9 3 23 37 76 7 43 44 55 58 68 9
74 27 74 63 65 6 31 43 87 27
13 86 13 26 28 35 72 86
1 26 1 51 67 72 87 13 28 7 14 42 33 62 37 49 25 85 41 57 63 65 6 16 35 39 58 68 69 26
65 63 65 37 76 57 63
9 50 9 62 72 87 27 44 55 58 68 74 63 65 6 31 26 28 7 14 16 35 25 38 13 20 40 41 50
21 26 21 26
14 34 14 34
8 20 8 51 67 72 87 27 44 55 58 68 69 26 28 23 49 76 57 63 65 13 20
18 72 18 6 31 26 28 9 62 25 38 37 76 51 67 72
18 60 18 6 31 26 28 23 49 76 27 44 55 58 67 72 87 13 20 40 60
43 75 43 44 55 58 67 72 87 13 26 28 9 62 37 48 75
19 32 19 27 44 55 58 68 69 25 62 6 37 76 23 32
69 77 69 26 42 62 27 44 55 58 68 51 67 72 87 77
11 60 11 68 9 20 40 60
33 55 33 49 25 35 39 87 13 28 23 37 76 27 44 55
20 83 20 56 72 87 70 81 83
38 66 38 65 6 31 56 20 39 58 68 69 76 7 43 44 55 67 72 87 13 26 28 23 66
11 50 11 68 69 25 85 41 50
42 13 42 51 67 72 87 13
18 66 18 20 40 68 51 67 72 87 13 28 25 62 37 49 76 23 66
40 20 40 43 87 13 20
11 26 11 68 13 26
65 83 65 37 76 27 44 79 83
76 29 76 27 44 55 58 68 13 26 42 20 39 16 29
62 71 62 6 31 64 71
8 58 8 51 67 72 87 27 44 55 58
19 61 19 43 44 55 58 68 9 20 40 33 61
46 83 46 25 33 49 76 51 67 72 87 70 81 83
15 41 15 41
62 20 62 25 40 41 49 58 68 9 20
3 88 3 37 72 87 27 79 88
1 79 1 51 67 72 87 27 79
27 52 27 44 55 58 67 72 87 13 28 41 76 23 49 7 43 52
41 73 41 57 63 65 13 20 56 72 87 27 44 55 58 68 51 67 73
15 51 15 16 87 13 20 39 51
49 80 49 58 67 72 87 13 28 41 76 51 80
69 29 69 26 28 9 62 27 44 55 67 72 87 13 29
74 70 74 70
19 61 19 25 33 61
40 70 40 41 70
31 64 31 64
11 20 11 43 87 13 74 63 65 37 76 23 49 58 68 9 20
4 89 4 49 76 23 37 51 59 89
62 50 62 27 44 55 67 72 87 13 20 40 41 50
14 27 14 28 41 63 65 13 74 72 87 27
18 16 18 6 16
76 9 76 27 44 55 67 72 87 13 74 63 65 6 16 35 39 58 68 9
85 27 85 6 31 58 67 72 87 27
20 71 20 39 87 13 29 48 52 71
39 7 39 58 68 51 67 72 87 13 28 41 49 76 7
3 86 3 38 59 64 86
38 71 38 59 64 71
14 43 14 42 20 56 74 72 87 13 68 69 25 33 62 37 76 57 63 65 6 31 43
40 48 40 41 76 51 67 72 87 27 44 55 58 68 74 63 65 6 16 29 48
27 55 27 44 55
3 33 3 20 56 74 72 87 13 26 42 33
35 57 35 39 16 87 13 68 69 26 28 7 57
74 82 74 70 82
38 81 38 58 67 72 87 70 81
34 79 34 79
39 29 39 58 67 72 87 13 29
41 66 41 76 23 66
58 73 58 67 73
7 66 7 62 25 40 33 49 76 23 66
3 55 3 9 20 56 74 72 87 27 44 55
42 30 42 62 37 51 67 72 87 13 20 56 74 63 65 6 31 68 69 76 7 14 30
68 13 68 9 62 27 44 55 58 67 72 87 13
46 79 46 25 38 13 20 39 87 27 44 79
15 26 15 41 63 65 13 26
33 50 33 51 67 72 87 27 44 55 58 68 69 26 28 41 50
87 32 87 13 28 23 32
69 32 69 25 40 68 9 62 27 44 55 58 67 72 87 13 28 37 49 76 23 32
21 72 21 13 26 42 33 51 67 72
85 77 85 6 37 77
11 86 11 59 64 86
11 81 11 68 13 74 70 81
42 84 42 9 62 37 49 25 35 72 87 13 74 63 65 6 31 43 44 79 84
19 44 19 38 13 26 42 51 67 72 87 27 44
56 63 56 74 63
87 82 87 70 82
87 64 87 13 29 48 52 64
39 58 39 51 67 72 87 13 20 56 74 63 65 37 76 27 44 55 58
2 25 2 13 74 63 65 37 49 25
31 59 31 59
76 73 76 57 63 65 6 37 49 25 40 43 87 27 44 55 58 67 73
87 33 87 13 28 23 49 25 33
1 52 1 37 48 52
56 78 56 20 39 51 67 72 87 27 78
16 73 16 35 39 43 87 13 68 51 67 73
21 82 21 58 68 69 64 71 82
56 41 56 20 39 51 67 72 87 13 26 42 9 62 6 37 76 27 44 55 58 68 69 25 40 41
72 44 72 87 27 44
6 84 6 16 87 13 20 40 43 44 55 84
4 27 4 74 72 87 27
31 51 31 26 28 9 20 40 43 44 55 67 72 87 13 68 51
20 86 20 55 58 67 72 86
74 51 74 72 87 27 44 55 58 68 13 28 41 49 76 7 62 6 16 35 25 38 37 51
1 33 1 33
8 6 8 28 7 62 6
11 80 11 43 52 80
35 48 35 63 65 13 29 48
15 9 15 9
43 44 43 87 27 44
3 23 3 23
8 55 8 9 62 25 63 65 6 16 35 39 58 68 13 74 72 87 27 44 55
65 70 65 6 31 68 51 67 72 87 13 26 28 23 49 76 7 14 25 85 70
74 9 74 72 87 13 28 37 76 23 49 58 68 9
37 86 37 48 52 64 86
39 84 39 58 67 72 87 27 44 79 84
68 67 68 69 25 63 65 13 74 72 87 27 44 55 67
22 16 22 25 63 65 6 16
56 33 56 74 63 65 6 31 68 13 20 40 33
40 16 40 33 51 67 72 87 27 44 55 58 68 9 20 39 16
51 79 51 67 72 87 27 79
62 60 62 6 16 87 13 60
25 52 25 33 49 58 67 72 87 13 74 63 65 6 31 43 52
37 52 37 76 7 57 72 87 13 29 48 52
62 61 62 37 76 51 67 72 87 27 44 55 58 68 9 20 39 65 6 31 26 42 33 61
74 43 74 72 87 13 26 28 9 62 6 31 56 20 40 43
19 23 19 43 87 13 68 69 76 23
68 70 68 74 63 65 6 37 49 72 87 70
14 33 14 16 35 25 33
34 84 34 79 84
4 88 4 7 14 16 29 48 88
13 44 13 20 40 41 49 69 76 7 57 72 87 27 44
27 73 27 44 55 67 72 87 13 26 73
69 66 69 76 23 66
85 84 85 6 16 35 63 65 13 68 74 72 87 27 79 84
62 81 62 25 38 37 48 75 80 81
39 78 39 43 87 27 78
35 16 35 72 87 13 26 28 7 14 16
76 82 76 51 67 72 87 13 74 82
56 7 56 74 63 65 6 37 49 58 68 69 76 7
25 75 25 35 63 65 13 29 48 75
65 25 65 37 76 27 44 55 58 68 51 67 72 87 13 28 25
8 43 8 40 43
56 71 56 20 40 68 74 72 87 13 29 48 52 71
31 73 31 43 44 55 67 73
35 23 35 63 65 13 28 23
87 27 87 27
49 80 49 72 87 27 44 55 58 68 9 20 39 16 35 63 65 6 31 26 42 51 80
8 52 8 62 27 44 55 58 68 9 20 56 72 87 13 29 48 52
18 73 18 41 63 65 37 51 67 73
76 84 76 23 37 72 87 27 44 55 84
22 25 22 20 56 74 72 87 27 44 55 58 68 69 26 42 33 62 25
27 81 27 44 55 67 72 87 13 68 9 20 39 16 29 48 75 80 81
31 52 31 58 68 51 67 72 87 13 29 48 52
68 30 68 69 26 28 7 14 30
69 66 69 26 42 9 62 27 44 55 67 72 87 13 74 63 65 37 76 23 66
3 73 3 37 72 87 27 44 55 67 73
49 32 49 7 43 87 13 28 23 32
31 84 31 56 74 72 87 27 44 79 84
18 84 18 6 16 87 27 79 84
19 88 19 69 26 88
21 59 21 42 59
39 33 39 51 67 72 87 13 68 69 25 33
34 71 34 48 52 71
3 63 3 9 62 37 51 67 72 87 27 44 55 58 68 74 63
85 70 85 41 70
28 48 28 41 57 63 65 13 26 42 33 62 72 87 27 44 55 58 68 69 25 38 37 48
35 84 35 72 87 27 79 84
8 73 8 9 20 73
15 84 15 26 42 51 67 72 87 13 28 25 62 37 76 23 49 7 57 63 65 6 31 43 44 79 84
31 86 31 43 87 27 44 55 67 72 86
25 66 25 62 37 76 23 66
28 82 28 35 25 62 27 44 55 67 82
9 32 9 62 37 51 67 72 87 13 20 56 74 63 65 6 16 35 39 58 68 69 76 23 32
40 51 40 68 51
1 59 1 51 59
43 52 43 52
65 63 65 13 74 63
87 44 87 27 44
65 61 65 37 76 27 44 55 67 72 87 13 20 40 33 61
13 67 13 28 37 72 87 27 44 55 67
87 72 87 27 44 55 58 68 74 63 65 13 26 28 23 37 76 7 57 72
13 79 13 26 28 7 14 42 20 39 65 37 72 87 27 79
2 64 2 9 20 40 43 52 64
87 55 87 27 44 55
6 79 6 37 51 67 72 87 27 79
40 70 40 68 74 63 65 13 20 39 16 35 25 62 27 44 55 58 67 72 87 70
28 23 28 9 62 25 38 37 49 72 87 13 74 63 65 6 16 35 39 76 23
11 79 11 68 9 62 6 16 87 27 79
20 86 20 56 74 72 86
8 59 8 41 63 65 6 16 35 25 38 37 59
42 37 42 20 56 74 63 65 37
76 75 76 51 67 72 87 13 74 63 65 37 49 69 25 85 6 16 29 48 75
15 32 15 22 25 62 37 76 23 32
14 37 14 6 31 72 87 13 68 69 26 42 33 62 37
58 29 58 68 69 26 42 51 67 72 87 13 20 39 76 7 14 6 16 29
3 51 3 30 44 55 58 67 72 87 13 28 41 63 65 37 51
15 41 15 22 31 68 9 20 40 41
28 75 28 68 13 26 42 9 62 6 37 48 75
15 26 15 30 44 55 67 72 87 13 68 69 26
49 78 49 7 57 63 65 6 31 43 87 27 78
63 73 63 65 37 51 67 73
28 89 28 68 9 62 27 44 55 67 72 87 77 89
56 37 56 74 63 65 6 16 35 39 76 51 67 72 87 13 28 7 43 44 55 58 68 9 20 40 33 62 37
87 37 87 13 68 69 25 63 65 37
1 63 1 26 28 9 20 55 67 72 87 13 68 74 63
42 9 42 62 72 87 27 44 55 58 68 9
38 51 38 58 68 69 76 51
63 75 63 65 37 48 75
56 29 56 72 87 13 29
35 77 35 63 65 77
69 72 69 25 63 65 13 28 23 37 76 7 62 6 16 35 39 87 27 44 55 67 72
65 44 65 6 16 87 27 44
35 44 35 25 85 6 16 87 13 20 40 43 44
2 61 2 13 74 63 65 6 37 49 25 33 61
15 75 15 41 63 65 13 28 35 72 87 27 44 55 58 68 69 25 33 62 37 76 23 49 7 14 34 48 75
14 6 14 30 44 55 58 67 72 87 13 20 40 41 63 65 6
63 67 63 65 13 28 23 49 72 87 27 44 55 67
63 32 63 65 37 49 72 87 27 44 55 58 68 9 62 6 16 35 39 76 23 32
8 84 8 28 25 85 41 57 63 65 6 37 76 7 43 44 55 67 72 87 13 20 39 34 79 84
15 23 15 41 49 72 87 13 74 63 65 6 37 76 23
57 52 57 72 87 27 44 55 58 68 74 63 65 13 20 40 41 76 7 62 37 49 69 25 35 39 34 48 52
87 27 87 27
56 83 56 70 81 83
20 55 20 55
85 43 85 41 76 57 63 65 6 37 72 87 13 28 68 69 25 35 39 43
43 79 43 87 27 79
74 67 74 72 87 27 44 55 58 68 9 62 6 31 26 28 41 49 76 51 67
69 25 69 26 28 25
56 33 56 74 63 65 37 72 87 13 68 9 62 25 33
65 32 65 6 16 35 25 38 58 68 69 76 7 62 37 51 67 72 87 13 28 23 32
15 84 15 34 79 84
1 16 1 51 67 72 87 27 44 55 58 68 69 26 28 37 76 7 57 63 65 6 16
42 16 42 62 6 16
56 32 56 20 40 13 28 23 32
68 84 68 74 72 87 27 79 84
46 81 46 23 49 58 67 72 87 70 81
49 26 49 76 51 67 72 87 13 26
76 88 76 51 67 72 88
49 64 49 64
1 55 1 51 67 72 87 27 44 55
42 29 42 62 25 40 33 51 67 72 87 13 28 37 76 57 63 65 6 16 29
22 55 22 31 43 87 27 44 55
39 23 39 16 35 25 63 65 37 51 67 72 87 27 44 55 58 68 13 26 42 33 49 76 23
38 70 38 37 51 67 72 87 27 44 55 58 68 74 70
35 51 35 63 65 6 37 51
68 29 68 51 67 72 87 13 29
3 75 3 38 58 67 72 87 13 28 9 62 6 16 29 48 75
14 70 14 6 16 87 70
14 67 14 57 63 65 37 51 67
38 64 38 59 64
33 84 33 51 67 72 87 27 79 84
14 33 14 25 40 33
31 60 31 26 42 20 39 87 13 60
49 86 49 7 57 63 65 13 29 48 52 64 86
2 27 2 7 43 87 27
26 44 26 28 23 49 69 76 27 44
34 71 34 48 52 71
15 23 15 26 42 51 67 72 87 13 28 23
3 34 3 58 68 9 62 27 44 55 67 72 87 13 20 39 34
69 86 69 76 51 86
62 73 62 25 40 68 9 20 73
51 73 51 67 72 87 13 20 73
68 67 68 74 72 87 27 44 55 67
19 89 19 38 65 6 31 26 42 51 59 89
74 66 74 63 65 37 49 69 25 35 39 51 67 72 87 13 26 28 23 66
62 50 62 37 76 57 63 65 6 31 56 72 87 13 26 28 41 50
37 29 37 51 67 72 87 13 29
19 51 19 69 76 7 57 63 65 13 74 72 87 27 44 55 58 68 51
69 79 69 25 33 51 67 72 87 27 79
42 59 42 62 37 51 59
14 86 14 6 37 76 51 86
8 71 8 28 87 13 26 42 51 59 64 71
19 26 19 25 85 6 37 49 58 68 9 62 27 44 55 67 72 87 13 26
69 75 69 76 27 44 55 67 72 87 13 68 9 20 39 34 48 75
68 26 68 51 67 72 87 13 26
14 51 14 28 25 40 13 74 72 87 27 44 55 58 68 69 76 51
4 23 4 23
57 44 57 63 65 13 20 55 67 72 87 27 44
62 88 62 25 40 33 49 69 76 57 72 87 27 79 88
69 80 69 76 57 63 65 6 37 49 25 33 62 27 44 55 67 72 87 13 28 7 14 16 35 39 51 80
16 83 16 87 70 81 83
41 83 41 57 63 65 37 51 67 72 87 70 81 83
62 23 62 37 49 7 57 72 87 13 20 40 41 76 23
23 50 23 37 49 76 7 57 63 65 13 28 41 50
7 71 7 64 71
37 66 37 49 76 23 66
76 71 76 51 59 64 71
18 83 18 20 56 74 63 65 6 37 51 67 72 87 13 68 9 62 25 79 83
15 61 15 30 44 55 58 68 9 20 39 76 23 49 25 33 61
18 59 18 59
76 88 76 51 67 72 87 27 79 88
56 80 56 20 40 41 76 51 67 72 87 27 44 55 58 68 13 28 37 48 75 80
65 7 65 37 49 76 7
40 26 40 68 9 20 56 74 63 65 13 26
56 59 56 20 40 33 62 27 44 55 67 72 87 13 68 74 63 65 6 31 59
18 32 18 63 65 6 37 49 76 23 32
38 43 38 37 51 67 72 87 27 44 55 58 68 74 63 65 6 16 35 39 43
49 9 49 69 25 38 65 6 16 35 72 87 13 26 42 9
9 50 9 62 27 44 55 67 72 87 13 28 68 69 25 85 41 50
33 55 33 51 67 72 87 13 68 9 20 40 41 63 65 6 31 43 44 55
74 13 74 72 87 13
63 84 63 65 6 31 72 87 13 20 40 43 44 84
62 29 62 72 87 13 20 56 74 63 65 6 16 29
69 33 69 76 27 44 55 67 72 87 13 28 23 37 49 25 33
49 81 49 7 43 87 70 81
19 60 19 43 44 55 67 72 87 13 60
23 29 23 49 58 67 72 87 13 29
37 71 37 59 64 71
27 73 27 44 55 67 72 87 13 26 73
22 25 22 31 56 74 72 87 13 28 37 76 57 63 65 6 16 35 25
41 50 41 50
76 78 76 7 62 72 87 13 68 78
8 48 8 51 67 72 87 27 44 55 58 68 9 20 40 41 76 7 14 16 29 48
40 58 40 43 44 55 67 72 87 13 74 63 65 37 49 58
28 77 28 41 49 25 85 6 77
74 59 74 63 65 13 20 56 72 87 27 44 55 58 68 69 25 38 37 59
23 80 23 37 76 51 67 72 87 27 44 55 58 68 69 25 35 39 34 48 75 80
19 37 19 27 44 55 58 67 72 87 13 26 42 9 20 40 41 76 57 63 65 37
30 73 30 44 55 67 73
31 84 31 72 87 13 84
35 7 35 39 76 51 67 72 87 13 26 42 9 62 6 31 58 68 74 63 65 37 49 7
14 70 14 42 51 67 72 87 70
21 51 21 9 62 27 44 55 67 72 87 13 28 68 69 76 51
39 80 39 58 67 72 87 13 68 9 20 56 74 63 65 6 16 29 48 75 80
18 88 18 33 49 69 26 88
39 7 39 51 67 72 87 27 44 55 58 68 69 25 40 13 28 23 49 7
69 58 69 76 7 62 72 87 27 44 55 58
19 59 19 56 74 72 87 27 44 55 58 68 13 26 28 37 59
40 16 40 43 87 13 26 28 41 76 7 14 57 63 65 37 49 69 25 35 39 16
57 71 57 63 65 37 48 52 71
13 75 13 29 48 75
63 44 63 65 6 16 87 27 44
26 81 26 28 87 13 29 48 75 80 81
62 78 62 25 33 51 67 72 87 27 78
39 82 39 65 37 72 87 70 82
69 58 69 76 27 44 55 58
68 52 68 69 76 7 57 72 87 13 29 48 52
18 6 18 63 65 6
74 78 74 63 65 37 49 76 23 66 78
39 81 39 51 80 81
35 48 35 39 51 67 72 87 13 74 63 65 6 37 48
8 13 8 7 62 72 87 13
58 29 58 68 69 76 27 44 55 67 72 87 13 74 63 65 6 16 29
14 13 14 28 25 33 49 69 76 57 72 87 27 44 55 58 68 74 63 65 13
2 48 2 13 20 40 41 49 7 57 72 87 27 44 55 58 68 74 63 65 6 16 29 48
2 64 2 43 52 64
35 23 35 63 65 13 26 28 23
31 66 31 58 68 13 74 63 65 37 76 23 66
15 59 15 22 26 42 33 51 67 72 87 27 44 55 58 68 69 76 23 37 59
28 80 28 25 85 41 57 72 87 13 20 40 33 62 37 48 52 80
40 73 40 68 13 20 73
15 66 15 30 44 55 58 67 72 87 13 74 63 65 37 49 69 26 28 23 66
3 13 3 38 13
56 52 56 72 87 13 20 39 43 44 55 58 68 9 62 37 52
2 80 2 25 63 65 37 51 80
51 55 51 67 72 87 27 44 55
76 72 76 27 44 55 67 72
21 71 21 13 74 63 65 64 71
37 86 37 48 52 64 86
74 57 74 63 65 13 26 42 51 67 72 87 27 44 55 58 68 69 25 40 41 76 7 57
4 23 4 23
1 79 1 39 76 23 37 51 67 72 87 13 74 63 65 6 16 35 25 79
1 48 1 2 7 43 87 13 29 48
58 66 58 68 51 67 72 87 13 74 63 65 6 37 49 76 23 66
40 89 40 13 26 28 87 77 89
1 86 1 7 57 72 86
2 75 2 7 43 87 13 29 48 75
58 52 58 68 13 29 48 52
31 20 31 43 44 55 67 72 87 13 20
21 80 21 26 28 41 76 51 80
2 86 2 25 63 65 6 31 26 42 51 59 64 86
65 20 65 37 51 67 72 87 13 20
56 34 56 20 55 58 68 13 74 63 65 6 16 35 39 34
41 67 41 76 27 44 55 67
3 78 3 78
19 89 19 27 44 55 67 72 87 77 89
74 7 74 72 87 13 26 28 9 62 6 37 49 7
62 55 62 25 85 41 63 65 13 68 69 26 42 33 49 58 67 72 87 27 44 55
4 32 4 23 32
21 67 21 58 67
21 55 21 13 74 72 87 27 44 55
49 55 49 72 87 27 44 55
2 84 2 56 20 40 43 44 55 67 72 87 27 79 84
4 29 4 30 44 55 58 67 72 87 13 29
62 50 62 37 51 67 72 87 13 68 74 63 65 6 16 35 39 76 23 49 25 85 41 50
16 84 16 35 25 40 68 13 74 72 87 27 44 84
22 71 22 34 48 52 64 71
70 83 70 81 83
68 60 68 74 72 87 13 26 28 37 49 69 60
15 25 15 9 62 27 44 55 58 68 74 63 65 13 28 41 49 69 25
35 51 35 25 40 41 63 65 6 37 51
85 52 85 41 57 63 65 6 16 35 25 33 62 37 76 27 44 55 58 68 69 26 42 51 67 72 87 13 29 48 52
35 59 35 59
16 29 16 29
3 83 3 30 44 55 67 72 87 70 81 83
23 50 23 49 69 25 63 65 6 37 76 7 57 72 87 13 28 41 50
46 71 46 25 33 49 7 64 71
68 78 68 78
69 58 69 76 23 37 51 67 72 87 27 44 55 58
85 79 85 6 31 58 68 51 67 72 87 13 26 42 62 27 79
15 37 15 41 76 27 44 55 58 67 72 87 13 20 40 33 62 25 35 63 65 37
72 44 72 87 27 44
40 67 40 33 49 58 68 13 74 63 65 6 37 72 87 27 44 55 67
74 84 74 63 65 37 72 87 27 79 84
31 37 31 58 67 72 87 13 68 9 20 39 16 35 63 65 37
74 77 74 63 65 37 72 87 27 44 55 58 77
16 73 16 35 39 87 27 44 55 67 73
4 89 4 7 14 34 48 52 77 89
46 66 46 23 66
11 20 11 68 9 20
62 83 62 27 44 55 58 68 13 83
25 75 25 33 51 67 72 87 13 20 55 58 68 69 26 28 41 57 63 65 6 16 35 39 34 48 75
28 60 28 41 50 60
42 7 42 33 49 7
74 44 74 63 65 37 49 7 62 27 44
65 75 65 37 49 69 26 42 20 39 16 29 48 75
41 61 41 76 51 67 72 87 27 44 55 58 68 9 62 37 49 7 57 63 65 13 26 42 33 61
39 9 39 76 51 67 72 87 13 68 9
23 44 23 37 76 7 62 25 33 51 67 72 87 27 44
9 81 9 62 37 72 87 70 81
2 25 2 7 57 63 65 37 72 87 27 44 55 58 68 9 20 39 76 23 49 25
22 88 22 31 58 67 72 87 13 20 39 34 79 88
6 83 6 16 29 48 52 80 81 83
8 80 8 62 72 87 27 44 55 58 68 69 25 85 6 31 43 52 80
39 9 39 51 67 72 87 13 28 68 9
2 55 2 9 20 40 13 26 42 51 67 72 87 27 44 55
4 43 4 49 58 68 74 63 65 37 51 67 72 87 13 26 42 62 6 16 35 39 43
65 89 65 37 76 23 49 72 87 27 79 84 89
4 77 4 9 62 27 44 55 58 68 69 26 28 23 66 77
69 20 69 26 28 9 20
35 20 35 39 76 57 63 65 13 20
41 52 41 63 65 37 48 52
42 78 42 9 20 40 43 87 27 78
1 48 1 7 14 25 38 37 51 67 72 87 13 29 48
28 72 28 87 13 20 56 72
69 50 69 76 57 72 87 27 44 55 58 68 74 63 65 6 31 56 20 40 41 50
56 55 56 72 87 27 44 55
65 9 65 6 31 68 9
11 33 11 13 68 69 26 42 33
42 27 42 9 62 27
72 73 72 87 27 44 55 58 68 51 67 73
41 29 41 49 58 68 69 25 63 65 37 76 27 44 55 67 72 87 13 29
76 78 76 57 72 87 27 78
15 29 15 26 28 9 62 72 87 13 74 63 65 6 16 29
1 59 1 49 7 14 59
43 29 43 87 13 29
62 50 62 37 51 67 72 87 27 44 55 58 68 69 76 57 63 65 6 31 26 42 33 49 7 14 28 35 25 85 41 50
14 67 14 16 35 25 33 51 67
69 72 69 76 27 44 55 67 72
41 81 41 63 65 37 48 52 80 81
62 16 62 37 76 51 67 72 87 13 20 39 16
37 61 37 51 67 72 87 27 44 55 58 68 9 20 40 41 76 23 49 25 38 13 26 42 33 61
6 86 6 37 72 87 13 20 39 34 48 52 64 86
85 88 85 41 49 7 43 44 79 88
42 37 42 62 37
87 88 87 13 68 9 62 25 79 88
42 43 42 51 67 72 87 13 26 28 23 37 49 76 57 63 65 6 16 35 25 40 43
40 64 40 13 28 35 39 34 48 52 64
39 44 39 16 87 27 44
76 72 76 27 44 55 67 72
11 83 11 70 81 83
20 81 20 40 41 49 7 62 27 44 55 58 67 72 87 13 74 63 65 6 16 35 39 43 52 80 81
58 81 58 68 74 70 81
40 72 40 41 76 57 72
56 88 56 72 87 27 88
62 58 62 25 40 43 44 55 58
18 63 18 41 57 63
49 64 49 7 14 42 33 62 37 76 57 63 65 64
39 44 39 16 87 27 44
20 73 20 40 68 69 26 73
21 67 21 7 43 44 55 67
3 63 3 9 20 55 58 67 72 87 13 74 63
58 81 58 67 72 87 13 28 25 33 49 69 26 42 9 20 39 76 7 62 37 51 80 81
39 9 39 51 67 72 87 27 44 55 58 68 9
58 79 58 67 72 87 27 79
38 67 38 13 74 63 65 37 49 7 57 72 87 27 44 55 58 67
62 51 62 6 37 51
9 55 9 20 55
13 75 13 68 9 62 37 48 75
68 64 68 13 28 37 52 64
35 59 35 59
14 44 14 57 63 65 37 76 27 44
57 29 57 72 87 13 29
56 58 56 74 63 65 37 51 67 72 87 27 44 55 58
68 48 68 9 20 56 74 63 65 6 37 72 87 13 29 48
27 67 27 44 55 67
30 66 30 44 55 58 67 72 87 13 68 69 26 28 23 66
28 33 28 41 57 63 65 6 16 35 25 33
3 67 3 58 68 69 76 51 67
38 25 38 37 49 72 87 13 28 25
58 29 58 67 72 87 13 29
6 55 6 37 51 67 72 87 27 44 55
20 79 20 55 58 67 72 87 13 74 63 65 6 16 35 25 40 41 76 7 62 27 79
62 50 62 25 38 65 37 51 67 72 87 13 26 28 41 50
76 66 76 23 66
40 67 40 13 26 42 9 62 72 87 27 44 55 58 67
7 55 7 14 57 63 65 37 49 25 40 68 9 62 72 87 13 20 55
13 81 13 74 72 87 70 81
62 13 62 25 63 65 13
15 63 15 26 28 7 14 42 20 56 74 63
1 77 1 7 57 72 87 27 44 55 58 68 9 20 56 74 63 65 6 16 35 39 43 52 77
21 77 21 26 42 51 67 72 87 13 20 39 43 44 55 58 77
56 43 56 74 63 65 6 16 35 25 62 72 87 27 44 55 58 68 69 26 28 7 43
57 50 57 63 65 6 31 43 44 55 58 68 13 28 41 50
14 52 14 30 48 52
2 61 2 33 61
62 7 62 25 38 37 49 7
30 66 30 44 55 58 68 51 67 72 87 13 74 63 65 6 37 49 69 25 35 39 76 7 14 28 23 66
4 20 4 7 62 25 38 37 51 67 72 87 13 26 42 20
68 43 68 69 25 33 62 6 31 26 28 9 20 39 43
21 33 21 42 33
4 83 4 9 20 40 33 49 7 43 87 27 79 83
62 52 62 72 87 13 28 41 63 65 37 48 52
31 13 31 72 87 13
31 82 31 43 44 55 58 67 82
35 81 35 39 65 13 26 28 68 9 20 40 41 49 58 67 72 87 70 81
42 25 42 9 62 25
43 50 43 44 55 58 68 51 67 72 87 13 20 39 76 23 49 25 40 41 50
69 66 69 76 23 66
69 58 69 26 42 51 67 72 87 13 28 68 9 20 56 74 63 65 6 31 58
1 77 1 37 51 67 72 87 27 44 55 58 68 13 29 48 52 77
40 78 40 43 44 55 58 68 13 74 63 65 6 31 26 28 35 39 76 27 78
30 71 30 48 52 71
3 29 3 58 68 74 72 87 13 29
15 78 15 30 44 55 67 72 87 13 20 56 74 63 65 37 49 69 25 38 58 68 78
19 80 19 27 44 55 58 68 51 80
68 13 68 51 67 72 87 13
31 20 31 26 42 33 51 67 72 87 13 74 63 65 37 49 69 25 38 58 68 9 20
1 58 1 43 44 55 58
69 30 69 76 7 14 30
8 29 8 40 33 49 58 68 74 63 65 13 29
76 81 76 51 67 72 87 27 44 55 58 68 74 63 65 6 37 48 52 80 81
2 29 2 26 28 7 62 72 87 13 29
69 50 69 25 85 41 50
3 75 3 30 34 48 75
2 73 2 56 74 63 65 6 37 76 51 67 72 87 13 26 73
40 52 40 33 49 25 35 39 51 67 72 87 27 44 55 58 68 13 26 42 20 56 74 63 65 37 52
23 75 23 37 51 67 72 87 13 74 63 65 6 16 29 48 75
6 48 6 16 35 25 63 65 13 26 42 51 67 72 87 27 44 55 58 68 69 76 7 62 37 48
33 80 33 51 80
65 26 65 13 26
28 30 28 41 76 23 49 7 14 30
19 84 19 69 26 28 87 27 79 84
42 81 42 62 27 44 55 67 72 87 70 81
8 64 8 7 62 6 16 87 27 44 55 58 68 51 59 64
76 32 76 23 32
76 34 76 51 67 72 87 27 44 55 58 68 13 28 7 62 37 49 25 85 41 63 65 6 16 35 39 34
16 48 16 35 39 65 37 48
62 89 62 27 44 79 84 89
16 79 16 87 27 79
18 55 18 41 76 23 49 69 25 85 6 31 68 74 72 87 13 26 28 7 43 44 55
26 80 26 28 23 49 76 27 44 55 67 72 87 13 20 39 16 35 25 33 62 37 48 52 80
14 67 14 30 44 55 67
28 81 28 41 76 23 49 70 81
21 33 21 7 43 87 13 68 69 25 33
6 79 6 31 58 67 72 87 27 79
19 64 19 62 6 37 48 52 64
39 6 39 65 6
14 27 14 30 44 55 67 72 87 27
85 44 85 6 37 49 76 51 67 72 87 27 44
1 52 1 26 28 23 49 72 87 13 29 48 52
14 75 14 34 48 75
87 72 87 27 44 55 67 72
85 67 85 41 63 65 13 20 39 76 27 44 55 67
51 66 51 67 72 87 27 44 55 58 68 74 63 65 37 49 25 33 62 6 16 35 39 76 23 66
28 64 28 87 13 29 48 52 64
4 43 4 49 7 43
62 33 62 72 87 13 74 63 65 6 37 76 23 49 69 25 40 33
30 79 30 44 79
19 25 19 25
35 25 35 72 87 13 28 25
8 79 8 41 63 65 13 28 7 62 27 44 79
22 7 22 26 28 25 38 37 51 67 72 87 27 44 55 58 68 74 63 65 13 20 39 76 7
21 58 21 58
68 43 68 13 28 23 49 69 25 40 43
49 82 49 7 64 71 82
40 52 40 68 74 63 65 37 48 52
15 25 15 30 44 55 58 67 72 87 13 28 41 49 25
28 84 28 37 76 7 43 87 13 84
46 82 46 25 33 51 59 64 82
87 34 87 27 44 55 58 68 13 26 28 25 63 65 6 37 49 7 14 34
19 34 19 27 44 55 58 68 51 67 72 87 13 28 7 14 30 34
9 32 9 62 6 16 35 25 38 58 68 69 76 23 32
49 32 49 76 23 32
35 89 35 72 87 77 89
56 43 56 74 72 87 13 20 40 41 49 76 7 43
39 59 39 34 59
38 51 38 65 6 37 51
40 25 40 41 49 25
35 29 35 63 65 6 37 76 23 49 69 25 62 27 44 55 58 68 51 67 72 87 13 29
85 77 85 6 16 35 72 87 77
23 66 23 66
56 33 56 72 87 13 20 55 58 68 9 62 37 76 57 63 65 6 31 26 42 33
65 67 65 37 49 76 51 67
16 86 16 35 59 64 86
19 30 19 69 25 62 6 37 76 51 67 72 87 27 44 55 58 68 74 63 65 13 26 28 7 14 30
1 72 1 49 76 57 72
76 88 76 57 63 65 37 48 88
28 6 28 25 35 39 51 67 72 87 13 20 56 74 63 65 6
65 43 65 37 76 7 43
14 48 14 6 31 68 51 67 72 87 13 29 48
6 71 6 16 29 48 52 71
31 77 31 68 74 72 87 77
76 16 76 23 37 51 67 72 87 13 68 74 63 65 6 16
69 58 69 76 27 44 55 67 72 87 13 28 25 62 6 37 49 58
38 77 38 37 52 77
49 70 49 76 51 67 72 87 70
72 67 72 87 13 26 42 62 25 38 65 37 49 69 76 51 67
62 67 62 6 31 68 69 26 42 33 49 72 87 27 44 55 67
2 61 2 33 61
2 27 2 23 49 58 68 51 67 72 87 27
11 88 11 7 14 25 35 88
56 77 56 74 63 65 13 26 28 77
28 72 28 37 49 72
23 86 23 49 76 27 44 55 58 68 69 26 28 7 57 72 86
74 80 74 72 87 13 29 48 75 80
46 80 46 26 42 33 49 7 14 28 25 35 63 65 37 52 80
68 7 68 74 72 87 13 28 23 37 76 7
15 71 15 26 28 9 62 27 44 55 58 67 72 87 13 20 40 68 74 63 65 64 71
87 26 87 13 26
8 32 8 7 62 27 44 55 58 68 74 63 65 37 51 67 72 87 13 26 28 41 76 23 32
3 71 3 23 49 64 71
16 86 16 35 72 86
11 61 11 13 68 74 63 65 37 49 25 33 61
18 60 18 76 51 67 72 87 13 28 68 9 62 37 49 7 57 63 65 6 16 35 25 40 60
62 78 62 25 38 13 26 28 37 51 67 72 87 27 44 55 58 68 69 78
49 26 49 58 68 69 26
20 52 20 40 68 9 62 6 16 29 48 52
15 16 15 26 42 33 62 27 44 55 67 72 87 13 74 63 65 6 31 56 20 39 16
14 61 14 42 33 61
31 83 31 26 28 9 20 39 51 80 81 83
68 6 68 51 67 72 87 13 20 39 16 35 25 62 37 49 69 26 28 7 57 63 65 6
42 88 42 33 51 67 72 87 27 88
20 32 20 39 76 23 32
51 71 51 59 64 71
35 57 35 25 62 72 87 13 26 42 33 49 76 57
51 80 51 80
6 73 6 31 68 69 25 85 41 76 23 37 51 67 72 87 13 26 73
2 82 2 33 62 72 87 27 44 55 58 68 13 74 82
8 59 8 28 41 76 7 14 30 44 55 58 68 51 59
25 84 25 40 33 62 72 87 27 44 55 84
18 70 18 41 70
25 66 25 35 39 51 67 72 87 27 44 55 58 68 13 26 42 62 37 49 76 23 66
35 72 35 25 85 6 37 49 72
13 52 13 74 63 65 6 31 43 52
28 75 28 9 62 72 87 27 44 55 58 68 69 76 57 63 65 13 29 48 75
42 66 42 9 20 55 58 67 72 87 13 68 74 63 65 6 37 76 23 66
76 88 76 51 67 72 87 27 88
49 13 49 72 87 13
58 79 58 68 74 63 65 13 20 56 72 87 27 79
72 29 72 87 13 74 63 65 6 16 29
19 41 19 25 62 72 87 27 44 55 58 68 9 20 39 65 13 28 41
18 59 18 33 62 6 31 72 87 13 20 56 74 63 65 37 59
15 72 15 26 42 33 62 6 31 43 87 27 44 55 58 68 69 76 57 63 65 37 51 67 72
28 83 28 9 20 39 87 13 74 70 81 83
23 86 23 37 76 51 67 72 86
11 67 11 13 26 28 35 39 65 6 16 87 27 44 55 67
4 43 4 26 42 9 62 25 33 51 67 72 87 27 44 55 58 68 13 20 40 43
87 59 87 13 20 39 34 59
49 32 49 58 67 72 87 13 28 37 76 23 32
3 89 3 38 13 26 28 7 14 16 35 59 89
3 26 3 23 37 76 57 72 87 13 26
7 55 7 43 44 55
4 70 4 26 28 41 49 70
87 79 87 27 79
14 52 14 6 31 43 52
19 37 19 41 76 57 63 65 6 37
65 27 65 6 37 72 87 27
87 37 87 13 20 39 16 35 63 65 6 37
42 70 42 51 67 72 87 70
65 71 65 64 71
2 20 2 26 28 9 20
1 71 1 26 28 68 13 20 40 33 49 25 38 37 51 59 64 71
28 59 28 9 20 40 33 49 76 57 72 87 13 26 42 62 25 63 65 37 59
46 66 46 23 66
46 60 46 26 42 51 67 72 87 13 60
35 71 35 25 62 37 51 67 72 87 13 68 74 63 65 6 71
38 34 38 13 74 72 87 27 44 55 58 68 9 62 25 63 65 6 16 35 39 34
4 75 4 7 14 34 48 75
74 9 74 72 87 27 44 55 58 68 9
76 67 76 23 49 72 87 27 44 55 67
62 43 62 37 49 7 43
27 73 27 44 55 58 67 73
37 81 37 49 25 33 51 67 72 87 70 81
69 63 69 25 63
42 71 42 51 59 64 71
41 32 41 76 23 32
49 86 49 64 86
4 75 4 9 62 27 44 55 67 72 87 13 68 74 63 65 6 16 29 48 75
1 33 1 51 67 72 87 13 20 55 58 68 69 26 42 33
16 73 16 87 13 28 23 49 25 40 68 69 76 57 63 65 6 37 51 67 73
68 48 68 9 62 27 44 55 67 72 87 13 28 37 48
14 63 14 28 23 37 72 87 13 26 42 9 20 56 74 63
30 29 30 44 55 58 67 72 87 13 29
58 71 58 67 72 87 13 29 48 52 71
69 77 69 25 40 68 74 63 65 77
19 89 19 27 79 84 89
8 44 8 40 41 63 65 13 28 35 25 62 6 16 87 27 44
9 86 9 20 39 16 29 48 52 64 86
11 88 11 13 28 7 57 72 87 27 79 88
21 50 21 7 62 37 76 27 44 55 67 72 87 13 26 28 23 49 58 68 69 25 40 41 50
31 6 31 72 87 27 44 55 58 68 13 74 63 65 37 49 25 62 6
85 58 85 41 76 27 44 55 58
46 44 46 25 40 43 87 27 44
74 71 74 72 87 27 44 55 58 68 13 29 48 52 64 71
65 6 65 6
15 9 15 41 63 65 13 26 42 9
16 80 16 29 48 75 80
35 58 35 39 51 67 72 87 27 44 55 58
3 77 3 38 58 77
28 66 28 23 66
64 71 64 71
8 50 8 28 41 50
19 61 19 56 72 87 27 44 55 58 68 9 62 6 31 26 42 20 39 65 37 76 23 49 69 25 33 61
2 50 2 23 49 76 57 63 65 6 31 26 28 35 25 85 41 50
11 79 11 43 44 79
30 67 30 44 55 58 67
46 30 46 23 49 69 76 57 72 87 13 28 7 14 30
72 67 72 87 27 44 55 67
43 84 43 87 27 44 79 84
65 27 65 37 76 51 67 72 87 27
11 34 11 13 26 42 51 67 72 87 27 44 55 58 68 74 63 65 37 49 25 62 6 16 35 39 34
87 20 87 13 74 63 65 6 31 56 20
38 64 38 58 68 69 25 63 65 64
19 50 19 69 76 51 67 72 87 13 74 63 65 37 49 7 62 27 44 55 58 68 9 20 40 41 50
87 59 87 27 44 55 58 68 51 59
9 86 9 20 39 51 59 64 86
22 61 22 25 40 33 61
23 80 23 37 52 80
43 48 43 44 55 58 68 13 29 48
16 44 16 87 27 44
19 55 19 43 44 55
56 77 56 74 63 65 77
3 66 3 30 44 55 58 68 9 20 40 13 26 28 23 66
18 77 18 6 77
1 7 1 39 87 13 20 40 41 57 63 65 6 37 49 7
85 29 85 6 16 29
65 7 65 13 28 23 49 7
85 51 85 41 57 72 87 13 26 28 37 51
38 71 38 59 64 71
34 71 34 48 52 71
76 83 76 51 67 72 87 13 28 9 62 6 31 43 44 55 58 68 74 63 65 37 48 75 80 81 83
22 71 22 13 29 48 52 64 71
25 84 25 79 84
65 67 65 13 68 9 20 55 67
2 57 2 26 42 51 67 72 87 13 74 63 65 37 76 7 57
18 29 18 76 57 72 87 13 29
11 89 11 7 43 52 77 89
63 73 63 65 6 37 76 57 72 87 13 20 73
63 44 63 65 6 37 51 67 72 87 27 44
35 80 35 25 63 65 37 52 80
72 66 72 87 13 68 74 63 65 37 76 23 66
87 80 87 13 28 35 39 43 52 80
22 57 22 43 87 27 44 55 58 68 74 63 65 13 28 41 57
65 32 65 6 37 76 23 32
18 71 18 63 65 6 31 59 64 71
46 60 46 58 67 72 87 13 60
2 83 2 25 79 83
42 27 42 33 49 76 27
87 34 87 13 68 74 63 65 6 16 35 39 34
72 48 72 87 13 74 63 65 37 48
20 81 20 55 58 68 74 70 81
62 25 62 37 72 87 13 26 42 33 49 25
87 7 87 13 26 28 41 76 7
85 81 85 41 76 51 67 72 87 13 28 23 49 58 68 69 26 42 33 62 25 38 65 6 31 43 52 80 81
62 64 62 6 37 59 64
42 23 42 20 55 58 67 72 87 13 74 63 65 37 76 23
19 70 19 27 44 55 67 72 87 70
26 52 26 42 51 67 72 87 27 44 55 58 68 13 74 63 65 37 49 7 62 6 16 29 48 52
46 84 46 58 68 74 63 65 37 76 57 72 87 13 28 23 49 25 79 84
69 61 69 25 33 61
43 44 43 44
14 70 14 28 25 33 62 72 87 13 74 70
11 52 11 68 69 76 27 44 55 58 67 72 87 13 28 37 52
8 55 8 7 43 44 55
56 37 56 20 39 76 7 62 25 38 58 68 13 74 63 65 37
39 57 39 51 67 72 87 13 28 41 57
42 44 42 9 62 27 44
18 33 18 33
4 41 4 26 42 51 67 72 87 27 44 55 58 68 13 28 9 20 40 41
28 58 28 35 25 33 49 69 76 57 63 65 13 26 42 62 6 37 51 67 72 87 27 44 55 58
41 83 41 76 51 67 72 87 27 79 83
63 80 63 65 13 29 48 52 80
35 88 35 63 65 13 29 48 75 88
37 86 37 51 86
72 29 72 87 13 74 63 65 6 16 29
31 6 31 26 28 7 57 72 87 27 44 55 58 68 74 63 65 6
38 64 38 37 72 87 13 28 7 64
74 57 74 63 65 37 76 57
22 30 22 26 42 51 67 72 87 27 44 55 58 68 69 76 7 14 30
62 64 62 27 44 55 58 68 51 59 64
56 72 56 74 63 65 37 76 7 57 72
21 48 21 9 62 6 37 48
68 57 68 51 67 72 87 13 74 63 65 37 76 7 57
87 51 87 27 44 55 58 68 51
14 44 14 16 35 25 40 41 76 7 62 6 37 49 69 26 42 33 51 67 72 87 27 44
76 70 76 27 44 55 67 72 87 13 20 56 70
68 79 68 69 25 79
3 79 3 30 34 79
76 6 76 57 72 87 13 26 42 62 6
13 73 13 68 9 62 37 76 27 44 55 67 73
42 86 42 20 55 58 68 69 64 86
8 63 8 62 25 33 51 67 72 87 27 44 55 58 68 13 26 42 20 40 41 63
14 81 14 28 9 62 37 72 87 70 81
40 25 40 41 57 72 87 13 20 56 74 63 65 37 49 58 68 69 26 42 9 62 25
87 57 87 13 20 40 41 63 65 37 76 57
3 75 3 27 44 55 67 72 87 13 74 63 65 6 16 29 48 75
22 52 22 34 48 52
62 58 62 25 33 51 67 72 87 27 44 55 58
21 9 21 9
38 6 38 37 49 25 40 68 69 76 27 44 55 58 67 72 87 13 26 28 9 20 56 74 63 65 6
38 89 38 59 89
22 64 22 26 42 62 6 37 52 64
56 58 56 74 63 65 13 20 40 33 62 37 49 76 57 72 87 27 44 55 58
62 43 62 37 76 7 43
85 7 85 41 49 7
76 84 76 7 57 72 87 27 44 84
87 6 87 13 20 39 65 6
39 78 39 87 27 78
87 34 87 13 20 39 34
21 25 21 26 28 25
46 81 46 26 42 33 51 67 72 87 13 68 74 63 65 6 16 29 48 75 80 81
43 79 43 44 79
74 58 74 63 65 37 49 25 38 13 26 42 9 62 6 16 35 39 51 67 72 87 27 44 55 58
14 37 14 28 9 62 37
20 61 20 39 87 13 28 37 76 23 49 69 26 42 33 61
6 52 6 37 48 52
49 32 49 69 25 38 13 74 63 65 6 31 56 20 39 51 67 72 87 27 44 55 58 68 9 62 37 76 23 32
22 84 22 13 74 63 65 37 76 23 49 58 67 72 87 27 44 55 84
19 79 19 27 44 79
46 9 46 58 68 9
6 66 6 16 35 25 85 41 76 23 66
19 50 19 27 44 55 58 67 72 87 13 20 40 41 50
42 73 42 51 67 73
2 67 2 25 38 37 49 7 14 28 9 20 56 74 63 65 6 16 87 27 44 55 67
3 23 3 23
13 44 13 28 41 63 65 37 49 58 67 72 87 27 44
33 50 33 49 58 67 72 87 13 26 28 41 50
6 79 6 37 51 67 72 87 27 79
38 81 38 37 51 80 81
85 33 85 41 63 65 6 16 35 25 33
28 59 28 9 62 27 44 55 58 67 72 87 13 68 69 76 7 14 59
40 70 40 43 87 70
23 61 23 37 76 7 57 72 87 13 20 40 68 9 62 6 31 26 28 25 33 61
31 81 31 26 28 9 62 37 51 80 81
15 71 15 34 48 52 71
8 50 8 9 20 40 41 50
35 58 35 25 63 65 37 76 51 67 72 87 13 26 42 33 62 6 31 56 20 55 58
1 41 1 2 25 40 41
11 88 11 68 74 72 87 13 29 48 88
15 64 15 22 25 33 51 59 64
38 70 38 13 26 42 51 67 72 87 70
62 30 62 6 31 26 28 37 49 7 14 30
42 25 42 20 39 58 67 72 87 13 26 28 23 37 49 25
49 82 49 72 87 82
1 23 1 37 51 67 72 87 27 44 55 58 68 13 20 39 76 23
3 89 3 37 48 52 77 89
2 33 2 43 44 55 58 68 13 28 37 49 25 33
35 67 35 63 65 13 26 28 23 49 58 68 74 72 87 27 44 55 67
42 72 42 51 67 72
31 83 31 68 69 76 51 67 72 87 70 81 83
65 70 65 37 72 87 70
18 80 18 33 62 25 85 41 63 65 6 16 29 48 52 80
8 59 8 9 62 27 44 55 67 72 87 13 28 25 85 41 76 7 14 6 31 58 68 74 63 65 37 51 59
35 78 35 25 85 41 49 58 68 74 72 87 13 28 23 37 76 57 78
11 20 11 43 44 55 67 72 87 13 20
69 50 69 25 40 41 50
14 70 14 25 33 51 67 72 87 70
14 83 14 6 16 87 70 81 83
18 44 18 20 55 67 72 87 13 26 28 7 14 25 40 43 44
69 44 69 26 42 20 40 13 74 72 87 27 44
68 27 68 13 74 63 65 37 72 87 27
28 63 28 37 49 76 51 67 72 87 27 44 55 58 68 74 63
65 20 65 37 49 69 25 38 13 28 9 20
38 16 38 65 6 16
63 32 63 65 13 20 56 74 72 87 27 44 55 58 68 69 25 33 49 7 62 37 76 23 32
23 83 23 37 49 25 35 72 87 70 81 83
1 78 1 26 28 87 13 68 9 62 25 33 49 69 78
28 81 28 87 70 81
40 9 40 41 57 63 65 37 49 25 85 6 16 35 72 87 13 28 9
69 64 69 64
23 52 23 37 76 51 67 72 87 27 44 55 58 68 69 25 62 6 31 26 28 35 39 34 48 52
8 34 8 28 9 62 27 44 55 58 68 51 67 72 87 13 26 42 33 49 76 7 57 63 65 6 16 35 39 34
2 20 2 9 20
69 7 69 76 51 67 72 87 27 44 55 58 68 9 62 6 31 26 28 7
72 48 72 87 13 29 48
31 6 31 43 44 55 67 72 87 13 20 39 76 57 63 65 6
26 44 26 28 23 49 72 87 13 20 40 43 44
85 82 85 41 49 72 87 13 28 23 37 59 64 82
42 64 42 62 6 31 68 51 59 64
19 89 19 25 79 84 89
25 29 25 35 63 65 6 37 49 72 87 13 68 9 20 39 16 29
42 30 42 51 67 72 87 27 44 55 58 68 9 20 56 74 63 65 37 76 7 14 30
22 6 22 43 44 55 58 68 51 67 72 87 13 28 25 85 6
28 37 28 41 76 51 67 72 87 27 44 55 58 68 9 62 37
23 73 23 37 72 87 13 28 9 62 27 44 55 58 67 73
65 88 65 37 51 67 72 87 13 29 48 75 88
25 50 25 85 41 50
65 27 65 6 37 49 76 51 67 72 87 13 28 25 40 43 44 55 58 68 9 62 27
68 16 68 69 25 85 6 16
62 58 62 37 76 27 44 55 58
68 67 68 69 26 42 51 67
68 13 68 13
46 75 46 23 49 76 7 57 72 87 13 29 48 75
15 33 15 26 42 33
42 41 42 33 49 7 57 63 65 6 16 35 25 85 41
43 86 43 87 13 68 74 63 65 6 86
31 70 31 56 70
62 25 62 37 76 27 44 55 67 72 87 13 28 9 20 40 33 49 58 68 69 25
2 23 2 23
40 33 40 41 76 57 72 87 13 26 42 33
18 16 18 6 16
51 48 51 67 72 87 27 44 55 58 68 9 62 6 16 35 39 34 48
18 29 18 63 65 6 16 87 13 29
19 37 19 25 40 33 62 27 44 55 58 68 51 67 72 87 13 74 63 65 37
62 72 62 72
13 55 13 26 28 37 72 87 27 44 55
1 37 1 26 28 41 76 23 37
28 9 28 37 51 67 72 87 27 44 55 58 68 74 63 65 13 26 42 9
14 80 14 57 72 87 13 20 56 74 63 65 6 37 52 80
49 81 49 72 87 27 44 55 58 68 74 70 81
69 27 69 25 38 13 68 51 67 72 87 27
38 33 38 58 67 72 87 13 74 63 65 6 16 35 25 33
18 50 18 22 31 26 28 23 49 7 14 25 38 13 20 40 41 50
39 7 39 16 35 25 38 13 26 42 51 67 72 87 27 44 55 58 68 9 62 6 37 76 23 49 7
1 51 1 26 42 51
1 41 1 26 28 41
11 77 11 7 57 63 65 37 52 77
8 66 8 9 62 37 51 67 72 87 27 44 55 58 68 69 26 28 7 14 25 33 49 76 23 66
13 80 13 29 48 52 80
42 80 42 51 67 72 87 13 20 39 58 68 69 26 28 41 76 23 49 7 57 63 65 37 48 52 80
42 73 42 20 39 76 23 49 58 68 13 26 73
62 89 62 27 44 55 58 67 72 87 77 89
38 60 38 58 67 72 87 13 60
65 81 65 37 49 76 51 80 81
42 88 42 20 55 58 67 72 87 27 79 88
14 73 14 25 35 39 65 37 51 67 73
31 71 31 26 42 51 59 64 71
85 83 85 70 81 83
4 33 4 49 25 38 65 6 16 87 13 68 69 26 42 33
63 79 63 65 6 16 35 25 79
46 71 46 25 85 6 71
18 70 18 33 49 76 23 37 51 67 72 87 13 26 28 7 57 63 65 6 16 35 39 58 68 69 25 40 41 70
21 52 21 7 62 37 48 52
68 88 68 51 67 72 88
14 84 14 57 72 87 27 79 84
22 43 22 25 40 33 51 67 72 87 27 44 55 58 68 74 63 65 37 49 7 43
18 32 18 22 26 42 9 62 37 76 23 32
56 29 56 20 39 58 68 69 25 63 65 13 29
68 16 68 9 62 25 85 6 16
39 34 39 34
2 78 2 33 51 67 72 87 13 26 28 23 66 78
22 57 22 13 26 42 62 6 16 35 63 65 37 51 67 72 87 27 44 55 58 68 9 20 40 41 49 76 57
18 80 18 76 51 80
35 34 35 39 34
74 83 74 72 87 27 79 83
70 81 70 81
41 44 41 76 7 43 87 27 44
49 20 49 69 26 42 9 62 37 51 67 72 87 27 44 55 58 68 74 63 65 13 20
23 52 23 37 48 52
49 33 49 72 87 13 26 42 33
58 32 58 68 69 26 28 41 76 23 32
9 29 9 20 40 43 87 13 29
76 44 76 7 14 30 44
28 26 28 87 13 68 69 26
34 83 34 79 83
65 70 65 13 28 25 33 62 27 44 55 58 68 9 20 40 41 49 72 87 70
3 84 3 38 13 26 42 33 49 69 76 57 63 65 6 31 58 68 51 67 72 87 27 79 84
3 73 3 23 49 7 14 42 62 6 31 26 28 9 20 39 76 27 44 55 58 67 73
19 70 19 43 87 70
87 83 87 70 81 83
42 37 42 9 62 27 44 55 58 68 51 67 72 87 13 74 63 65 6 37
40 23 40 33 62 72 87 13 28 23
27 44 27 44
39 60 39 51 67 72 87 13 60
34 83 34 79 83
76 61 76 7 43 44 55 67 72 87 13 74 63 65 6 37 49 58 68 9 20 40 33 61
41 84 41 49 76 7 62 72 87 27 79 84
28 63 28 37 51 67 72 87 13 26 42 33 62 27 44 55 58 68 9 20 56 74 63
87 83 87 13 29 48 75 80 81 83
69 37 69 25 33 62 27 44 55 67 72 87 13 26 28 37
6 66 6 31 68 69 76 23 66
18 51 18 63 65 37 51
8 63 8 51 67 72 87 13 20 55 58 68 69 26 28 7 57 63
76 43 76 23 49 69 26 28 68 51 67 72 87 13 20 39 16 35 25 62 6 31 43
56 70 56 74 72 87 70
3 55 3 37 72 87 27 44 55
15 57 15 26 42 62 37 76 7 57
2 6 2 33 49 7 57 63 65 37 51 67 72 87 13 26 28 25 62 6
51 55 51 67 72 87 27 44 55
14 66 14 28 9 20 39 76 23 66
4 67 4 23 49 69 76 27 44 55 67
85 63 85 6 31 68 13 74 63
21 23 21 26 42 51 67 72 87 27 44 55 58 68 69 25 40 41 76 23
41 66 41 63 65 37 72 87 13 28 23 66
38 59 38 59
15 81 15 30 34 48 52 80 81
31 6 31 58 68 74 63 65 6
69 57 69 76 7 43 44 55 67 72 87 13 26 42 20 39 58 68 9 62 25 85 41 57
40 20 40 68 74 63 65 6 37 72 87 13 20
72 83 72 87 13 26 42 9 62 27 79 83
35 27 35 25 33 51 67 72 87 27
28 72 28 25 40 41 76 23 49 7 62 27 44 55 58 67 72
1 72 1 51 67 72
38 29 38 13 29
3 55 3 38 65 37 72 87 27 44 55
74 64 74 63 65 37 52 64
8 37 8 51 67 72 87 13 26 42 62 6 37
4 75 4 7 57 72 87 13 29 48 75
65 37 65 6 37
35 79 35 72 87 13 20 56 74 63 65 6 37 49 25 79
19 60 19 69 25 63 65 6 37 51 67 72 87 13 60
69 52 69 76 57 72 87 13 29 48 52
62 59 62 25 85 41 76 7 14 34 59
41 67 41 63 65 37 49 58 67
7 80 7 14 42 62 25 33 51 67 72 87 13 74 63 65 37 48 52 80
21 67 21 9 20 40 41 76 7 43 44 55 58 67
42 66 42 33 51 67 72 87 27 44 55 58 68 74 63 65 37 49 25 38 13 20 39 76 23 66
16 67 16 35 39 76 51 67
7 66 7 57 72 87 27 44 55 58 68 13 20 39 76 23 66
87 70 87 70
74 71 74 63 65 13 28 9 71
46 26 46 26
18 55 18 22 43 87 27 44 55
7 79 7 43 44 79
4 37 4 30 44 55 67 72 87 13 74 63 65 37
18 57 18 76 27 44 55 58 68 74 63 65 6 31 26 42 9 62 25 35 72 87 13 28 7 57
57 75 57 63 65 13 29 48 75
16 55 16 87 27 44 55
3 37 3 38 37
21 73 21 13 26 28 35 72 87 27 44 55 58 67 73
58 75 58 68 13 20 39 16 29 48 75
19 43 19 25 62 27 44 55 58 68 9 20 39 51 67 72 87 13 74 63 65 6 31 43
85 75 85 6 37 48 75
46 83 46 23 37 51 80 81 83
3 41 3 37 72 87 13 74 63 65 6 31 26 28 41
34 81 34 48 75 80 81
38 16 38 65 6 16
2 59 2 25 35 59
87 89 87 77 89
20 86 20 55 67 72 86
40 55 40 68 74 72 87 13 20 39 43 44 55
3 33 3 20 39 51 67 72 87 13 26 42 33
21 6 21 9 20 55 67 72 87 13 26 42 33 62 6
31 48 31 68 51 67 72 87 13 28 37 48
87 51 87 27 44 55 58 68 51
19 73 19 43 44 55 67 73
4 7 4 26 28 7
40 71 40 68 13 29 48 52 64 71
18 59 18 22 20 39 34 59
49 55 49 7 43 44 55
15 57 15 22 13 26 28 25 40 68 69 76 57
27 83 27 79 83
38 34 38 37 51 67 72 87 27 44 55 58 68 69 25 63 65 6 16 35 39 34
57 44 57 63 65 6 16 87 27 44
37 86 37 48 52 64 86
23 61 23 49 69 76 51 67 72 87 27 44 55 58 68 13 26 42 33 61
3 34 3 30 34
46 60 46 23 37 51 67 72 87 27 44 55 58 68 9 62 6 31 26 42 20 40 41 76 57 63 65 13 60
62 44 62 27 44
2 32 2 43 44 55 58 68 9 20 39 76 7 57 72 87 13 74 63 65 6 16 35 25 85 41 49 69 26 28 23 32
21 60 21 26 28 25 85 6 37 49 72 87 27 44 55 58 68 74 63 65 13 60
56 25 56 20 39 51 67 72 87 13 26 28 9 62 27 44 55 58 68 69 76 7 14 25
41 83 41 57 63 65 13 26 42 20 55 58 67 72 87 70 81 83
1 7 1 7
21 55 21 26 28 37 76 23 49 7 57 63 65 6 16 35 72 87 27 44 55
51 83 51 67 72 87 13 29 48 75 80 81 83
41 29 41 57 72 87 13 29
30 86 30 34 59 64 86
68 59 68 74 72 87 13 28 35 59
62 67 62 25 85 41 49 58 67
19 50 19 25 85 41 50
51 50 51 67 72 87 27 44 55 58 68 74 63 65 37 76 23 49 7 62 25 40 41 50
1 25 1 33 51 67 72 87 13 68 69 26 28 25
31 20 31 26 28 41 49 58 67 72 87 13 20
4 55 4 30 44 55
38 66 38 13 28 23 66
87 48 87 13 29 48
22 55 22 26 28 9 62 27 44 55
22 43 22 43
69 78 69 26 42 51 67 72 87 13 28 23 66 78
15 66 15 30 44 55 67 72 87 13 28 68 69 76 23 66
22 44 22 43 44
74 23 74 72 87 13 28 23
31 60 31 43 87 13 68 9 62 6 16 35 60
62 29 62 6 31 68 69 26 28 7 14 16 29
35 26 35 63 65 6 16 87 13 26
8 73 8 41 63 65 37 51 67 73
31 82 31 59 64 71 82
51 52 51 67 72 87 13 28 37 48 52
21 29 21 26 42 33 51 67 72 87 27 44 55 58 68 74 63 65 13 29
2 80 2 25 38 37 76 27 44 55 58 68 69 26 42 20 39 43 52 80
21 27 21 7 62 25 85 6 16 35 39 51 67 72 87 13 68 69 26 42 20 56 74 63 65 37 49 76 27
30 48 30 34 48
18 59 18 6 37 49 76 27 44 55 58 67 72 87 13 20 39 51 59
58 75 58 68 51 67 72 87 13 29 48 75
2 9 2 9
3 44 3 23 37 51 67 72 87 27 44
11 34 11 68 69 26 42 62 6 16 35 63 65 13 20 39 34
68 61 68 51 67 72 87 13 28 7 62 6 37 76 23 49 69 26 42 33 61
13 61 13 68 69 25 40 33 61
39 32 39 76 23 32
39 60 39 16 87 13 60
40 82 40 13 68 9 62 6 37 52 71 82
38 60 38 13 68 69 60
4 60 4 60
63 48 63 65 37 72 87 13 29 48
8 43 8 51 67 72 87 27 44 55 58 68 13 20 40 43
23 84 23 49 76 57 63 65 13 20 40 43 87 27 79 84
8 78 8 62 37 76 7 43 44 55 67 72 87 27 78
18 58 18 63 65 13 26 42 9 62 37 76 27 44 55 58
31 25 31 26 42 51 67 72 87 13 74 63 65 37 49 25
28 9 28 68 9
3 55 3 20 55
22 27 22 43 44 55 58 68 9 62 27
76 60 76 7 43 44 55 67 72 87 13 20 40 41 50 60
14 29 14 16 29
11 83 11 13 28 9 62 37 49 7 14 16 35 63 65 6 31 68 69 25 38 58 67 72 87 70 81 83
42 32 42 51 67 72 87 13 74 63 65 6 16 35 25 38 58 68 69 26 28 23 32
20 67 20 55 67
40 81 40 43 44 55 67 72 87 70 81
68 23 68 13 26 28 23
22 55 22 20 39 51 67 72 87 27 44 55
15 51 15 41 76 27 44 55 67 72 87 13 28 23 49 58 68 9 20 56 74 63 65 6 31 26 42 51
28 73 28 23 37 76 27 44 55 67 72 87 13 20 39 16 35 63 65 6 31 58 68 69 26 73
72 81 72 87 70 81
3 83 3 38 13 83
21 81 21 42 51 80 81
1 44 1 43 44
19 52 19 62 27 44 55 67 72 87 13 68 9 20 56 74 63 65 6 37 48 52
22 58 22 13 26 28 37 49 25 62 27 44 55 58
49 63 49 7 43 44 55 58 67 72 87 13 26 28 41 63
74 44 74 72 87 27 44
20 32 20 40 68 51 67 72 87 13 28 25 35 39 65 37 49 69 76 23 32
8 7 8 51 67 72 87 13 28 7
28 41 28 41
74 41 74 72 87 27 44 55 58 68 13 20 40 41
19 33 19 62 25 38 65 6 37 51 67 72 87 13 28 68 69 26 42 33
11 52 11 13 29 48 52
9 71 9 62 27 44 55 67 72 87 13 68 51 59 64 71
62 67 62 6 37 76 27 44 55 67
56 57 56 72 87 13 26 28 25 85 41 76 57
39 29 39 76 27 44 55 67 72 87 13 29
46 13 46 26 42 9 62 72 87 13
19 27 19 43 87 27
87 67 87 13 74 63 65 6 31 43 44 55 67
63 61 63 65 6 16 87 27 44 55 58 68 13 26 28 9 62 25 33 61
3 73 3 27 44 55 58 67 73
46 16 46 58 68 9 62 37 51 67 72 87 13 26 28 23 49 25 35 63 65 6 16
3 75 3 30 44 55 58 67 72 87 13 74 63 65 37 76 7 14 16 29 48 75
46 82 46 23 37 52 64 82
46 55 46 58 68 13 26 28 23 49 76 51 67 72 87 27 44 55
35 80 35 63 65 13 29 48 52 80
8 51 8 51
68 80 68 9 62 72 87 13 29 48 52 80
20 29 20 55 58 68 69 26 42 9 62 6 31 72 87 13 29
2 67 2 43 87 27 44 55 67
51 29 51 67 72 87 13 29
1 29 1 2 33 51 67 72 87 13 20 39 16 29
40 44 40 33 51 67 72 87 27 44
28 43 28 68 69 25 38 37 72 87 13 26 42 9 20 40 43
34 79 34 79
72 52 72 87 13 28 35 63 65 6 16 29 48 52
58 44 58 68 51 67 72 87 27 44
34 71 34 59 64 71
56 70 56 70
68 73 68 9 20 73
62 37 62 37
27 50 27 44 55 58 68 51 67 72 87 13 26 28 41 50
51 73 51 67 73
62 64 62 6 31 43 87 13 29 48 52 64
68 86 68 69 26 28 41 49 25 62 72 86
4 61 4 74 72 87 13 68 69 25 40 33 61
18 6 18 41 57 63 65 6
72 80 72 87 13 68 9 20 40 41 63 65 37 48 75 80
38 82 38 13 29 48 52 64 71 82
23 73 23 49 72 87 13 68 9 62 27 44 55 67 73
8 29 8 9 62 6 31 26 28 23 49 76 7 14 25 38 37 51 67 72 87 27 44 55 58 68 74 63 65 13 29
2 55 2 43 87 27 44 55
69 9 69 26 42 51 67 72 87 13 68 9
38 57 38 37 51 67 72 87 27 44 55 58 68 74 63 65 13 26 28 9 20 39 76 7 62 6 16 35 25 40 41 57
69 83 69 26 28 68 51 80 81 83
85 84 85 41 49 69 76 23 37 51 67 72 87 13 28 68 9 62 27 79 84
68 20 68 69 25 63 65 13 20
39 44 39 65 6 37 51 67 72 87 27 44
1 77 1 51 67 72 87 27 44 55 58 77
43 73 43 87 13 20 73
38 48 38 65 13 74 72 87 27 44 55 58 68 9 62 37 48
3 79 3 38 13 68 51 67 72 87 27 44 79
49 20 49 72 87 13 20
49 84 49 25 63 65 13 26 28 68 74 72 87 27 79 84
39 82 39 51 67 72 87 82
25 44 25 35 72 87 27 44
63 71 63 65 64 71
26 55 26 42 51 67 72 87 27 44 55
85 79 85 6 31 72 87 13 26 28 7 62 27 44 79
74 60 74 72 87 27 44 55 58 68 13 60
62 48 62 27 44 55 67 72 87 13 28 25 85 6 16 29 48
69 9 69 26 42 51 67 72 87 27 44 55 58 68 9
74 73 74 72 87 27 44 55 58 68 69 25 38 65 6 37 76 51 67 73
63 71 63 65 64 71
69 25 69 25
38 84 38 65 37 49 58 68 51 67 72 87 27 79 84
4 26 4 26
7 79 7 62 6 31 26 42 33 49 76 23 37 72 87 27 79
85 75 85 41 63 65 37 48 75
35 66 35 25 38 37 51 67 72 87 27 44 55 58 68 74 63 65 13 20 39 76 23 66
14 63 14 30 44 55 58 68 9 20 39 51 67 72 87 13 74 63
68 82 68 51 67 82
4 60 4 7 62 72 87 13 20 56 74 63 65 6 31 26 28 35 60
85 66 85 6 31 68 9 62 27 44 55 58 67 72 87 13 26 42 33 49 25 35 39 65 37 76 7 14 28 23 66
51 66 51 67 72 87 13 74 63 65 6 16 35 39 76 23 66
11 43 11 13 28 35 25 63 65 6 31 43
19 29 19 38 37 76 57 63 65 13 29
76 26 76 7 43 87 27 44 55 58 68 69 26
6 50 6 16 35 39 76 7 43 87 13 28 41 50
56 34 56 20 39 34
76 25 76 27 44 55 58 68 74 63 65 37 49 7 62 25
46 84 46 58 67 72 87 13 20 39 16 35 25 40 43 44 84
35 26 35 63 65 6 37 49 25 62 27 44 55 58 68 74 72 87 13 26
31 77 31 58 68 13 28 35 63 65 6 37 49 76 57 72 87 77
56 64 56 64
49 34 49 72 87 13 74 63 65 6 31 26 28 9 62 25 35 39 34
72 83 72 87 13 26 42 33 51 80 81 83
40 64 40 33 49 76 27 44 55 67 72 87 13 29 48 52 64
38 63 38 37 72 87 13 74 63
22 16 22 31 58 68 9 20 56 74 63 65 6 16
31 43 31 26 42 33 49 25 63 65 6 16 35 39 43
11 59 11 59
35 81 35 39 58 68 13 29 48 75 80 81
65 59 65 37 51 59
38 70 38 65 13 26 28 35 25 85 6 16 87 27 44 55 58 68 9 20 56 70
28 29 28 35 72 87 13 29
3 60 3 27 44 55 67 72 87 13 60
41 75 41 49 69 25 63 65 37 51 67 72 87 27 44 55 58 68 13 20 39 34 48 75
42 9 42 9
74 32 74 72 87 13 28 23 32
8 7 8 7
46 23 46 23
19 70 19 41 57 63 65 6 37 49 25 38 13 74 70
19 63 19 41 76 51 67 72 87 13 20 55 58 68 74 63
63 50 63 65 13 26 42 20 40 41 50
62 33 62 25 63 65 37 72 87 13 26 42 33
8 60 8 62 37 51 67 72 87 13 20 56 74 63 65 6 16 35 39 58 68 69 76 23 49 7 14 28 41 50 60
28 60 28 9 20 56 72 87 13 60
4 34 4 30 34
74 60 74 63 65 6 37 49 58 68 9 20 55 67 72 87 13 28 35 60
49 58 49 58
14 64 14 64
38 75 38 37 51 67 72 87 27 44 55 58 68 69 25 62 6 31 26 28 7 14 16 29 48 75
72 84 72 87 13 26 42 20 40 43 44 79 84
31 84 31 58 67 72 87 13 74 63 65 37 76 27 44 84
69 16 69 26 42 9 20 55 58 68 74 72 87 13 28 37 49 7 14 57 63 65 6 16
1 64 1 51 67 72 87 27 44 55 58 68 74 63 65 6 31 43 52 64
85 30 85 41 57 63 65 6 16 87 13 26 42 33 62 37 76 7 14 30
39 59 39 51 59
87 71 87 27 44 55 58 68 9 62 37 76 51 59 64 71
25 55 25 62 72 87 27 44 55
74 48 74 72 87 13 29 48
1 50 1 51 67 72 87 13 74 63 65 6 31 26 28 41 50
25 52 25 85 6 31 43 52
39 72 39 43 87 13 68 51 67 72
14 44 14 16 35 39 43 44
11 61 11 43 44 55 58 67 72 87 13 68 69 76 23 49 7 62 6 16 35 25 33 61
28 67 28 35 25 38 13 26 42 62 37 51 67
69 33 69 26 28 41 49 25 33
68 29 68 13 29
69 7 69 26 28 7
18 89 18 6 37 51 67 72 87 13 29 48 52 77 89
69 41 69 26 28 41
3 71 3 37 52 71
22 29 22 43 87 13 29
3 79 3 37 49 69 25 63 65 6 31 68 74 72 87 27 79
11 51 11 43 87 27 44 55 58 68 9 62 6 37 51
14 89 14 30 44 79 84 89
85 72 85 6 31 58 68 69 26 42 51 67 72
21 89 21 13 26 28 23 66 77 89
19 73 19 56 74 72 87 13 28 25 63 65 6 31 43 44 55 58 68 9 20 39 76 23 37 49 69 26 73
8 48 8 40 13 68 74 63 65 6 16 35 39 34 48
28 59 28 37 51 59
2 61 2 33 61
38 26 38 58 68 13 26
19 79 19 38 13 26 42 62 27 79
85 78 85 6 37 76 7 57 78
23 73 23 37 76 57 63 65 6 31 72 87 27 44 55 67 73
41 29 41 63 65 37 49 25 38 13 29
37 73 37 51 67 72 87 13 20 55 58 68 74 63 65 6 31 26 73
8 63 8 62 6 31 26 28 23 37 49 58 67 72 87 13 68 9 20 40 41 76 57 63
11 73 11 68 74 63 65 37 76 57 72 87 27 44 55 67 73
4 75 4 9 20 56 72 87 13 28 35 39 16 29 48 75
74 30 74 63 65 37 51 67 72 87 27 44 55 58 68 13 28 23 49 76 7 14 30
68 20 68 9 20
16 86 16 35 39 65 6 31 59 64 86
14 34 14 6 16 87 27 44 55 58 68 9 20 39 34
87 84 87 27 79 84
76 33 76 23 37 51 67 72 87 27 44 55 58 68 9 20 40 33
35 43 35 39 51 67 72 87 27 44 55 58 68 69 76 23 37 49 7 43
85 60 85 6 16 35 60
2 48 2 23 37 48
21 26 21 42 62 37 51 67 72 87 13 20 39 16 35 25 85 41 76 27 44 55 58 68 69 26
31 51 31 26 42 62 27 44 55 58 68 13 28 41 49 69 76 51
49 29 49 25 33 62 6 16 29
3 61 3 20 40 33 61
69 25 69 25
21 34 21 42 62 25 35 39 34
35 70 35 25 62 72 87 70
42 83 42 33 51 67 72 87 13 29 48 52 80 81 83
28 61 28 41 49 76 51 67 72 87 13 20 40 43 44 55 58 68 69 26 42 33 61
27 83 27 79 83
11 71 11 7 62 37 51 59 64 71
68 52 68 13 74 63 65 37 76 23 49 25 40 43 52
19 6 19 62 72 87 13 74 63 65 6
65 84 65 13 26 28 9 62 72 87 27 79 84
3 84 3 27 44 84
74 33 74 72 87 13 28 7 43 44 55 58 68 9 62 25 33
65 34 65 37 76 23 49 7 14 34
39 82 39 65 64 71 82
21 71 21 7 62 37 76 51 59 64 71
46 50 46 26 42 20 40 41 50
85 63 85 6 31 56 74 63
74 13 74 63 65 6 31 26 42 20 40 41 76 27 44 55 58 67 72 87 13
22 7 22 25 40 41 57 63 65 37 51 67 72 87 13 28 7
9 52 9 20 56 72 87 13 29 48 52
38 86 38 13 20 40 43 52 64 86
27 75 27 44 55 67 72 87 13 29 48 75
42 66 42 9 20 55 67 72 87 13 74 63 65 6 16 35 25 85 41 49 58 68 69 26 28 23 66
37 73 37 72 87 13 20 40 68 51 67 73
6 50 6 31 68 13 28 41 50
28 64 28 64
46 61 46 23 37 51 67 72 87 13 20 56 74 63 65 6 31 43 44 55 58 68 69 25 33 61
49 77 49 7 43 44 55 58 77
69 52 69 26 28 41 57 72 87 13 68 74 63 65 37 48 52
42 83 42 62 6 16 87 70 81 83
18 59 18 76 51 67 72 87 27 44 55 58 68 9 20 40 33 49 25 35 63 65 6 37 59
22 25 22 13 28 68 9 20 40 41 49 25
16 29 16 29
14 81 14 16 35 63 65 6 37 48 75 80 81
33 48 33 49 25 38 13 74 63 65 6 31 26 42 9 62 37 51 67 72 87 27 44 55 58 68 69 76 7 14 34 48
19 51 19 43 44 55 58 67 72 87 13 26 42 51
21 34 21 9 62 25 40 41 57 63 65 6 16 35 39 34
1 7 1 26 42 51 67 72 87 13 28 68 69 25 62 6 16 35 63 65 37 76 7
85 70 85 6 37 76 51 67 72 87 13 26 42 9 20 55 58 68 74 70
72 75 72 87 13 20 56 74 63 65 37 48 75
13 61 13 26 42 33 61
35 26 35 72 87 13 28 68 69 26
15 37 15 22 43 87 13 28 37
87 26 87 27 44 55 58 68 69 26
28 23 28 23
69 89 69 26 28 77 89
2 63 2 13 28 25 63
46 82 46 23 49 76 27 44 55 58 67 72 87 13 74 63 65 64 71 82
40 71 40 41 49 64 71
49 72 49 58 67 72
41 29 41 63 65 6 16 29
8 43 8 7 43
40 63 40 33 49 25 63
22 32 22 20 56 74 63 65 37 51 67 72 87 13 26 42 9 62 27 44 55 58 68 69 76 23 32
8 52 8 40 13 74 63 65 37 48 52
39 34 39 34
18 27 18 22 43 44 55 67 72 87 27
76 58 76 23 49 25 85 41 63 65 13 28 68 74 72 87 27 44 55 58
85 82 85 70 82
4 20 4 23 49 25 33 51 67 72 87 13 20
22 73 22 20 56 74 63 65 13 68 51 67 73
65 23 65 13 68 69 26 28 23
38 43 38 13 20 39 43
56 70 56 74 70
2 7 2 7
14 81 14 42 33 49 58 67 72 87 70 81
87 29 87 13 29
21 37 21 9 20 55 67 72 87 13 68 74 63 65 37
8 70 8 25 38 65 37 51 67 72 87 70
22 86 22 13 28 25 62 6 16 29 48 52 64 86
18 79 18 20 39 34 79
56 63 56 74 63
26 52 26 42 62 25 33 51 67 72 87 27 44 55 58 68 69 76 57 63 65 6 16 29 48 52
8 29 8 62 6 16 29
51 50 51 67 72 87 27 44 55 58 68 13 26 28 41 50
19 83 19 43 44 79 83
76 86 76 23 37 72 86
2 33 2 33
68 78 68 69 76 7 43 44 55 58 67 72 87 27 78
30 52 30 48 52
42 89 42 33 51 59 89
69 61 69 76 23 49 25 33 61
58 75 58 67 72 87 13 26 28 25 63 65 37 76 23 49 7 14 16 29 48 75
20 61 20 39 51 67 72 87 13 74 63 65 37 49 25 33 61
40 71 40 13 74 72 87 27 44 55 58 68 69 26 42 33 62 37 48 52 71
58 48 58 68 9 20 39 34 48
18 86 18 59 64 86
28 25 28 23 37 72 87 27 44 55 58 68 13 26 42 20 56 74 63 65 6 16 35 25
46 29 46 58 68 13 28 25 35 39 16 29
31 57 31 26 42 9 62 25 40 43 44 55 58 67 72 87 13 68 74 63 65 37 76 7 57
6 75 6 16 35 25 40 33 62 27 44 55 58 68 74 72 87 13 29 48 75
8 26 8 25 40 68 69 26
56 26 56 74 63 65 6 31 68 51 67 72 87 13 26
49 72 49 7 62 27 44 55 67 72
46 73 46 23 49 25 62 72 87 13 68 9 20 55 67 73
76 13 76 23 37 51 67 72 87 13
16 86 16 29 48 52 64 86
2 71 2 43 52 64 71
18 61 18 33 61
14 51 14 57 63 65 13 20 55 58 68 51
49 80 49 72 87 13 26 42 9 62 6 31 43 52 80
6 52 6 37 52
87 27 87 27
65 44 65 13 28 68 74 72 87 27 44
19 59 19 41 76 57 63 65 13 26 28 9 20 40 43 44 55 58 68 69 25 33 62 6 37 51 59
62 72 62 37 51 67 72
76 57 76 51 67 72 87 13 68 9 62 25 33 49 69 26 28 41 57
69 7 69 26 28 7
37 55 37 72 87 27 44 55
26 66 26 28 9 62 37 51 67 72 87 27 44 55 58 68 13 20 39 76 23 66
11 51 11 7 57 72 87 27 44 55 58 68 74 63 65 37 49 69 76 51
46 67 46 23 49 25 63 65 13 26 28 35 39 76 27 44 55 58 67
2 37 2 13 28 68 69 26 42 9 62 37
62 48 62 37 76 57 72 87 27 44 55 58 68 74 63 65 6 31 26 28 25 38 13 29 48
49 89 49 25 33 51 59 89
57 84 57 72 87 13 84
49 34 49 76 7 43 44 55 67 72 87 13 20 56 74 63 65 6 16 35 39 34
19 58 19 41 63 65 37 51 67 72 87 27 44 55 58
19 82 19 69 26 42 59 64 71 82
56 51 56 74 72 87 13 26 28 41 49 25 35 63 65 37 51
4 59 4 30 44 55 58 68 69 25 33 49 72 87 13 20 40 41 57 63 65 37 59
46 67 46 25 63 65 37 51 67
2 20 2 33 51 67 72 87 13 20
14 61 14 16 35 39 51 67 72 87 27 44 55 58 68 69 26 42 33 61
68 51 68 51
39 55 39 76 23 37 51 67 72 87 27 44 55
2 64 2 7 57 63 65 6 31 58 68 9 62 25 85 41 76 27 44 55 67 72 87 13 20 40 43 52 64
35 30 35 25 38 65 13 26 42 33 51 67 72 87 27 44 55 58 68 9 62 37 49 76 7 14 30
8 81 8 51 67 72 87 27 44 55 58 68 13 74 70 81
41 55 41 57 72 87 27 44 55
31 86 31 56 20 39 16 35 59 64 86
7 67 7 57 63 65 37 76 51 67
35 78 35 39 43 44 55 67 72 87 13 28 23 37 49 7 62 27 78
4 72 4 30 44 55 58 68 69 25 63 65 37 49 7 57 72
21 44 21 42 9 20 39 76 27 44
11 59 11 13 28 37 76 51 59
42 48 42 20 40 33 49 76 7 43 44 55 67 72 87 13 74 63 65 37 48
46 44 46 25 38 13 74 72 87 27 44
20 67 20 56 74 72 87 13 28 7 43 44 55 58 68 51 67
42 43 42 20 55 67 72 87 13 74 63 65 37 76 23 49 7 43
72 66 72 87 13 20 56 74 63 65 37 76 23 66
8 81 8 51 80 81
4 37 4 30 44 55 58 68 74 63 65 6 37
22 25 22 25
46 27 46 58 67 72 87 27
63 79 63 65 13 26 28 23 37 76 27 79
39 81 39 43 52 80 81
31 43 31 43
40 51 40 33 62 37 49 76 51
76 57 76 57
33 73 33 51 67 73
74 86 74 63 65 13 20 39 51 59 64 86
72 73 72 87 13 28 9 20 73
22 32 22 20 55 67 72 87 13 74 63 65 6 37 49 69 76 23 32
35 78 35 72 87 13 68 78
69 64 69 76 57 72 87 27 44 55 58 68 74 63 65 13 26 28 35 25 33 49 64
28 72 28 68 9 20 39 76 7 43 87 27 44 55 58 67 72
26 71 26 28 23 37 49 76 7 64 71
28 80 28 7 62 37 51 67 72 87 27 44 55 58 68 74 63 65 6 31 56 20 39 43 52 80
46 60 46 58 68 69 60
41 48 41 76 7 14 25 85 6 16 29 48
19 72 19 25 33 49 7 43 87 13 20 55 67 72
38 71 38 59 64 71
40 48 40 33 49 72 87 13 29 48
21 83 21 58 68 69 26 28 9 62 25 63 65 13 29 48 52 80 81 83
4 52 4 49 25 63 65 6 31 72 87 13 29 48 52
56 41 56 72 87 13 26 28 41
69 88 69 25 38 37 76 51 67 72 87 13 74 63 65 6 31 58 68 9 62 27 88
35 44 35 39 76 51 67 72 87 27 44
1 34 1 7 62 27 44 55 67 72 87 13 20 39 34
28 61 28 87 13 20 55 58 68 69 26 42 33 61
21 23 21 42 20 55 67 72 87 13 26 28 23
19 70 19 69 76 51 67 72 87 70
68 88 68 88
19 29 19 41 49 76 51 67 72 87 13 26 28 35 39 65 6 16 29
19 72 19 69 25 63 65 13 68 9 20 55 58 67 72
6 71 6 16 35 63 65 37 51 67 72 87 27 44 55 58 68 69 26 28 23 49 76 7 62 25 38 59 64 71
23 71 23 49 64 71
62 89 62 37 72 87 13 84 89
3 64 3 23 49 69 64
28 23 28 23
46 23 46 23
8 78 8 51 67 72 87 13 74 63 65 37 49 76 23 66 78
30 66 30 44 55 67 72 87 13 20 39 65 37 49 69 76 23 66
62 57 62 37 49 76 57
11 67 11 43 44 55 67
20 50 20 40 41 50
58 81 58 68 51 80 81
49 29 49 76 57 63 65 6 16 29
74 89 74 72 87 13 29 48 52 77 89
18 27 18 33 62 37 72 87 27
15 75 15 30 34 48 75
76 44 76 27 44
4 89 4 74 89
2 16 2 23 37 49 76 51 67 72 87 13 68 74 63 65 6 16
28 64 28 9 20 56 64
28 88 28 9 62 6 31 56 88
49 52 49 72 87 13 74 63 65 6 16 29 48 52
68 51 68 51
19 6 19 69 25 63 65 6
33 55 33 62 25 40 41 63 65 13 74 72 87 27 44 55
30 75 30 34 48 75
42 27 42 33 51 67 72 87 27
8 75 8 51 67 72 87 13 74 63 65 6 37 48 75
65 43 65 13 68 69 76 7 43
28 25 28 35 63 65 6 37 49 25
4 73 4 26 73
2 48 2 26 42 62 27 44 55 58 67 72 87 13 20 40 68 74 63 65 6 16 29 48
76 34 76 51 67 72 87 27 44 55 58 68 74 63 65 37 49 69 26 28 35 39 34
11 89 11 43 44 84 89
62 7 62 6 37 76 7
19 29 19 43 87 13 29
27 83 27 79 83
15 83 15 41 70 81 83
28 41 28 41
40 29 40 13 29
11 86 11 13 68 69 76 57 63 65 37 72 86
68 43 68 51 67 72 87 13 74 63 65 6 16 35 25 40 33 49 7 43
2 27 2 56 20 55 67 72 87 13 68 69 26 28 23 37 76 27
65 77 65 37 77
37 75 37 51 67 72 87 13 74 63 65 6 16 29 48 75
14 9 14 25 40 33 62 37 76 7 43 87 13 68 9
19 44 19 27 44
30 83 30 44 79 83
27 71 27 44 55 58 67 72 87 13 28 68 74 63 65 6 31 26 42 33 49 69 25 85 41 76 23 37 51 59 64 71
15 34 15 22 34
18 32 18 41 76 23 32
8 84 8 51 67 72 87 13 28 41 57 63 65 37 76 23 49 25 79 84
2 71 2 25 35 59 64 71
18 61 18 22 26 42 33 61
1 71 1 26 28 64 71
40 16 40 43 44 55 67 72 87 13 68 9 62 37 49 7 57 63 65 6 16
68 83 68 13 83
35 44 35 25 85 41 49 76 7 14 57 63 65 6 37 72 87 13 68 9 20 40 43 44
30 66 30 44 55 67 72 87 13 28 23 66
31 82 31 56 20 39 76 7 62 6 71 82
69 41 69 26 42 33 51 67 72 87 13 28 37 76 7 62 27 44 55 58 68 9 20 40 41
62 23 62 25 40 41 76 23
2 52 2 33 49 7 14 57 72 87 27 44 55 58 68 9 62 37 52
25 66 25 40 33 62 27 44 55 67 72 87 13 26 42 20 56 74 63 65 37 49 58 68 69 76 23 66
19 52 19 69 76 51 67 72 87 27 44 55 58 68 74 63 65 6 37 52
65 59 65 37 59
57 84 57 72 87 13 68 74 63 65 6 37 76 27 79 84
87 59 87 13 28 7 43 44 55 58 68 51 59
38 86 38 37 52 64 86
39 70 39 16 35 63 65 13 74 70
18 32 18 22 20 39 51 67 72 87 13 74 63 65 37 49 69 76 23 32
43 61 43 44 55 58 68 9 20 40 33 61
4 30 4 30
87 29 87 13 29
39 72 39 65 6 37 72
18 7 18 76 7
51 80 51 67 72 87 27 44 55 58 68 13 20 56 74 63 65 37 48 52 80
42 89 42 33 62 72 87 77 89
56 7 56 72 87 13 28 7
74 73 74 72 87 13 20 40 68 69 26 28 41 63 65 6 37 49 76 27 44 55 67 73
8 78 8 41 76 51 67 72 87 27 44 55 58 68 78
35 29 35 63 65 6 16 29
46 20 46 25 35 39 16 87 13 20
31 79 31 68 69 26 28 9 20 40 43 44 79
13 61 13 74 63 65 37 51 67 72 87 27 44 55 58 68 9 62 25 33 61
63 80 63 65 13 29 48 52 80
16 75 16 29 48 75
43 75 43 44 55 58 68 69 25 35 72 87 13 29 48 75
41 84 41 49 72 87 27 79 84
46 27 46 23 49 7 57 72 87 27
23 75 23 49 7 14 42 9 62 6 37 76 27 44 55 67 72 87 13 29 48 75
42 78 42 20 55 58 67 72 87 13 28 7 62 27 78
65 29 65 6 31 68 51 67 72 87 13 29
22 23 22 43 44 55 67 72 87 13 28 23
1 81 1 51 80 81
21 86 21 59 64 86
70 83 70 81 83
62 72 62 27 44 55 67 72
7 79 7 62 37 76 51 67 72 87 27 44 55 58 68 9 20 39 34 79
28 70 28 41 76 51 67 72 87 13 74 70
31 41 31 72 87 13 68 69 26 28 25 85 41
65 71 65 37 52 71
21 79 21 13 20 56 74 63 65 37 51 67 72 87 27 79
1 29 1 37 49 25 40 68 74 72 87 13 29
76 59 76 7 14 6 16 35 59
56 27 56 72 87 27
6 79 6 37 49 69 26 28 9 20 39 76 27 44 79
42 20 42 62 72 87 13 20
30 44 30 44
3 43 3 30 44 55 58 67 72 87 13 26 42 20 39 43
31 16 31 58 68 9 62 37 76 23 49 7 14 6 16
41 44 41 57 72 87 27 44
43 84 43 87 27 44 84
35 73 35 25 40 33 49 72 87 13 26 42 51 67 73
25 29 25 85 6 16 29
56 70 56 70
6 61 6 31 26 42 33 61
27 71 27 44 55 67 72 87 13 29 48 52 64 71
33 52 33 62 37 51 67 72 87 27 44 55 58 68 74 63 65 6 31 43 52
2 84 2 26 42 9 62 25 85 6 31 43 44 84
39 27 39 16 35 25 85 41 76 27
22 27 22 26 42 62 6 37 72 87 27
85 41 85 41
85 7 85 41 76 23 37 49 7
40 52 40 33 49 72 87 13 29 48 52
76 61 76 7 62 27 44 55 58 68 9 20 40 33 61
27 29 27 44 55 67 72 87 13 29
87 33 87 13 28 25 33
56 27 56 74 63 65 6 16 35 39 43 44 55 67 72 87 27
37 66 37 49 72 87 13 28 25 63 65 6 16 35 39 58 68 69 76 23 66
40 78 40 33 51 67 72 87 27 44 55 58 68 74 63 65 13 26 42 62 6 31 56 20 39 16 35 25 38 37 49 76 57 78
8 72 8 25 62 27 44 55 67 72
2 16 2 9 62 27 44 55 58 68 51 67 72 87 13 20 40 41 57 63 65 37 76 23 49 25 35 39 16
8 61 8 41 76 51 67 72 87 13 26 42 33 61
69 13 69 25 63 65 37 76 23 49 7 14 57 72 87 13
46 52 46 23 37 76 51 67 72 87 13 28 9 62 25 85 6 16 29 48 52
42 63 42 51 67 72 87 27 44 55 58 68 74 63
76 25 76 57 63 65 37 49 69 25
69 37 69 76 7 62 37
64 86 64 86
38 55 38 65 37 51 67 72 87 27 44 55
1 73 1 49 25 35 39 65 37 51 67 73
27 67 27 44 55 58 67
25 29 25 85 6 16 87 13 29
14 33 14 28 9 62 27 44 55 58 68 51 67 72 87 13 26 42 33
14 83 14 57 63 65 13 74 70 81 83
49 73 49 69 26 28 7 14 42 20 39 65 37 51 67 73
49 84 49 25 85 41 57 72 87 27 44 84
8 52 8 62 6 16 35 39 34 48 52
2 58 2 33 51 67 72 87 27 44 55 58
21 86 21 58 68 74 63 65 6 16 87 27 44 55 67 72 86
14 66 14 6 31 72 87 13 28 7 57 63 65 37 76 23 66
25 80 25 62 37 76 27 44 55 58 67 72 87 13 74 63 65 6 16 29 48 52 80
8 52 8 62 37 52
26 67 26 42 51 67
57 67 57 63 65 37 72 87 27 44 55 67
19 43 19 41 76 57 72 87 13 68 9 62 6 16 35 39 43
38 72 38 58 67 72
85 71 85 41 76 23 49 7 64 71
21 71 21 13 28 41 76 51 67 72 87 27 44 55 58 68 9 62 25 40 33 49 69 26 42 59 64 71
87 67 87 27 44 55 58 68 74 63 65 37 51 67
58 80 58 68 74 72 87 13 29 48 52 80
65 64 65 13 26 42 59 64
46 61 46 26 42 33 61
14 67 14 42 33 62 25 38 13 68 69 26 28 7 43 87 27 44 55 58 67
28 57 28 23 49 69 25 85 41 57
51 50 51 67 72 87 13 74 63 65 37 49 58 68 69 26 28 41 50
1 67 1 7 62 37 51 67
27 79 27 44 79
58 48 58 68 13 29 48
62 7 62 25 38 65 6 37 76 23 49 7
74 70 74 63 65 37 51 67 72 87 70
39 16 39 16
46 78 46 25 33 78
20 79 20 39 16 87 27 79
69 67 69 26 42 51 67
27 75 27 44 55 67 72 87 13 29 48 75
62 7 62 25 63 65 13 20 39 76 51 67 72 87 27 44 55 58 68 69 26 28 23 49 7
7 79 7 14 28 37 76 51 67 72 87 13 74 63 65 6 31 26 42 33 49 69 25 38 58 68 9 62 27 79
18 25 18 76 7 14 16 35 25
18 43 18 33 51 67 72 87 27 44 55 58 68 74 63 65 6 31 43
85 55 85 41 63 65 13 26 28 9 20 56 72 87 27 44 55
22 43 22 43
11 16 11 43 44 55 58 68 13 20 39 65 6 16
3 60 3 37 51 67 72 87 13 20 56 74 63 65 6 16 35 25 85 41 49 76 27 44 55 58 68 69 60
16 86 16 29 48 52 64 86
3 83 3 20 55 58 67 72 87 13 28 41 70 81 83
69 83 69 26 42 33 51 67 72 87 70 81 83
21 75 21 7 57 72 87 13 29 48 75
57 79 57 72 87 27 79
6 48 6 16 29 48
38 9 38 58 68 69 25 35 72 87 13 28 9
49 61 49 76 23 37 51 67 72 87 13 74 63 65 6 31 58 68 69 25 40 33 61
46 79 46 25 62 27 44 79
9 79 9 62 27 79
31 75 31 58 68 9 20 40 33 49 69 76 27 44 55 67 72 87 13 26 28 41 63 65 6 37 48 75
19 48 19 56 74 63 65 37 48
21 44 21 13 74 72 87 27 44
28 78 28 23 49 76 57 63 65 37 72 87 27 78
1 72 1 43 44 55 58 68 13 28 37 49 72
49 59 49 58 67 72 87 13 68 9 20 56 74 63 65 37 59
23 67 23 37 72 87 13 20 40 43 44 55 67
68 13 68 69 26 42 20 39 58 67 72 87 13
35 48 35 72 87 13 68 9 20 39 76 57 63 65 6 37 48
63 79 63 65 37 51 67 72 87 27 79
46 79 46 26 42 9 20 40 43 44 55 67 72 87 27 79
27 84 27 79 84
74 51 74 72 87 13 68 51
87 83 87 70 81 83
56 60 56 20 40 41 57 63 65 13 60
25 84 25 85 6 16 35 72 87 13 74 63 65 37 49 76 27 44 55 84
51 80 51 80
14 41 14 16 87 13 20 40 41
7 81 7 43 52 80 81
11 58 11 7 57 72 87 13 74 63 65 6 31 43 44 55 58
18 78 18 6 31 43 44 55 67 72 87 27 78
74 86 74 63 65 64 86
11 13 11 13
35 33 35 63 65 37 72 87 13 20 40 33
69 59 69 76 27 44 55 67 72 87 13 26 28 9 62 37 59
56 73 56 72 87 27 44 55 67 73
28 84 28 35 39 34 79 84
28 57 28 23 37 51 67 72 87 27 44 55 58 68 74 63 65 6 16 35 39 76 57
18 71 18 22 13 29 48 52 71
62 64 62 37 52 64
57 29 57 72 87 27 44 55 58 68 13 29
62 51 62 37 51
46 61 46 58 67 72 87 13 28 68 74 63 65 6 16 35 25 40 33 61
63 48 63 65 37 48
2 55 2 23 37 51 67 72 87 13 68 9 62 27 44 55
9 84 9 20 39 43 44 55 58 68 74 72 87 27 79 84
43 79 43 44 79
21 51 21 7 14 28 35 72 87 13 26 42 62 25 85 6 37 49 76 27 44 55 58 68 51
87 52 87 13 20 39 43 52
41 44 41 76 7 43 87 27 44
87 83 87 13 83
70 81 70 81
39 82 39 43 87 82
21 60 21 7 43 44 55 67 72 87 13 60
21 60 21 26 42 51 67 72 87 13 60
15 72 15 22 20 55 67 72
40 58 40 41 57 63 65 37 72 87 13 68 69 76 23 49 25 33 62 6 31 58
33 81 33 51 67 72 87 70 81
3 89 3 23 49 72 87 77 89
76 13 76 27 44 55 67 72 87 13
19 77 19 27 44 55 58 77
62 77 62 6 31 72 87 77
38 34 38 58 68 13 26 42 20 39 34
3 9 3 9
35 82 35 39 65 37 48 75 82
69 26 69 26
4 64 4 30 48 52 64
85 81 85 70 81
18 25 18 33 51 67 72 87 27 44 55 58 68 13 74 63 65 6 37 76 7 62 25
1 81 1 2 33 51 80 81
15 67 15 9 62 27 44 55 58 67
2 80 2 23 49 69 76 27 44 55 67 72 87 13 68 9 20 56 74 63 65 37 52 80
56 88 56 20 88
14 30 14 30
51 75 51 67 72 87 27 44 55 58 68 69 25 35 63 65 13 29 48 75
16 55 16 87 27 44 55
37 48 37 48
85 43 85 41 49 7 43
15 44 15 22 13 28 35 39 43 44
38 29 38 58 68 69 76 27 44 55 67 72 87 13 28 25 35 63 65 6 16 29
56 80 56 72 87 13 20 39 34 48 52 80
56 88 56 72 87 27 44 79 88
35 51 35 63 65 37 51
38 23 38 37 49 7 14 16 35 25 85 6 31 26 28 23
40 44 40 13 26 28 9 20 55 67 72 87 27 44
76 63 76 23 37 51 67 72 87 27 44 55 58 68 74 63
19 43 19 27 44 55 67 72 87 13 28 35 25 40 43
85 73 85 41 63 65 37 72 87 13 26 73
2 29 2 43 87 13 74 63 65 6 37 76 7 14 16 29
72 61 72 87 13 68 9 62 6 31 26 28 35 25 33 61
46 57 46 58 68 13 28 41 49 76 57
14 48 14 28 23 37 48
74 26 74 72 87 13 26
21 67 21 9 20 56 74 63 65 13 68 69 26 28 25 35 72 87 27 44 55 58 67
31 20 31 56 74 72 87 13 20
2 51 2 26 42 20 56 74 72 87 13 28 25 33 51
74 6 74 63 65 6
72 29 72 87 13 29
35 50 35 72 87 13 28 41 50
19 50 19 38 58 67 72 87 13 20 56 74 63 65 6 16 35 25 85 41 50
15 60 15 9 62 6 37 76 23 49 69 60
11 43 11 7 43
58 32 58 68 51 67 72 87 13 26 28 25 38 65 37 49 76 23 32
40 26 40 43 44 55 67 72 87 13 28 9 62 25 85 6 16 35 39 58 68 69 26
68 78 68 78
40 84 40 68 9 62 6 16 87 27 79 84
46 60 46 58 68 69 60
62 60 62 25 63 65 13 60
85 16 85 6 16
57 55 57 63 65 13 68 9 62 37 49 58 67 72 87 27 44 55
42 55 42 33 51 67 72 87 27 44 55
76 84 76 7 14 30 34 79 84
2 82 2 33 62 6 71 82
49 60 49 58 68 13 26 28 35 60
4 20 4 9 20
74 33 74 63 65 13 68 69 26 42 33
69 52 69 25 62 37 52
43 81 43 52 80 81
76 16 76 57 63 65 6 16
28 78 28 37 51 67 72 87 27 78
1 71 1 43 44 55 58 68 51 67 72 87 13 29 48 52 64 71
3 71 3 9 62 37 59 64 71
30 67 30 44 55 67
42 48 42 33 49 76 57 72 87 27 44 55 58 68 69 25 35 63 65 37 48
76 41 76 57 63 65 6 37 49 25 85 41
16 44 16 87 13 28 68 9 20 40 33 62 27 44
35 41 35 39 76 57 63 65 13 26 28 41
18 63 18 63
58 81 58 68 13 20 55 67 72 87 70 81
3 58 3 9 20 55 58
74 58 74 72 87 13 28 9 62 25 85 41 49 58
40 82 40 13 29 48 52 64 71 82
11 23 11 43 44 55 58 68 74 63 65 13 26 28 37 76 23
15 9 15 9
19 81 19 25 33 49 70 81
31 73 31 58 68 9 62 6 16 35 72 87 27 44 55 67 73
58 55 58 67 72 87 27 44 55
13 71 13 28 35 39 51 67 72 87 27 44 55 58 68 69 64 71
38 71 38 58 67 72 87 13 28 9 62 25 85 6 71
14 57 14 28 41 76 57
38 44 38 37 72 87 27 44
2 64 2 33 62 37 76 23 49 58 68 9 20 39 65 64
51 73 51 67 73
42 77 42 9 62 25 35 72 87 77
14 25 14 6 31 56 72 87 13 26 42 33 49 25
76 13 76 57 63 65 13
26 48 26 28 23 49 58 68 9 20 39 65 13 29 48
28 75 28 35 72 87 13 26 42 20 39 16 29 48 75
31 57 31 26 42 51 67 72 87 13 20 39 58 68 9 62 37 76 7 57
76 70 76 7 14 6 37 72 87 70
8 73 8 25 62 6 31 58 68 13 26 73
87 80 87 13 29 48 75 80
21 48 21 42 20 56 74 63 65 6 37 48
1 67 1 2 43 44 55 67
87 27 87 13 20 39 16 35 25 33 62 27
37 86 37 49 25 63 65 13 29 48 52 64 86
35 86 35 63 65 6 86
43 71 43 87 13 29 48 52 64 71
22 71 22 25 63 65 64 71
22 89 22 43 44 84 89
85 26 85 6 31 26
2 80 2 26 42 62 37 51 80
9 80 9 20 55 58 68 51 80
69 75 69 26 28 35 63 65 6 37 48 75
15 41 15 22 31 68 13 20 40 41
31 82 31 56 82
76 60 76 27 44 55 67 72 87 13 60
4 20 4 9 20
40 81 40 33 51 80 81
74 51 74 63 65 37 51
56 82 56 82
68 59 68 69 76 23 49 7 62 25 35 59
6 29 6 16 29
1 67 1 33 62 37 49 76 27 44 55 67
7 48 7 43 87 13 29 48
38 33 38 13 20 40 33
11 30 11 7 14 30
42 63 42 33 62 37 76 57 63
31 51 31 43 44 55 58 67 72 87 13 68 51
33 52 33 51 67 72 87 13 74 63 65 6 16 35 25 40 43 52
62 34 62 27 44 55 58 67 72 87 13 74 63 65 6 37 76 7 14 42 9 20 39 34
85 89 85 6 37 48 52 77 89
14 59 14 30 34 59
68 13 68 51 67 72 87 13
87 13 87 13
85 72 85 6 31 26 28 23 49 69 25 35 72
23 48 23 49 7 14 42 33 51 67 72 87 13 20 55 58 68 74 63 65 6 16 29 48
3 63 3 37 76 7 14 16 35 63
87 73 87 13 20 73
25 83 25 85 41 57 72 87 70 81 83
25 52 25 62 27 44 55 58 68 9 20 56 72 87 13 74 63 65 37 52
65 86 65 37 48 52 64 86
8 48 8 40 41 49 76 27 44 55 58 67 72 87 13 20 39 34 48
16 84 16 87 27 44 79 84
46 59 46 58 67 72 87 13 26 42 20 39 65 37 59
87 57 87 13 68 69 25 40 41 63 65 37 76 7 57
23 71 23 37 52 64 71
56 64 56 20 39 16 35 25 63 65 64
21 20 21 9 20
65 88 65 13 26 28 23 49 69 76 57 72 88
37 86 37 52 64 86
62 81 62 27 44 55 58 67 72 87 70 81
15 43 15 26 28 87 13 74 63 65 6 31 43
65 26 65 6 31 26
6 32 6 37 76 23 32
56 78 56 74 63 65 37 72 87 27 78
72 44 72 87 27 44
49 63 49 25 62 37 76 57 63
11 79 11 43 87 27 79
8 67 8 25 62 72 87 27 44 55 67
38 66 38 65 6 31 68 51 67 72 87 13 26 28 23 66
20 83 20 55 58 68 13 74 70 81 83
18 29 18 20 40 33 62 25 35 72 87 27 44 55 58 68 13 29
22 27 22 25 40 33 51 67 72 87 13 26 42 9 62 27
42 80 42 20 55 67 72 87 13 68 51 80
3 89 3 20 40 68 13 29 48 52 77 89
8 72 8 51 67 72
49 51 49 69 26 28 7 62 27 44 55 58 68 74 72 87 13 20 40 41 76 57 63 65 6 37 51
18 88 18 20 55 58 68 51 67 72 87 13 28 9 62 37 48 88
49 50 49 76 57 72 87 27 44 55 58 68 9 20 40 41 50
2 88 2 43 44 55 58 68 13 28 25 85 41 63 65 37 51 67 72 88
68 16 68 13 28 41 63 65 37 76 23 49 7 14 16
1 23 1 37 72 87 13 68 69 26 28 23
39 61 39 16 87 13 20 40 68 9 62 25 33 61
69 79 69 25 33 62 37 49 58 68 9 20 55 67 72 87 27 79
85 61 85 41 76 27 44 55 67 72 87 13 68 9 62 37 49 7 14 42 33 61
74 59 74 63 65 6 37 59
35 88 35 25 38 13 26 88
85 80 85 41 76 23 37 52 80
39 44 39 58 67 72 87 13 68 9 62 27 44
85 23 85 6 37 76 23
19 79 19 43 44 79
1 20 1 26 42 51 67 72 87 27 44 55 58 68 9 20
76 71 76 27 44 55 67 72 87 13 68 69 64 71
19 43 19 43
21 60 21 13 60
19 57 19 38 37 76 51 67 72 87 13 28 41 57
51 61 51 67 72 87 13 26 28 9 62 25 33 61
18 86 18 63 65 64 86
62 82 62 27 44 55 67 82
37 79 37 76 57 63 65 6 31 56 74 72 87 13 68 69 26 28 25 79
85 16 85 6 16
38 37 38 37
38 57 38 58 67 72 87 13 26 28 37 49 7 57
42 67 42 9 62 37 72 87 27 44 55 58 67
15 59 15 34 59
33 67 33 49 58 67
56 58 56 20 39 51 67 72 87 27 44 55 58
76 27 76 51 67 72 87 27
56 23 56 72 87 27 44 55 58 68 69 76 23
65 70 65 13 28 25 38 58 68 69 76 51 67 72 87 70
76 25 76 23 37 51 67 72 87 27 44 55 58 68 74 63 65 6 16 35 25
69 26 69 26
8 81 8 9 20 56 74 70 81
31 6 31 56 72 87 13 74 63 65 6
31 37 31 68 74 63 65 37
28 33 28 7 14 25 33
40 83 40 33 51 80 81 83
1 9 1 7 62 37 51 67 72 87 13 26 42 20 56 74 63 65 6 31 68 9
56 84 56 72 87 27 79 84
57 67 57 63 65 6 16 35 25 33 62 27 44 55 58 67
46 61 46 26 28 23 49 25 33 61
7 50 7 62 37 51 67 72 87 13 68 69 26 42 9 20 40 41 50
49 16 49 69 26 28 37 51 67 72 87 13 74 63 65 6 16
68 64 68 51 59 64
68 34 68 51 67 72 87 13 28 37 49 7 14 57 63 65 6 16 35 39 34
35 86 35 59 64 86
2 43 2 43
62 32 62 27 44 55 67 72 87 13 68 74 63 65 37 49 25 35 39 76 23 32
14 51 14 42 51
39 83 39 16 35 63 65 13 28 9 20 40 68 74 70 81 83
40 9 40 41 63 65 13 74 72 87 27 44 55 58 68 9
65 77 65 77
69 77 69 76 7 43 44 55 58 67 72 87 13 74 63 65 77
1 25 1 39 16 35 25
68 75 68 9 20 40 13 29 48 75
62 83 62 27 44 55 67 72 87 70 81 83
18 86 18 63 65 6 31 26 28 41 57 72 87 13 29 48 52 64 86
21 9 21 7 62 27 44 55 58 68 69 26 42 9
26 52 26 42 9 20 39 16 87 13 28 7 14 6 37 52
42 41 42 33 62 25 85 41
19 81 19 69 76 57 72 87 13 29 48 75 80 81
22 25 22 25
4 37 4 23 37
41 66 41 76 51 67 72 87 13 28 23 66
39 82 39 34 59 64 71 82
65 64 65 64
31 34 31 68 9 62 25 85 6 16 87 13 74 63 65 37 49 7 14 34
6 67 6 16 87 27 44 55 58 68 13 20 39 51 67
2 16 2 23 37 51 67 72 87 27 44 55 58 68 9 62 6 31 26 28 35 39 16
15 41 15 41
40 52 40 68 69 25 33 51 67 72 87 13 26 28 9 20 56 74 63 65 6 16 29 48 52
22 27 22 26 42 62 25 35 72 87 27
20 73 20 73
31 64 31 72 87 27 44 55 58 68 74 63 65 64
42 9 42 51 67 72 87 27 44 55 58 68 9
33 66 33 51 67 72 87 13 20 39 16 35 25 85 41 49 76 7 14 28 23 66
63 81 63 65 13 26 28 37 48 75 80 81
9 84 9 20 56 74 72 87 27 79 84
76 25 76 23 49 7 62 25
25 84 25 33 51 67 72 87 13 68 74 63 65 6 31 56 20 39 34 79 84
74 82 74 72 87 82
19 88 19 38 88
18 48 18 63 65 13 28 37 48
18 30 18 22 31 43 44 55 67 72 87 13 26 42 20 56 74 63 65 37 49 7 14 30
22 41 22 20 39 87 13 28 41
85 27 85 41 76 51 67 72 87 13 20 55 58 68 9 62 27
9 86 9 20 55 67 72 86
68 80 68 69 26 28 37 48 75 80
68 37 68 9 20 55 67 72 87 13 74 63 65 6 37
13 55 13 68 51 67 72 87 27 44 55
65 32 65 37 49 76 23 32
31 70 31 43 44 55 58 68 74 63 65 37 72 87 13 20 56 70
19 78 19 69 78
69 72 69 76 57 63 65 37 49 72
42 37 42 51 67 72 87 27 44 55 58 68 69 25 38 37
39 83 39 58 68 51 80 81 83
62 61 62 25 33 61
38 61 38 37 72 87 13 28 9 62 27 44 55 58 68 74 63 65 6 31 56 20 39 16 35 25 33 61
9 84 9 62 37 76 7 43 87 27 44 79 84
30 83 30 34 48 52 80 81 83
74 29 74 63 65 37 51 67 72 87 27 44 55 58 68 13 29
64 86 64 86
31 63 31 58 68 74 63
46 16 46 25 33 49 69 26 28 68 74 63 65 6 16
33 66 33 49 58 68 9 62 25 85 41 57 63 65 37 72 87 13 28 23 66
74 71 74 63 65 6 31 58 68 13 29 48 52 64 71
35 70 35 63 65 6 37 51 67 72 87 70
63 81 63 65 37 49 25 62 72 87 13 20 56 74 70 81
15 44 15 41 57 72 87 27 44
72 55 72 87 13 26 28 7 57 63 65 6 37 76 27 44 55
68 66 68 74 63 65 13 26 42 62 37 76 23 66
76 33 76 51 67 72 87 27 44 55 58 68 69 26 42 20 40 33
56 23 56 72 87 13 74 63 65 37 76 23
22 51 22 20 40 41 63 65 13 26 42 62 25 35 39 51
31 33 31 58 67 72 87 13 74 63 65 6 16 35 25 33
21 57 21 9 20 39 51 67 72 87 27 44 55 58 68 74 63 65 6 37 49 69 26 28 35 25 85 41 76 57
35 50 35 39 76 27 44 55 58 68 9 20 56 74 63 65 37 49 25 62 6 31 43 87 13 28 41 50
22 26 22 20 55 67 72 87 13 26
30 81 30 48 52 80 81
21 86 21 9 20 56 72 86
28 70 28 9 62 27 44 55 67 72 87 70
19 57 19 41 57
62 51 62 27 44 55 67 72 87 13 74 63 65 37 49 69 76 51
76 80 76 51 80
1 60 1 13 74 63 65 37 76 57 72 87 27 44 55 58 68 69 60
6 75 6 16 29 48 75
74 79 74 63 65 13 28 7 14 57 72 87 27 44 79
26 71 26 42 51 67 72 87 13 29 48 52 64 71
3 59 3 37 59
31 80 31 68 69 25 38 37 72 87 13 20 56 74 63 65 6 16 29 48 75 80
1 37 1 33 62 37
42 51 42 51
27 79 27 79
3 29 3 23 49 7 14 42 62 37 51 67 72 87 27 44 55 58 68 9 20 39 65 6 16 29
15 79 15 41 57 63 65 37 51 67 72 87 27 79
46 6 46 26 42 20 55 58 68 13 74 63 65 6
7 32 7 57 72 87 13 28 68 9 20 40 41 49 69 25 85 6 37 76 23 32
87 48 87 27 44 55 58 68 9 62 25 38 37 48
4 67 4 30 44 55 67
56 7 56 72 87 13 74 63 65 6 37 76 7
22 83 22 20 56 70 81 83
85 26 85 6 37 51 67 72 87 27 44 55 58 68 9 62 25 35 63 65 13 26
87 63 87 13 74 63
1 83 1 51 67 72 87 27 44 55 58 68 9 62 6 37 52 80 81 83
33 61 33 61
62 52 62 37 49 72 87 13 74 63 65 6 31 43 52
11 82 11 64 71 82
51 50 51 67 72 87 27 44 55 58 68 9 20 56 74 63 65 13 26 28 41 50
87 78 87 27 78
38 70 38 58 67 72 87 70
56 57 56 20 40 41 57
76 30 76 23 37 49 7 14 30
7 48 7 14 34 48
14 52 14 16 35 25 33 51 67 72 87 13 28 7 62 37 52
7 32 7 57 63 65 37 76 23 32
28 79 28 41 76 27 44 79
19 83 19 25 79 83
35 25 35 25
18 57 18 76 51 67 72 87 13 74 63 65 37 49 69 25 85 41 57
62 41 62 72 87 13 26 28 9 20 40 41
20 29 20 39 51 67 72 87 27 44 55 58 68 9 62 6 37 49 69 25 35 63 65 13 29
28 73 28 68 13 26 73
14 30 14 30
3 30 3 30
15 89 15 9 62 27 44 79 84 89
22 66 22 31 43 44 55 58 67 72 87 13 20 39 16 35 63 65 6 37 76 23 66
15 67 15 30 44 55 67
87 20 87 13 20
68 20 68 74 72 87 13 28 9 20
62 41 62 72 87 13 28 41
38 34 38 13 26 42 9 20 39 34
13 29 13 29
42 82 42 59 64 82
27 32 27 44 55 58 68 69 76 23 32
69 75 69 26 42 62 25 33 51 67 72 87 13 68 9 20 39 34 48 75
56 75 56 20 39 34 48 75
27 32 27 44 55 67 72 87 13 28 23 32
13 50 13 28 25 40 41 50
8 55 8 40 13 26 42 33 49 76 7 14 28 87 27 44 55
25 75 25 35 39 51 67 72 87 13 28 23 37 76 57 63 65 6 16 29 48 75
39 70 39 65 37 49 69 26 28 9 20 55 58 67 72 87 70
39 72 39 76 27 44 55 67 72
85 37 85 41 49 72 87 13 74 63 65 6 37
28 77 28 37 76 51 67 72 87 77
13 66 13 28 35 72 87 27 44 55 58 68 69 76 23 66
85 75 85 6 37 49 58 67 72 87 13 29 48 75
85 58 85 6 37 76 51 67 72 87 13 26 42 20 55 58
16 44 16 35 25 40 13 74 63 65 6 37 72 87 27 44
14 37 14 16 35 63 65 37
31 61 31 68 13 28 25 33 61
62 82 62 6 16 87 82
76 83 76 57 72 87 13 29 48 75 80 81 83
46 89 46 23 37 72 87 27 44 84 89
26 83 26 42 51 67 72 87 27 79 83
18 26 18 76 27 44 55 58 68 69 25 63 65 6 16 35 39 43 87 13 26
42 73 42 62 72 87 27 44 55 67 73
22 16 22 20 55 58 67 72 87 13 68 9 62 25 63 65 6 16
19 59 19 62 72 87 13 74 63 65 6 16 35 59
69 59 69 25 38 65 6 37 51 59
65 26 65 37 51 67 72 87 27 44 55 58 68 13 28 7 62 25 33 49 69 26
56 20 56 20
70 81 70 81
85 27 85 41 76 51 67 72 87 13 74 63 65 37 49 69 25 33 62 27
3 81 3 27 44 55 67 72 87 13 68 51 80 81
35 23 35 25 38 58 67 72 87 13 28 23
26 55 26 28 25 40 13 20 56 72 87 27 44 55
2 23 2 33 49 76 23
14 37 14 30 44 55 58 68 69 76 51 67 72 87 13 28 7 57 63 65 37
15 33 15 9 62 72 87 13 20 40 33
26 67 26 42 51 67
39 58 39 43 44 55 58
72 73 72 87 27 44 55 67 73
85 41 85 41
49 34 49 25 35 39 34
42 55 42 62 27 44 55
65 77 65 77
4 26 4 23 37 51 67 72 87 13 26
42 83 42 62 27 44 79 83
72 83 72 87 70 81 83
35 26 35 63 65 13 26
15 51 15 16 87 27 44 55 58 68 69 25 63 65 37 51
2 82 2 9 62 37 48 52 64 71 82
23 67 23 49 7 62 72 87 27 44 55 67
1 25 1 39 43 44 55 58 68 69 25
35 67 35 39 58 68 74 72 87 27 44 55 67
1 27 1 2 13 26 42 33 49 7 57 63 65 6 37 51 67 72 87 27
25 83 25 38 37 48 52 80 81 83
65 61 65 13 20 39 51 67 72 87 27 44 55 58 68 69 76 23 37 49 7 62 25 40 33 61
22 64 22 31 59 64
65 81 65 6 37 52 80 81
3 63 3 37 51 67 72 87 13 28 35 25 85 41 63
22 7 22 26 42 62 27 44 55 67 72 87 13 28 7
56 25 56 74 72 87 13 28 25
21 41 21 9 20 40 41
11 44 11 68 74 63 65 37 76 7 57 72 87 27 44
4 51 4 23 49 7 14 16 35 39 43 44 55 58 67 72 87 13 74 63 65 37 51
6 44 6 37 49 7 62 72 87 27 44
69 59 69 25 33 51 59
4 32 4 26 42 62 37 51 67 72 87 13 28 41 63 65 6 31 43 44 55 58 68 9 20 40 33 49 76 23 32
4 27 4 74 63 65 37 72 87 13 68 9 62 27
30 75 30 48 75
39 72 39 65 37 72
26 81 26 42 33 62 72 87 70 81
11 60 11 68 51 67 72 87 13 60
3 81 3 20 39 76 7 57 72 87 70 81
63 84 63 65 13 68 9 20 39 34 79 84
15 81 15 9 20 56 72 87 13 29 48 52 80 81
65 88 65 6 16 29 48 88
35 86 35 39 51 86
74 72 74 63 65 13 26 28 68 69 76 7 14 42 9 20 40 33 51 67 72
62 13 62 25 38 37 51 67 72 87 13
21 48 21 13 29 48
40 7 40 43 87 13 26 28 23 49 7
74 55 74 72 87 27 44 55
74 51 74 72 87 27 44 55 58 68 51
40 72 40 13 68 51 67 72
23 86 23 49 7 62 25 63 65 64 86
22 84 22 43 44 55 67 72 87 27 79 84
46 52 46 23 37 51 67 72 87 13 68 74 63 65 6 16 29 48 52
65 7 65 6 37 49 7
19 41 19 41
85 64 85 41 63 65 13 26 28 9 62 6 31 64
28 26 28 7 62 6 37 76 27 44 55 58 67 72 87 13 26
1 33 1 2 7 62 27 44 55 67 72 87 13 28 68 9 20 40 33
74 83 74 63 65 6 16 35 39 43 87 27 79 83
21 70 21 26 42 9 20 55 58 68 69 76 57 63 65 6 37 72 87 70
62 23 62 27 44 55 58 68 9 20 39 16 35 25 33 49 69 26 28 23
65 33 65 37 72 87 13 20 40 33
23 81 23 49 58 68 69 76 7 43 52 80 81
68 43 68 13 26 42 9 62 25 40 43
21 67 21 58 68 74 72 87 13 26 28 7 62 37 76 23 49 25 40 41 63 65 6 16 35 39 43 44 55 67
30 83 30 34 48 75 80 81 83
85 80 85 41 76 57 63 65 37 48 75 80
2 82 2 9 71 82
2 80 2 13 29 48 52 80
2 59 2 26 42 9 20 55 67 72 87 13 68 51 59
69 58 69 76 27 44 55 58
76 52 76 51 67 72 87 13 28 23 49 69 26 42 9 62 37 48 52
19 44 19 38 58 68 13 28 41 57 72 87 27 44
27 81 27 44 55 67 72 87 70 81
65 57 65 13 26 42 51 67 72 87 27 44 55 58 68 69 76 57
18 86 18 63 65 13 29 48 52 64 86
11 83 11 43 44 79 83
2 25 2 26 28 35 25
21 59 21 59
46 60 46 23 37 49 58 67 72 87 13 28 7 57 63 65 6 16 35 60
8 51 8 25 38 58 68 69 26 28 35 72 87 13 20 39 76 57 63 65 6 37 51
6 50 6 37 76 51 67 72 87 27 44 55 58 68 74 63 65 13 28 25 40 41 50
72 83 72 87 13 28 41 70 81 83
74 7 74 63 65 37 49 7
33 52 33 62 27 44 55 58 68 13 29 48 52
18 34 18 33 51 67 72 87 27 44 55 58 68 13 28 7 62 6 31 56 74 63 65 37 49 25 35 39 34
19 84 19 56 74 63 65 37 76 23 49 58 68 13 20 39 16 87 27 44 84
69 20 69 26 28 9 20
70 83 70 81 83
9 29 9 62 72 87 13 29
28 59 28 7 43 44 55 58 67 72 87 13 26 42 33 49 25 40 68 51 59
49 7 49 7
87 60 87 13 60
35 72 35 63 65 13 26 42 9 20 56 72
2 44 2 56 20 40 13 26 28 7 14 6 16 35 25 63 65 37 76 27 44
15 70 15 26 42 51 67 72 87 27 44 55 58 68 13 20 56 70
63 66 63 65 37 49 25 38 13 28 23 66
41 67 41 57 63 65 6 16 87 13 28 37 49 58 68 9 62 27 44 55 67
27 52 27 44 55 58 68 9 62 6 16 29 48 52
69 44 69 26 28 35 63 65 6 16 87 27 44
11 6 11 7 14 6
87 72 87 13 74 63 65 37 49 72
56 59 56 72 87 13 26 42 59
74 84 74 63 65 13 68 51 67 72 87 27 79 84
68 79 68 69 25 62 27 44 79
65 61 65 37 49 72 87 13 28 9 62 25 33 61
18 82 18 41 76 7 64 71 82
39 63 39 58 68 9 62 25 63
56 86 56 64 86
1 80 1 33 51 80
40 80 40 68 69 25 62 27 44 55 58 67 72 87 13 26 42 33 49 76 23 37 52 80
22 82 22 31 43 52 64 82
3 80 3 23 37 76 51 67 72 87 27 44 55 58 68 13 26 42 33 62 25 63 65 6 16 29 48 75 80
18 66 18 6 31 58 67 72 87 13 20 40 41 63 65 37 49 69 76 23 66
2 20 2 23 37 51 67 72 87 13 20
41 32 41 49 7 57 63 65 6 37 51 67 72 87 27 44 55 58 68 9 20 39 76 23 32
76 84 76 57 63 65 37 51 67 72 87 27 79 84
11 86 11 68 51 59 64 86
49 64 49 76 27 44 55 67 72 87 13 29 48 52 64
21 61 21 7 14 16 35 25 33 61
27 61 27 44 55 58 68 51 67 72 87 13 28 9 62 37 76 57 63 65 6 16 35 25 85 41 49 69 26 42 33 61
49 78 49 25 62 6 37 76 23 66 78
21 20 21 7 14 57 72 87 13 74 63 65 6 31 56 20
87 27 87 27
35 82 35 72 87 27 44 55 67 82
38 71 38 59 64 71
8 66 8 25 35 63 65 37 76 23 66
19 73 19 62 25 35 72 87 13 20 56 74 63 65 37 76 23 49 69 26 42 33 51 67 73
26 29 26 28 37 72 87 13 29
42 88 42 20 40 33 62 72 88
11 77 11 43 87 77
3 52 3 27 44 55 58 67 72 87 13 68 69 76 23 37 52
13 67 13 28 68 9 20 39 76 57 63 65 37 49 58 67
2 29 2 7 62 72 87 13 74 63 65 6 16 29
18 58 18 20 55 58
11 6 11 43 44 55 58 68 13 26 28 37 76 23 49 7 57 63 65 6
28 71 28 25 38 37 52 64 71
56 43 56 74 63 65 6 16 35 39 58 68 51 67 72 87 13 26 42 9 20 40 43
51 29 51 67 72 87 27 44 55 58 68 74 63 65 13 29
4 16 4 74 72 87 27 44 55 58 68 13 26 28 41 63 65 37 49 25 85 6 16
69 63 69 76 23 49 72 87 13 74 63
51 86 51 59 64 86
19 6 19 69 76 7 57 63 65 6
68 55 68 13 74 63 65 37 49 7 14 42 20 56 72 87 27 44 55
49 37 49 25 63 65 6 16 87 13 26 42 9 62 37
21 33 21 58 68 69 26 28 25 33
74 86 74 63 65 13 28 23 49 76 7 57 72 86
6 84 6 16 35 39 51 67 72 87 27 79 84
27 84 27 79 84
8 37 8 9 20 55 67 72 87 13 74 63 65 37
1 88 1 43 44 79 88
49 33 49 76 23 37 51 67 72 87 13 28 68 74 63 65 6 31 26 42 33
35 67 35 39 16 87 27 44 55 67
76 37 76 23 49 25 38 37
87 75 87 13 29 48 75
2 75 2 26 42 62 27 44 55 58 67 72 87 13 29 48 75
1 61 1 33 61
39 63 39 16 35 25 38 13 74 63
35 9 35 25 63 65 6 16 87 13 28 9
65 75 65 13 29 48 75
9 55 9 62 6 16 35 72 87 27 44 55
43 66 43 44 55 58 68 69 76 23 66
4 66 4 49 58 68 69 26 28 35 25 63 65 37 76 23 66
76 66 76 51 67 72 87 13 20 39 16 35 25 38 58 68 74 63 65 6 31 26 28 23 66
56 33 56 20 40 33
37 44 37 76 57 63 65 13 74 72 87 27 44
58 66 58 68 69 26 28 7 62 25 33 51 67 72 87 13 20 39 16 35 63 65 37 76 23 66
62 81 62 27 44 55 67 72 87 13 26 42 20 39 76 51 80 81
11 50 11 68 9 20 56 74 63 65 6 37 76 27 44 55 67 72 87 13 26 42 33 62 25 40 41 50
49 13 49 58 67 72 87 13
76 77 76 23 49 58 68 9 62 27 44 55 67 72 87 13 28 35 39 77
68 57 68 9 62 25 40 41 49 69 76 57
19 20 19 41 63 65 13 20
1 16 1 33 51 67 72 87 27 44 55 58 68 9 20 39 76 57 63 65 37 49 69 26 42 62 6 16
38 70 38 65 13 68 9 62 6 31 26 42 20 39 51 67 72 87 70
6 29 6 16 29
28 66 28 37 76 23 66
18 73 18 22 25 38 37 51 67 73
19 60 19 27 44 55 67 72 87 13 26 42 33 49 25 40 60
62 64 62 37 52 64
21 61 21 42 33 61
4 78 4 7 57 78
21 37 21 9 62 6 31 58 68 13 28 23 37
62 33 62 25 85 41 57 63 65 37 51 67 72 87 13 28 23 49 76 27 44 55 58 68 69 26 42 33
1 7 1 7
1 77 1 13 20 55 58 77
72 86 72 86
62 44 62 72 87 27 44
49 43 49 7 43
85 51 85 6 37 49 69 25 63 65 13 20 39 51
42 67 42 62 72 87 27 44 55 67
87 27 87 27
40 83 40 68 74 72 87 13 28 35 25 33 62 27 44 79 83
33 75 33 51 67 72 87 13 29 48 75
4 63 4 74 63
42 50 42 20 40 68 74 63 65 13 26 28 41 50
74 9 74 63 65 37 76 51 67 72 87 13 20 40 33 49 58 68 9
23 80 23 37 48 75 80
69 59 69 26 42 59
9 61 9 62 72 87 27 44 55 58 68 74 63 65 13 26 42 33 61
76 37 76 27 44 55 67 72 87 13 28 37
14 72 14 30 44 55 67 72
4 33 4 26 42 33
76 29 76 51 67 72 87 27 44 55 58 68 9 20 39 16 35 63 65 37 49 25 38 13 29
8 13 8 62 25 38 65 37 76 51 67 72 87 13
4 88 4 7 62 6 88
7 48 7 14 16 29 48
8 7 8 7
62 70 62 25 63 65 37 49 58 68 9 20 55 67 72 87 70
85 60 85 41 76 51 67 72 87 13 68 69 60
57 79 57 72 87 27 79
14 81 14 30 44 55 67 72 87 70 81
25 61 25 33 61
15 55 15 30 44 55
49 52 49 76 7 43 52
74 88 74 63 65 13 29 48 75 88
22 34 22 20 55 58 67 72 87 13 74 63 65 37 49 7 14 30 34
27 50 27 44 55 67 72 87 13 68 74 63 65 6 16 35 25 40 41 50
15 81 15 30 34 48 75 80 81
46 63 46 23 37 51 67 72 87 13 20 56 74 63
51 66 51 67 72 87 13 20 40 43 44 55 58 68 74 63 65 37 76 23 66
62 88 62 25 35 72 88
62 88 62 27 79 88
57 83 57 72 87 70 81 83
62 58 62 27 44 55 58
57 80 57 72 87 27 44 55 58 68 74 63 65 6 16 29 48 75 80
2 79 2 13 28 37 76 51 67 72 87 27 79
1 44 1 7 43 87 13 68 9 62 27 44
19 86 19 41 49 69 76 7 14 57 72 87 13 68 9 62 6 16 29 48 52 64 86
19 6 19 41 76 23 37 51 67 72 87 27 44 55 58 68 69 26 28 9 62 6
40 70 40 41 57 72 87 70
1 26 1 37 76 7 57 63 65 13 68 69 26
40 43 40 43
19 27 19 62 27
74 52 74 72 87 13 68 69 76 7 14 34 48 52
8 55 8 51 67 72 87 27 44 55
56 77 56 20 55 58 77
8 70 8 9 20 56 72 87 70
65 6 65 6
1 41 1 39 58 68 69 25 85 41
23 80 23 37 72 87 13 26 42 51 80
9 86 9 20 39 76 7 57 63 65 6 86
38 81 38 58 67 72 87 70 81
1 75 1 13 20 39 34 48 75
31 86 31 26 28 37 59 64 86
40 20 40 33 51 67 72 87 27 44 55 58 68 9 20
42 57 42 33 49 76 57
4 82 4 70 82
1 33 1 51 67 72 87 27 44 55 58 68 74 63 65 37 76 23 49 25 40 33
69 64 69 25 38 13 26 28 37 76 51 59 64
18 51 18 76 51
2 7 2 7
8 25 8 9 20 39 43 87 27 44 55 58 68 13 26 28 7 62 25
46 58 46 25 85 41 76 57 63 65 13 68 74 72 87 27 44 55 58
65 13 65 37 72 87 13
11 6 11 13 20 39 51 67 72 87 27 44 55 58 68 9 62 6
74 44 74 63 65 37 76 23 49 69 26 42 9 62 27 44
22 67 22 20 55 67
85 81 85 70 81
76 34 76 23 37 72 87 27 44 55 58 68 69 25 35 39 34
40 75 40 43 87 13 29 48 75
38 83 38 58 68 9 20 56 74 70 81 83
19 33 19 27 44 55 58 67 72 87 13 26 42 33
35 60 35 25 40 60
20 75 20 40 33 51 67 72 87 13 74 63 65 37 48 75
38 58 38 58
21 57 21 26 28 7 57
40 23 40 68 9 20 39 76 7 57 72 87 13 26 28 23
31 72 31 43 87 13 74 63 65 37 76 57 72
2 50 2 23 49 69 26 28 41 50
13 48 13 26 42 33 49 69 76 51 67 72 87 27 44 55 58 68 74 63 65 37 48
22 86 22 20 39 16 35 63 65 6 86
42 79 42 62 37 51 67 72 87 27 79
46 20 46 25 40 43 44 55 58 67 72 87 13 20
21 25 21 42 33 49 69 25
22 83 22 13 74 70 81 83
22 58 22 13 68 69 26 42 33 51 67 72 87 27 44 55 58
31 23 31 26 28 23
42 75 42 62 6 16 29 48 75
3 83 3 58 68 74 70 81 83
19 29 19 43 44 55 58 67 72 87 13 20 40 41 63 65 6 16 29
58 67 58 68 69 76 23 49 72 87 27 44 55 67
16 67 16 35 39 58 67
51 83 51 80 81 83
56 13 56 74 72 87 13
74 66 74 63 65 37 49 58 68 51 67 72 87 13 26 28 23 66
49 59 49 69 25 38 37 59
69 75 69 76 27 44 55 67 72 87 13 68 74 63 65 6 16 29 48 75
38 26 38 65 6 37 49 7 14 16 87 13 68 69 26
87 66 87 13 28 23 66
11 48 11 7 14 25 62 27 44 55 58 68 51 67 72 87 13 26 28 37 48
8 58 8 28 23 49 25 63 65 37 72 87 27 44 55 58
41 32 41 76 23 32
9 67 9 62 25 38 13 20 40 43 87 27 44 55 67
8 43 8 41 76 23 37 72 87 13 26 42 20 55 58 68 74 63 65 6 16 35 39 43
74 83 74 72 87 13 68 51 80 81 83
85 33 85 41 57 63 65 6 37 51 67 72 87 27 44 55 58 68 13 28 25 33
35 16 35 63 65 37 51 67 72 87 27 44 55 58 68 69 25 62 6 16
68 9 68 9
1 60 1 37 51 67 72 87 13 28 7 57 63 65 6 16 35 39 58 68 69 25 85 41 50 60
11 43 11 43
65 33 65 6 37 76 51 67 72 87 27 44 55 58 68 69 25 33
76 78 76 7 14 42 9 62 72 87 13 26 28 68 78
74 43 74 63 65 6 31 43
16 55 16 87 27 44 55
68 83 68 9 20 55 67 72 87 27 44 79 83
2 61 2 26 42 33 61
57 52 57 72 87 13 68 74 63 65 6 37 52
28 16 28 23 37 49 76 7 14 42 33 51 67 72 87 13 74 63 65 6 16
39 9 39 58 68 9
28 64 28 41 63 65 37 52 64
76 59 76 27 44 55 67 72 87 13 20 40 33 62 25 63 65 6 31 68 51 59
35 37 35 63 65 13 26 28 37
31 23 31 26 28 23
41 79 41 76 51 67 72 87 13 68 74 63 65 6 37 49 25 40 33 62 27 79
87 25 87 27 44 55 58 68 69 26 28 23 49 25
69 27 69 25 35 63 65 13 26 42 62 27
68 6 68 9 62 72 87 13 28 41 57 63 65 37 76 7 14 6
8 78 8 7 14 57 78
68 79 68 74 63 65 37 49 69 25 38 13 20 55 67 72 87 27 79
43 75 43 44 55 58 67 72 87 13 28 25 85 6 31 56 74 63 65 37 48 75
28 6 28 37 51 67 72 87 13 74 63 65 6
76 50 76 51 67 72 87 13 74 63 65 6 37 49 25 40 43 44 55 58 68 69 26 28 41 50
26 75 26 42 51 67 72 87 27 44 55 58 68 13 74 63 65 6 16 29 48 75
1 80 1 7 57 63 65 37 72 87 27 44 55 58 68 69 26 42 62 6 31 43 52 80
28 63 28 41 57 63
18 80 18 76 7 14 57 72 87 27 44 55 58 68 9 62 6 37 49 69 25 33 51 80
3 71 3 37 76 7 43 52 64 71
31 61 31 72 87 13 74 63 65 6 16 35 25 33 61
42 60 42 51 67 72 87 13 60
35 32 35 39 51 67 72 87 27 44 55 58 68 13 20 40 33 49 76 23 32
27 71 27 44 55 58 67 72 87 13 20 39 34 59 64 71
65 26 65 37 72 87 13 26
18 59 18 59
14 60 14 16 87 27 44 55 58 68 13 60
11 51 11 68 51
56 72 56 20 40 33 49 58 67 72
62 57 62 37 51 67 72 87 27 44 55 58 68 13 20 56 74 63 65 6 16 35 25 85 41 57
30 48 30 48
76 77 76 23 37 72 87 13 26 28 35 25 85 41 63 65 77
42 13 42 51 67 72 87 13
2 52 2 23 49 25 38 13 29 48 52
65 7 65 37 49 7
1 83 1 7 14 30 48 52 80 81 83
18 32 18 76 23 32
62 67 62 37 76 23 49 7 43 44 55 58 67
19 20 19 38 58 67 72 87 13 28 68 9 20
35 77 35 25 33 51 67 72 87 77
42 50 42 9 20 56 74 63 65 37 51 67 72 87 13 26 28 25 85 41 50
15 30 15 30
62 34 62 72 87 13 26 28 9 20 55 58 68 74 63 65 6 16 35 39 34
1 33 1 2 13 26 42 33
31 9 31 43 44 55 67 72 87 13 28 68 9
49 83 49 7 43 52 80 81 83
65 41 65 37 76 27 44 55 58 67 72 87 13 26 28 41
1 71 1 2 25 40 41 49 7 64 71
18 55 18 41 76 7 57 63 65 6 31 68 74 72 87 27 44 55
40 81 40 68 9 62 25 85 70 81
40 63 40 33 51 67 72 87 13 68 69 26 42 9 20 56 74 63
41 71 41 49 58 68 74 63 65 13 29 48 52 71
35 20 35 39 43 44 55 67 72 87 13 26 28 9 20
28 84 28 23 49 72 87 13 74 63 65 37 76 27 79 84
8 32 8 7 14 16 35 25 40 41 76 27 44 55 58 68 51 67 72 87 13 74 63 65 6 37 49 69 26 28 23 32
28 20 28 37 51 67 72 87 13 68 9 20
19 79 19 25 33 51 67 72 87 27 79
28 67 28 37 49 76 7 43 44 55 58 67
76 77 76 23 37 77
25 86 25 63 65 37 76 27 44 55 58 67 72 87 13 68 51 86
14 33 14 28 37 76 27 44 55 58 68 9 62 72 87 13 20 56 74 63 65 6 16 35 25 33
41 79 41 76 7 62 6 31 43 44 79
4 57 4 7 57
39 66 39 51 67 72 87 13 68 69 26 28 23 66
35 30 35 25 63 65 6 37 51 67 72 87 27 44 55 58 68 69 76 23 49 7 14 30
6 86 6 31 43 87 13 29 48 52 64 86
31 55 31 56 20 40 43 87 27 44 55
1 63 1 7 14 57 72 87 13 74 63
42 83 42 20 55 67 72 87 70 81 83
21 9 21 7 62 72 87 27 44 55 58 68 9
33 44 33 51 67 72 87 27 44
76 7 76 7
2 20 2 26 42 20
62 79 62 6 37 49 58 67 72 87 27 44 79
62 32 62 6 31 26 28 23 32
58 71 58 67 72 87 13 28 68 74 63 65 64 71
6 44 6 37 51 67 72 87 13 20 55 58 68 9 62 27 44
40 89 40 41 57 72 87 13 20 56 89
1 66 1 37 76 57 63 65 6 31 56 74 72 87 13 26 28 23 66
31 32 31 26 42 51 67 72 87 27 44 55 58 68 69 25 38 37 76 23 32
74 61 74 63 65 6 37 76 57 72 87 13 28 41 49 69 26 42 33 61
28 20 28 41 49 76 27 44 55 67 72 87 13 20
49 75 49 76 7 62 37 72 87 13 74 63 65 6 16 35 39 34 48 75
16 55 16 87 27 44 55
11 16 11 68 74 63 65 6 16
30 50 30 44 55 58 68 9 20 40 41 50
87 20 87 13 20
37 79 37 76 27 79
43 61 43 87 13 26 28 23 37 49 69 25 40 33 61
87 83 87 70 81 83
69 34 69 26 42 33 51 67 72 87 27 44 55 58 68 9 62 37 49 76 7 14 57 63 65 13 28 35 39 34
31 80 31 72 87 13 28 25 62 6 37 49 76 51 80
46 57 46 23 37 49 76 27 44 55 67 72 87 13 28 7 14 57
62 7 62 37 76 7
14 81 14 34 48 52 80 81
35 71 35 59 64 71
31 84 31 72 87 27 79 84
21 59 21 7 62 27 44 55 58 67 72 87 13 26 42 9 20 40 41 63 65 6 37 51 59
28 67 28 41 57 72 87 13 74 63 65 37 49 58 68 9 62 6 31 26 42 51 67
40 71 40 68 69 64 71
56 43 56 74 63 65 13 28 37 51 67 72 87 27 44 55 58 68 9 62 25 85 6 16 35 39 43
8 30 8 7 14 30
56 16 56 72 87 13 74 63 65 6 16
46 37 46 23 37
31 6 31 68 51 67 72 87 13 20 56 74 63 65 6
25 55 25 38 13 28 9 20 55
20 86 20 40 33 49 76 57 63 65 6 16 86
65 27 65 37 76 27
35 80 35 39 34 48 52 80
22 58 22 13 28 87 27 44 55 58
63 44 63 65 37 72 87 27 44
74 29 74 63 65 37 72 87 13 29
3 43 3 30 44 55 58 67 72 87 13 74 63 65 6 31 26 42 9 20 40 43
21 58 21 7 43 44 55 58
2 44 2 23 49 76 27 44
13 67 13 26 28 35 63 65 37 76 57 72 87 27 44 55 58 67
1 23 1 49 76 23
26 71 26 28 35 63 65 13 68 9 71
65 41 65 6 31 56 20 40 41
26 29 26 28 23 37 72 87 13 68 9 20 39 16 29
35 44 35 72 87 13 28 9 20 39 65 37 76 7 62 6 31 43 44
27 73 27 44 55 67 72 87 13 26 73
46 25 46 25
74 29 74 63 65 6 16 87 27 44 55 58 68 13 29
68 50 68 9 20 40 41 50
38 72 38 65 37 72
46 89 46 26 28 23 49 58 77 89
49 78 49 76 57 72 87 13 68 69 78
1 33 1 33
42 34 42 33 51 67 72 87 27 44 55 58 68 13 28 23 37 76 57 63 65 6 16 35 39 34
51 50 51 67 72 87 13 28 37 76 57 63 65 6 16 35 39 43 44 55 58 68 69 25 85 41 50
28 55 28 37 51 67 72 87 13 74 63 65 6 31 68 9 20 39 43 44 55
74 26 74 63 65 37 49 7 43 44 55 67 72 87 13 68 69 26
74 81 74 72 87 13 29 48 52 80 81
18 63 18 20 40 68 9 62 27 44 55 67 72 87 13 74 63
8 26 8 41 57 63 65 13 68 9 62 37 76 23 49 69 26
40 72 40 13 26 28 37 76 51 67 72
49 66 49 7 62 25 85 41 57 72 87 27 44 55 58 68 13 28 9 20 39 65 37 76 23 66
46 6 46 25 85 41 76 51 67 72 87 27 44 55 58 68 74 63 65 13 28 23 49 7 62 6
65 50 65 37 51 67 72 87 13 28 23 49 25 85 41 50
69 61 69 25 33 61
21 66 21 7 43 87 13 28 23 66
14 43 14 42 20 40 43
56 34 56 72 87 27 44 55 58 68 69 26 28 7 14 34
21 52 21 7 14 30 34 48 52
42 73 42 9 20 40 43 87 13 26 73
33 61 33 61
23 81 23 37 48 52 80 81
27 48 27 44 55 67 72 87 13 29 48
46 80 46 25 33 51 80
19 89 19 89
1 43 1 43
51 79 51 67 72 87 13 20 39 34 79
46 43 46 25 38 37 51 67 72 87 27 44 55 58 68 69 76 57 63 65 6 16 35 39 43
62 33 62 25 33
68 43 68 9 20 39 76 51 67 72 87 13 26 42 33 49 25 38 65 6 31 43
18 52 18 76 57 63 65 6 16 29 48 52
42 34 42 33 51 67 72 87 13 68 69 26 28 25 63 65 6 16 35 39 34
15 59 15 34 59
8 29 8 25 35 72 87 13 29
40 13 40 13
15 75 15 9 20 56 72 87 13 68 69 76 7 57 63 65 6 16 35 25 38 37 48 75
1 88 1 49 72 87 27 79 88
69 70 69 26 42 20 40 43 44 55 67 72 87 70
38 66 38 13 26 28 23 66
46 88 46 26 88
8 77 8 40 13 28 25 62 27 44 55 58 77
7 29 7 43 87 13 20 40 33 62 25 38 58 68 74 63 65 6 16 29
18 58 18 22 31 68 51 67 72 87 13 28 23 37 76 7 62 25 33 49 58
56 67 56 20 55 58 68 51 67
8 80 8 9 20 39 43 52 80
56 43 56 20 40 43
69 86 69 64 86
28 27 28 25 40 33 62 37 72 87 27
8 78 8 41 57 78
65 34 65 37 76 27 44 55 58 67 72 87 13 28 23 49 7 14 30 34
25 71 25 62 6 37 59 64 71
46 66 46 25 38 37 76 23 66
4 29 4 9 62 6 16 29
65 58 65 37 76 51 67 72 87 13 68 69 25 38 58
2 70 2 25 35 63 65 6 31 56 20 40 33 62 37 51 67 72 87 70
46 7 46 26 42 62 6 31 43 44 55 58 68 9 20 56 74 72 87 13 28 7
41 52 41 49 69 76 7 57 63 65 37 48 52
8 58 8 51 67 72 87 27 44 55 58
65 9 65 6 31 26 28 35 25 62 37 72 87 13 68 9
56 23 56 20 39 43 87 13 68 69 26 28 23
35 72 35 63 65 37 76 27 44 55 67 72
14 78 14 57 78
19 50 19 69 76 23 49 7 57 63 65 6 31 58 68 9 62 25 85 41 50
49 55 49 69 26 42 62 72 87 27 44 55
37 66 37 49 7 43 44 55 58 68 74 72 87 13 28 23 66
11 61 11 7 62 25 35 63 65 6 37 51 67 72 87 27 44 55 58 68 9 20 40 13 28 41 76 23 49 69 26 42 33 61
85 67 85 41 49 76 27 44 55 58 68 9 20 40 33 62 37 51 67
25 80 25 33 49 69 26 28 68 74 72 87 13 29 48 75 80
15 26 15 9 62 72 87 13 26
8 23 8 7 57 72 87 27 44 55 58 68 74 63 65 6 16 35 25 38 37 49 76 23
85 20 85 6 16 35 39 43 44 55 58 68 9 20
74 63 74 63
39 82 39 87 13 29 48 75 82
87 26 87 13 26
39 81 39 43 44 55 67 72 87 70 81
69 60 69 60
65 6 65 6
37 81 37 72 87 13 29 48 75 80 81
8 86 8 51 86
18 61 18 41 76 51 67 72 87 27 44 55 58 68 13 26 42 62 25 33 61
3 58 3 58
38 9 38 37 72 87 27 44 55 58 68 9
42 79 42 9 20 56 74 72 87 27 79
69 30 69 26 28 7 14 30
51 83 51 67 72 87 27 44 55 58 68 9 20 56 74 63 65 13 28 35 25 79 83
65 70 65 6 16 87 70
4 16 4 49 58 67 72 87 13 68 69 26 28 37 76 57 63 65 6 16
46 55 46 25 33 49 7 14 30 44 55
68 73 68 74 72 87 13 28 7 43 44 55 67 73
46 44 46 26 28 23 37 49 7 43 87 27 44
13 67 13 74 72 87 27 44 55 58 67
65 27 65 13 68 9 20 55 58 67 72 87 27
51 67 51 67
42 79 42 51 67 72 87 27 44 79
85 13 85 41 63 65 13
56 88 56 72 88
39 59 39 65 37 51 59
87 73 87 27 44 55 58 68 69 25 85 41 76 51 67 73
11 55 11 13 74 72 87 27 44 55
62 52 62 25 63 65 6 31 56 74 72 87 13 20 40 43 52
56 64 56 72 87 13 20 39 65 64
3 64 3 64
41 29 41 76 23 49 7 14 42 20 40 68 51 67 72 87 13 28 35 39 16 29
26 66 26 42 62 37 49 76 23 66
58 83 58 67 72 87 70 81 83
8 72 8 9 62 72
41 55 41 57 63 65 6 31 58 68 51 67 72 87 27 44 55
4 86 4 26 28 87 27 44 55 58 67 72 86
58 86 58 68 74 72 86
8 78 8 51 67 72 87 27 78
74 64 74 63 65 64
85 71 85 41 49 69 76 7 43 52 64 71
38 25 38 58 68 74 63 65 6 16 35 25
39 20 39 43 44 55 58 67 72 87 13 26 28 23 37 49 25 33 62 6 31 56 20
22 7 22 20 56 74 63 65 37 51 67 72 87 27 44 55 58 68 9 62 25 85 6 16 35 39 76 23 49 7
43 79 43 44 79
18 44 18 41 63 65 37 51 67 72 87 13 28 9 62 25 85 6 16 35 39 58 68 69 26 42 33 49 76 27 44
65 16 65 37 51 67 72 87 13 26 42 33 49 76 27 44 55 58 68 69 25 62 6 16
11 34 11 43 44 55 67 72 87 13 68 69 76 7 14 34
3 9 3 58 68 9
28 41 28 37 72 87 13 68 74 63 65 6 16 35 25 85 41
57 29 57 63 65 13 29
87 55 87 27 44 55
15 67 15 16 87 13 26 28 37 51 67
35 25 35 25
65 88 65 13 74 72 87 27 88
21 63 21 26 42 20 55 67 72 87 13 28 9 62 6 16 35 25 40 41 63
31 51 31 43 44 55 67 72 87 13 26 42 9 20 56 74 63 65 37 51
25 86 25 85 6 37 59 64 86
57 81 57 63 65 37 76 27 44 55 67 72 87 70 81
76 9 76 27 44 55 67 72 87 13 28 25 33 49 69 26 42 62 6 31 58 68 9
87 41 87 13 26 28 41
15 80 15 22 43 52 80
19 79 19 27 44 79
6 73 6 31 68 9 20 73
69 71 69 76 57 72 87 13 26 42 20 56 74 63 65 6 31 43 52 71
31 57 31 43 44 55 58 68 51 67 72 87 13 20 56 74 63 65 37 49 25 33 62 6 16 35 39 76 7 57
18 6 18 41 63 65 6
21 43 21 58 68 69 76 7 62 6 31 43
23 67 23 37 76 51 67
4 50 4 30 44 55 67 72 87 13 26 42 9 20 40 41 50
39 33 39 51 67 72 87 13 28 9 62 6 31 26 42 20 40 41 63 65 37 76 27 44 55 58 68 69 25 33
2 44 2 25 38 58 68 13 26 28 7 14 57 63 65 6 31 56 72 87 27 44
28 43 28 37 76 27 44 55 58 68 51 67 72 87 13 74 63 65 6 16 35 39 43
21 72 21 42 20 55 58 67 72
56 58 56 74 63 65 6 37 51 67 72 87 27 44 55 58
18 66 18 41 49 25 35 39 51 67 72 87 27 44 55 58 68 69 26 28 7 57 63 65 6 37 76 23 66
41 84 41 76 27 79 84
58 29 58 67 72 87 13 29
33 66 33 51 67 72 87 13 74 63 65 6 16 35 25 40 43 44 55 58 68 9 62 37 49 76 23 66
62 26 62 37 76 7 14 25 40 13 28 23 49 58 68 69 26
40 43 40 43
68 75 68 13 28 35 63 65 37 48 75
69 89 69 76 57 63 65 37 77 89
49 29 49 72 87 13 29
63 84 63 65 13 68 69 76 57 72 87 27 44 84
4 80 4 26 42 51 67 72 87 27 44 55 58 68 9 62 25 33 49 7 14 34 48 52 80
85 6 85 6
34 80 34 48 52 80
46 6 46 23 37 49 69 76 27 44 55 67 72 87 13 68 74 63 65 6
19 75 19 56 20 40 43 44 55 67 72 87 13 74 63 65 37 48 75
6 44 6 37 76 51 67 72 87 27 44
58 79 58 67 72 87 13 74 63 65 6 16 35 39 34 79
39 29 39 51 67 72 87 13 20 40 43 44 55 58 68 74 63 65 6 16 29
26 84 26 28 7 57 63 65 13 68 9 62 72 87 27 79 84
26 66 26 42 62 37 76 23 66
85 50 85 41 50
87 20 87 13 20
16 80 16 29 48 75 80
14 43 14 16 35 63 65 6 31 43
1 75 1 37 48 75
65 81 65 6 37 49 76 27 44 55 58 68 69 25 33 62 72 87 13 29 48 75 80 81
74 26 74 72 87 27 44 55 58 68 69 26
35 57 35 39 76 57
56 64 56 20 39 16 29 48 52 64
87 32 87 13 74 63 65 37 49 58 68 69 76 23 32
33 29 33 51 67 72 87 13 29
19 83 19 38 13 26 28 25 79 83
11 33 11 68 9 62 27 44 55 67 72 87 13 74 63 65 6 16 35 25 33
51 66 51 67 72 87 13 74 63 65 6 37 49 25 40 33 62 27 44 55 58 68 69 76 7 14 28 23 66
1 67 1 37 49 72 87 27 44 55 67
41 67 41 49 25 38 65 13 68 9 20 39 43 87 27 44 55 67
15 52 15 16 29 48 52
68 78 68 9 20 40 43 44 55 58 67 72 87 27 78
13 75 13 29 48 75
85 80 85 41 49 7 14 30 48 75 80
42 59 42 51 59
11 78 11 13 68 9 62 27 78
49 84 49 69 26 42 51 67 72 87 27 44 55 58 68 9 20 39 65 13 84
76 71 76 51 67 72 87 13 68 74 63 65 64 71
21 83 21 26 28 87 13 68 69 25 33 51 80 81 83
42 82 42 51 59 64 71 82
51 83 51 67 72 87 27 44 55 58 68 69 25 40 13 29 48 75 80 81 83
87 70 87 70
38 51 38 37 49 69 26 42 62 72 87 27 44 55 58 68 9 20 56 74 63 65 13 28 25 35 39 76 51
41 44 41 63 65 13 74 72 87 27 44
28 60 28 7 62 72 87 13 60
28 66 28 87 13 26 42 62 37 76 23 66
13 86 13 74 63 65 64 86
39 70 39 43 87 70
40 67 40 33 62 37 76 23 49 58 67
56 59 56 20 39 58 68 74 72 87 13 28 41 76 7 57 63 65 37 59
39 66 39 76 23 66
85 57 85 41 57
26 83 26 42 51 67 72 87 13 28 37 48 52 80 81 83
38 63 38 13 74 63
18 86 18 76 23 37 59 64 86
51 66 51 67 72 87 27 44 55 58 68 69 26 28 37 49 76 23 66
85 32 85 6 37 49 69 76 23 32
19 55 19 69 76 27 44 55
76 20 76 51 67 72 87 13 26 28 41 49 7 43 44 55 58 68 9 20
72 73 72 87 27 44 55 58 68 74 63 65 37 51 67 73
14 61 14 30 44 55 58 68 51 67 72 87 13 26 42 33 61
2 23 2 13 26 42 9 20 56 74 63 65 37 76 23
11 26 11 7 14 28 37 49 69 26
19 34 19 62 25 35 39 34
72 71 72 87 13 74 63 65 37 59 64 71
43 79 43 44 79
19 50 19 41 50
69 88 69 26 42 62 72 87 27 44 79 88
23 75 23 37 48 75
26 44 26 28 7 57 72 87 27 44
21 71 21 9 62 6 37 51 67 72 87 27 44 55 58 68 69 25 35 59 64 71
38 30 38 58 68 69 25 62 37 76 23 49 7 14 30
46 27 46 58 67 72 87 13 68 74 63 65 6 16 35 25 62 27
62 73 62 72 87 27 44 55 67 73
65 52 65 37 76 23 49 7 43 87 27 44 55 58 68 13 29 48 52
23 83 23 49 76 57 63 65 37 48 75 80 81 83
2 33 2 7 14 57 63 65 13 26 42 20 40 41 49 25 33
18 89 18 76 23 66 77 89
51 84 51 67 72 87 13 26 28 25 63 65 6 31 58 68 69 76 7 62 27 79 84
1 81 1 39 51 80 81
42 83 42 33 51 67 72 87 27 44 55 58 68 13 83
65 55 65 6 31 68 69 76 7 62 72 87 27 44 55
87 78 87 27 78
11 67 11 13 74 63 65 37 76 57 72 87 27 44 55 67
3 71 3 9 20 56 72 87 13 28 25 38 37 52 71
1 48 1 7 43 44 55 67 72 87 13 29 48
49 67 49 25 40 13 26 42 51 67
2 26 2 56 20 40 43 87 13 26
62 32 62 6 37 76 23 32
19 86 19 69 64 86
69 86 69 64 86
35 51 35 63 65 6 37 51
63 44 63 65 6 37 76 51 67 72 87 13 26 42 33 62 27 44
3 23 3 30 44 55 67 72 87 13 26 28 23
31 80 31 72 87 13 68 74 63 65 6 16 35 39 76 23 49 25 62 37 48 52 80
43 55 43 44 55
85 48 85 41 49 76 23 37 48
3 79 3 20 39 34 79
56 77 56 74 72 87 77
87 64 87 13 68 51 59 64
65 34 65 37 51 67 72 87 13 20 40 43 44 55 58 68 69 25 62 6 16 35 39 34
72 48 72 87 27 44 55 58 68 13 29 48
62 78 62 25 85 41 57 78
21 26 21 26
39 60 39 76 51 67 72 87 27 44 55 58 68 9 62 6 16 35 63 65 37 49 69 60
31 86 31 72 86
87 72 87 27 44 55 58 67 72
40 84 40 33 62 72 87 13 84
74 78 74 72 87 27 78
8 37 8 51 67 72 87 13 26 28 7 14 16 35 39 76 57 63 65 37
20 44 20 56 72 87 27 44
68 57 68 69 26 42 62 6 37 76 57
3 82 3 58 67 72 87 13 26 28 64 71 82
19 26 19 62 25 40 68 74 63 65 13 26
63 61 63 65 13 20 40 33 61
43 83 43 44 79 83
19 71 19 62 37 76 51 59 64 71
15 81 15 16 29 48 75 80 81
3 23 3 23
38 72 38 37 51 67 72
15 70 15 9 20 39 51 67 72 87 70
11 29 11 7 57 72 87 13 29
15 89 15 16 87 77 89
14 30 14 30
8 88 8 28 35 63 65 6 16 87 27 44 55 67 72 88
21 27 21 58 68 9 62 6 31 43 44 55 67 72 87 27
85 80 85 41 76 23 49 72 87 13 28 68 69 25 63 65 37 48 52 80
31 27 31 68 9 20 56 72 87 27
49 59 49 76 57 72 87 13 74 63 65 37 51 59
87 23 87 13 20 39 76 23
15 79 15 9 20 40 43 44 55 58 68 13 26 42 51 67 72 87 27 79
22 79 22 34 79
39 30 39 58 68 69 26 42 62 25 85 41 57 72 87 13 28 7 14 30
76 64 76 51 59 64
23 80 23 37 49 58 67 72 87 13 29 48 52 80
76 64 76 23 49 58 67 72 87 13 68 69 64
42 25 42 51 67 72 87 27 44 55 58 68 13 20 39 65 6 16 35 25
85 86 85 6 16 87 27 44 55 67 72 86
49 27 49 58 68 69 25 38 65 13 26 28 23 37 76 51 67 72 87 27
46 72 46 25 62 27 44 55 58 67 72
38 83 38 37 49 72 87 70 81 83
1 20 1 37 76 23 49 72 87 13 20
40 29 40 68 9 20 55 67 72 87 13 29
25 84 25 79 84
68 78 68 13 28 9 20 39 51 67 72 87 27 78
21 73 21 9 62 37 49 25 63 65 6 16 35 39 87 27 44 55 58 67 73
25 32 25 33 51 67 72 87 27 44 55 58 68 74 63 65 37 76 23 32
1 60 1 60
38 78 38 65 37 49 69 25 35 72 87 27 78
28 27 28 41 76 51 67 72 87 27
3 81 3 27 44 55 58 68 51 80 81
63 55 63 65 37 72 87 27 44 55
16 81 16 87 70 81
19 23 19 56 74 63 65 13 20 40 68 69 76 23
74 86 74 72 86
18 25 18 76 27 44 55 58 68 69 25
85 26 85 41 49 72 87 13 26
40 37 40 41 76 57 63 65 6 31 68 9 62 37
70 81 70 81
87 66 87 13 28 37 76 23 66
56 26 56 20 39 58 67 72 87 13 26
31 6 31 58 67 72 87 13 68 9 20 40 33 62 37 49 25 85 6
46 80 46 26 42 20 39 65 6 37 52 80
21 48 21 42 33 51 67 72 87 27 44 55 58 68 74 63 65 6 37 48
4 59 4 26 42 20 56 72 87 13 28 7 57 63 65 37 49 25 35 59
76 27 76 23 37 49 69 26 42 51 67 72 87 27
87 77 87 77
34 84 34 79 84
62 88 62 25 35 63 65 37 48 75 88
42 55 42 20 39 65 6 31 43 44 55
14 26 14 42 62 25 33 51 67 72 87 27 44 55 58 68 13 26
11 77 11 7 57 72 87 27 44 55 58 77
46 80 46 25 40 68 74 63 65 6 37 76 27 44 55 58 67 72 87 13 28 9 20 39 16 29 48 52 80
68 52 68 51 67 72 87 13 29 48 52
58 75 58 68 13 29 48 75
59 71 59 64 71
62 32 62 6 16 35 39 51 67 72 87 13 28 25 38 58 68 74 63 65 37 49 76 23 32
51 32 51 67 72 87 27 44 55 58 68 13 26 42 62 25 33 49 76 23 32
31 75 31 26 28 7 57 72 87 13 20 56 74 63 65 37 48 75
3 32 3 38 13 26 42 51 67 72 87 27 44 55 58 68 74 63 65 37 76 23 32
42 29 42 51 67 72 87 13 26 28 37 76 57 63 65 6 16 29
14 32 14 42 51 67 72 87 27 44 55 58 68 13 74 63 65 37 76 23 32
65 60 65 6 16 35 60
65 23 65 6 31 58 67 72 87 13 28 23
14 70 14 6 31 72 87 70
15 75 15 34 48 75
11 71 11 64 71
4 41 4 23 49 25 62 27 44 55 58 68 51 67 72 87 13 28 41
56 23 56 74 72 87 13 26 28 41 63 65 37 76 23
65 86 65 64 86
9 44 9 20 40 41 49 72 87 13 28 25 33 62 27 44
14 77 14 6 77
69 77 69 25 62 6 31 43 44 55 58 68 13 20 39 65 77
9 83 9 20 56 72 87 27 79 83
76 9 76 51 67 72 87 13 26 42 33 49 7 62 27 44 55 58 68 9
15 57 15 9 20 40 41 63 65 37 51 67 72 87 27 44 55 58 68 69 76 7 57
19 64 19 38 59 64
69 41 69 76 23 49 7 62 6 31 56 20 40 41
2 25 2 26 42 62 37 51 67 72 87 13 68 69 25
63 55 63 65 13 20 55
40 77 40 13 29 48 52 77
1 73 1 39 51 67 73
35 25 35 25
14 55 14 25 63 65 6 37 51 67 72 87 13 28 23 49 7 62 27 44 55
2 37 2 33 51 67 72 87 27 44 55 58 68 13 20 56 74 63 65 37
58 73 58 68 9 20 40 33 51 67 73
21 66 21 26 28 23 66
23 83 23 49 76 57 63 65 13 29 48 75 80 81 83
39 20 39 87 13 20
74 81 74 63 65 13 20 40 68 51 80 81
68 7 68 69 76 57 63 65 13 28 41 49 7
42 77 42 9 20 55 67 72 87 77
46 88 46 23 49 7 62 37 76 57 63 65 13 29 48 75 88
49 60 49 25 38 37 72 87 13 74 63 65 6 31 56 20 39 16 35 60
35 23 35 63 65 37 49 7 14 57 72 87 27 44 55 58 68 69 76 23
16 32 16 87 13 26 28 23 32
62 13 62 6 16 87 13
14 89 14 16 29 48 52 77 89
27 52 27 44 55 58 67 72 87 13 68 69 25 63 65 6 16 29 48 52
85 41 85 41
15 6 15 16 87 13 20 56 74 63 65 6
42 13 42 33 51 67 72 87 13
15 67 15 22 20 56 72 87 27 44 55 58 67
35 63 35 63
19 88 19 25 33 49 76 27 79 88
76 66 76 27 44 55 67 72 87 13 26 28 23 66
19 9 19 43 44 55 58 68 9
43 67 43 87 27 44 55 67
51 48 51 67 72 87 27 44 55 58 68 9 62 6 37 48
26 61 26 42 51 67 72 87 13 28 37 76 23 49 7 62 25 33 61
3 6 3 20 39 16 35 25 40 33 49 58 68 69 26 28 7 43 87 13 74 63 65 6
21 72 21 9 20 39 76 7 43 44 55 67 72
56 26 56 72 87 13 26
19 26 19 41 76 23 49 58 68 9 20 55 67 72 87 13 26
42 79 42 51 67 72 87 27 79
15 78 15 41 76 23 49 58 67 72 87 27 78
15 9 15 30 44 55 58 68 51 67 72 87 13 28 9
38 78 38 13 20 40 41 57 78
1 34 1 39 34
62 23 62 6 16 35 25 33 51 67 72 87 13 28 23
31 64 31 68 9 20 55 67 72 87 13 28 37 48 52 64
49 20 49 25 62 27 44 55 67 72 87 13 20
40 34 40 33 51 67 72 87 13 20 56 74 63 65 37 76 23 49 25 35 39 34
1 59 1 2 26 28 35 72 87 13 68 51 59
76 27 76 7 62 72 87 27
16 52 16 35 63 65 6 37 52
18 20 18 6 31 26 28 37 51 67 72 87 27 44 55 58 68 74 63 65 13 20
1 55 1 26 42 51 67 72 87 13 68 74 63 65 6 16 35 39 43 44 55
18 80 18 41 63 65 37 52 80
39 6 39 43 44 55 67 72 87 13 28 25 33 49 76 7 14 6
37 48 37 76 7 14 42 9 62 25 38 13 29 48
19 23 19 43 87 13 68 69 76 23
4 80 4 49 25 35 63 65 37 48 75 80
68 16 68 9 20 56 72 87 13 26 28 23 49 25 62 6 16
3 33 3 20 39 16 35 25 33
15 29 15 22 31 56 72 87 13 29
39 75 39 51 67 72 87 13 29 48 75
21 48 21 7 62 37 49 25 35 39 34 48
6 86 6 16 87 13 28 35 25 63 65 64 86
11 59 11 59
62 27 62 27
21 26 21 26
15 82 15 9 20 40 41 76 27 44 55 67 82
26 83 26 42 9 20 55 58 67 72 87 70 81 83
19 59 19 25 85 41 49 72 87 27 44 55 58 68 69 76 23 37 59
40 26 40 41 63 65 6 37 49 72 87 13 26
9 71 9 71
42 88 42 33 51 67 72 87 13 20 55 58 68 69 26 88
8 6 8 9 20 56 72 87 27 44 55 58 68 69 26 42 62 6
6 71 6 31 64 71
28 78 28 37 51 67 72 87 13 74 63 65 6 16 35 25 40 43 44 55 58 68 9 62 27 78
7 83 7 43 87 70 81 83
59 86 59 64 86
2 34 2 23 49 25 38 37 76 7 57 72 87 13 20 40 41 63 65 6 16 35 39 34
2 43 2 26 28 23 37 49 72 87 13 20 56 74 63 65 6 16 35 39 43
6 44 6 16 35 72 87 27 44
49 52 49 25 33 62 6 16 29 48 52
43 84 43 87 27 79 84
37 55 37 76 23 49 25 62 27 44 55
51 83 51 80 81 83
46 71 46 58 68 51 59 64 71
68 9 68 9
57 29 57 63 65 37 76 27 44 55 58 67 72 87 13 29
2 57 2 25 38 13 68 74 63 65 37 76 57
14 23 14 25 40 68 9 20 39 43 44 55 58 67 72 87 13 74 63 65 37 49 76 23
76 82 76 23 49 72 87 82
56 57 56 72 87 13 68 9 62 25 40 41 57
35 60 35 25 85 6 37 72 87 13 60
87 60 87 13 68 69 60
43 75 43 44 55 58 68 74 72 87 13 28 25 62 37 48 75
8 50 8 40 41 50
3 67 3 58 68 74 72 87 27 44 55 67
22 73 22 25 33 62 6 16 87 27 44 55 67 73
38 50 38 58 68 69 76 23 49 25 85 41 50
42 27 42 51 67 72 87 13 20 56 74 63 65 37 49 25 38 58 68 69 76 27
19 13 19 69 76 7 57 63 65 13
65 89 65 37 49 76 7 43 52 77 89
2 23 2 23
18 75 18 22 13 20 56 74 63 65 6 31 26 42 51 67 72 87 27 44 55 58 68 69 25 33 62 37 48 75
87 78 87 27 78
57 80 57 63 65 13 29 48 52 80
15 29 15 22 43 87 13 29
87 73 87 27 44 55 67 73
39 58 39 58
15 70 15 9 62 37 76 7 57 72 87 70
15 61 15 22 20 40 33 61
74 77 74 63 65 13 20 56 72 87 77
2 89 2 7 14 57 72 87 27 44 84 89
19 23 19 27 44 55 58 68 51 67 72 87 13 28 7 14 25 38 65 37 76 23
15 88 15 22 20 40 68 69 25 38 13 74 63 65 6 88
2 72 2 7 57 72
46 20 46 58 68 74 72 87 13 20
76 84 76 57 63 65 37 49 25 79 84
11 71 11 7 57 63 65 37 59 64 71
40 59 40 41 76 23 37 59
69 41 69 25 85 41
56 86 56 72 86
42 84 42 33 62 27 44 55 67 72 87 13 84
65 50 65 6 16 35 39 76 7 43 44 55 58 67 72 87 13 28 23 49 69 26 42 20 40 41 50
74 51 74 63 65 37 51
34 86 34 59 64 86
7 73 7 57 72 87 27 44 55 58 67 73
46 86 46 58 67 72 86
1 83 1 43 87 13 26 42 51 80 81 83
85 82 85 82
85 48 85 41 49 25 40 13 68 9 20 39 34 48
16 80 16 35 63 65 37 52 80
42 60 42 62 72 87 13 60
16 29 16 35 39 51 67 72 87 13 29
19 80 19 56 72 87 13 29 48 75 80
49 20 49 58 68 9 20
69 71 69 26 42 9 20 55 58 68 51 67 72 87 13 74 63 65 64 71
7 32 7 62 37 76 23 32
65 41 65 13 28 41
16 73 16 35 25 40 43 44 55 67 73
22 52 22 20 55 58 67 72 87 13 74 63 65 37 48 52
69 32 69 76 57 72 87 13 28 23 32
1 88 1 33 51 67 72 87 13 68 74 63 65 37 76 23 49 25 62 88
38 27 38 37 51 67 72 87 13 20 56 74 63 65 6 16 35 39 43 44 55 58 68 69 26 42 9 62 25 85 41 76 27
30 83 30 34 79 83
28 52 28 25 85 41 76 51 67 72 87 27 44 55 58 68 9 20 56 74 63 65 37 48 52
49 43 49 7 43
85 32 85 6 16 87 13 20 56 74 63 65 37 49 76 23 32
2 88 2 9 20 55 67 72 88
33 80 33 62 37 48 52 80
33 29 33 51 67 72 87 27 44 55 58 68 9 20 39 16 29
2 60 2 26 42 51 67 72 87 27 44 55 58 68 9 20 40 13 60
56 70 56 70
76 86 76 57 63 65 13 26 28 37 49 58 67 72 86
69 81 69 76 51 67 72 87 70 81
4 72 4 74 72
28 44 28 41 49 25 40 13 26 42 33 62 72 87 27 44
65 67 65 13 68 51 67
35 67 35 39 51 67
11 83 11 43 87 13 83
11 51 11 43 44 55 58 67 72 87 13 74 63 65 37 49 76 51
68 60 68 74 63 65 6 16 87 13 60
76 16 76 7 62 6 16
11 59 11 7 14 34 59
38 77 38 37 48 52 77
18 84 18 22 20 55 84
3 80 3 30 48 52 80
85 44 85 41 63 65 13 68 69 76 23 37 49 58 67 72 87 27 44
76 77 76 57 63 65 13 28 77
58 80 58 67 72 87 13 74 63 65 37 48 52 80
14 26 14 6 31 26
85 61 85 41 49 69 76 27 44 55 67 72 87 13 68 9 20 40 33 61
34 71 34 59 64 71
49 43 49 7 62 6 31 68 13 20 40 43
20 79 20 39 65 6 31 43 44 55 58 68 74 72 87 27 79
74 61 74 72 87 27 44 55 58 68 9 62 6 37 76 7 14 57 63 65 13 28 41 49 69 26 42 33 61
33 83 33 49 69 76 57 63 65 13 20 40 41 70 81 83
38 61 38 58 68 51 67 72 87 13 26 42 33 61
3 32 3 38 37 51 67 72 87 13 20 40 68 74 63 65 6 16 35 39 76 23 32
3 51 3 27 44 55 67 72 87 13 20 39 76 51
68 61 68 9 20 55 67 72 87 13 26 42 33 61
1 82 1 33 49 64 82
39 66 39 65 37 76 23 66
49 50 49 7 14 16 87 13 26 28 41 50
22 82 22 31 56 20 39 43 44 55 67 72 87 13 28 37 76 57 63 65 64 71 82
69 83 69 76 23 49 70 81 83
31 80 31 26 42 62 6 37 49 25 35 72 87 13 29 48 75 80
2 80 2 23 37 48 75 80
7 29 7 57 63 65 13 29
39 66 39 76 23 66
20 75 20 39 65 37 51 67 72 87 27 44 55 58 68 69 26 42 9 62 25 38 13 28 7 14 16 29 48 75
43 71 43 52 71
39 58 39 43 44 55 58
49 34 49 7 14 30 34
27 81 27 44 55 67 72 87 13 29 48 52 80 81
8 75 8 28 9 20 56 72 87 27 44 55 58 68 13 29 48 75
13 73 13 28 68 9 20 55 67 73
28 44 28 41 76 27 44
46 13 46 26 42 9 20 56 74 63 65 37 51 67 72 87 13
39 82 39 76 57 63 65 13 68 51 67 72 87 82
1 71 1 43 44 55 67 72 87 13 28 64 71
6 75 6 16 29 48 75
57 44 57 63 65 37 72 87 27 44
34 71 34 59 64 71
42 77 42 33 49 69 26 28 25 38 37 76 27 44 55 67 72 87 77
76 73 76 51 67 73
38 23 38 58 67 72 87 13 28 9 62 25 63 65 6 16 35 39 76 23
56 48 56 72 87 13 29 48
9 71 9 71
18 20 18 20
23 55 23 49 58 68 51 67 72 87 13 28 41 63 65 37 76 27 44 55
28 43 28 23 49 76 51 67 72 87 13 20 56 74 63 65 6 31 43
85 86 85 6 37 76 27 44 55 58 68 9 20 56 74 72 87 13 29 48 52 64 86
69 63 69 76 27 44 55 58 67 72 87 13 68 9 62 25 35 63
4 59 4 9 62 25 35 63 65 6 31 68 13 26 42 59
49 50 49 72 87 13 26 42 20 56 74 63 65 37 76 7 14 28 41 50
35 58 35 63 65 13 28 9 62 37 76 51 67 72 87 27 44 55 58
65 50 65 6 31 26 28 41 50
46 58 46 23 37 51 67 72 87 13 26 42 20 55 58
19 75 19 25 35 63 65 6 16 29 48 75
62 73 62 25 63 65 37 49 69 76 7 43 87 27 44 55 58 67 73
35 7 35 25 85 6 31 58 68 69 76 51 67 72 87 13 28 41 49 7
74 59 74 72 87 13 28 23 37 51 59
85 30 85 41 57 72 87 13 28 9 62 25 63 65 37 49 7 14 30
39 33 39 43 44 55 58 68 13 20 56 74 63 65 37 49 25 85 6 31 26 42 33
15 32 15 26 42 62 37 76 23 32
40 77 40 33 49 25 63 65 77
57 86 57 63 65 6 86
1 50 1 33 51 67 72 87 13 74 63 65 6 16 35 39 76 27 44 55 58 68 69 25 85 41 50
35 43 35 39 43
25 71 25 63 65 6 37 51 59 64 71
31 7 31 72 87 27 44 55 58 68 13 20 40 41 76 7
9 73 9 62 6 16 35 72 87 27 44 55 58 68 51 67 73
30 79 30 44 55 67 72 87 27 79
70 83 70 81 83
72 50 72 87 13 74 63 65 37 76 7 62 27 44 55 58 68 9 20 40 41 50
39 59 39 76 23 37 51 67 72 87 27 44 55 58 68 74 63 65 13 20 40 33 62 6 31 59
49 44 49 76 57 63 65 13 20 39 58 67 72 87 27 44
13 55 13 74 72 87 27 44 55
4 58 4 26 28 7 57 72 87 27 44 55 58
23 29 23 49 69 26 28 9 62 6 31 58 67 72 87 13 29
74 77 74 72 87 27 44 55 58 68 9 62 37 52 77
57 80 57 63 65 37 76 27 44 55 67 72 87 13 28 9 62 25 40 33 49 58 68 51 80
19 66 19 41 76 51 67 72 87 13 26 28 23 66
56 84 56 20 40 41 63 65 37 51 67 72 87 27 79 84
4 52 4 74 72 87 13 28 7 14 6 16 29 48 52
3 59 3 38 59
51 48 51 67 72 87 27 44 55 58 68 13 28 41 57 63 65 37 76 23 49 25 35 39 34 48
25 29 25 38 58 68 74 63 65 13 29
40 52 40 68 74 63 65 6 37 49 69 76 51 67 72 87 13 29 48 52
58 80 58 67 72 87 13 68 9 20 40 33 49 76 57 63 65 6 31 43 52 80
42 89 42 89
8 77 8 77
76 71 76 23 37 51 59 64 71
74 23 74 63 65 6 31 43 87 27 44 55 58 68 69 25 40 41 76 23
18 25 18 6 37 51 67 72 87 27 44 55 58 68 9 62 25
11 75 11 43 44 55 58 68 51 67 72 87 13 29 48 75
1 16 1 33 51 67 72 87 27 44 55 58 68 69 25 85 6 16
9 66 9 62 37 76 23 66
19 75 19 69 25 40 68 51 67 72 87 13 74 63 65 37 48 75
62 41 62 27 44 55 67 72 87 13 74 63 65 6 16 35 25 85 41
76 77 76 23 37 48 52 77
18 61 18 76 51 67 72 87 27 44 55 58 68 69 25 33 61
38 81 38 58 68 74 70 81
9 73 9 62 72 87 13 28 37 51 67 73
56 55 56 72 87 13 68 69 76 27 44 55
42 58 42 51 67 72 87 27 44 55 58
38 78 38 37 51 67 72 87 27 78
62 59 62 37 76 57 63 65 13 20 39 16 35 25 38 59
21 71 21 13 26 28 37 59 64 71
35 72 35 39 65 6 37 72
25 79 25 40 13 68 74 63 65 6 37 51 67 72 87 27 44 79
49 6 49 69 26 28 37 51 67 72 87 13 74 63 65 6
65 20 65 37 76 51 67 72 87 13 20
42 50 42 9 62 27 44 55 58 68 51 67 72 87 13 74 63 65 37 76 7 14 25 40 33 49 69 26 28 41 50
37 73 37 49 25 35 39 76 7 14 28 68 51 67 73
39 41 39 65 6 37 49 58 68 13 20 40 41
85 63 85 6 31 58 67 72 87 13 28 35 25 63
87 41 87 13 28 41
68 43 68 74 72 87 13 26 42 20 40 43
4 51 4 74 63 65 37 49 76 57 72 87 13 28 7 14 25 33 51
15 66 15 41 76 23 66
4 72 4 9 62 37 49 76 57 72
76 75 76 57 63 65 13 29 48 75
40 79 40 68 13 28 87 27 79
15 79 15 34 79
27 67 27 44 55 67
19 25 19 69 25
39 41 39 43 87 13 20 40 33 62 25 85 41
62 63 62 6 31 56 74 72 87 13 20 39 16 35 63
85 59 85 6 16 35 63 65 37 49 76 7 14 34 59
68 41 68 51 67 72 87 13 28 41
4 75 4 30 34 48 75
1 72 1 2 9 20 39 51 67 72
28 83 28 25 35 39 43 52 80 81 83
18 60 18 60
2 58 2 23 49 72 87 27 44 55 58
2 75 2 25 35 39 65 6 37 72 87 27 44 55 58 68 69 76 23 49 7 14 34 48 75
21 83 21 7 43 87 70 81 83
15 67 15 9 62 27 44 55 67
63 80 63 65 6 16 29 48 75 80
4 33 4 23 49 25 40 33
76 60 76 27 44 55 67 72 87 13 60
46 55 46 23 49 7 14 25 62 27 44 55
4 77 4 23 66 77
72 84 72 87 13 74 63 65 6 16 35 25 79 84
14 73 14 30 44 55 67 73
19 84 19 56 74 63 65 37 72 87 13 84
15 72 15 30 44 55 67 72
18 82 18 6 37 48 75 82
85 81 85 41 49 25 62 37 72 87 70 81
76 27 76 7 62 6 16 87 27
46 57 46 23 49 7 57
85 30 85 41 63 65 37 76 51 67 72 87 13 20 39 16 35 25 40 33 62 27 44 55 58 68 69 26 28 23 49 7 14 30
42 72 42 62 25 40 13 68 74 72
56 29 56 20 40 41 76 51 67 72 87 13 74 63 65 6 16 29
7 75 7 14 25 38 37 51 67 72 87 27 44 55 58 68 69 76 57 63 65 6 16 29 48 75
85 55 85 41 49 58 67 72 87 27 44 55
20 71 20 56 64 71
34 52 34 48 52
19 25 19 25
49 72 49 25 33 51 67 72
2 80 2 9 20 39 43 44 55 58 68 69 26 42 62 72 87 13 29 48 75 80
27 67 27 44 55 58 67
11 27 11 43 87 27
23 52 23 49 69 26 42 20 55 58 68 51 67 72 87 13 29 48 52
23 84 23 49 25 40 68 51 67 72 87 27 44 55 84
14 50 14 16 35 25 33 49 69 26 28 41 50
57 66 57 63 65 37 51 67 72 87 27 44 55 58 68 9 20 39 76 23 66
72 67 72 87 27 44 55 58 68 51 67
49 60 49 25 62 37 51 67 72 87 13 28 7 14 16 35 60
87 26 87 13 26
51 84 51 67 72 87 13 68 74 63 65 6 16 35 39 76 27 44 84
68 13 68 74 63 65 6 31 43 87 13
74 60 74 72 87 13 60
4 75 4 7 43 44 55 67 72 87 13 20 39 34 48 75
49 26 49 76 27 44 55 67 72 87 13 28 68 69 26
4 66 4 23 66
56 52 56 20 39 76 51 67 72 87 27 44 55 58 68 13 74 63 65 37 48 52
40 27 40 68 74 72 87 27
30 73 30 44 55 58 67 73
72 83 72 87 27 44 79 83
85 26 85 6 31 56 74 63 65 13 26
43 80 43 44 55 58 68 13 29 48 52 80
46 67 46 26 42 33 62 25 35 72 87 27 44 55 67
4 7 4 26 28 35 72 87 27 44 55 58 68 69 76 23 49 7
3 48 3 23 37 76 27 44 55 58 67 72 87 13 68 9 62 25 63 65 6 16 29 48
69 48 69 26 28 41 76 57 63 65 13 29 48
62 67 62 6 16 35 63 65 13 20 40 33 49 72 87 27 44 55 67
19 82 19 41 76 27 44 55 67 82
33 67 33 49 25 85 41 76 7 57 72 87 27 44 55 58 67
4 64 4 7 62 25 63 65 6 37 49 69 64
23 48 23 37 51 67 72 87 27 44 55 58 68 9 62 6 16 29 48
19 32 19 38 65 6 31 58 68 69 25 40 43 44 55 67 72 87 13 28 23 32
3 70 3 23 37 76 51 67 72 87 70
18 80 18 20 56 72 87 13 74 63 65 37 52 80
39 78 39 43 44 55 58 68 69 76 27 78
40 72 40 68 69 25 38 37 51 67 72
14 41 14 25 62 37 72 87 27 44 55 58 68 13 20 40 41
37 32 37 72 87 13 28 9 20 40 68 69 76 23 32
58 83 58 68 13 29 48 75 80 81 83
31 79 31 26 42 9 20 55 67 72 87 27 79
76 66 76 23 66
38 13 38 65 37 49 69 26 42 20 55 58 67 72 87 13
15 88 15 22 31 26 42 20 40 43 44 55 58 67 72 88
58 71 58 68 9 71
76 52 76 51 67 72 87 27 44 55 58 68 13 74 63 65 6 16 29 48 52
15 66 15 16 35 63 65 37 49 7 43 44 55 58 67 72 87 13 28 23 66
8 72 8 25 85 41 63 65 6 16 87 13 20 56 74 72
18 34 18 22 26 42 62 37 49 7 14 34
69 73 69 26 28 25 62 72 87 13 74 63 65 6 16 35 39 76 23 37 51 67 73
62 55 62 6 16 35 39 87 27 44 55
62 16 62 6 16
42 80 42 20 56 72 87 13 74 63 65 37 49 76 51 80
43 29 43 87 13 29
30 55 30 44 55
41 52 41 57 72 87 27 44 55 58 68 9 20 39 34 48 52
87 55 87 27 44 55
33 75 33 49 69 76 27 44 55 67 72 87 13 29 48 75
39 50 39 65 6 37 51 67 72 87 13 28 41 50
35 55 35 39 58 68 13 20 55
35 34 35 39 34
8 29 8 28 25 62 37 49 58 68 9 20 56 72 87 13 29
2 23 2 25 35 72 87 13 26 28 41 57 63 65 6 31 43 44 55 58 68 69 76 23
39 64 39 34 59 64
28 50 28 35 25 40 41 50
76 41 76 7 57 63 65 13 26 42 33 49 69 25 38 37 51 67 72 87 27 44 55 58 68 9 20 40 41
49 55 49 76 51 67 72 87 27 44 55
37 86 37 48 52 64 86
74 59 74 63 65 6 16 87 13 68 9 20 40 33 62 37 59
31 82 31 56 20 39 58 68 9 62 37 48 75 82
49 16 49 58 68 51 67 72 87 13 74 63 65 6 31 26 42 62 25 85 41 76 7 14 16
7 75 7 14 30 34 48 75
38 66 38 58 67 72 87 13 74 63 65 6 16 35 25 40 33 49 76 23 66
11 26 11 13 26
39 29 39 76 23 37 51 67 72 87 27 44 55 58 68 9 62 25 38 13 29
39 57 39 76 57
14 86 14 30 44 55 67 72 86
20 84 20 39 58 68 51 67 72 87 27 79 84
4 59 4 7 43 44 55 67 72 87 13 74 63 65 37 59
20 44 20 40 33 62 27 44
65 23 65 6 37 49 25 40 33 51 67 72 87 27 44 55 58 68 13 26 28 23
21 81 21 7 43 52 80 81
69 78 69 26 28 7 57 78
69 84 69 25 33 49 72 87 27 44 79 84
22 43 22 13 26 28 25 85 41 76 7 43
42 57 42 62 72 87 13 26 28 7 57
19 82 19 82
49 61 49 76 23 37 51 67 72 87 13 68 9 62 25 40 33 61
26 83 26 42 51 67 72 87 13 68 69 76 7 43 44 79 83
8 6 8 28 37 72 87 13 68 74 63 65 6
16 55 16 87 13 28 35 39 58 68 69 76 27 44 55
74 64 74 63 65 13 26 42 33 51 59 64
38 60 38 65 37 51 67 72 87 27 44 55 58 68 69 60
31 64 31 26 42 9 62 6 37 52 64
28 33 28 25 63 65 37 76 51 67 72 87 13 20 40 33
19 71 19 25 33 62 37 76 7 64 71
85 27 85 6 31 26 42 9 62 25 35 72 87 27
68 6 68 69 25 38 65 6
56 33 56 72 87 13 26 42 33
74 80 74 72 87 13 29 48 75 80
56 80 56 74 72 87 27 44 55 58 68 13 28 9 20 39 51 80
2 81 2 7 62 6 16 35 63 65 37 52 80 81
85 20 85 6 37 49 69 25 35 63 65 13 20
1 72 1 49 72
35 26 35 63 65 13 26
65 84 65 13 26 42 51 67 72 87 27 44 79 84
6 75 6 37 48 75
25 86 25 35 72 86
11 82 11 70 82
46 9 46 23 49 7 57 72 87 13 28 68 9
72 52 72 87 13 68 9 62 6 37 52
56 82 56 72 87 82
39 34 39 34
46 89 46 58 77 89
58 80 58 67 72 87 13 28 23 37 76 51 80
39 89 39 34 79 84 89
62 83 62 25 33 49 76 7 43 52 80 81 83
2 41 2 25 85 6 37 76 51 67 72 87 27 44 55 58 68 13 28 41
23 81 23 37 49 7 14 16 29 48 75 80 81
18 71 18 6 16 87 13 68 74 63 65 37 51 59 64 71
15 6 15 26 42 51 67 72 87 13 28 7 57 63 65 6
74 88 74 72 87 27 79 88
4 81 4 9 20 40 33 62 37 48 52 80 81
35 48 35 39 34 48
40 23 40 68 13 28 23
26 50 26 42 33 49 76 57 63 65 6 37 51 67 72 87 13 68 69 25 85 41 50
28 71 28 41 49 76 57 63 65 6 31 26 42 33 62 25 38 59 64 71
76 72 76 27 44 55 58 68 51 67 72
25 44 25 38 65 37 72 87 27 44
4 30 4 7 14 30
87 88 87 27 88
2 48 2 13 74 63 65 6 16 29 48
26 50 26 28 37 76 51 67 72 87 13 74 63 65 6 31 56 20 40 41 50
37 67 37 49 25 62 6 31 68 74 63 65 13 28 87 27 44 55 58 67
9 81 9 62 25 85 70 81
42 9 42 9
9 66 9 20 40 13 28 23 66
19 41 19 69 76 57 63 65 6 16 35 25 85 41
18 71 18 59 64 71
27 86 27 44 55 67 72 86
28 7 28 41 49 7
56 60 56 72 87 13 60
13 71 13 29 48 52 71
23 86 23 49 7 64 86
8 30 8 51 67 72 87 13 74 63 65 6 16 35 25 85 41 76 7 14 30
22 83 22 34 79 83
6 75 6 16 35 39 58 67 72 87 13 29 48 75
21 43 21 7 57 72 87 13 68 74 63 65 6 37 76 23 49 69 26 42 20 40 43
23 50 23 37 49 25 62 72 87 13 26 42 20 40 41 50
76 43 76 57 63 65 37 51 67 72 87 27 44 55 58 68 13 20 40 33 49 7 62 6 31 43
65 27 65 13 26 28 87 27
56 9 56 74 63 65 37 76 51 67 72 87 27 44 55 58 68 9
2 81 2 9 20 40 33 51 67 72 87 13 26 42 62 27 44 55 58 68 69 76 23 37 49 7 57 63 65 6 31 56 70 81
31 89 31 58 67 72 87 13 28 89
68 59 68 51 59
18 71 18 20 39 65 37 59 64 71
74 78 74 72 87 27 78
74 9 74 63 65 13 68 9
39 9 39 65 37 49 76 51 67 72 87 13 28 9
68 44 68 69 76 23 49 58 67 72 87 27 44
14 83 14 6 31 58 68 69 25 79 83
25 73 25 35 39 58 68 9 20 40 13 26 73
85 58 85 6 31 58
39 29 39 16 29
56 44 56 72 87 27 44
15 16 15 16
28 34 28 25 85 6 31 26 42 51 67 72 87 13 20 39 43 44 55 58 68 69 76 7 14 30 34
58 29 58 67 72 87 13 29
85 71 85 6 37 48 52 71
27 71 27 44 55 67 72 87 13 26 28 25 63 65 64 71
56 25 56 72 87 13 74 63 65 37 76 7 43 44 55 58 68 69 25
38 37 38 37
35 67 35 63 65 37 51 67
40 61 40 33 61
4 77 4 74 63 65 37 77
37 86 37 59 64 86
3 89 3 20 55 84 89
39 27 39 58 68 51 67 72 87 27
18 41 18 41
20 79 20 56 72 87 27 44 79
8 32 8 51 67 72 87 13 74 63 65 37 49 76 23 32
49 84 49 69 25 35 39 65 37 76 7 43 44 55 67 72 87 27 79 84
49 23 49 76 23
42 80 42 51 80
6 50 6 37 51 67 72 87 27 44 55 58 68 9 62 25 85 41 50
76 79 76 27 44 79
46 78 46 78
1 37 1 37
7 44 7 62 37 49 58 67 72 87 27 44
35 41 35 63 65 13 26 42 62 25 40 41
14 29 14 57 63 65 6 16 29
69 55 69 25 40 68 9 62 72 87 27 44 55
21 63 21 9 62 37 76 23 49 25 40 41 63
15 82 15 41 70 82
15 26 15 22 26
15 27 15 30 44 55 58 67 72 87 13 74 63 65 6 16 35 25 33 49 76 7 62 27
65 67 65 37 72 87 27 44 55 58 68 51 67
3 59 3 27 44 55 67 72 87 13 74 63 65 6 37 51 59
76 77 76 51 67 72 87 27 44 55 58 68 9 62 37 52 77
15 37 15 16 35 63 65 37
49 66 49 25 85 41 57 63 65 6 37 72 87 27 44 55 58 68 13 26 28 23 66
28 55 28 25 63 65 13 20 55
20 29 20 39 65 13 29
2 48 2 13 28 37 51 67 72 87 27 44 55 58 68 69 26 42 20 40 33 49 7 14 16 35 39 34 48
76 55 76 7 14 25 63 65 13 28 68 74 72 87 27 44 55
1 34 1 33 62 27 44 55 58 67 72 87 13 74 63 65 37 49 25 35 39 34
28 37 28 37
38 88 38 37 72 88
15 67 15 9 62 72 87 27 44 55 58 67
74 7 74 63 65 37 51 67 72 87 13 28 35 39 76 23 49 7
49 51 49 72 87 13 26 28 9 20 39 51
2 64 2 7 64
28 57 28 7 57
49 41 49 58 68 69 25 63 65 6 37 76 57 72 87 13 28 41
40 58 40 13 20 55 58
21 48 21 42 62 25 85 41 76 23 37 51 67 72 87 27 44 55 58 68 13 29 48
37 81 37 51 80 81
63 86 63 65 13 20 55 58 68 69 64 86
39 44 39 65 37 72 87 27 44
42 70 42 62 25 85 70
74 80 74 72 87 27 44 55 58 68 9 62 6 31 43 52 80
38 13 38 13
68 84 68 69 76 27 79 84
39 61 39 16 35 25 33 61
46 88 46 23 49 76 51 67 72 87 27 44 79 88
2 34 2 9 20 56 74 72 87 13 68 69 26 28 37 76 57 63 65 6 16 35 25 40 41 49 7 14 30 34
23 66 23 66
62 6 62 25 33 51 67 72 87 13 28 23 37 76 27 44 55 58 68 9 20 39 65 6
46 84 46 58 68 51 67 72 87 27 44 84
69 82 69 64 71 82
19 81 19 41 76 27 44 55 58 67 72 87 13 68 51 80 81
8 52 8 41 63 65 6 16 29 48 52
49 16 49 76 23 37 72 87 13 20 56 74 63 65 6 16
15 89 15 30 34 48 52 77 89
58 55 58 68 69 76 57 63 65 6 16 35 39 43 87 27 44 55
46 41 46 26 42 9 20 39 51 67 72 87 13 28 41
42 16 42 51 67 72 87 27 44 55 58 68 69 26 28 9 20 40 13 74 63 65 6 16
18 58 18 76 23 49 58
56 34 56 20 39 34
51 67 51 67
63 50 63 65 6 37 49 76 51 67 72 87 13 20 40 43 44 55 58 68 9 62 25 85 41 50
4 86 4 23 37 72 86
39 80 39 65 37 48 52 80
19 88 19 38 13 74 72 88
43 50 43 44 55 67 72 87 13 20 40 41 50
69 83 69 25 62 37 48 52 80 81 83
62 86 62 37 59 64 86
74 37 74 72 87 13 20 40 33 62 37
68 79 68 9 62 72 87 27 44 79
39 26 39 87 13 26
27 73 27 44 55 58 68 74 72 87 13 20 39 51 67 73
8 58 8 28 87 27 44 55 58
1 52 1 33 62 37 48 52
4 80 4 49 25 33 62 37 76 57 63 65 6 16 35 39 87 13 68 51 80
22 6 22 31 56 20 40 13 28 25 62 6
39 66 39 87 13 20 40 41 49 25 35 63 65 37 76 23 66
49 75 49 25 33 51 67 72 87 27 44 55 58 68 9 62 6 16 29 48 75
4 7 4 7
85 71 85 6 16 29 48 52 64 71
56 63 56 74 72 87 13 28 9 62 25 40 33 49 7 57 63
40 83 40 13 74 72 87 27 79 83
22 63 22 25 85 41 76 27 44 55 58 68 74 63
68 55 68 9 20 56 72 87 27 44 55
38 55 38 13 74 72 87 27 44 55
65 70 65 37 51 67 72 87 70
46 86 46 58 67 72 86
4 34 4 30 34
85 13 85 6 31 26 28 25 33 51 67 72 87 13
76 25 76 51 67 72 87 13 26 42 62 6 16 35 63 65 37 49 7 14 30 44 55 58 68 69 25
39 37 39 76 57 72 87 13 68 74 63 65 37
35 55 35 39 76 23 37 49 25 62 27 44 55
62 13 62 6 31 68 13
21 32 21 9 62 27 44 55 58 68 13 28 23 32
9 48 9 20 55 58 68 74 72 87 13 29 48
28 67 28 37 72 87 13 20 56 74 63 65 6 16 35 25 62 27 44 55 67
13 81 13 26 42 33 62 37 49 70 81
26 44 26 42 62 37 76 27 44
63 83 63 65 37 49 70 81 83
62 79 62 27 44 79
4 57 4 49 69 26 42 51 67 72 87 13 28 37 76 7 14 57
35 9 35 39 76 7 62 25 33 51 67 72 87 13 68 9
51 86 51 59 64 86
25 55 25 63 65 6 31 56 72 87 13 28 9 20 55
69 37 69 76 23 37
31 16 31 56 20 55 67 72 87 13 74 63 65 6 16
25 50 25 85 41 50
3 7 3 37 76 7
30 73 30 44 55 58 68 13 20 73
31 32 31 68 74 63 65 37 76 23 32
69 73 69 25 62 27 44 55 67 73
85 52 85 6 31 58 68 9 20 56 74 63 65 13 28 7 14 30 48 52
85 37 85 6 16 87 13 20 39 76 23 37
42 66 42 20 55 58 68 9 62 72 87 13 28 23 66
8 79 8 9 62 25 40 68 13 26 28 37 49 72 87 27 44 79
42 13 42 51 67 72 87 27 44 55 58 68 74 63 65 13
35 83 35 63 65 6 16 29 48 75 80 81 83
11 25 11 7 62 27 44 55 67 72 87 13 28 35 25
35 88 35 39 87 13 29 48 75 88
19 70 19 69 26 28 23 49 70
2 71 2 26 42 33 62 27 44 55 58 67 72 87 13 20 39 43 52 71
22 59 22 13 26 42 33 62 6 37 72 87 27 44 55 58 68 9 20 39 34 59
22 34 22 34
22 71 22 34 59 64 71
22 23 22 20 39 76 7 57 63 65 13 26 28 23
46 51 46 25 62 6 37 51
11 88 11 43 44 79 88
56 33 56 74 72 87 13 68 69 76 57 63 65 6 16 35 25 33
65 51 65 6 31 56 74 72 87 13 68 51
46 29 46 26 42 62 37 51 67 72 87 13 28 41 63 65 6 16 29
49 79 49 72 87 27 79
85 80 85 6 37 52 80
6 50 6 37 49 69 25 33 62 72 87 13 68 9 20 40 41 50
15 88 15 30 34 79 88
22 32 22 26 42 20 39 51 67 72 87 13 28 7 62 37 76 23 32
31 75 31 68 51 67 72 87 13 29 48 75
35 82 35 72 87 13 28 82
58 32 58 68 51 67 72 87 13 74 63 65 37 49 76 23 32
25 81 25 85 70 81
15 77 15 16 29 48 52 77
22 88 22 43 87 27 79 88
35 50 35 72 87 27 44 55 58 68 74 63 65 13 28 25 85 41 50
74 34 74 63 65 37 51 67 72 87 13 68 69 25 85 6 31 56 20 39 34
74 13 74 72 87 13
6 29 6 16 29
56 80 56 72 87 27 44 55 58 68 51 80
11 81 11 43 44 55 67 72 87 70 81
57 50 57 63 65 6 16 35 25 85 41 50
18 81 18 33 51 80 81
21 55 21 9 20 56 74 72 87 27 44 55
63 44 63 65 13 68 69 25 38 58 67 72 87 27 44
19 52 19 56 74 63 65 13 29 48 52
76 34 76 27 44 55 67 72 87 13 28 25 63 65 37 49 7 14 34
26 52 26 28 23 37 52
40 66 40 33 49 72 87 13 26 28 23 66
22 59 22 34 59
38 77 38 37 77
14 41 14 6 31 58 67 72 87 13 20 40 41
49 44 49 25 38 37 72 87 13 20 39 43 44
18 30 18 76 51 67 72 87 27 44 55 58 68 69 25 38 65 37 49 7 14 30
56 77 56 72 87 13 29 48 52 77
51 32 51 67 72 87 13 26 42 62 25 40 41 57 63 65 37 49 58 68 69 76 23 32
56 57 56 72 87 13 74 63 65 6 37 49 7 57
76 84 76 27 79 84
85 29 85 41 57 72 87 13 29
2 88 2 56 88
22 73 22 31 72 87 27 44 55 67 73
58 86 58 68 51 67 72 86
8 64 8 62 37 52 64
62 83 62 27 44 55 67 72 87 13 83
39 55 39 58 67 72 87 27 44 55
76 75 76 27 44 55 67 72 87 13 74 63 65 37 48 75
85 71 85 41 76 51 59 64 71
1 41 1 51 67 72 87 13 20 55 58 68 69 26 42 33 49 25 85 41
76 9 76 23 49 58 67 72 87 13 28 9
58 79 58 67 72 87 27 79
25 29 25 38 65 13 29
31 86 31 68 69 76 57 72 86
40 80 40 43 52 80
58 52 58 68 51 67 72 87 13 26 28 35 39 16 29 48 52
15 67 15 22 31 26 28 23 49 25 40 43 87 27 44 55 67
8 44 8 25 35 72 87 27 44
69 86 69 26 28 37 52 64 86
23 55 23 49 25 38 65 13 74 72 87 27 44 55
1 7 1 7
28 66 28 23 66
57 66 57 72 87 27 44 55 58 68 9 20 40 33 49 76 23 66
8 60 8 51 67 72 87 27 44 55 58 68 74 63 65 13 20 39 16 35 60
3 75 3 20 56 72 87 13 29 48 75
21 72 21 26 28 41 63 65 37 76 51 67 72
22 43 22 43
3 78 3 9 20 56 74 63 65 13 26 28 7 43 44 55 67 72 87 27 78
49 79 49 69 25 79
40 70 40 41 76 7 62 25 35 63 65 13 68 69 26 42 9 20 56 74 72 87 70
28 44 28 37 49 69 76 27 44
46 33 46 58 67 72 87 13 26 28 35 63 65 6 31 68 69 25 33
4 66 4 23 66
46 83 46 26 28 87 70 81 83
49 59 49 72 87 13 74 63 65 6 37 51 59
62 27 62 72 87 27
43 32 43 87 13 26 42 20 40 33 49 76 23 32
7 67 7 62 27 44 55 67
25 44 25 62 37 49 72 87 27 44
38 51 38 13 68 51
1 81 1 33 51 80 81
15 59 15 30 34 59
4 63 4 23 37 49 76 51 67 72 87 27 44 55 58 68 13 74 63
39 64 39 34 59 64
43 75 43 44 55 58 68 51 67 72 87 13 74 63 65 37 48 75
15 81 15 34 48 75 80 81
85 83 85 70 81 83
14 77 14 16 87 13 74 63 65 77
3 61 3 9 20 40 33 61
15 78 15 30 44 55 58 68 74 63 65 37 72 87 27 78
1 66 1 51 67 72 87 27 44 55 58 68 69 76 23 66
8 30 8 7 14 30
8 60 8 7 14 30 44 55 67 72 87 13 28 35 60
1 25 1 33 49 7 14 57 63 65 37 51 67 72 87 13 28 25
13 81 13 20 40 43 52 80 81
87 81 87 70 81
87 16 87 13 68 69 25 85 6 16
65 57 65 37 49 7 57
20 73 20 40 13 26 73
46 37 46 23 37
8 78 8 62 27 78
49 55 49 7 43 44 55
19 61 19 25 40 33 61
4 37 4 49 69 25 63 65 37
2 79 2 56 74 72 87 27 79
37 66 37 49 58 67 72 87 13 68 69 26 28 23 66
28 34 28 37 76 27 44 55 58 67 72 87 13 20 56 74 63 65 6 16 35 39 34
8 63 8 9 62 27 44 55 58 67 72 87 13 74 63
85 7 85 41 63 65 6 37 76 23 49 7
62 41 62 37 51 67 72 87 13 74 63 65 6 31 43 44 55 58 68 9 20 40 41
25 71 25 35 63 65 64 71
40 72 40 33 62 25 63 65 6 31 72
74 63 74 63
28 13 28 37 51 67 72 87 27 44 55 58 68 74 63 65 13
9 73 9 62 72 87 27 44 55 58 68 13 20 40 41 49 7 57 63 65 37 76 51 67 73
22 48 22 20 39 65 37 76 23 49 58 67 72 87 13 29 48
35 59 35 63 65 6 37 59
21 79 21 9 62 25 40 41 76 23 37 72 87 13 28 68 69 26 42 33 49 7 43 44 79
62 66 62 25 63 65 13 28 23 66
42 61 42 33 61
69 58 69 25 40 13 28 7 62 27 44 55 58
14 32 14 42 51 67 72 87 27 44 55 58 68 69 25 33 49 7 62 6 31 56 74 63 65 37 76 23 32
25 32 25 40 41 57 63 65 37 51 67 72 87 27 44 55 58 68 69 26 28 23 32
18 51 18 20 39 51
11 7 11 68 69 76 7
2 81 2 56 20 39 58 68 13 26 42 33 49 7 43 52 80 81
76 64 76 51 59 64
69 37 69 76 57 72 87 13 26 28 23 37
35 16 35 39 65 6 16
2 44 2 9 20 55 67 72 87 13 28 7 62 27 44
8 59 8 40 68 13 28 35 59
72 73 72 87 13 28 41 63 65 37 49 7 14 30 44 55 58 67 73
4 51 4 26 28 9 62 25 33 49 72 87 13 74 63 65 37 51
19 83 19 27 79 83
87 78 87 27 78
2 7 2 13 68 74 63 65 37 76 7
49 80 49 7 43 52 80
39 30 39 51 67 72 87 27 44 55 58 68 9 62 37 76 7 14 30
31 75 31 68 13 29 48 75
6 44 6 16 35 72 87 27 44
62 84 62 6 31 26 42 51 67 72 87 13 84
4 71 4 74 63 65 64 71
49 59 49 76 51 67 72 87 27 44 55 58 68 74 63 65 13 26 42 20 39 34 59
1 73 1 33 51 67 73
11 34 11 7 14 34
18 20 18 6 16 35 39 51 67 72 87 27 44 55 58 68 69 26 42 62 25 85 41 76 23 37 49 7 57 63 65 13 20
23 66 23 66
8 26 8 9 62 37 76 51 67 72 87 13 20 39 58 68 74 63 65 6 31 26
65 89 65 6 16 87 27 44 55 84 89
74 77 74 63 65 77
22 67 22 25 40 41 49 69 76 51 67
85 86 85 41 63 65 64 86
4 80 4 23 37 48 75 80
65 60 65 13 60
87 48 87 27 44 55 58 68 69 25 38 37 48
19 55 19 43 87 27 44 55
11 48 11 13 29 48
51 83 51 67 72 87 70 81 83
46 79 46 26 42 62 25 63 65 37 72 87 27 79
26 32 26 28 41 76 23 32
18 60 18 63 65 13 60
21 81 21 13 28 68 69 26 42 9 20 39 34 48 75 80 81
39 55 39 16 87 27 44 55
62 86 62 6 31 68 9 20 55 67 72 87 13 26 28 41 57 63 65 37 48 52 64 86
65 51 65 37 51
74 34 74 63 65 13 28 7 14 34
87 6 87 13 26 28 68 74 63 65 6
31 33 31 68 74 63 65 37 49 76 51 67 72 87 13 26 42 33
1 32 1 2 23 32
39 64 39 76 23 37 52 64
2 82 2 25 35 63 65 13 68 74 82
6 44 6 37 49 58 67 72 87 27 44
11 79 11 68 74 63 65 13 26 42 9 20 56 72 87 27 79
65 52 65 37 52
85 32 85 41 49 58 68 69 76 23 32
76 59 76 57 63 65 37 59
1 71 1 2 23 49 7 57 63 65 37 52 64 71
69 78 69 25 63 65 13 28 37 72 87 27 78
15 75 15 34 48 75
42 55 42 62 25 35 63 65 37 72 87 13 26 28 9 20 40 41 49 7 43 44 55
11 80 11 43 52 80
1 78 1 49 25 62 37 72 87 27 78
39 58 39 58
15 58 15 26 42 20 56 74 72 87 27 44 55 58
14 64 14 42 62 72 87 13 68 69 25 38 37 48 52 64
74 44 74 63 65 13 28 37 72 87 27 44
39 16 39 16
25 32 25 62 72 87 13 68 69 26 42 20 56 74 63 65 37 49 76 23 32
65 57 65 37 76 57
40 82 40 43 44 55 58 67 82
42 33 42 9 62 25 33
28 81 28 37 51 67 72 87 13 20 55 58 68 74 63 65 6 16 35 25 40 41 70 81
19 89 19 69 26 42 89
56 81 56 74 70 81
30 29 30 44 55 58 67 72 87 13 29
22 59 22 26 42 59
6 50 6 31 26 28 41 50
58 29 58 68 9 20 55 67 72 87 13 29
40 75 40 41 57 63 65 37 72 87 13 29 48 75
2 29 2 13 20 40 41 57 63 65 6 16 29
25 80 25 35 63 65 6 37 48 75 80
16 61 16 35 39 43 87 27 44 55 58 68 13 20 40 33 61
72 81 72 87 13 26 42 20 56 70 81
28 86 28 9 20 40 33 62 6 37 49 64 86
49 33 49 7 14 28 35 39 51 67 72 87 27 44 55 58 68 69 25 33
21 61 21 42 20 39 76 51 67 72 87 13 74 63 65 37 49 69 25 40 33 61
76 59 76 23 37 51 59
15 67 15 41 57 72 87 27 44 55 67
20 52 20 40 13 26 42 51 67 72 87 27 44 55 58 68 9 62 6 16 29 48 52
38 71 38 58 67 72 87 13 74 63 65 64 71
76 6 76 23 37 49 72 87 13 74 63 65 6
13 75 13 68 9 20 39 16 29 48 75
76 16 76 27 44 55 67 72 87 13 68 69 26 42 20 56 74 63 65 6 16
28 71 28 64 71
37 83 37 76 7 43 52 80 81 83
22 33 22 13 68 69 25 33
69 60 69 60
39 9 39 51 67 72 87 27 44 55 58 68 9
68 86 68 9 62 37 51 67 72 86
35 26 35 63 65 13 26
1 23 1 26 42 51 67 72 87 13 28 23
2 79 2 23 37 49 72 87 13 68 9 20 39 76 27 79
38 82 38 13 29 48 52 71 82
69 89 69 26 42 62 27 44 79 84 89
20 79 20 39 34 79
49 89 49 58 77 89
28 9 28 35 25 40 68 9
40 84 40 33 49 76 23 37 72 87 27 79 84
68 88 68 69 25 85 41 49 58 67 72 88
18 60 18 60
87 7 87 27 44 55 58 68 13 26 28 7
68 37 68 9 20 40 41 63 65 37
13 83 13 68 51 80 81 83
26 66 26 42 33 51 67 72 87 27 44 55 58 68 69 25 62 37 49 76 57 63 65 13 28 23 66
38 25 38 37 51 67 72 87 13 28 41 76 23 49 7 62 25
31 33 31 68 9 20 40 33
22 6 22 43 44 55 67 72 87 13 28 25 33 62 6
19 25 19 25
21 72 21 26 42 51 67 72
72 79 72 87 27 79
56 64 56 64
8 25 8 7 62 37 51 67 72 87 13 28 25
74 16 74 63 65 6 16
69 33 69 26 42 33
39 51 39 76 27 44 55 58 68 51
58 48 58 68 69 26 28 7 14 57 72 87 13 29 48
37 66 37 51 67 72 87 13 28 9 20 39 43 44 55 58 68 69 26 42 33 49 76 23 66
38 84 38 37 49 58 68 13 84
16 83 16 29 48 52 80 81 83
39 23 39 43 87 13 26 28 37 76 23
68 82 68 69 76 23 37 52 71 82
56 48 56 74 72 87 13 29 48
38 43 38 37 76 7 43
85 44 85 41 63 65 13 20 39 16 87 27 44
22 6 22 25 62 37 76 27 44 55 58 67 72 87 13 20 39 16 35 63 65 6
74 77 74 72 87 13 29 48 52 77
57 84 57 72 87 27 79 84
8 52 8 51 67 72 87 13 74 63 65 6 16 29 48 52
49 57 49 76 57
4 63 4 26 28 25 35 39 76 27 44 55 67 72 87 13 74 63
35 66 35 63 65 6 37 76 7 14 16 87 13 28 23 66
6 81 6 37 52 80 81
76 29 76 27 44 55 58 67 72 87 13 29
63 61 63 65 37 72 87 27 44 55 58 68 9 20 40 33 61
1 48 1 26 42 33 62 27 44 55 58 68 51 67 72 87 13 28 37 49 69 25 35 63 65 6 16 29 48
21 34 21 42 62 25 35 63 65 37 51 67 72 87 13 26 28 7 14 34
14 23 14 16 35 39 51 67 72 87 13 28 7 62 6 37 76 23
69 63 69 25 85 6 16 35 72 87 13 28 41 63
85 41 85 41
18 25 18 22 13 26 42 62 25
19 72 19 27 44 55 67 72
25 66 25 38 37 76 23 66
28 29 28 41 49 69 26 42 9 20 55 67 72 87 13 29
22 78 22 43 44 55 67 72 87 27 78
49 52 49 76 23 37 52
33 86 33 62 6 16 86
42 52 42 9 20 39 76 51 67 72 87 27 44 55 58 68 69 26 28 35 63 65 13 29 48 52
27 55 27 44 55
31 71 31 64 71
46 57 46 26 28 25 62 27 44 55 58 67 72 87 13 20 56 74 63 65 37 76 57
42 79 42 51 67 72 87 27 44 55 58 68 9 20 39 34 79
15 63 15 22 43 44 55 58 68 9 62 72 87 13 28 25 85 41 57 63
14 61 14 25 33 61
85 71 85 41 49 64 71
18 20 18 41 76 27 44 55 67 72 87 13 68 9 20
74 41 74 63 65 13 28 37 76 51 67 72 87 27 44 55 58 68 69 25 85 41
1 20 1 2 25 38 37 72 87 13 20
87 75 87 13 29 48 75
76 82 76 23 49 69 64 71 82
42 32 42 9 62 25 38 13 28 35 72 87 27 44 55 58 68 74 63 65 6 37 49 76 23 32
46 6 46 25 33 51 67 72 87 13 28 37 49 58 68 74 63 65 6
59 71 59 64 71
20 67 20 56 74 63 65 13 68 51 67
56 73 56 74 72 87 13 20 39 43 44 55 58 67 73
74 71 74 63 65 37 52 71
3 67 3 23 37 51 67
42 55 42 62 25 63 65 6 16 35 72 87 27 44 55
31 82 31 72 87 13 29 48 52 71 82
7 66 7 62 6 37 49 25 85 41 63 65 13 26 42 33 51 67 72 87 27 44 55 58 68 69 76 23 66
19 33 19 25 33
40 73 40 33 62 25 85 41 57 72 87 13 74 63 65 37 76 51 67 73
15 23 15 26 42 9 62 37 76 23
9 55 9 20 56 74 63 65 13 68 51 67 72 87 27 44 55
85 72 85 6 37 49 72
58 84 58 67 72 87 27 79 84
1 6 1 39 65 6
28 66 28 9 20 39 51 67 72 87 27 44 55 58 68 74 63 65 37 49 76 23 66
22 57 22 43 87 13 20 40 33 49 69 26 28 35 25 85 41 76 57
26 84 26 42 20 40 43 44 84
3 79 3 38 13 68 74 63 65 37 76 51 67 72 87 27 79
25 67 25 63 65 13 74 72 87 27 44 55 67
15 71 15 41 63 65 64 71
26 83 26 28 41 63 65 6 16 29 48 75 80 81 83
23 55 23 49 58 67 72 87 27 44 55
38 64 38 58 68 51 59 64
14 33 14 6 16 35 25 40 33
18 44 18 6 31 26 42 20 39 16 87 27 44
20 32 20 56 72 87 13 28 41 76 23 32
39 23 39 76 23
8 29 8 9 20 39 58 68 13 29
30 32 30 44 55 67 72 87 13 20 56 74 63 65 37 76 7 14 28 23 32
21 60 21 9 62 6 37 72 87 13 60
20 67 20 55 67
42 78 42 20 56 74 72 87 13 68 78
68 27 68 69 25 63 65 13 28 87 27
3 63 3 27 44 55 67 72 87 13 74 63
31 33 31 43 87 27 44 55 58 68 13 20 40 33
40 66 40 41 49 25 38 13 28 23 66
1 64 1 43 52 64
39 79 39 76 51 67 72 87 13 28 7 14 6 31 43 44 79
21 27 21 26 28 37 76 27
63 79 63 65 13 26 28 35 39 76 51 67 72 87 27 79
4 25 4 9 20 40 41 49 69 76 7 14 42 62 27 44 55 58 68 74 63 65 37 72 87 13 26 28 25
4 29 4 7 14 6 16 87 13 29
2 82 2 23 49 76 57 72 87 82
69 64 69 25 85 6 31 56 72 87 13 20 40 33 49 76 51 59 64
35 60 35 25 33 49 69 60
39 37 39 16 87 13 74 63 65 6 37
85 50 85 41 50
22 27 22 13 26 42 20 56 72 87 27
11 20 11 7 62 6 16 35 25 85 41 57 63 65 37 72 87 13 28 9 20
15 72 15 26 42 9 20 56 74 63 65 6 31 43 87 27 44 55 67 72
4 70 4 7 14 16 87 70
21 71 21 59 64 71
57 29 57 72 87 13 29
65 88 65 37 72 88
72 48 72 87 13 20 39 34 48
28 77 28 68 69 26 42 62 6 31 43 87 13 20 55 58 77
22 34 22 26 28 37 76 23 49 69 25 33 51 67 72 87 27 44 55 58 68 13 74 63 65 6 16 35 39 34
85 34 85 41 76 27 44 55 58 67 72 87 13 20 39 34
68 57 68 69 76 27 44 55 58 67 72 87 13 28 7 14 16 35 63 65 37 49 25 40 41 57
7 84 7 14 30 44 79 84
31 6 31 68 69 25 38 13 28 7 14 42 9 20 40 41 76 57 63 65 6
46 64 46 23 49 69 64
18 63 18 63
56 44 56 74 72 87 27 44
26 86 26 42 20 39 51 86
4 23 4 23
35 26 35 25 40 13 28 87 27 44 55 58 68 69 26
18 33 18 33
39 32 39 58 68 51 67 72 87 13 26 42 33 62 25 85 6 37 49 69 76 23 32
2 26 2 26
85 64 85 41 76 57 72 87 13 28 35 25 63 65 37 59 64
49 48 49 58 68 51 67 72 87 13 26 28 37 48
27 73 27 44 55 58 68 74 72 87 13 28 41 49 7 14 57 63 65 37 76 51 67 73
62 50 62 27 44 55 58 68 51 67 72 87 13 26 28 41 50
28 9 28 23 49 72 87 13 26 42 9
40 6 40 41 76 7 14 6
19 52 19 38 65 37 51 67 72 87 13 20 39 16 29 48 52
39 37 39 16 35 25 40 43 87 13 26 42 62 37
34 71 34 59 64 71
38 72 38 13 68 9 20 56 72
49 52 49 7 14 57 63 65 37 48 52
11 9 11 7 14 28 23 37 51 67 72 87 27 44 55 58 68 9
58 29 58 67 72 87 13 29
7 61 7 14 16 35 72 87 13 68 9 62 25 33 61
87 86 87 27 44 55 58 67 72 86
19 58 19 25 38 37 76 51 67 72 87 13 20 55 58
74 7 74 72 87 13 26 42 9 20 40 41 57 63 65 37 49 7
62 37 62 37
63 73 63 65 6 16 35 39 51 67 73
56 64 56 20 40 33 49 69 64
21 60 21 13 60
62 48 62 37 48
42 60 42 20 55 58 67 72 87 13 60
27 83 27 44 79 83
22 41 22 20 40 41
23 32 23 32
16 48 16 29 48
8 13 8 9 62 27 44 55 67 72 87 13
42 57 42 9 62 6 31 68 13 20 40 41 57
22 66 22 20 40 43 87 13 28 23 66
35 86 35 63 65 37 52 64 86
87 89 87 27 79 84 89
1 6 1 37 51 67 72 87 13 28 41 76 23 49 58 68 9 62 6
65 20 65 37 49 72 87 13 20
38 80 38 13 74 63 65 37 76 7 43 52 80
62 66 62 72 87 13 20 56 74 63 65 37 76 23 66
65 84 65 13 84
11 13 11 13
23 83 23 49 58 67 72 87 13 26 28 41 63 65 6 37 51 80 81 83
1 58 1 49 72 87 13 28 37 76 57 63 65 6 16 35 25 62 27 44 55 58
57 48 57 72 87 13 26 42 33 49 69 76 23 37 48
33 83 33 51 80 81 83
56 16 56 74 72 87 13 20 39 65 6 16
6 80 6 31 58 68 69 25 35 72 87 13 26 42 9 20 56 74 63 65 37 48 75 80
33 73 33 62 72 87 27 44 55 58 67 73
22 37 22 26 42 51 67 72 87 13 28 41 49 25 38 65 37
3 32 3 23 32
62 70 62 6 37 49 70
30 83 30 48 75 80 81 83
63 83 63 65 6 31 43 87 13 20 56 70 81 83
31 7 31 72 87 13 74 63 65 6 16 35 25 85 41 76 7
18 27 18 22 13 68 74 63 65 6 16 87 27
35 82 35 39 65 64 71 82
16 44 16 35 72 87 27 44
8 23 8 51 67 72 87 27 44 55 58 68 74 63 65 37 76 23
65 41 65 37 72 87 13 26 28 41
62 55 62 25 40 33 51 67 72 87 27 44 55
19 71 19 43 44 55 67 72 87 13 28 23 37 48 52 64 71
85 23 85 6 16 87 13 28 23
23 71 23 49 25 33 51 59 64 71
65 52 65 13 26 42 33 62 6 16 35 25 40 68 69 76 23 37 52
14 59 14 34 59
3 52 3 23 37 52
56 48 56 74 63 65 13 29 48
42 41 42 33 49 25 63 65 37 76 57 72 87 13 26 28 41
40 78 40 68 78
42 75 42 62 27 44 55 58 68 13 26 28 7 57 63 65 37 48 75
68 86 68 9 20 39 34 86
8 80 8 7 14 42 51 80
56 73 56 20 39 58 68 74 63 65 37 49 25 38 13 26 28 9 62 6 31 72 87 27 44 55 67 73
8 25 8 25
65 16 65 6 16
69 25 69 76 57 63 65 6 31 26 42 9 62 27 44 55 58 68 51 67 72 87 13 20 40 33 49 25
38 37 38 37
22 67 22 43 87 27 44 55 67
40 75 40 13 29 48 75
25 66 25 35 72 87 13 26 28 37 49 76 23 66
74 60 74 72 87 13 68 9 62 6 37 49 25 85 41 50 60
26 71 26 42 9 62 6 31 64 71
11 52 11 68 74 63 65 6 16 87 13 29 48 52
46 48 46 26 28 9 20 40 68 13 29 48
85 89 85 41 49 69 76 23 37 59 89
6 32 6 31 56 20 40 33 51 67 72 87 27 44 55 58 68 69 76 23 32
26 71 26 42 59 64 71
18 58 18 63 65 37 72 87 13 68 9 20 40 33 49 25 38 58
49 77 49 69 26 28 77
34 71 34 48 52 64 71
49 58 49 7 43 44 55 58
15 67 15 26 28 7 14 30 44 55 67
69 43 69 76 57 63 65 6 37 72 87 13 28 7 62 25 38 58 68 9 20 39 43
72 50 72 87 13 68 69 76 57 63 65 37 49 25 85 41 50
35 67 35 39 87 27 44 55 58 67
76 43 76 51 67 72 87 13 74 63 65 6 37 49 7 43
38 16 38 37 51 67 72 87 13 74 63 65 6 31 56 20 55 58 68 69 26 28 7 62 25 35 39 16
15 67 15 30 44 55 67
14 32 14 25 85 41 49 76 23 32
26 66 26 28 25 35 63 65 13 20 39 51 67 72 87 27 44 55 58 68 9 62 37 49 76 23 66
11 60 11 7 62 25 85 6 16 87 13 60
1 20 1 26 28 41 76 57 63 65 13 20
68 78 68 69 26 28 23 66 78
40 55 40 43 44 55
19 52 19 25 33 51 67 72 87 27 44 55 58 68 69 76 23 49 7 14 16 29 48 52
69 7 69 76 51 67 72 87 13 68 9 62 37 49 7
40 13 40 13
51 52 51 67 72 87 27 44 55 58 68 9 20 39 16 29 48 52
46 6 46 23 37 51 67 72 87 27 44 55 58 68 13 28 41 76 57 63 65 6
46 79 46 23 37 51 67 72 87 27 79
33 86 33 51 59 64 86
21 32 21 7 14 57 72 87 13 74 63 65 37 49 76 23 32
46 71 46 25 63 65 13 20 56 64 71
87 6 87 13 74 63 65 6
35 7 35 63 65 37 51 67 72 87 27 44 55 58 68 69 25 40 41 49 7
23 73 23 37 72 87 13 26 42 51 67 73
26 80 26 28 37 52 80
56 51 56 20 39 16 35 72 87 27 44 55 58 68 51
22 77 22 31 58 67 72 87 77
39 57 39 87 13 28 41 76 57
43 50 43 44 55 58 68 9 62 72 87 13 74 63 65 37 76 7 14 28 41 50
35 33 35 72 87 13 20 56 74 63 65 37 49 58 68 9 62 25 33
38 78 38 37 76 23 66 78
28 16 28 37 49 76 7 62 6 16
87 57 87 13 28 9 62 37 76 57
43 61 43 44 55 58 68 51 67 72 87 13 74 63 65 37 49 25 33 61
20 73 20 73
33 75 33 51 67 72 87 13 74 63 65 37 76 7 14 30 48 75
40 44 40 13 20 56 72 87 27 44
15 41 15 41
85 80 85 6 37 76 7 62 27 44 55 58 68 74 63 65 13 26 28 35 39 34 48 52 80
1 32 1 7 57 72 87 13 28 35 25 33 62 6 37 76 23 32
15 67 15 26 42 20 56 74 63 65 13 28 7 57 72 87 27 44 55 67
57 55 57 63 65 37 49 72 87 27 44 55
49 34 49 69 26 28 7 62 25 40 43 44 55 58 68 74 72 87 13 20 39 34
87 71 87 13 26 42 62 37 52 71
51 86 51 67 72 86
30 75 30 34 48 75
76 52 76 7 57 63 65 37 48 52
46 61 46 23 37 51 67 72 87 13 74 63 65 6 16 35 25 33 61
33 71 33 51 67 72 87 27 44 55 58 68 74 63 65 6 31 64 71
25 86 25 35 39 16 87 13 29 48 52 64 86
18 88 18 6 16 35 39 87 27 88
6 67 6 37 76 7 43 87 13 68 69 26 42 51 67
1 13 1 13
25 73 25 63 65 6 37 76 51 67 73
62 60 62 37 51 67 72 87 13 60
14 75 14 34 48 75
2 29 2 23 37 51 67 72 87 27 44 55 58 68 69 26 28 7 14 57 63 65 13 20 39 16 29
8 16 8 41 76 57 72 87 13 74 63 65 6 16
23 61 23 37 76 27 44 55 67 72 87 13 74 63 65 6 31 68 69 26 42 33 61
11 82 11 13 74 70 82
85 82 85 70 82
49 20 49 69 26 28 23 37 76 51 67 72 87 27 44 55 58 68 9 20
15 71 15 16 29 48 52 64 71
69 67 69 26 42 62 37 76 7 43 87 13 28 25 33 51 67
40 51 40 33 49 69 25 85 6 37 51
2 66 2 23 66
31 63 31 72 87 13 74 63
8 89 8 9 20 56 74 72 87 27 44 79 84 89
28 70 28 35 25 38 58 67 72 87 70
22 7 22 25 38 37 76 23 49 7
46 9 46 58 68 9
65 34 65 13 20 39 34
65 59 65 37 59
2 61 2 33 61
11 55 11 43 87 27 44 55
87 61 87 27 44 55 58 68 69 76 57 63 65 6 16 35 25 33 61
1 83 1 13 83
22 16 22 25 63 65 6 16
64 86 64 86
85 70 85 6 31 58 68 13 26 28 37 76 23 49 70
20 86 20 55 58 68 69 26 28 9 62 37 51 67 72 86
56 59 56 72 87 13 26 28 41 49 58 68 74 63 65 37 59
85 88 85 41 63 65 6 37 76 23 49 7 57 72 88
76 66 76 57 63 65 6 37 72 87 13 28 23 66
41 44 41 49 69 25 40 33 51 67 72 87 13 74 63 65 37 76 7 62 6 16 35 39 43 44
63 80 63 65 6 16 35 25 33 62 37 48 52 80
85 79 85 41 49 7 43 87 27 44 79
37 71 37 48 52 71
43 66 43 87 13 28 7 62 6 37 49 76 23 66
14 50 14 25 35 39 58 68 9 20 56 72 87 13 28 41 50
8 50 8 25 63 65 37 72 87 13 26 28 41 50
31 23 31 72 87 13 28 23
23 79 23 49 69 26 28 9 62 37 72 87 13 68 74 63 65 6 16 35 39 34 79
2 52 2 43 52
87 34 87 27 44 55 58 68 13 28 9 20 39 34
4 80 4 7 57 63 65 13 29 48 52 80
65 34 65 13 28 41 76 51 67 72 87 27 44 55 58 68 69 26 42 62 6 16 35 39 34
57 29 57 72 87 13 29
21 13 21 13
6 29 6 16 29
74 7 74 72 87 13 26 42 62 6 16 35 39 65 37 76 7
19 70 19 56 70
87 7 87 27 44 55 58 68 13 28 7
28 44 28 41 63 65 13 68 9 20 55 67 72 87 27 44
20 80 20 40 41 76 51 67 72 87 27 44 55 58 68 13 29 48 52 80
11 70 11 70
40 84 40 41 49 25 33 51 67 72 87 13 20 56 74 63 65 37 76 27 44 79 84
33 73 33 62 6 31 72 87 13 28 9 20 55 67 73
65 77 65 6 77
37 86 37 72 86
43 48 43 87 13 29 48
6 50 6 16 35 25 85 41 50
11 33 11 13 26 42 33
30 84 30 34 79 84
62 60 62 72 87 13 28 35 25 40 60
87 63 87 27 44 55 58 68 74 63
3 30 3 30
56 55 56 20 55
56 33 56 20 40 33
4 78 4 26 42 20 40 13 28 41 76 57 72 87 27 78
2 63 2 56 74 63
14 30 14 30
22 33 22 26 28 23 49 76 27 44 55 67 72 87 13 20 40 33
46 20 46 26 28 9 20
68 44 68 13 20 40 33 62 6 16 35 72 87 27 44
20 81 20 39 43 44 55 58 68 51 80 81
3 72 3 58 68 69 25 85 41 49 72
27 66 27 44 55 58 67 72 87 13 26 42 9 20 39 65 37 49 69 76 23 66
21 57 21 42 20 56 74 63 65 13 26 28 35 25 40 33 51 67 72 87 27 44 55 58 68 9 62 6 37 76 57
21 89 21 13 74 89
2 64 2 56 64
85 73 85 6 16 35 39 51 67 73
3 73 3 23 37 72 87 13 26 73
11 59 11 59
22 88 22 25 35 63 65 13 28 87 27 44 79 88
13 73 13 28 68 74 63 65 6 37 49 25 85 41 57 72 87 27 44 55 58 67 73
3 29 3 27 44 55 67 72 87 13 29
2 66 2 56 74 63 65 13 28 35 25 33 51 67 72 87 27 44 55 58 68 69 76 23 66
25 86 25 63 65 13 20 55 67 72 86
11 58 11 13 26 28 25 40 43 44 55 58
38 61 38 37 76 7 62 25 33 61
11 16 11 7 14 6 31 26 42 51 67 72 87 13 28 25 35 39 16
42 86 42 62 25 63 65 6 31 26 28 7 14 34 86
38 57 38 58 68 51 67 72 87 13 28 23 49 76 7 57
31 88 31 72 87 13 29 48 75 88
3 61 3 37 51 67 72 87 27 44 55 58 68 69 25 63 65 13 28 9 20 40 33 61
30 73 30 44 55 58 68 69 26 73
9 83 9 62 6 37 48 75 80 81 83
70 83 70 81 83
27 32 27 44 55 58 68 69 76 23 32
33 32 33 51 67 72 87 13 74 63 65 6 37 49 69 76 23 32
74 55 74 72 87 27 44 55
14 81 14 34 48 52 80 81
15 16 15 16
57 61 57 72 87 13 26 42 33 61
33 61 33 61
39 55 39 43 44 55
33 81 33 49 7 62 25 38 13 20 55 58 67 72 87 70 81
31 71 31 26 42 9 62 37 52 71
76 25 76 27 44 55 58 68 69 26 42 51 67 72 87 13 20 39 16 35 25
51 75 51 67 72 87 13 28 23 37 48 75
9 71 9 20 39 87 13 68 69 26 28 25 63 65 37 49 64 71
49 84 49 58 68 9 62 27 79 84
11 43 11 43
34 80 34 48 75 80
35 50 35 72 87 13 28 41 50
46 70 46 58 67 72 87 70
87 71 87 13 29 48 52 71
33 44 33 62 25 35 63 65 13 28 9 20 40 68 74 72 87 27 44
21 7 21 7
15 6 15 41 57 63 65 37 76 7 62 72 87 13 26 42 33 49 69 25 85 6
37 79 37 49 58 68 74 72 87 27 79
74 6 74 63 65 6
76 66 76 23 66
18 86 18 59 64 86
26 86 26 42 59 64 86
37 44 37 49 7 14 6 31 43 44
62 83 62 72 87 70 81 83
16 83 16 29 48 52 80 81 83
72 29 72 87 13 68 9 20 40 33 62 6 16 29
85 58 85 6 31 58
39 63 39 58 67 72 87 13 26 42 20 40 33 49 69 76 7 57 63
4 48 4 30 34 48
62 50 62 72 87 13 20 40 41 50
18 72 18 63 65 6 31 26 42 62 37 72
65 67 65 37 51 67
28 43 28 37 51 67 72 87 27 44 55 58 68 69 76 23 49 25 33 62 6 31 43
11 63 11 68 74 63
42 7 42 51 67 72 87 27 44 55 58 68 69 26 28 7
19 83 19 62 72 87 27 79 83
42 70 42 33 49 70
18 61 18 33 61
51 55 51 67 72 87 27 44 55
25 84 25 40 41 63 65 6 16 87 13 84
62 70 62 6 16 87 70
62 63 62 72 87 13 28 41 57 63
14 9 14 16 87 13 28 37 49 7 57 63 65 6 31 58 68 9
22 84 22 43 87 27 79 84
87 89 87 27 79 84 89
4 88 4 26 28 68 9 20 55 67 72 88
42 34 42 33 49 58 67 72 87 13 26 28 7 14 30 34
13 52 13 29 48 52
46 71 46 25 85 6 37 59 64 71
40 64 40 13 29 48 52 64
74 86 74 63 65 6 86
6 48 6 16 29 48
19 58 19 25 38 13 26 28 41 76 51 67 72 87 27 44 55 58
39 50 39 65 6 16 35 72 87 13 20 40 68 9 62 37 49 76 7 14 28 25 85 41 50
21 33 21 9 20 39 51 67 72 87 13 28 23 37 49 58 68 69 25 33
14 23 14 57 72 87 13 28 23
49 81 49 25 33 51 67 72 87 70 81
31 75 31 43 87 27 44 55 58 68 13 29 48 75
35 7 35 25 38 37 76 23 49 7
27 71 27 44 55 67 72 87 13 20 39 65 37 76 51 59 64 71
49 13 49 76 23 37 51 67 72 87 27 44 55 58 68 9 62 25 85 6 16 35 39 65 13
69 75 69 76 51 67 72 87 27 44 55 58 68 13 74 63 65 6 37 48 75
11 78 11 43 87 27 78
28 23 28 23
40 25 40 41 57 63 65 6 31 72 87 27 44 55 58 68 69 26 28 23 49 25
13 83 13 28 7 14 16 87 70 81 83
2 13 2 7 43 44 55 67 72 87 13
43 52 43 52
39 41 39 87 13 20 40 41
49 63 49 7 14 25 63
63 52 63 65 37 52
31 57 31 68 51 67 72 87 13 26 28 23 37 49 7 57
42 52 42 62 37 49 72 87 27 44 55 58 68 13 20 40 43 52
19 84 19 69 25 85 6 31 58 68 51 67 72 87 13 20 55 84
76 58 76 23 37 49 58
1 55 1 13 74 72 87 27 44 55
76 52 76 51 67 72 87 13 28 35 39 16 29 48 52
18 82 18 22 25 38 13 74 70 82
15 78 15 16 35 25 38 37 51 67 72 87 13 20 56 74 63 65 6 31 68 78
1 86 1 13 29 48 52 64 86
43 80 43 87 27 44 55 58 68 13 29 48 52 80
15 6 15 22 26 28 68 69 25 63 65 6
3 44 3 27 44
38 75 38 65 37 48 75
65 80 65 6 37 52 80
38 61 38 58 68 9 62 25 35 72 87 13 26 42 33 61
11 41 11 13 28 41
68 67 68 13 20 55 67
18 41 18 6 37 51 67 72 87 13 26 42 62 25 85 41
39 26 39 87 13 26
65 78 65 6 37 51 67 72 87 27 44 55 58 68 9 20 39 76 57 78
85 89 85 41 49 25 63 65 6 31 58 68 74 89
33 79 33 49 69 76 7 14 30 34 79
26 66 26 42 51 67 72 87 27 44 55 58 68 13 20 40 33 49 76 23 66
43 61 43 44 55 67 72 87 13 26 42 9 20 56 74 63 65 6 16 35 39 58 68 69 25 33 61
62 66 62 37 51 67 72 87 13 26 28 7 43 44 55 58 68 69 25 33 49 76 23 66
19 88 19 43 44 79 88
74 43 74 63 65 6 16 87 27 44 55 58 68 69 25 85 41 49 7 43
62 34 62 25 85 41 49 76 23 37 51 67 72 87 27 44 55 58 68 9 20 40 13 28 7 14 34
21 34 21 9 62 27 44 55 58 68 74 63 65 6 31 56 20 39 34
30 50 30 44 55 67 72 87 13 68 74 63 65 6 16 35 25 85 41 50
39 83 39 65 13 26 42 62 27 44 79 83
21 66 21 7 14 6 37 49 58 68 9 20 56 72 87 13 28 23 66
49 32 49 7 57 63 65 6 37 51 67 72 87 27 44 55 58 68 69 76 23 32
65 88 65 6 88
22 6 22 25 62 27 44 55 67 72 87 13 20 39 58 68 74 63 65 6
85 81 85 70 81
40 57 40 33 51 67 72 87 27 44 55 58 68 74 63 65 13 26 28 9 62 37 49 76 7 57
72 55 72 87 27 44 55
39 13 39 16 35 25 85 6 37 72 87 13
65 58 65 37 76 23 49 58
42 6 42 33 49 7 57 72 87 13 28 68 74 63 65 6
4 7 4 49 25 33 62 27 44 55 58 68 9 20 39 76 7
7 75 7 14 28 35 39 51 67 72 87 27 44 55 58 68 13 20 56 74 63 65 37 48 75
43 48 43 44 55 58 68 13 29 48
76 80 76 51 80
43 79 43 87 27 44 79
35 78 35 63 65 6 37 76 23 66 78
42 81 42 9 62 27 44 55 67 72 87 13 28 68 51 80 81
38 60 38 37 51 67 72 87 27 44 55 58 68 74 63 65 13 60
76 72 76 23 37 51 67 72
4 80 4 30 34 48 52 80
62 44 62 72 87 27 44
18 29 18 22 13 29
34 79 34 79
42 13 42 20 55 58 68 13
39 63 39 76 27 44 55 58 68 74 63
8 77 8 25 62 6 16 29 48 52 77
76 16 76 23 37 51 67 72 87 27 44 55 58 68 69 25 63 65 13 26 42 33 62 6 16
85 20 85 6 37 51 67 72 87 27 44 55 58 68 69 26 28 7 62 25 40 41 57 63 65 13 20
46 37 46 23 37
35 58 35 25 62 6 37 51 67 72 87 13 26 42 9 20 39 58
3 81 3 38 13 74 70 81
1 72 1 37 72
14 37 14 42 9 62 37
16 48 16 29 48
68 32 68 9 62 72 87 13 28 23 32
56 57 56 74 63 65 37 51 67 72 87 27 44 55 58 68 69 76 7 57
15 84 15 34 79 84
35 26 35 63 65 6 31 72 87 13 26
85 33 85 6 37 49 25 33
31 27 31 68 13 26 42 51 67 72 87 27
39 77 39 76 27 44 55 67 72 87 77
76 63 76 23 37 49 69 25 63
18 23 18 6 31 26 42 9 62 27 44 55 58 68 69 25 40 33 51 67 72 87 13 20 56 74 63 65 37 76 23
70 83 70 81 83
28 37 28 37
85 89 85 6 37 59 89
68 9 68 74 72 87 13 28 9
72 80 72 87 13 74 63 65 37 48 52 80
13 55 13 68 69 26 28 9 20 40 41 63 65 6 16 35 39 43 87 27 44 55
19 61 19 38 13 20 56 72 87 27 44 55 58 68 74 63 65 37 76 23 49 7 62 6 16 35 25 40 33 61
87 57 87 27 44 55 58 68 69 76 57
68 88 68 69 26 28 25 33 62 27 79 88
35 78 35 25 40 68 9 20 55 67 72 87 27 78
69 78 69 26 42 9 20 56 72 87 27 78
85 20 85 6 37 76 27 44 55 67 72 87 13 26 42 20
16 81 16 35 25 38 65 6 37 49 70 81
9 32 9 20 56 72 87 13 26 28 23 32
42 63 42 62 25 33 49 76 7 57 63
18 32 18 63 65 6 37 76 23 32
25 71 25 38 37 51 59 64 71
69 81 69 76 57 72 87 70 81
74 70 74 70
16 86 16 35 25 33 51 67 72 86
4 48 4 30 48
4 89 4 49 69 26 28 68 13 84 89
28 16 28 68 9 62 37 76 23 49 25 35 63 65 6 16
65 43 65 6 31 43
4 81 4 30 34 48 52 80 81
25 81 25 38 58 67 72 87 70 81
76 88 76 7 43 87 27 79 88
4 84 4 74 63 65 6 16 87 27 79 84
2 51 2 26 42 9 62 25 63 65 6 37 49 69 76 51
6 80 6 37 76 51 80
85 55 85 6 31 56 72 87 13 28 68 9 20 40 43 44 55
68 58 68 69 25 62 6 37 76 7 14 42 51 67 72 87 27 44 55 58
22 7 22 20 39 58 67 72 87 13 26 42 33 49 7
2 37 2 23 37
57 86 57 63 65 37 76 51 86
18 72 18 76 27 44 55 67 72
27 83 27 79 83
68 70 68 13 28 9 62 72 87 70
85 59 85 6 31 26 42 20 40 33 49 25 62 37 59
6 80 6 16 29 48 52 80
85 13 85 41 63 65 6 37 49 72 87 13
69 89 69 76 51 59 89
18 66 18 63 65 37 72 87 27 44 55 58 68 13 20 39 76 23 66
85 82 85 70 82
76 67 76 7 57 72 87 13 20 55 67
65 86 65 37 48 52 64 86
22 48 22 13 29 48
57 55 57 63 65 37 49 58 67 72 87 27 44 55
15 6 15 41 49 72 87 13 68 69 76 7 57 63 65 6
74 33 74 72 87 13 28 37 76 23 49 58 68 69 26 42 62 25 33
8 27 8 62 6 31 68 13 20 55 58 67 72 87 27
85 67 85 41 49 7 57 72 87 13 20 55 58 67
18 81 18 20 39 34 48 75 80 81
6 50 6 16 35 39 76 51 67 72 87 13 74 63 65 37 49 25 85 41 50
46 7 46 23 49 58 68 74 63 65 37 76 27 44 55 67 72 87 13 28 7
30 83 30 48 75 80 81 83
74 43 74 72 87 13 20 40 33 62 25 85 6 16 35 39 43
1 64 1 2 23 37 76 7 14 57 72 87 13 26 28 68 69 25 35 39 65 6 16 29 48 52 64
65 52 65 37 48 52
22 70 22 31 68 51 67 72 87 13 74 70
21 13 21 9 62 27 44 55 58 68 13
22 66 22 43 44 55 58 67 72 87 13 28 23 66
21 58 21 9 62 27 44 55 58
87 7 87 13 28 23 37 76 7
33 55 33 49 69 76 23 37 51 67 72 87 13 74 63 65 6 31 58 68 9 62 27 44 55
57 75 57 72 87 13 74 63 65 37 48 75
39 52 39 34 48 52
18 80 18 22 34 48 75 80
30 75 30 44 55 58 67 72 87 13 26 28 35 39 34 48 75
65 57 65 37 51 67 72 87 13 26 42 33 49 76 7 57
1 13 1 37 51 67 72 87 27 44 55 58 68 74 63 65 13
43 44 43 44
31 82 31 43 87 70 82
85 33 85 6 37 72 87 27 44 55 58 68 74 63 65 13 20 39 16 35 25 40 33
74 41 74 63 65 37 49 58 68 13 26 42 62 6 16 35 25 85 41
22 50 22 20 40 41 50
3 78 3 30 44 55 58 68 69 25 38 37 76 7 57 63 65 13 20 39 51 67 72 87 27 78
22 86 22 31 56 74 63 65 64 86
69 67 69 26 42 51 67
40 73 40 13 26 73
87 33 87 13 20 40 33
18 75 18 6 31 72 87 13 29 48 75
18 32 18 6 37 76 23 32
8 83 8 28 37 52 80 81 83
51 73 51 67 73
51 44 51 67 72 87 13 68 9 20 56 74 63 65 6 37 76 7 62 27 44
18 32 18 41 76 57 63 65 13 28 23 32
68 20 68 9 20
1 72 1 39 16 87 27 44 55 67 72
8 60 8 28 41 57 63 65 6 31 58 68 9 20 39 87 13 60
87 82 87 13 29 48 75 82
76 50 76 57 63 65 6 37 51 67 72 87 27 44 55 58 68 9 62 25 40 41 50
58 84 58 67 72 87 13 26 28 41 57 63 65 6 16 35 39 43 44 55 84
43 73 43 87 27 44 55 58 67 73
62 6 62 6
22 25 22 26 28 25
70 81 70 81
8 75 8 9 20 56 72 87 13 26 28 7 14 16 29 48 75
21 88 21 13 29 48 88
8 48 8 51 67 72 87 13 74 63 65 37 48
42 72 42 33 49 25 35 63 65 13 28 23 37 51 67 72
35 37 35 39 51 67 72 87 13 20 55 58 68 74 63 65 37
3 34 3 30 34
57 50 57 63 65 37 49 25 85 41 50
3 32 3 20 39 76 23 32
35 58 35 25 38 65 13 26 42 33 62 37 51 67 72 87 27 44 55 58
76 23 76 23
3 88 3 30 44 55 67 72 88
8 9 8 9
74 41 74 72 87 27 44 55 58 68 13 28 41
14 61 14 6 31 26 42 33 61
16 48 16 29 48
49 70 49 25 85 6 37 76 57 63 65 13 26 42 51 67 72 87 70
46 30 46 23 37 76 7 14 30
23 84 23 37 51 67 72 87 27 79 84
76 79 76 7 14 34 79
15 27 15 41 57 63 65 6 16 35 72 87 27
4 30 4 30
40 72 40 43 87 27 44 55 67 72
69 81 69 26 42 20 56 72 87 27 44 55 58 68 13 29 48 52 80 81
23 66 23 66
58 81 58 68 69 76 23 37 72 87 70 81
38 72 38 37 51 67 72
3 59 3 58 68 51 59
16 71 16 35 39 51 59 64 71
38 26 38 37 76 27 44 55 58 67 72 87 13 26
39 37 39 58 67 72 87 13 26 42 62 25 38 37
49 52 49 69 26 28 23 37 52
2 37 2 43 44 55 67 72 87 13 68 74 63 65 37
62 50 62 25 63 65 13 26 28 41 50
3 37 3 38 37
1 61 1 37 76 51 67 72 87 27 44 55 58 68 69 26 42 62 25 33 61
14 88 14 25 79 88
56 84 56 20 55 84
69 9 69 26 42 9
14 6 14 42 51 67 72 87 13 74 63 65 6
28 30 28 7 14 30
39 84 39 65 37 72 87 27 44 84
40 88 40 43 44 55 58 67 72 88
1 33 1 33
13 52 13 28 25 33 49 76 51 67 72 87 27 44 55 58 68 9 20 39 16 29 48 52
38 25 38 37 51 67 72 87 27 44 55 58 68 69 25
8 79 8 40 13 20 55 58 68 74 72 87 27 44 79
85 13 85 6 37 51 67 72 87 27 44 55 58 68 13
76 51 76 51
16 71 16 35 63 65 6 37 48 52 64 71
21 71 21 7 64 71
15 30 15 30
35 59 35 59
26 66 26 28 23 66
46 61 46 23 49 76 7 62 6 37 72 87 27 44 55 58 68 9 20 40 33 61
74 51 74 72 87 13 20 40 68 51
1 75 1 33 51 67 72 87 13 20 55 58 68 9 62 25 40 41 76 7 57 63 65 37 48 75
42 64 42 62 27 44 55 58 67 72 87 13 28 23 37 51 59 64
11 20 11 68 69 25 62 37 76 23 49 58 67 72 87 13 20
13 73 13 28 41 76 27 44 55 58 67 73
16 80 16 29 48 52 80
22 81 22 20 40 13 29 48 75 80 81
42 43 42 20 56 74 72 87 27 44 55 58 68 13 26 28 7 43
76 55 76 23 49 7 43 44 55
65 57 65 37 76 7 57
85 73 85 6 16 35 25 40 13 74 72 87 27 44 55 67 73
14 26 14 28 41 76 27 44 55 67 72 87 13 26
85 79 85 6 16 35 39 87 27 79
13 29 13 26 42 9 20 39 76 23 37 51 67 72 87 27 44 55 58 68 69 25 63 65 6 16 29
3 26 3 30 44 55 67 72 87 13 26
4 61 4 26 42 33 61
87 48 87 27 44 55 58 68 9 62 6 31 56 20 39 34 48
8 26 8 51 67 72 87 13 26
39 27 39 43 87 27
41 67 41 49 7 62 37 51 67
68 25 68 69 26 28 35 25
51 50 51 67 72 87 27 44 55 58 68 69 76 7 57 63 65 37 49 25 85 41 50
39 30 39 43 87 13 28 7 14 30
19 26 19 69 26
57 83 57 63 65 37 49 70 81 83
8 73 8 62 37 51 67 73
68 29 68 9 62 27 44 55 67 72 87 13 74 63 65 6 16 29
38 20 38 65 13 20
74 73 74 63 65 37 72 87 13 68 69 25 38 58 67 73
1 80 1 49 69 25 85 6 37 48 52 80
22 71 22 20 56 64 71
49 41 49 69 76 27 44 55 58 67 72 87 13 26 28 41
3 57 3 27 44 55 67 72 87 13 26 42 20 39 58 68 69 25 63 65 37 76 7 57
18 41 18 20 40 41
1 7 1 49 7
69 13 69 25 38 65 13
68 57 68 69 76 57
62 6 62 6
2 67 2 56 74 72 87 13 68 9 20 55 58 67
74 82 74 63 65 6 71 82
15 26 15 22 26
43 75 43 44 55 58 67 72 87 13 20 56 74 63 65 37 48 75
39 16 39 16
15 48 15 30 48
13 55 13 28 23 49 69 26 42 33 51 67 72 87 27 44 55
28 41 28 41
35 13 35 25 40 33 51 67 72 87 27 44 55 58 68 13
38 84 38 13 28 35 72 87 27 44 84
68 34 68 9 20 39 34
62 71 62 6 71
4 7 4 9 62 25 33 49 7
49 34 49 69 76 23 37 51 67 72 87 13 20 39 34
31 32 31 72 87 13 74 63 65 37 49 69 26 28 23 32
19 88 19 38 13 28 7 62 72 87 27 88
74 63 74 63
65 66 65 6 31 56 20 39 76 23 66
35 34 35 39 34
4 9 4 30 44 55 58 68 9
2 84 2 56 20 55 84
76 52 76 51 67 72 87 27 44 55 58 68 69 26 28 7 43 52
69 81 69 26 42 33 51 80 81
2 59 2 7 14 30 34 59
37 79 37 76 7 62 72 87 13 74 63 65 6 31 68 69 26 28 35 39 34 79
56 58 56 74 63 65 13 28 68 9 20 39 43 87 27 44 55 58
72 73 72 87 27 44 55 58 68 9 20 73
46 59 46 25 35 72 87 27 44 55 58 68 13 26 28 23 49 69 76 51 59
18 9 18 41 76 51 67 72 87 13 20 55 58 68 69 26 42 9
56 43 56 72 87 13 26 42 9 20 40 43
62 75 62 27 44 55 67 72 87 13 68 9 20 40 41 57 63 65 6 37 49 7 14 16 35 39 34 48 75
43 29 43 87 13 29
14 9 14 57 63 65 6 37 76 51 67 72 87 27 44 55 58 68 69 26 42 9
23 66 23 66
3 83 3 58 67 72 87 27 44 79 83
42 41 42 9 20 40 43 44 55 58 68 74 72 87 13 26 28 41
85 77 85 6 77
39 59 39 34 59
2 33 2 33
41 67 41 57 63 65 13 20 40 33 49 7 43 44 55 67
18 60 18 60
62 27 62 37 49 69 26 28 87 27
68 75 68 9 20 39 76 23 49 25 40 41 63 65 37 72 87 13 29 48 75
38 34 38 58 67 72 87 13 28 37 49 7 14 34
58 44 58 67 72 87 27 44
2 30 2 7 14 30
1 30 1 7 14 30
11 44 11 13 68 9 20 39 51 67 72 87 27 44
7 29 7 62 25 33 51 67 72 87 13 29
35 59 35 63 65 13 28 7 62 6 37 59
21 7 21 7
43 61 43 44 55 58 68 9 62 25 33 61
19 55 19 41 76 51 67 72 87 27 44 55
9 73 9 62 72 87 27 44 55 58 67 73
28 34 28 23 49 7 14 30 34
72 67 72 87 13 28 68 51 67
22 72 22 20 40 41 63 65 6 37 72
26 86 26 28 41 49 58 68 9 62 27 44 55 67 72 87 13 20 56 64 86
37 71 37 51 59 64 71
76 20 76 51 67 72 87 27 44 55 58 68 74 63 65 13 20
4 6 4 26 42 51 67 72 87 27 44 55 58 68 69 76 23 37 49 25 62 6
74 84 74 72 87 13 84
2 50 2 33 51 67 72 87 13 74 63 65 37 49 58 68 69 25 85 41 50
3 72 3 20 39 76 57 72
14 44 14 30 44
56 44 56 72 87 27 44
49 7 49 7
1 79 1 33 51 67 72 87 27 79
21 23 21 26 42 51 67 72 87 27 44 55 58 68 69 25 62 6 37 76 23
38 84 38 37 76 51 67 72 87 27 79 84
1 13 1 13
27 80 27 44 55 67 72 87 13 74 63 65 37 52 80
56 80 56 74 63 65 37 52 80
42 41 42 51 67 72 87 27 44 55 58 68 9 20 56 74 63 65 37 49 25 40 41
2 63 2 7 14 6 37 72 87 13 20 39 16 35 25 85 41 57 63
4 20 4 49 69 76 51 67 72 87 13 20
4 7 4 7
35 57 35 63 65 37 49 76 57
87 70 87 70
16 86 16 87 27 44 55 58 67 72 86
35 44 35 39 87 13 74 63 65 37 49 7 43 44
38 80 38 13 74 63 65 6 16 29 48 75 80
76 73 76 23 49 69 26 42 62 6 16 35 72 87 13 68 51 67 73
65 70 65 37 76 23 49 58 68 9 62 25 38 13 26 42 33 51 67 72 87 70
63 48 63 65 37 49 7 57 72 87 27 44 55 58 68 69 25 35 39 16 29 48
57 80 57 63 65 37 52 80
38 60 38 37 49 25 33 62 6 16 35 60
46 37 46 25 62 6 37
2 59 2 13 28 41 63 65 6 37 76 51 67 72 87 27 44 55 58 68 69 25 33 49 7 14 16 35 59
18 72 18 33 49 72
35 86 35 39 34 86
35 34 35 39 34
62 78 62 37 51 67 72 87 13 28 9 20 39 76 57 78
76 78 76 27 78
3 71 3 30 44 55 67 72 87 13 74 63 65 6 31 43 52 71
11 81 11 70 81
76 43 76 51 67 72 87 13 26 28 25 40 43
21 84 21 7 62 25 63 65 6 31 58 67 72 87 13 84
46 70 46 25 62 72 87 70
74 79 74 72 87 27 79
56 67 56 74 63 65 37 76 23 49 25 62 72 87 27 44 55 58 67
31 44 31 43 44
51 29 51 67 72 87 13 28 23 37 76 27 44 55 58 68 69 26 42 33 62 6 16 29
62 26 62 72 87 13 26
13 71 13 29 48 52 64 71
68 34 68 9 20 39 34
1 80 1 43 44 55 58 68 9 20 40 41 49 76 23 37 48 75 80
19 70 19 38 13 28 87 70
1 83 1 49 58 67 72 87 13 28 35 25 63 65 37 76 51 80 81 83
31 64 31 64
49 83 49 72 87 70 81 83
39 7 39 16 35 72 87 27 44 55 58 68 69 26 28 41 49 7
3 51 3 38 65 37 51
41 83 41 49 25 79 83
6 44 6 37 76 57 63 65 13 74 72 87 27 44
65 51 65 13 28 23 37 51
22 32 22 31 68 74 63 65 13 28 23 32
85 71 85 41 63 65 64 71
51 86 51 59 64 86
85 52 85 6 37 49 25 38 65 13 29 48 52
35 27 35 63 65 13 26 42 9 20 55 58 67 72 87 27
57 86 57 72 87 13 26 28 64 86
3 52 3 23 37 72 87 27 44 55 58 68 74 63 65 6 16 29 48 52
69 41 69 76 57 72 87 13 26 28 41
3 64 3 38 58 67 72 87 13 29 48 52 64
41 48 41 76 57 72 87 13 74 63 65 6 16 29 48
46 13 46 58 68 74 72 87 13
18 75 18 63 65 13 29 48 75
40 23 40 33 62 25 85 41 49 69 26 28 23
21 25 21 58 68 74 63 65 13 26 28 9 62 25
15 80 15 34 48 75 80
15 80 15 34 48 52 80
15 83 15 34 79 83
69 88 69 26 88
25 48 25 40 13 28 37 48
46 89 46 26 28 7 14 30 48 52 77 89
4 71 4 74 63 65 64 71
27 29 27 44 55 58 68 51 67 72 87 13 74 63 65 6 16 29
39 89 39 58 77 89
76 84 76 7 14 16 35 25 79 84
22 61 22 13 26 28 41 49 25 40 33 61
42 79 42 62 6 37 76 51 67 72 87 27 79
58 80 58 67 72 87 13 26 28 23 37 51 80
65 81 65 6 37 49 70 81
56 86 56 64 86
19 88 19 27 88
74 80 74 63 65 6 16 29 48 52 80
35 9 35 63 65 6 31 68 9
62 77 62 37 72 87 77
2 37 2 25 38 13 74 63 65 37
76 32 76 23 32
69 13 69 26 42 33 51 67 72 87 13
15 7 15 9 20 40 13 74 63 65 37 51 67 72 87 27 44 55 58 68 69 76 23 49 7
2 7 2 7
40 72 40 68 9 20 55 67 72
18 81 18 22 25 33 62 72 87 70 81
2 70 2 25 38 13 68 69 26 28 87 70
4 75 4 49 7 14 30 34 48 75
34 79 34 79
19 30 19 25 38 58 68 69 26 42 51 67 72 87 13 28 9 62 6 16 35 39 76 57 63 65 37 49 7 14 30
28 81 28 35 63 65 6 31 68 9 62 37 49 7 14 34 48 75 80 81
18 73 18 6 37 76 7 62 25 63 65 13 68 69 26 28 87 27 44 55 58 67 73
69 37 69 76 23 37
76 33 76 51 67 72 87 13 28 23 49 69 26 42 9 62 25 33
21 7 21 7
63 52 63 65 37 51 67 72 87 27 44 55 58 68 69 26 28 25 62 6 31 43 52
31 13 31 58 67 72 87 13
33 48 33 62 37 51 67 72 87 27 44 55 58 68 69 76 23 49 25 35 39 34 48
46 52 46 26 42 62 6 31 68 13 29 48 52
27 75 27 44 55 58 67 72 87 13 26 42 20 56 74 63 65 6 16 29 48 75
35 7 35 25 38 58 68 69 76 23 49 7
56 43 56 20 39 43
11 16 11 68 9 62 25 85 6 16
46 34 46 25 85 41 57 72 87 13 28 37 76 7 14 30 34
16 75 16 29 48 75
57 80 57 72 87 13 28 37 52 80
3 67 3 38 58 68 51 67
41 29 41 63 65 37 76 23 49 25 62 72 87 13 29
18 50 18 41 50
2 77 2 13 68 9 20 39 58 77
11 79 11 43 44 79
19 52 19 25 35 72 87 13 29 48 52
18 34 18 22 34
22 59 22 34 59
21 89 21 26 42 62 6 77 89
85 83 85 70 81 83
2 84 2 43 87 13 28 68 9 20 55 84
49 26 49 69 76 51 67 72 87 13 26
35 29 35 39 51 67 72 87 27 44 55 58 68 69 25 63 65 6 16 29
63 55 63 65 13 68 74 72 87 27 44 55
22 13 22 13
38 79 38 58 68 69 26 28 37 49 72 87 27 79
42 78 42 62 6 16 35 39 43 44 55 67 72 87 13 68 9 20 56 74 63 65 37 76 27 78
41 71 41 63 65 37 52 71
65 7 65 37 51 67 72 87 13 26 28 7
46 55 46 58 68 69 76 23 37 72 87 27 44 55
87 55 87 27 44 55
68 34 68 69 25 35 39 34
65 27 65 13 26 42 62 37 51 67 72 87 27
49 34 49 7 14 16 35 39 34
14 51 14 16 35 63 65 37 51
76 86 76 57 72 87 27 44 55 58 68 51 59 64 86
62 82 62 72 87 82
16 83 16 35 25 33 49 70 81 83
15 86 15 22 13 26 28 9 62 72 86
19 60 19 27 44 55 58 68 51 67 72 87 13 60
26 55 26 42 33 49 7 57 72 87 27 44 55
19 43 19 43
2 88 2 56 88
85 59 85 41 49 76 27 44 55 58 67 72 87 13 26 28 25 38 59
21 27 21 58 67 72 87 27
21 23 21 26 28 23
21 44 21 42 51 67 72 87 13 26 28 68 74 63 65 6 37 76 27 44
65 25 65 37 76 7 62 6 16 87 13 26 28 25
68 84 68 74 72 87 27 79 84
9 66 9 20 56 72 87 13 28 68 69 76 23 66
35 9 35 63 65 37 49 72 87 13 68 9
19 52 19 38 37 52
28 79 28 7 14 34 79
4 70 4 9 62 37 76 57 72 87 70
15 64 15 30 48 52 64
65 48 65 37 49 25 38 13 29 48
85 73 85 41 49 69 25 38 37 72 87 27 44 55 58 68 74 63 65 6 31 26 73
1 6 1 2 23 37 49 69 25 63 65 6
14 33 14 42 62 25 33
74 61 74 72 87 13 26 28 25 33 61
76 52 76 51 67 72 87 27 44 55 58 68 69 26 42 20 56 74 63 65 37 52
16 75 16 29 48 75
2 26 2 26
18 23 18 33 51 67 72 87 13 28 9 20 56 74 63 65 37 49 58 68 69 76 23
4 23 4 23
13 52 13 26 42 51 67 72 87 27 44 55 58 68 9 62 6 31 56 20 39 76 57 63 65 37 48 52
13 61 13 26 42 51 67 72 87 27 44 55 58 68 74 63 65 6 37 49 69 25 33 61
21 81 21 13 74 72 87 70 81
69 61 69 25 62 6 37 76 27 44 55 58 68 51 67 72 87 13 20 40 33 61
46 78 46 58 67 72 87 13 68 78
26 61 26 42 33 61
76 50 76 51 67 72 87 13 74 63 65 6 16 35 39 43 44 55 58 68 69 26 42 33 62 25 85 41 50
22 23 22 20 39 43 87 13 26 28 41 57 63 65 6 37 76 23
69 37 69 26 28 9 20 40 33 51 67 72 87 13 74 63 65 37
4 88 4 7 14 34 79 88
68 23 68 69 76 23
46 52 46 25 35 63 65 13 29 48 52
21 75 21 26 42 20 40 41 49 76 57 63 65 6 37 51 67 72 87 27 44 55 58 68 13 29 48 75
3 41 3 23 49 25 38 37 51 67 72 87 13 68 69 26 42 20 40 41
51 86 51 67 72 86
19 84 19 38 58 68 9 62 27 79 84
42 27 42 33 62 25 35 39 76 27
76 37 76 27 44 55 67 72 87 13 74 63 65 37
69 81 69 25 63 65 6 31 68 74 70 81
22 86 22 25 63 65 64 86
85 51 85 41 57 72 87 27 44 55 58 68 9 62 6 37 51
62 64 62 27 44 55 58 67 72 87 13 74 63 65 37 48 52 64
30 32 30 44 55 67 72 87 13 26 28 68 9 20 40 33 62 25 63 65 6 16 35 39 76 23 32
49 58 49 58
38 48 38 37 48
4 29 4 49 69 76 23 37 51 67 72 87 27 44 55 58 68 74 63 65 6 16 29
28 29 28 9 20 40 13 29
1 13 1 13
85 16 85 6 16
7 66 7 14 42 33 62 25 38 65 6 16 35 72 87 13 26 28 37 49 69 76 23 66
65 29 65 13 29
28 23 28 25 38 37 49 76 23
76 52 76 51 67 72 87 13 28 7 14 57 63 65 6 37 49 58 68 69 26 42 9 20 39 16 29 48 52
22 70 22 20 40 13 28 23 49 76 57 72 87 27 44 55 58 68 74 70
9 29 9 62 37 51 67 72 87 13 28 23 49 76 7 43 44 55 58 68 69 25 40 41 57 63 65 6 31 56 20 39 16 29
11 32 11 43 87 13 28 7 14 6 16 35 25 33 49 76 23 32
39 50 39 51 67 72 87 13 28 41 50
56 86 56 20 40 33 49 72 87 13 68 51 59 64 86
40 32 40 43 87 13 26 28 7 14 30 44 55 58 68 69 25 35 39 76 23 32
31 60 31 58 68 69 60
28 57 28 35 25 85 41 57
19 48 19 43 87 13 29 48
35 27 35 25 85 41 49 7 57 63 65 13 74 72 87 27
58 73 58 68 9 20 73
31 33 31 72 87 27 44 55 58 68 9 20 40 13 28 41 76 57 63 65 37 49 69 26 42 33
11 57 11 7 57
39 20 39 76 23 49 72 87 27 44 55 58 68 13 20
34 83 34 48 52 80 81 83
11 26 11 68 69 26
40 82 40 68 51 59 64 71 82
22 57 22 43 44 55 58 67 72 87 13 68 69 76 7 57
51 71 51 67 72 87 27 44 55 58 68 69 76 23 37 59 64 71
20 55 20 56 72 87 27 44 55
9 81 9 20 56 74 70 81
62 33 62 25 40 33
87 66 87 13 68 9 20 40 41 76 23 66
1 58 1 13 20 55 58
16 52 16 35 39 34 48 52
38 59 38 37 49 25 62 72 87 13 26 42 20 39 51 59
1 43 1 49 7 62 25 33 51 67 72 87 27 44 55 58 68 9 20 39 43
18 23 18 41 57 63 65 13 26 28 23
19 84 19 27 79 84
68 73 68 13 74 63 65 6 16 87 27 44 55 67 73
76 34 76 7 14 34
25 83 25 38 37 51 80 81 83
28 50 28 41 50
74 80 74 72 87 13 28 68 51 80
43 80 43 52 80
15 26 15 26
35 59 35 25 38 37 76 57 63 65 13 68 51 59
76 6 76 51 67 72 87 13 68 74 63 65 6
18 79 18 6 37 49 72 87 27 44 79
15 13 15 30 44 55 58 67 72 87 13
8 48 8 41 57 63 65 6 37 48
25 86 25 62 6 16 29 48 52 64 86
15 58 15 9 20 56 74 63 65 13 68 69 25 35 39 43 44 55 58
1 66 1 33 51 67 72 87 27 44 55 58 68 13 74 63 65 37 76 23 66
3 29 3 27 44 55 58 68 74 72 87 13 29
19 71 19 27 44 55 67 72 87 13 20 56 64 71
6 48 6 31 26 42 9 20 39 16 29 48
46 67 46 58 67
85 58 85 6 31 56 74 63 65 13 20 40 41 76 51 67 72 87 27 44 55 58
49 33 49 25 33
85 6 85 6
16 80 16 29 48 52 80
49 43 49 72 87 13 74 63 65 6 16 35 39 43
49 55 49 76 7 57 63 65 13 20 56 72 87 27 44 55
87 9 87 13 26 42 9
2 82 2 26 28 68 51 67 82
38 59 38 59
40 84 40 13 20 55 67 72 87 27 44 79 84
42 79 42 51 67 72 87 13 68 69 76 57 63 65 6 16 35 25 62 27 44 79
41 61 41 49 25 40 33 61
1 61 1 33 61
85 32 85 41 76 23 32
49 51 49 76 51
4 34 4 30 34
68 64 68 13 20 56 74 63 65 37 48 52 64
11 44 11 43 44
20 71 20 55 67 72 87 13 29 48 52 64 71
62 67 62 25 63 65 13 68 69 76 7 43 87 27 44 55 58 67
21 33 21 26 42 33
41 67 41 57 72 87 13 68 9 62 27 44 55 67
56 73 56 20 40 68 74 63 65 13 26 73
18 59 18 59
2 67 2 9 20 56 72 87 13 68 51 67
69 78 69 26 28 41 76 51 67 72 87 27 78
63 48 63 65 37 48
35 59 35 59
87 72 87 13 74 72
87 64 87 13 20 39 34 59 64
8 23 8 9 20 40 33 49 69 76 23
76 52 76 7 14 34 48 52
65 60 65 6 37 51 67 72 87 13 20 40 60
59 71 59 64 71
27 71 27 44 55 67 72 87 13 74 63 65 6 71
38 13 38 37 76 27 44 55 58 67 72 87 13
18 33 18 76 23 49 25 40 33
39 72 39 16 35 25 62 37 51 67 72
25 75 25 33 51 67 72 87 27 44 55 58 68 13 74 63 65 6 16 35 39 76 23 49 69 26 28 9 62 37 48 75
39 48 39 16 29 48
16 83 16 35 72 87 27 79 83
22 84 22 13 20 40 43 87 27 79 84
85 9 85 6 31 72 87 13 28 68 9
28 32 28 23 32
15 78 15 22 26 42 33 78
85 60 85 6 37 51 67 72 87 27 44 55 58 68 13 60
42 52 42 51 67 72 87 27 44 55 58 68 13 29 48 52
46 55 46 25 85 41 76 57 72 87 27 44 55
62 80 62 6 37 76 51 80
49 84 49 25 35 72 87 27 44 84
4 16 4 23 49 72 87 13 26 28 37 76 7 62 6 16
22 20 22 26 28 37 76 7 57 72 87 13 68 9 20
1 44 1 39 65 6 31 58 68 51 67 72 87 27 44
15 50 15 41 50
9 83 9 20 56 72 87 27 44 79 83
19 50 19 41 50
35 51 35 63 65 6 37 76 27 44 55 58 68 69 25 85 41 49 7 62 72 87 13 26 42 33 51
11 30 11 68 74 63 65 13 28 7 14 30
28 66 28 37 49 7 57 63 65 6 31 43 87 27 44 55 58 68 69 76 23 66
49 23 49 69 76 23
30 32 30 44 55 58 67 72 87 13 74 63 65 6 31 26 42 33 49 76 23 32
56 79 56 74 63 65 37 49 7 43 44 55 67 72 87 27 79
14 6 14 28 37 76 27 44 55 58 67 72 87 13 68 74 63 65 6
56 72 56 20 39 43 44 55 58 68 74 72
19 80 19 27 44 55 67 72 87 13 68 9 62 37 48 75 80
42 48 42 62 72 87 13 29 48
68 52 68 69 76 51 67 72 87 13 29 48 52
68 70 68 74 70
74 83 74 70 81 83
11 81 11 43 87 70 81
11 41 11 7 57 63 65 6 37 49 69 25 35 39 51 67 72 87 13 26 28 41
30 55 30 44 55
72 48 72 87 13 29 48
14 9 14 30 44 55 67 72 87 13 26 28 23 49 58 68 9
35 83 35 72 87 13 26 42 20 55 58 68 69 25 63 65 6 16 29 48 52 80 81 83
4 72 4 23 49 76 7 14 30 44 55 58 68 9 62 6 31 56 74 63 65 13 28 25 35 39 51 67 72
56 75 56 20 39 16 87 27 44 55 58 68 9 62 25 40 41 49 76 57 63 65 13 29 48 75
3 80 3 30 34 48 52 80
26 44 26 42 62 37 72 87 27 44
30 84 30 34 79 84
74 88 74 72 88
63 80 63 65 37 48 52 80
35 67 35 63 65 13 68 9 62 25 85 6 31 26 42 51 67
49 6 49 25 40 33 51 67 72 87 13 74 63 65 6
3 23 3 23
15 83 15 16 29 48 75 80 81 83
42 13 42 20 40 33 62 25 85 41 76 57 72 87 13
31 75 31 43 44 55 58 67 72 87 13 74 63 65 37 48 75
85 86 85 6 86
16 71 16 35 72 87 13 74 63 65 64 71
19 20 19 25 85 6 31 72 87 27 44 55 58 68 9 20
56 26 56 20 55 67 72 87 13 26
22 89 22 89
72 80 72 87 13 68 74 63 65 37 48 52 80
13 75 13 29 48 75
1 20 1 7 62 6 31 72 87 13 20
20 32 20 56 74 63 65 6 37 76 23 32
41 61 41 76 27 44 55 67 72 87 13 20 56 74 63 65 6 16 35 25 38 58 68 69 26 42 33 61
46 77 46 26 42 62 37 51 67 72 87 27 44 55 58 68 69 76 57 63 65 13 29 48 52 77
3 81 3 23 49 76 51 80 81
20 71 20 40 68 13 28 7 14 30 34 48 52 64 71
14 63 14 6 16 35 63
40 58 40 68 9 20 55 58
62 81 62 27 44 55 67 72 87 13 28 9 20 40 68 74 70 81
1 57 1 26 28 7 14 57
13 66 13 74 72 87 27 44 55 58 68 69 25 33 62 37 49 76 23 66
4 43 4 74 63 65 37 72 87 13 20 40 43
85 82 85 82
30 73 30 44 55 67 73
7 83 7 62 6 16 87 70 81 83
8 41 8 41
65 66 65 37 49 7 57 72 87 13 28 23 66
22 70 22 13 28 9 20 56 70
15 89 15 30 44 79 84 89
18 67 18 22 31 43 44 55 58 67
33 73 33 51 67 72 87 27 44 55 58 68 13 26 73
56 66 56 74 63 65 37 76 23 66
28 60 28 68 13 60
57 73 57 72 87 27 44 55 67 73
65 51 65 13 68 51
65 52 65 13 26 42 51 67 72 87 27 44 55 58 68 69 76 7 62 25 38 37 52
76 79 76 7 14 34 79
38 89 38 89
74 78 74 63 65 6 16 87 27 44 55 58 68 78
68 37 68 69 76 7 62 27 44 55 67 72 87 13 26 28 9 20 40 41 63 65 6 37
56 63 56 74 63
8 55 8 41 49 7 62 72 87 27 44 55
49 44 49 72 87 27 44
4 23 4 23
13 75 13 28 41 57 72 87 27 44 55 58 68 69 76 23 49 25 62 37 48 75
14 78 14 57 63 65 37 76 23 49 72 87 27 78
8 30 8 51 67 72 87 27 44 55 58 68 74 63 65 13 28 23 37 49 7 14 30
33 66 33 49 76 23 66
39 71 39 43 87 13 29 48 52 64 71
37 83 37 72 87 70 81 83
22 79 22 26 28 37 76 27 44 79
42 70 42 51 67 72 87 13 26 28 23 49 25 35 63 65 37 76 27 44 55 58 68 74 70
3 23 3 37 51 67 72 87 27 44 55 58 68 74 63 65 6 31 26 28 23
85 37 85 6 37
85 25 85 6 16 35 72 87 27 44 55 58 68 74 63 65 37 49 69 25
22 48 22 34 48
38 63 38 37 49 7 14 57 63
62 81 62 25 40 43 52 80 81
76 52 76 27 44 55 58 68 51 67 72 87 13 28 25 35 63 65 37 52
35 71 35 72 87 13 29 48 52 71
4 77 4 26 28 77
31 73 31 56 72 87 13 26 42 51 67 73
1 66 1 13 28 41 49 76 23 66
43 66 43 44 55 67 72 87 13 26 28 23 66
2 64 2 26 28 35 63 65 64
30 79 30 34 79
3 60 3 23 37 49 25 35 60
31 34 31 26 28 25 38 37 51 67 72 87 13 20 55 58 68 69 76 57 63 65 6 16 35 39 34
56 88 56 88
15 41 15 41
4 83 4 70 81 83
40 71 40 33 51 59 64 71
19 61 19 41 76 7 43 44 55 58 68 13 26 28 9 62 25 40 33 61
21 7 21 7
19 33 19 38 37 51 67 72 87 13 26 28 9 20 40 41 49 58 68 74 63 65 6 16 35 25 33
3 27 3 27
74 13 74 63 65 37 76 51 67 72 87 27 44 55 58 68 9 20 40 13
21 16 21 42 51 67 72 87 27 44 55 58 68 74 63 65 37 49 25 35 39 16
56 44 56 74 72 87 27 44
27 50 27 44 55 67 72 87 13 26 28 41 50
62 63 62 37 49 69 26 28 68 9 20 40 41 76 27 44 55 58 67 72 87 13 74 63
62 20 62 6 31 68 9 20
35 33 35 63 65 13 26 42 33
87 83 87 27 79 83
15 60 15 41 50 60
2 59 2 26 28 35 59
37 73 37 76 27 44 55 58 67 73
31 81 31 26 28 68 69 76 7 62 37 52 80 81
22 59 22 43 44 55 67 72 87 13 28 37 76 51 59
74 7 74 63 65 37 49 7
19 70 19 25 40 33 62 37 76 51 67 72 87 13 74 63 65 6 16 35 39 58 68 9 20 56 70
18 59 18 76 51 67 72 87 13 20 40 41 57 63 65 6 16 35 59
39 75 39 43 44 55 67 72 87 13 29 48 75
46 71 46 23 49 25 63 65 13 26 28 37 52 71
14 48 14 34 48
13 66 13 20 39 51 67 72 87 27 44 55 58 68 74 63 65 37 76 23 66
15 32 15 41 76 27 44 55 58 68 9 20 39 51 67 72 87 13 28 23 32
87 71 87 13 29 48 52 71
31 26 31 43 87 13 26
72 50 72 87 13 74 63 65 6 16 35 25 85 41 50
9 67 9 62 6 31 56 74 72 87 13 26 42 51 67
49 66 49 76 23 66
46 51 46 23 37 51
58 55 58 68 74 72 87 13 26 28 7 62 6 37 49 76 27 44 55
37 81 37 72 87 70 81
76 84 76 7 62 6 16 35 72 87 27 79 84
42 29 42 51 67 72 87 13 29
19 78 19 27 44 55 67 72 87 13 74 63 65 37 76 57 78
39 27 39 87 27
19 37 19 27 44 55 67 72 87 13 20 56 74 63 65 37
1 7 1 2 26 42 51 67 72 87 13 74 63 65 37 76 27 44 55 58 68 69 25 33 62 6 31 56 20 40 41 49 7
19 79 19 27 44 79
58 61 58 68 69 26 42 9 20 56 72 87 13 74 63 65 37 76 23 49 25 33 61
68 44 68 9 62 72 87 13 28 41 57 63 65 6 37 76 7 14 16 35 25 40 43 44
76 80 76 7 43 87 13 68 69 25 38 37 52 80
46 73 46 25 62 6 16 35 72 87 13 68 74 63 65 37 49 58 67 73
65 9 65 13 26 28 35 25 38 37 49 76 51 67 72 87 27 44 55 58 68 9
42 78 42 51 67 72 87 27 78
15 75 15 26 28 37 48 75
35 6 35 63 65 6
35 88 35 88
46 34 46 58 68 74 63 65 13 20 39 34
49 7 49 25 63 65 37 51 67 72 87 13 28 7
1 57 1 33 51 67 72 87 13 28 23 37 76 27 44 55 58 68 69 25 40 41 57
74 57 74 63 65 13 28 7 57
4 61 4 7 62 27 44 55 67 72 87 13 26 42 33 61
85 37 85 6 16 87 13 74 63 65 37
42 60 42 62 72 87 13 26 28 35 25 40 41 50 60
41 50 41 50
85 13 85 41 57 72 87 13
18 66 18 6 37 49 69 76 23 66
21 64 21 59 64
14 79 14 42 9 20 40 41 76 7 62 72 87 27 79
35 26 35 39 76 27 44 55 67 72 87 13 26
46 29 46 26 42 51 67 72 87 27 44 55 58 68 69 25 35 63 65 37 49 7 62 6 16 29
25 86 25 63 65 13 74 72 86
15 70 15 26 42 33 49 72 87 70
40 67 40 13 28 7 57 63 65 37 76 27 44 55 67
68 66 68 13 28 23 66
49 57 49 7 43 44 55 58 68 74 63 65 37 76 57
56 86 56 20 39 51 67 72 86
9 44 9 62 72 87 27 44
37 29 37 51 67 72 87 27 44 55 58 68 13 26 28 25 63 65 6 16 29
20 71 20 39 65 64 71
23 44 23 49 58 68 13 20 39 43 44
58 73 58 68 69 25 85 41 49 76 23 37 72 87 27 44 55 67 73
11 50 11 68 69 25 35 39 58 67 72 87 13 26 28 41 50
21 60 21 26 42 51 67 72 87 13 74 63 65 37 76 23 49 25 33 62 27 44 55 58 68 69 60
65 80 65 37 51 80
51 61 51 67 72 87 27 44 55 58 68 69 26 42 62 37 49 25 40 33 61
68 88 68 69 26 28 41 76 27 44 79 88
40 61 40 33 61
65 48 65 37 48
40 86 40 68 51 86
18 59 18 33 51 67 72 87 27 44 55 58 68 69 26 28 7 62 6 37 76 57 63 65 13 20 40 41 49 25 35 59
74 70 74 70
14 71 14 42 51 59 64 71
65 64 65 6 16 87 13 28 64
8 72 8 7 62 25 38 37 72
21 73 21 7 43 44 55 58 67 73
69 84 69 25 79 84
46 27 46 58 67 72 87 27
28 72 28 23 37 49 25 62 6 31 68 51 67 72
63 81 63 65 37 72 87 70 81
18 48 18 33 51 67 72 87 13 29 48
4 61 4 26 42 33 61
3 9 3 9
8 33 8 7 43 44 55 67 72 87 13 26 42 33
14 52 14 6 16 29 48 52
41 55 41 76 27 44 55
76 34 76 51 67 72 87 13 26 42 62 27 44 55 58 68 9 20 56 74 63 65 6 16 35 39 34
11 13 11 7 43 44 55 67 72 87 13
22 79 22 20 56 74 63 65 13 68 51 67 72 87 27 79
40 16 40 68 9 62 25 63 65 6 16
65 86 65 6 37 72 87 13 28 23 49 64 86
76 6 76 57 72 87 27 44 55 58 68 9 20 56 74 63 65 6
39 25 39 76 51 67 72 87 13 26 28 7 14 25
76 83 76 57 72 87 27 79 83
11 48 11 13 74 63 65 6 16 29 48
68 78 68 78
4 79 4 74 63 65 6 37 72 87 13 28 68 9 62 25 40 41 49 69 26 42 20 39 34 79
1 66 1 51 67 72 87 13 20 56 74 63 65 6 31 58 68 9 62 37 76 23 66
6 66 6 31 26 42 20 40 68 13 28 41 63 65 37 76 23 66
65 82 65 64 82
4 86 4 26 28 37 72 86
62 58 62 6 31 68 13 20 55 58
72 84 72 87 27 44 55 84
74 71 74 72 87 13 29 48 52 71
26 86 26 42 20 56 72 87 27 44 55 58 68 51 59 64 86
22 55 22 43 44 55
76 80 76 27 44 55 67 72 87 13 26 28 9 62 25 63 65 37 52 80
35 43 35 39 43
87 58 87 13 74 63 65 6 31 58
13 50 13 28 41 50
22 13 22 31 58 67 72 87 13
28 52 28 68 9 20 56 74 63 65 37 48 52
85 71 85 6 31 64 71
13 80 13 29 48 75 80
3 57 3 30 44 55 58 67 72 87 13 20 40 33 49 7 57
76 20 76 23 37 49 58 68 51 67 72 87 13 20
62 57 62 6 31 26 28 7 57
37 50 37 51 67 72 87 13 74 63 65 6 16 35 39 43 44 55 58 68 9 20 40 41 50
42 81 42 62 27 44 55 67 72 87 70 81
8 63 8 40 33 49 72 87 13 26 28 25 35 63
42 83 42 9 20 56 70 81 83
40 43 40 68 13 28 7 43
46 58 46 23 37 51 67 72 87 27 44 55 58
49 75 49 25 33 51 67 72 87 27 44 55 58 68 13 28 41 63 65 6 16 35 39 76 23 37 48 75
19 81 19 69 25 62 6 37 48 52 80 81
26 32 26 28 23 32
62 52 62 27 44 55 58 67 72 87 13 26 28 25 38 37 76 7 14 30 48 52
46 66 46 25 40 41 49 76 23 66
37 80 37 76 51 80
2 50 2 9 20 56 74 72 87 27 44 55 58 68 13 28 41 50
2 55 2 43 87 27 44 55
1 48 1 33 51 67 72 87 27 44 55 58 68 69 76 57 63 65 13 29 48
76 86 76 23 49 25 33 51 86
22 88 22 31 58 67 72 87 13 28 37 76 23 49 25 79 88
40 63 40 41 63
62 29 62 6 37 51 67 72 87 27 44 55 58 68 13 28 35 39 16 29
65 26 65 37 76 23 49 25 38 58 68 69 26
65 73 65 37 72 87 13 28 68 51 67 73
62 43 62 25 85 6 31 43
65 55 65 6 37 76 27 44 55
74 13 74 63 65 6 37 76 7 62 27 44 55 67 72 87 13
1 25 1 39 51 67 72 87 13 74 63 65 6 16 35 25
85 78 85 41 76 51 67 72 87 13 74 63 65 6 37 49 7 43 44 55 58 68 9 62 25 33 78
85 9 85 6 31 68 9
6 83 6 37 51 67 72 87 27 79 83
8 81 8 25 85 70 81
38 80 38 58 68 51 80
7 52 7 43 52
46 6 46 23 49 25 63 65 37 51 67 72 87 27 44 55 58 68 9 62 6
2 30 2 7 14 30
35 61 35 25 33 61
18 41 18 41
85 75 85 41 57 63 65 37 48 75
4 29 4 7 57 63 65 13 29
21 20 21 58 68 69 26 28 37 51 67 72 87 13 74 63 65 6 31 56 20
42 70 42 51 67 72 87 27 44 55 58 68 13 20 56 74 70
74 88 74 63 65 6 16 35 88
8 71 8 62 27 44 55 67 72 87 13 74 63 65 6 16 35 59 64 71
62 86 62 37 49 76 57 72 86
76 25 76 51 67 72 87 13 74 63 65 37 49 58 68 9 20 39 16 35 25
7 32 7 57 63 65 6 37 51 67 72 87 27 44 55 58 68 69 26 28 25 33 49 76 23 32
6 75 6 37 48 75
1 77 1 13 29 48 52 77
23 79 23 49 72 87 27 44 79
49 41 49 7 14 57 72 87 13 26 28 41
46 43 46 26 42 33 51 67 72 87 27 44 55 58 68 74 63 65 37 76 7 43
37 86 37 72 86
46 84 46 26 28 23 49 69 76 57 63 65 6 31 58 67 72 87 27 44 84
33 71 33 51 67 72 87 27 44 55 58 68 74 63 65 6 16 29 48 52 64 71
49 78 49 25 33 78
3 20 3 9 20
87 44 87 27 44
56 86 56 74 63 65 37 59 64 86
23 50 23 49 7 14 16 35 72 87 13 28 25 85 41 50
18 82 18 22 20 40 68 69 26 28 82
20 29 20 39 51 67 72 87 27 44 55 58 68 9 62 6 16 29
19 60 19 62 27 44 55 67 72 87 13 60
15 73 15 22 43 44 55 67 73
35 13 35 25 40 13
62 79 62 72 87 27 44 79
69 57 69 76 27 44 55 58 68 13 28 23 37 49 7 57
6 66 6 37 76 7 14 42 62 72 87 13 26 28 23 66
37 79 37 49 76 57 63 65 6 16 35 39 51 67 72 87 13 28 9 62 25 79
65 86 65 6 37 52 64 86
76 33 76 51 67 72 87 13 74 63 65 6 16 35 39 58 68 69 25 33
8 60 8 51 67 72 87 13 60
1 82 1 7 43 87 70 82
3 26 3 27 44 55 58 67 72 87 13 26
16 86 16 35 72 86
49 9 49 58 68 9
26 32 26 28 9 62 72 87 27 44 55 58 68 69 76 23 32
57 80 57 72 87 13 20 40 43 52 80
38 81 38 13 26 42 51 80 81
40 81 40 41 76 23 49 70 81
87 41 87 13 20 40 41
15 84 15 34 79 84
4 13 4 23 37 76 27 44 55 58 68 13
14 66 14 25 38 37 76 23 66
49 32 49 25 63 65 6 31 56 20 55 58 68 69 76 23 32
38 25 38 13 28 68 69 25
11 34 11 68 51 67 72 87 13 28 35 39 34
68 60 68 74 72 87 13 20 40 60
7 55 7 43 87 27 44 55
40 79 40 68 13 26 42 20 56 72 87 27 79
23 66 23 66
69 51 69 76 51
49 72 49 72
19 34 19 43 44 55 67 72 87 13 74 63 65 6 31 68 9 62 37 49 25 35 39 34
6 52 6 37 52
4 41 4 49 76 27 44 55 67 72 87 13 74 63 65 6 16 35 25 40 41
22 81 22 34 48 52 80 81
2 52 2 26 28 37 51 67 72 87 27 44 55 58 68 13 29 48 52
76 23 76 23
51 52 51 67 72 87 27 44 55 58 68 74 63 65 6 16 29 48 52
37 86 37 51 67 72 87 27 44 55 58 68 9 62 25 63 65 64 86
18 41 18 33 49 76 57 72 87 13 28 41
68 80 68 13 20 39 34 48 75 80
13 32 13 74 63 65 37 49 25 40 33 51 67 72 87 27 44 55 58 68 9 62 6 16 35 39 76 23 32
14 66 14 28 37 76 23 66
35 51 35 72 87 13 28 37 51
19 72 19 43 44 55 67 72
4 84 4 23 37 76 27 79 84
58 79 58 68 74 72 87 27 79
28 6 28 35 39 87 13 74 63 65 6
22 81 22 13 74 63 65 6 37 48 75 80 81
1 16 1 13 26 42 51 67 72 87 27 44 55 58 68 69 76 23 49 7 14 16
28 60 28 41 49 69 60
7 61 7 57 63 65 13 28 25 85 41 76 23 37 49 69 26 42 33 61
69 67 69 26 42 62 27 44 55 67
38 79 38 65 6 16 35 25 62 72 87 27 79
8 27 8 51 67 72 87 27
2 61 2 7 62 6 31 26 42 33 61
30 61 30 44 55 67 72 87 13 74 63 65 37 49 69 26 42 33 61
38 20 38 58 68 69 26 42 20
35 32 35 25 85 41 49 69 76 23 32
46 60 46 23 37 51 67 72 87 27 44 55 58 68 13 60
42 6 42 33 51 67 72 87 27 44 55 58 68 13 74 63 65 37 76 7 14 16 35 25 62 6
14 86 14 25 33 49 69 26 42 62 72 87 13 28 64 86
46 6 46 25 85 6
22 60 22 25 33 51 67 72 87 27 44 55 58 68 69 60
65 72 65 37 49 7 14 25 62 72
15 16 15 16
65 55 65 13 20 40 33 62 25 85 41 49 76 27 44 55
3 52 3 38 37 52
22 86 22 34 59 64 86
85 72 85 41 57 72
8 55 8 9 62 72 87 27 44 55
46 72 46 58 68 69 25 85 6 37 76 51 67 72
40 58 40 13 28 9 20 56 74 63 65 6 16 87 27 44 55 58
4 79 4 30 44 79
76 64 76 51 67 72 87 13 28 7 43 44 55 58 68 69 26 42 62 37 59 64
57 67 57 63 65 6 31 58 68 69 25 33 49 72 87 13 26 28 37 51 67
63 71 63 65 13 68 51 59 64 71
39 64 39 16 29 48 52 64
31 29 31 26 28 37 49 25 33 51 67 72 87 27 44 55 58 68 13 29
15 82 15 41 76 7 43 44 55 58 67 82
31 80 31 26 42 62 27 44 55 58 68 51 67 72 87 13 20 40 41 49 76 23 37 52 80
42 33 42 33
46 33 46 23 37 72 87 13 74 63 65 6 16 35 25 33
40 78 40 41 76 51 67 72 87 13 74 63 65 37 49 25 62 27 44 55 58 68 69 26 28 7 57 78
46 60 46 58 67 72 87 13 60
1 80 1 43 87 13 29 48 75 80
1 32 1 33 51 67 72 87 27 44 55 58 68 13 26 28 23 32
3 44 3 20 55 58 68 74 63 65 37 76 57 72 87 27 44
1 9 1 26 28 9
14 67 14 30 44 55 67
16 32 16 87 13 20 40 68 69 76 23 32
2 32 2 26 42 20 39 51 67 72 87 27 44 55 58 68 9 62 25 85 41 57 63 65 37 49 76 23 32
39 32 39 51 67 72 87 13 28 23 32
30 29 30 44 55 58 68 69 25 35 72 87 13 29
22 67 22 13 68 51 67
27 71 27 44 55 58 68 74 72 87 13 29 48 52 64 71
4 13 4 23 37 51 67 72 87 13
22 13 22 43 87 13
42 83 42 62 6 31 26 28 68 51 80 81 83
62 67 62 72 87 27 44 55 67
16 84 16 87 27 44 84
65 67 65 13 26 28 9 20 56 72 87 27 44 55 58 67
16 81 16 29 48 52 80 81
19 25 19 38 58 68 9 20 40 41 63 65 13 26 28 25
28 6 28 68 74 63 65 6
33 29 33 51 67 72 87 13 29
19 86 19 69 26 42 51 59 64 86
2 51 2 7 43 87 27 44 55 58 68 9 20 39 51
28 20 28 37 76 7 43 87 13 20
11 73 11 13 68 74 63 65 6 16 35 72 87 27 44 55 58 67 73
21 34 21 7 14 30 34
68 23 68 9 20 39 16 35 63 65 6 37 49 69 76 23
39 63 39 65 37 49 58 68 74 72 87 13 26 42 9 20 40 41 63
3 84 3 58 67 72 87 27 44 55 84
3 70 3 30 44 55 58 67 72 87 70
21 80 21 42 62 27 44 55 67 72 87 13 68 51 80
19 61 19 38 58 68 13 26 28 23 49 25 33 61
3 75 3 37 76 51 67 72 87 13 20 40 41 63 65 6 16 29 48 75
28 63 28 35 63
22 86 22 13 68 74 63 65 37 48 52 64 86
63 86 63 65 64 86
4 48 4 26 28 23 49 7 62 6 16 35 63 65 13 29 48
27 75 27 44 55 58 67 72 87 13 29 48 75
37 67 37 49 7 57 63 65 13 26 42 33 51 67
15 71 15 30 34 59 64 71
28 84 28 9 20 40 13 26 42 33 62 37 76 51 67 72 87 27 44 79 84
68 67 68 9 62 27 44 55 58 67
57 48 57 72 87 27 44 55 58 68 74 63 65 6 16 35 39 34 48
74 25 74 63 65 37 76 51 67 72 87 13 26 28 68 69 25
30 79 30 44 79
13 44 13 20 56 74 63 65 37 72 87 27 44
19 9 19 69 76 51 67 72 87 13 74 63 65 37 49 25 62 27 44 55 58 68 9
8 25 8 62 6 16 35 25
68 20 68 51 67 72 87 13 20
26 55 26 42 51 67 72 87 13 28 41 57 63 65 37 49 69 25 33 62 6 16 35 39 58 68 9 20 40 43 44 55
4 72 4 74 63 65 37 72
62 29 62 6 16 87 27 44 55 58 68 74 63 65 37 76 23 49 25 38 13 29
56 25 56 20 39 65 37 72 87 27 44 55 58 68 13 28 41 49 7 62 25
9 50 9 20 56 74 63 65 13 26 42 33 51 67 72 87 27 44 55 58 68 69 25 85 41 50
39 86 39 34 59 64 86
85 25 85 41 49 7 43 44 55 58 68 69 25
35 55 35 72 87 27 44 55
42 89 42 89
87 66 87 13 20 39 16 35 63 65 37 49 76 23 66
15 13 15 30 44 55 58 67 72 87 13
35 33 35 39 16 87 13 20 55 58 68 9 62 25 33
8 37 8 51 67 72 87 13 28 9 20 56 74 63 65 6 37
39 80 39 51 67 72 87 13 20 40 68 74 63 65 37 52 80
31 63 31 26 42 33 51 67 72 87 13 28 25 63
21 60 21 9 62 27 44 55 67 72 87 13 28 23 49 69 60
8 61 8 62 27 44 55 58 67 72 87 13 68 69 26 28 25 33 61
19 27 19 62 37 49 25 38 13 74 63 65 6 16 87 27
76 73 76 7 62 27 44 55 67 73
14 58 14 16 35 25 38 58
56 86 56 20 40 68 51 67 72 87 13 74 63 65 6 16 29 48 52 64 86
28 59 28 68 69 76 23 49 58 67 72 87 13 74 63 65 6 37 59
62 73 62 37 49 72 87 13 20 39 51 67 73
46 72 46 23 37 51 67 72
16 79 16 35 72 87 27 79
31 72 31 56 20 55 58 68 13 26 42 51 67 72
56 30 56 20 39 51 67 72 87 27 44 55 58 68 9 62 6 16 35 63 65 13 28 37 76 7 14 30
62 89 62 27 44 84 89
41 83 41 70 81 83
11 16 11 7 14 30 44 55 67 72 87 13 28 41 49 76 57 63 65 6 16
87 52 87 13 28 7 62 37 48 52
46 20 46 25 62 27 44 55 67 72 87 13 20
9 66 9 62 72 87 13 28 23 66
69 9 69 25 38 58 68 9
23 48 23 37 48
63 66 63 65 37 72 87 27 44 55 58 68 9 20 40 13 26 28 23 66
68 73 68 13 74 63 65 37 51 67 73
20 83 20 55 58 67 72 87 13 26 42 33 62 27 79 83
35 70 35 39 87 70
26 75 26 28 41 49 72 87 13 74 63 65 6 16 29 48 75
46 7 46 26 42 9 20 39 51 67 72 87 13 68 69 25 85 6 31 56 74 63 65 37 49 7
87 71 87 13 68 69 64 71
14 81 14 30 44 55 58 68 13 20 56 74 70 81
34 79 34 79
18 80 18 20 56 74 63 65 6 31 26 42 33 51 80
39 83 39 87 70 81 83
39 57 39 76 7 57
3 78 3 27 78
62 77 62 37 77
41 50 41 50
8 16 8 62 6 37 49 7 57 63 65 13 28 9 20 39 16
40 51 40 33 62 27 44 55 58 68 51
22 23 22 20 39 43 44 55 67 72 87 13 28 23
69 52 69 76 7 43 52
31 16 31 43 44 55 67 72 87 13 26 28 25 85 41 57 63 65 6 16
4 30 4 7 14 30
2 32 2 25 38 37 51 67 72 87 27 44 55 58 68 13 74 63 65 6 16 35 39 76 23 32
76 43 76 23 37 51 67 72 87 13 26 28 9 20 40 43
65 83 65 6 31 26 28 9 20 40 33 62 72 87 27 44 79 83
3 83 3 30 44 79 83
42 73 42 20 39 16 35 72 87 13 74 63 65 37 49 58 67 73
2 70 2 9 20 56 70
27 79 27 79
2 58 2 9 62 27 44 55 58
49 60 49 7 43 44 55 67 72 87 13 68 69 60
85 82 85 82
14 41 14 6 16 35 72 87 13 26 28 41
85 89 85 41 57 72 87 27 44 84 89
23 80 23 49 69 76 51 80
40 44 40 68 69 76 27 44
56 20 56 72 87 13 20
68 55 68 69 25 40 13 20 56 74 63 65 37 51 67 72 87 27 44 55
3 63 3 9 20 40 43 44 55 58 67 72 87 13 28 7 14 57 63
40 9 40 33 51 67 72 87 27 44 55 58 68 9
28 73 28 25 38 65 37 72 87 27 44 55 58 67 73
21 60 21 9 20 56 74 72 87 13 60
31 13 31 58 67 72 87 13
65 60 65 6 37 49 69 60
28 26 28 9 20 39 58 68 69 26
28 84 28 68 13 84
13 86 13 29 48 52 64 86
14 48 14 34 48
39 73 39 58 67 73
51 73 51 67 73
2 80 2 23 37 49 76 27 44 55 58 68 69 26 28 9 62 72 87 13 20 56 74 63 65 6 31 43 52 80
42 81 42 20 55 58 68 9 62 37 72 87 70 81
18 58 18 76 51 67 72 87 27 44 55 58
56 34 56 74 72 87 13 28 37 49 76 7 14 34
35 80 35 63 65 37 51 80
21 81 21 26 28 7 62 25 35 72 87 70 81
63 67 63 65 6 16 35 39 58 68 74 72 87 13 26 42 20 55 67
74 60 74 63 65 6 16 87 13 60
21 33 21 58 67 72 87 13 20 40 33
2 84 2 7 43 44 84
39 75 39 43 87 13 29 48 75
30 81 30 44 55 67 72 87 70 81
40 37 40 41 57 63 65 6 37
15 83 15 16 29 48 75 80 81 83
74 67 74 72 87 27 44 55 58 67
65 73 65 13 20 56 72 87 27 44 55 67 73
4 51 4 7 43 87 13 26 42 9 20 39 65 37 51
15 70 15 9 20 40 68 74 72 87 70
56 83 56 74 70 81 83
58 29 58 68 74 63 65 13 29
20 79 20 55 67 72 87 13 26 42 62 27 44 79
49 83 49 76 51 80 81 83
2 84 2 56 74 63 65 37 76 27 79 84
85 25 85 6 16 35 39 65 13 26 28 9 62 27 44 55 58 68 69 25
56 27 56 74 63 65 37 72 87 27
40 70 40 13 68 51 67 72 87 70
69 89 69 76 23 37 72 87 13 74 63 65 6 16 35 39 43 52 77 89
85 61 85 41 76 51 67 72 87 27 44 55 58 68 9 62 6 37 49 25 63 65 13 20 40 33 61
28 86 28 9 20 40 33 49 64 86
25 32 25 63 65 13 26 28 23 32
3 32 3 37 51 67 72 87 27 44 55 58 68 69 26 28 7 14 6 16 35 25 33 49 76 23 32
51 73 51 67 73
2 73 2 25 63 65 13 28 37 76 7 14 42 62 72 87 27 44 55 58 67 73
39 25 39 51 67 72 87 13 74 63 65 6 31 26 28 41 49 69 25
20 79 20 40 43 44 55 58 67 72 87 27 79
49 84 49 58 68 69 25 85 6 37 51 67 72 87 27 44 79 84
21 60 21 26 28 41 50 60
9 66 9 62 27 44 55 58 68 51 67 72 87 13 26 42 20 39 16 35 25 33 49 69 76 23 66
4 78 4 26 28 37 72 87 13 74 63 65 6 31 68 69 76 57 78
3 60 3 37 72 87 13 60
35 16 35 72 87 27 44 55 58 68 9 62 37 76 23 49 25 40 13 26 28 41 63 65 6 16
76 29 76 27 44 55 67 72 87 13 29
57 61 57 63 65 13 26 28 37 51 67 72 87 27 44 55 58 68 9 62 6 16 35 25 40 41 76 23 49 7 14 42 33 61
87 23 87 13 28 25 33 62 6 31 43 44 55 58 68 9 20 40 41 76 23
87 33 87 13 26 42 33
62 29 62 6 31 26 42 51 67 72 87 27 44 55 58 68 9 20 39 76 7 14 16 29
4 20 4 9 20
14 23 14 42 20 40 33 49 72 87 13 28 35 63 65 37 76 23
8 78 8 40 68 69 78
11 60 11 43 87 13 60
58 48 58 68 9 62 6 37 51 67 72 87 13 28 7 14 30 34 48
3 6 3 20 56 72 87 13 68 74 63 65 6
4 48 4 7 62 25 33 51 67 72 87 27 44 55 58 68 13 29 48
42 64 42 33 62 25 63 65 13 29 48 52 64
40 55 40 33 51 67 72 87 27 44 55
58 50 58 68 74 63 65 13 28 41 50
25 75 25 40 13 20 56 74 63 65 37 49 69 26 28 35 39 34 48 75
27 83 27 44 55 67 72 87 70 81 83
2 63 2 9 20 39 16 35 63
7 32 7 14 28 23 32
16 79 16 35 25 79
49 58 49 7 62 37 72 87 13 28 9 20 39 58
85 20 85 6 37 72 87 13 20
58 75 58 68 51 67 72 87 13 29 48 75
57 44 57 72 87 27 44
85 34 85 6 16 35 25 33 51 67 72 87 27 44 55 58 68 13 28 7 14 30 34
15 51 15 41 49 72 87 13 20 40 68 74 63 65 6 31 26 28 23 37 76 51
27 67 27 44 55 67
18 29 18 63 65 13 20 40 41 76 51 67 72 87 27 44 55 58 68 69 25 35 39 16 29
30 79 30 44 79
8 70 8 7 62 37 51 67 72 87 70
15 88 15 30 48 75 88
6 84 6 31 43 44 79 84
85 29 85 6 37 72 87 13 29
11 23 11 7 62 37 51 67 72 87 13 74 63 65 6 31 56 20 39 58 68 69 26 28 23
7 52 7 43 52
2 52 2 26 28 68 74 63 65 6 37 48 52
14 81 14 28 25 38 37 52 80 81
40 30 40 68 9 62 72 87 13 26 28 41 49 7 14 30
19 9 19 62 72 87 13 28 9
28 55 28 41 63 65 6 37 51 67 72 87 13 26 42 20 40 68 9 62 27 44 55
2 32 2 33 51 67 72 87 27 44 55 58 68 69 25 40 13 74 63 65 37 49 76 23 32
28 33 28 23 37 76 27 44 55 67 72 87 13 68 9 62 6 16 35 25 33
22 61 22 31 26 42 33 61
87 83 87 70 81 83
87 78 87 13 74 63 65 37 49 7 57 78
13 71 13 28 64 71
62 57 62 37 72 87 13 26 28 41 57
39 37 39 58 68 13 28 23 37
9 83 9 62 6 37 48 52 80 81 83
72 48 72 87 13 68 74 63 65 37 48
3 48 3 37 48
21 82 21 26 42 33 51 59 64 71 82
39 82 39 43 87 82
3 75 3 37 48 75
65 23 65 13 28 23
21 80 21 26 42 33 49 72 87 13 74 63 65 6 16 35 39 51 80
1 13 1 51 67 72 87 13
22 33 22 31 72 87 27 44 55 58 68 9 62 37 76 57 63 65 6 16 35 25 40 33
4 66 4 9 20 56 72 87 27 44 55 58 68 74 63 65 6 31 26 42 62 25 40 13 28 23 66
31 75 31 43 44 55 67 72 87 13 74 63 65 6 16 29 48 75
41 55 41 57 63 65 13 26 28 23 37 76 7 62 27 44 55
31 37 31 56 74 72 87 13 28 9 20 39 65 37
22 83 22 31 58 67 72 87 70 81 83
87 83 87 27 44 79 83
31 27 31 43 87 27
76 77 76 27 44 55 67 72 87 77
25 80 25 63 65 37 48 52 80
18 88 18 6 16 29 48 88
49 63 49 25 35 39 58 67 72 87 13 20 56 74 63
57 52 57 72 87 13 74 63 65 37 48 52
56 25 56 74 63 65 37 49 25
15 78 15 16 35 25 38 37 51 67 72 87 13 68 78
38 80 38 65 13 26 42 51 80
27 44 27 44
3 48 3 30 34 48
8 57 8 7 14 28 35 72 87 13 20 40 41 57
38 27 38 58 68 13 26 42 51 67 72 87 27
85 52 85 41 57 63 65 37 52
20 80 20 39 34 48 75 80
41 79 41 76 51 67 72 87 27 44 79
65 64 65 13 26 42 59 64
76 89 76 7 14 42 20 56 74 89
46 84 46 26 28 41 57 63 65 13 74 72 87 27 79 84
33 32 33 51 67 72 87 13 74 63 65 6 37 49 76 23 32
31 16 31 43 44 55 58 67 72 87 13 20 56 74 63 65 6 16
3 51 3 27 44 55 58 67 72 87 13 28 25 33 62 37 51
42 16 42 9 62 37 76 23 49 7 14 25 38 13 68 69 26 28 41 57 63 65 6 16
74 13 74 63 65 37 49 69 76 27 44 55 67 72 87 13
40 88 40 13 28 68 9 62 6 16 29 48 75 88
65 89 65 6 77 89
35 63 35 63
18 84 18 41 63 65 6 16 35 25 62 27 79 84
38 23 38 37 51 67 72 87 27 44 55 58 68 69 26 28 23
76 29 76 7 62 72 87 13 26 42 20 39 16 29
87 79 87 27 79
15 88 15 9 20 39 76 51 67 72 87 13 68 69 26 88
49 70 49 25 35 39 87 13 74 70
40 71 40 13 28 7 14 16 29 48 52 64 71
74 64 74 63 65 64
23 80 23 37 52 80
56 41 56 20 55 58 67 72 87 13 28 41
65 64 65 64
22 55 22 31 58 67 72 87 27 44 55
34 52 34 48 52
85 55 85 6 37 72 87 27 44 55
76 84 76 27 44 84
49 55 49 58 68 9 20 56 72 87 13 74 63 65 6 37 76 27 44 55
11 26 11 7 43 44 55 67 72 87 13 28 25 85 6 16 35 63 65 37 76 23 49 69 26
63 81 63 65 6 37 52 80 81
3 16 3 37 51 67 72 87 13 28 41 76 57 63 65 6 16
3 52 3 37 52
51 80 51 80
76 13 76 23 37 49 69 25 63 65 13
39 64 39 34 48 52 64
65 80 65 13 29 48 52 80
42 67 42 33 49 7 14 6 31 56 74 72 87 13 28 25 63 65 37 51 67
27 66 27 44 55 58 67 72 87 13 28 37 49 76 23 66
35 67 35 63 65 6 37 72 87 27 44 55 67
11 30 11 7 14 30
69 75 69 26 42 20 56 72 87 27 44 55 58 68 74 63 65 13 29 48 75
39 52 39 43 52
35 80 35 39 34 48 52 80
39 86 39 87 27 44 55 67 72 86
31 83 31 26 42 9 20 56 74 70 81 83
34 83 34 79 83
1 73 1 33 51 67 73
42 57 42 51 67 72 87 27 44 55 58 68 74 63 65 13 26 28 23 37 76 7 57
35 7 35 63 65 37 76 7
18 60 18 22 43 44 55 67 72 87 13 60
42 82 42 62 27 44 55 67 72 87 70 82
65 41 65 6 31 26 28 37 76 23 49 69 25 40 41
56 71 56 74 63 65 13 28 35 39 16 29 48 52 64 71
1 7 1 26 42 20 56 74 63 65 6 16 87 13 28 23 49 69 76 7
9 83 9 62 25 33 49 72 87 13 74 70 81 83
28 61 28 23 49 76 27 44 55 67 72 87 13 26 42 33 61
39 33 39 87 13 28 35 25 33
22 59 22 20 39 34 59
69 82 69 25 85 82
8 75 8 62 6 31 26 42 33 51 67 72 87 13 74 63 65 37 48 75
40 59 40 68 69 25 62 27 44 55 58 67 72 87 13 28 41 63 65 37 51 59
40 67 40 43 44 55 67
68 88 68 69 25 40 41 57 63 65 6 31 26 28 9 20 56 88
63 81 63 65 13 28 7 14 34 48 75 80 81
31 84 31 56 74 63 65 37 72 87 27 44 84
69 72 69 26 42 9 62 6 31 43 44 55 67 72
58 61 58 67 72 87 13 26 42 62 6 37 49 69 25 33 61
69 66 69 25 33 51 67 72 87 13 20 39 58 68 74 63 65 37 76 7 14 28 23 66
18 72 18 63 65 6 16 87 13 74 72
85 75 85 6 31 72 87 13 74 63 65 37 48 75
62 81 62 25 85 70 81
40 34 40 33 62 6 31 68 69 76 7 14 34
1 9 1 2 26 28 7 14 42 9
31 80 31 43 52 80
14 88 14 25 85 88
22 78 22 31 43 87 13 28 41 76 27 78
21 84 21 42 20 39 43 87 27 79 84
3 84 3 30 34 79 84
74 81 74 63 65 6 16 29 48 52 80 81
27 67 27 44 55 58 67
1 75 1 51 67 72 87 13 74 63 65 6 37 48 75
38 34 38 13 26 42 51 67 72 87 27 44 55 58 68 74 63 65 37 76 23 49 7 14 16 35 39 34
49 89 49 72 87 77 89
57 50 57 72 87 13 74 63 65 6 37 49 7 14 30 44 55 58 68 9 20 40 41 50
3 81 3 23 37 48 52 80 81
65 32 65 6 37 51 67 72 87 13 26 28 23 32
57 61 57 63 65 13 68 69 26 42 9 20 40 33 61
3 51 3 27 44 55 58 67 72 87 13 28 9 20 56 74 63 65 6 16 35 39 51
4 52 4 49 25 63 65 37 51 67 72 87 13 29 48 52
51 80 51 80
2 72 2 56 20 40 33 49 76 7 43 44 55 67 72
25 32 25 33 49 58 68 69 26 28 23 32
16 73 16 35 63 65 6 31 56 74 72 87 27 44 55 67 73
14 63 14 6 37 51 67 72 87 27 44 55 58 68 69 76 57 63
63 66 63 65 37 76 23 66
39 55 39 65 13 28 25 40 33 51 67 72 87 27 44 55
7 32 7 57 63 65 13 26 28 23 32
62 37 62 6 37
11 26 11 13 26
13 61 13 68 9 20 40 33 61
27 75 27 44 55 67 72 87 13 29 48 75
25 86 25 85 41 57 63 65 6 16 86
33 29 33 51 67 72 87 13 28 9 62 6 16 29
22 73 22 25 40 41 76 23 37 72 87 13 68 74 63 65 6 16 35 39 51 67 73
33 83 33 51 80 81 83
68 29 68 74 63 65 37 49 25 85 6 16 29
2 58 2 13 74 63 65 6 31 72 87 27 44 55 58
42 23 42 33 49 76 23
7 73 7 14 25 38 65 13 74 72 87 27 44 55 67 73
69 89 69 26 28 77 89
11 44 11 68 9 20 55 58 67 72 87 13 74 63 65 37 76 23 49 7 62 27 44
22 41 22 26 42 9 62 37 49 72 87 27 44 55 58 68 13 74 63 65 6 16 35 25 85 41
33 71 33 62 72 87 27 44 55 58 68 13 26 28 7 43 52 71
8 70 8 7 62 72 87 70
21 83 21 7 57 72 87 27 44 79 83
15 13 15 41 63 65 13
39 25 39 51 67 72 87 27 44 55 58 68 13 20 40 33 62 25
40 9 40 43 87 13 68 9
62 51 62 25 40 33 51
46 29 46 26 42 20 40 68 51 67 72 87 13 29
14 13 14 6 16 35 72 87 13
16 80 16 35 72 87 13 74 63 65 37 48 52 80
38 72 38 37 72
34 84 34 79 84
21 6 21 42 51 67 72 87 13 26 28 25 35 63 65 6
15 83 15 16 29 48 75 80 81 83
35 80 35 63 65 37 51 67 72 87 27 44 55 58 68 69 26 42 62 6 31 56 20 39 34 48 75 80
14 80 14 16 29 48 75 80
23 83 23 37 72 87 70 81 83
3 55 3 27 44 55
74 67 74 72 87 27 44 55 67
31 79 31 58 68 13 28 7 43 44 79
35 77 35 39 76 23 49 58 68 69 25 62 72 87 77
42 83 42 20 55 67 72 87 13 26 28 9 62 27 79 83
26 86 26 28 64 86
68 26 68 13 26
42 44 42 9 20 55 58 68 74 72 87 13 26 28 23 37 76 27 44
1 26 1 2 26
13 67 13 28 41 63 65 6 31 58 68 69 25 40 43 87 27 44 55 67
14 66 14 28 23 66
13 67 13 68 51 67
28 71 28 64 71
1 20 1 33 51 67 72 87 13 28 23 49 58 68 69 26 42 20
74 57 74 72 87 13 28 35 25 63 65 6 37 76 57
38 83 38 65 6 37 48 52 80 81 83
3 44 3 38 37 51 67 72 87 27 44
87 86 87 13 28 35 39 16 29 48 52 64 86
39 9 39 16 35 63 65 13 68 69 26 42 9
56 37 56 74 63 65 37
39 70 39 51 67 72 87 70
2 63 2 33 49 25 63
11 84 11 43 44 84
21 60 21 7 14 42 33 51 67 72 87 13 20 56 74 63 65 37 76 23 49 58 68 69 60
56 32 56 74 63 65 6 16 35 25 62 27 44 55 67 72 87 13 26 28 37 76 23 32
40 61 40 33 61
70 83 70 81 83
27 86 27 44 55 67 72 87 13 29 48 52 64 86
39 88 39 51 67 72 87 13 26 88
42 70 42 9 20 55 58 68 74 70
46 41 46 26 28 41
40 41 40 41
74 58 74 63 65 13 68 69 76 23 37 72 87 27 44 55 58
49 80 49 76 51 80
3 50 3 9 20 40 13 26 28 41 50
63 83 63 65 13 83
37 81 37 51 80 81
46 66 46 23 66
40 82 40 43 52 71 82
69 6 69 76 57 63 65 6
85 34 85 41 49 7 14 25 40 33 62 37 51 67 72 87 13 28 9 20 39 34
49 6 49 72 87 13 74 63 65 6
2 34 2 56 74 63 65 6 37 51 67 72 87 27 44 55 58 68 9 62 25 35 39 34
21 37 21 7 14 16 35 72 87 27 44 55 58 68 13 74 63 65 37
35 50 35 25 63 65 6 37 49 7 62 27 44 55 67 72 87 13 28 41 50
46 73 46 25 38 65 37 51 67 72 87 13 20 73
43 86 43 87 13 28 25 38 59 64 86
40 81 40 43 44 55 58 67 72 87 13 20 56 74 63 65 6 31 68 51 80 81
39 67 39 16 35 72 87 13 74 63 65 37 76 23 49 25 33 62 6 31 43 44 55 67
8 60 8 40 60
8 61 8 40 33 61
15 32 15 16 35 63 65 13 28 23 32
21 16 21 26 42 33 51 67 72 87 13 74 63 65 6 16
26 71 26 28 7 64 71
57 52 57 72 87 13 28 7 62 37 48 52
38 88 38 13 68 88
22 44 22 25 33 62 27 44
68 23 68 13 26 28 37 76 23
76 67 76 23 37 51 67
8 59 8 7 14 6 16 35 25 62 37 51 67 72 87 13 28 41 49 76 27 44 55 58 68 9 20 39 34 59
38 64 38 58 68 69 76 51 59 64
62 73 62 6 37 76 51 67 72 87 13 20 39 43 44 55 58 68 69 26 73
18 43 18 76 7 57 72 87 27 44 55 58 68 9 20 40 33 62 6 37 49 25 85 41 63 65 13 26 28 35 39 43
28 60 28 37 51 67 72 87 13 60
38 13 38 13
21 82 21 70 82
35 52 35 25 38 58 67 72 87 13 29 48 52
40 59 40 33 51 67 72 87 13 74 63 65 37 59
35 29 35 39 16 29
85 82 85 6 16 87 27 44 55 58 67 82
30 73 30 44 55 58 68 69 76 57 72 87 13 20 40 33 51 67 73
38 63 38 13 28 9 20 40 41 76 51 67 72 87 27 44 55 58 68 74 63
22 23 22 31 72 87 27 44 55 58 68 69 76 23
49 64 49 7 14 30 44 55 58 68 51 67 72 87 13 28 35 59 64
62 77 62 27 44 55 58 67 72 87 77
13 73 13 68 9 20 55 67 73
49 61 49 7 43 87 13 26 42 20 40 33 61
19 72 19 69 26 28 87 27 44 55 58 68 51 67 72
58 75 58 68 74 72 87 13 29 48 75
20 50 20 40 41 50
35 60 35 60
37 52 37 76 7 14 30 48 52
30 84 30 44 55 84
31 13 31 72 87 13
49 55 49 7 43 87 27 44 55
43 84 43 87 27 44 79 84
64 71 64 71
42 80 42 33 51 67 72 87 13 29 48 75 80
39 58 39 16 87 13 74 63 65 37 49 76 27 44 55 58
25 86 25 62 6 86
18 6 18 76 27 44 55 58 67 72 87 13 68 9 20 56 74 63 65 6
65 43 65 37 49 7 43
42 41 42 62 25 33 49 58 67 72 87 13 26 28 41
65 84 65 37 76 57 72 87 27 44 79 84
69 16 69 76 23 37 49 7 62 27 44 55 58 68 51 67 72 87 13 20 40 41 63 65 6 16
85 43 85 41 76 51 67 72 87 13 74 63 65 6 31 58 68 9 62 25 35 39 43
39 29 39 16 29
62 67 62 27 44 55 58 67
31 26 31 26
85 59 85 6 16 35 59
11 26 11 68 9 20 40 13 26
22 61 22 25 33 61
76 37 76 27 44 55 58 67 72 87 13 28 25 62 37
3 78 3 9 20 55 67 72 87 27 78
62 57 62 25 85 6 37 76 7 57
39 71 39 16 35 59 64 71
39 59 39 34 59
22 84 22 34 79 84
2 30 2 33 51 67 72 87 27 44 55 58 68 9 20 39 76 23 37 49 7 14 30
46 25 46 26 42 33 51 67 72 87 27 44 55 58 68 69 25
19 57 19 62 6 37 51 67 72 87 27 44 55 58 68 13 26 28 23 49 76 57
43 79 43 44 79
69 7 69 76 7
40 60 40 60
3 43 3 37 76 27 44 55 67 72 87 13 74 63 65 6 16 35 25 40 43
69 89 69 76 23 49 72 87 77 89
38 52 38 65 37 76 27 44 55 67 72 87 13 26 28 23 49 25 35 39 16 29 48 52
68 43 68 69 76 27 44 55 58 67 72 87 13 20 40 41 63 65 6 31 43
4 16 4 9 62 37 76 51 67 72 87 13 74 63 65 6 16
7 52 7 57 63 65 13 68 9 20 40 43 52
65 77 65 6 31 26 28 25 40 33 62 72 87 77
28 41 28 41
85 13 85 41 49 69 76 7 43 87 13
6 79 6 37 76 27 79
28 61 28 37 51 67 72 87 27 44 55 58 68 69 26 42 33 61
3 80 3 9 62 37 49 76 57 72 87 13 74 63 65 6 31 26 42 20 55 58 68 69 25 40 43 52 80
34 52 34 48 52
4 82 4 74 70 82
40 16 40 43 44 55 58 68 69 25 38 37 72 87 13 74 63 65 6 16
23 48 23 49 69 76 27 44 55 67 72 87 13 26 42 20 39 58 68 9 62 37 48
42 67 42 62 6 16 35 72 87 27 44 55 58 67
16 44 16 87 27 44
11 83 11 43 44 79 83
42 73 42 33 51 67 73
30 32 30 44 55 67 72 87 13 26 28 7 57 63 65 37 76 23 32
87 78 87 27 78
62 13 62 37 51 67 72 87 13
65 59 65 37 51 59
27 75 27 44 55 58 68 51 67 72 87 13 74 63 65 37 48 75
4 25 4 9 62 27 44 55 58 67 72 87 13 26 28 41 49 25
31 63 31 43 44 55 58 68 74 63
4 58 4 49 58
3 80 3 30 44 55 58 67 72 87 13 28 35 25 85 41 57 63 65 6 31 56 20 40 33 51 80
49 50 49 76 23 37 51 67 72 87 13 20 56 74 63 65 6 31 26 28 25 85 41 50
20 81 20 40 68 69 26 28 25 63 65 6 16 29 48 75 80 81
23 52 23 49 76 51 67 72 87 13 29 48 52
49 84 49 58 67 72 87 27 79 84
35 77 35 39 76 7 62 72 87 27 44 55 58 77
41 80 41 57 63 65 6 37 48 75 80
40 41 40 41
25 61 25 33 61
14 32 14 42 62 37 51 67 72 87 27 44 55 58 68 74 63 65 13 26 28 23 32
19 43 19 43
8 88 8 41 57 63 65 6 16 87 27 88
62 30 62 25 40 33 51 67 72 87 27 44 55 58 68 13 20 56 74 63 65 6 37 76 7 14 30
76 73 76 7 14 42 9 62 25 33 51 67 73
62 84 62 25 40 13 68 74 63 65 37 49 58 67 72 87 27 44 84
21 78 21 58 68 9 62 72 87 27 78
56 37 56 74 63 65 6 37
85 29 85 41 76 51 67 72 87 13 29
69 6 69 25 62 27 44 55 58 67 72 87 13 20 56 74 63 65 6
8 79 8 9 62 72 87 13 28 35 39 43 44 79
68 55 68 69 25 38 37 49 76 57 63 65 6 31 56 72 87 27 44 55
31 33 31 58 68 9 62 6 16 35 39 51 67 72 87 13 28 37 76 23 49 25 33
30 32 30 44 55 58 68 74 63 65 13 20 40 41 76 23 32
9 71 9 71
1 6 1 33 51 67 72 87 27 44 55 58 68 74 63 65 13 28 23 37 49 25 85 6
15 26 15 41 49 76 57 63 65 6 31 58 68 13 26
31 25 31 68 74 63 65 13 28 41 49 25
28 41 28 41
8 61 8 62 25 33 61
56 71 56 64 71
21 77 21 13 28 41 63 65 77
46 23 46 23
40 43 40 43
26 84 26 42 9 62 25 79 84
38 13 38 65 13
14 16 14 6 16
27 84 27 44 84
39 29 39 76 23 37 49 25 63 65 6 16 29
34 75 34 48 75
87 13 87 13
28 9 28 7 57 63 65 13 68 9
11 80 11 7 57 63 65 13 29 48 75 80
11 55 11 43 87 13 20 55
18 27 18 22 25 38 65 13 74 72 87 27
76 9 76 57 63 65 6 31 26 28 35 72 87 27 44 55 58 68 9
19 83 19 25 33 62 72 87 70 81 83
1 44 1 7 14 30 44
38 50 38 58 68 74 72 87 13 28 7 57 63 65 6 37 76 23 49 69 26 42 20 40 41 50
46 72 46 58 67 72
72 66 72 87 27 44 55 58 68 9 20 56 74 63 65 13 28 23 66
39 44 39 65 13 28 23 37 51 67 72 87 27 44
26 55 26 28 41 76 23 49 69 25 62 6 37 51 67 72 87 27 44 55
74 64 74 72 87 13 20 56 64
62 6 62 6
76 59 76 27 44 55 58 67 72 87 13 28 41 49 7 14 59
69 29 69 76 51 67 72 87 13 28 23 37 49 25 38 65 6 16 29
69 61 69 26 42 9 62 25 33 61
40 81 40 13 20 39 34 48 52 80 81
2 79 2 25 79
21 34 21 42 20 39 34
28 75 28 9 62 25 35 63 65 13 26 42 20 39 16 29 48 75
15 86 15 30 44 55 67 72 86
42 48 42 33 51 67 72 87 27 44 55 58 68 74 63 65 37 48
74 82 74 72 87 27 44 55 58 67 82
6 48 6 16 29 48
46 52 46 23 37 72 87 13 20 39 43 52
28 63 28 7 57 72 87 13 74 63
39 73 39 16 35 63 65 13 74 72 87 27 44 55 58 67 73
62 80 62 37 72 87 27 44 55 58 68 51 80
69 6 69 26 42 33 49 76 7 57 72 87 13 68 9 62 6
42 34 42 62 37 51 67 72 87 27 44 55 58 68 9 20 39 34
68 84 68 51 67 72 87 27 79 84
7 81 7 43 44 55 58 68 13 28 23 49 76 57 72 87 70 81
39 44 39 16 87 27 44
22 37 22 26 42 33 49 7 57 63 65 37
58 32 58 68 9 62 72 87 13 26 28 23 32
85 20 85 41 49 76 7 14 28 9 20
8 29 8 51 67 72 87 13 68 74 63 65 6 16 29
56 79 56 74 63 65 6 16 87 13 68 69 25 79
74 83 74 63 65 13 83
68 29 68 13 29
18 55 18 6 37 72 87 13 28 9 62 27 44 55
19 78 19 25 40 68 78
42 29 42 9 62 6 16 29
62 9 62 27 44 55 67 72 87 13 74 63 65 37 49 58 68 9
58 83 58 68 74 63 65 37 72 87 70 81 83
35 59 35 59
2 80 2 33 51 80
85 88 85 88
68 25 68 13 28 25
85 44 85 41 57 63 65 13 20 40 33 62 27 44
1 67 1 33 51 67
21 78 21 9 62 72 87 13 68 78
42 27 42 51 67 72 87 27
38 64 38 13 29 48 52 64
11 73 11 7 43 87 27 44 55 58 67 73
22 88 22 31 56 20 88
65 44 65 37 49 7 57 72 87 13 20 40 43 44
49 82 49 25 38 59 64 82
68 58 68 69 76 7 57 63 65 37 51 67 72 87 27 44 55 58
85 41 85 41
76 20 76 23 49 72 87 27 44 55 58 68 13 20
31 29 31 58 68 9 62 6 16 29
22 77 22 13 68 51 67 72 87 27 44 55 58 77
19 13 19 27 44 55 58 67 72 87 13
16 67 16 35 63 65 6 37 76 7 57 72 87 27 44 55 67
57 81 57 63 65 6 16 29 48 75 80 81
22 88 22 26 42 20 40 43 44 79 88
68 71 68 13 29 48 52 64 71
65 55 65 6 31 58 67 72 87 27 44 55
4 73 4 26 28 41 57 72 87 13 74 63 65 37 51 67 73
18 7 18 6 31 26 28 7
56 78 56 74 63 65 13 26 28 68 78
72 29 72 87 27 44 55 58 68 13 26 42 9 62 6 16 29
56 16 56 74 63 65 6 16
43 80 43 52 80
68 33 68 74 72 87 13 20 40 33
21 86 21 9 20 56 72 86
2 27 2 7 14 16 35 72 87 13 28 68 9 62 27
85 86 85 6 37 49 25 62 27 44 55 58 68 69 76 7 43 87 13 28 35 59 64 86
14 58 14 6 31 26 42 33 49 76 57 63 65 13 74 72 87 27 44 55 58
27 55 27 44 55
26 80 26 42 62 37 76 7 57 63 65 6 16 29 48 75 80
35 37 35 25 85 41 49 76 57 63 65 13 20 40 68 69 26 28 23 37
62 58 62 72 87 13 20 39 58
35 86 35 72 86
38 78 38 13 26 42 9 20 56 74 63 65 37 51 67 72 87 27 44 55 58 68 78
74 33 74 63 65 37 49 69 76 51 67 72 87 27 44 55 58 68 13 26 42 33
15 43 15 41 49 25 62 6 37 76 27 44 55 58 67 72 87 13 68 9 20 40 43
25 32 25 33 51 67 72 87 13 26 28 23 32
14 33 14 42 62 37 72 87 27 44 55 58 68 69 76 57 63 65 13 26 28 25 40 33
30 32 30 44 55 58 68 69 26 28 23 32
35 27 35 63 65 13 74 72 87 27
11 67 11 68 13 28 25 40 41 63 65 37 72 87 27 44 55 67
43 80 43 52 80
9 71 9 62 6 16 87 27 44 55 58 68 74 63 65 37 51 59 64 71
7 81 7 62 6 31 58 68 51 80 81
43 71 43 52 64 71
22 59 22 26 42 51 59
69 61 69 76 27 44 55 58 67 72 87 13 26 42 9 62 25 33 61
19 16 19 69 25 62 37 51 67 72 87 13 68 9 20 39 65 6 16
38 26 38 13 26
21 58 21 42 33 49 69 25 38 13 74 72 87 27 44 55 58
35 6 35 63 65 6
8 37 8 62 6 37
2 57 2 25 40 33 49 69 26 42 9 62 27 44 55 58 68 51 67 72 87 13 74 63 65 6 31 56 20 39 76 57
65 88 65 37 48 75 88
19 83 19 25 85 41 57 63 65 6 31 58 67 72 87 70 81 83
27 44 27 44
30 29 30 44 55 67 72 87 13 29
57 86 57 72 86
1 79 1 2 26 42 9 20 56 72 87 27 79
19 44 19 25 40 41 57 63 65 13 28 68 69 76 27 44
22 71 22 43 44 55 67 72 87 13 74 63 65 6 37 49 25 35 59 64 71
22 84 22 26 42 33 62 72 87 13 84
42 27 42 9 20 40 68 74 63 65 6 37 76 51 67 72 87 27
15 88 15 34 48 88
8 64 8 51 67 72 87 27 44 55 58 68 13 28 64
69 23 69 26 28 9 62 25 85 6 16 35 63 65 37 49 76 23
1 51 1 33 62 25 35 39 58 68 51
19 75 19 41 76 23 49 58 67 72 87 13 29 48 75
6 84 6 37 51 67 72 87 13 68 69 26 42 62 27 44 55 84
76 60 76 51 67 72 87 13 60
11 44 11 13 74 63 65 37 76 51 67 72 87 27 44
18 32 18 6 37 76 23 32
11 63 11 7 57 63
46 26 46 23 37 51 67 72 87 27 44 55 58 68 9 62 6 16 35 39 76 57 63 65 13 26
7 73 7 57 72 87 27 44 55 58 68 51 67 73
14 79 14 6 31 58 67 72 87 27 44 79
43 83 43 87 27 44 79 83
76 75 76 27 44 55 67 72 87 13 29 48 75
42 25 42 9 62 25
76 16 76 23 37 51 67 72 87 27 44 55 58 68 69 26 42 9 20 39 16
14 86 14 57 63 65 13 74 72 86
58 84 58 68 9 62 27 79 84
19 72 19 25 63 65 37 72
72 81 72 87 13 28 68 9 20 56 70 81
39 29 39 65 6 37 72 87 13 29
51 86 51 67 72 86
15 64 15 34 59 64
19 61 19 41 49 76 51 67 72 87 13 26 42 33 61
85 13 85 6 31 58 68 13
35 61 35 25 33 61
57 71 57 72 87 13 26 28 64 71
62 20 62 27 44 55 67 72 87 13 20
41 81 41 76 27 44 55 67 72 87 70 81
23 84 23 37 72 87 13 74 63 65 6 31 43 44 84
42 52 42 20 40 68 69 25 63 65 37 52
15 52 15 41 57 63 65 37 76 23 49 69 25 33 51 67 72 87 27 44 55 58 68 13 28 9 62 6 31 43 52
15 75 15 41 76 27 44 55 58 68 69 25 33 49 72 87 13 29 48 75
40 83 40 68 13 26 42 51 67 72 87 70 81 83
33 52 33 51 67 72 87 13 28 23 49 69 25 35 63 65 37 48 52
33 75 33 51 67 72 87 13 68 69 76 57 63 65 6 31 56 20 39 16 29 48 75
62 78 62 6 31 72 87 13 26 28 25 35 63 65 37 49 7 57 78
13 66 13 74 63 65 37 51 67 72 87 27 44 55 58 68 69 76 23 66
2 70 2 25 63 65 13 74 70
2 78 2 78
23 83 23 49 69 25 35 63 65 6 37 76 7 43 52 80 81 83
76 50 76 51 67 72 87 13 74 63 65 6 31 26 42 9 20 39 43 44 55 58 68 69 25 40 41 50
37 84 37 76 7 14 30 34 79 84
1 78 1 49 25 35 63 65 37 76 27 78
65 58 65 6 16 35 25 62 27 44 55 58
20 48 20 56 74 63 65 13 29 48
37 32 37 49 76 23 32
65 50 65 13 20 40 41 50
21 84 21 13 28 23 49 7 62 25 35 72 87 27 44 79 84
2 20 2 23 37 76 51 67 72 87 13 68 74 63 65 6 31 56 20
2 60 2 26 28 68 51 67 72 87 13 60
11 6 11 7 14 6
15 9 15 9
1 7 1 7
8 48 8 28 25 38 37 48
74 88 74 72 88
22 58 22 43 87 27 44 55 58
38 26 38 37 76 7 62 72 87 13 26
49 13 49 25 85 41 76 51 67 72 87 13
40 13 40 68 9 62 25 35 72 87 13
35 66 35 25 33 49 7 57 63 65 37 76 27 44 55 67 72 87 13 68 69 26 28 23 66
62 23 62 6 31 43 87 13 28 23
46 26 46 58 68 13 26
1 77 1 7 43 52 77
38 52 38 65 37 51 67 72 87 27 44 55 58 68 69 26 42 62 25 35 39 43 52
85 13 85 6 37 72 87 13
18 67 18 41 76 7 43 87 27 44 55 58 67
69 43 69 76 7 43
72 29 72 87 13 29
8 75 8 51 67 72 87 27 44 55 58 68 13 28 7 62 25 40 33 49 69 76 23 37 48 75
15 81 15 34 48 75 80 81
69 89 69 76 27 79 84 89
19 37 19 56 20 55 58 67 72 87 13 74 63 65 37
14 78 14 42 9 20 40 41 63 65 37 49 25 38 58 67 72 87 13 26 28 7 57 78
87 29 87 13 29
26 55 26 28 35 72 87 27 44 55
2 7 2 33 49 72 87 27 44 55 58 68 9 20 39 76 7
8 64 8 51 59 64
23 52 23 37 49 58 68 13 29 48 52
34 52 34 48 52
38 34 38 58 68 69 76 23 49 72 87 13 26 28 7 14 34
31 50 31 56 74 72 87 13 20 40 41 50
42 67 42 33 51 67
49 34 49 72 87 13 26 28 35 39 34
85 71 85 6 71
42 71 42 59 64 71
58 32 58 67 72 87 13 26 28 23 32
56 32 56 20 39 65 37 76 23 32
85 66 85 41 49 7 62 6 37 76 23 66
39 6 39 16 35 63 65 37 51 67 72 87 13 28 9 20 40 43 44 55 58 68 69 26 42 33 49 7 62 6
15 25 15 26 42 20 40 68 69 25
2 83 2 7 57 72 87 13 74 70 81 83
22 72 22 31 26 28 25 85 41 57 72
39 63 39 43 87 13 26 28 7 57 63
16 75 16 29 48 75
21 73 21 58 68 9 20 55 67 73
35 71 35 59 64 71
51 84 51 67 72 87 27 44 55 58 68 69 76 7 57 63 65 13 84
49 52 49 7 14 16 35 72 87 13 29 48 52
65 16 65 6 16
85 60 85 6 16 35 39 87 13 60
22 58 22 43 44 55 67 72 87 13 68 9 20 56 74 63 65 37 49 58
85 37 85 6 37
11 83 11 43 87 13 83
18 86 18 6 31 72 86
68 20 68 9 62 27 44 55 67 72 87 13 26 42 20
4 57 4 74 63 65 37 51 67 72 87 27 44 55 58 68 9 62 25 85 41 57
85 41 85 41
31 37 31 26 28 23 37
4 29 4 30 44 55 58 68 13 29
37 79 37 51 67 72 87 27 79
6 79 6 16 35 39 51 67 72 87 27 44 79
19 52 19 25 35 72 87 13 29 48 52
14 81 14 34 48 52 80 81
65 51 65 37 51
49 60 49 76 27 44 55 58 67 72 87 13 68 69 60
16 67 16 35 72 87 27 44 55 67
4 51 4 7 62 25 33 51
26 61 26 42 33 61
22 79 22 20 39 87 27 79
74 64 74 63 65 6 16 29 48 52 64
13 29 13 29
19 81 19 41 76 57 63 65 13 28 87 70 81
74 60 74 72 87 13 60
41 81 41 57 72 87 13 29 48 52 80 81
38 71 38 58 68 13 20 56 64 71
2 77 2 13 68 9 20 40 33 51 67 72 87 27 44 55 58 77
87 41 87 13 28 41
4 43 4 23 49 69 26 42 62 27 44 55 58 67 72 87 13 28 7 43
1 55 1 7 43 87 27 44 55
19 75 19 27 44 55 58 67 72 87 13 20 56 74 63 65 6 37 48 75
28 13 28 9 20 39 76 7 62 27 44 55 67 72 87 13
39 27 39 58 68 69 25 40 13 74 72 87 27
15 88 15 22 34 79 88
87 43 87 13 26 42 9 20 40 43
3 59 3 9 20 40 41 76 51 59
59 86 59 64 86
63 79 63 65 13 26 42 9 20 56 72 87 27 79
22 33 22 20 40 33
15 48 15 26 42 33 49 25 63 65 13 29 48
62 32 62 37 51 67 72 87 27 44 55 58 68 74 63 65 6 16 35 39 76 23 32
8 51 8 7 62 37 51
68 80 68 74 72 87 13 29 48 52 80
25 84 25 62 72 87 13 28 35 39 34 79 84
69 66 69 26 28 23 66
11 71 11 59 64 71
15 26 15 26
31 48 31 56 72 87 13 28 25 33 62 37 48
65 88 65 13 29 48 88
3 13 3 20 39 76 7 43 87 13
19 75 19 27 44 55 58 68 51 67 72 87 13 74 63 65 6 31 26 42 33 49 69 25 62 37 48 75
8 13 8 51 67 72 87 13
43 29 43 44 55 67 72 87 13 29
6 50 6 37 76 51 67 72 87 27 44 55 58 68 74 63 65 13 28 41 50
76 58 76 23 37 49 58
23 79 23 37 72 87 13 74 63 65 6 31 43 44 79
37 32 37 76 23 32
21 27 21 7 62 72 87 27
72 55 72 87 27 44 55
38 67 38 65 6 31 26 42 51 67
43 79 43 87 27 44 79
14 72 14 28 35 25 33 51 67 72
85 67 85 6 31 72 87 27 44 55 58 68 74 63 65 37 76 51 67
15 16 15 16
33 32 33 51 67 72 87 27 44 55 58 68 74 63 65 13 26 28 37 76 23 32
40 80 40 33 51 80
38 75 38 58 68 9 62 72 87 13 20 56 74 63 65 37 48 75
56 59 56 74 72 87 27 44 55 58 68 13 26 42 62 6 16 35 63 65 37 59
15 44 15 22 13 20 39 51 67 72 87 27 44
42 50 42 62 27 44 55 58 67 72 87 13 20 56 74 63 65 37 49 25 85 41 50
33 61 33 61
23 66 23 66
15 43 15 9 20 40 43
40 27 40 43 44 55 58 68 51 67 72 87 27
58 73 58 67 73
31 78 31 26 42 62 27 78
13 71 13 29 48 52 64 71
21 55 21 9 62 6 31 26 42 51 67 72 87 27 44 55
46 83 46 23 37 52 80 81 83
46 23 46 23
11 20 11 7 43 44 55 67 72 87 13 26 28 9 20
22 83 22 26 42 20 39 34 48 52 80 81 83
6 80 6 16 29 48 52 80
22 59 22 31 59
87 50 87 27 44 55 58 68 9 62 37 76 23 49 25 63 65 13 28 41 50
72 84 72 87 13 26 42 20 55 84
18 64 18 59 64
69 73 69 26 28 9 20 56 72 87 27 44 55 67 73
2 9 2 9
85 61 85 41 63 65 37 51 67 72 87 27 44 55 58 68 9 62 6 31 26 28 25 33 61
18 25 18 63 65 6 37 49 25
63 71 63 65 64 71
46 6 46 25 85 41 49 72 87 13 68 9 62 6
37 80 37 51 67 72 87 27 44 55 58 68 74 63 65 13 20 39 16 29 48 75 80
58 55 58 67 72 87 13 20 56 74 63 65 6 31 43 44 55
23 61 23 49 7 62 25 33 61
49 7 49 69 76 7
87 51 87 13 28 25 62 6 16 35 63 65 37 51
9 86 9 20 40 33 62 6 16 29 48 52 64 86
15 57 15 41 76 57
87 60 87 13 68 69 60
16 81 16 35 25 40 68 9 20 56 74 70 81
87 13 87 13
72 52 72 87 13 26 28 35 63 65 37 48 52
4 83 4 74 72 87 27 79 83
26 83 26 42 33 51 80 81 83
7 48 7 57 63 65 37 48
31 67 31 72 87 13 74 63 65 37 76 27 44 55 58 68 51 67
87 44 87 27 44
6 80 6 37 48 75 80
35 61 35 25 33 61
35 43 35 72 87 27 44 55 58 68 9 62 6 31 56 20 40 43
26 29 26 42 33 49 25 62 6 16 29
39 9 39 65 37 51 67 72 87 27 44 55 58 68 9
11 55 11 43 44 55
9 29 9 20 55 58 68 13 29
33 81 33 62 6 37 52 80 81
76 16 76 23 37 49 69 25 35 39 16
8 26 8 51 67 72 87 13 26
21 43 21 58 68 9 62 27 44 55 67 72 87 13 28 7 43
4 26 4 49 69 26
8 71 8 7 43 52 71
56 43 56 72 87 27 44 55 58 68 69 76 23 49 7 43
28 77 28 77
49 20 49 72 87 13 26 28 9 20
28 77 28 41 63 65 37 77
40 44 40 33 62 25 38 65 13 26 28 23 49 7 43 44
42 57 42 20 40 33 62 72 87 13 74 63 65 6 16 35 25 38 37 49 69 76 7 14 28 41 57
18 20 18 22 25 38 37 72 87 13 20
3 63 3 27 44 55 58 67 72 87 13 20 39 65 6 16 35 63
18 71 18 20 56 72 87 13 68 9 71
28 79 28 68 69 25 63 65 13 74 72 87 27 79
3 29 3 38 37 51 67 72 87 27 44 55 58 68 9 62 6 16 29
3 20 3 9 20
46 7 46 25 40 33 49 7
40 32 40 33 62 72 87 13 20 39 58 68 74 63 65 37 76 23 32
27 84 27 79 84
18 86 18 63 65 64 86
13 48 13 26 42 51 67 72 87 27 44 55 58 68 9 20 56 74 63 65 37 48
2 57 2 7 14 57
11 75 11 7 62 37 48 75
18 43 18 76 7 57 72 87 13 20 56 74 63 65 6 31 43
51 84 51 67 72 87 27 44 79 84
68 9 68 9
74 23 74 63 65 13 26 28 7 14 25 85 41 49 76 23
40 34 40 68 74 63 65 37 49 69 76 7 14 30 34
57 86 57 63 65 64 86
38 77 38 58 77
62 73 62 25 38 37 72 87 13 28 41 76 23 49 69 26 73
62 27 62 37 49 69 25 63 65 13 20 56 74 72 87 27
38 26 38 37 76 7 14 6 31 58 67 72 87 13 68 69 26
11 88 11 43 87 13 68 74 63 65 6 37 76 7 62 88
8 64 8 62 6 31 58 67 72 87 13 74 63 65 37 51 59 64
1 29 1 49 69 26 42 20 40 13 29
40 48 40 13 28 68 74 63 65 37 48
18 79 18 63 65 13 20 55 67 72 87 27 79
38 27 38 58 68 51 67 72 87 27
2 81 2 43 44 55 58 68 13 20 56 74 72 87 70 81
56 41 56 20 40 41
34 71 34 59 64 71
21 51 21 7 57 72 87 13 20 39 51
56 61 56 74 72 87 13 26 28 23 49 69 25 40 33 61
37 48 37 48
58 66 58 67 72 87 13 74 63 65 6 37 76 23 66
69 78 69 25 35 39 58 68 13 74 63 65 6 16 87 27 78
63 79 63 65 6 37 72 87 27 44 79
30 84 30 34 79 84
76 44 76 57 63 65 6 37 49 25 38 13 20 55 58 68 74 72 87 27 44
14 41 14 16 35 25 62 27 44 55 58 68 69 26 28 23 37 72 87 13 74 63 65 6 31 56 20 40 41
74 70 74 72 87 70
11 60 11 68 9 62 72 87 13 74 63 65 6 16 35 60
22 86 22 31 68 13 29 48 52 64 86
2 6 2 25 63 65 6
43 81 43 87 70 81
22 67 22 13 74 63 65 37 76 51 67
31 84 31 56 72 87 27 79 84
35 7 35 39 51 67 72 87 27 44 55 58 68 74 63 65 13 26 28 25 85 41 49 76 7
74 13 74 63 65 6 16 35 25 62 27 44 55 58 67 72 87 13
76 81 76 23 49 72 87 13 29 48 52 80 81
2 78 2 25 33 78
9 29 9 62 37 51 67 72 87 13 26 28 25 40 33 49 7 43 44 55 58 68 69 76 57 63 65 6 31 56 20 39 16 29
38 26 38 13 26
1 7 1 7
76 37 76 51 67 72 87 13 26 28 9 20 39 43 44 55 58 68 74 63 65 37
40 77 40 33 49 69 26 42 51 67 72 87 27 44 55 58 68 13 20 39 65 77
85 71 85 41 49 76 27 44 55 67 72 87 13 74 63 65 37 48 52 71
56 79 56 20 55 58 67 72 87 27 79
39 44 39 16 35 25 63 65 6 37 76 23 49 69 26 28 9 62 27 44
39 60 39 76 27 44 55 67 72 87 13 60
43 61 43 87 13 20 40 33 61
1 73 1 43 87 27 44 55 67 73
28 77 28 7 57 72 87 77
28 27 28 35 63 65 13 20 55 67 72 87 27
69 61 69 76 51 67 72 87 13 26 42 33 61
27 44 27 44
22 73 22 13 20 56 72 87 27 44 55 58 67 73
25 50 25 85 41 50
2 77 2 13 29 48 52 77
41 29 41 57 63 65 13 29
56 73 56 74 63 65 6 37 72 87 27 44 55 58 67 73
65 57 65 37 76 27 44 55 58 68 13 28 7 57
31 84 31 58 67 72 87 27 44 84
14 16 14 42 20 56 72 87 13 74 63 65 6 16
42 43 42 20 39 43
13 61 13 26 42 33 61
35 82 35 59 64 71 82
30 29 30 44 55 67 72 87 13 29
56 34 56 74 63 65 37 49 72 87 27 44 55 58 68 13 20 39 34
19 78 19 27 78
1 33 1 33
57 61 57 72 87 13 28 9 20 39 76 7 62 37 49 69 26 42 33 61
15 20 15 26 42 33 49 69 25 35 39 43 44 55 58 67 72 87 13 20
21 66 21 9 62 27 44 55 67 72 87 13 26 28 23 66
72 48 72 87 13 29 48
69 9 69 26 42 33 62 27 44 55 67 72 87 13 74 63 65 6 31 58 68 9
62 13 62 72 87 13
22 58 22 31 58
65 75 65 6 16 29 48 75
62 67 62 6 31 68 9 20 40 13 74 63 65 37 49 25 33 51 67
19 29 19 41 49 25 62 72 87 13 29
26 83 26 42 20 55 67 72 87 70 81 83
11 37 11 13 28 37
15 13 15 9 62 27 44 55 67 72 87 13
62 51 62 27 44 55 67 72 87 13 68 69 76 51
62 16 62 37 51 67 72 87 13 28 68 74 63 65 6 16
62 63 62 25 40 33 51 67 72 87 13 74 63
3 30 3 30
65 6 65 6
23 44 23 49 25 33 51 67 72 87 27 44
18 55 18 33 62 37 49 76 57 72 87 13 68 9 20 55
38 81 38 13 74 72 87 70 81
68 27 68 9 20 39 58 67 72 87 27
3 64 3 23 37 59 64
69 7 69 26 42 20 40 43 44 55 58 68 74 72 87 13 28 7
11 16 11 13 26 42 51 67 72 87 27 44 55 58 68 9 20 40 41 76 57 63 65 6 16
69 37 69 25 40 41 76 23 49 58 68 13 74 63 65 37
11 33 11 43 44 55 67 72 87 13 74 63 65 37 49 25 33
18 86 18 22 25 63 65 13 20 40 41 57 72 86
4 78 4 26 42 62 25 38 13 28 9 20 39 76 23 66 78
3 80 3 30 34 48 52 80
62 16 62 37 72 87 13 74 63 65 6 16
19 9 19 62 27 44 55 58 67 72 87 13 28 9
31 30 31 58 68 74 63 65 6 37 76 27 44 55 67 72 87 13 28 7 14 30
28 27 28 68 74 63 65 37 51 67 72 87 27
76 16 76 23 37 51 67 72 87 27 44 55 58 68 13 20 56 74 63 65 6 16
3 71 3 30 34 59 64 71
4 16 4 9 62 6 16
51 79 51 67 72 87 27 44 55 58 68 69 25 79
30 44 30 44
18 59 18 59
21 72 21 13 74 63 65 6 31 26 42 9 62 37 76 57 72
31 73 31 56 72 87 27 44 55 58 68 74 63 65 13 26 42 62 25 35 39 51 67 73
38 27 38 37 72 87 27
42 6 42 33 49 7 62 25 35 39 76 23 37 72 87 13 74 63 65 6
37 84 37 49 72 87 27 44 84
31 50 31 43 44 55 58 68 9 20 56 74 63 65 6 16 35 25 85 41 50
3 27 3 30 44 55 67 72 87 27
56 7 56 20 40 13 26 42 9 62 25 35 72 87 27 44 55 58 68 69 76 23 37 49 7
18 29 18 22 26 42 33 51 67 72 87 13 74 63 65 6 37 49 25 35 39 16 29
16 29 16 29
8 82 8 51 67 72 87 82
56 89 56 20 39 76 7 43 52 77 89
28 77 28 9 62 72 87 77
27 80 27 44 55 67 72 87 13 29 48 75 80
42 26 42 33 62 6 16 35 63 65 13 26
6 52 6 37 52
56 61 56 74 63 65 13 20 40 33 61
18 73 18 22 26 42 9 20 39 58 68 74 72 87 13 28 41 49 7 14 6 16 35 63 65 37 51 67 73
69 16 69 26 28 87 13 20 39 16
19 43 19 69 26 42 9 62 25 63 65 37 76 27 44 55 67 72 87 13 28 7 43
62 23 62 6 37 51 67 72 87 27 44 55 58 68 74 63 65 13 26 42 33 49 76 23
11 27 11 7 57 72 87 27
40 16 40 68 9 62 72 87 13 74 63 65 6 16
18 63 18 22 13 26 42 51 67 72 87 27 44 55 58 68 9 62 37 76 7 57 63
2 77 2 9 62 27 44 55 67 72 87 13 29 48 52 77
19 44 19 43 44
9 83 9 62 37 72 87 13 83
9 48 9 62 6 37 72 87 13 29 48
4 72 4 30 44 55 58 68 13 28 35 72
62 23 62 25 63 65 13 26 42 9 20 39 51 67 72 87 27 44 55 58 68 69 76 23
31 81 31 68 74 72 87 70 81
68 58 68 51 67 72 87 27 44 55 58
62 83 62 37 48 52 80 81 83
87 23 87 13 20 39 76 23
14 57 14 28 68 13 26 42 33 49 7 57
21 80 21 42 20 56 72 87 13 29 48 52 80
34 84 34 79 84
4 44 4 7 62 37 72 87 27 44
74 77 74 72 87 13 20 40 41 57 63 65 77
63 66 63 65 13 26 28 23 66
76 67 76 7 43 87 27 44 55 58 67
56 7 56 74 63 65 37 49 7
28 73 28 37 51 67 72 87 27 44 55 58 68 74 63 65 13 26 73
74 78 74 63 65 6 16 87 27 78
15 29 15 16 29
56 78 56 72 87 27 78
23 61 23 37 76 7 57 63 65 13 26 42 33 61
4 77 4 23 37 51 67 72 87 13 74 63 65 77
21 52 21 42 62 72 87 27 44 55 58 68 13 29 48 52
41 81 41 63 65 37 51 80 81
51 84 51 67 72 87 13 26 28 37 49 76 7 14 57 63 65 6 31 43 44 55 84
28 23 28 7 14 30 44 55 58 68 13 20 40 33 49 76 23
14 86 14 28 41 57 63 65 64 86
87 34 87 13 26 28 25 38 65 6 16 35 39 34
22 26 22 13 26
87 73 87 27 44 55 67 73
46 64 46 26 28 7 57 72 87 13 74 63 65 37 51 59 64
11 16 11 68 13 26 28 37 76 57 63 65 6 16
62 66 62 37 51 67 72 87 13 26 28 25 40 33 49 69 76 23 66
40 86 40 43 87 13 29 48 52 64 86
31 37 31 68 13 28 37
38 64 38 37 72 87 13 28 25 85 41 63 65 64
4 57 4 26 42 9 62 37 76 57
4 67 4 74 72 87 13 28 35 25 63 65 37 49 69 76 51 67
68 43 68 74 72 87 13 28 41 76 7 14 57 63 65 6 16 35 39 43
3 67 3 58 67
76 7 76 7
1 61 1 37 51 67 72 87 27 44 55 58 68 74 63 65 6 16 35 25 33 61
2 29 2 9 62 27 44 55 67 72 87 13 29
41 73 41 49 7 14 30 44 55 67 73
40 84 40 33 62 25 85 41 57 72 87 13 20 55 84
62 20 62 25 38 58 67 72 87 13 20
1 88 1 37 76 23 49 7 62 6 88
30 86 30 48 52 64 86
31 75 31 68 13 29 48 75
40 58 40 13 68 9 20 39 76 51 67 72 87 27 44 55 58
62 73 62 6 31 68 69 26 73
42 50 42 62 6 37 49 69 26 28 41 50
16 55 16 35 63 65 13 20 40 41 49 72 87 27 44 55
33 66 33 49 69 26 42 51 67 72 87 27 44 55 58 68 74 63 65 37 76 23 66
14 9 14 30 44 55 58 68 9
6 52 6 16 29 48 52
87 82 87 27 44 55 58 68 9 71 82
72 86 72 86
57 80 57 63 65 13 29 48 75 80
30 84 30 44 79 84
25 81 25 62 27 44 55 58 67 72 87 70 81
16 29 16 29
18 23 18 76 7 62 37 51 67 72 87 27 44 55 58 68 74 63 65 6 16 35 25 33 49 69 26 28 23
6 44 6 31 72 87 27 44
39 27 39 65 6 31 43 44 55 67 72 87 27
21 57 21 58 68 69 76 7 57
3 67 3 30 44 55 67
38 70 38 13 28 35 63 65 37 49 7 62 6 16 87 70
35 20 35 25 62 37 72 87 13 20
4 33 4 23 37 51 67 72 87 27 44 55 58 68 13 26 42 33
56 48 56 20 40 33 62 25 63 65 6 37 51 67 72 87 13 29 48
28 9 28 9
38 20 38 13 20
38 64 38 58 68 69 64
30 55 30 44 55
38 73 38 13 20 40 68 74 72 87 27 44 55 58 67 73
43 52 43 52
57 71 57 72 87 13 28 7 62 27 44 55 58 68 9 20 40 43 52 71
51 73 51 67 73
16 50 16 35 39 51 67 72 87 27 44 55 58 68 9 20 56 74 63 65 6 31 26 28 25 85 41 50
65 84 65 37 72 87 27 44 79 84
41 84 41 63 65 6 16 87 27 44 79 84
27 66 27 44 55 67 72 87 13 74 63 65 37 76 23 66
43 52 43 44 55 58 68 9 62 6 16 29 48 52
37 50 37 51 67 72 87 13 68 69 25 85 41 50
15 63 15 30 44 55 58 67 72 87 13 74 63
6 83 6 16 29 48 52 80 81 83
4 77 4 49 76 7 57 72 87 27 44 55 58 77
56 37 56 20 39 76 23 37
69 61 69 26 42 9 62 27 44 55 67 72 87 13 74 63 65 6 16 35 25 33 61
23 84 23 37 49 25 85 6 31 43 87 27 44 55 84
4 88 4 26 88
22 84 22 13 84
74 27 74 63 65 13 68 9 20 56 72 87 27
74 9 74 63 65 13 20 40 33 51 67 72 87 27 44 55 58 68 9
74 81 74 70 81
40 84 40 43 44 55 84
64 86 64 86
43 61 43 44 55 67 72 87 13 26 28 68 9 62 25 33 61
46 73 46 23 49 58 68 51 67 73
85 16 85 6 16
21 63 21 7 14 25 63
21 52 21 26 42 51 67 72 87 13 29 48 52
19 63 19 69 76 51 67 72 87 13 68 9 20 56 74 63
41 55 41 57 63 65 13 74 72 87 27 44 55
68 83 68 9 20 39 51 80 81 83
35 48 35 63 65 37 48
19 41 19 41
74 43 74 63 65 13 68 69 25 40 43
21 70 21 26 28 37 76 51 67 72 87 27 44 55 58 68 74 70
85 61 85 41 76 51 67 72 87 27 44 55 58 68 69 26 42 33 61
35 41 35 25 40 41
8 29 8 51 67 72 87 13 26 42 20 56 74 63 65 37 49 7 62 25 35 39 16 29
68 89 68 13 74 89
62 61 62 37 51 67 72 87 13 68 9 20 56 74 63 65 6 16 35 39 76 23 49 7 14 28 25 33 61
65 9 65 37 51 67 72 87 27 44 55 58 68 9
13 75 13 29 48 75
15 70 15 22 25 63 65 37 51 67 72 87 70
85 77 85 41 63 65 13 28 9 20 55 58 77
49 23 49 72 87 27 44 55 58 68 69 76 57 63 65 13 28 23
74 41 74 63 65 37 76 23 49 7 62 27 44 55 58 67 72 87 13 28 41
59 86 59 64 86
21 88 21 13 29 48 75 88
1 29 1 7 14 42 33 51 67 72 87 13 29
42 52 42 20 55 58 68 9 62 6 37 76 57 63 65 13 28 7 43 52
13 67 13 74 63 65 37 76 51 67
69 16 69 25 33 51 67 72 87 13 20 56 74 63 65 37 76 27 44 55 58 68 9 62 6 16
69 78 69 76 23 66 78
26 75 26 28 25 35 39 76 23 49 58 68 13 29 48 75
1 77 1 7 57 63 65 13 29 48 52 77
85 34 85 6 31 58 67 72 87 13 28 37 49 76 7 14 34
68 82 68 69 26 28 35 39 58 67 82
39 26 39 76 51 67 72 87 27 44 55 58 68 69 26
1 26 1 2 26
62 89 62 72 87 13 29 48 52 77 89
41 86 41 63 65 64 86
16 44 16 35 25 62 27 44
13 86 13 29 48 52 64 86
15 41 15 41
57 44 57 63 65 13 68 69 25 35 39 76 51 67 72 87 27 44
22 63 22 26 42 33 51 67 72 87 27 44 55 58 68 13 20 56 74 63
40 64 40 41 76 7 64
87 43 87 13 26 28 35 39 76 7 43
23 86 23 49 64 86
42 70 42 9 62 6 16 87 70
28 58 28 35 72 87 27 44 55 58
14 25 14 57 72 87 27 44 55 58 68 74 63 65 6 16 35 25
28 72 28 9 20 40 43 87 13 68 69 25 35 63 65 6 31 58 67 72
3 41 3 9 62 37 76 23 49 25 35 72 87 13 26 28 41
69 81 69 25 38 13 20 56 70 81
8 79 8 51 67 72 87 13 68 9 62 6 37 76 27 79
18 75 18 33 62 72 87 27 44 55 58 68 13 29 48 75
23 50 23 37 76 27 44 55 58 68 69 25 62 6 16 35 39 51 67 72 87 13 20 40 41 50
76 34 76 51 67 72 87 27 44 55 58 68 9 20 39 34
9 50 9 20 40 41 50
19 73 19 27 44 55 67 72 87 13 26 73
38 75 38 37 51 67 72 87 27 44 55 58 68 13 29 48 75
3 75 3 38 65 13 29 48 75
28 13 28 23 49 58 67 72 87 13
1 70 1 13 28 25 63 65 6 16 87 70
3 48 3 38 13 74 63 65 6 16 29 48
6 71 6 16 35 72 87 13 74 63 65 64 71
49 32 49 76 23 32
85 16 85 6 16
65 29 65 37 49 25 40 43 44 55 67 72 87 13 29
46 73 46 25 35 39 51 67 73
40 83 40 41 63 65 13 83
42 13 42 51 67 72 87 27 44 55 58 68 13
3 26 3 37 72 87 13 68 69 26
85 89 85 89
41 86 41 49 58 68 9 62 37 72 86
21 27 21 26 42 9 62 6 31 43 44 55 67 72 87 27
4 61 4 30 44 55 58 68 9 20 40 33 61
40 59 40 41 76 27 44 55 67 72 87 13 20 56 74 63 65 37 51 59
76 75 76 27 44 55 58 68 9 62 37 48 75
56 60 56 74 63 65 37 51 67 72 87 13 20 55 58 68 69 25 35 60
22 80 22 34 48 52 80
19 6 19 41 63 65 6
8 55 8 51 67 72 87 13 74 63 65 6 37 76 7 62 27 44 55
57 73 57 72 87 13 68 74 63 65 37 76 51 67 73
26 32 26 28 37 76 23 32
34 80 34 48 75 80
42 60 42 9 62 37 51 67 72 87 13 26 28 7 43 44 55 58 68 74 63 65 6 16 35 60
51 29 51 67 72 87 27 44 55 58 68 69 26 28 9 20 40 13 29
69 64 69 25 38 58 68 9 20 39 65 37 48 52 64
19 29 19 25 38 13 68 74 63 65 37 49 76 7 14 6 16 29
69 52 69 76 57 72 87 13 26 42 20 40 68 74 63 65 37 48 52
69 32 69 25 62 72 87 13 68 9 20 56 74 63 65 37 76 23 32
31 63 31 43 44 55 67 72 87 13 68 74 63
40 63 40 68 9 62 6 37 51 67 72 87 13 20 56 74 63
21 71 21 7 43 87 13 74 63 65 64 71
68 6 68 69 25 33 49 7 14 6
26 61 26 42 51 67 72 87 27 44 55 58 68 74 63 65 6 37 49 25 33 61
68 78 68 78
87 9 87 27 44 55 58 68 9
74 59 74 63 65 13 26 42 62 37 76 7 14 34 59
22 32 22 20 39 65 6 31 72 87 13 26 28 23 32
1 30 1 37 72 87 13 26 28 7 14 30
35 86 35 72 86
51 52 51 67 72 87 27 44 55 58 68 9 20 40 13 74 63 65 6 16 29 48 52
19 51 19 25 33 62 6 16 87 13 28 37 76 51
1 34 1 51 67 72 87 13 28 7 57 63 65 37 49 76 27 44 55 58 68 69 26 42 62 6 16 35 39 34
23 66 23 66
8 55 8 41 76 51 67 72 87 13 74 63 65 37 49 25 40 33 62 27 44 55
63 84 63 65 13 20 39 58 68 51 67 72 87 27 79 84
46 75 46 23 49 25 85 6 31 56 72 87 13 29 48 75
21 55 21 26 42 20 40 41 76 27 44 55
18 50 18 41 50
62 64 62 72 87 27 44 55 58 68 74 63 65 37 76 7 14 59 64
87 72 87 27 44 55 67 72
87 77 87 77
14 64 14 16 35 39 34 48 52 64
2 63 2 23 37 72 87 13 26 28 35 25 40 41 57 63
41 86 41 49 25 63 65 6 37 48 52 64 86
11 73 11 13 28 23 37 76 27 44 55 67 73
39 72 39 65 13 26 28 25 38 58 67 72
72 66 72 87 13 20 56 74 63 65 6 37 76 23 66
21 23 21 58 67 72 87 13 74 63 65 6 37 49 69 76 23
21 48 21 7 43 44 55 58 67 72 87 13 28 37 48
13 84 13 20 39 16 35 72 87 27 79 84
31 20 31 68 74 63 65 13 20
31 82 31 58 67 82
6 73 6 31 72 87 27 44 55 67 73
6 48 6 31 56 72 87 13 26 42 9 20 39 16 29 48
14 50 14 25 85 41 50
38 33 38 65 6 37 76 51 67 72 87 13 26 42 9 62 25 40 33
56 37 56 74 72 87 13 68 9 62 6 16 35 63 65 37
11 30 11 13 74 63 65 37 51 67 72 87 27 44 55 58 68 9 20 40 41 49 7 14 30
3 44 3 23 49 7 14 42 51 67 72 87 27 44
39 80 39 16 29 48 52 80
69 64 69 26 28 37 52 64
62 48 62 37 76 57 63 65 13 29 48
26 29 26 28 41 76 57 63 65 13 29
15 9 15 41 76 23 37 49 69 26 42 20 40 68 9
15 63 15 16 87 27 44 55 58 68 9 20 39 76 57 63
37 44 37 49 69 25 85 41 57 63 65 6 31 56 74 72 87 27 44
27 86 27 44 55 58 68 74 63 65 13 29 48 52 64 86
72 86 72 86
2 43 2 33 62 6 31 56 72 87 13 74 63 65 37 76 27 44 55 58 68 9 20 40 43
49 79 49 25 79
85 9 85 41 57 63 65 13 68 9
16 80 16 29 48 52 80
14 81 14 34 48 75 80 81
63 48 63 65 37 72 87 13 29 48
62 82 62 72 87 82
74 26 74 63 65 37 49 72 87 13 26
2 64 2 33 51 67 72 87 27 44 55 58 68 74 63 65 6 16 29 48 52 64
74 71 74 63 65 6 31 58 68 9 71
11 9 11 13 26 42 9
56 64 56 20 39 65 64
62 32 62 25 85 6 16 35 39 58 67 72 87 13 28 9 20 40 41 57 63 65 37 76 23 32
18 84 18 22 13 84
41 29 41 76 23 49 69 26 28 25 33 62 6 37 72 87 13 29
38 73 38 37 72 87 13 26 28 35 25 40 33 49 69 76 57 63 65 6 31 43 44 55 67 73
56 9 56 20 40 33 49 58 67 72 87 13 74 63 65 6 31 68 9
85 86 85 41 76 27 44 55 58 68 51 59 64 86
43 75 43 87 13 29 48 75
28 50 28 41 50
87 29 87 13 29
33 83 33 62 37 48 52 80 81 83
46 33 46 25 33
63 32 63 65 37 51 67 72 87 27 44 55 58 68 9 20 39 76 23 32
18 48 18 22 25 63 65 13 29 48
42 72 42 33 51 67 72
69 7 69 26 42 9 20 40 13 28 41 76 7
21 75 21 42 9 62 72 87 13 26 28 35 25 85 41 49 7 57 63 65 6 16 29 48 75
19 32 19 41 63 65 6 16 87 13 68 69 76 23 32
51 44 51 67 72 87 27 44
49 6 49 25 62 6
68 88 68 88
63 32 63 65 6 37 76 23 32
42 43 42 9 20 40 33 62 37 76 51 67 72 87 27 44 55 58 68 74 63 65 13 28 7 43
9 84 9 62 72 87 27 79 84
35 37 35 63 65 37
43 44 43 44
38 52 38 37 48 52
8 25 8 62 25
8 86 8 9 62 25 38 65 64 86
9 79 9 62 27 79
76 32 76 27 44 55 58 67 72 87 13 28 23 32
42 23 42 51 67 72 87 13 28 23
42 41 42 51 67 72 87 27 44 55 58 68 9 20 40 33 49 25 85 41
68 63 68 69 26 42 33 62 27 44 55 67 72 87 13 74 63
69 61 69 26 42 51 67 72 87 13 68 74 63 65 37 49 25 40 33 61
76 7 76 7
21 82 21 13 28 9 62 37 49 58 68 69 64 82
46 83 46 23 49 70 81 83
19 25 19 62 25
22 83 22 43 52 80 81 83
1 71 1 26 28 25 33 62 72 87 13 68 74 63 65 6 31 64 71
34 83 34 79 83
85 67 85 41 57 72 87 13 68 74 63 65 37 76 27 44 55 67
30 71 30 34 48 52 64 71
11 81 11 43 52 80 81
18 33 18 33
74 89 74 63 65 13 84 89
40 75 40 13 28 25 85 41 63 65 37 48 75
3 32 3 9 62 25 38 37 49 76 27 44 55 58 68 69 26 28 23 32
19 29 19 69 26 28 25 35 72 87 13 29
42 70 42 20 55 67 72 87 70
20 44 20 40 13 74 63 65 6 31 72 87 27 44
35 89 35 59 89
30 32 30 44 55 67 72 87 13 26 28 37 49 76 23 32
14 33 14 42 33
74 52 74 72 87 13 29 48 52
4 75 4 9 62 27 44 55 67 72 87 13 29 48 75
85 83 85 70 81 83
30 50 30 44 55 58 67 72 87 13 26 28 41 50
62 7 62 72 87 27 44 55 58 68 69 25 40 41 49 7
22 89 22 20 39 43 52 77 89
31 7 31 26 42 33 51 67 72 87 13 20 55 58 68 9 62 25 85 41 57 63 65 37 49 69 76 7
21 77 21 13 74 63 65 37 51 67 72 87 77
21 60 21 7 62 27 44 55 67 72 87 13 28 68 74 63 65 6 31 56 20 39 16 35 60
72 75 72 87 13 29 48 75
16 32 16 87 13 28 9 62 25 85 41 57 63 65 37 76 23 32
69 72 69 76 57 72
31 33 31 58 68 69 76 27 44 55 67 72 87 13 20 40 33
25 75 25 38 37 51 67 72 87 27 44 55 58 68 9 62 6 16 29 48 75
15 67 15 9 20 39 58 68 69 25 38 37 72 87 13 28 35 63 65 6 31 43 44 55 67
22 41 22 25 33 51 67 72 87 27 44 55 58 68 9 62 6 31 56 20 40 41
46 23 46 23
65 37 65 37
2 13 2 7 43 87 13
42 66 42 51 67 72 87 13 68 9 20 40 41 63 65 37 76 23 66
39 50 39 65 37 72 87 13 28 25 40 41 50
8 80 8 28 41 76 27 44 55 67 72 87 13 20 40 43 52 80
9 86 9 62 27 44 55 67 72 87 13 74 63 65 6 31 68 51 86
56 71 56 74 72 87 27 44 55 58 68 9 62 37 76 23 49 64 71
37 84 37 51 67 72 87 13 84
27 29 27 44 55 58 68 74 72 87 13 29
43 80 43 52 80
2 86 2 33 49 69 26 42 20 56 74 63 65 6 37 48 52 64 86
51 67 51 67
14 57 14 25 85 41 63 65 37 76 23 49 69 26 28 7 57
39 48 39 58 67 72 87 13 68 69 25 63 65 6 16 29 48
49 75 49 76 7 14 34 48 75
68 61 68 69 25 33 61
11 60 11 7 57 63 65 13 60
28 58 28 87 27 44 55 58
3 34 3 30 34
37 44 37 72 87 27 44
33 48 33 62 6 37 48
20 50 20 40 41 50
69 27 69 26 42 62 6 37 76 57 72 87 27
2 60 2 56 20 55 67 72 87 13 74 63 65 6 16 35 60
33 55 33 49 58 67 72 87 27 44 55
3 70 3 9 62 37 72 87 13 68 69 26 42 20 56 70
68 44 68 51 67 72 87 13 26 28 9 62 6 31 43 44
42 81 42 33 49 25 63 65 37 48 75 80 81
27 67 27 44 55 67
38 44 38 37 72 87 27 44
40 20 40 13 74 63 65 37 76 51 67 72 87 27 44 55 58 68 9 20
14 75 14 42 62 6 16 87 13 29 48 75
14 84 14 30 44 79 84
3 13 3 20 39 16 87 13
56 77 56 74 72 87 77
76 70 76 57 72 87 70
20 84 20 56 74 63 65 37 51 67 72 87 27 79 84
3 89 3 20 40 41 57 72 87 27 79 84 89
68 71 68 69 25 33 49 64 71
28 7 28 25 35 39 58 67 72 87 13 74 63 65 37 49 7
68 58 68 51 67 72 87 27 44 55 58
43 75 43 87 13 28 68 9 62 25 38 37 48 75
87 26 87 13 28 25 63 65 6 31 26
22 78 22 20 40 33 78
46 77 46 23 66 77
37 32 37 49 69 26 28 23 32
33 44 33 51 67 72 87 27 44
42 25 42 51 67 72 87 13 28 23 49 25
43 79 43 44 79
23 81 23 37 52 80 81
41 55 41 57 72 87 27 44 55
14 63 14 28 35 72 87 13 74 63
74 23 74 63 65 13 28 23
2 81 2 33 62 27 44 55 67 72 87 70 81
40 83 40 43 44 55 58 67 72 87 70 81 83
56 20 56 20
4 26 4 26
76 81 76 7 62 25 35 39 16 87 70 81
15 13 15 22 25 38 65 6 37 51 67 72 87 13
23 44 23 49 58 67 72 87 27 44
3 86 3 30 34 48 52 64 86
68 27 68 69 25 63 65 37 51 67 72 87 27
18 26 18 20 40 13 26
22 41 22 25 35 39 76 57 72 87 13 68 69 26 28 41
3 58 3 30 44 55 58
35 57 35 63 65 37 76 7 57
76 88 76 51 67 72 87 13 26 88
28 33 28 9 62 27 44 55 67 72 87 13 26 42 33
28 75 28 35 25 40 43 44 55 67 72 87 13 29 48 75
72 83 72 87 70 81 83
21 51 21 26 42 9 62 37 49 7 43 44 55 67 72 87 13 74 63 65 6 16 35 39 51
18 13 18 6 37 51 67 72 87 13
63 73 63 65 6 16 87 13 28 37 51 67 73
49 86 49 69 76 7 14 16 86
40 32 40 41 76 23 32
3 67 3 23 49 7 62 27 44 55 67
74 75 74 72 87 27 44 55 58 68 13 28 35 25 33 49 7 62 37 48 75
41 50 41 50
37 73 37 76 23 49 58 67 72 87 13 68 74 63 65 6 31 56 20 73
57 48 57 63 65 37 76 7 14 28 41 49 69 25 35 39 16 29 48
21 64 21 9 20 55 58 67 72 87 13 26 28 68 74 63 65 6 16 29 48 52 64
40 26 40 43 44 55 58 68 69 26
3 86 3 37 51 59 64 86
26 81 26 42 51 67 72 87 70 81
19 60 19 43 87 13 68 9 20 40 60
11 73 11 68 13 74 72 87 27 44 55 58 67 73
1 50 1 51 67 72 87 27 44 55 58 68 69 25 63 65 13 28 41 50
11 23 11 43 44 55 58 67 72 87 13 26 28 23
56 41 56 72 87 13 68 69 25 40 41
69 13 69 26 42 62 27 44 55 67 72 87 13
38 27 38 58 68 74 72 87 27
87 86 87 13 29 48 52 64 86
58 81 58 68 13 28 7 43 44 55 67 72 87 70 81
40 44 40 33 62 72 87 27 44
23 48 23 37 51 67 72 87 27 44 55 58 68 74 63 65 13 29 48
3 16 3 9 62 6 37 49 69 25 38 58 67 72 87 13 26 42 20 39 16
41 66 41 49 25 35 63 65 37 51 67 72 87 13 26 42 9 62 27 44 55 58 68 69 76 23 66
49 50 49 58 68 13 26 42 20 40 41 50
18 61 18 33 61
1 59 1 2 9 20 55 67 72 87 13 68 69 76 51 59
76 34 76 7 14 30 34
39 51 39 87 13 26 28 9 20 55 58 68 51
43 67 43 87 27 44 55 67
11 81 11 7 43 52 80 81
1 26 1 2 26
76 32 76 23 32
42 25 42 33 62 27 44 55 67 72 87 13 26 28 41 49 58 68 69 25
18 13 18 22 31 43 44 55 67 72 87 13
49 13 49 76 51 67 72 87 13
1 51 1 39 65 37 51
85 57 85 41 57
14 43 14 25 38 37 76 27 44 55 58 67 72 87 13 74 63 65 6 16 35 39 43
46 83 46 26 28 37 52 80 81 83
35 75 35 25 38 58 68 51 67 72 87 13 29 48 75
28 81 28 9 20 55 67 72 87 70 81
87 63 87 13 74 63
4 82 4 82
35 60 35 60
4 61 4 7 57 63 65 6 16 35 25 33 61
76 60 76 57 63 65 37 72 87 27 44 55 58 68 13 28 41 50 60
76 6 76 27 44 55 67 72 87 13 28 9 62 6
1 29 1 49 69 76 51 67 72 87 13 20 39 16 29
31 32 31 68 74 72 87 13 26 28 23 32
39 81 39 65 6 37 52 80 81
65 32 65 6 37 76 23 32
85 55 85 6 16 87 27 44 55
6 44 6 16 35 25 33 51 67 72 87 27 44
8 78 8 51 67 72 87 27 44 55 58 68 69 26 28 25 40 33 49 7 62 6 37 76 23 66 78
76 6 76 57 72 87 27 44 55 58 68 13 20 40 33 62 6
40 70 40 68 13 20 56 72 87 70
49 32 49 7 62 6 37 76 23 32
58 71 58 68 13 26 28 23 49 64 71
1 67 1 39 87 13 20 55 67
42 6 42 20 40 13 68 74 63 65 6
38 57 38 37 49 69 25 85 41 57
70 83 70 81 83
74 6 74 72 87 13 26 28 9 20 40 41 63 65 6
7 81 7 62 27 44 55 67 72 87 70 81
40 64 40 41 49 76 23 37 52 64
87 50 87 13 68 69 76 57 63 65 6 37 49 25 85 41 50
51 52 51 67 72 87 27 44 55 58 68 9 62 6 31 43 52
18 78 18 33 78
49 63 49 7 57 72 87 13 74 63
28 57 28 7 57
85 33 85 41 57 63 65 13 26 28 68 69 25 40 33
2 59 2 56 72 87 13 20 40 33 49 25 38 37 59
68 23 68 9 62 25 38 58 67 72 87 13 26 28 23
9 84 9 20 55 84
2 20 2 25 38 65 6 16 87 13 20
1 48 1 51 67 72 87 13 28 25 85 41 49 58 68 69 76 57 63 65 6 37 48
21 27 21 26 28 23 49 25 85 6 16 87 27
1 84 1 51 67 72 87 27 79 84
25 71 25 38 58 68 51 59 64 71
39 44 39 43 44
49 66 49 58 68 74 63 65 37 72 87 13 28 23 66
85 66 85 41 76 23 66
51 66 51 67 72 87 13 28 35 63 65 37 76 23 66
7 75 7 57 72 87 27 44 55 58 68 13 20 40 41 76 23 37 48 75
56 72 56 20 55 58 67 72
69 43 69 25 40 43
46 84 46 25 79 84
8 52 8 25 40 33 51 67 72 87 13 28 35 63 65 6 37 48 52
39 79 39 65 6 31 26 28 23 37 51 67 72 87 27 44 79
49 37 49 58 68 69 76 27 44 55 67 72 87 13 74 63 65 37
21 33 21 9 20 55 67 72 87 13 26 42 33
76 73 76 7 14 42 20 56 74 63 65 37 49 69 25 38 13 68 9 62 6 31 43 87 27 44 55 67 73
49 30 49 7 14 30
46 67 46 23 37 76 57 63 65 13 28 7 62 27 44 55 58 67
19 44 19 43 87 13 68 9 62 27 44
30 84 30 34 79 84
76 51 76 27 44 55 58 67 72 87 13 20 39 65 6 37 51
21 59 21 13 28 41 63 65 37 76 51 59
39 86 39 51 67 72 87 27 44 55 58 68 69 76 57 63 65 64 86
28 25 28 41 76 27 44 55 67 72 87 13 68 69 26 42 62 6 31 56 20 39 65 37 49 25
56 34 56 72 87 27 44 55 58 68 74 63 65 6 31 26 42 9 20 39 34
1 86 1 13 68 74 72 86
1 25 1 39 16 35 72 87 27 44 55 58 68 69 25
65 75 65 6 37 48 75
14 27 14 57 63 65 13 28 35 39 16 87 27
87 67 87 13 28 35 39 76 51 67
42 77 42 20 39 76 27 44 55 58 68 13 28 37 72 87 77
41 86 41 49 72 87 13 74 63 65 6 86
85 13 85 6 16 87 27 44 55 58 68 13
62 80 62 25 63 65 37 52 80
85 88 85 41 57 72 88
46 41 46 26 28 23 49 25 40 41
74 48 74 63 65 13 29 48
8 44 8 41 49 76 57 72 87 27 44
68 66 68 13 20 56 74 63 65 37 49 76 23 66
49 70 49 72 87 27 44 55 58 68 74 70
87 64 87 13 26 28 7 64
23 29 23 49 72 87 27 44 55 58 68 74 63 65 6 31 56 20 40 13 29
22 37 22 26 28 37
19 77 19 62 37 52 77
28 70 28 41 76 51 67 72 87 27 44 55 58 68 74 70
8 13 8 41 63 65 37 76 27 44 55 67 72 87 13
27 75 27 44 55 67 72 87 13 29 48 75
49 80 49 69 76 23 37 48 75 80
15 29 15 41 49 25 62 6 31 43 87 13 29
1 71 1 26 42 51 67 72 87 13 20 55 58 68 9 62 37 76 23 49 25 38 59 64 71
46 80 46 26 28 37 48 75 80
74 6 74 63 65 6
85 82 85 41 76 51 67 72 87 13 29 48 52 64 71 82
3 59 3 58 67 72 87 13 26 42 20 40 41 57 63 65 6 16 35 39 76 23 37 51 59
2 23 2 33 51 67 72 87 27 44 55 58 68 9 20 56 74 63 65 13 26 28 37 76 23
28 43 28 25 85 41 57 72 87 13 20 40 43
7 55 7 43 44 55
31 63 31 26 28 23 37 49 7 14 57 72 87 13 74 63
74 66 74 63 65 37 76 23 66
74 67 74 63 65 13 26 42 9 62 25 85 6 16 35 72 87 27 44 55 67
51 75 51 67 72 87 27 44 55 58 68 69 26 42 62 6 37 76 7 14 28 9 20 56 74 63 65 13 29 48 75
46 23 46 23
22 44 22 31 68 69 25 85 41 63 65 6 37 49 58 67 72 87 13 20 40 33 62 27 44
22 48 22 31 58 68 74 72 87 13 29 48
62 16 62 6 16
40 79 40 43 44 55 58 67 72 87 27 79
39 41 39 16 87 13 26 42 33 62 37 76 7 57 63 65 6 31 68 69 25 85 41
2 23 2 56 72 87 27 44 55 58 68 74 63 65 6 37 49 25 40 13 28 23
76 27 76 7 14 30 44 55 58 68 51 67 72 87 27
14 43 14 25 33 51 67 72 87 27 44 55 58 68 74 63 65 13 28 35 39 43
28 82 28 9 20 40 41 50 82
14 81 14 42 33 51 80 81
35 25 35 25
69 63 69 76 23 49 25 63
43 48 43 87 13 74 63 65 37 48
46 71 46 23 37 59 64 71
27 66 27 44 55 58 67 72 87 13 20 56 74 63 65 37 76 23 66
43 84 43 44 79 84
62 32 62 37 51 67 72 87 13 68 9 20 40 33 49 76 23 32
22 44 22 13 28 35 39 43 87 27 44
46 77 46 23 37 49 72 87 77
68 89 68 13 28 41 57 63 65 77 89
2 79 2 25 79
22 72 22 13 68 9 62 6 31 58 67 72
74 23 74 72 87 13 26 28 41 49 76 23
28 26 28 37 76 7 62 72 87 13 26
74 34 74 72 87 27 44 55 58 68 9 20 40 41 49 25 38 13 28 7 62 6 16 35 39 34
76 66 76 57 72 87 13 28 23 66
35 27 35 72 87 27
21 59 21 59
65 52 65 37 72 87 13 20 40 43 52
87 89 87 77 89
1 51 1 39 43 87 13 68 69 76 51
69 70 69 76 57 72 87 70
14 48 14 30 34 48
18 9 18 76 23 37 72 87 27 44 55 58 68 9
38 50 38 37 51 67 72 87 13 20 40 41 50
4 89 4 74 72 87 77 89
7 81 7 62 37 48 52 80 81
40 13 40 41 76 23 49 69 25 85 6 31 26 42 20 55 67 72 87 13
19 9 19 43 87 27 44 55 58 68 9
63 83 63 65 6 37 52 80 81 83
2 60 2 9 62 6 16 35 60
56 70 56 70
2 83 2 23 37 51 67 72 87 27 44 55 58 68 69 25 33 62 6 16 35 39 43 52 80 81 83
21 67 21 26 42 51 67
13 75 13 29 48 75
37 50 37 76 7 43 87 27 44 55 58 68 69 25 85 41 50
49 86 49 69 76 27 44 55 67 72 86
30 79 30 34 79
33 73 33 51 67 73
41 71 41 49 72 87 13 29 48 52 71
42 77 42 9 62 37 77
18 13 18 63 65 13
31 52 31 68 69 76 7 62 27 44 55 67 72 87 13 29 48 52
22 57 22 43 44 55 58 68 51 67 72 87 13 74 63 65 37 49 69 76 57
69 41 69 25 85 41
43 81 43 87 13 20 40 68 51 80 81
18 30 18 33 49 69 76 7 14 30
2 9 2 56 74 72 87 13 28 9
39 9 39 43 87 13 28 68 9
27 52 27 44 55 58 68 74 72 87 13 29 48 52
76 82 76 7 14 59 64 71 82
87 84 87 13 26 42 20 55 84
1 23 1 7 14 42 33 62 6 37 76 23
25 32 25 40 43 44 55 67 72 87 13 28 23 32
4 50 4 7 62 37 49 76 51 67 72 87 13 74 63 65 6 31 58 68 9 20 39 16 35 25 85 41 50
27 44 27 44
3 41 3 23 37 72 87 27 44 55 58 68 13 28 41
46 27 46 58 68 9 20 56 72 87 27
39 60 39 43 87 13 74 63 65 6 16 35 25 40 60
62 34 62 37 51 67 72 87 13 28 23 49 76 27 44 55 58 68 9 20 39 34
42 34 42 51 67 72 87 27 44 55 58 68 74 63 65 13 28 9 20 39 34
69 51 69 26 42 51
9 79 9 62 25 79
25 73 25 33 62 37 51 67 73
1 70 1 39 16 35 72 87 70
34 84 34 79 84
62 27 62 6 16 87 27
2 27 2 26 28 23 37 51 67 72 87 27
28 61 28 23 37 72 87 27 44 55 58 68 9 20 56 74 63 65 6 16 35 25 85 41 76 7 14 42 33 61
18 29 18 20 39 51 67 72 87 13 26 28 35 25 63 65 37 49 69 76 27 44 55 58 68 9 62 6 16 29
69 44 69 25 35 39 65 13 28 7 14 30 44
40 73 40 33 49 72 87 13 20 56 74 63 65 6 37 51 67 73
15 44 15 30 44
74 70 74 70
4 79 4 7 62 25 79
46 79 46 58 67 72 87 27 44 79
19 29 19 41 49 69 25 40 68 9 20 39 51 67 72 87 13 29
68 57 68 74 63 65 37 76 57
22 48 22 34 48
11 57 11 68 51 67 72 87 13 26 42 62 6 31 56 74 63 65 37 49 76 57
68 43 68 9 62 27 44 55 67 72 87 13 20 39 43
14 37 14 57 63 65 6 31 56 20 39 51 67 72 87 13 26 42 62 37
35 70 35 72 87 70
85 82 85 6 37 52 64 82
35 84 35 72 87 13 84
27 83 27 44 55 58 68 13 29 48 75 80 81 83
37 52 37 52
16 44 16 35 39 65 6 31 68 69 76 51 67 72 87 27 44
28 79 28 37 72 87 13 20 56 74 63 65 6 31 68 9 62 27 44 79
58 71 58 68 69 64 71
22 64 22 25 38 37 51 59 64
22 7 22 25 35 39 65 13 28 7
31 82 31 59 64 82
74 60 74 72 87 13 60
14 63 14 42 51 67 72 87 27 44 55 58 68 69 76 7 62 37 49 25 38 13 26 28 41 63
14 26 14 25 33 51 67 72 87 27 44 55 58 68 74 63 65 13 26
85 55 85 41 76 51 67 72 87 27 44 55
15 71 15 34 59 64 71
39 16 39 16
74 82 74 63 65 6 37 76 7 64 71 82
38 57 38 37 51 67 72 87 13 68 69 25 85 41 57
56 57 56 20 55 67 72 87 13 26 28 23 37 49 76 57
40 9 40 13 68 9
56 88 56 88
74 64 74 72 87 13 20 39 16 29 48 52 64
19 9 19 25 38 37 49 69 76 51 67 72 87 13 20 56 74 63 65 6 16 35 39 58 68 9
38 13 38 13
68 48 68 9 62 72 87 13 28 37 48
26 44 26 42 33 51 67 72 87 13 20 56 74 63 65 6 37 49 7 43 44
63 67 63 65 37 49 7 14 42 33 51 67
37 32 37 49 72 87 13 74 63 65 6 31 26 28 23 32
30 73 30 44 55 58 68 9 20 40 43 87 13 26 73
85 72 85 6 31 56 20 40 41 49 72
16 55 16 87 27 44 55
3 7 3 30 44 55 58 68 69 76 7
11 70 11 68 74 70
4 86 4 30 44 55 58 67 72 87 13 74 63 65 37 52 64 86
65 52 65 6 31 68 69 26 42 9 20 39 58 67 72 87 13 29 48 52
42 7 42 62 25 38 13 26 28 7
30 86 30 48 52 64 86
31 6 31 72 87 13 74 63 65 6
15 82 15 22 31 68 51 59 64 82
69 55 69 26 28 87 13 20 55
28 64 28 64
15 32 15 41 76 23 32
51 61 51 67 72 87 13 26 28 23 37 49 58 68 69 25 33 61
21 79 21 13 68 74 63 65 6 37 72 87 27 79
76 6 76 27 44 55 58 67 72 87 13 74 63 65 37 49 7 62 6
56 58 56 20 40 68 74 63 65 13 26 28 9 62 37 51 67 72 87 27 44 55 58
33 81 33 51 67 72 87 13 26 28 25 85 70 81
74 86 74 72 86
11 33 11 7 62 25 33
22 7 22 26 42 51 67 72 87 27 44 55 58 68 13 28 35 25 33 49 7
22 84 22 43 44 84
11 88 11 13 29 48 75 88
7 61 7 62 6 37 76 23 49 25 33 61
65 57 65 6 37 72 87 13 28 23 49 7 57
21 71 21 7 43 52 71
68 64 68 74 72 87 13 26 28 64
62 32 62 27 44 55 67 72 87 13 68 69 26 28 23 32
40 70 40 33 49 7 43 44 55 67 72 87 70
65 83 65 37 72 87 70 81 83
8 25 8 7 14 16 87 27 44 55 58 68 69 25
76 51 76 23 37 51
68 81 68 13 74 63 65 6 37 48 52 80 81
64 71 64 71
20 73 20 39 65 13 74 72 87 27 44 55 58 67 73
69 86 69 25 35 39 34 86
14 30 14 30
38 43 38 65 6 31 43
87 27 87 27
38 44 38 13 28 25 35 63 65 6 16 87 27 44
39 50 39 65 13 26 28 41 50
30 52 30 48 52
3 6 3 20 55 58 67 72 87 13 74 63 65 6
42 88 42 9 20 55 58 68 88
74 7 74 63 65 6 37 76 7
15 61 15 41 57 63 65 13 26 28 25 33 61
23 71 23 49 64 71
68 29 68 69 76 27 44 55 58 67 72 87 13 26 28 35 25 63 65 6 16 29
18 7 18 20 40 13 28 7
31 23 31 58 68 69 26 28 41 49 25 38 13 20 39 76 23
11 16 11 68 13 26 28 9 62 6 16
56 58 56 74 63 65 13 26 42 9 62 25 85 41 49 76 57 72 87 27 44 55 58
43 84 43 44 84
85 89 85 41 57 72 87 13 20 39 77 89
3 64 3 64
74 58 74 63 65 6 16 87 27 44 55 58
8 78 8 25 63 65 37 51 67 72 87 13 28 41 57 78
35 84 35 25 63 65 6 37 51 67 72 87 27 79 84
87 82 87 82
49 29 49 25 85 41 76 23 37 51 67 72 87 13 20 55 58 68 69 26 28 35 39 65 6 16 29
20 73 20 55 67 73
87 73 87 13 20 39 16 35 25 62 27 44 55 67 73
37 86 37 72 86
1 79 1 7 14 6 37 72 87 27 79
13 71 13 29 48 52 71
22 78 22 13 28 37 72 87 27 78
18 60 18 60
15 64 15 34 48 52 64
19 80 19 41 76 51 67 72 87 27 44 55 58 68 9 20 40 33 62 6 16 35 63 65 13 26 28 23 37 52 80
37 66 37 51 67 72 87 13 28 23 66
6 83 6 16 87 13 29 48 52 80 81 83
62 30 62 37 51 67 72 87 27 44 55 58 68 13 74 63 65 6 16 35 39 76 7 14 30
15 61 15 9 62 27 44 55 67 72 87 13 20 40 33 61
15 16 15 16
46 7 46 25 63 65 13 26 42 33 51 67 72 87 27 44 55 58 68 69 76 23 37 49 7
1 66 1 13 28 25 33 51 67 72 87 27 44 55 58 68 74 63 65 6 31 26 42 62 37 49 76 23 66
3 80 3 38 13 29 48 75 80
4 57 4 26 28 23 49 76 57
42 25 42 51 67 72 87 13 74 63 65 37 76 23 49 7 62 27 44 55 58 68 69 25
40 73 40 13 26 28 23 49 72 87 27 44 55 67 73
8 81 8 40 68 69 26 42 20 55 67 72 87 70 81
33 29 33 51 67 72 87 13 29
56 75 56 20 55 67 72 87 13 26 42 9 62 25 35 39 16 29 48 75
39 29 39 65 13 29
35 81 35 63 65 6 37 48 75 80 81
4 48 4 23 37 48
38 64 38 59 64
41 80 41 49 76 51 80
63 55 63 65 37 49 25 85 6 31 58 68 69 26 42 62 72 87 27 44 55
4 73 4 26 28 9 20 56 72 87 27 44 55 58 67 73
33 86 33 62 72 86
22 60 22 25 62 72 87 13 60
28 79 28 9 20 56 72 87 27 79
87 81 87 70 81
87 48 87 13 28 35 63 65 6 16 29 48
68 55 68 74 72 87 27 44 55
49 33 49 76 51 67 72 87 27 44 55 58 68 13 28 9 20 40 33
19 89 19 38 59 89
22 41 22 25 63 65 37 49 58 68 13 28 41
56 51 56 74 72 87 13 68 51
27 81 27 44 55 67 72 87 70 81
11 48 11 13 29 48
35 86 35 59 64 86
16 67 16 35 63 65 13 74 72 87 27 44 55 67
58 52 58 68 74 72 87 13 29 48 52
69 13 69 26 28 37 51 67 72 87 13
11 88 11 7 43 44 79 88
11 82 11 59 64 71 82
7 86 7 64 86
15 34 15 22 34
85 70 85 70
41 52 41 49 58 67 72 87 13 74 63 65 37 48 52
37 50 37 49 69 76 51 67 72 87 27 44 55 58 68 13 28 41 50
65 89 65 13 20 39 34 79 84 89
15 70 15 41 76 57 72 87 70
42 84 42 33 49 58 68 74 72 87 27 44 84
76 77 76 57 63 65 37 48 52 77
87 63 87 13 28 41 49 69 25 35 39 76 57 63
76 55 76 57 72 87 27 44 55
22 59 22 13 28 9 20 56 72 87 27 44 55 58 68 51 59
85 32 85 6 37 51 67 72 87 27 44 55 58 68 69 26 28 23 32
8 34 8 28 9 62 6 37 51 67 72 87 27 44 55 58 68 69 76 23 49 7 14 34
28 48 28 23 37 49 58 67 72 87 13 29 48
14 37 14 42 33 51 67 72 87 13 20 40 41 57 63 65 37
14 43 14 6 37 51 67 72 87 13 26 42 62 27 44 55 58 68 9 20 39 43
11 84 11 13 84
15 29 15 26 42 20 55 58 68 74 63 65 13 29
41 44 41 49 76 51 67 72 87 27 44
41 48 41 76 27 44 55 58 68 69 26 28 25 40 43 87 13 29 48
39 51 39 43 44 55 58 68 9 62 25 63 65 37 51
43 32 43 87 13 26 28 23 32
65 81 65 6 31 72 87 70 81
18 30 18 41 49 76 7 14 30
14 43 14 25 33 51 67 72 87 27 44 55 58 68 69 26 42 62 6 16 35 63 65 37 76 7 43
28 66 28 23 66
49 58 49 76 23 37 51 67 72 87 27 44 55 58
27 80 27 44 55 67 72 87 13 20 56 74 63 65 6 37 51 80
1 9 1 49 25 40 68 9
19 20 19 62 25 40 43 44 55 67 72 87 13 26 42 9 20
3 29 3 38 13 29
27 73 27 44 55 58 67 73
2 41 2 23 37 76 27 44 55 58 67 72 87 13 74 63 65 6 31 26 28 35 25 85 41
26 32 26 42 33 51 67 72 87 27 44 55 58 68 74 63 65 37 49 25 85 6 31 56 20 40 13 28 23 32
1 37 1 13 74 63 65 37
22 29 22 26 42 62 37 72 87 13 29
56 33 56 20 39 43 44 55 67 72 87 13 28 41 57 63 65 37 49 25 33
26 52 26 28 9 20 39 51 67 72 87 27 44 55 58 68 74 63 65 37 49 25 33 62 6 31 43 52
39 20 39 16 87 13 20
49 83 49 70 81 83
49 34 49 7 62 6 16 35 25 40 13 68 9 20 39 34
13 86 13 28 87 27 44 55 58 68 69 25 33 51 67 72 86
65 51 65 37 76 7 62 72 87 13 20 40 33 51
15 33 15 9 62 6 37 51 67 72 87 13 26 42 33
76 72 76 27 44 55 58 67 72
56 51 56 74 63 65 6 37 51
6 29 6 16 29
69 81 69 26 28 9 20 40 41 57 72 87 13 74 70 81
65 72 65 37 72
74 7 74 72 87 13 26 42 62 37 49 69 76 7
8 16 8 25 38 13 74 63 65 6 16
63 48 63 65 37 48
74 78 74 63 65 37 49 25 33 78
35 73 35 72 87 27 44 55 58 67 73
4 9 4 23 37 72 87 27 44 55 58 68 9
14 88 14 57 63 65 13 68 69 26 42 9 62 37 48 75 88
62 63 62 37 49 69 25 38 58 67 72 87 13 20 39 65 6 16 35 63
28 71 28 9 20 40 68 69 64 71
42 84 42 62 25 79 84
37 84 37 76 57 72 87 13 74 63 65 6 16 35 25 40 43 44 79 84
20 44 20 39 76 57 72 87 27 44
21 59 21 59
46 63 46 25 35 39 65 6 31 56 74 63
74 66 74 63 65 37 76 27 44 55 58 68 9 62 6 31 26 28 23 66
69 63 69 26 42 62 37 76 57 63
22 25 22 20 39 76 51 67 72 87 27 44 55 58 68 69 26 42 9 62 25
68 79 68 9 20 55 67 72 87 27 44 79
8 83 8 28 35 72 87 13 68 9 62 37 48 52 80 81 83
58 71 58 68 9 20 56 64 71
2 34 2 25 38 13 28 35 39 34
68 86 68 13 29 48 52 64 86
39 86 39 34 59 64 86
2 79 2 13 28 35 25 62 6 31 68 74 63 65 37 72 87 27 79
39 58 39 16 35 72 87 13 26 42 20 56 74 63 65 37 49 25 38 58
49 71 49 58 68 74 63 65 13 28 7 14 6 71
63 52 63 65 6 37 72 87 27 44 55 58 68 9 20 39 34 48 52
37 32 37 51 67 72 87 27 44 55 58 68 69 76 23 32
15 78 15 9 62 27 78
7 84 7 57 72 87 27 79 84
3 78 3 9 20 55 58 68 51 67 72 87 13 28 25 85 41 63 65 37 49 7 57 78
57 81 57 72 87 13 29 48 52 80 81
42 20 42 33 49 25 63 65 37 51 67 72 87 27 44 55 58 68 9 20
4 44 4 30 44
20 66 20 40 13 28 23 66
35 66 35 63 65 37 49 25 38 13 26 28 87 27 44 55 58 68 69 76 23 66
8 70 8 28 68 69 76 27 44 55 58 67 72 87 70
76 30 76 57 72 87 13 26 42 62 6 16 35 25 85 41 63 65 37 49 7 14 30
42 50 42 20 40 41 50
74 70 74 72 87 70
31 29 31 58 68 51 67 72 87 13 74 63 65 6 16 29
23 79 23 37 51 67 72 87 13 28 41 76 57 63 65 6 31 56 20 39 34 79
2 37 2 9 20 40 33 49 69 26 28 25 62 37
3 81 3 9 20 56 70 81
13 71 13 20 39 16 29 48 52 71
87 16 87 13 28 37 49 58 68 74 63 65 6 16
37 48 37 48
39 7 39 58 67 72 87 13 20 40 41 76 23 49 7
35 67 35 25 40 41 49 72 87 13 68 74 63 65 37 76 7 43 44 55 67
65 77 65 77
35 20 35 63 65 13 28 9 20
74 32 74 63 65 6 37 76 23 32
63 29 63 65 6 16 29
40 86 40 33 51 86
63 79 63 65 13 28 68 69 26 42 20 39 76 27 79
16 84 16 35 25 79 84
19 43 19 27 44 55 58 68 51 67 72 87 13 26 28 41 76 23 37 49 7 43
42 71 42 51 67 72 87 27 44 55 58 68 74 63 65 6 71
4 61 4 26 42 33 61
35 33 35 72 87 27 44 55 58 68 74 63 65 6 31 26 42 33
20 52 20 40 13 26 42 33 51 67 72 87 27 44 55 58 68 69 25 35 63 65 37 52
4 9 4 9
31 41 31 26 42 51 67 72 87 13 20 56 74 63 65 6 37 76 23 49 25 85 41
15 32 15 22 26 42 51 67 72 87 27 44 55 58 68 74 63 65 6 37 49 69 76 23 32
21 84 21 58 67 72 87 27 44 79 84
62 44 62 25 40 43 44
22 86 22 13 28 87 27 44 55 67 72 86
11 6 11 7 14 42 20 39 76 51 67 72 87 27 44 55 58 68 9 62 37 49 25 63 65 6
15 78 15 41 63 65 6 37 49 7 57 78
4 66 4 30 44 55 67 72 87 13 26 28 41 76 23 66
85 72 85 41 63 65 6 37 51 67 72
8 13 8 7 57 63 65 13
69 63 69 26 42 20 56 74 72 87 13 68 9 62 6 16 35 63
87 48 87 13 29 48
65 44 65 6 37 51 67 72 87 27 44
68 88 68 88
40 59 40 13 74 63 65 37 59
3 13 3 38 13
69 60 69 26 42 51 67 72 87 13 28 37 76 7 62 27 44 55 58 68 9 20 40 60
1 63 1 7 57 72 87 13 74 63
46 82 46 26 42 59 64 71 82
8 84 8 25 35 72 87 13 28 7 14 34 79 84
14 23 14 28 23
25 83 25 62 27 44 55 67 72 87 70 81 83
37 86 37 52 64 86
4 71 4 74 72 87 13 20 39 16 29 48 52 71
1 71 1 51 67 72 87 13 26 42 33 49 7 43 44 55 58 68 69 64 71
46 80 46 58 68 13 29 48 52 80
21 6 21 26 42 33 51 67 72 87 27 44 55 58 68 13 28 41 57 63 65 37 76 7 62 6
46 55 46 58 68 51 67 72 87 27 44 55
58 67 58 68 51 67
42 9 42 9
7 44 7 57 63 65 13 26 28 9 20 39 58 68 69 25 85 41 49 76 51 67 72 87 27 44
1 82 1 39 51 67 72 87 27 44 55 58 68 9 62 25 35 63 65 64 82
39 30 39 51 67 72 87 13 28 23 49 58 68 9 20 40 33 62 37 76 7 14 30
76 51 76 7 43 87 13 68 51
1 89 1 89
74 32 74 63 65 6 37 76 23 32
1 83 1 2 25 35 39 87 27 44 79 83
1 71 1 43 52 71
14 55 14 57 63 65 37 72 87 27 44 55
58 75 58 67 72 87 13 28 23 37 48 75
13 86 13 28 37 59 64 86
2 25 2 9 62 25
9 29 9 20 40 13 29
49 41 49 76 23 37 72 87 13 28 41
49 79 49 72 87 27 79
42 64 42 33 51 67 72 87 27 44 55 58 68 69 76 23 37 49 64
25 84 25 85 6 37 49 72 87 27 44 84
40 71 40 33 62 6 31 64 71
38 44 38 13 68 69 25 35 63 65 37 51 67 72 87 27 44
2 70 2 33 49 72 87 70
49 41 49 25 63 65 37 76 27 44 55 58 67 72 87 13 28 41
22 29 22 43 44 55 58 67 72 87 13 28 7 62 37 49 69 25 63 65 6 16 29
3 23 3 23
9 79 9 62 72 87 27 79
14 71 14 64 71
39 20 39 51 67 72 87 13 74 63 65 37 49 7 43 44 55 58 68 69 25 62 6 31 56 20
62 29 62 27 44 55 58 67 72 87 13 29
22 81 22 34 48 52 80 81
8 64 8 62 27 44 55 67 72 87 13 74 63 65 64
31 86 31 56 74 63 65 6 86
4 86 4 26 28 64 86
35 89 35 39 51 67 72 87 13 26 28 9 20 40 33 62 6 16 29 48 52 77 89
16 80 16 29 48 52 80
4 61 4 7 14 42 33 61
11 9 11 68 9
39 75 39 34 48 75
49 16 49 76 7 62 6 16
30 29 30 44 55 58 67 72 87 13 29
28 16 28 9 20 39 16
11 51 11 68 51
68 52 68 9 62 25 33 49 69 76 51 67 72 87 13 29 48 52
30 79 30 34 79
22 44 22 31 43 87 27 44
14 66 14 57 63 65 37 76 23 66
40 80 40 33 51 80
21 80 21 9 62 27 44 55 58 67 72 87 13 29 48 52 80
1 9 1 51 67 72 87 13 74 63 65 37 76 7 43 44 55 58 68 9
46 84 46 25 38 65 6 16 35 72 87 13 28 9 20 55 84
25 52 25 62 37 76 7 57 72 87 13 74 63 65 6 16 29 48 52
37 50 37 51 67 72 87 13 26 42 9 62 25 40 41 50
49 23 49 72 87 13 26 28 68 9 62 37 76 23
42 26 42 51 67 72 87 27 44 55 58 68 74 63 65 13 26
65 84 65 37 51 67 72 87 27 79 84
42 72 42 62 27 44 55 58 67 72
68 29 68 74 72 87 13 26 28 23 49 7 14 16 29
20 55 20 39 16 87 27 44 55
28 55 28 68 51 67 72 87 27 44 55
25 83 25 85 70 81 83
25 32 25 40 41 49 69 26 42 51 67 72 87 27 44 55 58 68 9 62 37 76 23 32
35 9 35 25 40 33 49 76 51 67 72 87 27 44 55 58 68 9
74 50 74 63 65 6 37 76 23 49 25 85 41 50
31 70 31 68 13 28 9 20 56 74 70
46 66 46 23 66
21 67 21 9 20 39 65 6 37 72 87 27 44 55 67
74 23 74 72 87 13 68 69 76 23
62 29 62 25 35 39 43 87 27 44 55 58 68 69 76 57 63 65 13 29
74 51 74 72 87 13 68 51
57 75 57 63 65 37 48 75
31 27 31 56 74 72 87 27
15 16 15 16
18 79 18 33 51 67 72 87 27 79
65 58 65 13 74 72 87 27 44 55 58
15 51 15 9 20 39 16 35 25 85 41 49 72 87 13 74 63 65 6 37 51
1 52 1 39 87 13 26 28 23 37 48 52
42 58 42 20 40 41 49 58
21 51 21 42 62 25 38 37 76 51
33 32 33 62 27 44 55 67 72 87 13 28 23 32
51 29 51 67 72 87 13 20 39 16 29
30 52 30 48 52
1 55 1 26 42 9 62 25 63 65 6 16 87 27 44 55
9 67 9 62 25 33 51 67
1 63 1 13 20 56 72 87 27 44 55 58 68 69 76 57 63
11 83 11 13 74 63 65 6 31 56 72 87 70 81 83
49 81 49 25 63 65 13 29 48 75 80 81
6 84 6 31 56 72 87 27 79 84
16 81 16 29 48 75 80 81
56 6 56 72 87 27 44 55 58 68 69 76 23 37 49 7 14 6
18 37 18 41 57 63 65 13 26 42 33 51 67 72 87 27 44 55 58 68 69 25 85 6 37
22 80 22 25 62 37 76 51 80
87 16 87 13 26 28 9 62 6 16
40 86 40 43 52 64 86
85 9 85 41 76 51 67 72 87 27 44 55 58 68 9
2 25 2 33 51 67 72 87 27 44 55 58 68 69 76 23 37 49 25
19 13 19 38 13
30 66 30 44 55 58 68 9 20 39 65 13 26 28 23 66
8 7 8 62 25 85 41 49 7
72 84 72 87 27 79 84
20 61 20 40 68 9 62 37 76 27 44 55 67 72 87 13 28 23 49 25 85 41 63 65 6 31 26 42 33 61
1 7 1 37 76 7
15 55 15 26 28 7 14 42 62 25 40 33 49 58 67 72 87 27 44 55
40 33 40 33
65 73 65 13 26 73
14 79 14 30 34 79
38 50 38 37 49 69 76 27 44 55 58 68 13 20 40 41 50
18 77 18 6 77
87 57 87 13 26 28 68 9 62 37 49 7 57
39 60 39 51 67 72 87 13 74 63 65 6 37 49 25 35 60
38 59 38 59
3 50 3 38 37 51 67 72 87 13 74 63 65 6 31 58 68 9 62 25 40 41 50
14 52 14 28 23 37 51 67 72 87 27 44 55 58 68 74 63 65 6 31 26 42 62 25 40 43 52
22 84 22 43 44 79 84
28 44 28 7 62 27 44
62 78 62 72 87 27 78
25 86 25 63 65 13 20 39 16 29 48 52 64 86
19 79 19 41 76 7 14 30 34 79
74 48 74 72 87 13 29 48
20 67 20 55 58 68 51 67
28 6 28 41 76 23 37 51 67 72 87 27 44 55 58 68 13 26 42 9 20 56 74 63 65 6
4 80 4 49 76 57 63 65 37 52 80
69 88 69 76 7 62 6 31 26 88
41 71 41 76 7 43 44 55 67 72 87 13 20 39 16 29 48 52 71
20 80 20 56 74 63 65 13 26 42 51 80
38 50 38 65 37 49 69 26 42 62 27 44 55 67 72 87 13 28 68 9 20 40 41 50
3 81 3 58 67 72 87 13 29 48 75 80 81
85 83 85 6 31 26 42 33 62 72 87 13 29 48 75 80 81 83
38 7 38 58 68 9 62 27 44 55 67 72 87 13 74 63 65 37 76 7
40 41 40 41
22 88 22 43 44 79 88
1 34 1 33 51 67 72 87 13 28 7 43 44 55 58 68 9 62 6 31 26 42 20 56 74 63 65 37 49 69 25 35 39 34
42 77 42 62 6 77
38 67 38 65 6 31 72 87 27 44 55 58 67
26 48 26 28 87 27 44 55 58 68 13 20 39 34 48
39 72 39 16 87 13 26 42 33 62 27 44 55 67 72
58 81 58 68 13 28 37 52 80 81
18 58 18 76 57 63 65 13 28 9 20 55 58
68 89 68 74 72 87 13 29 48 52 77 89
4 58 4 49 25 38 13 26 42 20 55 58
3 32 3 23 32
28 60 28 23 37 51 67 72 87 27 44 55 58 68 9 20 40 33 49 76 7 14 42 62 6 16 35 39 65 13 60
1 88 1 37 76 51 67 72 88
13 80 13 29 48 75 80
57 86 57 72 86
6 44 6 37 49 69 26 42 51 67 72 87 27 44
31 66 31 56 74 63 65 6 37 49 7 62 72 87 13 28 23 66
15 63 15 26 42 33 62 72 87 13 20 56 74 63
21 48 21 13 29 48
42 83 42 20 56 70 81 83
11 58 11 68 51 67 72 87 13 28 41 49 76 27 44 55 58
23 48 23 49 7 57 63 65 37 48
39 80 39 76 23 49 25 33 62 72 87 13 20 40 41 57 63 65 6 37 48 52 80
85 67 85 41 63 65 13 68 51 67
30 79 30 34 79
69 41 69 25 40 13 26 28 41
42 26 42 33 51 67 72 87 27 44 55 58 68 9 62 25 85 6 31 56 74 63 65 13 28 37 76 23 49 69 26
69 64 69 76 51 59 64
62 44 62 25 33 49 76 7 57 63 65 6 16 87 27 44
41 83 41 76 27 79 83
1 48 1 51 67 72 87 27 44 55 58 68 13 29 48
63 67 63 65 13 26 42 51 67
35 9 35 72 87 13 20 40 43 44 55 58 68 9
1 44 1 26 28 7 14 25 63 65 6 16 87 27 44
62 29 62 6 37 51 67 72 87 27 44 55 58 68 74 63 65 13 29
62 20 62 37 51 67 72 87 13 28 25 63 65 6 31 43 44 55 58 68 9 20
74 37 74 72 87 13 28 37
25 61 25 40 33 61
39 80 39 16 87 13 28 68 74 63 65 37 52 80
57 61 57 72 87 13 68 74 63 65 6 37 49 76 7 62 25 33 61
26 75 26 42 51 67 72 87 27 44 55 58 68 13 29 48 75
15 60 15 41 50 60
74 83 74 72 87 13 68 69 25 33 62 27 79 83
22 63 22 31 72 87 27 44 55 58 68 13 20 56 74 63
65 59 65 6 31 58 68 51 59
19 72 19 25 62 6 37 51 67 72
4 80 4 30 48 52 80
19 43 19 43
70 81 70 81
4 88 4 74 63 65 6 31 56 88
8 86 8 41 57 63 65 6 86
68 23 68 74 72 87 13 26 28 23
8 67 8 51 67
25 73 25 38 65 6 16 35 72 87 27 44 55 67 73
39 60 39 16 35 60
31 30 31 56 74 63 65 6 37 49 25 85 41 76 57 72 87 13 28 7 14 30
58 84 58 68 74 72 87 27 79 84
25 86 25 35 39 58 68 9 62 37 72 87 13 28 41 57 63 65 6 86
23 79 23 37 76 57 72 87 13 74 63 65 6 31 43 44 79
85 7 85 41 49 7
8 80 8 25 85 6 16 29 48 75 80
2 71 2 9 62 6 31 26 42 59 64 71
63 81 63 65 13 29 48 75 80 81
35 13 35 63 65 37 49 76 27 44 55 67 72 87 13
68 72 68 9 20 55 58 67 72
16 44 16 35 72 87 27 44
11 57 11 13 74 63 65 6 16 87 27 44 55 58 68 69 26 28 35 39 76 57
35 77 35 39 51 67 72 87 13 68 69 26 42 9 62 25 40 41 76 57 63 65 37 52 77
69 77 69 26 42 62 27 44 55 67 72 87 13 20 40 43 52 77
69 80 69 25 38 58 67 72 87 13 28 41 76 7 43 52 80
31 67 31 68 13 28 35 39 51 67
43 66 43 44 55 67 72 87 13 74 63 65 6 16 35 25 40 41 49 76 23 66
76 30 76 7 14 30
72 48 72 87 13 28 25 33 62 37 48
57 80 57 63 65 37 52 80
2 66 2 13 20 56 74 63 65 37 51 67 72 87 27 44 55 58 68 9 62 6 31 26 42 33 49 76 23 66
41 50 41 50
28 13 28 87 13
1 67 1 33 62 72 87 13 26 42 51 67
8 25 8 51 67 72 87 13 68 74 63 65 37 49 69 25
57 44 57 63 65 13 28 68 74 72 87 27 44
2 64 2 25 62 6 37 48 52 64
26 55 26 42 20 40 68 51 67 72 87 13 74 63 65 37 76 27 44 55
15 48 15 30 34 48
51 83 51 80 81 83
58 48 58 68 51 67 72 87 13 28 9 62 6 31 56 74 63 65 37 48
42 33 42 51 67 72 87 27 44 55 58 68 9 20 40 33
3 52 3 37 52
38 64 38 59 64
69 6 69 26 42 20 39 43 87 27 44 55 58 68 9 62 6
19 32 19 25 35 72 87 27 44 55 58 68 9 20 56 74 63 65 13 28 7 62 37 49 69 76 23 32
14 41 14 42 9 62 25 33 51 67 72 87 13 74 63 65 37 49 69 26 28 41
26 32 26 42 33 62 72 87 13 68 74 63 65 37 76 23 32
1 25 1 2 23 49 72 87 27 44 55 58 68 69 25
2 79 2 23 37 76 27 79
57 71 57 63 65 37 76 23 49 64 71
64 86 64 86
46 30 46 26 42 51 67 72 87 27 44 55 58 68 74 63 65 13 20 40 33 62 37 76 7 14 30
28 9 28 9
11 25 11 68 13 26 42 20 40 33 49 25
35 50 35 63 65 13 20 40 41 50
4 86 4 7 43 52 64 86
27 48 27 44 55 58 68 9 62 37 48
31 25 31 26 42 33 49 25
27 83 27 44 79 83
58 71 58 68 9 62 25 63 65 6 37 48 52 71
18 70 18 76 51 67 72 87 70
85 73 85 6 16 35 72 87 13 74 63 65 37 76 7 14 30 44 55 67 73
14 77 14 30 48 52 77
31 66 31 26 28 25 33 49 76 23 66
69 86 69 25 38 65 6 86
15 13 15 16 87 13
68 44 68 51 67 72 87 13 28 37 49 7 14 30 44
22 32 22 26 42 62 37 49 76 23 32
35 51 35 72 87 13 20 39 51
76 29 76 27 44 55 58 67 72 87 13 29
37 50 37 49 25 40 41 50
3 57 3 20 55 67 72 87 13 26 28 41 57
31 7 31 68 69 26 42 9 62 37 76 27 44 55 67 72 87 13 28 41 63 65 6 16 35 25 33 49 7
15 78 15 16 87 13 68 78
62 73 62 72 87 27 44 55 67 73
37 66 37 76 23 66
31 70 31 56 74 70
21 58 21 58
28 13 28 35 25 85 6 37 72 87 13
3 84 3 9 62 37 76 57 63 65 6 31 68 69 26 28 23 49 25 40 43 87 27 79 84
46 32 46 58 68 51 67 72 87 13 28 37 76 23 32
6 29 6 31 56 72 87 13 29
26 32 26 28 37 49 76 23 32
11 89 11 43 44 84 89
35 82 35 25 62 6 16 29 48 75 82
74 75 74 63 65 6 31 26 42 62 27 44 55 58 68 9 20 39 76 57 72 87 13 29 48 75
65 48 65 13 29 48
85 33 85 41 57 72 87 27 44 55 58 68 9 20 40 33
11 72 11 13 20 39 87 27 44 55 67 72
85 29 85 6 16 29
4 7 4 7
1 23 1 51 67 72 87 27 44 55 58 68 9 62 37 49 25 85 41 76 23
18 57 18 41 63 65 13 74 72 87 27 44 55 58 68 9 62 25 33 49 76 7 57
11 48 11 13 29 48
65 27 65 6 37 76 27
35 59 35 59
26 86 26 42 59 64 86
49 32 49 69 26 42 9 20 56 74 63 65 37 51 67 72 87 27 44 55 58 68 13 28 23 32
1 86 1 7 64 86
65 88 65 37 72 88
74 9 74 72 87 13 28 7 43 44 55 58 68 9
58 55 58 68 9 62 27 44 55
15 81 15 30 44 55 58 68 69 25 40 33 62 6 31 56 74 70 81
2 86 2 56 74 63 65 64 86
76 83 76 51 67 72 87 27 79 83
1 83 1 13 28 68 51 80 81 83
40 29 40 13 29
39 89 39 58 67 72 87 77 89
40 72 40 68 69 26 42 9 62 72
69 29 69 26 42 20 55 67 72 87 13 29
2 50 2 33 51 67 72 87 27 44 55 58 68 69 76 57 63 65 13 28 41 50
11 72 11 43 44 55 58 67 72
76 70 76 27 44 55 58 68 69 26 42 51 67 72 87 13 20 56 70
49 44 49 69 76 51 67 72 87 27 44
18 79 18 22 25 40 43 87 27 79
35 52 35 39 51 67 72 87 27 44 55 58 68 69 26 28 7 43 52
57 84 57 72 87 27 79 84
31 26 31 26
85 27 85 6 16 87 27
40 33 40 33
18 23 18 63 65 13 28 23
25 55 25 63 65 6 31 26 42 20 40 41 76 7 14 57 72 87 27 44 55
2 57 2 56 20 39 51 67 72 87 27 44 55 58 68 69 76 57
65 25 65 6 37 76 7 62 25
27 83 27 44 55 58 67 72 87 13 20 39 43 52 80 81 83
8 50 8 40 41 50
35 79 35 25 85 6 37 49 76 27 79
14 73 14 42 33 49 25 63 65 13 74 72 87 27 44 55 58 67 73
76 43 76 23 49 58 68 13 74 63 65 6 16 35 39 43
41 83 41 70 81 83
8 27 8 25 62 27
25 83 25 40 41 76 27 44 55 67 72 87 70 81 83
1 50 1 51 67 72 87 13 28 41 50
18 13 18 76 51 67 72 87 13
4 9 4 26 42 33 51 67 72 87 27 44 55 58 68 9
74 79 74 72 87 27 79
35 33 35 72 87 13 68 9 20 56 74 63 65 37 49 25 40 33
74 44 74 63 65 13 20 39 43 87 27 44
56 33 56 20 39 58 67 72 87 13 74 63 65 6 16 35 25 33
7 32 7 14 28 37 51 67 72 87 27 44 55 58 68 69 76 23 32
56 88 56 20 39 16 87 13 74 63 65 6 31 68 88
25 55 25 33 62 72 87 27 44 55
76 84 76 27 44 79 84
58 52 58 68 51 67 72 87 13 28 25 33 49 69 26 42 9 62 37 52
13 61 13 26 42 33 61
41 71 41 63 65 64 71
69 59 69 76 57 72 87 13 20 56 74 63 65 6 37 51 59
9 83 9 62 6 31 58 68 74 70 81 83
3 23 3 23
28 86 28 7 14 42 59 64 86
76 78 76 7 14 42 20 40 33 51 67 72 87 27 78
14 78 14 16 87 27 78
19 73 19 56 74 72 87 13 26 28 35 25 85 41 76 23 37 51 67 73
63 80 63 65 37 48 52 80
38 9 38 13 28 9
20 52 20 40 43 87 13 29 48 52
8 33 8 40 43 44 55 58 68 69 26 42 33
68 81 68 74 63 65 6 37 49 72 87 70 81
2 64 2 26 28 64
62 41 62 37 49 7 14 30 44 55 58 68 74 72 87 13 20 39 65 6 31 26 28 41
68 7 68 74 63 65 13 28 23 49 7
42 30 42 51 67 72 87 27 44 55 58 68 74 63 65 37 76 7 14 30
2 9 2 9
56 79 56 20 55 58 67 72 87 13 26 42 62 27 44 79
68 48 68 13 29 48
65 81 65 6 16 29 48 52 80 81
35 41 35 63 65 13 28 41
85 67 85 6 16 35 25 33 49 72 87 27 44 55 67
58 44 58 67 72 87 27 44
16 32 16 35 39 58 67 72 87 13 28 23 32
38 82 38 37 48 75 82
57 75 57 63 65 13 20 40 41 76 7 14 16 29 48 75
39 82 39 16 29 48 52 64 71 82
68 6 68 69 26 42 62 27 44 55 58 67 72 87 13 20 39 16 35 63 65 6
14 41 14 28 41
30 71 30 48 52 64 71
69 30 69 25 85 41 57 72 87 13 74 63 65 37 76 7 14 30
31 58 31 56 74 72 87 27 44 55 58
35 50 35 72 87 13 28 41 50
62 32 62 37 49 76 27 44 55 67 72 87 13 68 69 25 38 65 6 31 26 28 23 32
85 66 85 6 16 87 27 44 55 58 68 13 74 63 65 37 76 23 66
1 71 1 43 52 71
51 44 51 67 72 87 27 44
87 52 87 13 29 48 52
57 66 57 63 65 37 49 76 23 66
22 72 22 13 28 35 63 65 37 76 27 44 55 67 72
30 73 30 44 55 58 68 74 63 65 13 26 42 9 62 25 38 37 51 67 73
30 67 30 44 55 67
30 48 30 48
41 75 41 76 27 44 55 58 68 74 72 87 13 28 37 48 75
56 37 56 20 39 51 67 72 87 27 44 55 58 68 74 63 65 37
38 44 38 13 68 9 62 27 44
74 70 74 70
76 23 76 7 43 87 13 28 23
11 81 11 68 13 29 48 52 80 81
39 34 39 34
56 58 56 72 87 13 74 63 65 6 37 49 58
68 59 68 9 62 25 35 39 34 59
57 84 57 63 65 37 51 67 72 87 13 84
3 81 3 23 49 69 25 33 51 80 81
40 13 40 33 51 67 72 87 13
3 34 3 38 37 51 67 72 87 13 20 40 43 44 55 58 68 74 63 65 6 16 35 39 34
85 67 85 41 49 76 57 72 87 27 44 55 67
18 66 18 6 37 51 67 72 87 27 44 55 58 68 69 25 38 65 13 28 41 76 23 66
49 67 49 72 87 27 44 55 58 67
69 72 69 25 35 39 16 87 27 44 55 58 68 9 62 72
76 86 76 23 37 59 64 86
11 13 11 43 44 55 67 72 87 13
40 73 40 43 87 13 20 73
18 67 18 20 55 58 67
46 80 46 58 67 72 87 13 28 35 25 63 65 6 37 51 80
31 6 31 58 68 74 63 65 6
11 58 11 13 68 69 26 42 51 67 72 87 27 44 55 58
13 44 13 74 72 87 27 44
87 84 87 27 44 79 84
8 77 8 41 76 57 72 87 13 29 48 52 77
1 60 1 26 28 7 14 57 63 65 13 60
18 33 18 6 31 68 13 26 28 35 25 33
58 67 58 68 9 62 25 38 13 28 37 49 69 76 51 67
46 23 46 23
72 48 72 87 13 28 68 74 63 65 37 48
68 25 68 9 20 55 58 67 72 87 13 26 28 25
8 29 8 25 40 13 26 28 87 27 44 55 58 68 69 76 57 63 65 6 16 29
74 70 74 70
13 86 13 29 48 52 64 86
31 84 31 26 28 7 57 63 65 6 37 76 23 49 25 38 13 84
68 67 68 13 20 56 72 87 27 44 55 67
62 81 62 37 72 87 13 26 28 23 49 76 51 80 81
49 7 49 7
8 44 8 28 35 63 65 13 26 42 9 20 39 51 67 72 87 27 44
4 7 4 7
15 25 15 26 42 51 67 72 87 13 74 63 65 6 31 56 20 40 33 62 37 76 23 49 58 68 69 25
11 32 11 43 87 13 28 23 32
16 61 16 87 13 20 39 43 44 55 58 68 69 25 33 61
19 58 19 25 63 65 13 20 39 87 27 44 55 58
11 6 11 43 87 13 20 40 68 74 63 65 6
2 48 2 56 74 72 87 13 29 48
85 43 85 6 37 49 25 33 51 67 72 87 13 26 42 62 27 44 55 58 68 9 20 39 43
15 61 15 16 35 63 65 13 26 42 51 67 72 87 27 44 55 58 68 9 62 6 37 49 25 33 61
49 23 49 7 62 6 31 56 20 39 51 67 72 87 13 68 69 76 23
2 13 2 23 49 72 87 13
76 70 76 51 67 72 87 70
11 34 11 13 68 69 76 7 14 34
25 50 25 63 65 6 16 35 39 76 27 44 55 67 72 87 13 28 41 50
43 61 43 87 13 20 40 33 61
9 44 9 20 55 67 72 87 27 44
13 32 13 20 55 58 68 69 26 28 23 32
8 84 8 51 67 72 87 13 28 23 37 49 7 14 25 38 65 6 31 43 44 55 84
72 52 72 87 13 20 56 74 63 65 6 37 49 69 26 42 62 25 35 39 34 48 52
4 88 4 74 63 65 13 28 9 62 6 31 72 87 27 88
21 84 21 7 14 57 72 87 27 79 84
22 27 22 13 68 51 67 72 87 27
46 61 46 23 37 76 27 44 55 67 72 87 13 20 56 74 63 65 6 31 58 68 9 62 25 33 61
18 50 18 41 50
65 79 65 6 31 58 68 9 20 55 67 72 87 27 79
35 84 35 63 65 13 74 72 87 27 44 84
57 50 57 63 65 37 49 76 27 44 55 58 68 9 62 25 85 41 50
68 64 68 51 67 72 87 13 20 56 74 63 65 6 31 59 64
49 78 49 72 87 27 78
43 80 43 52 80
38 33 38 37 51 67 72 87 27 44 55 58 68 74 63 65 13 26 42 9 62 6 31 56 20 39 16 35 25 33
62 29 62 37 49 7 43 44 55 67 72 87 13 29
4 77 4 26 42 33 62 25 85 41 49 76 7 57 72 87 77
6 48 6 37 51 67 72 87 13 29 48
28 25 28 25
3 75 3 30 48 75
14 29 14 16 29
62 83 62 25 85 6 16 35 72 87 27 44 79 83
19 20 19 56 74 72 87 13 20
62 81 62 37 52 80 81
76 84 76 7 14 57 72 87 27 79 84
87 78 87 27 78
76 82 76 51 67 72 87 82
15 71 15 41 76 51 67 72 87 27 44 55 58 68 13 74 63 65 64 71
14 58 14 30 44 55 58
14 16 14 16
65 33 65 6 31 72 87 13 26 42 33
4 29 4 26 28 25 62 37 51 67 72 87 13 29
56 61 56 74 72 87 13 26 28 25 40 33 61
69 64 69 76 23 37 52 64
65 43 65 13 26 28 9 20 40 68 69 76 7 43
22 60 22 25 40 60
30 50 30 44 55 58 67 72 87 13 20 56 74 63 65 6 16 35 25 40 41 50
28 33 28 37 76 23 49 69 25 33
65 51 65 6 37 51
11 37 11 68 13 74 63 65 37
62 32 62 37 51 67 72 87 27 44 55 58 68 74 63 65 6 31 26 28 23 32
31 7 31 26 28 87 13 68 9 62 25 33 49 7
4 41 4 23 49 25 40 41
19 57 19 27 44 55 58 68 9 62 37 51 67 72 87 13 20 40 33 49 7 57
19 48 19 69 76 51 67 72 87 27 44 55 58 68 74 63 65 13 29 48
31 48 31 68 74 63 65 37 48
15 64 15 22 43 52 64
21 89 21 9 20 39 77 89
4 13 4 23 37 76 27 44 55 58 67 72 87 13
6 29 6 37 76 7 62 25 33 51 67 72 87 13 29
4 83 4 74 63 65 6 31 43 44 79 83
2 37 2 23 49 76 7 14 42 33 51 67 72 87 13 20 39 65 6 37
28 75 28 37 76 23 49 7 14 30 48 75
42 34 42 9 62 37 76 23 49 69 25 33 51 67 72 87 27 44 55 58 68 74 63 65 13 28 35 39 34
87 81 87 70 81
40 67 40 33 51 67
2 64 2 9 62 37 52 64
27 55 27 44 55
68 58 68 69 76 57 72 87 27 44 55 58
42 71 42 62 27 44 55 67 72 87 13 20 56 74 63 65 37 51 59 64 71
26 66 26 28 23 66
62 80 62 25 35 39 65 13 29 48 52 80
22 29 22 31 26 42 33 51 67 72 87 13 29
35 82 35 59 64 82
4 26 4 74 72 87 13 26
62 32 62 25 33 49 76 23 32
65 37 65 37
28 63 28 23 37 72 87 13 68 74 63
69 16 69 25 33 51 67 72 87 27 44 55 58 68 9 20 39 16
25 44 25 63 65 37 49 72 87 13 20 40 43 44
21 13 21 58 67 72 87 13
14 41 14 28 41
8 33 8 25 33
58 80 58 67 72 87 13 26 28 41 76 57 63 65 37 51 80
42 52 42 33 51 67 72 87 27 44 55 58 68 69 25 85 6 37 52
16 71 16 87 13 29 48 52 71
14 83 14 6 31 72 87 27 79 83
3 81 3 30 48 75 80 81
49 60 49 58 68 69 25 40 60
3 86 3 30 48 52 64 86
15 6 15 16 35 25 85 6
46 86 46 25 33 49 64 86
4 44 4 74 72 87 27 44
28 88 28 7 43 44 55 67 72 87 13 29 48 88
49 67 49 58 68 51 67
11 13 11 68 74 63 65 6 37 76 7 57 72 87 13
3 71 3 64 71
22 60 22 26 28 37 76 27 44 55 58 67 72 87 13 68 69 60
31 7 31 58 68 69 25 38 37 49 7
15 78 15 16 35 39 65 37 72 87 27 78
42 79 42 62 37 76 27 79
69 88 69 76 7 14 6 31 58 67 72 87 13 29 48 88
65 89 65 77 89
87 32 87 13 68 9 20 56 74 63 65 6 31 26 28 23 32
68 7 68 69 25 40 41 76 7
35 9 35 39 51 67 72 87 27 44 55 58 68 9
11 6 11 13 26 28 7 62 37 51 67 72 87 27 44 55 58 68 69 76 57 63 65 6
76 88 76 7 14 42 62 6 31 72 87 13 68 69 26 88
9 75 9 62 6 16 29 48 75
62 70 62 6 37 72 87 70
8 57 8 28 37 76 57
41 44 41 57 63 65 37 72 87 13 26 42 33 49 7 43 44
28 60 28 7 62 37 49 69 60
22 61 22 25 40 33 61
41 79 41 57 72 87 27 79
13 61 13 68 9 62 25 33 61
37 73 37 72 87 27 44 55 67 73
3 6 3 37 51 67 72 87 13 74 63 65 6
3 16 3 37 51 67 72 87 27 44 55 58 68 13 28 25 33 49 69 76 57 63 65 6 16
38 16 38 13 74 63 65 6 16
85 89 85 41 49 76 23 37 77 89
39 23 39 76 23
76 30 76 7 14 30
4 41 4 7 14 6 16 35 72 87 13 28 41
14 72 14 16 35 63 65 13 74 72
2 41 2 26 42 62 25 35 72 87 13 20 40 41
1 79 1 49 25 62 27 44 79
28 50 28 7 43 87 13 68 69 25 85 41 50
59 71 59 64 71
28 61 28 23 49 72 87 13 26 42 33 61
28 52 28 37 48 52
56 78 56 74 63 65 6 31 26 42 51 67 72 87 13 68 9 62 27 78
1 48 1 39 34 48
28 30 28 7 14 30
65 88 65 13 68 9 20 40 33 49 7 43 44 79 88
39 86 39 34 86
21 52 21 13 26 42 62 25 35 63 65 6 16 29 48 52
1 84 1 13 68 9 20 39 43 44 55 67 72 87 27 79 84
69 80 69 26 42 51 80
35 16 35 39 16
72 52 72 87 13 20 56 74 63 65 37 48 52
8 51 8 41 49 25 35 39 51
42 43 42 62 27 44 55 58 67 72 87 13 26 28 7 43
76 43 76 23 37 51 67 72 87 13 74 63 65 6 31 43
35 44 35 63 65 6 16 87 27 44
3 57 3 23 37 49 7 43 87 27 44 55 58 68 69 76 57
62 7 62 27 44 55 58 67 72 87 13 28 7
68 78 68 69 78
85 72 85 6 16 35 25 33 49 72
40 51 40 68 51
58 44 58 67 72 87 13 68 69 76 27 44
21 81 21 13 26 42 51 67 72 87 27 44 55 58 68 69 76 23 37 52 80 81
22 41 22 26 28 41
28 55 28 25 33 62 27 44 55
35 37 35 25 62 37
6 52 6 16 29 48 52
33 66 33 51 67 72 87 27 44 55 58 68 9 62 25 38 37 76 23 66
87 80 87 13 20 40 43 52 80
2 52 2 25 63 65 37 52
27 71 27 44 55 67 72 87 13 28 7 62 6 31 43 52 71
19 25 19 69 25
56 58 56 20 39 58
3 89 3 38 37 72 87 27 79 84 89
11 43 11 7 43
76 20 76 23 37 49 69 26 28 9 20
27 67 27 44 55 58 67
42 32 42 51 67 72 87 13 26 28 41 76 23 32
16 73 16 35 63 65 13 28 9 62 37 72 87 27 44 55 58 67 73
72 83 72 87 70 81 83
15 78 15 9 62 6 31 26 42 33 49 7 57 72 87 27 78
56 48 56 72 87 13 29 48
38 50 38 65 6 37 49 25 35 39 58 67 72 87 13 28 41 50
31 41 31 26 42 62 27 44 55 67 72 87 13 28 9 20 39 16 35 63 65 6 37 76 23 49 69 25 85 41
68 52 68 51 67 72 87 13 26 42 33 62 37 49 69 25 63 65 6 16 29 48 52
42 48 42 62 27 44 55 67 72 87 13 29 48
19 16 19 25 62 6 31 58 68 69 26 42 20 40 41 57 63 65 37 76 27 44 55 67 72 87 13 28 7 14 16
21 57 21 7 57
28 55 28 37 51 67 72 87 13 68 69 26 42 33 62 27 44 55
46 48 46 26 28 68 13 29 48
40 80 40 13 28 23 49 25 33 51 67 72 87 27 44 55 58 68 74 63 65 37 48 52 80
14 51 14 30 44 55 67 72 87 13 26 42 51
46 57 46 25 38 37 76 57
34 84 34 79 84
9 81 9 62 25 33 51 67 72 87 70 81
33 52 33 51 67 72 87 27 44 55 58 68 9 20 40 41 57 63 65 37 48 52
14 29 14 25 85 6 16 29
38 13 38 37 49 7 14 28 35 39 58 67 72 87 13
46 75 46 23 37 48 75
21 23 21 42 62 72 87 27 44 55 58 68 13 28 7 57 63 65 37 76 23
42 27 42 33 62 25 38 65 6 31 26 28 23 49 58 68 51 67 72 87 27
42 58 42 62 72 87 27 44 55 58
38 29 38 37 49 7 14 25 33 51 67 72 87 13 29
58 52 58 68 9 62 27 44 55 67 72 87 13 74 63 65 6 31 56 20 39 34 48 52
1 82 1 7 43 87 82
19 50 19 41 50
41 71 41 57 63 65 6 16 29 48 52 71
38 48 38 37 51 67 72 87 27 44 55 58 68 9 20 39 34 48
58 73 58 68 69 25 62 6 31 72 87 27 44 55 67 73
1 59 1 26 28 7 57 72 87 27 44 55 58 68 13 20 40 41 76 23 37 49 25 33 62 6 16 35 39 51 59
4 32 4 9 20 56 74 63 65 37 49 58 67 72 87 13 28 23 32
69 79 69 26 42 51 67 72 87 27 44 55 58 68 13 28 25 79
40 16 40 43 44 55 58 67 72 87 13 68 69 25 62 37 76 7 57 63 65 6 16
43 44 43 44
42 72 42 62 72
69 77 69 26 28 77
3 7 3 37 76 7
51 67 51 67
31 61 31 58 67 72 87 13 26 42 33 61
43 50 43 44 55 58 68 69 25 40 41 50
3 44 3 27 44
38 23 38 58 68 9 62 27 44 55 67 72 87 13 20 39 16 35 63 65 6 37 76 23
21 32 21 42 33 51 67 72 87 27 44 55 58 68 13 74 63 65 37 49 76 23 32
7 75 7 57 63 65 37 48 75
76 13 76 27 44 55 58 67 72 87 13
56 84 56 74 63 65 13 26 42 20 55 58 68 69 25 85 6 31 72 87 27 44 79 84
62 55 62 25 40 41 57 72 87 27 44 55
1 50 1 33 49 7 62 25 85 41 50
19 6 19 69 25 35 63 65 6
3 50 3 23 37 49 58 68 69 25 35 72 87 13 28 41 50
68 51 68 51
41 80 41 76 51 80
1 78 1 78
25 50 25 35 72 87 13 28 41 50
28 86 28 41 49 25 38 59 64 86
63 79 63 65 6 37 51 67 72 87 27 79
68 81 68 51 67 72 87 70 81
19 88 19 27 44 55 58 68 9 62 72 88
65 50 65 6 37 76 51 67 72 87 13 28 41 50
40 25 40 68 9 62 25
68 81 68 51 80 81
15 58 15 16 35 39 87 13 28 41 49 25 62 27 44 55 58
76 32 76 23 32
11 82 11 43 87 70 82
41 80 41 49 58 68 74 72 87 13 29 48 52 80
65 83 65 13 28 23 37 49 72 87 27 79 83
14 41 14 30 44 55 67 72 87 13 74 63 65 6 31 58 68 9 20 40 41
39 7 39 58 68 69 76 27 44 55 67 72 87 13 28 7
8 89 8 40 43 87 27 79 84 89
3 89 3 37 52 77 89
19 58 19 69 76 51 67 72 87 13 68 74 63 65 6 16 35 39 58
39 20 39 51 67 72 87 27 44 55 58 68 9 20
76 6 76 27 44 55 58 68 69 25 63 65 6
16 48 16 29 48
57 50 57 63 65 37 51 67 72 87 27 44 55 58 68 69 26 28 41 50
13 84 13 68 69 25 62 6 37 72 87 27 79 84
58 29 58 67 72 87 13 29
56 9 56 20 39 43 44 55 58 68 9
21 6 21 7 14 28 41 76 23 37 51 67 72 87 13 74 63 65 6
56 71 56 64 71
21 7 21 26 28 7
27 84 27 44 79 84
4 58 4 26 42 51 67 72 87 27 44 55 58
74 75 74 63 65 13 29 48 75
39 48 39 34 48
15 77 15 34 48 52 77
18 41 18 41
11 34 11 68 9 20 39 34
43 79 43 87 27 79
65 50 65 6 37 49 25 85 41 50
43 48 43 44 55 58 67 72 87 13 74 63 65 37 76 7 14 16 29 48
19 77 19 41 63 65 77
14 7 14 30 44 55 58 68 69 76 7
14 82 14 30 34 59 64 71 82
39 58 39 76 57 72 87 13 26 42 62 25 38 65 6 37 49 58
43 80 43 44 55 67 72 87 13 29 48 52 80
1 64 1 43 44 55 58 68 13 29 48 52 64
68 63 68 74 63
15 29 15 22 26 28 7 62 27 44 55 67 72 87 13 29
3 55 3 20 56 74 63 65 6 16 35 72 87 27 44 55
85 34 85 41 76 23 37 49 7 14 34
7 86 7 43 44 55 58 67 72 86
15 7 15 9 20 55 58 68 51 67 72 87 13 28 35 25 63 65 6 37 49 7
56 33 56 72 87 13 74 63 65 37 49 25 33
65 7 65 37 76 7
62 27 62 25 35 39 51 67 72 87 27
14 25 14 25
51 73 51 67 73
46 43 46 58 68 13 26 28 41 63 65 6 37 76 23 49 7 43
2 64 2 56 74 63 65 6 37 76 27 44 55 67 72 87 13 26 42 59 64
8 48 8 9 62 37 48
21 23 21 42 20 55 58 68 13 74 63 65 6 31 26 28 23
22 7 22 43 87 13 28 7
85 81 85 41 70 81
76 73 76 57 72 87 27 44 55 58 68 74 63 65 37 49 7 62 6 31 56 20 73
87 20 87 13 20
31 32 31 58 68 74 63 65 6 37 76 23 32
13 32 13 26 28 23 32
19 57 19 69 76 7 57
68 66 68 9 20 40 41 76 23 66
18 37 18 41 76 51 67 72 87 27 44 55 58 68 69 26 28 7 14 57 63 65 6 37
38 9 38 58 68 9
25 80 25 40 13 29 48 52 80
51 81 51 80 81
3 43 3 38 58 68 9 20 40 43
85 71 85 6 31 26 42 62 72 87 13 20 40 33 51 59 64 71
31 20 31 26 42 33 51 67 72 87 27 44 55 58 68 9 20
38 81 38 58 68 13 28 7 62 27 44 55 67 72 87 70 81
46 66 46 25 85 6 16 35 72 87 13 68 9 20 40 41 76 7 14 57 63 65 37 49 69 26 28 23 66
33 66 33 51 67 72 87 13 68 9 20 56 74 63 65 37 49 69 26 42 62 25 35 39 76 23 66
65 50 65 13 20 40 41 50
11 30 11 68 69 26 42 51 67 72 87 13 74 63 65 6 16 35 25 85 41 76 7 14 30
62 78 62 37 49 7 14 28 87 13 68 69 78
16 32 16 35 25 63 65 37 76 23 32
15 13 15 22 13
18 82 18 41 57 63 65 6 71 82
33 50 33 62 37 51 67 72 87 27 44 55 58 68 69 26 28 25 85 41 50
33 52 33 62 72 87 13 28 68 9 20 56 74 63 65 37 48 52
28 29 28 23 37 76 27 44 55 67 72 87 13 29
31 72 31 43 87 27 44 55 67 72
69 33 69 25 33
68 83 68 9 20 56 72 87 70 81 83
31 48 31 68 69 25 85 6 37 49 58 67 72 87 13 28 35 39 16 29 48
1 29 1 26 42 62 6 37 51 67 72 87 27 44 55 58 68 13 29
19 72 19 41 76 23 37 72
7 50 7 43 44 55 67 72 87 13 26 42 62 25 85 41 50
3 57 3 58 68 74 63 65 37 76 27 44 55 67 72 87 13 28 41 57
31 33 31 56 74 63 65 6 37 76 51 67 72 87 13 20 55 58 68 9 62 25 33
28 71 28 37 51 67 72 87 27 44 55 58 68 9 20 40 41 76 23 49 25 62 6 71
42 78 42 51 67 72 87 27 44 55 58 68 69 78
65 41 65 6 31 68 9 20 40 41
35 71 35 25 62 37 76 57 63 65 6 71
14 32 14 28 23 32
87 77 87 13 74 63 65 77
7 44 7 62 27 44
19 41 19 41
33 61 33 61
18 27 18 63 65 37 51 67 72 87 27
46 26 46 23 37 51 67 72 87 27 44 55 58 68 13 26
65 71 65 6 16 29 48 52 71
42 30 42 20 40 41 76 23 49 25 62 72 87 13 26 28 7 14 30
68 33 68 51 67 72 87 13 26 42 20 40 33
62 44 62 27 44
27 80 27 44 55 58 68 51 80
39 89 39 43 52 77 89
57 86 57 63 65 13 20 55 58 67 72 86
69 52 69 76 7 62 27 44 55 67 72 87 13 74 63 65 37 52
16 84 16 87 27 79 84
85 37 85 6 31 58 67 72 87 13 68 9 20 56 74 63 65 37
49 13 49 69 76 57 72 87 13
34 83 34 79 83
30 52 30 48 52
56 58 56 72 87 27 44 55 58
27 75 27 44 55 58 67 72 87 13 29 48 75
85 43 85 6 16 35 39 51 67 72 87 27 44 55 58 68 69 26 28 7 43
64 71 64 71
35 86 35 39 34 59 64 86
68 43 68 13 20 40 41 63 65 6 31 26 42 33 62 25 35 39 43
20 55 20 40 43 44 55
39 75 39 34 48 75
49 16 49 25 35 39 76 23 37 72 87 27 44 55 58 68 9 20 40 41 57 63 65 13 28 7 14 6 16
28 20 28 9 20
1 89 1 33 51 59 89
22 30 22 20 56 74 63 65 6 31 72 87 13 26 28 7 14 30
85 57 85 41 57
76 32 76 57 63 65 6 31 68 74 72 87 13 26 28 23 32
28 61 28 9 62 25 33 61
69 63 69 76 57 63
39 70 39 16 35 72 87 70
68 41 68 13 28 41
85 32 85 6 37 72 87 13 26 28 23 32
14 25 14 25
46 66 46 25 33 62 6 16 35 39 51 67 72 87 27 44 55 58 68 13 28 41 57 63 65 37 76 23 66
8 59 8 28 25 40 41 76 57 72 87 27 44 55 58 68 69 26 42 62 37 59
1 58 1 43 44 55 58
40 61 40 13 74 63 65 6 37 51 67 72 87 27 44 55 58 68 69 26 28 9 20 39 16 35 25 33 61
49 73 49 25 62 72 87 13 26 28 35 63 65 37 51 67 73
22 48 22 31 68 9 62 27 44 55 67 72 87 13 20 39 34 48
28 44 28 68 69 25 33 49 72 87 27 44
28 25 28 25
3 89 3 58 77 89
15 63 15 30 44 55 67 72 87 13 68 74 63
31 80 31 72 87 13 29 48 52 80
72 86 72 87 13 29 48 52 64 86
19 37 19 62 6 16 35 63 65 37
69 89 69 26 28 23 49 7 62 6 31 43 87 13 68 9 20 56 74 89
28 55 28 37 49 58 68 13 20 39 43 87 27 44 55
1 26 1 26
51 71 51 59 64 71
87 80 87 13 29 48 75 80
35 59 35 72 87 13 28 41 63 65 6 37 51 59
19 57 19 25 40 41 57
31 81 31 58 68 9 62 37 48 75 80 81
62 71 62 6 71
38 13 38 65 6 37 76 27 44 55 67 72 87 13
11 29 11 43 87 13 29
74 16 74 72 87 27 44 55 58 68 13 28 35 25 85 41 57 63 65 6 16
49 37 49 72 87 27 44 55 58 68 13 74 63 65 6 31 26 28 7 14 25 62 37
72 50 72 87 13 28 41 50
26 81 26 42 51 67 72 87 13 28 7 57 63 65 6 37 48 75 80 81
40 37 40 43 87 13 68 9 62 37
65 13 65 13
31 44 31 72 87 27 44
42 59 42 33 62 25 63 65 13 26 28 9 20 39 34 59
18 26 18 22 25 62 72 87 27 44 55 58 68 9 20 56 74 63 65 13 26
56 86 56 64 86
8 77 8 51 67 72 87 27 44 55 58 68 74 63 65 37 77
49 86 49 25 85 6 86
3 83 3 9 20 55 67 72 87 70 81 83
74 43 74 63 65 13 26 42 51 67 72 87 27 44 55 58 68 9 62 6 31 56 20 39 43
3 82 3 37 48 75 82
40 70 40 41 70
14 26 14 57 72 87 27 44 55 58 68 13 26
11 26 11 68 13 26
27 50 27 44 55 58 67 72 87 13 74 63 65 6 31 26 42 62 37 49 25 85 41 50
35 44 35 25 40 13 26 42 51 67 72 87 27 44
23 29 23 37 49 58 68 13 28 35 63 65 6 16 29
13 67 13 68 51 67
14 23 14 25 62 37 72 87 27 44 55 58 68 69 76 23
6 80 6 37 52 80
25 81 25 63 65 13 26 28 87 70 81
21 80 21 58 67 72 87 13 29 48 75 80
87 55 87 27 44 55
28 70 28 41 70
87 9 87 27 44 55 58 68 13 28 35 25 40 33 49 69 26 42 9
39 86 39 43 44 55 58 68 74 63 65 37 59 64 86
51 29 51 67 72 87 27 44 55 58 68 74 63 65 6 16 29
65 77 65 37 76 7 62 6 16 87 77
68 6 68 9 20 39 58 67 72 87 13 74 63 65 6
42 26 42 33 49 69 26
68 33 68 69 26 28 37 72 87 13 74 63 65 6 16 35 25 33
74 48 74 72 87 13 29 48
3 20 3 20
35 63 35 72 87 13 26 28 41 57 63
8 63 8 9 20 55 67 72 87 13 68 69 25 40 41 57 63
8 88 8 62 72 87 13 29 48 88
2 32 2 23 32
63 79 63 65 13 26 28 23 37 76 51 67 72 87 27 44 55 58 68 69 25 79
35 20 35 72 87 13 26 28 23 37 49 58 68 74 63 65 6 31 56 20
1 75 1 26 28 37 72 87 27 44 55 58 68 74 63 65 13 29 48 75
18 72 18 22 13 20 40 41 76 27 44 55 58 67 72
14 72 14 16 35 72
39 6 39 65 37 49 76 7 14 16 35 25 85 6
15 70 15 16 35 72 87 70
1 9 1 39 51 67 72 87 27 44 55 58 68 9
39 86 39 51 59 64 86
22 6 22 13 20 55 58 68 69 25 40 41 63 65 6
1 50 1 2 26 42 20 56 72 87 13 28 41 50
85 9 85 41 63 65 13 28 25 33 49 72 87 27 44 55 58 68 9
46 6 46 23 37 51 67 72 87 13 28 9 20 39 76 27 44 55 58 68 69 25 38 65 6
41 32 41 57 63 65 37 51 67 72 87 27 44 55 58 68 69 26 28 23 32
56 23 56 74 63 65 37 76 23
8 83 8 41 49 69 25 63 65 13 26 28 35 39 34 79 83
39 37 39 87 27 44 55 58 68 13 74 63 65 6 37
18 61 18 22 26 42 51 67 72 87 13 74 63 65 6 16 35 39 76 27 44 55 58 68 69 25 33 61
22 23 22 26 28 23
31 67 31 68 51 67
85 60 85 6 16 87 13 28 35 60
63 67 63 65 13 26 42 9 62 27 44 55 58 68 51 67
42 88 42 62 27 79 88
58 86 58 68 74 72 86
13 66 13 74 63 65 6 31 26 28 87 27 44 55 58 68 69 25 85 41 49 7 62 37 76 23 66
11 16 11 68 74 63 65 6 16
11 43 11 68 69 76 51 67 72 87 13 20 56 74 63 65 6 37 49 7 43
21 72 21 42 51 67 72
35 37 35 25 62 27 44 55 67 72 87 13 74 63 65 37
49 43 49 76 27 44 55 67 72 87 13 26 42 9 20 39 16 35 63 65 6 31 43
69 80 69 76 23 37 51 80
1 29 1 39 76 23 37 51 67 72 87 13 26 28 35 63 65 6 16 29
23 79 23 49 76 27 79
22 20 22 20
3 88 3 20 39 76 51 67 72 88
37 86 37 49 58 67 72 86
18 83 18 33 62 6 31 68 9 20 55 67 72 87 27 44 79 83
22 60 22 26 42 51 67 72 87 13 60
16 32 16 87 13 20 55 58 68 69 76 23 32
6 79 6 16 87 27 79
72 29 72 87 13 28 25 40 33 62 6 16 29
14 64 14 30 34 59 64
35 67 35 72 87 13 28 23 49 69 76 27 44 55 58 67
28 43 28 41 76 51 67 72 87 27 44 55 58 68 9 20 40 13 74 63 65 37 49 25 33 62 6 31 43
62 41 62 37 49 69 76 7 14 25 40 41
76 60 76 51 67 72 87 27 44 55 58 68 69 26 28 41 50 60
40 66 40 41 57 72 87 13 74 63 65 6 16 35 25 62 37 49 7 14 28 23 66
31 33 31 43 44 55 67 72 87 13 28 9 62 37 76 23 49 69 26 42 20 56 74 63 65 6 16 35 25 40 33
38 63 38 65 37 76 23 49 7 43 87 13 26 28 41 63
22 44 22 13 26 28 7 62 72 87 27 44
35 70 35 25 38 58 67 72 87 70
22 66 22 25 33 49 58 68 74 72 87 13 28 23 66
40 59 40 13 20 39 58 68 69 25 85 41 57 63 65 37 59
46 37 46 23 37
38 82 38 59 64 71 82
56 73 56 74 72 87 27 44 55 58 68 13 28 7 62 6 31 26 73
38 44 38 37 51 67 72 87 13 74 63 65 6 31 56 20 40 43 44
49 75 49 76 51 67 72 87 13 29 48 75
56 23 56 72 87 13 28 68 69 76 23
38 64 38 65 13 68 69 25 62 37 59 64
68 77 68 9 20 39 43 44 55 58 77
2 78 2 56 20 55 58 68 51 67 72 87 13 26 42 9 62 37 49 25 85 41 63 65 6 16 35 39 76 57 78
76 16 76 23 49 58 67 72 87 13 74 63 65 6 16
22 77 22 26 28 7 43 52 77
19 27 19 56 72 87 27
23 73 23 37 51 67 73
31 75 31 43 44 55 58 68 13 29 48 75
8 52 8 28 41 63 65 13 29 48 52
15 43 15 41 57 63 65 6 31 26 42 51 67 72 87 13 28 9 62 25 33 49 76 7 43
13 75 13 29 48 75
31 70 31 43 44 55 58 68 51 67 72 87 13 74 70
2 32 2 9 20 39 43 87 13 28 23 32
87 48 87 13 29 48
15 83 15 9 20 56 72 87 13 83
9 71 9 71
13 32 13 28 23 32
31 44 31 72 87 27 44
28 6 28 7 62 6
4 41 4 26 28 41
31 58 31 58
62 20 62 25 35 39 87 13 68 9 20
22 83 22 13 26 28 25 38 37 49 7 57 63 65 6 31 58 67 72 87 70 81 83
11 57 11 7 57
8 75 8 28 37 72 87 13 74 63 65 6 16 29 48 75
69 61 69 25 33 61
35 43 35 25 85 41 63 65 37 76 7 43
9 75 9 62 6 16 29 48 75
74 57 74 72 87 13 68 69 26 28 7 57
22 41 22 26 28 25 85 41
57 84 57 72 87 13 84
58 71 58 68 51 59 64 71
19 7 19 62 25 33 51 67 72 87 13 28 68 74 63 65 6 37 76 23 49 7
13 75 13 29 48 75
56 89 56 74 72 87 13 84 89
15 51 15 41 76 51
51 55 51 67 72 87 13 74 63 65 6 37 76 27 44 55
2 64 2 26 28 64
3 7 3 9 20 55 58 67 72 87 13 26 28 23 37 49 7
87 16 87 13 26 28 9 62 6 16
30 67 30 44 55 58 67
1 9 1 7 62 72 87 27 44 55 58 68 74 63 65 37 76 23 49 25 40 13 28 9
26 79 26 42 20 39 76 57 72 87 27 44 79
38 33 38 13 74 63 65 37 49 7 62 72 87 27 44 55 58 68 69 26 28 9 20 40 33
63 50 63 65 13 28 41 50
42 60 42 9 20 40 60
76 64 76 27 44 55 58 68 13 26 42 59 64
23 79 23 49 69 26 42 62 72 87 27 79
15 25 15 22 43 87 13 28 7 62 25
38 48 38 37 48
42 23 42 51 67 72 87 13 26 28 7 14 25 33 62 37 49 69 76 23
76 86 76 57 72 86
41 32 41 49 76 23 32
40 50 40 41 50
85 16 85 41 49 76 23 37 72 87 27 44 55 58 68 69 26 28 35 39 16
14 25 14 28 37 51 67 72 87 13 20 56 74 63 65 6 16 35 25
40 78 40 33 78
30 84 30 34 79 84
42 20 42 33 51 67 72 87 13 20
38 52 38 13 29 48 52
46 32 46 23 32
39 72 39 76 51 67 72
41 66 41 76 23 66
56 25 56 72 87 13 26 28 25
35 27 35 63 65 13 20 56 72 87 27
34 71 34 48 52 64 71
57 83 57 63 65 6 37 76 23 49 58 67 72 87 13 74 70 81 83
69 86 69 25 85 41 57 63 65 64 86
13 67 13 28 7 43 87 27 44 55 58 67
40 48 40 41 76 57 72 87 13 29 48
49 37 49 72 87 27 44 55 58 68 13 74 63 65 37
11 13 11 13
46 30 46 58 68 51 67 72 87 13 26 28 7 14 30
76 25 76 23 49 25
21 81 21 7 62 37 51 80 81
40 59 40 41 49 76 51 67 72 87 27 44 55 58 68 74 63 65 37 59
38 29 38 37 51 67 72 87 13 74 63 65 6 16 29
4 7 4 26 42 33 51 67 72 87 27 44 55 58 68 13 28 23 49 25 35 63 65 37 76 7
39 55 39 16 35 25 85 6 31 68 13 74 72 87 27 44 55
15 70 15 41 70
42 50 42 33 51 67 72 87 27 44 55 58 68 13 28 41 50
69 80 69 76 27 44 55 58 67 72 87 13 26 28 9 62 6 37 48 52 80
31 63 31 72 87 13 20 56 74 63
35 75 35 63 65 13 29 48 75
18 7 18 76 51 67 72 87 13 20 55 58 68 69 25 38 65 37 49 7
9 50 9 20 40 41 50
23 83 23 37 49 70 81 83
42 59 42 33 51 59
62 30 62 72 87 27 44 55 58 68 74 63 65 13 26 42 20 39 76 7 14 30
23 55 23 49 58 68 74 63 65 6 37 76 7 43 44 55
33 67 33 62 37 76 27 44 55 67
8 66 8 40 68 69 25 33 49 72 87 13 28 37 76 23 66
68 77 68 9 20 40 41 49 69 76 23 66 77
40 7 40 13 28 9 62 37 76 7
38 27 38 37 49 25 35 39 16 87 27
58 44 58 67 72 87 27 44
40 70 40 33 62 6 31 26 42 9 20 56 70
74 86 74 72 86
76 51 76 7 43 87 27 44 55 58 68 13 74 63 65 37 49 69 25 35 39 51
49 82 49 76 23 37 59 64 71 82
51 50 51 67 72 87 27 44 55 58 68 74 63 65 37 49 25 85 41 50
74 33 74 72 87 13 68 69 26 42 33
15 37 15 41 49 58 67 72 87 13 68 9 20 56 74 63 65 6 37
31 88 31 26 28 35 39 76 23 49 7 57 63 65 13 20 88
85 41 85 41
28 89 28 7 62 37 51 59 89
8 63 8 28 9 20 39 65 37 76 27 44 55 67 72 87 13 74 63
76 52 76 27 44 55 67 72 87 13 68 74 63 65 6 16 29 48 52
28 86 28 9 62 25 85 6 37 72 86
22 58 22 31 72 87 27 44 55 58
19 61 19 41 63 65 6 37 51 67 72 87 13 28 35 25 33 61
39 78 39 16 35 25 40 78
25 61 25 33 61
38 70 38 13 20 39 43 44 55 58 67 72 87 70
13 73 13 26 28 25 63 65 37 76 7 57 72 87 27 44 55 58 67 73
35 13 35 63 65 13
38 27 38 13 26 42 51 67 72 87 27
51 86 51 67 72 86
15 7 15 26 28 7
18 64 18 59 64
62 63 62 25 35 72 87 13 74 63
15 48 15 26 42 9 62 72 87 13 29 48
22 7 22 25 63 65 6 37 76 7
7 80 7 14 28 23 37 48 75 80
38 32 38 37 49 76 23 32
18 67 18 6 16 87 13 68 51 67
22 50 22 20 40 68 51 67 72 87 13 28 23 37 76 57 63 65 6 16 35 25 85 41 50
74 84 74 72 87 13 84
68 63 68 69 25 85 6 31 56 20 55 67 72 87 13 26 28 41 63
20 81 20 39 34 48 75 80 81
87 57 87 13 28 41 57
14 26 14 6 31 58 68 13 26
85 79 85 41 63 65 37 76 27 44 55 58 68 74 72 87 13 20 39 34 79
3 70 3 27 44 55 58 67 72 87 70
21 61 21 9 62 6 37 76 51 67 72 87 27 44 55 58 68 69 26 42 33 61
35 64 35 25 85 6 16 29 48 52 64
39 60 39 87 13 68 69 26 28 35 60
62 84 62 37 49 25 40 43 44 55 58 67 72 87 27 79 84
8 81 8 41 70 81
11 55 11 43 44 55
69 9 69 76 7 14 57 72 87 27 44 55 58 68 9
57 67 57 72 87 13 68 74 63 65 6 37 49 7 43 44 55 58 67
16 86 16 87 13 26 42 33 51 67 72 86
40 7 40 68 69 25 38 13 74 63 65 37 76 7
56 70 56 70
31 23 31 72 87 13 26 28 41 57 63 65 37 49 76 23
87 13 87 13
9 66 9 62 6 16 35 25 40 41 57 63 65 37 49 76 7 43 87 13 28 23 66
38 77 38 65 13 29 48 52 77
39 34 39 34
37 73 37 76 51 67 73
8 20 8 28 7 57 63 65 13 20
63 67 63 65 37 51 67
58 44 58 67 72 87 27 44
14 67 14 42 20 56 72 87 27 44 55 67
15 71 15 41 57 72 87 27 44 55 58 68 51 59 64 71
40 77 40 43 44 55 58 77
40 32 40 33 49 76 23 32
31 20 31 68 9 20
19 20 19 62 6 31 56 72 87 13 20
4 43 4 23 49 7 43
33 84 33 62 37 51 67 72 87 27 79 84
26 55 26 42 20 40 43 44 55
69 57 69 26 42 33 51 67 72 87 27 44 55 58 68 74 63 65 13 28 35 25 62 6 31 56 20 40 41 57
19 67 19 25 40 68 13 26 42 62 27 44 55 58 67
15 80 15 26 28 9 20 39 16 29 48 75 80
4 70 4 7 62 37 51 67 72 87 70
35 70 35 25 63 65 6 37 76 57 72 87 13 26 42 33 49 70
46 20 46 23 49 69 25 85 6 37 76 57 63 65 13 26 42 9 20
63 75 63 65 6 37 48 75
42 70 42 51 67 72 87 70
33 61 33 61
40 34 40 41 49 76 57 63 65 6 31 56 20 55 58 68 74 72 87 13 28 25 35 39 34
39 25 39 65 37 49 25
2 27 2 56 72 87 27
65 13 65 37 51 67 72 87 27 44 55 58 68 13
3 75 3 23 37 76 27 44 55 58 67 72 87 13 74 63 65 6 16 29 48 75
15 66 15 41 49 25 33 62 27 44 55 67 72 87 13 68 9 20 39 16 35 63 65 37 76 23 66
4 23 4 23
9 29 9 20 55 67 72 87 13 29
56 9 56 72 87 13 28 9
31 23 31 68 51 67 72 87 13 28 41 76 23
19 71 19 27 44 55 67 72 87 13 68 51 59 64 71
68 57 68 69 25 35 72 87 13 26 42 33 49 76 57
2 78 2 9 20 40 13 26 28 87 27 78
31 52 31 58 68 13 20 39 43 52
38 27 38 37 72 87 27
23 84 23 37 51 67 72 87 27 44 84
14 59 14 34 59
38 73 38 65 37 76 51 67 73
37 83 37 51 67 72 87 13 83
19 71 19 41 76 7 14 59 64 71
28 57 28 68 13 20 39 76 57
19 32 19 27 44 55 58 68 69 76 23 32
25 73 25 38 65 6 16 35 72 87 13 20 55 67 73
28 41 28 41
62 60 62 37 72 87 13 74 63 65 6 16 35 60
28 44 28 25 40 33 62 72 87 27 44
39 64 39 87 13 29 48 52 64
14 16 14 42 9 62 37 49 58 68 74 63 65 6 16
11 16 11 68 51 67 72 87 13 74 63 65 6 16
23 32 23 32
20 81 20 56 70 81
49 81 49 58 67 72 87 13 29 48 75 80 81
69 44 69 26 42 9 20 56 72 87 27 44
7 83 7 14 30 48 75 80 81 83
74 79 74 72 87 27 44 79
69 48 69 26 28 35 25 40 13 29 48
65 84 65 13 84
22 37 22 13 26 28 37
33 86 33 51 67 72 87 27 44 55 58 68 74 63 65 37 52 64 86
22 43 22 25 40 43
38 23 38 65 6 31 58 68 9 20 40 33 51 67 72 87 13 28 41 76 23
3 57 3 27 44 55 58 68 69 25 85 41 76 57
9 29 9 20 56 72 87 13 28 7 57 63 65 6 16 29
42 82 42 33 51 59 64 71 82
9 86 9 62 37 72 86
20 29 20 39 51 67 72 87 13 26 28 35 63 65 6 16 29
68 77 68 13 26 28 23 66 77
37 86 37 52 64 86
18 26 18 22 26
74 64 74 72 87 27 44 55 58 68 13 26 42 62 6 37 52 64
25 81 25 85 6 37 51 80 81
38 80 38 58 68 51 80
35 50 35 72 87 13 68 69 26 28 41 50
15 9 15 41 57 63 65 6 37 51 67 72 87 27 44 55 58 68 13 26 42 9
68 50 68 51 67 72 87 13 28 35 63 65 37 49 25 40 41 50
11 59 11 59
4 78 4 9 62 27 44 55 67 72 87 13 26 42 20 56 74 63 65 37 49 7 57 78
25 66 25 35 39 76 23 66
18 61 18 33 61
2 70 2 7 14 30 44 55 58 67 72 87 70
22 25 22 25
3 9 3 9
28 66 28 41 76 23 66
40 80 40 33 51 80
46 48 46 26 28 7 14 34 48
46 79 46 25 62 37 76 27 44 79
31 82 31 43 87 82
22 86 22 20 55 67 72 86
22 81 22 13 28 23 37 48 75 80 81
74 64 74 63 65 13 29 48 52 64
87 71 87 13 26 42 59 64 71
40 20 40 33 49 76 27 44 55 58 68 74 72 87 13 28 9 20
15 71 15 16 29 48 52 64 71
74 77 74 63 65 37 77
28 6 28 9 20 40 13 74 63 65 6
43 44 43 87 27 44
74 26 74 72 87 27 44 55 58 68 13 26
28 89 28 23 66 77 89
49 79 49 72 87 27 44 79
68 37 68 9 20 39 16 35 25 33 51 67 72 87 13 28 41 63 65 37
11 41 11 68 13 20 40 41
65 50 65 37 76 51 67 72 87 27 44 55 58 68 9 62 25 85 41 50
1 32 1 51 67 72 87 13 20 40 43 44 55 58 68 69 25 33 49 7 57 63 65 37 76 23 32
46 27 46 25 33 62 27
11 88 11 88
85 84 85 6 31 43 44 84
85 27 85 6 37 72 87 27
2 6 2 7 62 27 44 55 58 68 9 20 39 43 87 13 28 25 63 65 6
2 50 2 56 20 40 33 51 67 72 87 27 44 55 58 68 74 63 65 37 49 69 25 85 41 50
14 13 14 6 37 51 67 72 87 13
25 71 25 85 6 16 29 48 52 64 71
51 75 51 67 72 87 27 44 55 58 68 9 20 39 34 48 75
34 48 34 48
18 44 18 76 51 67 72 87 27 44
72 50 72 87 27 44 55 58 68 9 20 40 41 50
30 44 30 44
6 83 6 16 87 70 81 83
4 66 4 23 66
8 34 8 51 67 72 87 27 44 55 58 68 74 63 65 6 37 76 7 14 30 34
51 80 51 67 72 87 13 20 55 58 68 69 76 23 37 48 75 80
2 26 2 23 37 51 67 72 87 13 74 63 65 6 31 26
57 55 57 72 87 27 44 55
31 77 31 68 13 74 72 87 77
56 16 56 20 39 51 67 72 87 13 68 69 26 28 25 85 6 16
18 81 18 63 65 6 31 58 68 51 67 72 87 70 81
18 81 18 20 55 58 68 51 80 81
65 16 65 6 16
15 60 15 9 62 25 38 13 26 28 35 63 65 6 37 51 67 72 87 27 44 55 58 68 69 60
1 58 1 51 67 72 87 13 74 63 65 6 31 56 20 39 58
69 32 69 25 63 65 37 49 7 14 16 35 72 87 13 28 23 32
3 79 3 9 20 55 67 72 87 27 79
43 52 43 52
3 86 3 30 44 55 58 68 51 67 72 87 13 74 63 65 64 86
37 66 37 76 23 66
46 51 46 26 42 9 62 6 16 35 25 33 51
69 26 69 26
65 61 65 13 26 42 33 61
13 80 13 20 39 51 80
21 37 21 9 62 27 44 55 67 72 87 13 74 63 65 6 37
8 64 8 7 64
4 9 4 9
85 77 85 6 31 58 67 72 87 13 26 42 33 62 25 35 63 65 77
42 63 42 51 67 72 87 27 44 55 58 68 69 25 62 6 16 35 63
1 72 1 33 49 76 57 72
51 44 51 67 72 87 27 44
85 37 85 41 63 65 37
35 16 35 63 65 6 16
18 30 18 33 49 69 25 85 41 63 65 6 16 87 13 28 7 14 30
22 72 22 26 42 51 67 72
1 81 1 51 80 81
34 48 34 48
41 75 41 76 57 63 65 13 29 48 75
46 48 46 26 28 68 69 76 27 44 55 67 72 87 13 29 48
26 66 26 42 51 67 72 87 13 28 35 63 65 37 49 69 76 23 66
85 25 85 41 57 63 65 37 72 87 13 28 23 49 25
11 70 11 70
46 48 46 26 42 20 40 33 51 67 72 87 27 44 55 58 68 74 63 65 37 48
51 75 51 67 72 87 13 20 56 74 63 65 6 37 48 75
62 64 62 27 44 55 58 67 72 87 13 20 56 64
8 84 8 7 43 87 27 79 84
62 86 62 27 44 55 67 72 86
41 67 41 63 65 6 16 87 27 44 55 67
18 43 18 76 7 43
40 78 40 33 49 69 78
33 79 33 62 6 31 26 42 20 39 16 35 25 63 65 13 68 74 72 87 27 44 79
74 52 74 63 65 6 37 52
43 84 43 87 27 79 84
33 86 33 62 37 52 64 86
85 25 85 41 76 51 67 72 87 27 44 55 58 68 13 28 37 49 7 62 25
16 73 16 35 25 38 65 13 20 73
35 82 35 59 64 71 82
16 84 16 87 13 84
4 82 4 23 37 49 58 68 69 76 57 82
42 9 42 9
28 72 28 7 62 72
31 7 31 56 74 63 65 6 16 35 72 87 13 28 25 85 41 76 7
38 58 38 37 49 58
74 86 74 63 65 64 86
30 29 30 44 55 67 72 87 13 29
20 75 20 40 68 9 62 37 49 58 67 72 87 13 74 63 65 6 16 29 48 75
3 13 3 58 68 13
11 82 11 7 14 30 34 48 52 64 82
4 27 4 30 44 55 67 72 87 27
15 58 15 41 49 76 23 37 51 67 72 87 27 44 55 58
18 64 18 59 64
2 83 2 23 37 72 87 27 79 83
18 71 18 33 62 37 51 59 64 71
41 55 41 49 69 25 40 33 62 6 16 35 39 76 27 44 55
3 80 3 58 68 9 20 55 67 72 87 13 29 48 52 80
15 26 15 26
46 60 46 58 67 72 87 13 60
9 55 9 20 40 68 69 26 28 35 63 65 6 31 43 87 27 44 55
8 20 8 9 20
49 55 49 76 7 62 27 44 55
85 20 85 41 57 63 65 6 37 49 7 62 25 38 13 20
8 88 8 28 25 62 88
40 50 40 41 50
1 33 1 33
41 79 41 49 76 51 67 72 87 13 26 42 62 25 40 43 44 79
6 80 6 16 35 25 40 13 29 48 52 80
85 23 85 6 16 35 39 65 13 26 28 23
74 48 74 63 65 37 48
31 78 31 68 69 76 27 78
68 9 68 9
63 32 63 65 37 51 67 72 87 27 44 55 58 68 13 28 7 62 25 40 33 49 76 23 32
56 50 56 20 40 68 74 63 65 13 28 41 50
87 64 87 27 44 55 58 68 9 20 39 16 29 48 52 64
16 29 16 29
58 50 58 68 69 26 28 87 13 20 40 41 50
22 16 22 13 26 42 51 67 72 87 27 44 55 58 68 69 25 35 39 16
21 89 21 59 89
21 58 21 7 57 63 65 37 76 23 49 69 25 33 51 67 72 87 13 68 9 62 6 16 35 39 43 44 55 58
1 43 1 43
46 89 46 25 79 84 89
46 7 46 58 68 69 76 7
26 48 26 42 62 72 87 13 20 56 74 63 65 37 48
28 86 28 64 86
3 86 3 27 44 55 58 68 74 72 87 13 20 56 64 86
9 71 9 62 72 87 13 29 48 52 71
18 51 18 20 39 65 6 37 51
2 52 2 25 33 49 7 14 34 48 52
65 51 65 37 51
58 50 58 67 72 87 13 20 40 41 50
3 33 3 37 76 57 63 65 13 26 42 9 20 56 72 87 27 44 55 58 68 69 25 33
19 75 19 27 44 55 58 67 72 87 13 28 9 62 6 16 29 48 75
41 79 41 76 27 79
11 64 11 7 14 64
7 84 7 62 72 87 13 84
8 84 8 40 68 69 25 79 84
69 88 69 76 23 49 58 67 72 87 27 79 88
87 6 87 13 26 28 9 20 56 74 63 65 6
68 80 68 69 26 28 41 63 65 13 29 48 75 80
28 77 28 68 51 67 72 87 13 20 39 77
35 33 35 63 65 6 16 87 13 68 9 62 25 33
4 83 4 7 57 72 87 70 81 83
31 70 31 26 42 9 20 55 58 67 72 87 70
58 66 58 68 69 76 57 63 65 6 31 26 28 23 66
28 79 28 9 20 39 58 67 72 87 27 79
63 86 63 65 6 37 49 7 64 86
35 58 35 39 16 87 27 44 55 58
21 59 21 9 20 56 72 87 13 26 28 35 59
18 29 18 20 55 67 72 87 13 28 41 49 7 57 63 65 6 16 29
76 72 76 23 49 25 33 51 67 72
87 86 87 27 44 55 67 72 86
35 57 35 63 65 37 72 87 13 20 40 68 69 76 57
22 75 22 31 72 87 13 28 7 14 34 48 75
31 50 31 68 9 20 40 13 28 41 50
28 33 28 7 14 57 72 87 13 74 63 65 6 37 49 25 40 33
38 82 38 58 68 69 26 42 33 62 37 72 87 27 44 55 67 82
20 55 20 39 76 7 43 44 55
42 6 42 20 56 72 87 13 68 69 26 28 23 37 49 25 35 39 76 7 62 6
49 75 49 72 87 27 44 55 58 68 13 29 48 75
72 71 72 87 13 26 42 62 37 52 71
14 82 14 30 44 55 67 82
62 72 62 27 44 55 67 72
20 44 20 40 33 62 27 44
46 16 46 26 42 62 27 44 55 58 67 72 87 13 28 41 63 65 37 49 7 14 6 16
39 16 39 16
6 29 6 16 29
85 48 85 41 57 72 87 13 20 56 74 63 65 37 48
13 66 13 28 23 66
85 29 85 41 57 63 65 6 31 26 42 33 62 27 44 55 58 68 13 29
69 44 69 76 27 44
16 81 16 87 70 81
68 63 68 74 63
65 41 65 37 76 27 44 55 67 72 87 13 28 41
42 23 42 51 67 72 87 13 26 28 9 62 6 16 35 25 40 41 63 65 37 76 23
69 72 69 26 28 7 43 87 13 68 74 72
38 78 38 37 49 76 23 66 78
65 84 65 6 31 56 72 87 27 79 84
19 25 19 25
6 73 6 37 51 67 73
56 51 56 74 72 87 13 26 28 9 62 25 40 33 51
14 48 14 34 48
27 80 27 44 55 58 67 72 87 13 28 35 39 43 52 80
4 43 4 74 63 65 37 51 67 72 87 13 20 55 58 68 69 25 35 39 76 23 49 7 43
37 83 37 72 87 13 74 63 65 6 31 56 20 40 43 44 79 83
19 30 19 25 63 65 37 49 76 7 14 30
15 86 15 26 28 41 49 69 25 85 6 37 59 64 86
22 79 22 34 79
49 7 49 58 68 51 67 72 87 13 74 63 65 37 76 7
56 37 56 74 72 87 13 28 23 37
19 37 19 27 44 55 67 72 87 13 68 74 63 65 6 37
42 61 42 33 61
85 33 85 6 16 35 25 33
34 83 34 79 83
65 23 65 13 28 23
34 75 34 48 75
23 81 23 49 7 57 63 65 37 72 87 13 74 70 81
85 79 85 41 49 69 26 28 35 63 65 37 51 67 72 87 27 79
2 83 2 25 63 65 37 76 23 49 69 26 28 9 62 6 16 87 70 81 83
14 57 14 57
27 66 27 44 55 58 68 74 63 65 6 37 51 67 72 87 13 26 28 9 62 25 33 49 76 23 66
35 66 35 72 87 13 28 23 66
87 25 87 13 26 28 37 49 25
11 84 11 43 44 55 58 68 9 20 40 41 76 7 14 6 16 87 27 79 84
3 73 3 37 51 67 73
20 79 20 40 68 9 62 25 35 39 43 44 55 58 67 72 87 27 79
74 79 74 72 87 27 44 79
56 89 56 72 87 27 79 84 89
62 63 62 6 16 35 72 87 13 28 68 9 20 56 74 63
8 26 8 41 63 65 6 31 26
18 58 18 76 7 57 72 87 13 26 28 9 20 55 58
6 48 6 16 35 63 65 13 29 48
30 48 30 34 48
2 16 2 9 20 39 16
37 32 37 49 69 25 40 41 57 63 65 13 26 28 23 32
62 13 62 6 31 58 68 13
51 84 51 67 72 87 13 26 42 9 20 56 74 63 65 6 37 76 23 49 25 35 39 34 79 84
30 80 30 34 48 75 80
46 29 46 26 42 20 56 74 72 87 13 29
33 61 33 61
11 9 11 7 14 30 44 55 67 72 87 13 26 28 9
14 84 14 30 34 79 84
3 27 3 20 40 41 57 72 87 27
41 75 41 63 65 13 29 48 75
1 64 1 33 51 59 64
65 20 65 37 49 69 25 85 6 31 26 42 9 20
87 16 87 13 26 42 62 37 49 58 68 9 20 56 74 63 65 6 16
4 34 4 30 34
25 48 25 40 41 76 57 63 65 13 29 48
25 52 25 33 62 72 87 13 28 37 52
35 23 35 39 76 23
31 16 31 26 42 51 67 72 87 27 44 55 58 68 74 63 65 6 16
46 43 46 26 28 23 37 49 7 43
16 80 16 29 48 75 80
22 52 22 25 33 51 67 72 87 13 26 42 9 20 55 58 68 74 63 65 6 37 49 7 43 52
11 88 11 68 69 26 88
6 66 6 16 35 63 65 13 28 23 66
25 80 25 33 62 6 37 48 75 80
74 79 74 63 65 37 49 7 62 6 31 43 44 79
74 9 74 63 65 6 16 87 13 28 37 49 7 14 30 44 55 58 68 9
9 48 9 62 37 48
28 67 28 25 40 33 62 6 31 56 72 87 27 44 55 58 67
56 58 56 20 40 33 49 25 85 6 37 51 67 72 87 13 68 9 62 27 44 55 58
15 50 15 30 44 55 67 72 87 13 28 41 50
57 79 57 63 65 13 20 39 58 67 72 87 27 44 79
40 9 40 68 9
21 77 21 13 26 42 20 40 41 57 63 65 37 76 7 14 16 35 39 43 52 77
63 71 63 65 6 71
69 75 69 26 28 41 76 51 67 72 87 27 44 55 58 68 74 63 65 13 29 48 75
65 26 65 6 31 56 72 87 13 68 69 26
19 58 19 69 25 62 6 31 72 87 27 44 55 58
42 63 42 20 40 33 51 67 72 87 27 44 55 58 68 69 26 28 41 57 63
87 37 87 13 26 28 9 62 27 44 55 58 68 74 63 65 37
22 57 22 26 28 25 33 49 76 7 57
23 55 23 49 72 87 13 26 28 7 14 30 44 55
14 78 14 6 37 76 23 66 78
19 79 19 27 44 79
39 80 39 76 7 14 42 9 62 27 44 55 58 68 69 26 28 23 49 72 87 13 20 40 41 63 65 6 37 48 52 80
33 81 33 49 76 57 63 65 13 28 41 70 81
14 52 14 16 29 48 52
87 63 87 13 28 41 63
4 63 4 26 42 51 67 72 87 27 44 55 58 68 13 28 23 37 76 7 57 63
11 9 11 68 9
46 58 46 23 37 51 67 72 87 13 68 74 63 65 6 16 35 39 43 44 55 58
68 61 68 74 63 65 6 31 43 87 13 28 25 40 33 61
15 55 15 16 87 27 44 55
1 59 1 49 7 57 72 87 13 68 9 20 39 16 35 25 62 37 59
46 7 46 25 40 13 20 39 16 35 63 65 6 31 68 69 76 7
56 50 56 74 63 65 37 76 7 14 42 9 20 40 41 50
14 29 14 25 85 6 16 29
19 84 19 41 57 63 65 37 51 67 72 87 13 20 39 16 35 25 85 6 31 26 42 9 62 27 44 55 84
25 81 25 38 37 52 80 81
40 59 40 13 20 39 65 6 37 59
37 81 37 48 52 80 81
22 51 22 26 42 51
33 80 33 62 72 87 13 74 63 65 6 16 29 48 75 80
2 33 2 9 62 6 31 26 42 33
39 16 39 16
22 26 22 25 63 65 37 76 23 49 7 43 44 55 58 67 72 87 13 26
20 80 20 39 51 80
30 79 30 44 55 58 67 72 87 27 79
65 59 65 37 51 59
8 81 8 62 6 37 48 75 80 81
37 80 37 48 52 80
39 57 39 65 13 28 23 49 7 57
4 13 4 7 14 6 31 72 87 13
15 52 15 34 48 52
14 41 14 28 9 20 40 41
40 44 40 33 51 67 72 87 27 44
63 32 63 65 6 37 49 76 23 32
15 25 15 16 35 25
62 20 62 72 87 13 20
35 73 35 63 65 6 37 76 7 14 57 72 87 13 28 25 85 41 49 69 26 73
69 43 69 76 27 44 55 58 67 72 87 13 26 28 23 49 7 62 6 31 43
87 13 87 13
28 34 28 25 85 41 63 65 6 16 35 39 34
56 88 56 88
18 58 18 33 62 25 40 41 57 72 87 27 44 55 58
14 7 14 25 33 51 67 72 87 13 26 28 9 20 56 74 63 65 37 49 7
11 7 11 7
28 20 28 9 20
49 60 49 7 57 72 87 13 60
22 6 22 13 74 63 65 6
1 67 1 49 25 85 41 57 63 65 37 72 87 27 44 55 67
4 52 4 30 44 55 58 68 51 67 72 87 13 26 42 9 20 56 74 63 65 37 52
7 80 7 43 52 80
3 7 3 58 67 72 87 13 26 28 7
18 77 18 6 37 48 52 77
42 55 42 62 27 44 55
19 37 19 38 58 68 69 26 42 33 49 7 43 87 13 74 63 65 37
74 84 74 63 65 6 16 35 25 85 41 49 76 23 37 51 67 72 87 13 68 69 26 28 9 62 27 79 84
26 83 26 42 62 6 37 72 87 13 83
8 73 8 40 13 68 69 26 73
2 34 2 13 28 9 20 39 34
59 71 59 64 71
1 57 1 7 57
35 9 35 39 76 23 37 51 67 72 87 27 44 55 58 68 13 26 42 9
51 84 51 67 72 87 27 79 84
16 61 16 87 13 68 9 62 25 40 33 61
62 73 62 25 38 37 51 67 73
18 64 18 6 31 26 28 41 49 64
74 37 74 72 87 13 26 42 33 62 37
33 81 33 62 72 87 70 81
74 77 74 63 65 77
68 34 68 69 26 42 33 49 76 23 37 72 87 13 74 63 65 6 16 35 39 34
65 66 65 37 76 23 66
42 83 42 20 56 72 87 27 44 79 83
2 79 2 13 74 72 87 27 44 55 58 68 69 25 79
40 34 40 33 51 67 72 87 27 44 55 58 68 9 62 25 35 39 34
8 44 8 25 63 65 37 76 7 62 72 87 27 44
72 66 72 87 13 68 74 63 65 6 37 76 23 66
87 50 87 13 68 9 62 6 16 35 63 65 37 49 25 40 41 50
21 7 21 13 68 69 76 57 63 65 37 49 7
69 51 69 26 42 51
65 41 65 6 37 51 67 72 87 13 26 42 20 40 41
63 48 63 65 37 48
51 81 51 67 72 87 70 81
26 48 26 42 33 62 27 44 55 67 72 87 13 74 63 65 6 16 29 48
28 32 28 25 40 33 49 7 14 42 62 27 44 55 58 68 9 20 56 72 87 13 74 63 65 6 37 76 23 32
62 63 62 6 37 51 67 72 87 27 44 55 58 68 74 63
31 23 31 68 9 20 56 72 87 13 28 23
20 61 20 55 58 68 74 63 65 37 49 69 26 42 62 25 33 61
33 81 33 62 37 76 51 67 72 87 70 81
16 81 16 35 63 65 6 37 51 80 81
39 72 39 43 44 55 58 67 72
8 27 8 28 23 49 69 26 42 51 67 72 87 27
30 44 30 44
2 52 2 33 49 7 43 52
38 88 38 58 67 72 87 27 79 88
18 20 18 33 51 67 72 87 27 44 55 58 68 9 20
68 67 68 74 72 87 27 44 55 67
56 81 56 70 81
38 58 38 37 76 7 62 25 35 39 43 44 55 58
87 25 87 13 28 35 25
40 88 40 13 20 56 72 88
18 86 18 20 56 72 86
35 43 35 25 62 37 51 67 72 87 13 20 40 33 49 58 68 69 76 7 43
74 55 74 63 65 37 76 27 44 55
21 43 21 9 20 40 43
22 80 22 31 68 51 67 72 87 13 29 48 75 80
1 23 1 51 67 72 87 13 26 28 23
28 25 28 23 49 25
35 48 35 39 76 57 63 65 37 48
74 89 74 63 65 13 26 42 51 67 72 87 27 44 79 84 89
28 26 28 41 49 72 87 13 26
69 27 69 25 38 13 28 41 76 51 67 72 87 27
7 83 7 14 57 72 87 70 81 83
11 41 11 68 9 62 6 16 35 63 65 37 72 87 13 28 41
18 84 18 22 25 38 65 6 16 35 39 87 27 44 84
11 29 11 43 87 13 29
15 80 15 16 87 13 29 48 75 80
69 20 69 76 51 67 72 87 27 44 55 58 68 9 20
74 48 74 63 65 13 29 48
39 37 39 65 37
18 79 18 6 31 26 28 37 72 87 27 79
33 29 33 62 25 85 6 16 29
65 48 65 13 29 48
22 41 22 20 40 13 28 7 14 6 16 35 25 85 41
34 52 34 48 52
13 71 13 26 28 64 71
35 9 35 39 51 67 72 87 13 28 9
21 50 21 9 20 40 33 51 67 72 87 27 44 55 58 68 69 25 85 41 50
25 50 25 40 41 50
69 34 69 76 7 43 87 27 44 55 58 68 13 26 28 25 85 41 63 65 6 16 35 39 34
51 44 51 67 72 87 27 44
62 89 62 72 87 27 79 84 89
11 67 11 68 74 72 87 13 20 40 41 57 63 65 37 49 76 27 44 55 67
4 50 4 26 42 51 67 72 87 27 44 55 58 68 69 76 23 49 25 63 65 13 28 41 50
62 78 62 27 78
38 80 38 58 67 72 87 13 26 28 25 33 49 7 14 57 63 65 6 16 29 48 52 80
74 41 74 63 65 37 76 27 44 55 58 68 51 67 72 87 13 28 41
76 6 76 51 67 72 87 27 44 55 58 68 69 26 28 23 37 49 25 62 6
4 48 4 9 62 25 35 72 87 13 29 48
21 13 21 13
74 75 74 72 87 13 29 48 75
4 41 4 23 49 69 25 40 33 62 37 76 51 67 72 87 27 44 55 58 68 13 28 41
21 55 21 13 74 72 87 27 44 55
46 52 46 25 63 65 6 16 29 48 52
85 29 85 41 63 65 13 29
56 23 56 74 63 65 13 28 23
58 79 58 67 72 87 27 79
3 72 3 30 44 55 67 72
46 20 46 26 42 51 67 72 87 13 20
74 23 74 63 65 6 37 76 23
46 70 46 25 33 51 67 72 87 70
65 41 65 6 37 51 67 72 87 13 26 28 41
2 61 2 33 61
3 52 3 27 44 55 58 67 72 87 13 26 28 23 49 7 62 25 40 68 74 63 65 37 52
63 79 63 65 13 28 25 62 37 49 72 87 27 44 79
22 7 22 13 74 63 65 6 37 49 7
62 7 62 6 16 35 72 87 13 28 7
40 55 40 33 49 25 85 6 37 51 67 72 87 27 44 55
6 48 6 16 35 63 65 13 29 48
72 86 72 86
46 80 46 26 28 7 14 34 48 52 80
40 41 40 41
51 61 51 67 72 87 13 20 40 43 44 55 58 68 9 62 6 31 26 42 33 61
68 16 68 9 62 6 16
31 60 31 56 20 40 60
9 83 9 62 72 87 13 83
28 51 28 87 13 20 39 58 68 69 25 40 41 57 63 65 6 31 26 42 51
15 73 15 22 20 56 72 87 13 74 63 65 6 31 43 44 55 58 68 51 67 73
37 81 37 51 80 81
27 83 27 79 83
49 70 49 7 62 27 44 55 58 67 72 87 70
20 44 20 56 74 72 87 27 44
68 32 68 69 76 7 57 63 65 37 49 72 87 13 28 23 32
22 44 22 13 26 42 20 39 43 44
2 73 2 9 62 72 87 13 68 51 67 73
85 43 85 6 37 76 23 49 7 43
26 50 26 42 9 20 40 33 51 67 72 87 13 74 63 65 6 16 35 39 58 68 69 25 85 41 50
69 27 69 25 40 68 13 74 72 87 27
57 80 57 72 87 13 26 28 41 63 65 37 51 80
76 43 76 7 57 63 65 6 31 43
21 86 21 9 62 72 86
39 32 39 76 23 32
2 6 2 43 44 55 67 72 87 13 28 41 57 63 65 6
4 70 4 7 43 87 70
6 29 6 31 26 28 87 13 29
16 86 16 87 13 29 48 52 64 86
16 29 16 29
4 32 4 23 32
37 44 37 76 51 67 72 87 27 44
23 66 23 66
2 25 2 43 44 55 67 72 87 13 28 7 14 57 63 65 6 37 49 25
22 86 22 34 48 52 64 86
23 73 23 37 76 51 67 73
69 29 69 26 28 7 14 6 31 58 67 72 87 13 29
28 79 28 23 37 51 67 72 87 27 79
49 63 49 72 87 13 20 56 74 63
38 71 38 59 64 71
31 41 31 68 9 20 40 41
57 61 57 63 65 6 37 76 23 49 58 67 72 87 13 28 7 14 25 40 33 61
22 78 22 31 43 44 55 58 68 51 67 72 87 27 78
56 44 56 20 39 87 27 44
15 64 15 34 59 64
4 43 4 7 43
38 20 38 58 68 74 63 65 13 26 28 41 49 25 85 6 31 56 20
19 79 19 62 27 79
11 37 11 13 28 41 63 65 6 16 87 27 44 55 58 68 69 26 42 9 62 37
40 16 40 41 76 51 67 72 87 27 44 55 58 68 69 26 28 37 49 7 62 6 16
11 66 11 7 57 63 65 37 51 67 72 87 27 44 55 58 68 13 26 28 41 49 76 23 66
87 80 87 27 44 55 58 68 69 25 85 41 49 76 51 80
74 52 74 72 87 13 29 48 52
85 75 85 41 63 65 13 74 72 87 27 44 55 58 68 9 62 6 16 29 48 75
57 75 57 72 87 13 26 42 9 62 37 48 75
58 73 58 68 13 74 72 87 27 44 55 67 73
3 25 3 38 65 6 37 76 7 14 28 35 72 87 13 68 69 25
19 26 19 43 44 55 67 72 87 13 68 69 26
41 48 41 76 23 49 25 38 37 51 67 72 87 27 44 55 58 68 69 26 28 35 39 16 29 48
3 86 3 64 86
3 77 3 37 49 25 62 27 44 55 67 72 87 77
8 30 8 62 6 31 43 44 55 58 68 9 20 56 72 87 13 26 28 7 14 30
65 58 65 13 26 28 35 25 33 51 67 72 87 27 44 55 58
43 44 43 44
14 52 14 34 48 52
87 23 87 13 28 35 25 40 41 76 23
8 48 8 9 62 6 16 29 48
14 80 14 42 33 51 80
74 59 74 72 87 13 26 28 37 59
62 83 62 6 31 68 69 25 40 43 87 70 81 83
11 7 11 13 20 39 65 37 76 7
21 61 21 9 62 37 76 23 49 58 67 72 87 13 28 35 25 33 61
40 37 40 13 28 37
62 29 62 25 38 37 76 51 67 72 87 13 74 63 65 6 16 29
46 86 46 23 37 76 57 72 86
68 25 68 9 62 72 87 13 28 25
68 70 68 9 20 39 65 37 49 72 87 70
35 32 35 25 85 41 63 65 6 37 76 23 32
62 50 62 25 35 72 87 13 26 42 20 40 41 50
58 52 58 67 72 87 13 74 63 65 37 52
49 41 49 76 51 67 72 87 13 20 40 41
74 88 74 63 65 13 26 88
56 9 56 72 87 13 26 28 9
14 66 14 28 23 66
19 88 19 25 79 88
22 29 22 20 56 74 72 87 27 44 55 58 68 9 62 6 16 29
27 48 27 44 55 58 67 72 87 13 74 63 65 6 37 48
1 60 1 43 44 55 58 67 72 87 13 26 42 20 40 60
21 89 21 9 62 25 40 68 69 76 27 79 84 89
31 79 31 68 51 67 72 87 13 26 28 35 63 65 37 49 69 76 27 44 79
40 27 40 33 49 58 67 72 87 27
34 83 34 79 83
18 81 18 22 13 29 48 75 80 81
42 80 42 33 51 80
30 67 30 44 55 58 67
87 73 87 13 26 73
68 61 68 51 67 72 87 13 20 39 65 6 16 35 25 33 61
37 48 37 48
4 30 4 30
62 33 62 25 33
14 86 14 59 64 86
39 78 39 43 44 55 67 72 87 27 78
3 72 3 30 44 55 58 67 72
15 16 15 16
76 23 76 57 72 87 13 26 28 23
35 84 35 63 65 13 74 72 87 27 79 84
42 16 42 33 51 67 72 87 13 28 7 57 63 65 37 76 23 49 69 25 62 6 16
9 75 9 62 37 51 67 72 87 27 44 55 58 68 74 63 65 13 20 39 34 48 75
26 81 26 42 62 6 37 76 51 80 81
62 20 62 72 87 13 28 7 57 63 65 6 31 56 20
31 37 31 56 20 39 65 37
22 27 22 13 26 42 51 67 72 87 27
8 26 8 40 33 62 25 85 6 31 26
14 79 14 30 34 79
4 25 4 26 28 35 25
22 79 22 31 72 87 27 44 79
35 32 35 25 63 65 13 26 42 33 51 67 72 87 27 44 55 58 68 9 62 6 37 49 76 23 32
39 83 39 65 13 26 42 9 20 56 72 87 70 81 83
35 29 35 72 87 13 29
72 75 72 87 27 44 55 58 68 13 29 48 75
62 88 62 72 88
69 41 69 76 51 67 72 87 13 28 41
39 59 39 58 67 72 87 13 20 56 74 63 65 6 31 26 28 35 59
74 81 74 63 65 6 31 68 69 26 42 33 62 72 87 70 81
35 41 35 25 85 6 37 51 67 72 87 13 20 39 76 23 49 69 26 28 41
56 72 56 72
39 50 39 76 27 44 55 67 72 87 13 74 63 65 37 49 25 40 41 50
3 71 3 9 71
22 6 22 31 26 42 20 55 67 72 87 13 74 63 65 6
62 64 62 37 51 67 72 87 27 44 55 58 68 69 76 23 49 7 64
8 77 8 62 25 40 41 76 23 37 48 52 77
85 41 85 41
85 61 85 6 31 43 44 55 58 68 9 62 25 40 33 61
11 63 11 7 62 37 51 67 72 87 13 20 55 58 68 74 63
19 79 19 38 65 13 26 28 41 49 72 87 27 79
20 80 20 39 16 29 48 52 80
25 83 25 62 72 87 27 79 83
76 75 76 51 67 72 87 13 28 37 48 75
39 89 39 76 57 72 87 13 84 89
8 66 8 25 38 13 26 28 23 66
15 29 15 41 57 63 65 6 31 68 51 67 72 87 13 29
46 73 46 23 49 76 51 67 73
58 84 58 68 9 62 37 72 87 27 79 84
46 83 46 58 67 72 87 70 81 83
35 33 35 25 40 33
8 34 8 7 14 34
3 37 3 23 37
40 51 40 41 76 57 63 65 37 49 58 67 72 87 13 28 7 62 25 33 51
27 29 27 44 55 58 67 72 87 13 29
14 64 14 6 16 87 13 28 25 35 59 64
1 20 1 43 87 27 44 55 58 68 13 20
1 63 1 7 43 87 27 44 55 58 68 9 62 37 76 23 49 25 63
58 44 58 68 51 67 72 87 27 44
28 16 28 7 43 87 13 20 39 16
18 27 18 20 39 58 68 13 74 72 87 27
65 44 65 13 20 55 58 67 72 87 27 44
15 60 15 22 26 42 51 67 72 87 27 44 55 58 68 13 60
31 80 31 68 51 67 72 87 13 26 42 33 49 69 25 62 6 16 35 39 34 48 52 80
11 66 11 43 44 55 67 72 87 13 68 9 62 25 33 49 7 57 63 65 37 76 23 66
41 48 41 63 65 37 48
38 66 38 37 51 67 72 87 13 26 42 33 49 7 43 44 55 58 68 74 63 65 6 16 35 39 76 23 66
25 75 25 63 65 37 76 7 43 44 55 58 67 72 87 13 68 9 20 39 34 48 75
74 34 74 63 65 37 51 67 72 87 27 44 55 58 68 9 62 6 16 35 39 34
63 73 63 65 6 16 35 39 58 68 13 20 55 67 73
62 75 62 25 33 51 67 72 87 13 28 41 63 65 37 48 75
20 29 20 56 72 87 13 29
14 25 14 42 62 6 16 35 25
87 29 87 13 68 69 25 63 65 6 16 29
28 89 28 89
28 59 28 23 37 72 87 27 44 55 58 68 69 76 7 14 34 59
76 60 76 57 72 87 27 44 55 58 68 69 60
21 9 21 9
56 55 56 20 55
2 66 2 7 62 72 87 13 68 74 63 65 6 31 26 28 23 66
27 86 27 44 55 58 67 72 87 13 74 63 65 6 31 56 64 86
4 59 4 26 28 35 63 65 6 31 59
57 55 57 72 87 13 74 63 65 6 31 43 44 55
15 78 15 30 44 55 67 72 87 13 26 28 37 76 27 78
8 27 8 51 67 72 87 27
8 44 8 40 13 68 51 67 72 87 27 44
14 67 14 30 44 55 67
56 70 56 70
19 80 19 43 52 80
76 66 76 23 66
85 83 85 41 49 7 43 87 13 83
28 55 28 7 14 57 63 65 6 16 35 72 87 27 44 55
62 83 62 37 51 67 72 87 13 74 70 81 83
76 51 76 23 37 51
68 73 68 69 26 28 7 43 44 55 67 73
14 86 14 6 86
46 26 46 58 68 69 26
18 72 18 76 7 14 57 63 65 13 28 37 72
39 9 39 51 67 72 87 13 28 68 9
65 60 65 6 16 35 60
25 29 25 33 51 67 72 87 27 44 55 58 68 9 20 56 74 63 65 6 16 29
14 51 14 42 62 6 31 26 28 41 49 7 43 44 55 58 68 51
4 88 4 9 20 40 68 13 29 48 75 88
56 75 56 74 72 87 13 68 9 62 25 40 41 57 63 65 37 48 75
74 66 74 72 87 13 28 9 20 40 33 49 76 23 66
19 67 19 62 37 51 67
21 63 21 9 20 39 65 37 49 58 67 72 87 13 74 63
74 82 74 70 82
39 61 39 51 67 72 87 13 26 42 33 61
22 9 22 26 42 33 51 67 72 87 27 44 55 58 68 9
15 51 15 30 44 55 67 72 87 13 20 39 58 68 51
42 83 42 62 27 44 79 83
15 20 15 9 20
43 83 43 52 80 81 83
14 63 14 28 37 51 67 72 87 13 68 74 63
33 86 33 51 86
8 89 8 25 33 49 69 26 42 9 62 37 48 52 77 89
46 57 46 26 42 33 51 67 72 87 13 28 41 49 25 35 63 65 6 37 76 57
65 59 65 13 68 51 59
74 23 74 63 65 13 26 28 23
46 57 46 23 49 7 57
42 43 42 33 62 27 44 55 58 67 72 87 13 26 28 37 76 7 14 16 35 63 65 6 31 43
56 41 56 72 87 27 44 55 58 68 13 20 40 41
38 66 38 13 26 28 23 66
46 67 46 25 40 68 74 63 65 6 16 35 39 58 67
4 7 4 49 7
85 70 85 70
74 63 74 63
3 52 3 27 44 55 58 68 51 67 72 87 13 74 63 65 6 31 56 20 40 33 49 25 35 39 34 48 52
56 63 56 20 55 58 67 72 87 13 68 74 63
11 57 11 7 57
42 75 42 62 27 44 55 67 72 87 13 74 63 65 37 48 75
49 59 49 69 25 85 6 31 72 87 13 74 63 65 37 59
56 64 56 74 72 87 13 68 51 59 64
42 13 42 51 67 72 87 27 44 55 58 68 13
40 29 40 43 87 13 29
65 55 65 13 68 69 76 27 44 55
38 20 38 65 6 16 35 72 87 27 44 55 58 68 13 26 28 9 20
40 77 40 33 62 72 87 77
28 88 28 41 76 7 57 72 88
40 57 40 33 49 25 85 41 57
23 79 23 37 76 27 79
76 78 76 7 14 16 35 63 65 6 31 58 68 74 72 87 27 78
14 77 14 34 48 52 77
49 32 49 72 87 13 74 63 65 37 76 23 32
40 80 40 41 49 69 76 23 37 72 87 13 68 9 20 56 74 63 65 6 31 26 42 51 80
21 57 21 7 62 6 31 68 9 20 56 72 87 13 28 35 25 40 41 57
68 78 68 9 20 55 67 72 87 27 78
42 60 42 9 62 6 37 76 27 44 55 67 72 87 13 60
37 79 37 76 7 14 6 31 43 44 79
65 64 65 37 52 64
65 83 65 6 37 49 7 57 72 87 27 79 83
74 84 74 63 65 6 31 56 72 87 13 28 7 14 34 79 84
28 82 28 35 72 87 82
62 80 62 72 87 13 28 37 49 58 68 51 80
13 52 13 20 39 34 48 52
27 55 27 44 55
27 80 27 44 55 67 72 87 13 74 63 65 6 37 51 80
58 84 58 67 72 87 27 79 84
31 26 31 43 44 55 67 72 87 13 20 56 74 63 65 37 76 23 49 69 26
85 57 85 41 57
14 64 14 16 35 25 62 27 44 55 67 72 87 13 74 63 65 6 31 43 52 64
31 26 31 58 68 69 76 23 37 49 72 87 13 26
14 60 14 42 62 37 76 57 72 87 27 44 55 58 68 69 60
4 89 4 49 72 87 27 44 84 89
68 80 68 13 29 48 52 80
42 84 42 33 62 25 79 84
4 57 4 49 69 76 57
16 79 16 87 27 44 79
37 73 37 76 27 44 55 67 73
49 88 49 76 57 72 88
28 72 28 9 20 55 58 67 72
22 81 22 34 48 52 80 81
40 67 40 68 69 26 42 51 67
6 84 6 37 49 58 67 72 87 27 44 84
18 30 18 63 65 6 37 76 57 72 87 13 68 69 25 85 41 49 7 14 30
28 33 28 23 49 7 14 57 63 65 6 31 56 20 40 41 76 27 44 55 67 72 87 13 26 42 33
33 48 33 51 67 72 87 13 20 55 58 68 9 62 37 48
28 48 28 37 76 27 44 55 58 67 72 87 13 26 42 33 49 7 62 6 16 29 48
38 34 38 37 51 67 72 87 13 74 63 65 6 31 43 44 55 58 68 9 62 25 85 41 49 7 14 34
42 79 42 33 49 58 67 72 87 27 79
42 81 42 20 56 70 81
15 55 15 41 57 63 65 13 68 74 72 87 27 44 55
8 70 8 7 14 28 25 63 65 37 76 23 49 70
18 82 18 33 49 72 87 27 44 55 58 68 51 67 82
3 20 3 23 49 72 87 13 20
22 13 22 25 40 43 44 55 58 67 72 87 13
30 81 30 34 48 52 80 81
33 66 33 62 27 44 55 58 68 51 67 72 87 13 26 28 35 39 76 23 66
42 30 42 33 51 67 72 87 27 44 55 58 68 13 74 63 65 37 49 7 14 30
20 32 20 40 13 26 42 51 67 72 87 27 44 55 58 68 74 63 65 37 49 69 76 23 32
1 48 1 7 14 30 34 48
42 77 42 33 51 67 72 87 27 44 55 58 77
18 75 18 63 65 6 16 29 48 75
22 70 22 13 28 35 63 65 37 51 67 72 87 27 44 55 58 68 9 20 40 33 49 25 85 70
76 16 76 23 49 7 57 63 65 6 16
28 25 28 25
31 71 31 43 87 13 74 63 65 64 71
68 26 68 69 26
42 23 42 62 6 37 49 25 63 65 13 28 35 72 87 27 44 55 58 68 69 76 23
62 13 62 25 63 65 6 31 26 28 68 13
65 37 65 37
87 7 87 13 26 28 7
87 82 87 13 20 39 58 68 9 71 82
21 63 21 26 42 51 67 72 87 27 44 55 58 68 13 74 63
19 43 19 43
46 25 46 25
19 33 19 27 44 55 58 68 9 20 56 74 63 65 37 76 51 67 72 87 13 28 7 62 25 33
11 30 11 7 14 30
58 52 58 68 69 26 42 20 56 74 72 87 13 29 48 52
18 27 18 76 27
8 23 8 28 23
1 58 1 49 25 62 6 37 51 67 72 87 13 20 39 43 44 55 58
56 82 56 64 71 82
62 50 62 37 76 51 67 72 87 13 26 28 7 43 44 55 58 68 9 20 40 41 50
8 61 8 51 67 72 87 13 26 28 35 25 85 6 37 49 7 62 27 44 55 58 68 9 20 40 33 61
87 58 87 27 44 55 58
3 72 3 23 37 72
51 29 51 67 72 87 27 44 55 58 68 69 25 33 62 37 76 57 63 65 6 16 29
19 13 19 56 20 39 43 44 55 67 72 87 13
69 71 69 64 71
19 55 19 43 44 55
69 25 69 25
74 63 74 63
18 37 18 22 26 42 51 67 72 87 27 44 55 58 68 69 76 23 37
87 52 87 13 29 48 52
1 78 1 37 51 67 72 87 27 44 55 58 68 74 63 65 6 16 35 39 76 23 49 25 38 13 20 40 33 78
25 86 25 62 37 52 64 86
41 67 41 49 69 76 57 63 65 37 72 87 13 26 28 7 62 27 44 55 58 67
21 83 21 7 43 87 27 79 83
39 6 39 65 6
11 88 11 13 20 39 76 51 67 72 87 27 44 79 88
39 7 39 65 13 26 42 51 67 72 87 27 44 55 58 68 69 76 23 49 7
58 86 58 68 51 86
49 82 49 58 68 9 20 39 51 67 72 87 82
20 55 20 40 33 51 67 72 87 27 44 55
4 61 4 26 42 51 67 72 87 27 44 55 58 68 74 63 65 37 49 25 38 13 20 40 33 61
1 48 1 26 28 41 76 27 44 55 58 68 69 25 38 65 13 29 48
62 55 62 6 16 35 39 65 37 49 7 57 72 87 27 44 55
1 52 1 33 51 67 72 87 27 44 55 58 68 74 63 65 6 16 35 25 85 41 49 7 43 52
28 67 28 41 63 65 6 31 43 87 27 44 55 58 67
74 20 74 72 87 13 20
22 89 22 20 40 41 76 23 49 58 67 72 87 77 89
18 80 18 41 57 63 65 6 37 52 80
87 29 87 13 29
8 13 8 40 33 51 67 72 87 13
65 73 65 6 16 87 13 26 28 37 51 67 73
31 9 31 58 68 9
8 23 8 25 85 41 76 23
46 89 46 58 68 9 20 56 89
25 67 25 85 41 49 76 23 37 51 67
56 77 56 74 63 65 6 77
35 75 35 63 65 6 16 29 48 75
35 33 35 25 62 72 87 13 26 42 33
38 79 38 13 28 9 62 37 76 51 67 72 87 27 44 79
8 73 8 40 33 49 69 25 62 37 72 87 13 26 42 9 20 73
4 27 4 9 62 25 40 33 51 67 72 87 27
7 84 7 57 63 65 13 20 56 74 72 87 27 79 84
35 27 35 63 65 37 72 87 13 26 42 9 62 27
15 32 15 41 76 23 32
21 70 21 13 28 7 62 37 51 67 72 87 70
42 27 42 33 62 27
18 50 18 41 50
62 44 62 25 85 6 37 76 23 49 72 87 27 44
34 52 34 48 52
19 37 19 25 63 65 37
9 48 9 20 40 13 28 7 14 25 85 6 16 29 48
68 63 68 51 67 72 87 13 20 56 74 63
39 81 39 58 67 72 87 70 81
49 51 49 72 87 13 26 28 9 62 25 33 51
23 73 23 49 58 68 74 63 65 13 28 35 72 87 27 44 55 67 73
7 29 7 14 16 29
65 55 65 37 72 87 27 44 55
63 75 63 65 6 16 35 25 33 49 76 7 57 72 87 13 20 39 34 48 75
3 77 3 58 77
3 30 3 30
62 51 62 72 87 27 44 55 58 68 74 63 65 37 49 76 51
69 63 69 26 28 68 51 67 72 87 13 20 56 74 63
22 86 22 34 48 52 64 86
62 33 62 37 51 67 72 87 13 74 63 65 6 31 58 68 69 26 28 25 40 33
25 55 25 38 37 49 69 76 27 44 55
15 71 15 30 34 48 52 71
76 84 76 27 79 84
56 73 56 72 87 27 44 55 58 67 73
63 71 63 65 64 71
8 27 8 25 40 68 9 62 72 87 27
33 29 33 49 69 26 28 25 38 13 29
69 37 69 25 38 37
35 37 35 25 40 13 28 37
49 57 49 69 76 57
21 23 21 58 68 69 26 28 41 49 76 23
28 7 28 68 69 76 23 37 49 7
18 43 18 6 31 56 74 72 87 13 26 42 33 49 76 7 43
56 70 56 20 40 33 51 67 72 87 70
15 71 15 26 42 59 64 71
38 89 38 13 68 69 76 27 79 84 89
85 78 85 41 63 65 6 16 35 39 76 57 78
74 50 74 63 65 37 76 7 57 72 87 13 26 28 41 50
28 61 28 9 20 40 33 61
23 71 23 49 58 68 13 26 28 64 71
28 89 28 9 20 40 13 84 89
62 41 62 25 85 41
31 61 31 56 20 39 65 37 49 58 68 69 26 42 9 62 25 33 61
3 27 3 58 68 51 67 72 87 27
58 61 58 67 72 87 13 68 9 62 25 40 33 61
2 83 2 13 26 42 33 62 6 31 58 68 51 80 81 83
62 41 62 72 87 13 28 41
26 67 26 28 41 49 25 85 6 16 87 27 44 55 67
76 59 76 57 63 65 6 31 59
72 79 72 87 27 79
74 51 74 72 87 13 28 41 63 65 37 51
14 64 14 64
4 57 4 23 49 76 51 67 72 87 27 44 55 58 68 74 63 65 13 26 28 7 57
68 70 68 69 25 35 72 87 70
8 33 8 62 25 33
37 61 37 51 67 72 87 13 68 69 76 7 14 6 16 35 25 40 33 61
87 59 87 13 28 7 57 63 65 37 59
40 43 40 43
4 58 4 30 44 55 58
11 41 11 43 44 55 58 67 72 87 13 20 40 41
46 29 46 58 67 72 87 13 29
7 80 7 43 52 80
69 77 69 25 38 13 28 37 48 52 77
42 37 42 51 67 72 87 13 28 23 49 58 68 74 63 65 6 37
11 82 11 43 87 13 74 63 65 37 59 64 71 82
19 20 19 56 20
31 72 31 72
8 71 8 51 59 64 71
4 52 4 49 25 35 39 76 51 67 72 87 13 74 63 65 6 37 48 52
68 55 68 69 25 38 37 76 7 43 87 27 44 55
72 67 72 87 27 44 55 67
20 55 20 40 33 51 67 72 87 27 44 55
76 34 76 51 67 72 87 13 28 37 49 25 38 58 68 74 63 65 6 16 35 39 34
42 27 42 51 67 72 87 27
35 64 35 39 34 48 52 64
42 51 42 62 27 44 55 58 67 72 87 13 20 39 76 51
68 84 68 69 25 79 84
1 84 1 7 14 6 16 35 63 65 37 76 27 79 84
69 60 69 60
34 86 34 59 64 86
18 66 18 63 65 37 76 23 66
6 75 6 16 35 72 87 13 29 48 75
8 79 8 40 41 63 65 13 20 39 87 27 79
38 80 38 13 29 48 75 80
7 61 7 62 6 37 76 27 44 55 58 67 72 87 13 28 35 25 33 61
76 48 76 7 62 72 87 27 44 55 58 68 13 29 48
56 51 56 74 63 65 13 26 42 51
33 86 33 62 6 31 68 13 29 48 52 64 86
43 80 43 52 80
72 66 72 87 13 28 41 57 63 65 6 16 35 25 38 37 49 76 23 66
14 72 14 25 35 39 58 67 72
14 16 14 6 16
23 84 23 37 49 25 33 51 67 72 87 13 20 55 58 68 74 63 65 6 16 35 39 34 79 84
74 20 74 63 65 6 31 68 9 20
15 9 15 16 87 13 28 9
64 86 64 86
31 78 31 72 87 27 78
19 25 19 25
56 88 56 72 87 27 88
65 83 65 37 76 51 80 81 83
57 44 57 63 65 37 49 72 87 13 68 9 20 39 16 35 25 40 43 44
23 55 23 49 7 14 57 63 65 13 28 35 72 87 27 44 55
21 80 21 58 68 69 76 57 63 65 37 52 80
16 71 16 35 72 87 27 44 55 58 68 13 26 28 7 14 34 59 64 71
19 84 19 69 25 33 62 6 16 87 13 84
25 79 25 35 63 65 37 49 58 68 13 20 39 34 79
85 29 85 41 49 76 7 57 63 65 13 29
85 43 85 41 76 27 44 55 67 72 87 13 74 63 65 37 49 25 35 39 43
39 26 39 58 67 72 87 13 68 69 26
68 66 68 74 63 65 13 28 23 66
51 52 51 67 72 87 13 29 48 52
62 75 62 72 87 27 44 55 58 68 69 26 28 7 14 16 29 48 75
85 58 85 41 57 63 65 37 51 67 72 87 13 26 42 62 25 35 39 43 44 55 58
57 71 57 63 65 64 71
63 48 63 65 13 29 48
8 57 8 7 62 27 44 55 67 72 87 13 20 40 33 49 58 68 74 63 65 6 16 35 25 38 37 76 57
74 58 74 72 87 27 44 55 58
31 13 31 72 87 13
42 81 42 51 67 72 87 70 81
15 70 15 9 20 39 51 67 72 87 27 44 55 58 68 13 74 70
22 71 22 43 87 13 28 35 59 64 71
87 60 87 27 44 55 58 68 9 20 39 65 13 26 28 35 25 40 41 49 69 60
1 55 1 2 9 20 55
15 63 15 26 28 25 62 27 44 55 67 72 87 13 68 9 20 56 74 63
20 73 20 73
14 29 14 16 35 39 51 67 72 87 27 44 55 58 68 74 63 65 37 49 69 26 42 33 62 25 38 13 29
56 78 56 20 39 16 35 63 65 6 37 49 25 62 27 78
21 89 21 9 20 39 58 77 89
85 67 85 41 57 63 65 37 51 67
51 75 51 67 72 87 13 26 28 7 62 25 33 49 69 76 23 37 48 75
68 27 68 13 20 56 74 72 87 27
87 6 87 27 44 55 58 68 13 20 56 74 63 65 6
39 59 39 34 59
3 72 3 23 37 76 57 72
37 29 37 51 67 72 87 13 28 23 49 25 38 65 6 16 29
2 81 2 9 62 25 38 37 49 76 51 67 72 87 27 44 55 58 68 69 26 42 20 40 41 57 63 65 13 74 70 81
39 75 39 34 48 75
72 84 72 87 13 26 42 62 25 79 84
74 43 74 63 65 6 31 43
56 78 56 20 55 58 67 72 87 13 74 63 65 6 16 35 39 76 23 49 25 85 41 57 78
14 64 14 34 48 52 64
27 84 27 44 84
85 32 85 6 16 35 25 62 72 87 13 74 63 65 37 49 7 14 28 23 32
22 16 22 13 68 9 62 6 16
72 67 72 87 13 20 39 58 68 51 67
63 81 63 65 37 48 52 80 81
42 64 42 33 49 25 62 6 16 35 63 65 13 28 64
4 79 4 30 34 79
87 23 87 27 44 55 58 68 13 20 40 41 63 65 6 37 76 23
74 33 74 72 87 13 20 39 65 6 16 35 25 33
11 86 11 13 28 35 59 64 86
18 77 18 22 20 55 58 68 9 62 6 31 56 74 63 65 37 51 67 72 87 77
69 72 69 25 38 65 13 20 39 87 27 44 55 67 72
46 79 46 58 68 69 76 57 63 65 13 28 7 43 44 55 67 72 87 27 79
11 75 11 68 74 72 87 13 28 41 76 57 63 65 37 48 75
56 60 56 20 40 60
15 88 15 88
63 83 63 65 6 37 51 67 72 87 27 44 79 83
68 30 68 51 67 72 87 13 74 63 65 6 37 49 7 14 30
31 88 31 26 28 9 62 25 33 49 58 68 74 72 88
23 73 23 37 51 67 73
28 33 28 23 37 51 67 72 87 13 74 63 65 6 31 56 20 39 16 35 25 33
13 55 13 74 63 65 6 37 51 67 72 87 27 44 55
6 79 6 37 49 72 87 13 26 28 35 25 79
68 81 68 9 62 37 76 27 44 55 67 72 87 70 81
56 83 56 70 81 83
31 50 31 26 42 20 40 41 50
62 77 62 37 76 51 67 72 87 27 44 55 58 68 9 20 40 13 29 48 52 77
8 66 8 51 67 72 87 27 44 55 58 68 9 20 56 74 63 65 37 76 23 66
56 44 56 20 39 16 87 27 44
31 75 31 58 67 72 87 13 68 74 63 65 6 16 29 48 75
85 6 85 6
21 81 21 26 42 20 40 68 74 70 81
26 73 26 28 41 49 58 68 69 25 38 37 76 57 72 87 27 44 55 67 73
21 79 21 9 20 40 43 44 79
1 43 1 37 51 67 72 87 27 44 55 58 68 13 28 9 20 56 74 63 65 6 31 26 42 33 62 25 40 43
65 57 65 6 16 87 13 26 28 41 76 57
40 27 40 68 9 62 27
19 84 19 25 85 6 16 87 13 28 23 49 76 7 14 42 9 20 39 43 44 84
46 34 46 26 42 62 37 76 51 67 72 87 13 28 68 74 63 65 6 16 35 25 85 41 49 7 14 34
34 79 34 79
23 73 23 37 72 87 27 44 55 67 73
87 64 87 13 74 63 65 64
28 29 28 9 20 40 13 29
3 88 3 38 13 26 28 9 20 55 67 72 87 27 88
26 50 26 28 9 20 40 41 50
20 73 20 40 68 13 74 72 87 27 44 55 67 73
76 58 76 51 67 72 87 13 26 42 62 27 44 55 58
