15 67 15 22 31 68 74 7 43 44 55 58 67
3 26 3 38 26
43 83 43 52 80 81 83
65 29 65 51 67 72 87 6 16 29
40 73 40 25 35 13 68 69 76 30 44 55 67 73
25 86 25 63 65 30 34 59 64 86
42 57 42 62 72 87 6 16 35 13 20 39 7 57
51 44 51 67 72 87 6 16 35 39 7 14 28 68 69 76 30 44
46 43 46 43
8 82 8 28 82
56 30 56 37 49 69 63 65 51 67 72 87 6 16 35 39 7 14 28 41 76 30
3 88 3 88
22 89 22 34 59 89
31 30 31 68 74 7 14 42 51 67 72 87 6 37 76 30
4 67 4 7 14 37 51 67
4 16 4 23 37 72 87 6 16
2 64 2 9 20 56 64
23 73 23 49 72 87 6 31 43 44 55 58 68 69 76 7 14 28 35 13 20 73
21 83 21 13 68 34 79 83
8 50 8 41 50
23 80 23 37 52 80
3 80 3 38 63 65 30 44 55 67 72 87 6 37 51 80
21 88 21 9 62 72 88
58 75 58 68 34 48 75
8 81 8 9 62 70 81
13 80 13 26 28 87 6 37 76 30 34 48 52 80
11 44 11 68 74 7 43 87 6 31 56 37 76 30 44
11 33 11 68 74 7 14 25 33
15 79 15 26 28 6 31 68 74 7 14 34 79
7 84 7 62 72 87 6 37 49 76 30 44 79 84
62 29 62 72 87 6 16 29
76 20 76 30 44 55 67 72 87 6 16 35 13 20
9 29 9 20 56 25 33 49 72 87 6 16 29
46 43 46 43
40 57 40 68 74 7 57
38 13 38 26 28 41 63 65 30 44 55 67 72 87 6 16 35 13
85 57 85 25 63 65 51 67 72 87 6 31 56 37 49 41 57
38 44 38 65 30 44
16 44 16 87 6 31 43 44
31 81 31 34 48 52 80 81
57 73 57 72 87 6 31 68 74 20 39 76 7 43 44 55 67 73
31 70 31 56 37 72 87 6 16 35 39 7 62 70
15 57 15 22 51 67 72 87 6 16 35 13 28 41 57
8 51 8 13 68 69 63 65 51
85 81 85 25 38 65 30 48 52 80 81
38 80 38 65 51 80
31 83 31 43 52 80 81 83
42 6 42 30 44 55 67 72 87 6
1 81 1 51 80 81
69 79 69 63 65 30 34 79
28 30 28 6 37 49 41 63 65 30
1 64 1 7 57 63 65 51 67 72 87 6 31 43 52 64
62 13 62 72 87 6 16 35 13
23 79 23 37 76 30 34 79
22 64 22 43 44 55 67 72 87 6 16 35 13 28 41 76 30 34 48 52 64
11 59 11 59
3 29 3 37 49 76 7 43 44 55 58 68 69 63 65 51 67 72 87 6 16 29
33 71 33 51 67 72 87 6 37 48 52 71
76 75 76 7 57 63 65 30 44 55 67 72 87 6 31 56 37 48 75
39 89 39 89
37 67 37 49 69 76 30 44 55 67
85 64 85 25 35 39 7 62 72 87 6 31 68 74 20 56 37 48 52 64
39 59 39 7 14 42 51 67 72 87 6 16 35 59
76 60 76 30 44 55 67 72 87 6 16 35 13 60
21 13 21 13
74 72 74 20 40 68 69 63 65 30 44 55 58 67 72
28 89 28 68 69 76 30 34 79 84 89
43 73 43 87 6 16 35 39 65 51 67 73
19 34 19 43 44 55 58 67 72 87 6 31 56 37 76 30 34
69 89 69 63 65 30 48 52 77 89
46 72 46 13 26 28 41 63 65 30 44 55 67 72
28 30 28 87 6 37 49 41 76 30
4 73 4 74 7 14 25 38 65 30 44 55 67 73
40 63 40 68 69 63
72 75 72 87 6 16 35 39 7 14 34 48 75
15 7 15 22 31 43 87 6 37 49 76 7
26 67 26 42 51 67
56 29 56 25 62 72 87 6 16 29
38 64 38 65 30 34 59 64
28 80 28 68 69 76 7 57 63 65 51 80
58 75 58 68 74 20 39 7 14 42 51 67 72 87 6 31 34 48 75
46 63 46 43 87 6 16 35 13 68 69 63
3 64 3 37 51 59 64
49 52 49 41 63 65 30 44 55 67 72 87 6 16 29 48 52
65 79 65 30 34 79
23 79 23 37 72 87 6 31 34 79
14 86 14 25 63 65 30 44 55 67 72 87 6 37 49 59 64 86
2 88 2 56 74 7 43 44 55 58 68 34 48 75 88
19 64 19 33 49 41 57 63 65 51 67 72 87 6 31 68 69 76 7 64
2 32 2 23 32
37 80 37 76 7 43 44 55 58 68 34 48 52 80
19 61 19 62 72 87 6 31 56 25 33 61
38 80 38 63 65 51 67 72 87 6 16 29 48 52 80
19 41 19 43 44 55 58 67 72 87 6 31 68 74 7 14 28 41
76 89 76 30 44 84 89
2 25 2 9 20 40 25
65 34 65 30 34
85 70 85 25 35 39 65 30 44 55 67 72 87 6 37 76 7 14 28 41 49 69 70
20 55 20 39 76 30 44 55
35 64 35 13 26 42 62 59 64
62 7 62 72 87 6 37 49 76 7
46 63 46 13 20 56 37 76 30 44 55 67 72 87 6 16 35 39 58 68 69 63
37 61 37 72 87 6 31 56 25 33 61
41 44 41 76 7 14 42 30 44
65 89 65 30 34 48 52 77 89
22 48 22 34 48
15 58 15 22 51 67 72 87 6 31 68 74 7 14 25 33 49 76 30 44 55 58
87 13 87 6 16 35 13
42 34 42 51 67 72 87 6 37 49 76 30 34
2 30 2 13 74 7 62 72 87 6 37 76 30
56 75 56 25 35 13 26 28 6 37 49 41 63 65 30 44 55 58 68 74 7 14 34 48 75
26 52 26 42 51 67 72 87 6 37 52
1 66 1 2 23 66
76 37 76 30 44 55 58 68 74 20 40 25 63 65 51 67 72 87 6 37
15 84 15 26 28 37 51 67 72 87 6 31 68 34 79 84
22 80 22 51 80
38 60 38 26 28 60
51 48 51 67 72 87 6 37 76 30 48
18 75 18 30 48 75
76 70 76 30 44 55 58 67 72 87 6 31 56 74 7 62 70
46 51 46 43 44 55 67 72 87 6 37 49 41 63 65 51
39 48 39 7 14 28 6 31 34 48
35 89 35 13 26 28 87 77 89
22 75 22 31 68 69 76 30 34 48 75
74 43 74 7 43
33 81 33 49 69 76 7 14 37 48 75 80 81
33 29 33 49 72 87 6 16 29
9 75 9 62 72 87 6 31 68 34 48 75
15 25 15 30 44 55 58 68 74 7 62 72 87 6 31 56 25
2 34 2 33 49 76 7 57 72 87 6 31 68 34
2 55 2 13 68 74 7 43 44 55
42 44 42 7 14 25 38 63 65 30 44
65 16 65 30 44 55 67 72 87 6 16
3 41 3 33 51 67 72 87 6 37 76 30 44 55 58 68 74 20 56 25 35 13 28 41
7 71 7 57 63 65 30 34 48 52 71
26 50 26 28 41 50
38 88 38 26 28 6 37 76 30 34 48 88
74 60 74 7 62 72 87 6 31 56 25 33 49 41 50 60
4 77 4 49 69 63 65 51 67 72 87 6 77
56 44 56 37 49 41 76 7 43 44
27 75 27 44 55 67 72 87 6 16 35 13 28 68 34 48 75
22 55 22 51 67 72 87 6 37 76 30 44 55
85 86 85 25 35 13 28 41 49 69 76 30 48 52 64 86
69 64 69 76 7 62 59 64
68 77 68 69 76 30 48 52 77
11 67 11 68 69 63 65 51 67
8 30 8 9 20 40 25 63 65 30
42 41 42 30 44 55 67 72 87 6 16 35 39 7 14 28 41
39 57 39 58 68 74 7 14 42 51 67 72 87 6 16 35 13 28 41 57
68 6 68 69 76 7 57 72 87 6
49 34 49 72 87 6 31 34
3 13 3 37 49 76 30 44 55 67 72 87 6 16 35 13
8 64 8 40 68 34 59 64
72 44 72 87 6 16 35 13 20 56 37 76 30 44
31 6 31 56 37 49 69 63 65 51 67 72 87 6
1 75 1 49 69 76 7 43 87 6 31 34 48 75
38 48 38 63 65 30 44 55 58 68 34 48
11 80 11 63 65 51 80
16 52 16 87 6 31 34 48 52
59 71 59 64 71
9 44 9 20 56 25 40 68 74 7 43 44
9 86 9 20 56 74 7 62 59 64 86
72 50 72 87 6 37 49 41 50
19 71 19 56 64 71
30 44 30 44
19 33 19 56 25 33
22 67 22 31 43 44 55 58 67
28 86 28 64 86
62 57 62 72 87 6 37 49 41 57
31 63 31 68 74 7 14 28 41 63
74 37 74 7 43 44 55 58 67 72 87 6 37
1 26 1 49 72 87 6 31 56 25 38 26
2 43 2 33 51 67 72 87 6 37 49 41 63 65 30 44 55 58 68 69 76 7 43
41 55 41 57 63 65 51 67 72 87 6 16 35 39 58 68 69 76 30 44 55
8 83 8 41 76 7 43 44 79 83
72 44 72 87 6 31 43 44
87 79 87 6 16 35 13 28 37 76 30 44 79
14 25 14 25
26 50 26 42 51 67 72 87 6 37 49 41 50
18 34 18 30 34
69 48 69 76 7 14 25 40 68 34 48
56 79 56 25 62 72 87 6 16 35 13 20 40 68 69 63 65 30 34 79
25 48 25 63 65 51 67 72 87 6 16 29 48
1 89 1 37 49 69 76 30 34 59 89
18 79 18 22 51 67 72 87 6 16 35 13 20 39 65 30 44 79
26 71 26 28 6 71
2 44 2 23 37 72 87 6 31 43 44
11 73 11 68 69 63 65 51 67 73
31 60 31 56 74 20 39 58 67 72 87 6 16 35 13 60
58 84 58 67 72 87 6 16 35 39 65 30 44 84
69 52 69 76 7 43 52
23 79 23 37 76 7 57 72 87 6 16 35 39 65 30 34 79
19 30 19 69 63 65 30
68 84 68 74 7 43 87 6 31 34 79 84
39 52 39 76 7 62 72 87 6 37 48 52
87 60 87 6 37 49 76 7 14 28 60
14 67 14 28 68 74 20 39 76 30 44 55 58 67
30 67 30 44 55 58 67
58 48 58 68 74 7 57 72 87 6 16 29 48
56 29 56 37 76 7 62 72 87 6 16 29
18 88 18 30 48 75 88
2 52 2 13 68 74 20 39 7 43 52
30 29 30 44 55 58 67 72 87 6 16 29
37 44 37 76 30 44
35 48 35 13 68 74 7 14 25 38 65 30 34 48
38 89 38 89
4 32 4 23 32
49 64 49 72 87 6 37 52 64
85 59 85 25 40 68 69 63 65 30 34 59
14 52 14 34 48 52
63 84 63 65 51 67 72 87 6 16 35 39 76 30 34 79 84
68 60 68 74 7 57 72 87 6 16 35 13 60
31 37 31 43 44 55 58 67 72 87 6 37
58 83 58 68 69 63 65 51 80 81 83
1 89 1 37 48 52 77 89
46 67 46 13 74 20 40 68 69 76 7 43 87 6 31 56 25 35 39 58 67
28 50 28 41 50
76 29 76 30 44 55 58 67 72 87 6 16 29
1 78 1 78
22 6 22 51 67 72 87 6
8 26 8 13 26
34 71 34 59 64 71
69 37 69 63 65 51 67 72 87 6 37
4 71 4 23 37 59 64 71
8 50 8 9 20 56 25 38 63 65 51 67 72 87 6 31 68 69 76 7 14 28 41 50
69 50 69 76 30 44 55 67 72 87 6 37 49 41 50
42 48 42 7 62 72 87 6 16 29 48
20 29 20 40 25 62 72 87 6 16 29
16 44 16 35 39 7 14 25 38 65 30 44
74 88 74 20 88
57 86 57 63 65 30 48 52 64 86
72 71 72 87 6 37 59 64 71
16 79 16 87 6 31 43 44 79
15 34 15 22 51 67 72 87 6 16 35 13 68 34
74 72 74 7 43 87 6 37 51 67 72
8 84 8 62 72 87 6 31 68 69 76 30 34 79 84
28 73 28 37 72 87 6 31 68 69 63 65 51 67 73
19 71 19 38 65 51 59 64 71
39 37 39 7 14 25 38 26 42 62 72 87 6 37
40 20 40 68 69 63 65 30 44 55 67 72 87 6 16 35 13 74 20
14 16 14 25 38 63 65 51 67 72 87 6 16
39 63 39 65 51 67 72 87 6 16 35 13 74 20 55 58 68 69 63
13 55 13 20 39 7 62 72 87 6 37 76 30 44 55
26 29 26 42 30 44 55 58 67 72 87 6 16 29
31 60 31 68 69 76 7 14 28 35 13 60
62 75 62 72 87 6 16 35 39 65 30 34 48 75
74 57 74 7 57
33 48 33 51 67 72 87 6 31 68 69 76 30 48
42 71 42 62 59 64 71
15 26 15 26
56 30 56 74 7 57 72 87 6 16 35 13 28 68 69 76 30
21 34 21 13 26 42 30 34
39 79 39 58 68 74 20 55 67 72 87 6 31 43 44 79
68 43 68 69 63 65 30 44 55 67 72 87 6 31 43
62 41 62 72 87 6 37 49 41
4 86 4 49 72 86
40 67 40 68 74 7 57 72 87 6 37 49 76 30 44 55 58 67
74 86 74 7 57 72 87 6 31 43 44 55 58 68 34 48 52 64 86
2 63 2 23 37 49 76 30 44 55 58 68 69 63
11 33 11 63 65 30 44 55 58 67 72 87 6 16 35 13 20 40 25 33
18 82 18 76 7 57 63 65 51 67 82
22 80 22 43 44 55 58 68 74 20 39 7 57 72 87 6 31 56 25 35 13 26 28 37 49 41 76 30 48 75 80
31 67 31 68 69 63 65 30 44 55 58 67
4 81 4 7 14 42 30 48 52 80 81
9 80 9 62 72 87 6 37 48 75 80
74 29 74 20 55 58 67 72 87 6 16 35 13 29
62 88 62 72 88
26 86 26 42 30 34 86
76 67 76 30 44 55 67
46 20 46 13 20
38 64 38 63 65 30 48 52 64
76 30 76 7 62 72 87 6 31 56 74 20 40 68 69 63 65 30
49 70 49 69 70
35 59 35 59
33 81 33 51 67 72 87 6 37 48 75 80 81
37 52 37 48 52
58 81 58 67 72 87 6 16 29 48 52 80 81
38 41 38 63 65 30 44 55 58 68 69 76 7 57 72 87 6 16 35 13 28 41
21 60 21 13 60
62 52 62 72 87 6 16 35 13 74 7 43 52
2 33 2 23 37 72 87 6 16 35 13 26 42 7 14 25 33
15 67 15 26 42 30 44 55 58 68 69 76 7 62 72 87 6 37 49 41 63 65 51 67
63 44 63 65 30 44
65 67 65 30 44 55 67
49 67 49 72 87 6 31 43 44 55 67
35 70 35 39 58 68 74 20 40 25 62 70
8 60 8 28 6 16 35 13 60
8 71 8 9 20 40 25 35 13 29 48 52 71
56 86 56 74 7 62 72 86
31 51 31 43 44 55 58 67 72 87 6 37 51
69 70 69 70
49 78 49 76 7 43 87 6 31 68 78
15 6 15 30 44 55 58 68 74 7 43 87 6
23 81 23 37 48 75 80 81
62 88 62 72 88
58 81 58 67 72 87 6 16 29 48 52 80 81
63 81 63 65 51 67 72 87 6 16 29 48 52 80 81
49 72 49 69 63 65 51 67 72
26 44 26 42 51 67 72 87 6 16 35 39 7 43 44
62 29 62 72 87 6 16 29
14 41 14 42 62 72 87 6 16 35 13 28 41
15 73 15 30 44 55 67 73
14 6 14 25 33 62 72 87 6
39 43 39 58 68 74 7 62 72 87 6 31 43
49 60 49 41 50 60
23 84 23 37 72 87 6 31 34 79 84
28 43 28 41 49 69 76 7 57 63 65 30 44 55 58 68 74 20 56 25 62 72 87 6 31 43
46 44 46 43 44
68 26 68 74 20 40 25 35 13 26
6 80 6 31 34 48 75 80
87 16 87 6 16
57 71 57 72 87 6 16 29 48 52 64 71
41 67 41 76 30 44 55 58 68 69 63 65 51 67
22 13 22 43 87 6 16 35 13
65 60 65 51 67 72 87 6 37 49 41 50 60
38 52 38 65 30 48 52
31 70 31 56 37 76 7 43 44 55 58 68 74 20 40 25 62 70
25 79 25 33 51 67 72 87 6 16 35 13 68 69 63 65 30 34 79
4 71 4 26 42 7 62 72 87 6 37 48 52 71
38 67 38 26 42 62 72 87 6 16 35 13 74 7 14 28 68 69 63 65 51 67
1 52 1 37 52
63 83 63 65 30 44 55 67 72 87 6 37 52 80 81 83
20 86 20 56 74 7 43 52 64 86
42 37 42 62 72 87 6 37
27 83 27 44 79 83
30 44 30 44
4 55 4 7 43 44 55
62 13 62 72 87 6 16 35 13
35 81 35 39 76 7 43 44 55 58 67 72 87 6 31 56 37 52 80 81
56 81 56 37 48 75 80 81
35 63 35 13 74 20 55 58 68 69 76 7 57 72 87 6 37 49 41 63
70 81 70 81
37 80 37 48 52 80
8 57 8 13 68 69 76 30 44 55 58 67 72 87 6 37 49 41 57
27 61 27 44 55 58 68 69 63 65 51 67 72 87 6 37 49 41 76 7 14 28 35 13 20 40 25 33 61
42 30 42 51 67 72 87 6 37 76 30
68 20 68 74 20
39 13 39 58 68 69 63 65 30 44 55 67 72 87 6 16 35 13
30 52 30 34 48 52
65 83 65 30 44 55 67 72 87 6 37 76 7 43 52 80 81 83
21 26 21 26
49 77 49 41 76 7 14 25 33 62 72 87 6 31 56 74 20 39 58 77
31 77 31 56 37 76 7 57 72 87 77
1 81 1 51 67 72 87 6 16 35 39 7 14 34 48 52 80 81
2 48 2 13 20 55 58 68 69 63 65 30 48
26 84 26 42 7 43 44 55 67 72 87 6 37 49 69 63 65 30 34 79 84
39 70 39 76 7 57 72 87 6 31 68 69 70
69 26 69 76 30 44 55 67 72 87 6 31 68 74 20 56 25 35 13 26
42 77 42 51 67 72 87 77
31 89 31 68 74 20 55 84 89
35 70 35 39 65 51 67 72 87 6 37 76 30 44 55 58 68 69 70
39 55 39 58 68 74 20 55
2 37 2 56 37
40 79 40 25 35 39 65 30 34 79
76 33 76 30 44 55 67 72 87 6 16 35 39 58 68 74 20 40 25 33
62 60 62 72 87 6 16 35 13 26 28 60
4 71 4 30 48 52 64 71
69 34 69 63 65 51 67 72 87 6 16 35 13 26 42 30 44 55 58 68 34
49 50 49 41 50
65 52 65 30 48 52
39 44 39 65 30 44
15 13 15 26 42 51 67 72 87 6 16 35 13
31 26 31 68 74 20 39 76 7 14 28 35 13 26
26 80 26 42 30 34 48 75 80
65 34 65 30 44 55 67 72 87 6 31 68 34
62 41 62 72 87 6 37 49 41
87 59 87 6 37 49 76 7 62 59
19 83 19 69 70 81 83
21 55 21 42 62 72 87 6 16 35 13 68 74 20 39 76 30 44 55
22 63 22 31 43 87 6 16 35 39 76 30 44 55 58 68 69 63
69 44 69 76 30 44
85 77 85 25 33 62 72 87 6 37 49 41 76 30 48 52 77
21 89 21 26 42 7 89
69 57 69 76 30 44 55 67 72 87 6 37 49 41 57
11 86 11 63 65 51 59 64 86
40 41 40 25 38 26 42 62 72 87 6 31 56 37 49 41
18 43 18 22 31 43
46 50 46 13 28 41 50
68 86 68 34 59 64 86
11 80 11 63 65 51 67 72 87 6 37 52 80
65 67 65 30 44 55 58 68 74 7 57 72 87 6 16 35 13 28 37 51 67
38 82 38 65 51 67 72 87 6 71 82
14 71 14 42 62 59 64 71
3 89 3 27 79 84 89
69 43 69 76 7 43
42 52 42 62 72 87 6 31 43 52
3 59 3 30 34 59
40 72 40 68 69 76 7 43 87 6 37 49 41 57 63 65 30 44 55 67 72
57 79 57 63 65 30 34 79
33 29 33 49 72 87 6 16 29
6 81 6 16 29 48 75 80 81
25 55 25 63 65 51 67 72 87 6 37 49 41 76 30 44 55
76 58 76 7 43 44 55 67 72 87 6 16 35 39 58
87 72 87 6 31 43 44 55 58 67 72
39 6 39 7 43 44 55 67 72 87 6
9 50 9 62 72 87 6 37 49 41 50
18 57 18 22 43 44 55 58 67 72 87 6 31 56 74 20 39 7 57
11 25 11 68 74 20 40 25
68 64 68 34 48 52 64
65 67 65 51 67
28 88 28 37 48 75 88
56 89 56 74 20 40 68 34 79 84 89
22 41 22 51 67 72 87 6 37 49 41
63 75 63 65 51 67 72 87 6 31 34 48 75
2 7 2 13 68 74 7
22 61 22 51 67 72 87 6 37 49 69 63 65 30 44 55 58 68 74 20 56 25 33 61
46 43 46 43
28 63 28 68 74 20 39 87 6 37 49 41 63
40 58 40 68 74 20 39 76 7 43 44 55 58
72 71 72 87 6 71
23 80 23 37 72 87 6 31 68 34 48 52 80
3 60 3 30 44 55 58 68 69 76 7 57 63 65 51 67 72 87 6 37 49 41 50 60
2 13 2 13
65 89 65 51 67 72 87 77 89
62 82 62 59 64 71 82
27 79 27 79
28 20 28 35 39 7 57 63 65 30 44 55 58 68 74 20
68 34 68 34
26 79 26 28 87 6 31 43 44 79
19 57 19 69 76 30 44 55 58 67 72 87 6 16 35 13 26 28 37 49 41 57
74 79 74 20 55 58 67 72 87 6 31 43 44 79
59 71 59 64 71
56 25 56 25
39 26 39 7 43 44 55 58 67 72 87 6 16 35 13 26
35 64 35 59 64
64 71 64 71
3 7 3 33 62 72 87 6 31 56 74 7
72 73 72 87 6 31 68 74 7 43 44 55 58 67 73
16 83 16 29 48 52 80 81 83
56 84 56 25 40 68 69 76 30 34 79 84
42 52 42 51 67 72 87 6 31 34 48 52
74 20 74 20
62 58 62 72 87 6 16 35 13 20 40 25 33 49 69 63 65 30 44 55 58
22 59 22 31 34 59
25 84 25 38 65 30 34 79 84
85 63 85 25 63
69 63 69 63
42 57 42 51 67 72 87 6 31 56 37 49 76 7 57
76 78 76 7 14 25 62 72 87 6 16 35 39 58 68 78
40 16 40 68 69 76 30 44 55 67 72 87 6 16
37 55 37 76 7 14 25 62 72 87 6 31 56 74 20 39 58 68 69 63 65 30 44 55
9 73 9 20 40 25 38 26 73
65 60 65 30 44 55 58 67 72 87 6 16 35 13 28 60
16 73 16 87 6 37 49 76 7 43 44 55 58 68 74 20 40 25 33 51 67 73
35 84 35 13 68 34 79 84
2 7 2 23 49 76 7
4 32 4 23 32
15 6 15 30 44 55 58 68 69 63 65 51 67 72 87 6
37 83 37 72 87 6 16 35 13 28 41 49 76 7 57 63 65 51 80 81 83
1 55 1 7 43 44 55
26 55 26 42 51 67 72 87 6 16 35 13 28 37 49 76 30 44 55
1 37 1 37
8 63 8 62 72 87 6 37 49 76 30 44 55 58 68 69 63
4 72 4 23 49 76 30 44 55 67 72
85 44 85 25 62 72 87 6 31 56 74 20 40 68 69 63 65 30 44
38 6 38 26 28 37 49 69 63 65 30 44 55 67 72 87 6
26 48 26 42 7 14 37 72 87 6 31 68 34 48
58 29 58 68 74 20 55 67 72 87 6 16 29
42 52 42 51 67 72 87 6 16 35 13 74 7 14 28 37 48 52
25 67 25 62 72 87 6 16 35 13 68 74 7 57 63 65 30 44 55 58 67
85 84 85 25 63 65 30 34 79 84
31 51 31 68 74 7 14 37 76 30 44 55 58 67 72 87 6 16 35 13 28 41 49 69 63 65 51
23 84 23 49 72 87 6 16 35 39 76 30 34 79 84
85 43 85 25 38 26 28 35 13 68 74 7 43
1 9 1 2 9
14 59 14 34 59
39 72 39 7 14 28 37 76 30 44 55 58 68 69 63 65 51 67 72
15 70 15 22 51 67 72 87 6 37 49 41 70
72 55 72 87 6 37 49 41 57 63 65 30 44 55
31 16 31 68 69 76 30 44 55 67 72 87 6 16
19 37 19 69 63 65 30 44 55 58 68 74 7 43 87 6 31 56 37
62 13 62 72 87 6 37 76 7 14 28 35 13
19 33 19 43 87 6 16 35 39 58 68 74 7 14 25 33
76 59 76 7 14 59
49 89 49 76 30 34 59 89
46 67 46 13 68 74 20 55 67
4 41 4 30 44 55 67 72 87 6 16 35 13 20 39 7 14 28 41
4 73 4 7 43 44 55 67 73
51 67 51 67
68 55 68 74 20 40 25 62 72 87 6 16 35 39 65 30 44 55
56 52 56 25 38 26 28 41 57 63 65 51 67 72 87 6 37 52
38 63 38 26 28 68 69 63
74 75 74 7 14 25 62 72 87 6 37 76 30 34 48 75
30 50 30 44 55 58 67 72 87 6 31 56 37 49 41 50
22 48 22 34 48
42 84 42 7 62 72 87 6 16 35 13 20 56 37 76 30 44 55 84
26 50 26 42 7 14 25 40 68 69 76 30 44 55 58 67 72 87 6 37 49 41 50
25 52 25 63 65 51 67 72 87 6 31 34 48 52
9 80 9 20 40 25 63 65 51 67 72 87 6 37 76 30 48 75 80
21 29 21 26 42 7 57 63 65 51 67 72 87 6 16 29
20 79 20 56 25 79
15 41 15 26 28 41
20 81 20 56 37 51 80 81
62 73 62 72 87 6 16 35 13 74 20 39 7 14 42 30 44 55 67 73
4 48 4 30 34 48
40 25 40 25
37 75 37 76 30 34 48 75
43 86 43 44 55 58 67 72 86
87 83 87 6 31 43 52 80 81 83
74 44 74 7 62 72 87 6 31 68 69 76 30 44
65 41 65 30 44 55 58 68 74 7 14 28 41
28 13 28 37 76 30 44 55 58 67 72 87 6 16 35 13
38 70 38 63 65 51 67 72 87 6 31 68 69 76 7 62 70
40 77 40 25 63 65 51 67 72 87 6 37 49 76 30 48 52 77
26 71 26 42 62 59 64 71
57 80 57 72 87 6 16 35 39 76 30 48 52 80
76 79 76 7 57 63 65 30 34 79
11 71 11 63 65 51 59 64 71
7 48 7 57 63 65 30 34 48
22 29 22 31 56 74 7 57 72 87 6 16 29
2 83 2 33 49 69 70 81 83
9 50 9 20 55 58 68 74 7 43 87 6 16 35 13 26 28 41 50
68 26 68 74 20 39 58 67 72 87 6 16 35 13 26
2 58 2 56 74 20 55 58
26 71 26 28 6 71
3 79 3 9 20 56 74 7 14 42 51 67 72 87 6 16 35 13 28 41 49 69 63 65 30 34 79
9 55 9 20 56 37 51 67 72 87 6 16 35 39 76 30 44 55
56 7 56 74 7
11 44 11 68 69 63 65 30 44
2 60 2 56 74 7 62 72 87 6 16 35 13 28 60
51 48 51 67 72 87 6 16 35 13 28 37 76 30 34 48
62 20 62 72 87 6 16 35 13 20
39 7 39 58 68 69 63 65 51 67 72 87 6 16 35 13 74 7
42 82 42 30 44 55 58 68 69 70 82
68 79 68 74 20 40 25 63 65 30 44 79
46 37 46 13 26 42 30 44 55 58 67 72 87 6 16 35 39 7 14 28 37
74 7 74 7
62 33 62 72 87 6 31 68 74 20 56 25 33
9 79 9 20 55 67 72 87 6 31 43 44 79
69 43 69 63 65 30 44 55 58 68 74 7 57 72 87 6 31 43
23 75 23 49 76 7 62 72 87 6 31 43 44 55 58 68 34 48 75
21 89 21 9 62 72 87 77 89
69 7 69 76 7
18 79 18 30 34 79
2 82 2 56 37 72 87 6 16 35 59 64 71 82
42 86 42 62 59 64 86
72 86 72 87 6 16 86
23 50 23 49 41 50
85 89 85 89
15 75 15 26 28 6 16 35 39 58 68 34 48 75
4 48 4 49 41 63 65 30 34 48
31 73 31 68 74 7 43 44 55 67 73
3 72 3 27 44 55 58 67 72
76 52 76 7 62 72 87 6 31 34 48 52
39 60 39 65 30 44 55 67 72 87 6 31 56 37 49 69 76 7 14 28 60
62 33 62 72 87 6 16 35 13 20 40 25 33
69 13 69 63 65 51 67 72 87 6 16 35 13
62 20 62 72 87 6 37 49 76 7 57 63 65 30 44 55 58 68 74 20
68 63 68 69 76 7 14 37 51 67 72 87 6 31 56 25 63
20 86 20 56 37 51 67 72 87 6 31 59 64 86
28 64 28 41 76 7 57 63 65 30 44 55 67 72 87 6 37 48 52 64
7 81 7 62 70 81
68 33 68 74 20 55 67 72 87 6 31 56 25 33
11 86 11 68 74 20 55 67 72 86
87 29 87 6 16 29
22 43 22 43
41 75 41 57 63 65 51 67 72 87 6 16 29 48 75
21 55 21 9 20 55
76 30 76 7 43 44 55 58 68 69 63 65 30
62 29 62 72 87 6 16 29
1 25 1 13 26 28 41 49 69 63 65 51 67 72 87 6 31 43 44 55 58 68 74 20 40 25
85 72 85 25 40 68 69 76 7 43 87 6 16 35 39 58 67 72
22 81 22 43 52 80 81
11 89 11 68 34 79 84 89
39 77 39 58 68 69 76 7 62 72 87 6 31 43 52 77
22 58 22 51 67 72 87 6 31 43 44 55 58
87 48 87 6 16 29 48
40 20 40 68 74 20
14 16 14 42 30 44 55 67 72 87 6 16
68 79 68 34 79
8 71 8 40 25 35 13 68 34 48 52 71
33 81 33 51 80 81
69 43 69 76 7 43
19 81 19 62 70 81
19 25 19 56 25
19 81 19 33 62 70 81
8 50 8 9 20 40 25 38 63 65 51 67 72 87 6 37 49 41 50
65 79 65 30 34 79
19 7 19 38 63 65 51 67 72 87 6 31 56 74 7
23 50 23 49 41 50
3 81 3 27 44 55 67 72 87 6 31 43 52 80 81
40 82 40 25 38 26 28 41 76 7 62 70 82
2 70 2 33 51 67 72 87 6 16 35 13 20 40 25 62 70
31 50 31 68 69 63 65 30 44 55 67 72 87 6 16 35 13 28 41 50
49 79 49 72 87 6 16 35 13 68 74 20 40 25 79
69 89 69 76 30 48 52 77 89
14 70 14 25 63 65 30 44 55 58 68 69 70
1 16 1 37 76 30 44 55 67 72 87 6 16
40 64 40 25 35 59 64
15 43 15 30 44 55 67 72 87 6 31 43
56 26 56 74 7 62 72 87 6 16 35 13 26
69 43 69 76 7 43
56 83 56 25 63 65 51 67 72 87 6 31 68 69 70 81 83
6 75 6 31 68 34 48 75
41 55 41 76 30 44 55
30 84 30 44 79 84
38 20 38 65 30 44 55 67 72 87 6 31 68 74 20
4 41 4 49 41
42 80 42 30 44 55 67 72 87 6 37 49 41 57 63 65 51 80
33 71 33 51 67 72 87 6 71
51 81 51 80 81
15 41 15 22 51 67 72 87 6 37 49 41
87 34 87 6 31 43 44 55 58 68 34
42 86 42 51 86
38 79 38 65 30 34 79
76 16 76 30 44 55 67 72 87 6 16
30 52 30 48 52
35 26 35 13 26
15 72 15 22 51 67 72
4 89 4 23 37 51 59 89
19 57 19 38 26 42 30 44 55 67 72 87 6 16 35 39 76 7 57
85 7 85 25 38 65 30 44 55 58 68 74 20 39 7
85 88 85 88
46 71 46 43 87 6 31 56 25 35 13 28 68 34 48 52 71
39 83 39 65 30 48 75 80 81 83
11 55 11 68 74 20 56 37 72 87 6 31 43 44 55
4 81 4 70 81
3 33 3 33
31 48 31 34 48
19 37 19 62 72 87 6 16 35 39 65 30 44 55 58 68 74 7 14 37
4 32 4 23 32
1 84 1 39 7 57 63 65 51 67 72 87 6 31 68 69 76 30 34 79 84
65 16 65 51 67 72 87 6 16
74 63 74 7 43 87 6 37 76 30 44 55 58 68 69 63
28 63 28 41 63
57 80 57 63 65 51 67 72 87 6 16 35 39 76 30 34 48 75 80
8 48 8 9 20 39 58 68 34 48
51 71 51 67 72 87 6 31 56 64 71
74 70 74 7 62 70
22 41 22 51 67 72 87 6 37 49 41
30 71 30 48 52 71
7 86 7 14 34 86
62 33 62 72 87 6 31 56 25 33
62 25 62 72 87 6 16 35 13 74 20 40 25
49 51 49 69 63 65 30 44 55 58 67 72 87 6 16 35 39 76 7 14 37 51
57 79 57 63 65 51 67 72 87 6 16 35 39 76 30 34 79
49 82 49 72 87 6 71 82
19 51 19 33 62 72 87 6 37 51
11 13 11 68 69 76 7 62 72 87 6 16 35 13
11 83 11 63 65 30 44 55 67 72 87 6 37 76 7 14 42 62 70 81 83
18 25 18 22 51 67 72 87 6 31 56 25
76 58 76 30 44 55 58
39 77 39 58 68 34 48 52 77
2 77 2 23 66 77
15 81 15 30 48 52 80 81
65 59 65 51 59
31 82 31 59 64 71 82
9 86 9 62 59 64 86
69 78 69 63 65 51 67 72 87 6 16 35 39 58 68 74 20 56 37 49 41 57 78
19 67 19 43 87 6 37 49 41 57 63 65 30 44 55 67
74 63 74 7 43 44 55 67 72 87 6 31 68 69 63
9 73 9 62 72 87 6 16 35 39 7 14 28 37 51 67 73
23 81 23 49 76 30 48 75 80 81
3 59 3 9 62 59
37 86 37 51 59 64 86
49 79 49 76 7 14 34 79
31 25 31 56 25
40 26 40 25 38 26
1 71 1 39 76 30 34 59 64 71
39 48 39 65 30 34 48
49 72 49 41 76 30 44 55 58 68 69 63 65 51 67 72
20 83 20 56 74 7 14 34 79 83
14 57 14 42 30 44 55 67 72 87 6 37 76 7 57
56 50 56 37 49 76 7 14 28 41 50
8 60 8 28 60
4 43 4 49 69 76 7 43
4 80 4 74 20 39 58 68 34 48 75 80
1 57 1 2 56 74 7 57
8 6 8 40 68 69 63 65 51 67 72 87 6
41 48 41 63 65 51 67 72 87 6 37 48
42 7 42 30 44 55 58 67 72 87 6 16 35 13 74 7
34 75 34 48 75
4 6 4 26 42 62 72 87 6
69 70 69 70
43 44 43 44
35 51 35 13 26 42 30 44 55 58 68 69 63 65 51
25 83 25 38 63 65 51 67 72 87 6 31 56 74 20 39 58 68 34 79 83
16 52 16 87 6 31 34 48 52
11 20 11 68 74 20
4 52 4 30 34 48 52
87 64 87 6 16 29 48 52 64
46 20 46 13 20
6 52 6 31 34 48 52
57 73 57 72 87 6 16 35 13 28 37 51 67 73
18 26 18 30 44 55 58 68 74 7 57 72 87 6 16 35 13 26
49 30 49 41 57 63 65 30
22 7 22 43 87 6 37 76 7
3 48 3 38 63 65 51 67 72 87 6 31 43 44 55 58 68 34 48
65 71 65 51 59 64 71
49 84 49 72 87 6 31 34 79 84
8 37 8 28 6 37
21 29 21 13 68 69 76 7 62 72 87 6 16 29
40 25 40 68 69 76 7 14 28 37 72 87 6 31 56 25
2 61 2 33 61
22 33 22 31 43 44 55 67 72 87 6 16 35 13 20 40 25 33
57 86 57 63 65 51 59 64 86
8 75 8 28 41 63 65 30 34 48 75
41 81 41 70 81
9 44 9 20 40 25 38 65 30 44
15 37 15 30 44 55 58 67 72 87 6 16 35 13 26 28 37
11 86 11 59 64 86
76 30 76 30
39 7 39 65 51 67 72 87 6 37 76 7
31 78 31 43 44 55 58 68 78
39 61 39 58 68 74 7 57 72 87 6 16 35 13 20 56 25 33 61
1 66 1 2 23 66
46 73 46 43 87 6 37 76 7 14 28 68 69 63 65 51 67 73
27 52 27 44 55 67 72 87 6 31 68 34 48 52
76 60 76 30 44 55 67 72 87 6 31 56 37 49 41 50 60
15 75 15 22 51 67 72 87 6 37 49 41 63 65 30 34 48 75
63 71 63 65 30 44 55 58 67 72 87 6 71
69 86 69 76 30 48 52 64 86
22 60 22 43 44 55 67 72 87 6 16 35 13 60
11 77 11 68 34 48 52 77
57 50 57 63 65 30 44 55 67 72 87 6 37 49 69 76 7 14 28 41 50
19 86 19 69 63 65 51 86
8 77 8 9 20 39 65 51 67 72 87 77
21 48 21 13 28 35 39 76 7 14 34 48
42 37 42 51 67 72 87 6 31 56 25 63 65 30 44 55 58 68 69 76 7 14 28 37
56 29 56 37 76 30 44 55 67 72 87 6 16 29
38 52 38 63 65 30 34 48 52
51 29 51 67 72 87 6 16 29
6 75 6 31 34 48 75
35 71 35 59 64 71
65 60 65 30 44 55 67 72 87 6 16 35 13 60
56 41 56 25 40 68 69 63 65 51 67 72 87 6 37 49 41
16 44 16 87 6 31 56 37 76 30 44
11 81 11 68 74 7 14 28 37 51 67 72 87 6 16 35 39 76 30 48 75 80 81
9 48 9 20 40 25 33 49 76 7 62 72 87 6 37 48
72 71 72 87 6 31 56 37 48 52 64 71
37 75 37 48 75
31 64 31 68 69 63 65 51 67 72 87 6 16 29 48 52 64
46 51 46 43 87 6 16 35 13 26 28 37 51
68 55 68 74 7 43 44 55
1 48 1 13 28 87 6 16 35 39 7 43 44 55 58 68 69 76 30 48
87 7 87 6 16 35 39 7
22 25 22 31 56 25
38 75 38 65 30 34 48 75
39 55 39 7 57 72 87 6 31 68 74 20 56 37 49 76 30 44 55
2 80 2 33 49 41 57 63 65 51 67 72 87 6 16 29 48 52 80
16 44 16 35 39 65 30 44
62 67 62 72 87 6 37 51 67
46 7 46 13 26 28 41 57 63 65 30 44 55 58 67 72 87 6 31 56 25 33 49 69 76 7
28 30 28 41 49 69 63 65 30
42 37 42 51 67 72 87 6 37
35 13 35 13
65 89 65 51 59 89
31 52 31 68 34 48 52
65 34 65 30 34
76 60 76 7 57 63 65 51 67 72 87 6 37 49 41 50 60
31 20 31 68 74 20
46 88 46 43 44 79 88
49 64 49 69 63 65 30 34 48 52 64
46 44 46 43 44
46 80 46 43 87 6 31 56 74 20 40 25 63 65 30 34 48 52 80
68 30 68 69 76 30
19 78 19 56 74 20 40 78
23 44 23 37 76 7 57 72 87 6 16 35 39 65 30 44
15 30 15 26 42 7 14 25 63 65 30
51 44 51 67 72 87 6 16 35 13 68 74 7 57 63 65 30 44
85 70 85 25 63 65 51 67 72 87 6 37 49 69 70
8 84 8 28 6 31 43 44 84
49 89 49 59 89
33 52 33 51 67 72 87 6 37 76 7 57 63 65 30 48 52
58 83 58 67 72 87 6 37 48 52 80 81 83
31 20 31 68 74 20
3 55 3 9 62 72 87 6 31 56 37 76 7 14 28 68 69 63 65 30 44 55
1 13 1 49 41 63 65 51 67 72 87 6 37 76 30 44 55 58 68 74 20 56 25 35 13
14 37 14 42 62 72 87 6 37
87 59 87 6 37 76 7 62 59
39 20 39 76 7 57 63 65 30 44 55 58 68 74 20
87 67 87 6 16 35 39 76 30 44 55 67
6 81 6 31 56 37 52 80 81
56 70 56 37 51 67 72 87 6 31 68 69 70
49 81 49 41 76 7 14 34 48 75 80 81
18 52 18 30 48 52
69 58 69 63 65 30 44 55 58
51 84 51 67 72 87 6 16 35 39 76 7 43 44 84
14 78 14 42 7 43 87 6 31 56 74 20 40 68 78
31 58 31 43 44 55 58
62 55 62 72 87 6 31 43 44 55
26 67 26 28 35 13 20 55 58 67
35 43 35 39 7 43
2 77 2 33 62 72 87 77
8 51 8 28 37 76 30 44 55 58 67 72 87 6 31 68 69 63 65 51
18 25 18 20 39 7 14 25
56 75 56 25 38 65 51 67 72 87 6 31 43 44 55 58 68 34 48 75
15 16 15 30 44 55 67 72 87 6 16
8 70 8 9 20 56 74 7 57 63 65 51 67 72 87 6 37 49 41 76 30 44 55 58 68 69 70
33 44 33 51 67 72 87 6 16 35 39 58 68 69 63 65 30 44
21 71 21 13 74 7 62 72 87 6 37 52 71
74 72 74 20 55 58 67 72
1 70 1 13 28 37 49 76 7 14 42 51 67 72 87 6 31 43 44 55 58 68 74 20 56 25 33 62 70
39 60 39 76 30 44 55 67 72 87 6 16 35 13 28 60
74 82 74 20 55 58 67 72 87 6 16 29 48 75 82
74 78 74 20 55 58 68 69 76 7 57 78
2 58 2 56 25 63 65 30 44 55 58
68 29 68 74 7 57 72 87 6 16 29
14 37 14 28 68 69 63 65 51 67 72 87 6 37
46 78 46 43 87 6 16 35 13 28 68 74 20 40 78
18 29 18 76 7 62 72 87 6 16 35 13 29
4 88 4 30 44 55 58 68 74 20 56 25 33 62 72 88
85 52 85 25 35 13 29 48 52
46 30 46 43 44 55 67 72 87 6 31 56 25 35 13 68 74 20 39 76 30
31 81 31 68 69 76 7 62 72 87 6 16 35 13 29 48 52 80 81
15 70 15 22 31 68 69 70
25 61 25 33 61
21 51 21 26 42 51
68 16 68 74 20 40 25 38 26 42 7 14 37 76 30 44 55 67 72 87 6 16
74 75 74 7 43 87 6 31 56 37 76 30 34 48 75
23 52 23 37 76 7 62 72 87 6 31 68 34 48 52
28 59 28 87 6 31 34 59
2 80 2 13 68 69 76 30 48 52 80
56 61 56 25 33 61
19 7 19 62 72 87 6 31 68 74 7
72 80 72 87 6 37 52 80
85 88 85 88
19 70 19 38 63 65 51 67 72 87 6 16 35 39 7 43 44 55 58 68 69 70
87 25 87 6 31 56 25
28 80 28 37 52 80
11 73 11 68 74 20 56 37 72 87 6 31 43 44 55 67 73
22 72 22 43 87 6 31 56 74 7 62 72
65 89 65 30 34 79 84 89
68 58 68 74 20 40 25 63 65 30 44 55 58
85 63 85 25 38 63
21 30 21 13 28 35 39 76 30
18 58 18 76 30 44 55 58
22 29 22 43 44 55 67 72 87 6 16 29
19 44 19 69 63 65 30 44
27 48 27 44 55 58 68 69 76 30 34 48
19 50 19 62 72 87 6 37 76 7 14 28 41 50
35 52 35 39 58 67 72 87 6 31 34 48 52
2 13 2 33 51 67 72 87 6 16 35 13
4 89 4 7 57 63 65 30 44 84 89
15 61 15 22 31 56 25 33 61
63 52 63 65 51 67 72 87 6 16 29 48 52
69 75 69 76 30 48 75
8 63 8 40 68 69 63
8 29 8 62 72 87 6 16 29
4 6 4 23 37 76 30 44 55 58 68 69 63 65 51 67 72 87 6
31 7 31 43 44 55 58 67 72 87 6 16 35 13 20 40 25 38 26 28 37 76 7
76 33 76 7 57 63 65 30 44 55 58 67 72 87 6 16 35 13 74 20 56 25 33
74 57 74 7 57
58 29 58 68 74 20 40 25 35 13 29
76 86 76 30 34 48 52 64 86
14 86 14 42 51 86
11 37 11 68 74 20 56 37
22 37 22 43 87 6 37
65 63 65 30 44 55 67 72 87 6 31 68 69 76 7 57 63
16 73 16 35 39 58 67 73
19 41 19 33 49 41
6 73 6 37 51 67 73
46 80 46 43 52 80
37 50 37 49 41 50
8 67 8 62 72 87 6 37 76 30 44 55 58 67
35 30 35 13 74 7 62 72 87 6 31 68 69 63 65 30
8 30 8 13 20 39 76 30
8 71 8 40 68 34 59 64 71
18 29 18 22 31 68 74 7 62 72 87 6 16 29
68 6 68 74 20 39 65 30 44 55 58 67 72 87 6
85 79 85 25 63 65 30 44 79
46 70 46 43 44 55 58 67 72 87 6 31 56 74 20 39 7 62 70
68 57 68 69 63 65 30 44 55 67 72 87 6 16 35 39 76 7 57
65 30 65 30
72 50 72 87 6 37 49 41 50
28 67 28 68 74 20 56 25 33 62 72 87 6 37 76 30 44 55 67
46 51 46 13 74 20 55 67 72 87 6 31 56 25 38 65 51
15 71 15 30 48 52 64 71
28 43 28 37 51 67 72 87 6 31 43
21 52 21 13 20 55 67 72 87 6 16 29 48 52
49 30 49 69 76 30
26 80 26 28 87 6 31 68 34 48 75 80
4 6 4 23 37 76 30 44 55 58 68 69 63 65 51 67 72 87 6
72 67 72 87 6 16 35 13 28 68 69 76 7 57 63 65 30 44 55 58 67
15 58 15 26 28 37 51 67 72 87 6 31 68 74 20 39 58
19 89 19 56 74 7 62 59 89
65 7 65 51 67 72 87 6 37 76 30 44 55 58 68 74 20 39 7
31 44 31 68 69 63 65 30 44
8 83 8 9 20 39 87 6 31 34 79 83
34 86 34 48 52 64 86
28 44 28 41 63 65 30 44
37 67 37 76 7 62 72 87 6 31 56 25 63 65 51 67
37 73 37 72 87 6 16 35 13 28 68 69 63 65 51 67 73
68 59 68 34 59
38 70 38 63 65 51 67 72 87 6 37 76 7 62 70
85 86 85 25 40 68 74 7 64 86
4 50 4 23 37 72 87 6 16 35 13 28 41 50
31 7 31 43 44 55 58 68 74 7
68 82 68 69 63 65 51 59 64 82
35 83 35 39 65 30 34 79 83
14 81 14 25 35 39 58 68 69 70 81
87 13 87 6 16 35 13
2 9 2 9
7 71 7 62 59 64 71
18 50 18 58 68 69 76 7 62 72 87 6 37 49 41 50
27 81 27 44 55 58 68 34 48 75 80 81
56 30 56 25 63 65 30
74 55 74 20 56 25 40 68 69 76 7 57 63 65 51 67 72 87 6 31 43 44 55
6 86 6 16 86
39 37 39 76 30 44 55 58 68 69 63 65 51 67 72 87 6 37
42 41 42 30 44 55 67 72 87 6 16 35 13 74 7 14 28 41
2 29 2 13 26 28 41 57 63 65 51 67 72 87 6 16 29
23 84 23 49 41 63 65 51 67 72 87 6 16 35 13 20 55 58 68 34 79 84
26 83 26 28 6 16 29 48 52 80 81 83
69 7 69 76 7
15 63 15 22 43 44 55 58 67 72 87 6 37 49 41 76 7 57 63
62 43 62 72 87 6 37 76 7 43
42 80 42 51 80
38 86 38 63 65 30 44 55 58 68 34 59 64 86
6 75 6 31 68 34 48 75
42 13 42 7 62 72 87 6 16 35 13
11 6 11 68 69 63 65 51 67 72 87 6
26 67 26 42 62 72 87 6 31 56 74 20 55 58 67
11 88 11 88
87 86 87 6 37 72 86
28 52 28 37 52
18 29 18 20 40 68 69 63 65 51 67 72 87 6 16 29
39 26 39 7 14 28 35 13 26
76 6 76 30 44 55 67 72 87 6
74 81 74 7 57 63 65 51 67 72 87 6 16 35 39 58 68 34 48 52 80 81
46 81 46 43 87 6 31 68 34 48 52 80 81
14 72 14 37 76 7 62 72
18 64 18 76 7 62 59 64
2 59 2 9 62 72 87 6 37 51 59
68 78 68 74 20 40 78
11 50 11 63 65 51 67 72 87 6 16 35 13 68 69 76 7 14 28 41 50
19 81 19 38 65 30 44 55 67 72 87 6 37 52 80 81
87 16 87 6 16
40 41 40 25 33 49 41
35 60 35 13 60
14 63 14 42 30 44 55 67 72 87 6 16 35 39 58 68 69 63
56 81 56 74 7 62 72 87 6 31 43 52 80 81
8 63 8 40 25 63
31 70 31 68 69 63 65 51 67 72 87 6 37 49 41 70
51 55 51 67 72 87 6 16 35 13 26 42 30 44 55
76 55 76 30 44 55
8 75 8 13 29 48 75
68 83 68 74 20 40 70 81 83
87 52 87 6 31 56 25 38 65 30 34 48 52
46 78 46 13 68 78
3 88 3 37 49 41 63 65 30 48 75 88
37 86 37 52 64 86
11 67 11 63 65 30 44 55 67
3 33 3 38 63 65 51 67 72 87 6 16 35 13 68 74 20 40 25 33
15 58 15 30 44 55 58
18 78 18 20 40 78
4 44 4 26 28 6 31 43 44
6 79 6 31 68 34 79
22 88 22 34 79 88
41 83 41 76 30 44 79 83
33 84 33 62 72 87 6 16 35 39 7 57 63 65 30 44 84
1 48 1 13 29 48
43 29 43 44 55 58 67 72 87 6 16 29
31 81 31 34 48 75 80 81
8 86 8 28 68 69 76 30 44 55 67 72 86
39 7 39 7
11 61 11 63 65 51 67 72 87 6 37 49 69 76 7 14 25 33 61
9 79 9 20 56 25 62 72 87 6 31 34 79
56 64 56 64
30 48 30 48
30 29 30 44 55 67 72 87 6 16 29
15 30 15 30
51 48 51 67 72 87 6 31 56 25 35 39 58 68 74 7 14 28 37 48
40 57 40 68 69 76 7 57
68 67 68 74 7 62 72 87 6 31 43 44 55 67
11 67 11 68 69 76 30 44 55 58 67
65 89 65 30 48 52 77 89
26 71 26 42 51 59 64 71
39 6 39 87 6
49 81 49 76 7 57 63 65 30 48 75 80 81
49 48 49 76 7 14 42 51 67 72 87 6 37 48
51 79 51 67 72 87 6 31 56 37 49 69 76 30 34 79
4 64 4 30 44 55 58 68 69 63 65 51 67 72 87 6 16 29 48 52 64
74 86 74 7 43 52 64 86
74 59 74 20 40 68 34 59
46 7 46 13 68 74 20 39 76 7
49 86 49 76 30 34 59 64 86
74 89 74 20 55 58 68 34 79 84 89
85 16 85 25 35 13 20 56 74 7 57 72 87 6 16
42 59 42 62 72 87 6 37 59
28 63 28 37 49 41 63
87 88 87 6 31 43 44 55 67 72 88
37 79 37 72 87 6 31 34 79
18 82 18 58 68 74 20 39 76 30 44 55 67 72 87 6 31 59 64 71 82
23 80 23 49 41 76 7 62 72 87 6 16 35 39 65 51 80
13 50 13 74 20 56 25 33 49 41 50
3 16 3 27 44 55 67 72 87 6 16
49 88 49 76 30 34 48 75 88
41 80 41 63 65 51 67 72 87 6 16 35 39 58 68 34 48 52 80
74 73 74 20 56 37 49 41 63 65 30 44 55 58 67 73
21 6 21 9 62 72 87 6
14 30 14 37 72 87 6 31 43 44 55 58 68 69 63 65 30
26 86 26 42 30 34 86
8 86 8 9 20 55 58 68 34 48 52 64 86
18 16 18 76 7 57 63 65 30 44 55 58 68 74 20 56 37 72 87 6 16
38 63 38 63
68 26 68 74 20 55 58 67 72 87 6 16 35 13 26
35 41 35 39 65 51 67 72 87 6 37 49 41
76 6 76 7 43 87 6
3 89 3 37 51 59 89
35 6 35 13 26 42 7 43 87 6
76 57 76 7 57
63 84 63 65 51 67 72 87 6 31 68 69 76 30 44 84
42 57 42 62 72 87 6 16 35 39 7 57
37 81 37 76 30 34 48 75 80 81
26 84 26 42 51 67 72 87 6 16 35 13 84
62 33 62 72 87 6 31 68 74 20 40 25 33
31 51 31 43 87 6 37 51
23 55 23 49 41 76 7 57 63 65 30 44 55
8 72 8 9 62 72
56 55 56 74 20 55
8 75 8 40 25 35 13 74 20 56 37 49 69 76 7 57 72 87 6 16 29 48 75
25 52 25 38 63 65 30 48 52
58 48 58 68 34 48
4 75 4 30 44 55 58 68 69 76 7 57 72 87 6 37 48 75
69 78 69 76 30 44 55 67 72 87 6 16 35 13 20 39 58 68 78
23 52 23 37 51 67 72 87 6 31 56 25 63 65 30 48 52
49 86 49 76 7 62 72 87 6 16 86
76 55 76 7 14 28 35 13 20 56 25 38 26 42 30 44 55
11 37 11 63 65 30 44 55 58 67 72 87 6 37
76 80 76 7 57 72 87 6 16 29 48 52 80
14 60 14 42 62 72 87 6 37 49 41 50 60
38 71 38 63 65 51 59 64 71
22 75 22 43 44 55 58 68 74 7 14 42 30 48 75
18 89 18 58 68 69 63 65 51 59 89
40 41 40 68 69 76 30 44 55 58 67 72 87 6 16 35 13 28 41
72 44 72 87 6 37 49 69 76 30 44
20 50 20 56 37 49 41 50
87 6 87 6
87 13 87 6 16 35 13
46 13 46 13
68 41 68 69 76 30 44 55 58 67 72 87 6 16 35 13 28 41
46 29 46 13 29
19 72 19 62 72
11 64 11 68 34 48 52 64
22 55 22 43 44 55
38 83 38 26 42 62 70 81 83
31 61 31 56 25 33 61
49 33 49 72 87 6 16 35 13 74 20 40 25 33
49 41 49 41
51 73 51 67 73
28 89 28 37 49 59 89
46 57 46 43 44 55 67 72 87 6 31 68 74 7 57
46 89 46 43 52 77 89
21 43 21 26 42 30 44 55 58 67 72 87 6 16 35 39 76 7 43
46 29 46 43 87 6 16 29
18 7 18 76 7
74 83 74 20 40 68 69 76 7 43 52 80 81 83
40 20 40 68 74 20
1 66 1 2 23 66
21 52 21 58 67 72 87 6 16 29 48 52
28 64 28 35 39 58 68 69 76 30 34 48 52 64
4 82 4 82
40 57 40 25 33 49 41 57
18 82 18 76 30 34 59 64 71 82
69 43 69 76 7 43
19 33 19 33
25 71 25 33 62 59 64 71
14 37 14 37
4 80 4 49 76 7 57 72 87 6 31 34 48 75 80
49 70 49 41 70
35 20 35 13 74 20
30 75 30 48 75
2 23 2 23
40 82 40 68 69 76 30 44 55 58 67 82
68 67 68 69 76 30 44 55 67
4 16 4 23 37 49 69 63 65 30 44 55 67 72 87 6 16
62 57 62 72 87 6 16 35 39 76 7 57
87 86 87 6 16 29 48 52 64 86
51 67 51 67
87 13 87 6 16 35 13
35 63 35 13 26 42 30 44 55 67 72 87 6 31 68 69 63
65 75 65 51 67 72 87 6 31 43 44 55 58 68 74 20 56 37 76 30 48 75
56 63 56 25 62 72 87 6 31 43 44 55 58 68 69 63
1 83 1 37 49 69 70 81 83
3 71 3 64 71
11 73 11 68 74 20 73
69 16 69 76 30 44 55 58 67 72 87 6 16
49 41 49 41
34 48 34 48
68 37 68 69 63 65 51 67 72 87 6 37
38 78 38 26 42 30 44 55 67 72 87 6 37 49 69 76 7 57 78
8 52 8 62 72 87 6 16 29 48 52
2 71 2 23 49 59 64 71
62 52 62 72 87 6 31 43 52
63 84 63 65 51 67 72 87 6 31 34 79 84
1 32 1 2 23 32
76 63 76 7 57 72 87 6 37 49 69 63
42 67 42 7 62 72 87 6 31 56 25 33 49 76 30 44 55 67
38 55 38 63 65 30 44 55
3 75 3 37 48 75
2 58 2 13 20 56 25 40 68 69 76 7 57 63 65 30 44 55 67 72 87 6 16 35 39 58
65 30 65 30
46 60 46 13 60
74 20 74 20
2 71 2 13 29 48 52 71
68 81 68 34 48 52 80 81
76 60 76 7 43 44 55 58 68 74 20 56 37 51 67 72 87 6 16 35 13 60
40 59 40 68 34 59
38 37 38 65 30 44 55 67 72 87 6 37
39 55 39 87 6 37 76 30 44 55
7 55 7 62 72 87 6 16 35 39 58 68 69 76 30 44 55
6 55 6 31 43 44 55
56 29 56 74 7 14 37 76 30 44 55 58 67 72 87 6 16 29
11 59 11 59
8 50 8 41 50
68 57 68 69 76 30 44 55 67 72 87 6 31 56 37 49 41 57
87 70 87 6 31 56 74 7 62 70
74 75 74 20 39 76 30 48 75
4 77 4 74 7 43 87 6 31 34 48 52 77
37 29 37 49 69 76 7 57 63 65 51 67 72 87 6 16 29
19 84 19 33 51 67 72 87 6 31 34 79 84
56 13 56 74 20 40 68 69 63 65 30 44 55 58 67 72 87 6 16 35 13
39 16 39 65 51 67 72 87 6 16
31 72 31 43 44 55 58 67 72
27 80 27 44 55 67 72 87 6 16 29 48 52 80
4 57 4 7 57
56 50 56 37 49 41 50
21 29 21 9 62 72 87 6 16 29
72 86 72 87 6 86
2 59 2 56 74 20 55 67 72 87 6 31 34 59
62 7 62 72 87 6 16 35 39 76 7
40 86 40 25 38 65 30 44 55 67 72 87 6 31 68 34 59 64 86
22 82 22 43 44 55 58 67 72 87 6 37 76 7 14 28 41 70 82
30 86 30 34 48 52 64 86
43 80 43 52 80
42 48 42 30 34 48
31 51 31 43 44 55 67 72 87 6 37 76 7 14 42 51
14 41 14 37 49 41
9 52 9 62 72 87 6 16 29 48 52
69 37 69 63 65 30 44 55 58 68 74 7 57 72 87 6 37
42 75 42 62 72 87 6 37 48 75
15 83 15 30 34 79 83
38 81 38 26 28 87 6 31 43 44 55 58 68 34 48 52 80 81
18 48 18 30 48
41 61 41 76 7 43 87 6 16 35 39 65 30 44 55 58 68 74 20 40 25 33 61
18 34 18 22 34
68 71 68 34 48 52 64 71
65 64 65 30 48 52 64
85 44 85 25 35 39 65 30 44
28 59 28 37 59
56 89 56 37 76 30 48 52 77 89
26 79 26 42 7 62 72 87 6 31 34 79
62 33 62 72 87 6 31 56 25 33
4 64 4 30 34 48 52 64
31 61 31 43 87 6 16 35 39 76 30 44 55 58 68 74 7 14 25 33 61
14 58 14 42 62 72 87 6 16 35 13 74 20 40 68 69 63 65 30 44 55 58
14 70 14 25 40 70
4 41 4 30 44 55 67 72 87 6 16 35 13 26 28 41
18 7 18 76 7
76 84 76 30 34 79 84
28 43 28 87 6 31 43
87 63 87 6 16 35 13 68 74 7 57 63
63 86 63 65 30 44 55 67 72 86
35 52 35 13 68 34 48 52
21 57 21 9 20 39 7 57
14 88 14 34 79 88
20 79 20 40 25 35 39 76 30 34 79
22 80 22 43 44 55 67 72 87 6 16 35 13 29 48 75 80
6 29 6 16 29
74 6 74 7 57 63 65 30 44 55 67 72 87 6
8 84 8 28 37 51 67 72 87 6 31 34 79 84
15 80 15 22 43 52 80
15 55 15 22 31 68 69 76 7 43 44 55
42 81 42 7 43 44 55 58 68 34 48 75 80 81
21 48 21 9 62 72 87 6 31 34 48
28 34 28 37 49 41 57 63 65 30 34
2 41 2 33 49 41
40 58 40 68 74 20 39 58
62 67 62 72 87 6 31 68 74 7 57 63 65 30 44 55 58 67
49 25 49 41 57 63 65 51 67 72 87 6 16 35 13 20 40 25
69 13 69 76 7 43 87 6 16 35 13
22 41 22 51 67 72 87 6 16 35 39 76 7 14 28 41
39 83 39 7 57 72 87 6 37 76 30 48 52 80 81 83
43 48 43 87 6 31 34 48
35 71 35 39 7 62 72 87 6 71
33 67 33 51 67
40 58 40 68 74 20 56 37 72 87 6 31 43 44 55 58
14 30 14 42 30
18 48 18 76 30 48
25 81 25 35 39 65 30 48 75 80 81
41 29 41 57 63 65 51 67 72 87 6 16 29
76 77 76 30 34 48 52 77
28 70 28 35 13 74 7 14 37 76 30 44 55 58 67 72 87 6 31 68 69 70
20 80 20 55 58 68 74 7 62 72 87 6 16 35 13 28 41 49 76 30 34 48 75 80
19 52 19 69 63 65 51 67 72 87 6 37 48 52
2 26 2 9 20 39 87 6 16 35 13 26
58 84 58 67 72 87 6 31 34 79 84
2 59 2 13 68 34 59
7 44 7 43 44
85 26 85 25 38 26
76 58 76 7 14 42 51 67 72 87 6 31 56 74 20 40 68 69 63 65 30 44 55 58
49 52 49 76 30 34 48 52
6 80 6 37 52 80
87 37 87 6 37
49 48 49 41 63 65 51 67 72 87 6 37 48
18 75 18 58 68 34 48 75
1 81 1 13 29 48 52 80 81
62 6 62 72 87 6
49 70 49 41 70
14 88 14 42 51 67 72 87 6 88
2 50 2 23 37 49 41 50
74 61 74 20 40 25 33 61
51 67 51 67
51 67 51 67
40 48 40 68 34 48
33 67 33 51 67
16 81 16 87 6 37 52 80 81
18 84 18 22 51 67 72 87 6 37 49 69 63 65 30 44 79 84
9 83 9 62 70 81 83
62 26 62 72 87 6 16 35 13 26
2 26 2 13 26
25 71 25 33 62 59 64 71
49 81 49 69 70 81
43 67 43 44 55 67
7 81 7 43 52 80 81
13 84 13 26 42 7 14 37 51 67 72 87 6 31 68 74 20 39 65 30 34 79 84
22 75 22 51 67 72 87 6 16 29 48 75
9 84 9 62 72 87 6 31 68 34 79 84
39 13 39 87 6 16 35 13
76 58 76 30 44 55 58
37 29 37 76 7 57 72 87 6 16 29
56 16 56 74 7 14 37 72 87 6 16
8 88 8 62 72 88
51 83 51 67 72 87 6 37 48 75 80 81 83
19 81 19 33 62 72 87 6 16 29 48 75 80 81
1 34 1 37 49 76 30 44 55 67 72 87 6 31 34
31 79 31 56 25 38 65 51 67 72 87 6 37 76 30 44 79
46 57 46 43 44 55 58 68 69 76 7 57
19 71 19 64 71
4 82 4 74 7 64 71 82
42 89 42 51 67 72 87 6 16 29 48 52 77 89
18 26 18 30 44 55 58 68 69 76 7 14 42 51 67 72 87 6 16 35 13 26
1 72 1 7 43 44 55 67 72
38 80 38 26 28 35 13 29 48 75 80
8 59 8 62 59
11 7 11 68 74 7
18 57 18 58 68 74 7 57
69 60 69 76 30 44 55 67 72 87 6 37 49 41 50 60
4 29 4 30 44 55 58 68 69 63 65 51 67 72 87 6 16 29
2 30 2 33 51 67 72 87 6 37 76 7 57 63 65 30
20 55 20 39 7 62 72 87 6 16 35 13 28 41 63 65 30 44 55
20 73 20 56 74 7 14 42 62 72 87 6 31 43 44 55 58 67 73
87 13 87 6 16 35 13
39 75 39 7 62 72 87 6 16 35 13 68 69 76 30 34 48 75
31 52 31 68 69 63 65 30 48 52
34 84 34 79 84
42 59 42 7 57 72 87 6 31 59
19 20 19 56 37 72 87 6 31 68 74 20
74 34 74 7 43 87 6 16 35 39 65 30 34
40 80 40 25 63 65 51 67 72 87 6 31 34 48 75 80
46 71 46 13 74 20 39 58 68 34 59 64 71
4 71 4 49 72 87 6 31 34 48 52 64 71
87 70 87 6 16 35 13 74 7 14 25 40 70
65 86 65 51 86
56 30 56 74 20 39 76 30
68 88 68 34 79 88
7 44 7 14 28 41 76 30 44
1 64 1 51 59 64
19 73 19 56 74 7 14 37 49 76 30 44 55 58 68 69 63 65 51 67 73
76 26 76 30 44 55 58 67 72 87 6 16 35 13 26
49 55 49 41 63 65 30 44 55
3 25 3 37 72 87 6 31 43 44 55 58 68 69 76 7 14 25
42 59 42 51 67 72 87 6 37 59
43 83 43 44 55 67 72 87 6 37 52 80 81 83
4 55 4 23 37 51 67 72 87 6 16 35 13 26 28 68 74 20 56 25 38 63 65 30 44 55
8 16 8 13 74 20 40 68 69 76 7 62 72 87 6 16
85 79 85 25 40 68 34 79
1 25 1 13 20 56 25
72 44 72 87 6 37 76 7 14 28 68 69 63 65 30 44
49 6 49 69 63 65 51 67 72 87 6
72 67 72 87 6 16 35 13 26 28 37 49 41 76 30 44 55 67
56 7 56 37 49 76 7
46 79 46 43 44 79
85 34 85 25 33 49 41 57 72 87 6 31 68 34
41 48 41 57 63 65 30 34 48
21 57 21 26 42 30 44 55 58 68 69 63 65 51 67 72 87 6 16 35 39 76 7 57
3 29 3 33 49 72 87 6 16 29
39 6 39 76 30 44 55 67 72 87 6
4 55 4 30 44 55
13 50 13 74 7 14 25 35 39 65 30 44 55 58 67 72 87 6 37 49 41 50
19 58 19 38 26 28 37 51 67 72 87 6 31 43 44 55 58
19 6 19 69 76 30 44 55 58 68 74 20 56 37 51 67 72 87 6
38 67 38 26 28 6 37 49 41 63 65 51 67
14 20 14 28 68 74 20
27 44 27 44
27 83 27 44 79 83
68 86 68 34 48 52 64 86
21 59 21 42 7 62 59
74 71 74 7 14 25 62 59 64 71
4 89 4 74 7 57 72 87 77 89
41 48 41 49 69 76 7 57 63 65 51 67 72 87 6 16 35 13 20 40 68 34 48
20 71 20 40 25 35 59 64 71
42 6 42 51 67 72 87 6
20 84 20 55 67 72 87 6 31 43 44 84
4 83 4 7 43 52 80 81 83
69 20 69 76 30 44 55 67 72 87 6 16 35 13 28 68 74 20
3 30 3 33 49 69 63 65 51 67 72 87 6 31 43 44 55 58 68 74 20 39 7 14 25 38 26 28 37 76 30
85 61 85 25 33 61
11 34 11 68 69 76 30 34
42 29 42 7 62 72 87 6 16 29
20 52 20 40 25 35 13 29 48 52
41 73 41 49 72 87 6 37 76 7 43 44 55 58 68 69 63 65 51 67 73
76 33 76 7 14 28 68 69 63 65 30 44 55 58 67 72 87 6 31 56 25 33
28 88 28 87 6 37 51 67 72 88
74 86 74 20 39 58 68 34 86
56 72 56 74 20 39 7 14 25 62 72
7 44 7 57 72 87 6 37 76 30 44
76 20 76 7 43 87 6 31 56 74 20
3 72 3 38 63 65 51 67 72
19 77 19 56 74 20 39 58 67 72 87 6 16 35 77
41 75 41 57 72 87 6 31 34 48 75
27 75 27 44 55 58 68 34 48 75
16 83 16 87 6 31 56 74 7 62 70 81 83
40 79 40 68 69 76 30 44 55 67 72 87 6 31 34 79
4 89 4 30 34 48 52 77 89
14 50 14 28 41 50
4 63 4 30 44 55 58 68 69 76 7 57 72 87 6 37 49 41 63
62 83 62 70 81 83
35 7 35 39 7
65 79 65 30 44 79
8 86 8 64 86
38 75 38 26 42 7 14 25 40 68 69 76 30 34 48 75
27 29 27 44 55 67 72 87 6 16 29
1 51 1 2 33 51
65 89 65 51 67 72 87 6 16 35 13 26 28 77 89
21 48 21 9 20 56 25 38 63 65 30 44 55 67 72 87 6 31 34 48
42 37 42 62 72 87 6 37
31 73 31 43 44 55 58 67 73
56 52 56 74 20 55 67 72 87 6 37 49 69 63 65 30 34 48 52
15 41 15 26 28 41
21 44 21 42 7 43 44
46 64 46 13 26 42 51 59 64
31 63 31 68 69 63
21 29 21 13 68 69 63 65 51 67 72 87 6 16 29
40 59 40 68 34 59
62 70 62 70
87 89 87 77 89
25 50 25 38 26 28 37 49 41 50
87 72 87 6 31 68 74 20 56 37 51 67 72
6 81 6 37 48 75 80 81
26 50 26 28 41 50
1 89 1 34 79 84 89
87 84 87 6 31 34 79 84
57 50 57 63 65 30 44 55 67 72 87 6 16 35 39 76 7 14 37 49 41 50
42 59 42 62 72 87 6 37 59
87 73 87 6 37 49 41 63 65 30 44 55 67 73
13 75 13 74 20 56 25 62 72 87 6 31 34 48 75
69 6 69 63 65 30 44 55 67 72 87 6
16 29 16 29
39 20 39 87 6 31 56 74 20
62 83 62 70 81 83
85 82 85 25 35 59 64 82
19 75 19 33 62 72 87 6 16 35 13 26 28 68 34 48 75
39 52 39 58 68 74 20 56 25 35 13 26 28 41 63 65 30 48 52
40 78 40 68 78
40 86 40 68 69 63 65 30 34 59 64 86
2 83 2 13 26 42 62 70 81 83
1 70 1 37 76 30 44 55 67 72 87 6 31 68 69 70
15 84 15 22 34 79 84
28 72 28 37 51 67 72
25 44 25 63 65 30 44
22 81 22 31 34 48 52 80 81
56 51 56 37 76 30 44 55 58 68 69 63 65 51
63 83 63 65 30 34 79 83
15 83 15 30 44 55 58 68 69 76 7 62 72 87 6 37 49 41 70 81 83
76 58 76 7 14 37 49 41 63 65 51 67 72 87 6 31 43 44 55 58
40 37 40 25 38 65 30 44 55 58 67 72 87 6 31 68 74 20 56 37
43 81 43 44 55 67 72 87 6 16 29 48 52 80 81
6 73 6 31 56 25 40 68 74 7 57 63 65 30 44 55 58 67 73
8 80 8 41 63 65 51 80
30 61 30 44 55 58 68 69 63 65 51 67 72 87 6 31 56 25 33 61
68 13 68 69 76 7 57 63 65 30 44 55 67 72 87 6 16 35 13
85 44 85 25 35 13 26 42 51 67 72 87 6 31 43 44
56 79 56 25 79
11 55 11 68 69 76 30 44 55
37 50 37 49 41 50
35 71 35 13 28 6 16 29 48 52 71
13 81 13 74 20 40 70 81
4 88 4 26 42 30 44 79 88
49 82 49 72 87 6 16 29 48 75 82
15 26 15 26
40 48 40 25 33 51 67 72 87 6 16 35 13 26 28 37 48
63 71 63 65 30 34 48 52 71
74 30 74 7 62 72 87 6 37 76 30
63 75 63 65 30 34 48 75
19 88 19 69 63 65 51 67 72 88
57 67 57 63 65 51 67
23 83 23 49 41 63 65 51 67 72 87 6 16 29 48 52 80 81 83
18 82 18 20 55 58 67 82
9 44 9 20 40 68 69 76 30 44
35 70 35 13 20 40 25 63 65 30 44 55 58 68 69 70
42 25 42 51 67 72 87 6 37 49 69 76 7 43 44 55 58 68 74 20 56 25
68 61 68 69 76 7 57 63 65 30 44 55 67 72 87 6 16 35 13 74 20 56 25 33 61
8 33 8 40 25 33
87 67 87 6 37 51 67
22 58 22 51 67 72 87 6 31 68 69 63 65 30 44 55 58
40 6 40 68 74 20 39 58 67 72 87 6
21 71 21 26 28 41 49 59 64 71
21 71 21 13 29 48 52 71
27 50 27 44 55 58 68 69 63 65 51 67 72 87 6 31 56 74 20 40 25 35 13 28 37 49 41 50
68 20 68 74 20
49 55 49 69 63 65 51 67 72 87 6 37 76 7 43 44 55
6 44 6 31 43 44
11 44 11 63 65 51 67 72 87 6 16 35 39 76 7 43 44
46 48 46 13 28 6 16 29 48
9 29 9 62 72 87 6 16 29
39 86 39 76 7 43 44 55 67 72 87 6 37 49 59 64 86
46 75 46 13 26 28 37 49 69 63 65 30 34 48 75
38 73 38 26 28 68 74 7 43 87 6 16 35 13 20 55 67 73
11 30 11 63 65 30
85 64 85 25 38 63 65 30 48 52 64
49 81 49 69 76 30 34 48 52 80 81
65 86 65 30 44 55 67 72 87 6 31 56 64 86
62 64 62 72 87 6 31 43 44 55 58 68 69 63 65 30 48 52 64
87 89 87 6 77 89
31 20 31 43 87 6 37 76 7 14 28 35 39 58 68 74 20
27 55 27 44 55
21 20 21 9 20
23 52 23 49 69 63 65 51 67 72 87 6 16 35 39 7 14 28 41 76 30 48 52
14 44 14 28 87 6 31 43 44
68 30 68 74 20 40 25 38 63 65 30
49 51 49 76 7 43 44 55 67 72 87 6 31 56 37 51
35 72 35 13 68 69 63 65 30 44 55 58 67 72
3 44 3 37 72 87 6 31 56 74 7 43 44
76 64 76 30 48 52 64
62 89 62 72 87 77 89
20 48 20 39 7 43 87 6 37 76 30 34 48
8 20 8 13 68 74 20
16 52 16 29 48 52
46 67 46 13 28 87 6 16 35 39 76 7 14 42 51 67
76 13 76 30 44 55 67 72 87 6 16 35 13
42 51 42 62 72 87 6 31 68 74 20 40 25 38 26 28 41 57 63 65 51
41 44 41 49 69 63 65 51 67 72 87 6 16 35 39 76 30 44
15 30 15 30
4 13 4 74 7 57 63 65 30 44 55 67 72 87 6 16 35 13
22 52 22 31 68 74 7 62 72 87 6 37 49 76 30 34 48 52
39 86 39 76 30 34 48 52 64 86
62 20 62 72 87 6 16 35 13 20
23 55 23 37 72 87 6 31 43 44 55
68 71 68 69 76 7 14 25 35 39 58 67 72 87 6 31 34 48 52 64 71
31 29 31 56 37 76 7 57 63 65 30 44 55 58 67 72 87 6 16 29
19 34 19 33 49 41 63 65 51 67 72 87 6 31 43 44 55 58 68 34
11 55 11 63 65 30 44 55
2 51 2 33 62 72 87 6 16 35 13 20 40 25 38 26 28 41 63 65 51
37 67 37 51 67
42 81 42 30 48 75 80 81
38 29 38 63 65 51 67 72 87 6 16 35 13 29
22 57 22 31 56 37 72 87 6 16 35 13 74 20 39 76 7 57
23 71 23 49 72 87 6 71
22 41 22 31 56 37 49 41
87 82 87 6 37 48 52 64 71 82
3 20 3 9 20
39 55 39 87 6 16 35 13 28 37 76 30 44 55
19 61 19 33 61
46 80 46 13 29 48 52 80
41 52 41 63 65 30 48 52
76 6 76 30 44 55 67 72 87 6
6 84 6 31 34 79 84
42 13 42 7 14 37 49 41 76 30 44 55 58 68 69 63 65 51 67 72 87 6 16 35 13
19 63 19 38 63
18 80 18 30 48 75 80
14 80 14 42 51 80
22 44 22 31 56 37 49 41 76 30 44
22 43 22 43
15 78 15 22 51 67 72 87 6 16 35 39 65 30 44 55 58 68 78
35 48 35 13 26 28 41 63 65 30 44 55 58 68 69 76 7 62 72 87 6 31 34 48
42 63 42 51 67 72 87 6 37 49 76 30 44 55 58 68 69 63
56 60 56 74 20 39 58 67 72 87 6 16 35 13 26 28 37 49 41 50 60
72 44 72 87 6 37 76 30 44
76 51 76 7 43 87 6 37 51
22 83 22 43 52 80 81 83
72 71 72 87 6 31 34 48 52 71
68 60 68 69 63 65 51 67 72 87 6 37 49 41 50 60
62 55 62 72 87 6 37 76 7 57 63 65 30 44 55
63 44 63 65 30 44
68 84 68 74 7 57 63 65 30 34 79 84
19 57 19 38 26 42 7 57
11 43 11 68 69 76 7 14 37 49 72 87 6 31 43
62 75 62 72 87 6 16 29 48 75
21 50 21 42 30 44 55 58 68 69 76 7 62 72 87 6 31 56 37 49 41 50
56 73 56 74 20 39 58 67 73
85 79 85 25 79
25 29 25 40 68 69 76 7 43 87 6 16 29
62 55 62 72 87 6 31 43 44 55
74 55 74 20 40 25 33 62 72 87 6 31 43 44 55
35 13 35 13
63 75 63 65 51 67 72 87 6 16 29 48 75
68 75 68 74 20 40 25 33 51 67 72 87 6 37 48 75
8 71 8 9 20 56 64 71
56 20 56 37 76 30 44 55 67 72 87 6 16 35 13 20
72 48 72 87 6 16 29 48
6 67 6 37 51 67
18 70 18 20 39 76 7 62 70
22 29 22 31 68 74 20 39 76 7 43 87 6 16 29
41 79 41 76 30 44 79
1 64 1 13 26 28 41 76 7 43 87 6 16 35 59 64
74 41 74 7 62 72 87 6 37 49 41
87 70 87 6 31 68 69 70
76 48 76 30 34 48
11 82 11 63 65 51 59 64 71 82
9 61 9 20 40 25 33 61
37 79 37 51 67 72 87 6 31 43 44 79
18 80 18 76 7 43 52 80
46 7 46 43 87 6 16 35 13 74 7
33 86 33 49 59 64 86
31 6 31 56 74 7 57 72 87 6
28 79 28 35 13 68 74 7 62 72 87 6 31 34 79
72 73 72 87 6 37 49 41 63 65 51 67 73
3 52 3 38 26 42 30 34 48 52
1 23 1 2 23
4 70 4 70
21 72 21 42 30 44 55 58 67 72
22 55 22 51 67 72 87 6 31 68 74 7 43 44 55
13 50 13 74 7 43 44 55 58 67 72 87 6 37 49 41 50
35 13 35 13
35 34 35 13 74 20 40 25 38 63 65 30 34
35 55 35 39 65 30 44 55
46 81 46 13 74 20 56 25 38 63 65 51 67 72 87 6 31 34 48 52 80 81
4 82 4 82
63 83 63 65 30 34 48 75 80 81 83
33 83 33 62 72 87 6 31 56 25 79 83
43 71 43 52 64 71
56 64 56 64
18 48 18 30 48
2 59 2 9 62 72 87 6 37 59
22 48 22 34 48
69 20 69 63 65 51 67 72 87 6 16 35 13 20
49 29 49 72 87 6 16 29
62 67 62 72 87 6 16 35 13 74 20 39 65 30 44 55 67
3 7 3 30 44 55 58 68 74 7
56 16 56 37 51 67 72 87 6 16
39 52 39 7 43 87 6 16 29 48 52
49 75 49 41 76 30 34 48 75
3 13 3 38 63 65 51 67 72 87 6 16 35 13
2 88 2 23 49 69 63 65 30 34 48 88
2 48 2 9 20 56 25 35 13 28 87 6 16 29 48
22 78 22 31 68 78
6 29 6 16 29
31 25 31 56 25
51 83 51 67 72 87 6 16 29 48 75 80 81 83
18 26 18 76 7 62 72 87 6 31 56 74 20 40 25 38 26
1 34 1 7 62 72 87 6 31 56 74 20 55 58 68 69 76 30 34
35 30 35 13 20 55 58 68 74 7 14 37 49 69 63 65 30
46 52 46 13 68 34 48 52
18 6 18 20 40 25 63 65 30 44 55 67 72 87 6
4 32 4 23 32
38 81 38 63 65 30 48 75 80 81
62 44 62 72 87 6 37 76 30 44
87 79 87 6 31 34 79
43 29 43 44 55 67 72 87 6 16 29
19 83 19 62 72 87 6 37 51 80 81 83
1 75 1 7 14 42 62 72 87 6 31 56 25 35 39 76 30 34 48 75
87 83 87 6 16 29 48 52 80 81 83
72 84 72 87 6 37 76 30 44 84
28 77 28 87 77
31 37 31 56 25 40 68 69 63 65 51 67 72 87 6 37
76 57 76 7 14 28 37 49 41 57
76 60 76 30 44 55 67 72 87 6 16 35 13 60
28 81 28 35 13 29 48 52 80 81
26 50 26 28 41 50
4 72 4 49 41 76 7 14 42 30 44 55 58 67 72
87 82 87 6 31 59 64 82
35 78 35 13 28 68 74 20 40 78
87 34 87 6 37 49 41 63 65 30 34
87 73 87 6 37 49 69 63 65 51 67 73
14 33 14 25 33
87 44 87 6 16 35 39 58 68 69 63 65 30 44
7 48 7 14 42 51 67 72 87 6 37 76 30 48
41 67 41 76 7 43 44 55 67
3 20 3 9 20
42 29 42 62 72 87 6 16 29
87 43 87 6 16 35 39 58 68 74 7 43
63 75 63 65 30 34 48 75
39 57 39 76 30 44 55 67 72 87 6 37 49 41 57
31 84 31 34 79 84
2 61 2 13 28 41 49 69 63 65 30 44 55 58 68 74 20 56 25 33 61
56 52 56 37 52
2 84 2 56 25 33 62 72 87 6 31 43 44 84
42 71 42 7 62 72 87 6 37 52 64 71
37 80 37 52 80
46 30 46 43 44 55 58 68 74 7 62 72 87 6 16 35 39 76 30
68 86 68 69 63 65 30 44 55 67 72 86
39 75 39 7 14 28 6 37 76 30 48 75
51 44 51 67 72 87 6 16 35 39 76 30 44
46 81 46 43 52 80 81
42 73 42 62 72 87 6 37 51 67 73
56 60 56 74 20 40 68 69 76 7 57 63 65 30 44 55 58 67 72 87 6 16 35 13 60
42 20 42 62 72 87 6 31 68 74 20
27 52 27 44 55 58 67 72 87 6 16 29 48 52
2 33 2 33
21 71 21 9 71
38 6 38 26 28 6
62 64 62 72 87 6 31 34 59 64
35 67 35 39 65 51 67
4 26 4 26
18 25 18 22 31 56 25
7 67 7 43 44 55 58 67
8 57 8 13 20 40 68 69 76 7 57
3 26 3 27 44 55 67 72 87 6 16 35 13 26
39 81 39 76 7 14 42 51 80 81
21 60 21 13 60
65 48 65 30 48
23 52 23 49 41 57 63 65 51 67 72 87 6 31 34 48 52
14 64 14 42 62 59 64
42 58 42 30 44 55 58
38 6 38 63 65 51 67 72 87 6
85 57 85 25 40 68 69 63 65 30 44 55 58 67 72 87 6 37 49 41 57
34 71 34 59 64 71
13 48 13 74 20 40 25 35 39 65 51 67 72 87 6 16 29 48
58 67 58 67
37 86 37 48 52 64 86
14 55 14 25 38 65 30 44 55
58 86 58 67 72 86
62 88 62 72 88
11 81 11 63 65 51 67 72 87 6 31 68 74 7 14 37 48 75 80 81
87 55 87 6 37 76 30 44 55
8 51 8 62 72 87 6 37 51
7 80 7 14 37 76 30 34 48 52 80
46 82 46 13 28 37 72 87 6 31 56 82
40 55 40 25 33 62 72 87 6 16 35 39 76 7 57 63 65 30 44 55
69 63 69 63
7 84 7 43 44 84
33 84 33 62 72 87 6 37 49 76 7 43 44 84
62 86 62 59 64 86
65 71 65 30 34 48 52 71
14 75 14 37 51 67 72 87 6 31 34 48 75
69 51 69 76 7 62 72 87 6 31 56 37 49 41 63 65 51
42 43 42 7 43
2 84 2 56 25 62 72 87 6 31 34 79 84
74 80 74 7 14 28 6 31 34 48 52 80
18 20 18 76 30 44 55 67 72 87 6 16 35 13 20
31 70 31 68 69 76 7 57 63 65 30 44 55 58 67 72 87 6 37 49 41 70
1 60 1 7 14 28 87 6 16 35 13 60
14 34 14 28 87 6 16 35 13 20 56 37 76 7 43 44 55 58 68 34
31 13 31 68 74 20 55 67 72 87 6 16 35 13
30 75 30 48 75
85 57 85 25 40 68 74 7 62 72 87 6 37 49 41 57
22 51 22 51
46 82 46 43 52 71 82
19 86 19 38 63 65 51 86
14 82 14 28 68 74 7 57 72 87 6 71 82
62 59 62 72 87 6 31 59
2 52 2 9 20 39 65 30 48 52
18 73 18 58 67 73
74 30 74 7 62 72 87 6 37 76 30
19 55 19 33 49 69 76 7 43 87 6 16 35 13 26 42 30 44 55
8 52 8 41 57 63 65 51 67 72 87 6 16 29 48 52
69 51 69 63 65 51
19 64 19 33 51 59 64
4 61 4 26 42 51 67 72 87 6 31 56 25 33 61
87 59 87 6 31 34 59
35 52 35 13 26 28 41 49 72 87 6 31 43 52
7 61 7 57 63 65 30 44 55 58 68 74 20 40 25 33 61
68 59 68 74 20 39 87 6 37 59
74 25 74 20 40 25
3 59 3 27 44 55 58 68 34 59
4 57 4 23 49 41 57
4 33 4 7 43 87 6 31 56 25 33
87 58 87 6 31 43 44 55 58
19 78 19 69 76 7 57 78
28 25 28 35 13 68 74 20 56 25
2 73 2 33 51 67 73
35 55 35 39 65 51 67 72 87 6 31 68 69 76 30 44 55
63 61 63 65 30 44 55 67 72 87 6 31 56 37 49 69 76 7 14 25 33 61
35 37 35 13 74 20 55 67 72 87 6 31 56 37
63 44 63 65 30 44
42 64 42 30 34 59 64
65 44 65 51 67 72 87 6 16 35 13 28 37 76 30 44
28 70 28 35 13 74 7 62 70
21 79 21 13 68 74 7 43 44 55 58 67 72 87 6 16 35 39 76 30 34 79
25 81 25 38 65 30 48 75 80 81
15 44 15 22 51 67 72 87 6 31 43 44
63 29 63 65 51 67 72 87 6 16 29
46 16 46 43 87 6 16
65 79 65 30 44 55 58 68 34 79
87 33 87 6 16 35 13 20 40 25 33
21 63 21 26 28 35 39 7 57 63
74 89 74 7 62 59 89
65 57 65 51 67 72 87 6 16 35 39 58 68 69 76 7 57
76 29 76 30 44 55 58 67 72 87 6 16 29
33 44 33 51 67 72 87 6 37 49 76 30 44
2 33 2 33
42 30 42 30
11 79 11 68 69 63 65 51 67 72 87 6 37 76 7 43 44 79
31 73 31 68 69 63 65 30 44 55 58 67 73
28 79 28 68 34 79
28 83 28 35 13 68 34 48 75 80 81 83
42 16 42 30 44 55 67 72 87 6 16
72 81 72 87 6 31 56 74 20 55 58 68 69 76 30 34 48 75 80 81
26 79 26 28 6 31 34 79
8 9 8 9
35 48 35 39 58 67 72 87 6 16 29 48
38 25 38 26 42 51 67 72 87 6 16 35 39 7 57 63 65 30 44 55 58 68 74 20 40 25
74 61 74 7 57 72 87 6 31 56 25 33 61
40 7 40 68 69 76 30 44 55 58 67 72 87 6 16 35 39 7
65 63 65 51 67 72 87 6 37 49 41 57 63
18 7 18 20 56 25 40 68 69 63 65 30 44 55 58 67 72 87 6 37 49 76 7
69 41 69 63 65 51 67 72 87 6 37 49 41
2 50 2 13 68 69 76 30 44 55 67 72 87 6 37 49 41 50
8 55 8 41 57 63 65 51 67 72 87 6 37 76 30 44 55
8 33 8 13 68 74 20 56 25 33
69 43 69 76 7 43
27 86 27 44 55 58 68 69 76 7 43 52 64 86
25 29 25 62 72 87 6 16 29
13 52 13 26 42 30 48 52
19 41 19 33 49 41
74 30 74 20 56 37 76 7 62 72 87 6 31 68 69 63 65 30
21 88 21 9 62 72 88
28 7 28 35 13 26 42 7
56 70 56 25 40 68 69 70
8 67 8 9 20 40 68 74 7 62 72 87 6 31 43 44 55 58 67
85 6 85 25 62 72 87 6
18 89 18 20 40 68 34 79 84 89
68 71 68 74 7 43 52 71
65 73 65 51 67 72 87 6 31 43 44 55 58 68 74 20 73
39 13 39 58 67 72 87 6 16 35 13
2 72 2 23 49 69 76 7 62 72
16 48 16 35 39 87 6 31 34 48
14 30 14 42 30
72 86 72 86
69 89 69 63 65 51 67 72 87 6 16 29 48 52 77 89
2 25 2 23 49 41 76 7 14 37 51 67 72 87 6 31 43 44 55 58 68 74 20 56 25
14 41 14 37 51 67 72 87 6 16 35 13 28 41
87 67 87 6 37 76 7 43 44 55 58 67
43 73 43 44 55 58 67 73
46 6 46 13 20 56 74 7 43 44 55 58 68 69 63 65 51 67 72 87 6
35 63 35 39 76 30 44 55 58 67 72 87 6 37 49 69 63
25 67 25 33 51 67
19 30 19 69 76 30
42 48 42 51 67 72 87 6 31 43 44 55 58 68 34 48
25 71 25 40 68 74 20 56 37 48 52 71
69 30 69 63 65 30
42 44 42 30 44
20 71 20 55 58 67 72 87 6 37 52 71
3 57 3 30 44 55 67 72 87 6 37 76 7 57
35 55 35 39 7 14 25 38 26 42 51 67 72 87 6 31 68 69 63 65 30 44 55
1 23 1 2 23
1 83 1 51 80 81 83
51 73 51 67 73
31 37 31 43 44 55 67 72 87 6 37
39 81 39 58 68 34 48 75 80 81
18 79 18 20 39 65 51 67 72 87 6 37 49 41 76 30 34 79
38 20 38 63 65 30 44 55 67 72 87 6 31 56 37 76 7 14 28 68 74 20
21 7 21 42 7
87 63 87 6 31 68 69 63
18 30 18 58 67 72 87 6 37 76 30
31 51 31 68 69 76 7 57 72 87 6 16 35 39 65 51
19 82 19 33 62 72 87 6 71 82
40 44 40 25 63 65 30 44
1 84 1 39 76 30 34 79 84
39 26 39 7 62 72 87 6 16 35 13 26
40 55 40 25 33 62 72 87 6 31 43 44 55
22 83 22 51 80 81 83
22 43 22 43
26 71 26 42 62 59 64 71
28 83 28 87 6 31 68 34 48 75 80 81 83
13 86 13 74 7 14 25 40 68 69 76 30 48 52 64 86
62 67 62 72 87 6 37 49 69 63 65 30 44 55 58 67
87 80 87 6 31 68 34 48 75 80
72 83 72 87 6 16 35 13 68 74 20 56 25 63 65 30 48 75 80 81 83
49 6 49 72 87 6
19 33 19 43 44 55 58 68 74 7 14 42 51 67 72 87 6 31 56 25 33
76 13 76 30 44 55 67 72 87 6 16 35 13
6 80 6 16 29 48 75 80
40 43 40 68 69 76 7 43
2 50 2 56 25 35 39 58 67 72 87 6 31 68 69 76 7 14 37 49 41 50
42 13 42 30 44 55 67 72 87 6 16 35 13
11 16 11 68 74 20 55 67 72 87 6 16
16 48 16 35 13 20 39 58 68 69 63 65 30 44 55 67 72 87 6 31 34 48
42 60 42 51 67 72 87 6 16 35 13 28 60
76 50 76 7 57 63 65 51 67 72 87 6 37 49 41 50
40 88 40 25 35 13 68 34 48 88
15 86 15 22 51 59 64 86
21 57 21 13 20 55 58 68 74 7 14 28 41 57
72 55 72 87 6 31 68 74 7 43 44 55
28 86 28 35 13 20 55 67 72 87 6 37 52 64 86
28 43 28 6 31 43
30 75 30 34 48 75
76 80 76 7 57 63 65 30 48 52 80
8 29 8 13 74 20 56 37 51 67 72 87 6 16 29
85 89 85 25 40 68 74 20 55 67 72 87 6 37 52 77 89
87 44 87 6 16 35 13 68 74 20 39 7 43 44
2 30 2 56 25 63 65 30
49 37 49 41 57 72 87 6 37
87 41 87 6 16 35 13 28 41
46 84 46 13 26 42 7 14 34 79 84
2 75 2 13 29 48 75
62 13 62 72 87 6 16 35 13
58 73 58 68 74 7 14 42 51 67 72 87 6 31 56 25 38 26 73
2 60 2 23 49 76 7 57 63 65 30 44 55 67 72 87 6 16 35 13 28 41 50 60
14 79 14 42 7 57 63 65 51 67 72 87 6 16 35 13 68 69 76 30 44 79
1 16 1 49 72 87 6 16
2 25 2 23 49 72 87 6 37 76 30 44 55 58 68 74 20 40 25
42 33 42 51 67 72 87 6 16 35 39 7 57 63 65 30 44 55 58 68 74 20 40 25 33
19 26 19 56 25 38 26
38 73 38 26 28 37 49 41 76 30 44 55 58 68 69 63 65 51 67 73
15 80 15 30 34 48 75 80
7 29 7 14 25 40 68 74 20 55 67 72 87 6 16 29
28 26 28 37 51 67 72 87 6 16 35 13 26
65 20 65 51 67 72 87 6 31 43 44 55 58 68 74 20
35 29 35 39 65 30 44 55 58 67 72 87 6 16 29
19 80 19 62 72 87 6 16 29 48 75 80
13 52 13 68 34 48 52
39 51 39 58 68 69 76 7 57 72 87 6 37 51
74 30 74 7 62 72 87 6 16 35 39 76 30
46 75 46 43 87 6 16 29 48 75
49 13 49 72 87 6 16 35 13
27 44 27 44
56 63 56 25 38 65 30 44 55 58 68 69 63
65 64 65 30 34 48 52 64
8 63 8 13 68 69 63
19 57 19 38 26 42 62 72 87 6 37 49 41 57
38 79 38 63 65 30 44 79
69 52 69 63 65 51 67 72 87 6 31 43 52
34 79 34 79
8 7 8 62 72 87 6 31 68 74 7
16 52 16 87 6 31 56 37 49 41 57 63 65 30 34 48 52
39 64 39 87 6 31 56 74 20 40 25 63 65 30 34 48 52 64
14 37 14 28 41 57 72 87 6 37
1 48 1 7 14 37 51 67 72 87 6 31 34 48
26 48 26 42 51 67 72 87 6 16 35 39 58 68 34 48
19 55 19 38 63 65 30 44 55
41 29 41 57 63 65 30 44 55 67 72 87 6 16 29
37 67 37 72 87 6 16 35 39 58 67
62 34 62 72 87 6 31 68 69 76 7 57 63 65 30 34
1 75 1 34 48 75
15 63 15 30 44 55 67 72 87 6 16 35 39 76 7 14 37 49 41 57 63
4 44 4 7 43 44
14 48 14 25 63 65 30 44 55 58 68 34 48
43 79 43 44 55 58 68 69 63 65 30 34 79
18 29 18 76 30 44 55 58 68 74 20 40 25 33 51 67 72 87 6 16 29
18 44 18 30 44
72 71 72 87 6 37 59 64 71
2 82 2 33 62 70 82
42 52 42 51 67 72 87 6 31 56 74 20 40 25 63 65 30 48 52
76 29 76 7 62 72 87 6 16 29
38 88 38 26 42 7 62 72 87 6 88
39 83 39 87 6 16 29 48 75 80 81 83
13 44 13 26 42 30 44
8 70 8 13 74 20 40 70
18 64 18 76 7 14 34 59 64
74 30 74 7 14 28 6 16 35 13 68 69 76 30
38 30 38 65 30
2 25 2 56 37 72 87 6 16 35 39 58 68 74 20 40 25
72 73 72 87 6 16 35 39 7 43 44 55 67 73
87 63 87 6 16 35 39 7 57 63
76 82 76 30 44 55 67 72 87 6 37 48 52 71 82
31 13 31 68 74 7 14 37 49 76 30 44 55 58 67 72 87 6 16 35 13
87 55 87 6 31 43 44 55
38 79 38 65 30 34 79
6 44 6 37 49 76 30 44
40 30 40 68 74 20 56 37 49 76 30
22 57 22 51 67 72 87 6 31 56 37 76 30 44 55 58 68 74 20 39 7 57
14 16 14 28 35 39 65 51 67 72 87 6 16
87 34 87 6 31 34
65 43 65 51 67 72 87 6 31 43
9 86 9 62 59 64 86
15 60 15 30 44 55 58 68 74 20 56 37 72 87 6 16 35 13 26 28 60
18 58 18 30 44 55 58
87 75 87 6 37 48 75
27 55 27 44 55
41 52 41 57 72 87 6 31 43 52
27 75 27 44 55 67 72 87 6 16 29 48 75
58 71 58 67 72 87 6 37 48 52 71
31 77 31 56 74 20 55 67 72 87 77
35 29 35 39 76 30 44 55 58 68 69 63 65 51 67 72 87 6 16 29
58 75 58 68 34 48 75
42 51 42 51
22 55 22 31 56 25 33 62 72 87 6 37 76 30 44 55
8 64 8 13 20 39 76 30 44 55 58 68 74 7 62 59 64
35 78 35 13 26 42 7 57 78
1 83 1 13 68 74 7 57 63 65 30 48 52 80 81 83
46 30 46 43 87 6 31 56 37 76 30
35 57 35 39 87 6 37 76 7 57
69 52 69 76 30 34 48 52
39 78 39 76 30 44 55 58 67 72 87 6 31 68 78
39 30 39 7 57 63 65 30
46 72 46 13 26 28 6 37 76 30 44 55 58 68 69 63 65 51 67 72
18 89 18 20 40 25 63 65 30 48 52 77 89
31 52 31 34 48 52
1 81 1 34 48 52 80 81
19 75 19 33 51 67 72 87 6 37 48 75
18 52 18 58 68 34 48 52
56 67 56 37 51 67
87 83 87 6 31 43 44 79 83
42 20 42 7 43 87 6 16 35 39 76 30 44 55 58 68 74 20
2 89 2 77 89
30 52 30 34 48 52
8 25 8 28 37 76 30 44 55 58 67 72 87 6 16 35 13 68 74 20 40 25
40 80 40 25 62 72 87 6 16 29 48 52 80
46 41 46 43 44 55 67 72 87 6 37 49 41
69 41 69 63 65 51 67 72 87 6 37 49 41
11 89 11 63 65 30 44 84 89
4 20 4 74 20
2 59 2 33 62 59
8 6 8 28 68 74 7 62 72 87 6
25 50 25 35 13 68 69 76 7 57 63 65 51 67 72 87 6 37 49 41 50
38 55 38 65 30 44 55
39 20 39 7 62 72 87 6 16 35 13 20
4 71 4 26 28 37 76 30 48 52 71
26 80 26 28 37 52 80
33 75 33 49 72 87 6 16 29 48 75
22 75 22 51 67 72 87 6 31 34 48 75
20 44 20 40 68 69 63 65 30 44
65 6 65 51 67 72 87 6
72 71 72 87 6 31 43 52 71
19 88 19 43 44 79 88
31 20 31 68 74 20
23 84 23 37 76 30 44 79 84
39 37 39 65 51 67 72 87 6 31 68 69 76 7 14 37
39 78 39 7 62 72 87 6 16 35 13 28 37 49 69 76 30 44 55 58 68 78
4 16 4 74 7 14 25 40 68 69 63 65 30 44 55 67 72 87 6 16
58 83 58 67 72 87 6 16 29 48 75 80 81 83
62 81 62 70 81
40 41 40 68 74 7 14 37 49 41
68 25 68 74 20 40 25
16 80 16 87 6 37 51 80
87 89 87 77 89
87 59 87 6 16 35 59
25 80 25 35 13 20 39 7 14 42 30 48 52 80
63 44 63 65 51 67 72 87 6 31 43 44
11 41 11 68 74 7 57 72 87 6 16 35 13 28 41
11 51 11 68 69 63 65 51
46 82 46 43 52 71 82
14 77 14 28 6 37 48 52 77
68 80 68 34 48 52 80
85 13 85 25 62 72 87 6 16 35 13
76 16 76 30 44 55 67 72 87 6 16
4 20 4 74 20
18 60 18 30 44 55 58 67 72 87 6 16 35 13 28 60
3 41 3 38 26 42 7 14 28 41
11 33 11 63 65 51 67 72 87 6 16 35 13 68 69 76 7 14 25 33
3 78 3 33 78
76 86 76 30 44 55 58 68 69 63 65 51 59 64 86
35 82 35 13 28 87 6 71 82
31 70 31 56 25 40 70
6 81 6 31 34 48 75 80 81
40 37 40 68 69 76 7 57 72 87 6 37
19 16 19 56 74 7 43 87 6 16
68 80 68 69 63 65 30 34 48 75 80
76 79 76 30 34 79
68 13 68 69 76 30 44 55 67 72 87 6 16 35 13
7 29 7 57 72 87 6 16 29
16 80 16 35 39 58 68 74 7 43 44 55 67 72 87 6 37 49 76 30 48 52 80
14 16 14 28 37 49 69 76 30 44 55 58 67 72 87 6 16
57 73 57 72 87 6 37 51 67 73
85 34 85 25 40 68 69 76 30 34
16 50 16 35 13 26 28 41 50
21 6 21 13 74 7 43 87 6
38 71 38 65 51 59 64 71
49 88 49 76 7 43 87 6 16 35 13 28 37 48 75 88
43 48 43 44 55 67 72 87 6 16 35 39 76 30 34 48
74 64 74 7 62 59 64
11 78 11 63 65 30 44 55 67 72 87 6 16 35 39 58 68 74 7 57 78
68 83 68 34 48 52 80 81 83
76 50 76 30 44 55 58 68 69 63 65 51 67 72 87 6 37 49 41 50
49 57 49 41 57
56 16 56 74 20 55 67 72 87 6 16
4 66 4 23 66
6 84 6 31 68 34 79 84
49 73 49 76 30 44 55 58 68 74 20 56 25 63 65 51 67 73
3 52 3 33 62 72 87 6 16 35 39 76 30 34 48 52
26 84 26 28 87 6 16 35 13 84
87 72 87 6 16 35 13 28 37 51 67 72
1 71 1 51 67 72 87 6 16 35 39 7 62 59 64 71
3 60 3 9 62 72 87 6 16 35 13 60
4 57 4 49 72 87 6 31 68 74 7 57
11 26 11 68 69 63 65 51 67 72 87 6 16 35 13 20 40 25 38 26
72 50 72 87 6 37 49 41 50
49 79 49 69 63 65 30 34 79
65 80 65 30 34 48 52 80
42 71 42 51 59 64 71
27 81 27 44 55 58 67 72 87 6 31 43 52 80 81
1 23 1 2 23
58 73 58 68 74 7 57 72 87 6 37 76 30 44 55 67 73
64 86 64 86
2 44 2 56 74 7 43 44
64 71 64 71
22 79 22 31 68 34 79
14 63 14 37 72 87 6 31 68 74 7 57 63
3 64 3 33 51 67 72 87 6 16 29 48 52 64
14 61 14 28 37 72 87 6 31 56 25 33 61
11 58 11 68 69 76 30 44 55 58
21 88 21 13 26 28 6 16 29 48 75 88
1 57 1 51 67 72 87 6 16 35 13 68 74 20 39 7 57
27 71 27 44 55 58 67 72 87 6 37 48 52 71
28 83 28 37 76 30 34 48 52 80 81 83
39 30 39 58 67 72 87 6 37 49 41 76 30
69 41 69 63 65 51 67 72 87 6 37 76 7 14 28 68 74 20 40 25 33 49 41
31 50 31 68 69 63 65 30 44 55 67 72 87 6 37 49 41 50
56 6 56 74 7 57 63 65 51 67 72 87 6
27 84 27 44 84
62 72 62 72
42 88 42 62 72 88
49 67 49 72 87 6 31 43 44 55 67
31 83 31 68 34 79 83
11 26 11 63 65 51 67 72 87 6 16 35 39 7 14 28 41 49 69 76 30 44 55 58 68 74 20 56 25 38 26
49 75 49 41 57 63 65 51 67 72 87 6 16 29 48 75
38 75 38 63 65 51 67 72 87 6 31 56 37 49 69 76 30 34 48 75
31 34 31 56 74 20 40 68 69 76 30 34
16 86 16 35 13 26 42 51 67 72 86
20 83 20 56 74 7 14 34 48 52 80 81 83
4 51 4 26 28 37 51
9 48 9 62 72 87 6 16 29 48
4 79 4 23 49 69 63 65 30 34 79
39 84 39 76 7 57 72 87 6 37 49 69 63 65 30 44 55 84
15 20 15 26 42 7 57 63 65 30 44 55 67 72 87 6 16 35 13 20
38 25 38 26 42 30 44 55 58 68 69 63 65 51 67 72 87 6 16 35 13 20 40 25
57 80 57 63 65 30 34 48 52 80
1 63 1 2 33 62 72 87 6 16 35 13 28 41 63
87 83 87 6 16 29 48 75 80 81 83
42 34 42 7 14 34
15 34 15 22 31 68 74 7 62 72 87 6 16 35 13 26 28 41 49 69 76 30 34
46 73 46 13 68 74 7 57 72 87 6 31 56 37 49 76 30 44 55 58 67 73
3 37 3 9 20 39 7 14 37
69 88 69 63 65 51 67 72 88
49 59 49 59
41 29 41 63 65 30 44 55 58 68 74 7 57 72 87 6 16 29
14 82 14 37 72 87 6 31 56 74 20 55 58 68 69 63 65 51 67 82
31 16 31 43 44 55 58 67 72 87 6 16
74 67 74 20 39 58 67
87 84 87 6 37 49 76 7 14 28 41 57 63 65 30 34 79 84
9 71 9 20 56 37 48 52 64 71
49 52 49 76 7 43 44 55 67 72 87 6 31 56 74 20 40 68 34 48 52
38 64 38 26 28 37 48 52 64
39 7 39 7
68 71 68 34 59 64 71
41 52 41 63 65 51 67 72 87 6 31 43 52
2 88 2 23 49 69 76 7 14 28 37 48 75 88
9 80 9 62 72 87 6 37 48 75 80
22 78 22 31 43 44 55 58 68 74 20 39 87 6 16 35 13 28 41 57 78
2 34 2 9 62 72 87 6 31 34
6 79 6 31 34 79
28 20 28 68 74 20
15 34 15 30 34
35 33 35 39 58 68 74 20 40 25 33
49 41 49 41
38 78 38 65 51 67 72 87 6 16 35 13 28 37 76 7 14 42 30 44 55 58 68 78
62 6 62 72 87 6
49 52 49 72 87 6 37 52
3 64 3 30 34 59 64
31 41 31 56 37 49 76 7 43 44 55 58 68 74 20 40 25 33 51 67 72 87 6 16 35 13 28 41
1 34 1 37 49 76 7 14 34
42 83 42 62 70 81 83
65 34 65 30 34
1 60 1 2 23 49 41 50 60
85 89 85 89
63 55 63 65 30 44 55
21 44 21 13 68 69 63 65 30 44
87 60 87 6 16 35 13 28 60
56 51 56 37 76 7 43 44 55 67 72 87 6 31 68 74 20 40 25 35 13 26 28 41 63 65 51
30 29 30 44 55 67 72 87 6 16 29
8 7 8 62 72 87 6 31 43 44 55 58 68 74 7
46 64 46 13 26 28 37 52 64
62 86 62 72 86
21 72 21 13 28 68 74 7 57 63 65 30 44 55 58 67 72
20 67 20 40 68 69 63 65 30 44 55 67
28 41 28 41
46 20 46 43 44 55 67 72 87 6 16 35 13 74 20
18 51 18 22 51
1 13 1 13
41 83 41 63 65 51 67 72 87 6 16 29 48 52 80 81 83
21 86 21 42 62 59 64 86
35 61 35 39 65 30 44 55 58 67 72 87 6 31 56 25 33 61
72 81 72 87 6 16 35 39 65 30 48 52 80 81
35 82 35 59 64 82
15 13 15 22 43 87 6 16 35 13
38 75 38 63 65 30 34 48 75
34 71 34 59 64 71
42 70 42 7 14 25 62 70
11 34 11 68 34
87 58 87 6 16 35 39 58
8 78 8 9 62 72 87 6 37 49 76 7 14 28 68 74 20 40 78
4 48 4 7 62 72 87 6 16 35 39 58 68 74 20 40 25 38 63 65 30 48
1 77 1 51 67 72 87 6 31 43 44 55 58 77
9 83 9 62 72 87 6 31 34 48 52 80 81 83
40 80 40 25 38 26 42 62 72 87 6 37 48 52 80
16 48 16 29 48
39 30 39 65 30
25 61 25 33 61
18 55 18 58 68 74 7 14 37 51 67 72 87 6 16 35 13 28 41 49 69 76 30 44 55
69 80 69 76 30 44 55 58 68 34 48 75 80
11 20 11 63 65 30 44 55 67 72 87 6 16 35 13 20
18 61 18 30 44 55 67 72 87 6 16 35 39 58 68 74 20 40 25 33 61
21 80 21 42 62 72 87 6 37 48 52 80
58 48 58 68 74 7 14 34 48
28 88 28 6 88
33 48 33 51 67 72 87 6 16 29 48
8 58 8 28 6 31 56 74 20 39 58
1 66 1 2 23 66
3 55 3 27 44 55
1 50 1 13 68 74 20 40 25 63 65 51 67 72 87 6 37 49 41 50
2 6 2 9 20 55 67 72 87 6
69 73 69 76 30 44 55 67 73
42 70 42 7 57 63 65 30 44 55 58 68 69 70
85 34 85 25 62 72 87 6 37 49 76 7 14 42 30 34
22 41 22 31 68 74 7 14 37 51 67 72 87 6 16 35 13 28 41
74 72 74 7 57 72
65 34 65 51 67 72 87 6 37 49 41 76 30 34
3 6 3 27 44 55 67 72 87 6
2 72 2 23 37 49 69 76 7 57 63 65 30 44 55 67 72
18 73 18 22 51 67 73
69 33 69 76 7 14 25 33
4 70 4 70
72 67 72 87 6 31 56 37 51 67
4 82 4 49 59 64 82
18 72 18 76 30 44 55 67 72
40 70 40 25 63 65 51 67 72 87 6 16 35 13 26 42 7 43 44 55 58 68 69 70
56 60 56 25 38 26 42 7 62 72 87 6 16 35 13 60
28 37 28 87 6 37
58 73 58 67 73
87 55 87 6 37 76 7 57 63 65 30 44 55
25 50 25 63 65 51 67 72 87 6 16 35 13 28 41 50
3 81 3 38 63 65 51 67 72 87 6 16 29 48 75 80 81
39 77 39 58 67 72 87 77
15 57 15 26 42 30 44 55 58 68 69 63 65 51 67 72 87 6 31 56 37 76 7 57
35 75 35 13 68 74 20 55 67 72 87 6 31 34 48 75
16 48 16 29 48
11 7 11 63 65 30 44 55 58 67 72 87 6 31 56 74 7
21 83 21 26 28 68 34 48 75 80 81 83
42 84 42 30 34 79 84
87 25 87 6 16 35 13 74 20 56 25
16 71 16 87 6 37 76 7 64 71
49 41 49 69 63 65 30 44 55 58 68 74 20 39 87 6 16 35 13 28 41
11 52 11 63 65 30 48 52
28 41 28 41
2 64 2 56 64
37 48 37 48
35 83 35 39 65 30 48 52 80 81 83
87 88 87 6 16 35 39 76 30 48 88
87 51 87 6 37 51
38 55 38 63 65 30 44 55
74 64 74 20 40 68 69 63 65 51 67 72 87 6 31 56 64
2 86 2 9 20 56 37 52 64 86
69 34 69 76 30 34
62 52 62 72 87 6 16 29 48 52
56 16 56 25 40 68 69 63 65 30 44 55 67 72 87 6 16
28 26 28 35 13 26
74 51 74 7 62 72 87 6 37 51
42 6 42 7 43 87 6
68 60 68 74 20 39 58 67 72 87 6 16 35 13 28 60
42 64 42 51 67 72 87 6 37 49 59 64
16 86 16 87 6 31 56 25 33 51 59 64 86
33 84 33 49 76 7 43 44 55 84
57 83 57 63 65 51 80 81 83
4 84 4 49 41 63 65 51 67 72 87 6 16 35 13 84
42 67 42 51 67
39 6 39 87 6
15 29 15 30 44 55 58 68 74 7 43 87 6 16 29
1 20 1 7 43 44 55 67 72 87 6 16 35 13 68 74 20
65 81 65 30 34 48 52 80 81
87 52 87 6 37 76 30 48 52
46 52 46 13 20 55 67 72 87 6 16 29 48 52
38 78 38 63 65 51 67 72 87 6 37 76 30 44 55 58 68 74 7 57 78
35 29 35 13 29
35 88 35 13 26 88
13 73 13 20 56 74 7 14 42 51 67 73
62 88 62 72 88
46 7 46 43 44 55 67 72 87 6 16 35 13 74 7
63 55 63 65 30 44 55
85 83 85 25 33 51 80 81 83
43 67 43 87 6 37 51 67
15 16 15 22 43 44 55 67 72 87 6 16
7 50 7 62 72 87 6 16 35 13 28 41 50
65 63 65 51 67 72 87 6 31 68 69 63
35 75 35 39 58 68 69 76 30 44 55 67 72 87 6 37 48 75
68 26 68 74 20 56 37 76 30 44 55 58 67 72 87 6 16 35 13 26
30 52 30 34 48 52
39 67 39 87 6 31 68 69 76 7 57 63 65 51 67
22 44 22 43 44
49 50 49 41 50
30 50 30 44 55 58 68 74 20 39 76 7 14 42 62 72 87 6 16 35 13 26 28 41 50
35 79 35 13 68 69 63 65 51 67 72 87 6 37 76 30 34 79
46 16 46 13 20 40 25 63 65 51 67 72 87 6 16
38 16 38 26 42 30 44 55 67 72 87 6 16
4 70 4 74 7 14 42 62 70
62 82 62 72 87 6 37 49 59 64 71 82
62 72 62 72
6 83 6 37 76 30 34 48 75 80 81 83
76 29 76 7 57 63 65 30 44 55 67 72 87 6 16 29
85 20 85 25 35 13 20
87 71 87 6 31 59 64 71
68 70 68 69 76 7 62 70
74 89 74 20 39 7 14 42 62 72 87 77 89
15 67 15 30 44 55 67
18 26 18 22 51 67 72 87 6 16 35 13 26
87 51 87 6 37 51
85 6 85 25 35 39 65 30 44 55 67 72 87 6
1 29 1 2 23 49 72 87 6 16 29
40 60 40 68 74 7 14 37 72 87 6 16 35 13 28 41 50 60
74 72 74 7 14 42 30 44 55 58 67 72
19 25 19 56 37 72 87 6 16 35 39 7 14 25
11 75 11 63 65 30 48 75
85 82 85 25 35 59 64 71 82
21 57 21 58 68 74 7 57
39 70 39 7 62 70
56 73 56 25 40 68 74 7 14 28 37 76 30 44 55 58 67 73
76 60 76 7 57 63 65 51 67 72 87 6 37 49 41 50 60
68 37 68 74 7 14 37
33 52 33 49 41 57 63 65 30 48 52
14 52 14 25 33 49 41 57 72 87 6 37 76 7 43 52
28 86 28 68 69 63 65 30 48 52 64 86
69 88 69 63 65 30 34 79 88
65 67 65 30 44 55 58 67
20 55 20 40 68 69 76 30 44 55
57 44 57 72 87 6 37 76 30 44
85 52 85 25 63 65 51 67 72 87 6 31 56 37 48 52
31 83 31 68 74 7 62 72 87 6 16 29 48 75 80 81 83
42 50 42 62 72 87 6 37 49 41 50
68 57 68 74 7 57
37 81 37 72 87 6 31 68 74 7 43 52 80 81
18 51 18 76 7 14 37 72 87 6 16 35 39 65 51
38 13 38 65 30 44 55 67 72 87 6 16 35 13
85 34 85 25 38 26 28 68 69 63 65 30 34
9 75 9 20 40 25 63 65 51 67 72 87 6 16 35 39 58 68 34 48 75
11 59 11 63 65 30 44 55 58 67 72 87 6 37 59
85 44 85 25 38 63 65 30 44
11 51 11 68 74 7 14 37 51
40 58 40 25 33 62 72 87 6 31 68 69 76 7 43 44 55 58
1 13 1 13
8 57 8 9 20 56 25 62 72 87 6 37 49 41 57
62 60 62 72 87 6 16 35 13 60
16 80 16 29 48 52 80
56 55 56 25 62 72 87 6 31 43 44 55
11 84 11 68 74 7 14 28 37 76 30 34 79 84
3 88 3 9 62 72 87 6 31 43 44 79 88
21 73 21 13 68 74 7 43 87 6 37 51 67 73
1 70 1 51 67 72 87 6 37 76 7 14 42 62 70
14 57 14 37 76 7 57
38 26 38 26
14 88 14 25 33 49 72 87 6 37 76 7 57 63 65 30 34 79 88
2 7 2 23 49 41 76 30 44 55 58 68 74 7
37 73 37 49 72 87 6 16 35 39 7 43 44 55 67 73
19 37 19 62 72 87 6 31 56 74 7 14 37
16 71 16 29 48 52 71
8 9 8 9
4 59 4 7 14 59
63 52 63 65 51 67 72 87 6 37 52
46 72 46 43 44 55 67 72
14 78 14 25 40 68 69 63 65 51 67 72 87 6 16 35 39 7 57 78
46 43 46 43
13 55 13 68 69 76 7 57 72 87 6 31 43 44 55
6 75 6 16 29 48 75
15 88 15 22 43 87 6 88
38 51 38 63 65 51
21 34 21 13 68 34
38 67 38 26 42 51 67
20 79 20 40 68 34 79
16 71 16 87 6 31 34 48 52 71
49 48 49 69 63 65 51 67 72 87 6 16 29 48
26 48 26 28 35 13 74 20 55 67 72 87 6 31 56 37 48
15 78 15 22 31 56 74 20 55 58 68 69 63 65 51 67 72 87 6 16 35 13 28 37 49 41 57 78
62 79 62 72 87 6 16 35 39 7 57 63 65 30 34 79
46 20 46 43 44 55 58 68 74 20
3 61 3 33 61
9 71 9 62 59 64 71
18 58 18 76 7 62 72 87 6 31 43 44 55 58
56 72 56 74 20 39 87 6 37 72
15 55 15 22 43 87 6 37 76 7 57 63 65 30 44 55
22 13 22 51 67 72 87 6 16 35 13
46 16 46 13 26 28 35 39 7 43 44 55 58 67 72 87 6 16
18 52 18 20 40 68 74 7 14 34 48 52
76 30 76 30
56 89 56 37 72 87 6 77 89
4 86 4 23 49 76 7 43 87 6 16 29 48 52 64 86
14 51 14 42 30 44 55 67 72 87 6 31 68 69 76 7 57 63 65 51
39 61 39 87 6 37 49 41 57 63 65 30 44 55 58 68 74 20 56 25 33 61
68 60 68 69 63 65 30 44 55 58 67 72 87 6 16 35 13 60
41 55 41 49 69 76 30 44 55
70 81 70 81
43 48 43 87 6 31 68 69 76 7 14 28 37 49 41 57 63 65 30 48
22 63 22 31 56 37 51 67 72 87 6 16 35 39 76 30 44 55 58 68 69 63
35 48 35 39 58 67 72 87 6 37 49 76 30 34 48
14 26 14 25 38 26
56 43 56 74 20 55 67 72 87 6 31 43
18 29 18 20 40 25 35 13 29
63 50 63 65 30 44 55 58 67 72 87 6 16 35 13 68 69 76 7 14 28 41 50
85 61 85 25 33 61
49 89 49 76 30 48 52 77 89
43 83 43 44 79 83
16 73 16 35 39 65 51 67 73
65 58 65 30 44 55 58
3 89 3 27 44 55 84 89
35 41 35 13 74 7 62 72 87 6 37 49 41
14 72 14 37 51 67 72
30 73 30 44 55 58 68 74 7 14 28 41 49 72 87 6 37 51 67 73
14 43 14 25 62 72 87 6 31 43
31 13 31 56 25 40 68 74 20 39 76 7 43 44 55 67 72 87 6 16 35 13
18 52 18 22 34 48 52
42 30 42 62 72 87 6 31 68 69 76 7 57 63 65 30
35 81 35 13 26 42 62 72 87 6 37 52 80 81
68 48 68 69 63 65 51 67 72 87 6 31 34 48
49 88 49 72 87 6 88
2 26 2 9 20 56 74 7 57 63 65 51 67 72 87 6 16 35 13 26
21 71 21 13 29 48 52 71
38 89 38 26 42 51 67 72 87 6 31 43 44 79 84 89
49 34 49 69 63 65 30 34
46 6 46 43 44 55 67 72 87 6
28 78 28 41 57 63 65 51 67 72 87 6 31 56 37 49 76 7 14 25 40 78
8 25 8 40 25
18 79 18 76 30 34 79
22 82 22 34 59 64 82
1 58 1 7 57 72 87 6 16 35 13 74 20 55 58
31 89 31 56 37 52 77 89
40 59 40 25 33 49 76 7 57 72 87 6 37 59
3 26 3 38 26
49 48 49 41 57 72 87 6 16 29 48
14 51 14 42 7 62 72 87 6 37 49 41 57 63 65 51
1 82 1 51 59 64 71 82
23 86 23 49 72 87 6 31 43 52 64 86
2 77 2 33 51 67 72 87 77
62 52 62 72 87 6 31 68 34 48 52
58 50 58 68 69 63 65 30 44 55 67 72 87 6 16 35 13 26 28 41 50
35 37 35 13 20 56 37
26 55 26 42 30 44 55
41 50 41 50
56 41 56 25 38 63 65 51 67 72 87 6 37 49 41
62 43 62 72 87 6 16 35 39 76 7 43
38 6 38 26 42 30 44 55 67 72 87 6
34 84 34 79 84
21 82 21 13 20 56 74 7 62 72 87 6 37 52 64 71 82
18 58 18 20 40 25 38 26 42 51 67 72 87 6 31 56 74 7 14 28 35 39 58
74 48 74 7 43 44 55 67 72 87 6 31 56 37 49 41 57 63 65 30 34 48
15 86 15 26 42 30 48 52 64 86
21 25 21 26 42 62 72 87 6 31 56 25
28 51 28 41 57 63 65 51
56 44 56 25 38 63 65 30 44
8 71 8 9 62 72 87 6 71
21 80 21 26 42 7 43 52 80
14 72 14 42 51 67 72
1 59 1 51 67 72 87 6 31 56 37 49 69 76 7 43 44 55 58 68 34 59
6 80 6 31 34 48 75 80
19 29 19 38 26 28 41 63 65 51 67 72 87 6 16 29
41 29 41 63 65 51 67 72 87 6 16 29
40 20 40 68 74 20
22 34 22 43 44 55 67 72 87 6 37 49 69 76 7 14 28 68 34
65 29 65 30 44 55 67 72 87 6 16 29
14 55 14 37 76 7 57 72 87 6 16 35 39 58 68 69 63 65 30 44 55
28 41 28 41
18 75 18 30 34 48 75
13 55 13 20 56 37 51 67 72 87 6 16 35 39 7 14 28 41 49 76 30 44 55
58 80 58 68 69 63 65 30 34 48 75 80
4 72 4 26 42 7 62 72
23 67 23 49 69 63 65 51 67
49 48 49 41 57 72 87 6 37 48
15 80 15 30 48 52 80
76 78 76 30 44 55 58 68 78
42 59 42 51 67 72 87 6 37 76 30 34 59
68 52 68 69 76 7 57 63 65 51 67 72 87 6 16 29 48 52
85 41 85 25 63 65 51 67 72 87 6 16 35 13 28 41
4 20 4 23 37 51 67 72 87 6 16 35 13 20
11 81 11 68 34 48 52 80 81
65 52 65 30 34 48 52
49 41 49 41
74 43 74 20 55 58 67 72 87 6 31 68 69 76 7 43
14 63 14 42 30 44 55 58 68 69 63
21 41 21 13 28 41
21 58 21 13 74 7 14 25 62 72 87 6 37 49 41 63 65 30 44 55 58
3 13 3 33 49 76 30 44 55 67 72 87 6 16 35 13
42 6 42 30 44 55 67 72 87 6
8 83 8 13 28 35 39 58 68 69 76 30 44 55 67 72 87 6 16 29 48 75 80 81 83
38 57 38 63 65 51 67 72 87 6 37 49 41 57
3 82 3 82
15 50 15 26 28 41 50
85 84 85 25 79 84
4 33 4 74 20 40 25 33
85 57 85 25 62 72 87 6 37 76 7 57
18 60 18 76 7 14 28 60
40 59 40 25 62 59
41 80 41 49 76 30 48 75 80
87 37 87 6 37
43 50 43 44 55 58 67 72 87 6 16 35 13 26 28 37 49 41 50
8 63 8 9 20 56 74 7 43 44 55 67 72 87 6 31 68 69 63
7 84 7 57 72 87 6 16 35 13 20 39 76 30 44 84
2 7 2 9 20 40 25 38 63 65 51 67 72 87 6 16 35 39 58 68 74 7
8 77 8 62 72 87 6 37 48 52 77
31 29 31 56 37 51 67 72 87 6 16 29
14 73 14 42 62 72 87 6 16 35 39 65 51 67 73
15 82 15 26 28 6 16 35 59 64 82
26 55 26 42 62 72 87 6 37 49 41 76 7 43 44 55
74 77 74 20 40 25 35 77
7 83 7 43 44 55 58 68 69 70 81 83
6 29 6 16 29
16 48 16 29 48
21 52 21 13 68 74 20 56 37 48 52
87 81 87 6 16 35 39 7 62 70 81
4 81 4 23 49 76 30 34 48 52 80 81
7 80 7 43 87 6 16 35 39 76 30 34 48 75 80
85 79 85 25 38 26 42 51 67 72 87 6 16 35 13 20 40 68 34 79
15 73 15 26 73
40 79 40 68 34 79
35 89 35 77 89
4 6 4 49 69 76 7 57 72 87 6
9 84 9 20 55 67 72 87 6 31 68 69 63 65 30 34 79 84
87 7 87 6 31 56 25 35 13 26 28 68 74 7
30 79 30 44 55 58 68 74 7 57 72 87 6 31 34 79
68 7 68 69 63 65 51 67 72 87 6 16 35 13 28 37 49 76 7
41 67 41 63 65 30 44 55 67
15 29 15 30 44 55 58 68 74 20 40 25 33 49 72 87 6 16 29
63 81 63 65 30 44 55 67 72 87 6 16 35 13 20 40 70 81
41 55 41 49 69 63 65 30 44 55
23 75 23 37 76 30 48 75
69 20 69 63 65 51 67 72 87 6 16 35 13 74 20
65 57 65 51 67 72 87 6 37 49 41 76 30 44 55 58 68 74 7 57
51 71 51 59 64 71
33 75 33 62 72 87 6 16 29 48 75
56 80 56 25 40 68 34 48 52 80
69 77 69 63 65 30 34 48 52 77
40 72 40 68 69 76 7 62 72
62 89 62 59 89
57 67 57 72 87 6 37 76 30 44 55 67
85 51 85 25 38 65 51
51 71 51 67 72 87 6 71
3 16 3 33 62 72 87 6 16
21 61 21 9 62 72 87 6 37 76 30 44 55 58 68 74 20 56 25 33 61
87 57 87 6 16 35 39 7 57
8 44 8 9 62 72 87 6 16 35 13 74 7 14 28 41 63 65 30 44
3 48 3 27 44 55 58 68 34 48
58 55 58 68 69 63 65 30 44 55
21 64 21 58 67 72 87 6 37 76 7 64
21 29 21 13 29
74 79 74 7 43 87 6 31 68 34 79
4 84 4 7 43 44 79 84
30 80 30 48 75 80
11 41 11 68 74 20 39 87 6 16 35 13 26 28 41
39 7 39 7
76 41 76 7 43 87 6 16 35 13 28 41
59 86 59 64 86
31 71 31 56 64 71
14 29 14 28 37 72 87 6 16 29
49 44 49 72 87 6 31 56 37 76 30 44
62 86 62 59 64 86
49 75 49 69 63 65 30 34 48 75
6 71 6 71
8 81 8 41 63 65 30 34 48 52 80 81
85 6 85 25 35 39 76 30 44 55 67 72 87 6
85 6 85 25 35 13 20 55 58 68 69 76 7 62 72 87 6
65 26 65 30 44 55 58 67 72 87 6 31 68 74 20 40 25 35 13 26
63 67 63 65 51 67
76 34 76 7 57 72 87 6 16 35 13 28 68 34
69 75 69 76 30 48 75
8 73 8 13 26 73
28 44 28 68 74 7 14 25 38 65 30 44
39 16 39 76 30 44 55 58 67 72 87 6 16
16 48 16 35 39 87 6 37 48
46 29 46 13 29
18 37 18 76 30 44 55 67 72 87 6 16 35 13 26 28 37
51 84 51 67 72 87 6 31 56 25 63 65 30 34 79 84
76 72 76 7 14 28 68 69 63 65 51 67 72
35 71 35 13 68 34 59 64 71
58 71 58 67 72 87 6 37 51 59 64 71
1 70 1 37 51 67 72 87 6 31 56 25 62 70
68 82 68 74 7 62 59 64 71 82
85 89 85 25 35 77 89
21 6 21 42 51 67 72 87 6
38 73 38 26 73
6 71 6 31 68 34 59 64 71
8 67 8 40 25 62 72 87 6 31 56 74 7 14 28 35 13 26 42 30 44 55 58 67
3 70 3 38 65 30 44 55 67 72 87 6 31 56 37 49 69 70
15 37 15 26 28 87 6 37
62 80 62 72 87 6 31 34 48 52 80
4 75 4 23 37 48 75
42 78 42 51 67 72 87 6 37 49 41 63 65 30 44 55 58 68 78
37 75 37 49 69 63 65 30 48 75
85 16 85 25 35 13 68 74 7 62 72 87 6 16
65 75 65 30 44 55 67 72 87 6 31 34 48 75
62 59 62 59
28 26 28 68 74 20 40 25 63 65 51 67 72 87 6 16 35 13 26
76 75 76 30 44 55 58 68 69 63 65 51 67 72 87 6 16 29 48 75
49 44 49 72 87 6 31 43 44
62 52 62 72 87 6 31 43 52
2 60 2 13 60
9 81 9 20 56 74 7 62 70 81
40 82 40 25 33 51 67 82
38 79 38 63 65 30 34 79
13 75 13 74 20 56 37 49 41 76 30 44 55 67 72 87 6 31 34 48 75
19 89 19 56 74 7 57 63 65 51 67 72 87 77 89
28 41 28 41
2 58 2 13 28 37 76 7 14 42 30 44 55 58
4 16 4 23 37 49 41 63 65 30 44 55 67 72 87 6 16
74 26 74 20 55 67 72 87 6 16 35 13 26
37 71 37 76 7 64 71
15 60 15 30 44 55 58 68 74 20 39 7 57 63 65 51 67 72 87 6 16 35 13 60
8 55 8 28 41 49 76 30 44 55
39 83 39 65 30 48 52 80 81 83
1 30 1 39 76 30
34 81 34 48 75 80 81
3 86 3 9 20 55 58 68 74 7 57 63 65 30 34 59 64 86
8 55 8 9 20 39 87 6 16 35 13 74 7 43 44 55
68 44 68 69 76 30 44
2 63 2 13 68 74 20 56 25 63
31 26 31 56 74 20 39 76 30 44 55 67 72 87 6 16 35 13 26
35 71 35 39 76 7 62 72 87 6 31 59 64 71
21 41 21 13 26 28 37 49 41
25 52 25 63 65 30 44 55 67 72 87 6 31 34 48 52
15 83 15 30 34 48 75 80 81 83
35 63 35 13 28 68 69 63
3 61 3 33 61
8 26 8 13 26
74 33 74 20 40 25 33
21 79 21 58 67 72 87 6 16 35 39 76 30 34 79
2 7 2 56 74 7
38 29 38 26 28 68 69 63 65 30 44 55 58 67 72 87 6 16 35 13 29
20 84 20 55 67 72 87 6 31 68 34 79 84
46 83 46 43 52 80 81 83
2 88 2 33 49 72 87 6 16 29 48 75 88
9 75 9 62 72 87 6 31 34 48 75
34 75 34 48 75
11 41 11 63 65 51 67 72 87 6 37 49 41
18 51 18 30 44 55 58 67 72 87 6 16 35 13 74 20 56 37 51
2 67 2 23 49 69 76 30 44 55 67
19 26 19 69 76 30 44 55 67 72 87 6 16 35 13 26
76 25 76 30 44 55 58 68 69 63 65 51 67 72 87 6 16 35 13 20 56 25
1 58 1 37 49 69 63 65 30 44 55 58
31 13 31 56 25 35 13
38 78 38 63 65 30 44 55 58 67 72 87 6 16 35 39 76 7 57 78
21 29 21 58 68 74 7 14 28 37 51 67 72 87 6 16 35 13 29
21 83 21 9 20 39 65 30 44 79 83
87 59 87 6 31 68 34 59
15 48 15 22 51 67 72 87 6 16 29 48
33 81 33 49 72 87 6 31 68 69 70 81
85 83 85 25 35 39 7 57 72 87 6 16 29 48 75 80 81 83
39 75 39 87 6 37 76 30 48 75
15 30 15 26 28 41 57 63 65 51 67 72 87 6 16 35 13 20 40 68 69 76 30
40 48 40 68 74 7 62 72 87 6 16 29 48
38 41 38 26 42 30 44 55 58 67 72 87 6 31 56 37 49 41
56 59 56 37 72 87 6 31 34 59
2 58 2 56 25 63 65 30 44 55 58
57 83 57 72 87 6 37 49 76 7 62 70 81 83
56 34 56 37 76 7 14 42 51 67 72 87 6 16 35 39 65 30 34
27 52 27 44 55 58 68 74 20 40 25 62 72 87 6 16 29 48 52
85 82 85 25 38 65 30 34 59 64 82
3 80 3 37 76 30 48 52 80
18 83 18 58 68 74 7 57 63 65 30 34 48 75 80 81 83
56 80 56 25 33 51 80
9 80 9 62 72 87 6 16 35 13 68 34 48 75 80
76 57 76 7 57
28 75 28 6 31 68 69 76 30 34 48 75
46 50 46 13 28 41 50
31 44 31 43 44
42 7 42 51 67 72 87 6 16 35 13 26 28 41 57 63 65 30 44 55 58 68 69 76 7
35 41 35 13 28 41
2 73 2 13 68 74 7 57 63 65 30 44 55 67 73
63 55 63 65 30 44 55
65 78 65 51 67 72 87 6 37 76 7 57 78
15 61 15 22 31 56 25 33 61
49 79 49 76 7 43 44 79
49 77 49 76 7 57 63 65 30 44 55 67 72 87 77
28 55 28 87 6 37 76 30 44 55
57 44 57 63 65 30 44
2 84 2 56 74 7 57 63 65 30 34 79 84
26 67 26 28 6 16 35 39 65 51 67
35 70 35 13 28 37 76 7 57 63 65 51 67 72 87 6 31 43 44 55 58 68 74 20 56 25 33 62 70
15 20 15 26 42 51 67 72 87 6 37 49 41 63 65 30 44 55 58 68 69 76 7 14 28 35 13 74 20
87 48 87 6 16 35 13 74 7 14 37 48
31 33 31 56 37 49 41 76 30 44 55 58 68 69 63 65 51 67 72 87 6 16 35 13 20 40 25 33
2 83 2 13 83
8 88 8 9 20 88
76 61 76 7 57 63 65 51 67 72 87 6 31 56 25 33 61
15 78 15 26 42 30 44 55 58 68 78
20 48 20 40 25 38 63 65 30 34 48
21 82 21 42 51 59 64 82
65 88 65 51 67 72 87 6 31 43 44 79 88
57 81 57 72 87 6 37 48 52 80 81
1 61 1 2 33 61
56 86 56 74 20 40 68 34 86
62 79 62 72 87 6 31 43 44 79
4 72 4 74 20 55 58 67 72
1 78 1 51 67 72 87 6 37 76 7 14 28 68 78
6 73 6 37 49 76 30 44 55 58 67 73
31 75 31 68 34 48 75
8 30 8 62 72 87 6 31 68 74 7 14 37 76 30
35 20 35 13 20
6 61 6 37 49 76 7 14 25 33 61
69 13 69 63 65 30 44 55 58 67 72 87 6 16 35 13
85 44 85 25 63 65 51 67 72 87 6 31 43 44
35 84 35 13 68 69 63 65 51 67 72 87 6 37 76 30 34 79 84
18 51 18 22 51
28 67 28 37 76 30 44 55 58 67
3 86 3 64 86
23 32 23 32
76 75 76 30 48 75
2 52 2 23 49 76 7 43 52
28 41 28 41
15 67 15 22 31 68 69 76 30 44 55 67
11 80 11 68 69 76 30 48 75 80
41 79 41 49 76 7 14 42 30 34 79
38 41 38 26 42 30 44 55 58 68 69 63 65 51 67 72 87 6 37 49 41
46 7 46 43 44 55 58 67 72 87 6 37 76 7
15 34 15 22 43 44 55 67 72 87 6 16 35 13 28 68 34
87 81 87 6 37 48 52 80 81
69 43 69 76 30 44 55 58 67 72 87 6 31 43
56 81 56 37 48 52 80 81
39 43 39 7 14 42 51 67 72 87 6 31 43
3 88 3 33 49 76 30 44 79 88
62 51 62 72 87 6 37 51
56 86 56 37 76 7 57 63 65 51 86
19 6 19 38 26 28 68 69 76 7 43 87 6
72 75 72 87 6 16 35 39 76 30 48 75
18 80 18 30 34 48 75 80
37 83 37 49 76 7 43 87 6 31 56 25 79 83
18 44 18 58 67 72 87 6 37 76 7 43 44
65 64 65 30 34 59 64
18 52 18 58 67 72 87 6 31 56 25 63 65 30 48 52
13 81 13 26 28 35 39 58 68 74 20 56 37 76 30 44 55 67 72 87 6 31 34 48 75 80 81
8 81 8 41 63 65 30 44 55 67 72 87 6 16 35 39 7 14 34 48 52 80 81
26 81 26 42 30 48 52 80 81
65 37 65 51 67 72 87 6 37
30 52 30 48 52
11 80 11 68 69 63 65 30 34 48 52 80
40 6 40 25 33 49 69 63 65 30 44 55 67 72 87 6
35 51 35 13 20 39 76 7 62 72 87 6 31 43 44 55 58 68 69 63 65 51
26 80 26 42 51 67 72 87 6 31 43 52 80
4 16 4 7 43 87 6 16
2 89 2 23 66 77 89
22 67 22 43 87 6 31 68 69 76 30 44 55 67
3 78 3 33 78
18 7 18 30 44 55 67 72 87 6 37 76 7
38 84 38 26 28 41 63 65 51 67 72 87 6 31 43 44 55 84
56 25 56 37 76 30 44 55 67 72 87 6 31 68 74 20 40 25
21 58 21 42 30 44 55 58
74 59 74 20 40 25 62 59
62 82 62 59 64 71 82
2 79 2 9 62 72 87 6 37 76 30 44 79
20 29 20 39 7 14 37 49 76 30 44 55 67 72 87 6 16 35 13 29
41 81 41 49 76 30 48 75 80 81
43 84 43 44 79 84
11 88 11 88
42 6 42 30 44 55 67 72 87 6
19 61 19 33 61
34 75 34 48 75
68 60 68 74 20 39 87 6 16 35 13 26 28 37 49 41 50 60
62 34 62 72 87 6 16 35 39 7 14 34
8 70 8 9 20 40 70
11 84 11 68 74 20 56 37 72 87 6 31 34 79 84
85 37 85 25 38 63 65 30 44 55 67 72 87 6 37
74 41 74 20 40 25 33 51 67 72 87 6 31 68 69 76 7 14 37 49 41
19 64 19 62 72 87 6 31 43 44 55 58 68 69 63 65 30 48 52 64
35 25 35 39 65 30 44 55 67 72 87 6 31 56 25
28 81 28 87 6 37 52 80 81
21 88 21 9 62 72 88
26 52 26 42 7 57 63 65 30 48 52
1 81 1 13 68 69 76 30 44 55 67 72 87 6 37 51 80 81
39 75 39 87 6 16 29 48 75
40 29 40 68 74 20 39 65 51 67 72 87 6 16 29
37 50 37 51 67 72 87 6 16 35 39 76 30 44 55 58 68 74 20 40 25 33 49 41 50
19 51 19 38 65 51
3 88 3 9 20 55 58 67 72 87 6 31 34 79 88
34 48 34 48
87 13 87 6 16 35 13
31 86 31 56 74 20 39 58 67 72 86
28 79 28 37 76 30 44 79
11 37 11 68 74 7 57 72 87 6 37
9 48 9 62 72 87 6 31 68 74 7 14 34 48
21 33 21 9 20 55 58 68 74 7 62 72 87 6 31 56 25 33
74 13 74 7 62 72 87 6 16 35 13
21 63 21 9 62 72 87 6 31 68 69 63
59 86 59 64 86
8 52 8 9 62 72 87 6 16 35 13 28 68 34 48 52
68 61 68 69 63 65 30 44 55 58 67 72 87 6 16 35 13 20 40 25 33 61
28 33 28 87 6 31 68 74 20 56 25 33
68 83 68 34 48 52 80 81 83
21 59 21 26 42 62 59
69 86 69 76 7 57 63 65 51 86
15 78 15 22 43 87 6 16 35 13 68 78
8 25 8 41 57 63 65 51 67 72 87 6 31 43 44 55 58 68 74 20 56 25
46 82 46 13 68 69 76 30 48 52 64 82
15 88 15 22 34 79 88
58 79 58 67 72 87 6 16 35 39 76 30 34 79
28 58 28 68 74 20 55 58
22 6 22 43 87 6
3 20 3 38 26 42 51 67 72 87 6 37 76 7 43 44 55 58 68 74 20
40 43 40 68 74 20 39 58 67 72 87 6 31 43
63 44 63 65 30 44
22 81 22 31 56 25 40 70 81
14 26 14 42 51 67 72 87 6 16 35 13 26
57 83 57 63 65 30 48 52 80 81 83
42 30 42 7 62 72 87 6 37 76 30
51 55 51 67 72 87 6 37 76 7 57 63 65 30 44 55
23 44 23 37 76 7 57 63 65 30 44
20 80 20 39 87 6 16 29 48 52 80
76 80 76 30 48 52 80
85 13 85 25 38 26 28 37 76 30 44 55 67 72 87 6 16 35 13
56 29 56 37 72 87 6 16 29
74 60 74 20 39 58 68 69 63 65 51 67 72 87 6 16 35 13 60
3 34 3 38 63 65 30 44 55 58 67 72 87 6 16 35 13 20 56 74 7 14 34
85 84 85 25 79 84
34 84 34 79 84
31 26 31 68 74 20 40 25 35 13 26
14 57 14 28 41 57
9 84 9 20 39 65 51 67 72 87 6 16 35 13 84
25 81 25 63 65 30 34 48 75 80 81
46 86 46 43 44 55 58 68 74 20 40 25 38 63 65 51 86
8 71 8 40 25 33 51 67 72 87 6 16 35 59 64 71
7 80 7 43 44 55 67 72 87 6 16 29 48 52 80
38 86 38 65 51 86
62 26 62 72 87 6 16 35 13 26
23 67 23 37 51 67
42 71 42 30 44 55 58 68 69 76 7 43 87 6 37 52 64 71
23 71 23 37 49 69 63 65 51 67 72 87 6 31 68 74 7 14 59 64 71
42 83 42 62 72 87 6 16 29 48 75 80 81 83
2 32 2 23 32
19 6 19 43 44 55 67 72 87 6
43 84 43 87 6 31 34 79 84
4 23 4 23
42 67 42 7 43 44 55 67
1 63 1 7 43 87 6 31 68 74 20 40 25 63
69 34 69 63 65 30 34
76 86 76 30 34 48 52 64 86
42 57 42 51 67 72 87 6 16 35 39 65 30 44 55 58 68 74 7 57
69 30 69 63 65 30
16 75 16 87 6 31 43 44 55 58 68 69 76 7 14 34 48 75
23 84 23 37 49 76 7 14 28 6 31 34 79 84
40 43 40 25 35 39 76 7 43
46 63 46 43 87 6 16 35 13 68 69 63
49 26 49 76 30 44 55 67 72 87 6 16 35 13 26
51 75 51 67 72 87 6 31 34 48 75
16 44 16 87 6 31 56 37 49 69 76 30 44
8 26 8 13 26
15 59 15 26 28 41 49 59
72 48 72 87 6 16 29 48
56 60 56 37 76 30 44 55 58 68 74 20 40 25 38 65 51 67 72 87 6 16 35 13 60
35 60 35 13 60
49 29 49 72 87 6 16 29
31 59 31 43 44 55 58 68 34 59
11 80 11 63 65 30 44 55 67 72 87 6 16 29 48 52 80
7 50 7 14 42 51 67 72 87 6 37 49 41 50
2 9 2 9
42 25 42 7 14 25
40 33 40 25 33
40 41 40 68 69 76 7 57 63 65 51 67 72 87 6 31 56 37 49 41
57 71 57 63 65 30 34 59 64 71
20 83 20 40 68 74 7 14 34 79 83
14 63 14 25 38 63
21 43 21 58 67 72 87 6 31 43
3 7 3 33 51 67 72 87 6 37 76 7
2 88 2 23 37 76 7 62 72 88
35 88 35 39 65 30 48 88
31 80 31 68 34 48 75 80
65 41 65 30 44 55 67 72 87 6 37 76 7 14 28 41
11 7 11 68 74 20 56 25 38 63 65 30 44 55 67 72 87 6 37 49 41 76 7
69 7 69 76 7
15 55 15 30 44 55
2 30 2 33 49 41 63 65 30
35 64 35 39 7 14 25 38 63 65 30 44 55 58 68 34 48 52 64
41 50 41 50
57 48 57 72 87 6 16 29 48
16 29 16 29
76 72 76 30 44 55 67 72
57 29 57 63 65 51 67 72 87 6 16 29
28 30 28 68 74 7 43 44 55 67 72 87 6 31 56 37 76 30
15 72 15 26 42 7 62 72
21 64 21 13 20 56 64
8 16 8 28 35 39 76 7 43 87 6 16
72 86 72 87 6 86
85 83 85 25 79 83
35 55 35 13 20 56 37 76 7 62 72 87 6 31 43 44 55
85 61 85 25 33 61
8 61 8 62 72 87 6 16 35 39 65 30 44 55 58 68 74 20 40 25 33 61
31 84 31 68 74 20 39 7 57 63 65 30 34 79 84
62 79 62 72 87 6 31 34 79
41 86 41 49 72 86
56 20 56 74 20
40 7 40 68 69 76 7
40 37 40 68 69 63 65 51 67 72 87 6 37
6 75 6 31 34 48 75
3 16 3 30 44 55 58 68 74 20 56 25 62 72 87 6 16
18 75 18 20 55 58 67 72 87 6 31 56 25 38 65 30 48 75
65 89 65 51 67 72 87 6 77 89
15 71 15 64 71
1 77 1 39 58 77
49 63 49 41 76 30 44 55 58 67 72 87 6 16 35 13 68 69 63
74 55 74 7 62 72 87 6 37 49 76 30 44 55
65 6 65 51 67 72 87 6
69 41 69 63 65 51 67 72 87 6 16 35 39 7 43 44 55 58 68 74 20 40 25 38 26 28 41
26 61 26 42 51 67 72 87 6 31 68 74 20 56 25 33 61
58 86 58 68 34 48 52 64 86
21 78 21 42 51 67 72 87 6 37 49 69 63 65 30 44 55 58 68 78
13 50 13 28 41 50
76 64 76 30 44 55 67 72 87 6 16 35 13 20 40 25 62 59 64
42 78 42 51 67 72 87 6 37 76 7 14 25 40 78
30 52 30 48 52
8 58 8 62 72 87 6 37 76 30 44 55 58
13 79 13 26 28 35 39 65 30 44 55 58 68 34 79
63 83 63 65 30 34 48 52 80 81 83
65 26 65 30 44 55 67 72 87 6 31 56 37 76 7 14 25 35 13 26
2 60 2 13 60
31 7 31 43 44 55 67 72 87 6 16 35 13 74 7
40 16 40 68 69 76 30 44 55 58 67 72 87 6 16
49 86 49 41 76 7 14 25 62 59 64 86
40 72 40 68 69 76 30 44 55 58 67 72
65 64 65 30 48 52 64
87 43 87 6 31 43
42 7 42 30 44 55 58 67 72 87 6 31 68 69 76 7
69 52 69 63 65 30 44 55 58 67 72 87 6 31 34 48 52
21 82 21 58 68 69 63 65 51 67 72 87 6 37 76 7 62 70 82
37 48 37 48
46 80 46 43 44 55 67 72 87 6 16 35 13 28 37 52 80
15 55 15 30 44 55
64 86 64 86
15 72 15 26 42 62 72
3 29 3 9 62 72 87 6 16 29
72 71 72 87 6 16 35 13 29 48 52 71
28 30 28 37 76 30
85 29 85 25 33 51 67 72 87 6 16 29
18 13 18 22 31 68 69 63 65 51 67 72 87 6 16 35 13
22 20 22 51 67 72 87 6 31 56 37 76 7 43 44 55 58 68 74 20
65 16 65 30 44 55 58 68 74 20 40 25 33 49 76 7 62 72 87 6 16
22 58 22 51 67 72 87 6 31 68 69 63 65 30 44 55 58
46 72 46 43 44 55 67 72
14 77 14 34 48 52 77
85 44 85 25 63 65 51 67 72 87 6 31 43 44
72 75 72 87 6 37 48 75
56 82 56 74 7 62 70 82
41 81 41 70 81
23 50 23 37 72 87 6 16 35 13 26 28 41 50
11 81 11 63 65 30 44 55 67 72 87 6 16 29 48 75 80 81
38 33 38 26 42 7 14 25 33
31 79 31 68 74 20 56 37 76 30 34 79
42 52 42 30 34 48 52
7 67 7 14 28 68 74 20 40 25 63 65 30 44 55 67
40 7 40 68 74 7
87 34 87 6 16 35 13 68 34
28 71 28 37 51 67 72 87 6 16 35 39 58 68 34 59 64 71
46 55 46 13 68 69 76 30 44 55
62 58 62 72 87 6 37 49 76 30 44 55 58
31 82 31 43 87 6 71 82
8 60 8 41 50 60
35 26 35 13 26
31 48 31 56 37 48
85 50 85 25 33 62 72 87 6 37 49 41 50
3 52 3 30 44 55 58 68 34 48 52
62 20 62 72 87 6 31 43 44 55 58 68 74 20
85 29 85 25 33 49 41 63 65 51 67 72 87 6 16 29
2 83 2 33 51 80 81 83
63 52 63 65 30 48 52
11 88 11 63 65 30 34 79 88
15 34 15 30 34
15 48 15 30 34 48
2 25 2 9 20 39 76 7 14 25
31 88 31 34 79 88
46 77 46 13 29 48 52 77
15 6 15 26 28 87 6
39 79 39 76 7 57 72 87 6 16 35 13 26 28 68 74 20 40 25 79
35 33 35 13 26 28 87 6 37 76 30 44 55 58 68 74 20 56 25 33
21 89 21 42 62 72 87 6 16 29 48 52 77 89
85 71 85 25 38 26 28 6 31 59 64 71
22 77 22 31 56 37 49 41 63 65 51 67 72 87 77
3 7 3 30 44 55 58 67 72 87 6 31 68 74 7
35 52 35 39 65 30 34 48 52
3 50 3 37 49 41 50
15 81 15 30 44 55 67 72 87 6 31 34 48 75 80 81
8 89 8 40 25 85 89
74 26 74 7 57 63 65 30 44 55 67 72 87 6 16 35 13 26
56 63 56 25 62 72 87 6 16 35 13 68 69 63
87 67 87 6 16 35 39 58 67
11 51 11 63 65 51
87 71 87 6 16 35 59 64 71
65 25 65 30 44 55 67 72 87 6 31 56 25
22 75 22 31 56 25 33 51 67 72 87 6 37 49 41 63 65 30 44 55 58 68 34 48 75
74 70 74 20 56 25 62 70
56 6 56 74 20 55 58 67 72 87 6
22 84 22 34 79 84
49 75 49 76 7 57 72 87 6 16 29 48 75
19 29 19 62 72 87 6 16 29
74 71 74 7 43 87 6 37 48 52 64 71
62 72 62 72
2 55 2 33 62 72 87 6 16 35 13 28 41 57 63 65 30 44 55
8 37 8 40 68 74 7 57 63 65 30 44 55 67 72 87 6 31 56 37
31 37 31 43 44 55 67 72 87 6 37
3 41 3 9 20 55 67 72 87 6 16 35 13 28 41
2 78 2 23 49 69 63 65 51 67 72 87 6 16 35 39 58 68 78
38 52 38 63 65 30 34 48 52
40 43 40 68 69 76 30 44 55 58 67 72 87 6 31 43
26 50 26 28 41 50
62 78 62 72 87 6 16 35 13 74 7 57 78
68 64 68 34 48 52 64
56 72 56 37 49 72
8 75 8 28 37 76 30 48 75
27 52 27 44 55 67 72 87 6 37 49 41 57 63 65 30 34 48 52
25 44 25 40 68 69 76 30 44
76 44 76 30 44
87 33 87 6 31 56 25 33
2 86 2 33 62 59 64 86
76 34 76 30 34
74 89 74 7 57 72 87 6 31 68 69 63 65 30 44 79 84 89
22 57 22 31 56 37 76 30 44 55 67 72 87 6 16 35 13 68 74 7 57
85 29 85 25 35 39 87 6 16 29
74 13 74 7 62 72 87 6 31 56 25 35 13
23 50 23 49 69 63 65 30 44 55 67 72 87 6 31 68 74 7 14 28 41 50
26 71 26 28 68 34 59 64 71
49 78 49 72 87 6 16 35 13 68 69 76 7 57 78
46 34 46 13 68 34
42 83 42 30 44 79 83
56 67 56 37 51 67
69 60 69 63 65 30 44 55 67 72 87 6 16 35 13 28 60
39 25 39 76 30 44 55 58 68 74 20 40 25
41 44 41 76 30 44
38 48 38 63 65 51 67 72 87 6 31 43 44 55 58 68 34 48
74 55 74 20 55
2 55 2 23 37 76 30 44 55
11 30 11 63 65 30
15 7 15 22 31 56 37 51 67 72 87 6 16 35 13 26 42 30 44 55 58 68 74 20 39 76 7
1 23 1 2 23
2 13 2 9 20 40 25 35 13
49 48 49 72 87 6 31 43 44 55 58 68 34 48
27 86 27 44 55 67 72 87 6 86
65 88 65 51 67 72 88
18 25 18 22 31 56 25
65 86 65 30 34 86
38 71 38 26 28 35 39 58 68 74 20 55 67 72 87 6 37 59 64 71
31 41 31 43 44 55 67 72 87 6 37 49 41
21 29 21 58 68 69 63 65 30 44 55 67 72 87 6 16 29
33 67 33 62 72 87 6 37 76 7 14 28 35 13 20 39 65 51 67
35 64 35 59 64
62 80 62 72 87 6 31 43 52 80
30 55 30 44 55
28 61 28 41 63 65 51 67 72 87 6 37 76 7 43 44 55 58 68 74 20 40 25 33 61
14 89 14 34 79 84 89
46 16 46 43 44 55 67 72 87 6 16
2 88 2 9 62 72 87 6 37 48 88
33 50 33 49 41 50
85 55 85 25 40 68 74 20 56 37 49 69 63 65 30 44 55
31 86 31 43 87 6 86
39 30 39 58 68 74 20 56 25 38 63 65 30
19 57 19 38 63 65 51 67 72 87 6 37 49 69 76 30 44 55 58 68 74 7 57
3 26 3 37 51 67 72 87 6 16 35 13 26
15 20 15 22 51 67 72 87 6 31 43 44 55 58 68 74 7 14 28 35 13 20
68 13 68 69 76 7 14 42 62 72 87 6 16 35 13
18 83 18 30 48 52 80 81 83
6 61 6 31 56 25 33 61
49 89 49 41 63 65 30 48 52 77 89
19 51 19 33 49 76 7 14 37 51
85 41 85 25 63 65 51 67 72 87 6 37 49 41
9 86 9 62 72 86
38 83 38 63 65 51 67 72 87 6 16 35 13 20 39 58 68 34 79 83
4 26 4 26
35 78 35 39 7 57 78
39 25 39 7 43 87 6 16 35 13 68 74 20 56 25
22 25 22 51 67 72 87 6 37 49 41 63 65 30 44 55 58 68 74 20 56 25
74 86 74 7 57 72 87 6 16 29 48 52 64 86
85 33 85 25 33
1 82 1 34 48 75 82
35 75 35 13 74 7 43 87 6 16 29 48 75
2 58 2 9 20 55 58
42 89 42 62 72 87 77 89
58 75 58 68 74 7 57 63 65 30 48 75
68 41 68 69 76 7 57 63 65 30 44 55 58 67 72 87 6 37 49 41
18 16 18 58 67 72 87 6 16
2 77 2 56 25 33 49 41 76 30 34 48 52 77
4 41 4 23 37 49 41
31 84 31 34 79 84
3 72 3 30 44 55 67 72
14 6 14 28 6
68 29 68 69 63 65 30 44 55 58 67 72 87 6 16 29
49 37 49 76 7 62 72 87 6 37
65 88 65 51 67 72 88
62 86 62 72 87 6 86
21 51 21 9 20 39 76 7 43 44 55 58 68 69 63 65 51
1 51 1 39 76 30 44 55 67 72 87 6 16 35 13 74 7 57 63 65 51
62 26 62 72 87 6 16 35 13 26
56 25 56 25
28 44 28 68 69 63 65 30 44
31 44 31 68 74 20 56 25 33 49 76 7 57 63 65 30 44
57 79 57 72 87 6 31 43 44 79
23 80 23 49 69 63 65 30 48 52 80
9 44 9 62 72 87 6 31 68 69 63 65 30 44
1 82 1 39 58 67 82
8 20 8 28 35 13 20
87 84 87 6 16 35 39 7 43 44 84
62 84 62 72 87 6 31 56 74 7 57 63 65 30 44 84
85 43 85 25 62 72 87 6 16 35 39 7 43
4 50 4 49 41 50
65 86 65 30 34 48 52 64 86
6 80 6 31 43 52 80
30 71 30 34 48 52 71
46 72 46 13 26 42 7 43 87 6 37 51 67 72
87 6 87 6
1 20 1 39 87 6 16 35 13 20
33 81 33 51 67 72 87 6 16 29 48 75 80 81
2 86 2 23 37 72 86
13 79 13 74 7 62 72 87 6 31 68 34 79
74 43 74 20 55 58 68 69 76 7 14 37 51 67 72 87 6 31 43
16 52 16 87 6 31 34 48 52
3 51 3 38 26 28 37 76 7 14 25 35 39 65 51
72 44 72 87 6 31 43 44
35 20 35 39 65 30 44 55 58 68 74 20
14 7 14 42 30 44 55 58 67 72 87 6 16 35 13 20 40 68 69 76 7
56 6 56 37 49 72 87 6
13 86 13 74 20 40 68 34 86
8 60 8 13 60
26 86 26 28 87 6 31 68 34 48 52 64 86
87 89 87 77 89
25 73 25 62 72 87 6 31 68 69 63 65 30 44 55 58 67 73
74 57 74 7 57
39 33 39 58 68 74 7 14 42 51 67 72 87 6 16 35 13 20 40 25 33
1 57 1 39 7 57
40 34 40 68 34
65 20 65 30 44 55 58 67 72 87 6 16 35 13 74 20
7 79 7 43 44 79
85 63 85 25 63
65 7 65 51 67 72 87 6 37 76 30 44 55 58 68 74 7
72 75 72 87 6 16 29 48 75
4 37 4 30 44 55 58 67 72 87 6 37
8 86 8 13 26 28 35 39 58 68 69 63 65 51 86
28 70 28 68 69 70
35 51 35 39 76 7 57 63 65 51
21 30 21 42 7 57 72 87 6 31 56 74 20 40 68 69 63 65 30
15 83 15 30 34 48 52 80 81 83
21 6 21 26 28 41 63 65 51 67 72 87 6
2 71 2 13 20 56 74 7 14 37 49 72 87 6 71
74 59 74 7 57 72 87 6 37 49 76 30 34 59
16 81 16 29 48 75 80 81
8 89 8 13 20 56 74 7 62 72 87 77 89
27 44 27 44
19 84 19 56 37 76 30 34 79 84
8 16 8 40 68 74 7 43 87 6 16
15 20 15 30 44 55 67 72 87 6 16 35 13 20
68 75 68 74 7 43 44 55 67 72 87 6 31 34 48 75
11 83 11 63 65 30 34 48 75 80 81 83
38 77 38 65 30 44 55 58 77
40 33 40 68 74 20 56 25 33
40 7 40 68 69 76 30 44 55 58 67 72 87 6 16 35 39 7
2 6 2 9 62 72 87 6
11 64 11 59 64
40 79 40 68 34 79
16 83 16 29 48 52 80 81 83
37 84 37 72 87 6 31 34 79 84
14 88 14 34 48 75 88
15 16 15 30 44 55 67 72 87 6 16
20 84 20 39 7 62 72 87 6 37 49 41 57 63 65 30 34 79 84
57 81 57 63 65 51 67 72 87 6 31 43 52 80 81
87 51 87 6 37 51
14 57 14 42 7 57
31 16 31 56 25 33 62 72 87 6 16
65 52 65 30 34 48 52
69 13 69 63 65 51 67 72 87 6 16 35 13
65 73 65 51 67 73
65 77 65 51 67 72 87 77
46 16 46 43 44 55 58 67 72 87 6 16
19 70 19 38 26 28 37 51 67 72 87 6 16 35 13 74 7 62 70
1 75 1 39 7 43 44 55 58 67 72 87 6 31 56 74 20 40 25 38 65 30 48 75
11 26 11 68 69 63 65 51 67 72 87 6 16 35 13 26
1 88 1 37 49 72 88
35 26 35 39 76 7 14 42 51 67 72 87 6 37 49 69 63 65 30 44 55 58 68 74 20 40 25 38 26
15 25 15 26 42 51 67 72 87 6 37 76 7 14 28 35 13 74 20 56 25
68 37 68 74 20 39 7 14 37
49 6 49 76 7 62 72 87 6
65 63 65 51 67 72 87 6 37 49 41 63
11 52 11 68 69 63 65 51 67 72 87 6 37 49 41 76 7 43 52
46 73 46 13 26 73
85 71 85 25 38 65 51 67 72 87 6 16 29 48 52 64 71
40 67 40 68 74 7 57 63 65 30 44 55 67
18 7 18 76 7
19 52 19 33 51 67 72 87 6 31 34 48 52
21 30 21 42 51 67 72 87 6 31 43 44 55 58 68 74 20 39 76 7 57 63 65 30
3 29 3 9 20 39 87 6 16 29
3 51 3 9 62 72 87 6 37 51
37 44 37 76 30 44
69 88 69 76 7 62 72 88
1 64 1 37 76 7 43 44 55 67 72 87 6 31 59 64
4 66 4 23 66
58 71 58 68 74 20 39 76 30 44 55 67 72 87 6 31 34 59 64 71
85 43 85 25 33 51 67 72 87 6 31 43
2 84 2 23 49 41 57 72 87 6 31 43 44 84
87 73 87 6 16 35 39 65 51 67 73
11 51 11 68 69 76 7 57 72 87 6 16 35 39 65 51
23 80 23 37 76 7 62 72 87 6 16 29 48 52 80
19 70 19 62 70
15 16 15 30 44 55 67 72 87 6 16
18 37 18 76 30 44 55 58 67 72 87 6 37
3 70 3 38 65 30 44 55 67 72 87 6 37 49 69 76 7 14 42 62 70
39 79 39 65 51 67 72 87 6 31 68 34 79
38 44 38 26 42 30 44
56 83 56 25 63 65 51 67 72 87 6 31 34 48 52 80 81 83
62 20 62 72 87 6 31 68 74 20
18 48 18 30 48
74 26 74 20 40 25 38 26
14 29 14 28 6 16 29
38 88 38 63 65 30 44 79 88
20 71 20 55 67 72 87 6 31 68 69 76 7 64 71
21 20 21 42 51 67 72 87 6 31 56 25 33 49 69 76 7 43 44 55 58 68 74 20
87 83 87 6 31 68 69 76 30 34 79 83
15 81 15 22 51 67 72 87 6 31 56 25 62 70 81
21 63 21 42 30 44 55 67 72 87 6 31 68 69 63
46 78 46 13 74 7 14 37 51 67 72 87 6 31 68 78
42 77 42 51 67 72 87 6 37 52 77
42 78 42 51 67 72 87 6 31 43 44 55 58 68 78
42 70 42 62 72 87 6 37 49 41 70
25 83 25 62 72 87 6 16 29 48 75 80 81 83
1 9 1 2 9
68 83 68 69 70 81 83
40 78 40 78
49 82 49 59 64 71 82
68 48 68 74 7 57 63 65 51 67 72 87 6 37 48
28 81 28 6 31 34 48 52 80 81
63 67 63 65 30 44 55 67
4 67 4 74 20 55 58 67
19 83 19 69 76 7 62 70 81 83
15 41 15 26 28 41
15 63 15 22 31 56 74 7 62 72 87 6 37 76 30 44 55 58 68 69 63
15 20 15 30 44 55 58 68 74 20
9 84 9 20 55 58 67 72 87 6 16 35 39 76 30 44 79 84
15 7 15 26 28 41 63 65 30 44 55 67 72 87 6 16 35 39 76 7
68 60 68 69 76 7 14 28 60
40 80 40 68 34 48 52 80
28 20 28 68 69 76 7 43 44 55 58 67 72 87 6 16 35 13 74 20
74 58 74 7 57 72 87 6 16 35 39 76 30 44 55 58
57 29 57 63 65 51 67 72 87 6 16 29
18 29 18 22 31 56 74 7 43 87 6 16 29
14 61 14 42 7 57 63 65 51 67 72 87 6 31 68 74 20 40 25 33 61
69 73 69 76 7 62 72 87 6 16 35 13 20 73
42 67 42 30 44 55 67
11 67 11 63 65 30 44 55 58 68 74 7 14 28 6 37 51 67
19 30 19 38 65 30
87 43 87 6 16 35 39 76 7 43
56 70 56 74 7 62 70
8 44 8 40 68 69 76 30 44
69 20 69 63 65 51 67 72 87 6 31 56 25 33 49 41 76 30 44 55 58 68 74 20
74 86 74 20 39 87 6 86
34 48 34 48
42 7 42 7
15 7 15 22 51 67 72 87 6 16 35 39 7
35 58 35 13 74 7 14 25 63 65 51 67 72 87 6 31 43 44 55 58
68 57 68 69 63 65 30 44 55 67 72 87 6 37 49 76 7 14 28 41 57
3 37 3 37
11 41 11 63 65 51 67 72 87 6 37 49 41
18 33 18 76 30 44 55 58 68 74 20 40 25 33
42 55 42 51 67 72 87 6 37 76 30 44 55
41 44 41 76 30 44
62 41 62 72 87 6 16 35 13 28 41
26 55 26 42 30 44 55
8 55 8 40 68 74 20 55
4 57 4 26 28 41 76 7 57
58 79 58 68 34 79
9 52 9 20 56 25 38 26 28 37 51 67 72 87 6 16 29 48 52
18 52 18 76 7 62 72 87 6 37 52
58 84 58 68 69 76 7 62 72 87 6 31 56 25 79 84
42 72 42 30 44 55 67 72
31 77 31 68 69 76 7 14 28 41 63 65 51 67 72 87 6 77
2 33 2 33
51 29 51 67 72 87 6 16 29
42 52 42 30 48 52
38 86 38 26 28 35 39 58 68 74 20 55 67 72 87 6 37 48 52 64 86
56 33 56 37 49 69 63 65 51 67 72 87 6 16 35 39 58 68 74 20 40 25 33
46 16 46 13 26 42 62 72 87 6 16
2 77 2 9 20 55 58 67 72 87 6 77
37 79 37 49 69 63 65 51 67 72 87 6 16 35 39 76 7 43 44 79
22 63 22 31 43 87 6 37 76 7 57 63
6 48 6 16 35 13 29 48
38 48 38 65 51 67 72 87 6 31 68 74 7 14 37 48
20 73 20 40 25 38 65 51 67 73
4 13 4 74 20 39 76 7 43 44 55 67 72 87 6 16 35 13
68 16 68 74 20 56 37 51 67 72 87 6 16
22 81 22 51 80 81
11 63 11 63
3 70 3 27 44 55 58 68 74 20 40 70
39 84 39 7 57 63 65 30 44 84
15 13 15 22 43 87 6 16 35 13
35 80 35 13 68 34 48 75 80
14 88 14 34 79 88
21 6 21 26 42 62 72 87 6
38 30 38 63 65 30
57 83 57 72 87 6 16 35 13 68 69 76 30 44 79 83
18 83 18 22 43 87 6 37 52 80 81 83
23 84 23 37 72 87 6 31 43 44 55 58 68 34 79 84
49 41 49 41
2 60 2 13 26 28 60
35 44 35 13 26 42 62 72 87 6 37 76 30 44
11 84 11 68 34 79 84
1 13 1 13
39 83 39 7 43 44 79 83
11 48 11 63 65 51 67 72 87 6 37 76 7 14 34 48
23 71 23 37 52 64 71
69 63 69 63
41 71 41 57 72 87 6 16 29 48 52 64 71
69 55 69 63 65 51 67 72 87 6 16 35 39 58 68 74 7 43 44 55
15 86 15 64 86
4 13 4 49 69 63 65 51 67 72 87 6 16 35 13
43 83 43 44 79 83
8 48 8 13 29 48
18 7 18 20 39 58 68 74 7
9 48 9 62 72 87 6 31 34 48
15 34 15 30 34
57 86 57 63 65 51 86
63 83 63 65 30 48 75 80 81 83
42 16 42 51 67 72 87 6 16
38 64 38 26 28 41 76 30 34 59 64
76 6 76 7 62 72 87 6
11 30 11 68 74 7 57 72 87 6 37 49 69 63 65 30
4 41 4 26 28 87 6 37 49 41
51 86 51 67 72 86
18 50 18 20 40 25 33 49 41 50
33 48 33 49 69 76 7 43 44 55 58 68 74 20 40 25 63 65 51 67 72 87 6 31 34 48
18 30 18 22 51 67 72 87 6 16 35 39 65 30
15 77 15 26 28 87 6 77
15 81 15 26 28 41 70 81
35 50 35 13 26 42 62 72 87 6 37 49 41 50
74 50 74 20 39 7 14 28 68 69 76 30 44 55 58 67 72 87 6 37 49 41 50
30 48 30 34 48
68 72 68 74 7 57 63 65 51 67 72
69 30 69 63 65 30
39 80 39 65 51 80
11 48 11 68 34 48
7 84 7 14 34 79 84
18 57 18 20 39 7 57
28 16 28 68 74 20 40 25 63 65 51 67 72 87 6 16
2 50 2 56 74 20 39 58 68 69 63 65 51 67 72 87 6 37 49 41 50
37 83 37 51 80 81 83
49 43 49 69 63 65 30 44 55 67 72 87 6 31 56 74 7 43
76 59 76 30 44 55 67 72 87 6 16 35 59
15 34 15 22 34
15 48 15 30 48
46 88 46 43 87 6 37 48 75 88
46 59 46 43 44 55 58 67 72 87 6 37 49 69 76 7 57 63 65 51 59
4 34 4 7 62 72 87 6 37 49 76 30 34
39 55 39 87 6 31 56 37 76 30 44 55
4 50 4 49 41 50
31 58 31 56 25 62 72 87 6 37 49 76 30 44 55 58
42 26 42 30 44 55 58 68 69 76 7 57 72 87 6 16 35 13 26
72 79 72 87 6 16 35 13 20 40 25 63 65 30 34 79
14 41 14 28 41
9 44 9 20 39 76 7 57 63 65 30 44
58 55 58 68 69 76 30 44 55
46 82 46 13 26 28 82
11 71 11 59 64 71
3 63 3 37 76 7 14 28 41 63
62 80 62 72 87 6 31 34 48 75 80
57 71 57 63 65 51 67 72 87 6 71
3 25 3 33 51 67 72 87 6 37 49 76 30 44 55 58 68 74 7 14 25
2 86 2 56 37 48 52 64 86
31 59 31 59
74 13 74 20 39 87 6 16 35 13
51 48 51 67 72 87 6 16 29 48
56 50 56 74 20 39 58 68 69 76 7 14 25 33 49 41 50
38 60 38 63 65 51 67 72 87 6 16 35 13 60
23 66 23 66
28 57 28 68 74 20 39 7 57
43 67 43 44 55 58 67
6 84 6 31 34 79 84
35 70 35 13 68 69 63 65 51 67 72 87 6 37 49 41 70
65 63 65 51 67 72 87 6 16 35 39 7 57 63
49 88 49 69 63 65 51 67 72 87 6 31 34 48 75 88
30 79 30 44 79
19 30 19 38 26 42 51 67 72 87 6 31 68 74 7 57 63 65 30
87 63 87 6 16 35 13 28 41 63
15 29 15 26 42 30 44 55 58 67 72 87 6 16 29
16 84 16 87 6 37 49 76 30 34 79 84
22 59 22 31 68 69 63 65 51 59
65 73 65 30 44 55 67 73
11 73 11 63 65 51 67 73
11 83 11 63 65 30 48 52 80 81 83
76 16 76 30 44 55 58 67 72 87 6 16
87 52 87 6 31 43 52
13 52 13 20 55 58 67 72 87 6 31 34 48 52
68 52 68 34 48 52
69 29 69 63 65 30 44 55 58 68 74 20 39 7 57 72 87 6 16 29
68 73 68 69 63 65 51 67 73
49 48 49 72 87 6 16 29 48
39 6 39 58 68 74 7 14 25 62 72 87 6
85 81 85 25 62 70 81
11 84 11 63 65 51 67 72 87 6 37 49 76 30 44 84
42 51 42 7 57 63 65 30 44 55 67 72 87 6 16 35 13 74 20 40 25 33 51
38 50 38 63 65 51 67 72 87 6 37 49 41 50
3 9 3 9
4 55 4 49 76 30 44 55
30 61 30 44 55 67 72 87 6 31 68 74 20 56 25 33 61
4 84 4 30 44 84
46 86 46 13 68 69 76 7 64 86
56 78 56 25 33 51 67 72 87 6 37 76 30 44 55 58 68 74 7 57 78
8 52 8 62 72 87 6 31 43 52
35 55 35 39 58 68 74 7 62 72 87 6 37 76 30 44 55
63 29 63 65 30 44 55 58 67 72 87 6 16 29
35 25 35 13 74 20 39 87 6 31 56 25
25 83 25 63 65 51 67 72 87 6 31 34 79 83
35 84 35 13 84
1 66 1 2 23 66
28 73 28 87 6 31 43 44 55 58 67 73
1 34 1 37 49 76 7 14 25 33 62 72 87 6 31 56 74 20 55 58 68 34
16 84 16 35 13 20 55 58 67 72 87 6 31 56 37 76 30 44 79 84
37 84 37 76 30 44 84
42 25 42 62 72 87 6 31 68 74 20 40 25
28 34 28 41 57 63 65 30 34
26 80 26 28 6 31 34 48 75 80
27 80 27 44 55 67 72 87 6 31 56 74 7 14 42 51 80
39 44 39 58 67 72 87 6 37 76 30 44
49 58 49 41 57 63 65 51 67 72 87 6 31 68 74 7 43 44 55 58
13 48 13 20 39 7 43 44 55 58 68 34 48
40 20 40 25 63 65 30 44 55 58 67 72 87 6 16 35 13 26 28 68 74 20
15 43 15 30 44 55 67 72 87 6 37 49 41 76 7 43
68 75 68 34 48 75
15 29 15 26 42 51 67 72 87 6 16 29
33 29 33 49 69 63 65 51 67 72 87 6 16 29
16 67 16 35 13 74 7 62 72 87 6 31 68 69 63 65 30 44 55 58 67
62 13 62 72 87 6 16 35 13
38 33 38 65 51 67 72 87 6 37 76 7 14 42 30 44 55 58 68 74 20 40 25 33
19 33 19 33
76 44 76 7 43 44
39 55 39 58 67 72 87 6 31 56 74 7 57 63 65 30 44 55
8 13 8 13
39 86 39 7 62 59 64 86
31 78 31 68 78
68 77 68 74 20 55 58 77
26 67 26 42 7 57 72 87 6 16 35 13 74 20 39 76 30 44 55 58 67
51 44 51 67 72 87 6 31 56 37 76 30 44
8 16 8 13 74 7 57 72 87 6 16
87 44 87 6 16 35 39 7 57 63 65 30 44
56 16 56 37 76 30 44 55 58 67 72 87 6 16
40 88 40 25 38 26 88
22 25 22 43 87 6 31 56 25
58 67 58 68 69 76 30 44 55 67
7 71 7 43 52 71
39 82 39 58 68 69 70 82
63 55 63 65 51 67 72 87 6 16 35 13 74 7 43 44 55
15 86 15 30 48 52 64 86
9 71 9 71
68 13 68 74 7 43 87 6 16 35 13
3 63 3 37 51 67 72 87 6 31 43 44 55 58 68 74 7 57 63
68 59 68 69 63 65 30 34 59
38 26 38 26
40 77 40 25 35 13 74 20 56 37 76 7 57 72 87 6 77
30 81 30 44 55 67 72 87 6 31 43 52 80 81
13 79 13 74 7 14 25 38 63 65 30 34 79
72 67 72 87 6 37 76 30 44 55 58 68 69 63 65 51 67
46 7 46 13 74 20 56 25 38 26 42 7
68 73 68 74 20 39 58 67 73
38 6 38 65 51 67 72 87 6
13 79 13 28 68 34 79
28 13 28 68 74 7 43 87 6 31 56 25 35 13
76 73 76 7 14 42 30 44 55 58 68 74 20 73
63 83 63 65 30 34 79 83
22 34 22 34
2 80 2 33 62 72 87 6 31 34 48 75 80
11 80 11 68 69 63 65 30 48 52 80
3 67 3 38 65 51 67
43 83 43 87 6 31 34 79 83
63 81 63 65 51 67 72 87 6 16 29 48 52 80 81
65 51 65 51
3 44 3 33 49 76 7 14 42 30 44
40 72 40 68 69 63 65 51 67 72
9 52 9 62 72 87 6 37 49 69 76 7 43 52
74 84 74 7 62 72 87 6 31 68 34 79 84
11 86 11 59 64 86
65 59 65 51 67 72 87 6 16 35 13 28 37 49 59
46 58 46 43 44 55 58
11 88 11 63 65 51 67 72 88
23 44 23 37 72 87 6 31 43 44
69 77 69 76 7 62 72 87 77
46 88 46 13 74 7 57 63 65 51 67 72 88
7 52 7 43 44 55 67 72 87 6 16 35 39 76 30 34 48 52
68 41 68 69 76 7 62 72 87 6 37 49 41
38 88 38 26 28 6 31 56 74 7 57 63 65 51 67 72 88
39 88 39 65 30 48 88
62 63 62 72 87 6 16 35 39 7 57 63
69 20 69 76 7 14 42 62 72 87 6 31 43 44 55 58 68 74 20
74 48 74 7 62 72 87 6 16 29 48
15 83 15 30 34 79 83
35 43 35 39 7 43
85 29 85 25 63 65 30 44 55 58 67 72 87 6 16 29
76 73 76 30 44 55 67 73
34 84 34 79 84
19 29 19 56 25 63 65 30 44 55 58 68 74 7 57 72 87 6 16 29
8 78 8 41 49 69 63 65 51 67 72 87 6 31 43 44 55 58 68 78
21 25 21 13 28 37 49 69 76 7 57 72 87 6 31 68 74 20 40 25
63 48 63 65 51 67 72 87 6 16 29 48
28 86 28 35 13 29 48 52 64 86
26 84 26 28 35 13 20 40 25 33 49 69 63 65 30 34 79 84
41 71 41 76 30 48 52 64 71
35 78 35 39 7 57 78
19 83 19 62 70 81 83
14 25 14 25
8 34 8 40 25 62 72 87 6 16 35 39 7 14 34
6 50 6 37 49 41 50
40 58 40 25 33 51 67 72 87 6 37 76 30 44 55 58
40 20 40 68 74 20
40 72 40 68 69 76 30 44 55 67 72
42 41 42 51 67 72 87 6 16 35 13 28 41
1 30 1 13 20 56 74 7 43 87 6 16 35 39 76 30
74 77 74 20 56 25 35 77
1 86 1 7 62 72 87 6 16 29 48 52 64 86
38 89 38 89
49 7 49 72 87 6 16 35 39 76 7
15 37 15 22 31 56 37
69 55 69 76 30 44 55
31 52 31 43 87 6 37 52
19 55 19 69 76 30 44 55
25 84 25 33 51 67 72 87 6 31 43 44 79 84
8 48 8 28 6 31 68 69 76 30 48
41 86 41 49 76 7 14 28 87 6 86
2 43 2 9 20 40 68 74 7 43
76 6 76 7 62 72 87 6
22 34 22 34
8 86 8 13 68 74 20 56 37 52 64 86
8 70 8 41 57 63 65 30 44 55 58 68 74 20 40 70
85 81 85 25 40 70 81
8 33 8 41 49 76 7 14 25 33
1 80 1 34 48 75 80
76 43 76 7 43
40 43 40 25 38 26 28 41 76 7 43
1 20 1 13 26 28 37 49 76 30 44 55 67 72 87 6 31 68 74 20
19 13 19 43 87 6 16 35 13
68 84 68 74 7 43 44 79 84
3 75 3 37 76 7 14 34 48 75
49 48 49 41 76 30 44 55 67 72 87 6 37 48
18 63 18 58 68 69 63
31 41 31 68 69 63 65 30 44 55 67 72 87 6 37 49 41
2 61 2 33 61
22 67 22 31 68 69 76 7 43 87 6 16 35 13 20 39 58 67
76 52 76 7 62 72 87 6 16 29 48 52
51 44 51 67 72 87 6 37 49 41 57 63 65 30 44
69 6 69 76 30 44 55 67 72 87 6
2 26 2 9 20 40 68 74 7 14 37 51 67 72 87 6 16 35 13 26
37 80 37 51 67 72 87 6 31 34 48 75 80
2 79 2 33 51 67 72 87 6 31 43 44 79
43 29 43 44 55 58 68 74 7 14 28 41 57 72 87 6 16 29
31 25 31 56 25
2 13 2 9 20 39 76 30 44 55 67 72 87 6 16 35 13
28 88 28 87 6 31 56 74 7 57 63 65 30 44 55 67 72 88
65 52 65 51 67 72 87 6 37 48 52
65 7 65 51 67 72 87 6 16 35 13 28 37 49 69 76 7
18 64 18 76 7 64
22 37 22 51 67 72 87 6 37
23 86 23 49 69 63 65 51 59 64 86
33 67 33 51 67
76 88 76 30 34 79 88
49 78 49 76 7 57 78
74 48 74 20 55 58 67 72 87 6 37 48
21 78 21 42 7 14 25 33 49 76 30 44 55 67 72 87 6 31 68 78
33 48 33 62 72 87 6 31 56 37 48
21 7 21 42 62 72 87 6 37 76 7
56 55 56 25 38 63 65 51 67 72 87 6 16 35 39 76 30 44 55
41 73 41 49 69 76 7 14 25 38 26 42 62 72 87 6 16 35 13 28 37 51 67 73
31 77 31 68 74 20 39 58 67 72 87 77
21 81 21 13 29 48 52 80 81
14 75 14 34 48 75
41 48 41 63 65 51 67 72 87 6 16 29 48
28 51 28 68 74 7 43 44 55 67 72 87 6 31 56 37 49 41 63 65 51
7 52 7 43 52
9 75 9 62 72 87 6 16 35 13 26 28 68 69 76 30 48 75
18 60 18 58 67 72 87 6 16 35 13 60
87 75 87 6 31 56 25 35 13 29 48 75
74 75 74 7 57 63 65 30 48 75
70 81 70 81
4 75 4 49 76 7 43 87 6 31 34 48 75
2 59 2 13 68 69 76 7 43 87 6 16 35 59
35 75 35 13 74 7 62 72 87 6 16 29 48 75
4 48 4 23 37 51 67 72 87 6 31 34 48
35 83 35 39 58 68 34 48 52 80 81 83
18 89 18 20 39 87 77 89
65 82 65 51 67 72 87 6 71 82
40 63 40 68 69 76 7 57 63
13 55 13 26 42 51 67 72 87 6 37 76 7 57 63 65 30 44 55
62 88 62 72 87 6 88
18 70 18 76 30 44 55 67 72 87 6 16 35 13 74 7 14 25 40 68 69 70
31 67 31 56 25 40 68 69 76 7 43 44 55 67
6 83 6 37 51 80 81 83
19 82 19 56 25 63 65 51 59 64 71 82
56 80 56 37 48 52 80
74 30 74 7 43 44 55 67 72 87 6 16 35 13 28 68 69 63 65 30
28 25 28 68 74 7 14 25
35 44 35 39 65 30 44
42 60 42 7 14 25 63 65 51 67 72 87 6 37 49 41 50 60
8 43 8 40 25 33 49 72 87 6 31 68 74 7 43
3 27 3 27
40 59 40 68 69 63 65 51 67 72 87 6 31 34 59
49 67 49 41 63 65 51 67
38 63 38 65 30 44 55 58 68 74 20 39 76 7 14 37 49 69 63
22 37 22 31 68 74 7 43 87 6 37
31 64 31 68 69 63 65 51 67 72 87 6 37 49 76 30 34 48 52 64
1 83 1 49 72 87 6 16 29 48 75 80 81 83
35 70 35 39 7 62 70
1 59 1 34 59
22 86 22 43 52 64 86
39 16 39 58 67 72 87 6 16
21 75 21 58 68 34 48 75
31 58 31 68 69 76 30 44 55 58
28 58 28 41 57 63 65 51 67 72 87 6 16 35 13 26 42 7 14 37 49 69 76 30 44 55 58
68 89 68 69 76 7 14 34 59 89
14 83 14 37 49 76 7 57 72 87 6 16 29 48 75 80 81 83
14 64 14 25 40 68 74 7 62 59 64
62 88 62 72 88
21 81 21 9 20 40 70 81
40 59 40 25 62 59
20 79 20 39 65 30 34 79
85 89 85 89
1 59 1 7 62 72 87 6 37 51 59
8 41 8 41
27 75 27 44 55 58 68 69 63 65 30 48 75
76 58 76 7 57 63 65 30 44 55 58
46 6 46 13 28 37 51 67 72 87 6
30 71 30 34 59 64 71
14 79 14 34 79
35 55 35 13 74 20 40 68 69 76 7 62 72 87 6 31 43 44 55
20 81 20 55 58 68 34 48 75 80 81
58 84 58 67 72 87 6 16 35 13 26 28 41 49 69 63 65 30 34 79 84
19 37 19 38 65 30 44 55 58 67 72 87 6 37
15 26 15 26
33 86 33 49 69 76 30 44 55 67 72 86
39 70 39 58 68 74 20 40 70
11 25 11 68 74 7 14 25
74 41 74 20 40 68 69 76 7 43 87 6 31 56 37 49 41
7 48 7 14 28 87 6 31 56 74 20 40 68 69 76 30 48
3 80 3 9 62 72 87 6 16 29 48 75 80
37 83 37 52 80 81 83
33 29 33 49 69 63 65 30 44 55 67 72 87 6 16 29
40 33 40 25 33
39 51 39 76 30 44 55 58 68 74 7 14 28 87 6 16 35 13 26 42 51
65 55 65 30 44 55
58 73 58 67 73
14 59 14 34 59
27 55 27 44 55
2 32 2 23 32
41 50 41 50
28 89 28 77 89
7 83 7 62 72 87 6 37 76 30 34 48 52 80 81 83
1 81 1 34 48 75 80 81
46 78 46 43 44 55 67 72 87 6 31 56 74 20 39 76 7 57 78
14 63 14 28 37 51 67 72 87 6 31 68 74 7 57 63
19 83 19 56 25 38 63 65 51 67 72 87 6 16 29 48 52 80 81 83
65 29 65 51 67 72 87 6 16 29
11 30 11 63 65 51 67 72 87 6 31 43 44 55 58 68 69 76 30
56 6 56 37 49 72 87 6
51 79 51 67 72 87 6 31 68 74 7 14 34 79
40 67 40 68 74 7 62 72 87 6 16 35 39 76 30 44 55 67
2 52 2 56 37 51 67 72 87 6 31 34 48 52
8 26 8 41 63 65 51 67 72 87 6 16 35 13 26
15 41 15 30 44 55 58 68 69 63 65 51 67 72 87 6 37 49 41
2 52 2 13 28 37 72 87 6 31 68 34 48 52
3 59 3 30 34 59
65 48 65 30 34 48
3 55 3 27 44 55
22 88 22 34 79 88
65 26 65 30 44 55 58 67 72 87 6 16 35 13 26
58 29 58 67 72 87 6 16 29
11 73 11 68 74 20 73
46 16 46 13 28 68 74 7 14 37 51 67 72 87 6 16
56 80 56 37 72 87 6 16 35 39 58 68 34 48 75 80
51 84 51 67 72 87 6 37 76 30 44 84
65 58 65 51 67 72 87 6 16 35 13 20 39 7 43 44 55 58
19 75 19 56 25 35 13 68 34 48 75
42 81 42 51 67 72 87 6 31 68 34 48 52 80 81
76 73 76 30 44 55 67 73
51 75 51 67 72 87 6 37 49 41 57 63 65 30 48 75
39 58 39 58
1 50 1 7 14 42 62 72 87 6 16 35 13 26 28 41 50
25 84 25 40 68 74 7 14 28 37 49 41 76 30 44 84
49 51 49 76 7 57 72 87 6 37 51
22 26 22 31 68 74 7 62 72 87 6 16 35 13 26
87 48 87 6 37 76 30 48
76 73 76 30 44 55 58 67 73
8 29 8 13 26 28 68 69 63 65 30 44 55 67 72 87 6 16 29
39 81 39 58 67 72 87 6 37 51 80 81
28 73 28 87 6 31 68 74 20 73
13 44 13 20 40 25 33 49 41 76 7 57 72 87 6 16 35 39 65 30 44
85 51 85 25 63 65 51
41 50 41 50
16 50 16 35 13 74 20 40 68 69 63 65 30 44 55 58 67 72 87 6 37 49 41 50
1 43 1 39 7 57 72 87 6 31 43
46 64 46 43 44 55 67 72 87 6 16 29 48 52 64
42 84 42 30 34 79 84
49 72 49 69 76 30 44 55 58 68 74 7 43 87 6 16 35 39 65 51 67 72
9 81 9 62 70 81
22 60 22 43 87 6 16 35 13 60
46 77 46 43 52 77
16 84 16 87 6 31 34 79 84
41 52 41 49 69 63 65 30 48 52
6 83 6 37 48 75 80 81 83
33 67 33 49 69 63 65 30 44 55 67
35 57 35 39 7 57
35 79 35 39 58 67 72 87 6 37 76 30 34 79
19 6 19 69 63 65 30 44 55 67 72 87 6
58 67 58 68 69 76 7 62 72 87 6 37 51 67
22 75 22 34 48 75
14 26 14 28 35 13 26
39 13 39 58 67 72 87 6 16 35 13
19 51 19 38 63 65 30 44 55 67 72 87 6 16 35 13 20 56 74 7 14 37 51
62 80 62 72 87 6 31 34 48 75 80
23 55 23 37 51 67 72 87 6 16 35 39 65 30 44 55
38 64 38 26 28 87 6 16 35 39 76 7 43 52 64
41 83 41 57 72 87 6 37 76 30 44 79 83
22 71 22 34 48 52 64 71
49 26 49 69 63 65 51 67 72 87 6 16 35 13 26
74 41 74 7 14 28 41
3 41 3 38 26 42 62 72 87 6 16 35 13 20 39 76 7 14 28 37 49 41
62 88 62 72 88
62 86 62 59 64 86
46 25 46 13 74 20 55 67 72 87 6 31 56 25
28 88 28 6 88
49 61 49 69 63 65 30 44 55 58 67 72 87 6 31 68 74 20 40 25 33 61
34 48 34 48
56 78 56 74 7 62 72 87 6 16 35 13 20 40 68 78
69 67 69 76 30 44 55 58 68 74 7 62 72 87 6 31 56 37 49 41 57 63 65 51 67
11 30 11 68 69 63 65 30
34 48 34 48
76 81 76 30 44 55 67 72 87 6 31 68 34 48 52 80 81
19 55 19 38 26 28 41 49 72 87 6 37 76 30 44 55
74 52 74 20 39 7 14 37 72 87 6 16 29 48 52
72 80 72 87 6 16 29 48 75 80
85 29 85 25 62 72 87 6 16 29
2 71 2 13 20 56 64 71
31 72 31 43 44 55 67 72
39 57 39 58 68 69 76 7 57
19 33 19 38 63 65 30 44 55 58 68 69 76 7 43 87 6 31 56 74 20 40 25 33
8 33 8 28 35 13 20 40 25 33
21 20 21 42 7 62 72 87 6 31 56 74 20
39 77 39 7 14 25 62 72 87 77
40 52 40 68 34 48 52
11 60 11 60
85 61 85 25 33 61
30 71 30 44 55 67 72 87 6 31 59 64 71
76 79 76 7 43 44 79
23 81 23 49 69 70 81
18 80 18 76 30 44 55 58 68 69 63 65 51 80
21 20 21 26 28 87 6 31 68 74 20
63 44 63 65 51 67 72 87 6 16 35 39 58 68 74 20 56 37 76 30 44
35 16 35 39 76 30 44 55 58 67 72 87 6 16
65 50 65 51 67 72 87 6 31 68 69 76 7 14 37 49 41 50
1 88 1 37 51 67 72 87 6 31 56 25 35 39 65 30 48 75 88
8 86 8 13 68 34 86
49 63 49 69 63
56 6 56 74 20 39 58 67 72 87 6
28 26 28 87 6 16 35 13 26
40 89 40 25 62 59 89
6 84 6 31 68 34 79 84
87 88 87 6 16 35 13 68 74 7 14 34 48 88
15 59 15 26 42 7 14 28 37 76 30 34 59
69 64 69 63 65 30 34 48 52 64
56 82 56 37 48 75 82
31 37 31 56 74 7 14 25 38 26 42 30 44 55 67 72 87 6 37
21 29 21 13 68 74 20 56 37 51 67 72 87 6 16 29
3 64 3 38 63 65 51 67 72 87 6 16 29 48 52 64
14 29 14 37 51 67 72 87 6 16 29
39 37 39 76 7 57 63 65 51 67 72 87 6 37
21 52 21 26 28 35 13 29 48 52
35 55 35 13 26 42 7 57 63 65 51 67 72 87 6 37 49 69 76 30 44 55
1 82 1 13 26 42 30 48 75 82
87 41 87 6 37 49 41
65 64 65 51 59 64
68 58 68 74 20 56 37 72 87 6 16 35 13 26 28 41 49 76 30 44 55 58
31 57 31 56 74 20 55 58 68 69 76 7 62 72 87 6 16 35 13 28 37 49 41 57
74 63 74 7 14 25 33 62 72 87 6 31 43 44 55 58 68 69 63
7 50 7 14 37 49 41 50
1 34 1 37 51 67 72 87 6 31 34
8 29 8 41 63 65 51 67 72 87 6 16 29
22 73 22 51 67 73
28 77 28 35 39 58 77
3 71 3 64 71
3 29 3 9 62 72 87 6 16 29
13 29 13 26 42 51 67 72 87 6 16 29
51 73 51 67 73
3 48 3 38 65 30 48
87 61 87 6 16 35 39 58 68 74 7 14 25 33 61
22 13 22 43 87 6 16 35 13
33 50 33 62 72 87 6 16 35 13 26 28 41 50
56 71 56 37 51 67 72 87 6 16 35 59 64 71
2 41 2 13 26 28 41
39 70 39 76 30 44 55 58 67 72 87 6 16 35 13 26 28 41 70
26 75 26 42 51 67 72 87 6 31 56 37 49 41 63 65 30 34 48 75
69 72 69 63 65 51 67 72
19 43 19 38 26 28 35 13 68 74 20 56 25 33 51 67 72 87 6 31 43
4 41 4 49 41
8 59 8 62 72 87 6 37 59
26 83 26 28 35 13 20 39 76 30 34 79 83
34 80 34 48 52 80
65 44 65 51 67 72 87 6 37 49 69 76 30 44
3 77 3 37 77
85 73 85 25 62 72 87 6 16 35 13 28 68 69 76 7 14 42 30 44 55 58 67 73
8 55 8 62 72 87 6 16 35 13 28 41 76 7 43 44 55
4 44 4 7 57 72 87 6 37 49 69 76 30 44
49 75 49 69 76 30 34 48 75
46 13 46 13
69 71 69 63 65 51 59 64 71
38 20 38 63 65 51 67 72 87 6 16 35 13 74 20
33 50 33 49 41 50
34 86 34 59 64 86
18 7 18 20 56 74 7
2 80 2 13 68 34 48 75 80
65 26 65 51 67 72 87 6 16 35 13 26
31 16 31 56 37 51 67 72 87 6 16
19 79 19 38 65 30 34 79
3 57 3 27 44 55 58 67 72 87 6 37 49 76 7 57
20 52 20 56 25 35 13 26 42 51 67 72 87 6 31 34 48 52
27 55 27 44 55
69 79 69 63 65 30 44 79
69 43 69 63 65 51 67 72 87 6 16 35 39 7 43
56 81 56 74 7 14 42 51 67 72 87 6 31 68 69 70 81
19 6 19 38 65 30 44 55 58 67 72 87 6
74 30 74 7 43 87 6 16 35 13 28 68 69 63 65 30
38 72 38 26 42 30 44 55 67 72
23 71 23 49 72 87 6 71
1 9 1 2 9
30 79 30 44 79
39 43 39 7 57 63 65 51 67 72 87 6 31 43
56 43 56 74 7 62 72 87 6 31 43
56 6 56 25 63 65 30 44 55 58 67 72 87 6
11 89 11 59 89
38 41 38 63 65 51 67 72 87 6 31 43 44 55 58 68 74 20 56 37 49 41
51 81 51 80 81
65 70 65 30 44 55 58 68 69 76 7 62 72 87 6 37 49 41 70
18 78 18 22 31 68 78
51 86 51 59 64 86
62 72 62 72
14 26 14 42 7 43 44 55 58 67 72 87 6 16 35 13 26
11 71 11 59 64 71
16 81 16 29 48 52 80 81
56 51 56 25 38 65 30 44 55 67 72 87 6 37 51
68 89 68 74 20 55 67 72 87 77 89
68 75 68 74 7 57 63 65 51 67 72 87 6 37 49 76 30 48 75
23 67 23 37 51 67
69 83 69 70 81 83
74 57 74 7 57
76 50 76 30 44 55 58 68 69 63 65 51 67 72 87 6 37 49 41 50
28 37 28 37
69 55 69 63 65 30 44 55
62 7 62 72 87 6 37 49 69 76 7
49 80 49 76 30 48 75 80
42 25 42 51 67 72 87 6 31 68 74 20 40 25
42 73 42 62 72 87 6 31 56 37 51 67 73
42 64 42 62 59 64
62 50 62 72 87 6 16 35 13 26 28 37 49 41 50
26 84 26 28 68 69 76 7 62 72 87 6 31 34 79 84
46 41 46 13 28 41
3 27 3 27
40 60 40 25 62 72 87 6 31 68 74 20 56 37 49 41 76 7 14 28 60
76 30 76 30
63 81 63 65 51 67 72 87 6 16 29 48 75 80 81
2 72 2 9 62 72
28 34 28 37 76 30 34
28 89 28 37 59 89
35 25 35 39 7 14 25
2 89 2 33 62 59 89
40 63 40 68 69 63
51 84 51 67 72 87 6 16 35 13 20 39 76 7 14 34 79 84
1 32 1 2 23 32
85 30 85 25 35 13 28 68 74 7 14 37 76 30
30 44 30 44
2 6 2 23 49 41 76 7 43 87 6
69 71 69 76 7 62 72 87 6 37 59 64 71
2 70 2 23 37 51 67 72 87 6 16 35 39 7 62 70
33 81 33 51 67 72 87 6 37 52 80 81
58 67 58 68 74 7 57 72 87 6 31 43 44 55 67
8 84 8 40 25 35 39 87 6 31 43 44 79 84
31 7 31 56 37 76 7
59 86 59 64 86
69 61 69 76 7 62 72 87 6 16 35 13 28 37 49 41 57 63 65 30 44 55 58 68 74 20 56 25 33 61
22 59 22 34 59
4 23 4 23
39 13 39 65 30 44 55 58 67 72 87 6 16 35 13
51 84 51 67 72 87 6 31 56 25 33 49 41 63 65 30 34 79 84
41 80 41 49 72 87 6 16 29 48 52 80
1 75 1 51 67 72 87 6 31 34 48 75
40 50 40 25 38 63 65 51 67 72 87 6 16 35 13 28 41 50
39 33 39 65 51 67 72 87 6 37 49 69 76 30 44 55 58 68 74 20 40 25 33
87 30 87 6 31 43 44 55 58 68 69 76 30
56 30 56 74 7 43 87 6 37 76 30
14 51 14 37 49 41 63 65 51
21 88 21 26 42 51 67 72 87 6 16 29 48 88
56 48 56 37 48
56 83 56 74 7 43 52 80 81 83
28 82 28 64 71 82
6 83 6 37 48 75 80 81 83
19 34 19 69 76 30 34
21 26 21 58 68 69 63 65 30 44 55 67 72 87 6 31 56 25 38 26
18 71 18 58 68 74 7 43 44 55 67 72 87 6 37 59 64 71
35 6 35 39 76 7 43 87 6
2 77 2 33 49 69 63 65 51 67 72 87 77
74 50 74 7 62 72 87 6 37 49 41 50
15 70 15 30 44 55 58 67 72 87 6 31 68 69 70
9 55 9 62 72 87 6 37 49 69 76 30 44 55
15 82 15 64 82
42 20 42 51 67 72 87 6 37 49 76 7 14 28 35 13 74 20
4 64 4 23 49 69 63 65 30 44 55 67 72 87 6 37 51 59 64
23 52 23 49 72 87 6 37 52
38 73 38 65 30 44 55 67 73
38 43 38 63 65 30 44 55 67 72 87 6 31 68 69 76 7 43
56 60 56 25 35 13 60
3 83 3 33 49 76 7 43 87 6 31 34 79 83
31 67 31 43 44 55 58 67
21 58 21 9 62 72 87 6 16 35 39 7 57 63 65 30 44 55 58
62 79 62 72 87 6 31 34 79
13 55 13 20 55
87 16 87 6 16
30 86 30 48 52 64 86
69 51 69 76 7 62 72 87 6 37 49 41 57 63 65 51
68 6 68 74 7 62 72 87 6
49 6 49 41 57 72 87 6
25 83 25 33 62 70 81 83
40 43 40 25 33 62 72 87 6 31 56 74 7 43
57 48 57 72 87 6 16 29 48
62 64 62 59 64
42 55 42 51 67 72 87 6 16 35 39 7 57 63 65 30 44 55
39 59 39 7 43 87 6 37 49 59
65 58 65 51 67 72 87 6 37 76 7 43 44 55 58
25 52 25 63 65 51 67 72 87 6 16 35 13 28 41 49 76 30 44 55 58 68 34 48 52
62 20 62 72 87 6 16 35 13 20
2 9 2 9
8 13 8 13
62 81 62 70 81
69 13 69 63 65 30 44 55 58 68 74 20 56 37 49 41 76 7 62 72 87 6 16 35 13
18 71 18 22 43 44 55 67 72 87 6 71
23 73 23 37 76 7 57 63 65 30 44 55 67 73
30 52 30 44 55 67 72 87 6 31 56 37 52
85 52 85 25 33 62 72 87 6 31 34 48 52
42 6 42 62 72 87 6
27 50 27 44 55 58 67 72 87 6 37 49 41 50
3 63 3 37 76 7 14 42 62 72 87 6 16 35 39 65 30 44 55 58 68 74 20 40 25 63
3 41 3 33 49 41
56 52 56 74 7 14 34 48 52
21 63 21 58 68 69 63
13 71 13 68 34 59 64 71
42 48 42 62 72 87 6 37 49 76 7 14 34 48
42 77 42 51 67 72 87 6 77
4 51 4 23 37 72 87 6 31 56 25 38 63 65 51
31 71 31 34 59 64 71
7 86 7 64 86
37 75 37 51 67 72 87 6 16 29 48 75
19 30 19 56 25 62 72 87 6 31 43 44 55 58 68 69 63 65 30
38 29 38 63 65 30 44 55 67 72 87 6 16 29
42 64 42 62 59 64
72 83 72 87 6 37 52 80 81 83
46 84 46 13 84
74 79 74 20 39 65 51 67 72 87 6 37 76 30 44 79
62 79 62 72 87 6 16 35 13 20 40 25 79
33 50 33 62 72 87 6 31 68 74 7 14 25 35 13 28 41 50
65 30 65 51 67 72 87 6 31 68 74 20 40 25 38 26 28 37 76 7 14 42 30
74 13 74 20 40 25 35 13
22 89 22 89
63 67 63 65 30 44 55 58 68 69 76 7 14 42 51 67
39 51 39 58 68 69 63 65 51
6 55 6 31 43 44 55
69 70 69 63 65 30 44 55 58 67 72 87 6 37 76 7 62 70
76 16 76 7 43 87 6 16
40 37 40 25 35 13 74 20 56 37
35 72 35 39 7 43 87 6 37 51 67 72
28 64 28 41 49 76 30 34 48 52 64
19 86 19 43 52 64 86
21 81 21 42 30 48 75 80 81
69 7 69 76 30 44 55 67 72 87 6 31 68 74 7
11 59 11 68 34 59
11 73 11 68 69 76 30 44 55 67 73
62 58 62 72 87 6 37 76 30 44 55 58
15 77 15 22 43 87 77
85 84 85 25 35 13 74 7 43 44 55 67 72 87 6 31 56 37 76 30 34 79 84
65 70 65 30 44 55 58 67 72 87 6 16 35 39 7 62 70
42 44 42 30 44
21 73 21 26 73
28 70 28 41 57 63 65 51 67 72 87 6 16 35 39 76 7 14 42 30 44 55 58 68 69 70
49 6 49 41 63 65 30 44 55 67 72 87 6
87 72 87 6 37 76 30 44 55 67 72
1 26 1 49 69 76 7 43 87 6 31 68 74 20 56 25 35 13 26
87 86 87 6 16 35 39 76 7 14 37 52 64 86
3 51 3 37 51
33 67 33 62 72 87 6 37 76 7 57 63 65 30 44 55 58 67
3 41 3 27 44 55 58 67 72 87 6 31 68 69 76 7 14 28 41
63 79 63 65 30 34 79
35 83 35 39 65 30 48 75 80 81 83
68 55 68 74 20 40 25 63 65 30 44 55
49 64 49 41 76 7 62 72 87 6 31 34 48 52 64
14 84 14 28 37 76 7 57 72 87 6 31 43 44 55 84
68 58 68 69 76 30 44 55 58
56 7 56 37 76 30 44 55 67 72 87 6 16 35 13 74 7
2 72 2 23 37 49 72
14 59 14 34 59
16 84 16 87 6 31 43 44 84
19 89 19 43 44 84 89
31 78 31 56 74 20 40 78
46 59 46 43 44 55 67 72 87 6 31 59
19 71 19 56 37 48 52 64 71
87 20 87 6 31 68 74 20
62 55 62 72 87 6 31 43 44 55
63 79 63 65 51 67 72 87 6 31 34 79
4 67 4 26 28 41 63 65 51 67
40 30 40 68 74 7 57 63 65 51 67 72 87 6 37 76 30
22 59 22 34 59
1 81 1 13 28 41 70 81
28 25 28 35 39 87 6 37 49 69 76 7 43 44 55 58 68 74 20 56 25
30 84 30 44 84
68 75 68 34 48 75
43 75 43 44 55 58 67 72 87 6 37 49 69 63 65 30 34 48 75
14 25 14 42 30 44 55 58 68 74 7 43 87 6 31 56 25
40 58 40 68 69 63 65 51 67 72 87 6 37 76 30 44 55 58
40 89 40 68 69 63 65 51 67 72 87 6 37 52 77 89
46 82 46 43 44 55 67 82
40 30 40 25 63 65 30
4 16 4 26 42 7 57 63 65 51 67 72 87 6 16
42 75 42 7 14 28 41 57 72 87 6 31 34 48 75
28 80 28 87 6 16 29 48 75 80
21 70 21 9 62 70
13 52 13 74 7 43 52
31 81 31 68 74 7 43 44 55 58 67 72 87 6 37 49 69 70 81
28 50 28 41 50
15 44 15 22 51 67 72 87 6 16 35 39 76 7 43 44
49 81 49 41 76 30 34 48 75 80 81
46 48 46 43 44 55 58 68 69 63 65 30 48
49 59 49 76 30 44 55 67 72 87 6 37 59
56 41 56 37 49 41
85 25 85 25
22 58 22 31 43 44 55 58
1 71 1 37 72 87 6 71
69 25 69 63 65 51 67 72 87 6 31 56 25
25 75 25 62 72 87 6 16 35 13 26 28 68 34 48 75
22 13 22 31 68 69 63 65 30 44 55 67 72 87 6 16 35 13
1 73 1 51 67 73
20 67 20 39 76 30 44 55 67
69 6 69 63 65 30 44 55 67 72 87 6
65 51 65 51
41 79 41 63 65 30 34 79
15 51 15 22 51
14 25 14 37 49 76 30 44 55 58 67 72 87 6 16 35 13 68 74 20 40 25
56 61 56 25 33 61
34 48 34 48
65 89 65 30 34 79 84 89
38 78 38 65 30 44 55 58 68 78
2 20 2 56 25 40 68 69 76 7 14 42 30 44 55 58 67 72 87 6 16 35 13 20
27 50 27 44 55 58 68 69 76 7 57 63 65 51 67 72 87 6 37 49 41 50
7 80 7 57 72 87 6 37 48 52 80
4 81 4 74 7 14 34 48 52 80 81
26 80 26 42 62 72 87 6 31 34 48 75 80
31 34 31 34
43 80 43 52 80
14 29 14 42 30 44 55 67 72 87 6 16 29
31 61 31 56 25 33 61
6 67 6 31 68 69 76 30 44 55 58 67
58 44 58 68 69 76 7 62 72 87 6 31 43 44
46 73 46 13 68 69 63 65 51 67 73
74 7 74 7
39 25 39 7 14 25
20 71 20 55 58 68 74 7 43 87 6 71
76 75 76 30 48 75
41 79 41 49 76 30 44 79
3 16 3 37 72 87 6 16
2 26 2 13 68 74 20 56 25 38 26
2 73 2 23 37 72 87 6 31 43 44 55 67 73
37 73 37 76 7 62 72 87 6 16 35 13 68 74 20 39 58 67 73
15 81 15 30 34 48 52 80 81
28 29 28 87 6 16 29
1 81 1 2 9 62 70 81
74 81 74 7 62 72 87 6 16 29 48 75 80 81
51 80 51 67 72 87 6 31 43 52 80
65 67 65 51 67
85 89 85 25 33 62 72 87 77 89
72 75 72 87 6 16 29 48 75
35 67 35 39 76 30 44 55 67
68 60 68 69 63 65 30 44 55 58 67 72 87 6 16 35 13 60
14 82 14 37 51 67 82
49 81 49 69 70 81
38 13 38 63 65 51 67 72 87 6 16 35 13
56 30 56 74 20 55 67 72 87 6 37 49 41 63 65 30
68 52 68 69 76 30 44 55 58 67 72 87 6 16 29 48 52
49 67 49 72 87 6 16 35 13 26 42 7 43 44 55 67
2 59 2 56 37 59
65 50 65 30 44 55 67 72 87 6 16 35 13 68 74 20 40 25 33 49 41 50
2 52 2 9 20 56 25 33 51 67 72 87 6 16 35 13 26 42 30 44 55 58 68 74 7 43 52
4 29 4 30 44 55 67 72 87 6 16 29
49 81 49 41 63 65 30 34 48 75 80 81
38 64 38 65 30 44 55 58 68 34 59 64
26 55 26 42 62 72 87 6 16 35 39 65 30 44 55
68 72 68 74 7 62 72
76 72 76 7 57 72
20 55 20 40 68 69 63 65 51 67 72 87 6 37 49 76 7 43 44 55
14 20 14 42 30 44 55 58 68 74 20
11 83 11 63 65 51 67 72 87 6 16 35 39 76 7 62 70 81 83
2 80 2 13 28 41 57 63 65 30 44 55 67 72 87 6 31 68 69 76 7 43 52 80
14 67 14 42 7 43 44 55 67
68 29 68 74 20 39 7 62 72 87 6 16 29
30 52 30 44 55 67 72 87 6 16 35 13 68 34 48 52
62 70 62 70
46 43 46 43
62 73 62 72 87 6 31 68 74 7 57 63 65 51 67 73
46 72 46 43 87 6 37 49 41 63 65 30 44 55 67 72
27 55 27 44 55
65 25 65 30 44 55 58 68 74 20 40 25
85 7 85 25 40 68 74 7
13 48 13 74 20 56 25 33 62 72 87 6 31 34 48
31 63 31 43 87 6 16 35 39 7 14 25 63
21 75 21 9 20 39 58 68 74 7 43 44 55 67 72 87 6 31 34 48 75
85 86 85 25 38 65 51 59 64 86
74 25 74 20 55 67 72 87 6 16 35 13 28 68 69 76 7 14 25
4 37 4 26 42 30 44 55 58 68 69 63 65 51 67 72 87 6 16 35 13 28 37
3 80 3 37 48 52 80
27 75 27 44 55 67 72 87 6 16 35 13 26 28 37 48 75
21 30 21 9 62 72 87 6 37 76 30
20 80 20 55 58 68 74 7 14 28 35 39 65 51 80
57 52 57 63 65 30 34 48 52
15 13 15 22 43 87 6 16 35 13
21 81 21 58 67 72 87 6 37 76 7 62 70 81
69 7 69 63 65 51 67 72 87 6 16 35 39 76 7
68 73 68 74 7 57 72 87 6 16 35 39 76 30 44 55 67 73
37 50 37 49 41 50
42 70 42 51 67 72 87 6 16 35 39 7 14 37 49 69 76 30 44 55 58 68 74 20 56 25 40 70
76 80 76 30 34 48 75 80
28 86 28 87 6 37 59 64 86
14 71 14 37 72 87 6 71
19 82 19 56 25 82
21 6 21 9 20 39 65 30 44 55 58 67 72 87 6
11 34 11 68 34
18 33 18 76 7 57 63 65 51 67 72 87 6 31 43 44 55 58 68 74 20 40 25 33
22 41 22 51 67 72 87 6 37 49 41
15 20 15 22 51 67 72 87 6 37 76 7 43 44 55 58 68 74 20
19 57 19 56 37 76 30 44 55 58 67 72 87 6 16 35 39 7 57
15 71 15 22 43 52 71
85 55 85 25 62 72 87 6 31 56 74 7 57 63 65 30 44 55
26 71 26 28 37 52 64 71
63 71 63 65 51 59 64 71
19 88 19 56 74 20 55 58 68 69 76 30 34 48 75 88
14 77 14 25 35 39 87 6 77
31 59 31 43 44 55 67 72 87 6 16 35 59
22 13 22 31 68 74 20 39 7 43 44 55 58 67 72 87 6 16 35 13
62 57 62 72 87 6 16 35 39 7 57
20 71 20 40 25 35 59 64 71
26 55 26 42 51 67 72 87 6 31 43 44 55
2 83 2 33 62 72 87 6 31 56 37 52 80 81 83
3 82 3 38 26 28 82
13 86 13 68 34 86
42 70 42 7 62 70
3 52 3 9 62 72 87 6 31 56 37 76 30 48 52
43 50 43 44 55 67 72 87 6 16 35 13 28 41 50
63 79 63 65 30 34 79
28 51 28 35 13 26 42 51
3 88 3 37 51 67 72 87 6 16 29 48 75 88
27 80 27 44 55 58 68 34 48 75 80
18 48 18 20 39 58 67 72 87 6 37 49 69 76 30 34 48
87 67 87 6 37 76 30 44 55 58 67
21 67 21 9 20 56 74 7 43 87 6 31 68 69 63 65 30 44 55 67
8 29 8 62 72 87 6 16 29
43 48 43 44 55 58 67 72 87 6 16 35 13 29 48
1 6 1 39 65 51 67 72 87 6
21 58 21 58
9 80 9 62 72 87 6 16 35 13 26 42 51 80
11 67 11 63 65 51 67
2 75 2 33 49 76 30 48 75
49 79 49 76 30 44 79
63 79 63 65 51 67 72 87 6 16 35 13 20 40 68 69 76 7 14 34 79
3 16 3 33 49 69 76 30 44 55 67 72 87 6 16
22 72 22 43 87 6 37 51 67 72
15 55 15 30 44 55
74 82 74 7 43 87 6 71 82
4 25 4 49 41 57 63 65 51 67 72 87 6 37 76 30 44 55 58 68 74 20 40 25
31 57 31 68 69 63 65 30 44 55 58 67 72 87 6 16 35 39 76 7 14 28 37 49 41 57
14 88 14 28 87 6 16 29 48 88
8 89 8 13 84 89
49 70 49 69 76 7 57 72 87 6 31 56 74 20 40 25 33 62 70
1 20 1 7 14 28 35 13 74 20
56 29 56 25 63 65 51 67 72 87 6 16 29
69 29 69 63 65 30 44 55 67 72 87 6 16 35 13 29
49 58 49 69 63 65 51 67 72 87 6 31 56 37 76 30 44 55 58
40 89 40 68 74 7 43 52 77 89
19 81 19 33 51 67 72 87 6 16 35 13 26 28 37 52 80 81
85 55 85 25 38 65 51 67 72 87 6 31 68 69 76 30 44 55
4 81 4 23 37 51 80 81
40 63 40 25 33 49 69 76 7 57 63
42 7 42 51 67 72 87 6 31 56 37 49 76 7
23 66 23 66
42 63 42 62 72 87 6 37 49 69 76 7 14 28 41 57 63
35 79 35 13 68 34 79
15 52 15 22 31 68 74 20 56 25 35 39 7 43 52
31 25 31 56 25
49 41 49 41
13 73 13 20 73
46 52 46 13 74 7 43 87 6 31 68 34 48 52
87 33 87 6 31 43 44 55 58 68 69 76 7 14 25 33
14 29 14 42 7 62 72 87 6 16 29
19 55 19 69 63 65 51 67 72 87 6 31 68 74 7 43 44 55
68 72 68 69 63 65 51 67 72
57 29 57 63 65 30 44 55 67 72 87 6 16 29
43 83 43 87 6 16 29 48 75 80 81 83
43 79 43 44 79
6 75 6 16 29 48 75
41 83 41 49 69 63 65 51 80 81 83
22 64 22 31 43 87 6 37 76 30 34 59 64
39 79 39 87 6 37 76 30 34 79
16 84 16 87 6 37 76 30 44 55 84
39 13 39 76 7 62 72 87 6 16 35 13
1 25 1 49 69 63 65 30 44 55 58 67 72 87 6 37 76 7 14 25
21 70 21 26 42 30 44 55 67 72 87 6 16 35 13 68 74 7 62 70
35 73 35 13 68 74 20 39 7 14 25 38 65 51 67 73
18 79 18 20 39 7 43 44 79
4 77 4 7 14 37 52 77
22 16 22 43 87 6 16
1 82 1 51 59 64 82
11 72 11 63 65 30 44 55 67 72
69 55 69 76 7 43 44 55
63 73 63 65 30 44 55 67 73
23 29 23 37 51 67 72 87 6 16 29
11 84 11 63 65 51 67 72 87 6 37 76 30 44 84
74 50 74 7 57 63 65 51 67 72 87 6 16 35 13 26 28 41 50
49 82 49 41 70 82
74 73 74 7 57 63 65 30 44 55 67 73
68 75 68 69 63 65 30 34 48 75
38 29 38 26 42 7 43 87 6 16 35 13 29
22 80 22 51 67 72 87 6 37 76 7 14 25 40 68 34 48 75 80
1 66 1 2 23 66
18 26 18 30 44 55 58 67 72 87 6 16 35 13 26
46 13 46 13
4 77 4 26 42 62 72 87 77
19 60 19 38 65 51 67 72 87 6 16 35 13 60
76 83 76 7 57 63 65 30 48 75 80 81 83
16 55 16 35 13 20 39 76 7 57 63 65 30 44 55
74 75 74 7 14 25 63 65 51 67 72 87 6 37 76 30 48 75
11 55 11 63 65 30 44 55
3 43 3 33 62 72 87 6 31 68 74 20 39 7 43
39 30 39 7 14 42 51 67 72 87 6 37 49 41 76 30
18 84 18 20 40 25 33 62 72 87 6 31 43 44 79 84
28 29 28 68 69 76 30 44 55 58 67 72 87 6 16 29
57 83 57 72 87 6 37 48 52 80 81 83
21 89 21 58 67 72 87 6 37 48 52 77 89
33 86 33 51 59 64 86
76 20 76 30 44 55 67 72 87 6 16 35 13 74 20
40 52 40 25 38 65 51 67 72 87 6 16 35 39 7 14 34 48 52
19 20 19 38 26 42 51 67 72 87 6 16 35 13 20
21 67 21 58 68 69 76 30 44 55 67
65 70 65 51 67 72 87 6 37 76 30 44 55 58 68 69 70
1 70 1 2 9 20 40 70
30 44 30 44
76 51 76 7 62 72 87 6 16 35 13 26 28 37 51
16 84 16 87 6 31 56 37 76 30 34 79 84
1 81 1 13 29 48 75 80 81
42 57 42 7 57
3 44 3 27 44
6 80 6 16 29 48 75 80
8 80 8 40 68 74 7 14 34 48 75 80
26 80 26 42 7 14 34 48 52 80
19 63 19 56 25 63
14 72 14 37 49 69 63 65 51 67 72
4 67 4 7 14 42 51 67
26 75 26 28 35 13 29 48 75
74 80 74 7 43 87 6 16 35 13 68 69 76 30 34 48 75 80
49 16 49 69 63 65 51 67 72 87 6 16
27 71 27 44 55 58 67 72 87 6 16 29 48 52 64 71
65 6 65 51 67 72 87 6
16 29 16 29
76 16 76 30 44 55 67 72 87 6 16
38 25 38 26 28 35 39 76 30 44 55 58 67 72 87 6 31 56 25
16 81 16 29 48 52 80 81
38 89 38 65 51 67 72 87 6 77 89
31 55 31 56 74 7 62 72 87 6 37 76 30 44 55
40 20 40 68 74 20
56 86 56 64 86
85 83 85 25 63 65 30 34 48 75 80 81 83
26 48 26 42 7 62 72 87 6 31 34 48
39 51 39 76 7 14 42 51
57 73 57 72 87 6 31 68 69 63 65 30 44 55 58 67 73
68 83 68 34 48 52 80 81 83
28 26 28 6 37 76 7 43 44 55 58 68 74 20 40 25 35 13 26
31 7 31 43 44 55 58 67 72 87 6 16 35 13 74 7
56 61 56 74 20 40 25 33 61
21 51 21 42 30 44 55 67 72 87 6 37 51
2 82 2 13 68 69 76 30 48 75 82
20 48 20 55 67 72 87 6 16 29 48
11 44 11 63 65 51 67 72 87 6 31 68 69 76 30 44
87 64 87 6 37 59 64
42 64 42 7 64
34 75 34 48 75
22 52 22 31 34 48 52
42 72 42 7 57 72
40 79 40 25 35 39 76 30 34 79
28 37 28 87 6 37
19 7 19 43 87 6 16 35 13 26 42 7
37 44 37 51 67 72 87 6 31 68 69 76 30 44
39 43 39 7 43
87 89 87 6 16 35 39 7 89
11 25 11 68 74 20 40 25
3 82 3 27 44 55 67 82
56 63 56 37 72 87 6 31 68 69 76 7 57 63
18 57 18 20 55 67 72 87 6 37 49 41 57
18 71 18 22 31 68 34 59 64 71
56 34 56 37 72 87 6 16 35 13 26 42 30 34
76 25 76 30 44 55 58 67 72 87 6 16 35 13 68 74 20 40 25
85 86 85 25 38 63 65 30 34 86
1 59 1 49 59
65 43 65 30 44 55 67 72 87 6 16 35 39 76 7 43
31 16 31 43 44 55 58 67 72 87 6 16
18 88 18 30 48 75 88
43 52 43 52
42 59 42 30 34 59
35 60 35 39 7 14 28 60
31 30 31 43 44 55 67 72 87 6 37 76 7 57 63 65 30
26 73 26 73
87 20 87 6 16 35 13 20
22 88 22 31 56 74 20 40 25 62 72 88
39 60 39 58 67 72 87 6 37 76 7 14 28 60
85 41 85 25 35 13 28 87 6 37 49 41
62 81 62 70 81
39 44 39 65 30 44
46 37 46 13 68 69 63 65 30 44 55 67 72 87 6 37
15 57 15 30 44 55 67 72 87 6 16 35 13 20 39 76 7 57
87 63 87 6 31 68 69 63
43 67 43 44 55 67
65 70 65 51 67 72 87 6 37 76 7 62 70
39 52 39 58 67 72 87 6 16 29 48 52
31 37 31 56 25 62 72 87 6 37
49 41 49 41
15 7 15 26 42 7
68 58 68 69 63 65 51 67 72 87 6 37 76 30 44 55 58
76 82 76 30 44 55 58 67 72 87 6 16 35 39 65 51 59 64 71 82
57 79 57 72 87 6 31 56 74 20 39 58 68 69 63 65 30 34 79
8 37 8 28 6 31 56 37
35 89 35 59 89
28 33 28 37 49 41 63 65 51 67 72 87 6 31 56 25 33
28 83 28 68 34 79 83
72 83 72 87 6 37 76 7 43 44 79 83
34 48 34 48
87 16 87 6 16
31 7 31 68 69 63 65 30 44 55 58 67 72 87 6 16 35 13 28 41 49 76 7
85 79 85 25 62 72 87 6 31 34 79
42 59 42 51 67 72 87 6 16 35 39 65 30 44 55 58 68 34 59
4 66 4 23 66
49 20 49 41 63 65 30 44 55 67 72 87 6 16 35 13 20
8 51 8 62 72 87 6 37 51
22 26 22 31 43 44 55 67 72 87 6 16 35 13 26
62 67 62 72 87 6 31 68 74 20 39 65 51 67
39 79 39 87 6 37 49 69 63 65 30 34 79
56 79 56 74 20 40 25 63 65 51 67 72 87 6 16 35 13 28 68 34 79
68 25 68 74 20 55 58 67 72 87 6 31 56 25
87 30 87 6 31 56 74 20 39 7 43 44 55 58 68 69 63 65 30
3 48 3 9 62 72 87 6 16 35 13 68 34 48
31 80 31 68 34 48 52 80
4 66 4 23 66
62 41 62 72 87 6 16 35 39 7 14 37 49 41
85 13 85 25 35 13
2 30 2 33 49 76 30
58 84 58 68 74 20 56 37 49 69 76 30 34 79 84
8 43 8 28 37 49 41 63 65 30 44 55 58 67 72 87 6 16 35 39 76 7 43
18 57 18 58 68 74 7 57
62 41 62 72 87 6 37 49 41
65 16 65 30 44 55 67 72 87 6 16
34 80 34 48 75 80
42 73 42 51 67 73
15 82 15 64 82
39 67 39 7 43 87 6 37 76 30 44 55 67
30 50 30 44 55 58 68 69 63 65 51 67 72 87 6 37 49 41 50
39 58 39 87 6 31 68 69 76 30 44 55 58
15 70 15 30 44 55 58 68 69 76 7 43 87 6 31 56 74 20 40 25 62 70
68 59 68 34 59
2 32 2 23 32
25 84 25 79 84
15 43 15 26 28 37 49 76 30 44 55 67 72 87 6 31 43
21 59 21 9 62 59
65 48 65 30 34 48
30 73 30 44 55 67 72 87 6 16 35 13 26 73
49 59 49 59
40 59 40 68 74 7 14 42 51 59
19 7 19 33 62 72 87 6 37 76 7
41 71 41 63 65 51 59 64 71
37 73 37 51 67 73
22 25 22 51 67 72 87 6 37 76 7 43 44 55 58 68 74 20 56 25
35 43 35 13 20 39 7 43
1 13 1 37 49 76 30 44 55 58 67 72 87 6 16 35 13
16 80 16 87 6 31 68 34 48 75 80
35 80 35 13 20 40 25 63 65 51 80
19 51 19 33 62 72 87 6 16 35 39 76 7 57 63 65 51
25 67 25 33 49 69 76 30 44 55 67
21 20 21 26 42 51 67 72 87 6 16 35 13 20
35 58 35 39 58
40 81 40 70 81
25 79 25 62 72 87 6 31 68 34 79
15 57 15 30 44 55 67 72 87 6 16 35 13 68 74 7 57
28 79 28 87 6 16 35 39 76 30 34 79
42 20 42 51 67 72 87 6 37 49 69 76 7 14 25 63 65 30 44 55 58 68 74 20
25 52 25 40 68 34 48 52
46 72 46 13 28 37 76 7 62 72
49 84 49 41 76 7 57 63 65 51 67 72 87 6 16 35 13 74 20 56 25 79 84
1 88 1 51 67 72 87 6 37 48 88
42 81 42 7 43 52 80 81
4 41 4 30 44 55 58 68 69 76 7 62 72 87 6 37 49 41
18 72 18 30 44 55 67 72
11 16 11 68 74 7 57 63 65 30 44 55 67 72 87 6 16
4 72 4 49 72
62 80 62 72 87 6 37 52 80
39 64 39 58 67 72 87 6 31 59 64
38 25 38 65 51 67 72 87 6 31 68 74 20 40 25
2 77 2 23 37 76 30 48 52 77
37 81 37 52 80 81
85 6 85 25 35 13 20 55 67 72 87 6
76 64 76 7 14 25 38 65 30 48 52 64
69 80 69 76 30 48 52 80
69 84 69 76 30 44 84
15 67 15 26 42 51 67
65 50 65 30 44 55 58 67 72 87 6 16 35 13 68 74 20 40 25 38 26 28 41 50
63 55 63 65 30 44 55
23 29 23 37 49 41 63 65 51 67 72 87 6 16 29
15 37 15 26 28 87 6 16 35 13 74 7 14 37
11 75 11 68 69 76 30 34 48 75
68 6 68 74 20 55 67 72 87 6
49 25 49 69 76 7 43 87 6 16 35 39 58 68 74 20 40 25
18 25 18 22 31 56 25
19 34 19 56 37 49 41 76 7 62 72 87 6 16 35 39 58 68 69 63 65 30 34
30 50 30 44 55 58 67 72 87 6 16 35 13 26 28 41 50
74 71 74 20 39 58 68 34 48 52 64 71
21 29 21 26 28 41 49 72 87 6 16 29
3 48 3 27 44 55 67 72 87 6 16 29 48
3 63 3 33 62 72 87 6 16 35 39 7 14 25 38 63
14 89 14 89
4 86 4 7 57 72 87 6 31 34 59 64 86
3 48 3 33 62 72 87 6 31 68 74 7 14 28 37 76 30 48
23 44 23 37 72 87 6 16 35 13 68 69 76 30 44
38 72 38 26 42 51 67 72
69 77 69 76 30 48 52 77
7 44 7 62 72 87 6 37 76 30 44
26 75 26 42 30 44 55 58 68 74 7 14 28 41 63 65 51 67 72 87 6 37 48 75
74 89 74 20 39 87 77 89
62 50 62 72 87 6 37 49 41 50
2 23 2 23
3 51 3 27 44 55 58 68 74 7 57 72 87 6 16 35 13 28 37 49 41 63 65 51
42 88 42 30 48 88
69 75 69 63 65 51 67 72 87 6 16 29 48 75
51 81 51 67 72 87 6 37 76 7 43 52 80 81
21 67 21 13 26 28 6 16 35 39 7 43 44 55 67
42 80 42 7 57 63 65 30 48 75 80
8 86 8 13 74 20 55 58 68 69 63 65 51 67 72 86
49 7 49 69 76 7
14 41 14 25 62 72 87 6 37 49 41
19 34 19 33 51 67 72 87 6 31 43 44 55 58 68 69 63 65 30 34
68 75 68 69 63 65 30 34 48 75
87 37 87 6 37
8 13 8 62 72 87 6 16 35 13
22 80 22 34 48 52 80
46 84 46 13 28 37 49 76 7 14 42 51 67 72 87 6 31 56 25 38 65 30 44 84
33 52 33 49 76 30 48 52
43 80 43 52 80
28 29 28 37 76 7 57 63 65 51 67 72 87 6 16 29
2 44 2 56 37 51 67 72 87 6 31 68 69 63 65 30 44
65 7 65 30 44 55 67 72 87 6 37 76 7
35 13 35 13
51 75 51 67 72 87 6 37 49 76 30 34 48 75
35 51 35 39 65 30 44 55 67 72 87 6 37 76 7 14 42 51
31 80 31 68 74 7 57 63 65 30 34 48 52 80
2 23 2 23
41 29 41 76 7 14 25 38 65 51 67 72 87 6 16 29
1 48 1 7 14 42 30 48
4 6 4 26 28 37 76 30 44 55 58 68 74 7 57 72 87 6
19 60 19 69 63 65 51 67 72 87 6 37 76 30 44 55 58 68 74 20 40 25 33 49 41 50 60
14 30 14 25 62 72 87 6 37 49 69 76 30
62 78 62 72 87 6 37 76 30 44 55 58 68 78
42 55 42 51 67 72 87 6 16 35 13 20 55
8 30 8 41 63 65 30
56 52 56 25 38 63 65 30 48 52
31 59 31 56 37 72 87 6 16 35 39 76 30 44 55 58 68 34 59
11 13 11 63 65 51 67 72 87 6 16 35 13
46 89 46 13 20 55 58 68 34 59 89
30 79 30 44 79
69 55 69 76 30 44 55
38 86 38 26 28 68 34 86
21 78 21 42 7 57 78
3 29 3 27 44 55 58 68 74 7 43 87 6 16 29
1 89 1 2 13 74 7 43 87 6 31 68 34 48 52 77 89
85 82 85 25 38 63 65 30 48 52 64 71 82
31 67 31 68 69 76 7 43 44 55 58 67
38 26 38 26
11 51 11 68 69 76 30 44 55 58 67 72 87 6 16 35 39 65 51
63 71 63 65 51 67 72 87 6 37 48 52 71
46 83 46 13 28 35 39 58 67 72 87 6 16 29 48 75 80 81 83
18 29 18 22 43 44 55 58 68 69 63 65 51 67 72 87 6 16 29
28 64 28 41 63 65 30 48 52 64
9 29 9 62 72 87 6 16 29
4 52 4 30 48 52
85 13 85 25 62 72 87 6 16 35 13
14 75 14 37 51 67 72 87 6 16 29 48 75
13 79 13 28 87 6 31 34 79
49 67 49 41 76 7 57 63 65 51 67
9 55 9 62 72 87 6 31 43 44 55
2 81 2 33 51 80 81
87 86 87 6 37 72 86
13 73 13 28 37 49 72 87 6 31 43 44 55 67 73
21 34 21 58 67 72 87 6 16 35 13 28 68 34
37 73 37 49 41 57 72 87 6 31 68 74 20 40 25 35 13 26 73
56 72 56 74 7 43 44 55 67 72
39 82 39 58 67 72 87 6 16 29 48 75 82
74 81 74 20 40 68 69 63 65 51 67 72 87 6 37 48 52 80 81
63 71 63 65 51 67 72 87 6 31 59 64 71
37 81 37 49 41 76 30 34 48 75 80 81
31 43 31 68 69 76 7 43
8 26 8 13 26
76 34 76 7 57 63 65 30 34
35 33 35 39 65 30 44 55 67 72 87 6 31 68 74 20 40 25 33
74 70 74 7 62 70
68 79 68 34 79
16 55 16 35 13 68 74 20 39 7 62 72 87 6 31 43 44 55
76 52 76 30 34 48 52
69 73 69 63 65 30 44 55 67 72 87 6 16 35 39 58 68 74 20 73
2 7 2 13 28 35 39 58 68 74 7
31 84 31 68 34 79 84
85 73 85 25 35 39 7 43 87 6 37 76 30 44 55 58 67 73
13 81 13 20 40 25 63 65 30 48 52 80 81
19 64 19 38 26 28 35 39 76 7 57 72 87 6 31 34 59 64
68 71 68 74 7 57 63 65 51 59 64 71
62 16 62 72 87 6 16
76 77 76 30 34 48 52 77
74 37 74 7 14 37
46 67 46 43 44 55 58 67
31 79 31 56 37 72 87 6 16 35 39 65 30 34 79
8 60 8 28 35 13 60
22 58 22 51 67 72 87 6 37 49 76 7 43 44 55 58
35 79 35 13 20 55 58 68 34 79
2 26 2 23 37 76 30 44 55 67 72 87 6 16 35 13 26
20 29 20 55 58 67 72 87 6 16 29
3 16 3 37 51 67 72 87 6 16
7 83 7 57 63 65 51 67 72 87 6 31 34 79 83
87 50 87 6 16 35 13 28 41 50
42 71 42 62 59 64 71
62 75 62 72 87 6 31 56 37 49 76 7 57 63 65 30 48 75
22 84 22 34 79 84
31 50 31 68 69 76 30 44 55 58 67 72 87 6 37 49 41 50
15 58 15 26 28 87 6 37 76 30 44 55 58
38 75 38 63 65 51 67 72 87 6 16 29 48 75
35 63 35 39 65 30 44 55 67 72 87 6 37 49 41 57 63
62 6 62 72 87 6
2 16 2 9 20 39 87 6 16
35 83 35 39 65 30 48 52 80 81 83
74 37 74 20 39 7 62 72 87 6 37
13 83 13 29 48 52 80 81 83
31 20 31 56 37 51 67 72 87 6 16 35 13 74 20
14 75 14 25 33 51 67 72 87 6 31 34 48 75
18 63 18 20 56 25 38 63
19 20 19 43 87 6 16 35 13 68 74 20
49 41 49 41
22 75 22 51 67 72 87 6 31 34 48 75
21 58 21 42 51 67 72 87 6 31 43 44 55 58
57 50 57 72 87 6 37 49 41 50
3 41 3 37 51 67 72 87 6 16 35 13 28 41
4 83 4 7 14 37 49 72 87 6 16 29 48 52 80 81 83
68 79 68 74 7 62 72 87 6 37 49 41 57 63 65 30 34 79
49 20 49 69 76 7 14 25 40 68 74 20
11 48 11 63 65 30 48
87 34 87 6 31 68 34
35 83 35 13 29 48 52 80 81 83
7 55 7 57 63 65 30 44 55
37 44 37 72 87 6 31 43 44
42 86 42 51 67 72 87 6 31 56 74 7 57 63 65 30 34 48 52 64 86
65 26 65 51 67 72 87 6 16 35 13 26
20 79 20 39 58 68 74 7 43 44 79
13 52 13 28 6 37 49 76 30 34 48 52
14 80 14 28 37 49 69 76 7 57 63 65 51 67 72 87 6 31 68 34 48 52 80
62 13 62 72 87 6 16 35 13
25 48 25 63 65 51 67 72 87 6 16 35 39 7 43 44 55 58 68 69 76 30 48
58 75 58 67 72 87 6 31 34 48 75
4 26 4 26
49 88 49 76 7 57 63 65 51 67 72 88
85 78 85 25 38 65 30 44 55 58 68 78
43 71 43 87 6 71
69 71 69 76 7 43 44 55 67 72 87 6 71
69 30 69 63 65 30
85 59 85 25 63 65 51 59
4 88 4 7 14 37 51 67 72 88
16 50 16 35 13 20 55 58 68 69 63 65 51 67 72 87 6 37 49 41 50
42 55 42 51 67 72 87 6 31 43 44 55
40 13 40 68 74 20 55 58 67 72 87 6 16 35 13
22 80 22 34 48 52 80
9 52 9 62 72 87 6 31 34 48 52
35 67 35 39 7 57 72 87 6 31 43 44 55 58 67
19 88 19 56 25 35 13 26 28 37 48 75 88
34 48 34 48
1 82 1 13 74 7 62 70 82
7 44 7 62 72 87 6 31 43 44
46 58 46 13 28 6 37 76 30 44 55 58
35 16 35 13 26 28 41 76 30 44 55 58 67 72 87 6 16
31 26 31 68 69 63 65 30 44 55 67 72 87 6 16 35 13 26
19 59 19 62 59
22 41 22 31 56 25 40 68 74 20 39 76 7 57 63 65 51 67 72 87 6 37 49 41
20 73 20 40 25 33 51 67 73
49 73 49 69 63 65 30 44 55 58 67 73
69 84 69 63 65 30 34 79 84
63 73 63 65 30 44 55 67 72 87 6 16 35 13 28 68 74 20 73
62 29 62 72 87 6 16 29
14 67 14 37 76 7 43 44 55 67
68 37 68 74 20 56 37
18 80 18 30 48 75 80
22 58 22 43 44 55 58
69 16 69 63 65 51 67 72 87 6 16
62 37 62 72 87 6 37
87 75 87 6 16 29 48 75
68 88 68 69 76 30 48 88
40 71 40 68 74 7 14 37 48 52 71
85 82 85 25 82
42 43 42 7 62 72 87 6 31 43
85 82 85 25 62 59 64 82
34 71 34 48 52 71
42 26 42 30 44 55 58 68 74 20 40 25 38 26
22 7 22 51 67 72 87 6 37 49 76 7
4 71 4 30 34 48 52 71
68 51 68 69 63 65 51
76 70 76 7 57 72 87 6 31 68 69 70
4 43 4 49 76 7 43
18 82 18 20 40 70 82
58 79 58 68 74 20 39 87 6 31 56 37 76 7 14 34 79
74 83 74 20 39 87 6 31 34 48 52 80 81 83
28 55 28 35 39 76 30 44 55
41 71 41 76 7 57 72 87 6 16 35 59 64 71
21 33 21 9 20 40 25 33
18 80 18 22 34 48 52 80
40 52 40 25 63 65 30 44 55 58 68 74 7 57 72 87 6 31 43 52
7 61 7 14 28 35 39 76 30 44 55 58 68 74 20 40 25 33 61
85 29 85 25 35 39 65 30 44 55 58 67 72 87 6 16 29
28 48 28 35 13 68 34 48
26 71 26 28 68 34 59 64 71
40 37 40 68 69 63 65 51 67 72 87 6 37
56 70 56 25 38 65 51 67 72 87 6 31 43 44 55 58 68 69 70
7 52 7 57 72 87 6 31 34 48 52
58 55 58 68 74 7 14 28 41 63 65 51 67 72 87 6 31 56 25 33 49 69 76 30 44 55
11 72 11 68 69 76 7 62 72
2 50 2 13 28 68 74 20 55 58 67 72 87 6 37 49 41 50
30 67 30 44 55 67
20 86 20 56 64 86
21 20 21 42 30 44 55 58 68 74 20
31 16 31 68 69 76 30 44 55 67 72 87 6 16
65 30 65 30
19 6 19 33 49 72 87 6
65 60 65 30 44 55 58 67 72 87 6 16 35 13 60
58 67 58 67
8 34 8 28 37 49 69 76 30 34
39 60 39 65 30 44 55 67 72 87 6 16 35 13 60
57 52 57 72 87 6 37 52
3 89 3 37 77 89
35 48 35 13 20 56 74 7 14 34 48
3 81 3 27 44 55 58 68 34 48 75 80 81
46 70 46 13 28 41 57 63 65 51 67 72 87 6 37 49 69 76 7 14 42 62 70
42 59 42 7 57 63 65 30 34 59
85 80 85 25 62 72 87 6 37 48 52 80
22 83 22 43 44 79 83
87 73 87 6 31 43 44 55 67 73
1 44 1 2 13 20 40 68 69 76 7 57 72 87 6 31 43 44
28 84 28 68 69 76 7 62 72 87 6 31 34 79 84
4 25 4 23 37 76 7 14 28 68 69 63 65 30 44 55 58 67 72 87 6 31 56 25
31 48 31 56 37 51 67 72 87 6 16 35 39 76 30 48
37 48 37 49 41 76 7 57 72 87 6 31 34 48
25 83 25 38 63 65 51 80 81 83
31 16 31 68 74 20 56 37 51 67 72 87 6 16
19 86 19 38 63 65 51 59 64 86
69 16 69 63 65 30 44 55 67 72 87 6 16
15 59 15 22 34 59
68 57 68 69 76 7 57
42 89 42 7 43 44 55 58 68 69 76 30 34 79 84 89
87 25 87 6 16 35 39 76 7 14 28 68 74 20 40 25
68 52 68 34 48 52
74 70 74 20 40 70
57 29 57 63 65 51 67 72 87 6 16 29
87 20 87 6 37 76 7 14 25 40 68 74 20
38 60 38 65 30 44 55 67 72 87 6 31 68 69 76 7 14 28 60
30 55 30 44 55
69 50 69 76 30 44 55 58 67 72 87 6 37 49 41 50
69 55 69 63 65 51 67 72 87 6 31 43 44 55
15 25 15 22 51 67 72 87 6 31 56 74 7 14 25
1 20 1 7 62 72 87 6 16 35 13 74 20
21 51 21 9 62 72 87 6 37 49 69 76 7 14 42 51
27 50 27 44 55 58 68 69 76 7 14 25 63 65 51 67 72 87 6 37 49 41 50
31 83 31 43 87 6 37 48 52 80 81 83
74 58 74 20 56 37 76 7 57 63 65 30 44 55 58
2 57 2 13 26 42 51 67 72 87 6 37 49 69 63 65 30 44 55 58 68 74 7 57
1 33 1 2 13 20 40 25 33
38 44 38 65 30 44
87 58 87 6 16 35 39 58
1 33 1 2 33
3 78 3 27 78
74 84 74 7 57 63 65 51 67 72 87 6 37 49 69 76 30 34 79 84
42 60 42 7 14 25 40 68 74 20 39 65 51 67 72 87 6 16 35 13 60
62 70 62 70
51 48 51 67 72 87 6 16 35 39 76 7 57 63 65 30 34 48
8 41 8 41
49 63 49 69 76 7 57 63
8 78 8 41 63 65 51 67 72 87 6 37 49 76 7 43 44 55 58 68 78
28 71 28 87 6 71
39 83 39 76 30 48 52 80 81 83
21 86 21 13 28 68 69 63 65 30 34 59 64 86
85 48 85 25 40 68 34 48
22 72 22 31 43 87 6 37 49 76 7 57 72
76 75 76 30 44 55 58 67 72 87 6 16 29 48 75
65 61 65 30 44 55 58 67 72 87 6 31 68 74 20 40 25 33 61
69 82 69 70 82
87 30 87 6 31 68 69 76 30
65 64 65 30 34 48 52 64
15 55 15 22 43 44 55
49 80 49 69 76 7 14 42 51 67 72 87 6 37 52 80
62 64 62 59 64
35 20 35 39 58 68 74 20
42 64 42 62 59 64
26 84 26 28 68 34 79 84
8 78 8 41 63 65 30 44 55 58 68 78
25 80 25 63 65 51 80
7 80 7 43 87 6 16 29 48 52 80
18 79 18 20 56 74 7 14 25 35 13 68 69 63 65 30 44 79
35 83 35 39 87 6 31 56 25 33 51 80 81 83
38 67 38 65 30 44 55 58 67
33 83 33 62 72 87 6 16 29 48 75 80 81 83
87 13 87 6 16 35 13
62 58 62 72 87 6 31 43 44 55 58
6 71 6 37 48 52 64 71
62 6 62 72 87 6
40 89 40 25 79 84 89
40 60 40 25 33 62 72 87 6 16 35 13 60
27 75 27 44 55 67 72 87 6 31 56 74 20 39 65 30 34 48 75
21 6 21 42 51 67 72 87 6
7 84 7 62 72 87 6 16 35 39 58 68 34 79 84
68 84 68 69 76 7 14 25 63 65 30 44 84
65 51 65 51
11 78 11 63 65 51 67 72 87 6 31 43 44 55 58 68 78
69 50 69 63 65 30 44 55 58 68 74 20 39 87 6 16 35 13 28 41 50
33 75 33 49 76 7 62 72 87 6 16 35 39 65 30 48 75
21 84 21 42 62 72 87 6 37 49 41 63 65 30 44 84
15 50 15 26 42 51 67 72 87 6 31 56 37 49 41 50
1 33 1 2 33
65 44 65 51 67 72 87 6 31 43 44
22 82 22 34 59 64 71 82
70 83 70 81 83
46 63 46 13 74 20 55 67 72 87 6 31 68 69 63
38 59 38 65 51 67 72 87 6 37 49 76 30 34 59
74 60 74 20 39 65 30 44 55 58 68 69 76 7 57 72 87 6 16 35 13 28 60
33 48 33 49 41 57 63 65 51 67 72 87 6 37 76 30 48
56 82 56 82
57 80 57 63 65 30 48 75 80
31 57 31 56 74 20 40 25 35 13 28 41 57
51 73 51 67 73
23 71 23 49 59 64 71
1 81 1 7 43 87 6 37 48 75 80 81
16 73 16 35 39 76 7 57 72 87 6 31 43 44 55 67 73
27 55 27 44 55
40 79 40 68 34 79
35 89 35 77 89
87 26 87 6 16 35 13 26
21 50 21 58 68 69 63 65 51 67 72 87 6 16 35 39 76 7 14 25 33 49 41 50
35 57 35 39 76 7 57
49 30 49 69 76 30
35 81 35 13 20 56 37 48 52 80 81
8 72 8 13 20 40 68 74 7 43 87 6 37 72
69 29 69 63 65 30 44 55 67 72 87 6 16 29
56 50 56 25 63 65 51 67 72 87 6 37 49 41 50
27 84 27 44 79 84
4 81 4 70 81
87 79 87 6 16 35 39 65 30 34 79
38 26 38 26
40 70 40 25 63 65 51 67 72 87 6 37 76 30 44 55 58 68 69 70
7 80 7 57 63 65 51 80
87 64 87 6 16 35 13 28 64
39 41 39 7 62 72 87 6 37 49 41
8 6 8 9 62 72 87 6
14 60 14 28 60
68 43 68 74 7 43
8 29 8 40 25 33 51 67 72 87 6 16 29
25 48 25 38 26 28 87 6 31 34 48
76 7 76 30 44 55 58 67 72 87 6 16 35 39 7
39 44 39 58 68 74 7 57 63 65 30 44
65 77 65 51 67 72 87 6 77
43 29 43 87 6 16 29
39 57 39 58 67 72 87 6 37 49 76 7 57
74 57 74 20 40 25 63 65 30 44 55 58 68 69 76 7 62 72 87 6 37 49 41 57
63 50 63 65 51 67 72 87 6 31 68 69 76 7 14 37 49 41 50
40 61 40 25 33 61
72 67 72 87 6 16 35 39 7 57 63 65 30 44 55 67
37 80 37 48 75 80
31 84 31 43 44 79 84
42 30 42 7 57 72 87 6 31 56 37 49 76 30
62 88 62 72 88
8 60 8 13 60
1 9 1 2 9
74 81 74 20 55 67 72 87 6 16 35 39 76 30 34 48 52 80 81
15 48 15 26 42 7 62 72 87 6 16 29 48
39 84 39 65 51 67 72 87 6 31 34 79 84
41 80 41 63 65 30 34 48 52 80
39 60 39 87 6 16 35 13 28 60
38 89 38 63 65 30 44 79 84 89
40 72 40 68 69 76 30 44 55 58 67 72
35 33 35 13 28 41 63 65 30 44 55 58 67 72 87 6 31 68 74 20 40 25 33
38 78 38 26 28 87 6 16 35 13 74 7 57 78
35 78 35 39 7 57 78
19 80 19 38 65 30 48 52 80
22 44 22 31 56 25 38 26 28 68 69 76 30 44
56 70 56 37 49 41 76 7 57 72 87 6 16 35 13 26 28 68 69 70
14 55 14 37 51 67 72 87 6 31 68 69 63 65 30 44 55
13 71 13 29 48 52 71
39 83 39 7 14 25 33 49 72 87 6 16 29 48 75 80 81 83
27 81 27 44 55 67 72 87 6 31 68 74 20 40 25 63 65 51 80 81
68 89 68 34 79 84 89
62 79 62 72 87 6 16 35 13 20 39 65 30 44 79
74 58 74 20 55 58
30 55 30 44 55
2 32 2 23 32
31 16 31 68 69 76 30 44 55 58 67 72 87 6 16
65 71 65 30 44 55 58 68 34 59 64 71
57 44 57 63 65 51 67 72 87 6 37 76 30 44
25 71 25 63 65 51 67 72 87 6 37 59 64 71
35 86 35 59 64 86
30 44 30 44
65 73 65 51 67 73
68 7 68 69 76 7
26 80 26 28 41 76 30 44 55 67 72 87 6 16 29 48 52 80
8 63 8 9 20 40 68 69 63
4 84 4 23 49 69 63 65 51 67 72 87 6 31 68 34 79 84
9 84 9 20 39 65 30 44 79 84
21 82 21 13 29 48 75 82
68 81 68 74 20 56 25 62 72 87 6 31 43 52 80 81
49 71 49 72 87 6 16 35 59 64 71
11 37 11 68 69 76 30 44 55 67 72 87 6 37
15 7 15 30 44 55 58 67 72 87 6 37 49 76 7
65 70 65 51 67 72 87 6 31 43 44 55 58 68 69 70
37 83 37 52 80 81 83
8 55 8 28 41 63 65 30 44 55
56 60 56 25 62 72 87 6 16 35 13 28 60
2 9 2 9
28 64 28 41 57 63 65 30 48 52 64
20 29 20 56 37 76 30 44 55 58 67 72 87 6 16 29
62 13 62 72 87 6 16 35 13
39 60 39 76 30 44 55 58 68 69 63 65 51 67 72 87 6 16 35 13 28 60
65 81 65 51 80 81
62 16 62 72 87 6 16
35 44 35 13 74 7 14 42 30 44
46 63 46 43 44 55 67 72 87 6 16 35 39 76 7 14 25 40 68 74 20 56 37 49 41 57 63
38 83 38 65 30 34 79 83
30 79 30 44 79
65 34 65 30 34
20 75 20 56 74 7 62 72 87 6 37 76 30 34 48 75
74 44 74 7 43 44
21 67 21 58 68 69 63 65 30 44 55 67
57 50 57 63 65 51 67 72 87 6 37 49 69 76 30 44 55 58 68 74 20 40 25 35 13 28 41 50
74 75 74 7 57 63 65 51 67 72 87 6 31 68 34 48 75
38 77 38 63 65 51 67 72 87 77
31 83 31 68 74 20 55 58 67 72 87 6 16 35 13 28 41 63 65 51 80 81 83
62 52 62 72 87 6 31 34 48 52
41 71 41 57 63 65 51 67 72 87 6 37 52 64 71
42 70 42 62 70
56 48 56 37 48
19 78 19 38 26 28 41 49 72 87 6 31 68 78
51 50 51 67 72 87 6 16 35 13 68 74 7 14 25 33 49 41 50
46 77 46 13 29 48 52 77
68 50 68 74 7 14 28 41 50
85 86 85 25 33 51 67 72 87 6 86
19 29 19 56 37 76 7 62 72 87 6 16 29
42 58 42 51 67 72 87 6 31 68 69 76 7 57 63 65 30 44 55 58
6 44 6 31 43 44
38 88 38 63 65 51 67 72 87 6 88
30 48 30 34 48
74 55 74 7 43 87 6 16 35 13 28 37 76 30 44 55
46 6 46 43 87 6
56 30 56 25 63 65 30
69 64 69 76 30 44 55 67 72 87 6 16 35 39 7 57 63 65 51 59 64
87 30 87 6 16 35 39 76 30
85 82 85 25 40 68 69 63 65 51 67 72 87 6 16 29 48 75 82
26 67 26 28 41 57 63 65 51 67
2 71 2 13 74 7 57 63 65 30 34 59 64 71
72 50 72 87 6 37 49 41 50
3 61 3 33 61
62 60 62 72 87 6 37 49 41 50 60
1 55 1 37 51 67 72 87 6 31 56 25 40 68 74 20 55
87 29 87 6 16 29
31 88 31 43 87 6 16 29 48 88
85 86 85 25 33 62 72 86
6 75 6 37 48 75
43 75 43 44 55 67 72 87 6 31 68 69 76 30 48 75
18 75 18 22 51 67 72 87 6 37 49 76 7 14 34 48 75
25 86 25 38 65 51 67 72 87 6 16 86
40 44 40 25 33 51 67 72 87 6 37 49 76 7 57 63 65 30 44
38 82 38 63 65 51 67 72 87 6 37 76 7 57 82
85 41 85 25 40 68 69 76 7 57 72 87 6 37 49 41
23 44 23 37 72 87 6 16 35 13 26 28 41 57 63 65 30 44
72 81 72 87 6 37 52 80 81
62 7 62 72 87 6 16 35 13 68 74 7
42 44 42 51 67 72 87 6 31 68 69 63 65 30 44
62 25 62 72 87 6 16 35 13 28 41 57 63 65 30 44 55 58 68 74 20 40 25
11 78 11 68 69 63 65 51 67 72 87 6 31 56 74 7 57 78
33 81 33 49 72 87 6 31 68 34 48 75 80 81
41 80 41 63 65 51 80
87 58 87 6 16 35 13 74 20 39 58
14 77 14 37 76 30 34 48 52 77
76 48 76 30 48
3 33 3 33
27 44 27 44
42 70 42 51 67 72 87 6 37 76 30 44 55 58 68 69 70
18 86 18 22 43 87 6 31 68 34 59 64 86
8 80 8 40 25 62 72 87 6 31 43 52 80
15 50 15 30 44 55 58 67 72 87 6 16 35 13 26 28 41 50
21 77 21 26 42 30 34 48 52 77
31 26 31 56 37 76 30 44 55 67 72 87 6 16 35 13 26
18 20 18 20
76 86 76 30 34 48 52 64 86
22 81 22 31 34 48 75 80 81
19 34 19 69 63 65 51 67 72 87 6 16 35 13 28 37 49 41 76 30 34
9 55 9 20 56 25 63 65 30 44 55
76 88 76 7 43 44 55 58 67 72 88
35 52 35 13 26 28 41 63 65 30 34 48 52
14 67 14 25 35 39 7 57 72 87 6 37 51 67
22 78 22 51 67 72 87 6 37 49 76 30 44 55 58 68 78
46 52 46 13 29 48 52
57 73 57 72 87 6 37 76 30 44 55 58 68 69 63 65 51 67 73
68 88 68 34 48 75 88
11 57 11 63 65 30 44 55 67 72 87 6 16 35 39 7 57
72 83 72 87 6 16 29 48 75 80 81 83
28 70 28 35 13 68 69 76 7 57 63 65 51 67 72 87 6 37 49 41 70
22 6 22 31 68 74 7 14 28 87 6
63 29 63 65 51 67 72 87 6 16 29
65 30 65 30
56 51 56 37 51
18 60 18 22 51 67 72 87 6 37 49 76 7 14 42 30 44 55 58 68 74 20 56 25 35 13 60
2 16 2 33 62 72 87 6 16
39 25 39 65 30 44 55 58 68 74 7 14 28 35 13 20 40 25
69 48 69 76 7 43 87 6 16 29 48
1 79 1 13 26 42 30 34 79
21 37 21 58 68 74 7 43 44 55 67 72 87 6 31 56 37
57 81 57 63 65 30 34 48 52 80 81
69 77 69 63 65 30 34 48 52 77
28 44 28 41 63 65 51 67 72 87 6 37 49 76 7 43 44
43 52 43 52
38 77 38 63 65 51 67 72 87 77
33 71 33 51 59 64 71
85 30 85 25 40 68 74 7 57 63 65 51 67 72 87 6 31 56 37 49 69 76 30
22 58 22 51 67 72 87 6 31 56 74 20 55 58
3 64 3 37 49 76 30 44 55 67 72 87 6 31 43 52 64
74 78 74 20 40 78
62 51 62 72 87 6 37 51
2 33 2 33
65 67 65 51 67
58 29 58 67 72 87 6 16 29
33 81 33 51 80 81
65 33 65 30 44 55 58 68 74 20 56 25 33
25 73 25 33 49 72 87 6 37 51 67 73
87 82 87 6 16 29 48 52 71 82
33 55 33 62 72 87 6 16 35 39 7 57 63 65 30 44 55
38 16 38 26 28 6 16
27 81 27 44 55 58 67 72 87 6 31 34 48 75 80 81
40 7 40 68 69 63 65 30 44 55 58 67 72 87 6 16 35 13 26 42 7
18 86 18 30 48 52 64 86
57 29 57 72 87 6 16 29
68 34 68 74 7 57 63 65 51 67 72 87 6 37 49 76 30 34
19 52 19 69 63 65 30 44 55 58 67 72 87 6 37 76 7 43 52
68 59 68 34 59
30 79 30 44 79
6 73 6 16 35 39 58 67 73
20 86 20 55 58 67 72 86
85 26 85 25 38 26
18 84 18 22 34 79 84
2 81 2 23 37 52 80 81
19 7 19 56 74 20 39 7
68 25 68 74 20 56 25
76 86 76 7 43 44 55 67 72 86
74 88 74 7 57 63 65 51 67 72 87 6 88
23 71 23 49 76 7 14 34 48 52 71
74 72 74 20 55 58 68 69 63 65 51 67 72
65 70 65 51 67 72 87 6 37 76 30 44 55 58 68 69 70
4 55 4 26 28 37 51 67 72 87 6 16 35 13 74 20 56 25 38 65 30 44 55
51 44 51 67 72 87 6 16 35 39 76 30 44
4 37 4 30 44 55 67 72 87 6 37
58 48 58 68 69 76 7 62 72 87 6 16 29 48
74 48 74 7 43 44 55 67 72 87 6 31 34 48
18 72 18 58 68 69 63 65 30 44 55 67 72
14 55 14 28 68 74 20 39 58 67 72 87 6 16 35 13 26 42 7 43 44 55
4 70 4 74 7 62 70
23 66 23 66
34 52 34 48 52
40 84 40 25 79 84
33 81 33 51 80 81
72 73 72 87 6 16 35 13 68 69 63 65 51 67 73
1 86 1 7 64 86
87 59 87 6 16 35 59
40 81 40 70 81
2 84 2 56 74 20 55 58 68 69 63 65 30 44 84
4 50 4 7 62 72 87 6 37 49 41 50
40 72 40 25 33 62 72
49 26 49 41 76 30 44 55 58 67 72 87 6 16 35 13 26
76 34 76 30 34
31 60 31 68 74 20 39 7 43 44 55 67 72 87 6 16 35 13 60
43 73 43 87 6 31 68 74 20 56 25 63 65 51 67 73
39 33 39 76 7 57 63 65 51 67 72 87 6 31 56 25 33
43 67 43 87 6 37 76 30 44 55 67
11 84 11 63 65 30 34 79 84
72 67 72 87 6 16 35 39 7 57 63 65 51 67
38 13 38 26 28 41 49 69 63 65 51 67 72 87 6 16 35 13
46 64 46 43 52 64
19 82 19 62 59 64 82
2 67 2 9 20 39 65 51 67
14 34 14 28 37 51 67 72 87 6 16 35 13 74 20 55 58 68 34
19 55 19 33 62 72 87 6 16 35 13 26 42 30 44 55
35 64 35 13 26 28 37 48 52 64
8 43 8 41 49 69 63 65 51 67 72 87 6 16 35 13 68 74 20 39 76 7 43
3 44 3 27 44
31 41 31 43 87 6 16 35 13 26 28 41
39 41 39 58 68 69 63 65 51 67 72 87 6 37 49 41
69 83 69 76 7 62 72 87 6 16 35 13 28 37 48 75 80 81 83
38 63 38 63
56 41 56 37 51 67 72 87 6 16 35 13 68 74 20 40 25 38 26 28 41
21 83 21 13 26 28 37 51 67 72 87 6 31 56 25 62 70 81 83
85 60 85 25 33 51 67 72 87 6 16 35 13 28 60
13 84 13 28 35 39 58 68 34 79 84
62 13 62 72 87 6 16 35 13
57 84 57 63 65 51 67 72 87 6 16 35 39 76 7 43 44 55 84
65 72 65 51 67 72
1 16 1 13 68 74 7 62 72 87 6 16
42 50 42 30 44 55 67 72 87 6 37 49 41 50
1 41 1 7 14 28 41
18 83 18 22 51 67 72 87 6 16 29 48 75 80 81 83
3 89 3 37 49 69 76 30 34 59 89
34 83 34 79 83
4 66 4 23 66
68 51 68 74 7 43 44 55 58 67 72 87 6 16 35 13 26 28 41 57 63 65 51
25 83 25 38 26 42 51 80 81 83
20 80 20 40 68 69 63 65 51 67 72 87 6 37 52 80
37 81 37 51 80 81
68 71 68 74 7 43 87 6 71
85 73 85 25 40 68 74 7 57 72 87 6 37 51 67 73
40 13 40 68 74 20 39 76 30 44 55 67 72 87 6 16 35 13
51 81 51 80 81
49 60 49 69 63 65 30 44 55 58 67 72 87 6 16 35 13 60
30 79 30 34 79
34 83 34 48 52 80 81 83
25 52 25 33 49 69 76 30 48 52
65 71 65 51 67 72 87 6 37 76 30 48 52 64 71
43 84 43 44 79 84
65 82 65 51 67 82
49 6 49 41 63 65 30 44 55 67 72 87 6
21 57 21 26 28 68 74 7 57
9 80 9 62 72 87 6 37 52 80
41 81 41 57 63 65 51 80 81
87 78 87 6 16 35 39 65 30 44 55 58 68 78
11 79 11 63 65 30 44 79
35 67 35 39 65 30 44 55 67
85 75 85 25 35 39 58 68 74 7 57 63 65 30 34 48 75
1 6 1 49 76 30 44 55 67 72 87 6
74 25 74 20 55 67 72 87 6 31 56 25
9 67 9 62 72 87 6 31 43 44 55 67
87 67 87 6 31 68 74 20 40 25 35 13 26 28 41 49 69 63 65 30 44 55 67
2 25 2 23 37 76 30 44 55 67 72 87 6 31 56 25
9 67 9 20 55 67
74 81 74 20 56 25 33 51 67 72 87 6 31 68 69 70 81
49 83 49 41 63 65 30 44 79 83
4 26 4 26
20 84 20 40 25 33 62 72 87 6 31 56 74 7 43 44 55 84
41 84 41 76 7 62 72 87 6 16 35 13 26 28 68 34 79 84
42 44 42 62 72 87 6 31 43 44
18 48 18 76 30 34 48
22 63 22 31 68 69 63
21 80 21 13 74 7 62 72 87 6 37 52 80
21 77 21 13 68 74 7 14 28 41 57 63 65 30 44 55 58 77
43 29 43 87 6 16 29
11 25 11 63 65 30 44 55 67 72 87 6 16 35 13 74 20 56 25
76 29 76 7 43 87 6 16 29
51 71 51 59 64 71
69 57 69 63 65 30 44 55 58 67 72 87 6 16 35 39 76 7 57
27 55 27 44 55
30 73 30 44 55 67 73
21 60 21 9 20 40 68 74 7 57 63 65 30 44 55 58 67 72 87 6 16 35 13 60
62 52 62 72 87 6 31 34 48 52
3 89 3 38 26 28 35 59 89
74 48 74 20 39 87 6 31 34 48
35 6 35 13 74 20 55 67 72 87 6
85 59 85 25 40 68 34 59
30 73 30 44 55 58 68 69 76 7 14 42 51 67 72 87 6 16 35 13 74 20 73
57 67 57 72 87 6 31 68 69 76 30 44 55 58 67
21 44 21 9 62 72 87 6 16 35 13 68 69 63 65 30 44
35 59 35 39 87 6 37 59
76 80 76 30 34 48 75 80
4 80 4 74 20 39 65 30 34 48 52 80
40 63 40 68 69 76 7 62 72 87 6 37 49 41 63
85 29 85 25 35 39 65 51 67 72 87 6 16 29
62 79 62 72 87 6 16 35 13 20 39 7 43 44 79
69 88 69 76 30 44 55 58 68 34 48 75 88
38 67 38 26 28 68 74 20 56 25 63 65 51 67
2 82 2 9 20 56 25 33 62 70 82
14 44 14 28 68 69 76 7 62 72 87 6 31 43 44
1 79 1 13 74 20 56 37 49 69 76 7 62 72 87 6 16 35 39 65 30 34 79
34 81 34 48 52 80 81
39 58 39 7 43 44 55 58
2 13 2 33 51 67 72 87 6 16 35 13
31 58 31 43 87 6 37 76 30 44 55 58
46 29 46 13 20 56 25 40 68 69 76 30 44 55 58 67 72 87 6 16 29
14 16 14 42 7 43 44 55 58 67 72 87 6 16
2 66 2 23 66
18 64 18 58 67 72 87 6 37 59 64
1 66 1 2 23 66
87 13 87 6 16 35 13
39 43 39 7 43
7 79 7 57 72 87 6 37 76 30 44 79
9 44 9 20 56 74 7 43 87 6 16 35 39 76 30 44
35 55 35 39 58 68 74 7 57 63 65 30 44 55
28 80 28 87 6 16 29 48 52 80
28 60 28 41 50 60
35 84 35 39 76 30 34 79 84
42 51 42 51
35 48 35 13 28 6 37 48
7 55 7 57 72 87 6 16 35 39 58 68 69 76 30 44 55
7 50 7 43 44 55 58 67 72 87 6 37 49 41 50
11 37 11 68 74 7 14 37
18 52 18 76 30 44 55 58 68 34 48 52
76 13 76 7 43 44 55 67 72 87 6 16 35 13
4 82 4 23 49 69 70 82
19 60 19 33 49 76 30 44 55 58 67 72 87 6 16 35 13 60
18 52 18 58 67 72 87 6 37 48 52
15 52 15 26 42 51 67 72 87 6 16 29 48 52
76 57 76 30 44 55 58 67 72 87 6 31 56 74 7 57
22 60 22 51 67 72 87 6 37 49 41 50 60
85 58 85 25 33 49 69 63 65 51 67 72 87 6 31 43 44 55 58
63 55 63 65 51 67 72 87 6 31 43 44 55
19 72 19 62 72
43 71 43 52 64 71
25 79 25 35 39 76 30 44 79
2 79 2 23 49 76 7 57 63 65 51 67 72 87 6 31 34 79
57 52 57 63 65 51 67 72 87 6 37 48 52
28 26 28 68 74 20 39 7 14 42 51 67 72 87 6 16 35 13 26
74 43 74 7 43
37 80 37 49 72 87 6 31 56 74 20 40 68 34 48 75 80
49 57 49 41 57
59 86 59 64 86
2 86 2 13 26 42 30 44 55 58 68 74 20 56 64 86
11 43 11 68 69 63 65 51 67 72 87 6 31 43
42 29 42 62 72 87 6 16 29
15 20 15 26 42 62 72 87 6 16 35 13 20
42 7 42 62 72 87 6 31 43 44 55 58 68 69 76 7
41 50 41 50
46 26 46 43 87 6 16 35 39 76 7 57 63 65 30 44 55 58 68 74 20 40 25 38 26
43 84 43 87 6 31 34 79 84
35 55 35 13 68 74 7 57 63 65 30 44 55
40 73 40 68 74 7 14 28 6 31 56 25 63 65 51 67 73
72 86 72 87 6 86
28 16 28 41 49 72 87 6 16
14 43 14 25 40 68 74 7 43
14 58 14 42 51 67 72 87 6 31 56 37 76 30 44 55 58
62 6 62 72 87 6
23 55 23 49 69 76 30 44 55
3 88 3 88
28 61 28 41 63 65 51 67 72 87 6 16 35 13 20 40 25 33 61
69 78 69 63 65 51 67 72 87 6 16 35 39 58 68 74 7 14 25 40 78
68 88 68 34 48 75 88
38 67 38 26 28 68 69 76 30 44 55 58 67
41 52 41 63 65 30 48 52
69 33 69 76 7 14 25 33
38 72 38 26 28 35 39 65 30 44 55 67 72
22 78 22 51 67 72 87 6 31 68 78
72 81 72 87 6 16 35 13 74 20 56 37 52 80 81
27 84 27 79 84
37 48 37 51 67 72 87 6 16 35 13 28 68 34 48
74 81 74 7 57 72 87 6 16 35 13 20 39 76 30 48 75 80 81
46 50 46 13 68 69 76 7 62 72 87 6 37 49 41 50
62 72 62 72
70 83 70 81 83
74 75 74 7 14 28 41 57 72 87 6 37 76 30 48 75
28 84 28 41 63 65 51 67 72 87 6 16 35 39 76 30 34 79 84
63 81 63 65 30 44 55 58 68 69 70 81
19 37 19 56 37
4 64 4 7 57 72 87 6 37 76 30 34 48 52 64
13 48 13 29 48
1 29 1 37 51 67 72 87 6 16 29
1 25 1 37 51 67 72 87 6 31 43 44 55 58 68 74 20 40 25
69 33 69 63 65 51 67 72 87 6 31 43 44 55 58 68 74 20 56 25 33
38 20 38 65 51 67 72 87 6 37 49 76 7 14 25 35 13 20
28 70 28 6 37 76 7 62 70
14 25 14 25
11 86 11 68 34 48 52 64 86
51 79 51 67 72 87 6 37 49 41 76 30 34 79
40 13 40 25 38 65 30 44 55 67 72 87 6 16 35 13
57 44 57 72 87 6 16 35 13 68 74 7 43 44
15 26 15 26
74 81 74 20 56 25 40 70 81
31 82 31 68 34 48 75 82
38 13 38 63 65 51 67 72 87 6 37 49 76 7 14 25 35 13
26 71 26 42 62 59 64 71
58 81 58 67 72 87 6 16 29 48 52 80 81
4 83 4 30 48 75 80 81 83
68 82 68 34 48 75 82
39 79 39 65 51 67 72 87 6 31 68 74 7 14 28 37 76 30 34 79
65 50 65 51 67 72 87 6 31 43 44 55 58 68 74 20 56 37 76 7 14 25 33 49 41 50
4 80 4 74 7 62 72 87 6 37 76 30 34 48 75 80
41 84 41 63 65 30 34 79 84
68 41 68 74 7 14 25 33 51 67 72 87 6 37 49 41
15 81 15 22 43 52 80 81
23 80 23 37 72 87 6 16 29 48 75 80
69 67 69 63 65 30 44 55 67
20 83 20 56 74 7 62 70 81 83
7 44 7 62 72 87 6 37 49 69 76 30 44
87 16 87 6 16
87 26 87 6 16 35 13 26
14 48 14 34 48
4 48 4 26 42 30 44 55 58 68 34 48
14 6 14 42 51 67 72 87 6
15 25 15 22 51 67 72 87 6 31 56 74 7 14 25
56 89 56 25 63 65 51 59 89
15 51 15 30 44 55 67 72 87 6 16 35 39 58 68 69 63 65 51
56 73 56 37 49 69 76 30 44 55 67 73
35 80 35 39 65 51 80
76 57 76 30 44 55 58 68 74 20 56 37 49 41 57
27 75 27 44 55 67 72 87 6 16 29 48 75
4 72 4 74 20 56 37 49 41 57 72
9 29 9 62 72 87 6 16 35 13 29
42 77 42 51 67 72 87 77
68 43 68 74 20 56 37 72 87 6 31 43
30 67 30 44 55 67
49 25 49 41 63 65 30 44 55 67 72 87 6 16 35 13 20 40 25
76 13 76 7 43 44 55 67 72 87 6 16 35 13
19 88 19 43 87 6 16 35 13 29 48 88
74 75 74 20 39 7 43 87 6 37 76 30 34 48 75
21 30 21 13 74 7 62 72 87 6 37 76 30
14 71 14 37 51 67 72 87 6 31 56 74 20 39 58 68 69 76 7 62 59 64 71
38 37 38 26 28 87 6 37
49 81 49 76 30 34 48 52 80 81
41 75 41 57 63 65 51 67 72 87 6 37 76 30 48 75
6 83 6 37 48 75 80 81 83
13 67 13 68 74 20 40 25 35 39 76 7 62 72 87 6 31 56 37 49 41 63 65 30 44 55 67
41 71 41 76 7 62 72 87 6 71
23 66 23 66
18 51 18 22 51
11 70 11 68 74 20 55 58 67 72 87 6 16 35 13 26 28 41 70
40 34 40 68 69 63 65 30 44 55 58 67 72 87 6 31 34
34 80 34 48 75 80
39 29 39 65 51 67 72 87 6 16 29
35 13 35 13
57 29 57 63 65 51 67 72 87 6 16 29
87 73 87 6 37 51 67 73
56 67 56 25 35 39 58 67
8 67 8 9 62 72 87 6 16 35 39 7 14 25 38 65 51 67
14 64 14 42 7 57 72 87 6 16 35 13 20 56 64
21 25 21 13 20 56 25
2 34 2 9 62 72 87 6 31 34
68 29 68 74 20 39 87 6 16 35 13 29
65 26 65 30 44 55 67 72 87 6 16 35 13 26
56 43 56 25 40 68 69 76 7 43
4 50 4 74 7 62 72 87 6 37 49 41 50
69 43 69 63 65 51 67 72 87 6 37 49 76 30 44 55 58 68 74 20 39 7 43
56 75 56 74 20 55 58 67 72 87 6 31 34 48 75
37 81 37 48 52 80 81
21 20 21 9 20
49 82 49 76 7 57 82
43 79 43 87 6 16 35 39 76 30 34 79
18 50 18 22 43 44 55 58 68 69 63 65 51 67 72 87 6 16 35 13 26 28 37 49 41 50
1 52 1 37 52
40 26 40 68 74 7 62 72 87 6 16 35 13 26
19 33 19 33
65 50 65 51 67 72 87 6 37 49 41 50
20 80 20 55 67 72 87 6 37 48 52 80
51 81 51 80 81
46 37 46 43 44 55 67 72 87 6 37
4 75 4 23 49 76 30 34 48 75
65 50 65 30 44 55 58 67 72 87 6 16 35 13 28 41 50
33 75 33 49 41 76 30 34 48 75
15 41 15 22 51 67 72 87 6 16 35 13 74 20 40 25 63 65 30 44 55 58 68 69 76 7 14 28 41
34 81 34 48 52 80 81
42 58 42 30 44 55 58
2 55 2 33 62 72 87 6 16 35 13 26 28 68 74 20 39 76 7 14 25 38 63 65 30 44 55
2 55 2 23 49 41 63 65 30 44 55
15 63 15 30 44 55 67 72 87 6 16 35 13 28 68 69 63
1 25 1 51 67 72 87 6 16 35 13 20 40 25
46 48 46 43 44 55 67 72 87 6 31 34 48
14 34 14 34
15 6 15 30 44 55 58 67 72 87 6
31 43 31 43
33 48 33 51 67 72 87 6 16 35 39 7 57 63 65 30 48
8 77 8 28 41 63 65 30 48 52 77
74 64 74 7 64
49 79 49 72 87 6 37 76 30 34 79
69 43 69 63 65 51 67 72 87 6 31 43
68 58 68 69 76 30 44 55 58
31 75 31 68 74 20 40 25 62 72 87 6 37 76 30 48 75
31 70 31 68 69 70
41 71 41 49 72 87 6 16 29 48 52 64 71
7 84 7 43 87 6 31 34 79 84
8 88 8 13 20 55 58 67 72 88
11 58 11 68 74 7 43 44 55 58
27 48 27 44 55 58 68 74 20 40 25 35 39 65 51 67 72 87 6 37 76 30 34 48
3 79 3 27 79
76 80 76 30 48 52 80
35 34 35 39 87 6 31 56 74 20 55 58 68 34
85 60 85 25 33 62 72 87 6 16 35 13 26 28 60
4 52 4 30 44 55 67 72 87 6 31 43 52
76 55 76 30 44 55
58 71 58 67 72 87 6 37 59 64 71
56 34 56 74 20 39 65 30 34
46 73 46 43 44 55 67 73
42 75 42 51 67 72 87 6 31 43 44 55 58 68 34 48 75
76 34 76 7 43 87 6 16 35 13 26 28 68 69 63 65 30 34
39 7 39 65 51 67 72 87 6 16 35 13 26 28 68 74 7
18 78 18 20 56 74 7 57 78
85 88 85 88
22 81 22 31 68 69 76 30 48 52 80 81
1 83 1 51 67 72 87 6 16 35 39 76 7 57 63 65 30 44 55 58 68 69 70 81 83
15 83 15 26 42 7 43 44 79 83
31 67 31 43 44 55 58 67
25 44 25 40 68 74 7 57 63 65 30 44
8 41 8 9 62 72 87 6 37 49 41
38 16 38 65 30 44 55 67 72 87 6 16
1 25 1 39 65 51 67 72 87 6 31 56 25
40 30 40 25 33 51 67 72 87 6 16 35 13 20 55 58 68 69 76 7 14 42 30
68 78 68 78
51 55 51 67 72 87 6 37 76 30 44 55
14 75 14 42 7 43 44 55 67 72 87 6 37 76 30 48 75
22 41 22 31 56 74 20 55 67 72 87 6 16 35 13 28 41
39 51 39 76 30 44 55 67 72 87 6 37 49 41 63 65 51
70 83 70 81 83
19 80 19 56 37 52 80
65 84 65 30 44 79 84
3 37 3 33 51 67 72 87 6 37
18 25 18 20 40 25
28 79 28 37 72 87 6 31 34 79
51 29 51 67 72 87 6 16 29
40 52 40 68 34 48 52
40 77 40 25 38 26 42 7 57 63 65 51 67 72 87 6 31 34 48 52 77
3 78 3 27 78
40 34 40 68 74 20 39 58 67 72 87 6 37 49 41 57 63 65 30 34
27 83 27 79 83
49 80 49 76 30 34 48 75 80
15 81 15 22 31 68 34 48 52 80 81
41 55 41 49 72 87 6 37 76 30 44 55
11 86 11 68 69 76 7 43 44 55 67 72 87 6 86
20 83 20 56 37 49 76 7 57 72 87 6 16 35 39 65 30 34 48 75 80 81 83
9 29 9 20 39 65 51 67 72 87 6 16 29
13 71 13 68 69 63 65 30 48 52 64 71
69 55 69 63 65 30 44 55
46 79 46 13 68 34 79
6 84 6 37 76 30 34 79 84
65 25 65 51 67 72 87 6 31 56 25
37 84 37 51 67 72 87 6 31 43 44 79 84
6 84 6 31 34 79 84
49 79 49 69 63 65 30 34 79
11 80 11 68 74 7 43 87 6 16 29 48 52 80
22 26 22 51 67 72 87 6 16 35 13 26
33 79 33 51 67 72 87 6 37 49 69 63 65 30 34 79
85 51 85 25 33 62 72 87 6 37 51
21 75 21 13 68 74 7 57 72 87 6 31 56 37 49 69 76 30 34 48 75
74 86 74 7 64 86
63 86 63 65 51 67 72 86
46 73 46 43 44 55 67 72 87 6 16 35 13 26 73
23 86 23 49 41 57 63 65 51 67 72 87 6 16 29 48 52 64 86
26 52 26 28 41 63 65 30 48 52
74 58 74 20 56 37 51 67 72 87 6 31 68 69 76 7 57 63 65 30 44 55 58
68 13 68 69 63 65 30 44 55 67 72 87 6 16 35 13
18 67 18 58 68 69 76 30 44 55 67
4 86 4 49 69 76 30 48 52 64 86
69 25 69 63 65 51 67 72 87 6 37 76 30 44 55 58 68 74 20 40 25
85 80 85 25 62 72 87 6 37 76 30 48 75 80
65 77 65 51 67 72 87 77
74 58 74 20 39 7 57 63 65 51 67 72 87 6 37 76 30 44 55 58
76 86 76 30 34 48 52 64 86
74 34 74 7 62 72 87 6 31 43 44 55 58 68 69 76 30 34
69 80 69 63 65 30 44 55 58 68 74 20 39 76 7 43 52 80
3 25 3 30 44 55 58 68 74 20 56 25
37 55 37 49 69 76 7 57 63 65 51 67 72 87 6 16 35 13 26 42 30 44 55
2 48 2 56 25 63 65 30 34 48
33 75 33 62 72 87 6 16 29 48 75
25 44 25 40 68 74 7 14 28 6 37 49 76 30 44
4 81 4 30 48 75 80 81
34 52 34 48 52
6 29 6 16 29
2 72 2 13 26 42 62 72
39 57 39 65 30 44 55 67 72 87 6 37 49 76 7 57
28 60 28 60
68 72 68 69 76 30 44 55 67 72
40 84 40 25 38 26 42 7 57 63 65 30 34 79 84
57 52 57 72 87 6 16 29 48 52
65 6 65 30 44 55 58 67 72 87 6
39 81 39 65 51 67 72 87 6 37 48 75 80 81
11 77 11 63 65 30 48 52 77
22 44 22 51 67 72 87 6 37 76 7 14 25 63 65 30 44
51 61 51 67 72 87 6 37 76 7 57 63 65 30 44 55 58 68 74 20 40 25 33 61
7 44 7 57 72 87 6 31 43 44
41 44 41 49 76 30 44
65 7 65 30 44 55 58 67 72 87 6 16 35 39 7
23 44 23 49 41 63 65 30 44
22 61 22 51 67 72 87 6 37 49 69 63 65 30 44 55 58 68 74 20 40 25 33 61
22 71 22 51 67 72 87 6 31 59 64 71
56 7 56 74 7
68 60 68 69 76 7 43 87 6 16 35 13 60
31 79 31 34 79
49 89 49 72 87 77 89
31 16 31 68 69 76 30 44 55 58 67 72 87 6 16
33 84 33 62 72 87 6 37 49 69 76 7 43 44 84
28 81 28 35 39 7 14 37 48 75 80 81
1 44 1 49 76 7 57 63 65 30 44
14 71 14 42 7 62 59 64 71
42 88 42 30 34 48 88
28 59 28 41 57 63 65 30 34 59
38 44 38 26 42 51 67 72 87 6 37 76 7 43 44
62 79 62 72 87 6 37 76 7 14 42 30 44 79
22 57 22 51 67 72 87 6 31 56 74 7 57
2 75 2 56 37 48 75
41 71 41 63 65 51 59 64 71
14 89 14 42 62 59 89
40 82 40 68 74 7 64 71 82
68 79 68 34 79
19 55 19 69 76 30 44 55
22 77 22 43 52 77
87 88 87 6 16 29 48 88
63 80 63 65 51 80
3 60 3 38 26 28 60
43 29 43 87 6 16 29
49 37 49 76 7 43 44 55 58 67 72 87 6 16 35 13 28 37
1 20 1 49 41 76 7 43 44 55 67 72 87 6 16 35 13 74 20
40 77 40 25 33 49 41 63 65 51 67 72 87 6 31 68 34 48 52 77
1 33 1 51 67 72 87 6 31 56 25 33
74 43 74 7 43
3 25 3 9 62 72 87 6 31 68 74 20 40 25
14 57 14 28 87 6 37 76 7 57
39 44 39 76 30 44
28 60 28 87 6 16 35 13 60
20 44 20 56 25 35 39 76 30 44
33 79 33 51 67 72 87 6 31 68 74 7 43 44 79
87 43 87 6 16 35 13 74 7 43
31 59 31 43 87 6 16 35 59
22 29 22 51 67 72 87 6 16 29
65 29 65 30 44 55 58 67 72 87 6 16 29
8 72 8 28 6 37 49 72
57 52 57 72 87 6 16 29 48 52
14 52 14 34 48 52
4 73 4 30 44 55 67 73
13 86 13 29 48 52 64 86
76 55 76 7 43 87 6 31 56 74 20 55
11 16 11 68 69 63 65 51 67 72 87 6 16
39 7 39 76 7
26 75 26 28 37 48 75
38 73 38 65 51 67 73
40 89 40 68 69 76 7 14 28 87 6 31 34 48 52 77 89
69 34 69 76 30 34
7 44 7 14 42 51 67 72 87 6 16 35 13 68 69 63 65 30 44
22 81 22 31 68 69 76 30 44 55 67 72 87 6 16 35 39 65 51 80 81
39 25 39 7 14 25
35 60 35 13 60
56 30 56 74 7 43 44 55 58 68 69 76 30
87 86 87 6 37 48 52 64 86
56 79 56 74 20 55 58 68 69 76 30 34 79
62 84 62 72 87 6 31 43 44 84
74 79 74 7 14 37 51 67 72 87 6 16 35 13 68 34 79
3 50 3 30 44 55 58 68 69 76 7 62 72 87 6 37 49 41 50
27 83 27 79 83
69 16 69 76 30 44 55 67 72 87 6 16
62 29 62 72 87 6 16 29
42 89 42 62 59 89
74 78 74 7 14 25 38 26 28 68 78
8 72 8 62 72
3 88 3 9 62 72 87 6 16 29 48 75 88
15 79 15 30 44 79
68 58 68 69 63 65 51 67 72 87 6 37 49 41 76 30 44 55 58
18 52 18 30 48 52
8 50 8 41 50
11 34 11 63 65 51 67 72 87 6 31 43 44 55 58 68 34
33 86 33 62 72 87 6 31 43 52 64 86
19 30 19 43 87 6 37 49 41 57 63 65 30
15 72 15 30 44 55 58 67 72
76 43 76 7 43
15 72 15 26 42 30 44 55 67 72
40 89 40 68 69 63 65 51 67 72 87 77 89
65 82 65 30 34 48 52 64 82
6 71 6 37 59 64 71
27 86 27 44 55 58 68 34 48 52 64 86
43 75 43 87 6 31 34 48 75
22 86 22 34 48 52 64 86
19 71 19 69 76 30 48 52 64 71
46 59 46 43 87 6 16 35 13 68 34 59
18 48 18 76 30 44 55 58 67 72 87 6 16 29 48
65 48 65 51 67 72 87 6 16 29 48
8 29 8 41 63 65 51 67 72 87 6 16 29
40 58 40 68 69 76 30 44 55 58
35 80 35 13 28 87 6 37 51 80
21 41 21 9 62 72 87 6 37 49 41
69 20 69 63 65 30 44 55 58 67 72 87 6 31 56 74 20
31 50 31 68 69 76 7 62 72 87 6 16 35 13 26 28 41 50
87 25 87 6 31 56 25
63 44 63 65 51 67 72 87 6 37 76 30 44
76 34 76 7 14 34
76 30 76 30
65 67 65 51 67
68 88 68 34 79 88
21 82 21 42 7 57 72 87 6 16 29 48 52 64 71 82
25 81 25 63 65 30 48 52 80 81
30 44 30 44
38 48 38 65 51 67 72 87 6 16 29 48
49 64 49 76 7 64
74 29 74 7 57 63 65 30 44 55 67 72 87 6 16 29
56 43 56 74 20 39 76 30 44 55 58 68 69 63 65 51 67 72 87 6 31 43
43 80 43 44 55 58 68 69 76 7 14 28 35 13 74 20 40 25 63 65 30 34 48 52 80
28 50 28 41 50
18 78 18 76 30 44 55 67 72 87 6 31 68 78
31 58 31 43 87 6 16 35 39 58
76 52 76 7 57 63 65 30 48 52
22 13 22 51 67 72 87 6 16 35 13
41 75 41 63 65 51 67 72 87 6 16 35 13 68 34 48 75
2 79 2 23 37 49 69 63 65 51 67 72 87 6 31 34 79
11 73 11 68 74 7 43 44 55 67 73
31 64 31 68 34 59 64
68 6 68 74 20 56 25 62 72 87 6
68 26 68 69 63 65 30 44 55 67 72 87 6 31 56 74 20 40 25 38 26
15 58 15 26 28 68 74 7 62 72 87 6 16 35 39 58
34 48 34 48
18 72 18 76 7 43 44 55 58 68 69 63 65 51 67 72
87 80 87 6 31 56 25 38 63 65 30 34 48 75 80
37 48 37 49 72 87 6 31 34 48
6 80 6 16 35 39 7 57 63 65 51 80
11 80 11 68 34 48 75 80
72 61 72 87 6 31 56 25 33 61
19 67 19 33 62 72 87 6 31 56 37 51 67
28 44 28 41 49 76 7 62 72 87 6 31 56 25 38 65 30 44
13 79 13 28 37 51 67 72 87 6 31 34 79
35 51 35 39 65 30 44 55 58 68 74 7 43 87 6 37 51
62 64 62 59 64
51 48 51 67 72 87 6 16 35 13 68 34 48
11 37 11 68 69 63 65 51 67 72 87 6 37
15 71 15 26 28 87 6 37 52 64 71
8 63 8 41 57 72 87 6 37 76 30 44 55 58 68 69 63
49 89 49 41 63 65 51 67 72 87 77 89
40 67 40 68 69 76 7 62 72 87 6 16 35 13 20 39 58 67
43 86 43 44 55 58 68 69 76 7 57 72 87 6 86
46 60 46 13 26 28 60
46 30 46 43 87 6 31 68 69 63 65 30
28 59 28 6 31 43 44 55 58 68 34 59
18 80 18 22 31 34 48 52 80
62 72 62 72
40 75 40 25 62 72 87 6 16 29 48 75
85 29 85 25 33 51 67 72 87 6 16 29
14 13 14 28 41 63 65 51 67 72 87 6 16 35 13
4 86 4 26 28 6 37 52 64 86
15 67 15 30 44 55 67
37 75 37 48 75
58 86 58 67 72 87 6 31 68 69 76 7 64 86
39 63 39 76 7 57 63
69 75 69 63 65 30 44 55 58 68 34 48 75
69 37 69 76 7 43 44 55 67 72 87 6 37
43 83 43 87 6 37 51 80 81 83
39 55 39 58 68 74 7 14 28 41 63 65 30 44 55
38 44 38 26 42 7 57 63 65 51 67 72 87 6 37 76 30 44
76 73 76 7 14 37 72 87 6 31 56 74 20 73
16 71 16 35 13 20 40 68 34 48 52 64 71
15 83 15 30 44 55 58 67 72 87 6 31 43 52 80 81 83
31 20 31 68 69 63 65 30 44 55 58 67 72 87 6 16 35 13 74 20
35 89 35 39 76 30 44 79 84 89
13 81 13 28 87 6 31 56 74 20 40 68 34 48 52 80 81
14 52 14 37 48 52
40 34 40 68 74 20 55 67 72 87 6 31 56 37 49 76 30 34
39 71 39 58 67 72 87 6 71
87 51 87 6 37 51
56 48 56 25 40 68 69 76 30 48
3 89 3 27 44 79 84 89
2 43 2 33 51 67 72 87 6 31 43
35 79 35 13 26 42 7 62 72 87 6 31 68 34 79
49 25 49 69 76 30 44 55 67 72 87 6 16 35 39 58 68 74 20 40 25
6 67 6 16 35 39 58 67
68 58 68 69 76 30 44 55 58
22 6 22 31 56 25 62 72 87 6
39 50 39 58 68 69 76 7 62 72 87 6 37 49 41 50
41 55 41 63 65 51 67 72 87 6 31 43 44 55
41 71 41 76 7 64 71
40 41 40 68 74 20 56 25 63 65 51 67 72 87 6 37 49 41
39 55 39 76 30 44 55
26 83 26 42 62 70 81 83
43 79 43 44 79
38 58 38 26 28 68 74 20 55 58
56 58 56 74 20 40 68 69 76 30 44 55 67 72 87 6 16 35 39 58
40 63 40 25 35 39 7 57 72 87 6 37 49 41 63
28 43 28 41 49 72 87 6 31 68 74 7 43
68 29 68 74 20 55 58 67 72 87 6 16 29
69 43 69 76 30 44 55 58 68 74 7 43
19 61 19 33 61
46 25 46 43 87 6 16 35 13 20 40 25
11 57 11 63 65 51 67 72 87 6 16 35 13 68 69 76 7 57
49 20 49 69 63 65 51 67 72 87 6 16 35 13 68 74 20
21 33 21 58 68 74 20 40 25 33
20 48 20 56 74 7 62 72 87 6 37 48
18 84 18 58 68 74 20 39 7 14 28 87 6 16 35 13 84
14 26 14 25 62 72 87 6 16 35 13 26
19 86 19 69 76 7 57 72 87 6 16 86
15 43 15 30 44 55 58 68 69 76 7 62 72 87 6 31 43
51 81 51 80 81
38 57 38 65 51 67 72 87 6 37 76 7 57
62 52 62 72 87 6 37 48 52
42 84 42 30 34 79 84
65 80 65 51 80
18 75 18 30 34 48 75
4 30 4 30
38 52 38 63 65 30 48 52
74 64 74 7 43 87 6 16 29 48 52 64
22 6 22 51 67 72 87 6
68 60 68 74 20 55 67 72 87 6 16 35 13 60
76 41 76 7 14 28 41
22 7 22 43 44 55 58 68 69 76 7
2 70 2 13 74 20 40 25 38 65 51 67 72 87 6 37 49 69 70
74 6 74 20 56 37 49 72 87 6
13 50 13 68 69 76 7 14 28 41 50
11 60 11 60
20 71 20 39 87 6 71
6 86 6 16 86
85 80 85 25 35 39 65 51 67 72 87 6 37 48 52 80
33 67 33 51 67
18 6 18 30 44 55 67 72 87 6
65 78 65 30 44 55 58 68 74 7 14 25 33 78
1 16 1 49 72 87 6 16
74 59 74 7 57 63 65 51 67 72 87 6 37 59
2 41 2 56 74 7 43 44 55 67 72 87 6 37 49 41
49 79 49 69 63 65 51 67 72 87 6 31 43 44 79
14 30 14 25 35 13 68 69 63 65 30
46 37 46 13 28 68 69 76 30 44 55 67 72 87 6 37
25 83 25 62 70 81 83
7 81 7 62 72 87 6 31 56 25 33 51 80 81
42 60 42 51 67 72 87 6 37 49 76 30 44 55 58 68 74 7 14 28 60
65 44 65 30 44
39 75 39 58 68 69 76 30 48 75
31 51 31 68 74 20 40 25 35 13 28 41 63 65 51
21 25 21 42 7 57 63 65 30 44 55 58 68 74 20 40 25
9 52 9 62 72 87 6 31 68 74 20 56 37 52
14 44 14 42 30 44
8 83 8 41 70 81 83
27 86 27 44 55 67 72 86
62 88 62 72 88
46 58 46 43 44 55 58
30 81 30 44 55 67 72 87 6 31 34 48 75 80 81
11 55 11 63 65 30 44 55
40 77 40 68 69 76 7 62 72 87 6 31 56 37 52 77
62 60 62 72 87 6 16 35 13 60
28 6 28 6
56 59 56 74 20 39 7 43 44 55 58 67 72 87 6 16 35 59
1 50 1 49 41 50
31 6 31 43 44 55 67 72 87 6
76 50 76 7 62 72 87 6 16 35 13 20 56 37 49 41 50
40 37 40 25 33 51 67 72 87 6 37
38 55 38 26 42 7 57 72 87 6 31 68 69 76 30 44 55
76 82 76 30 34 48 75 82
31 84 31 68 69 63 65 30 34 79 84
15 86 15 30 44 55 58 67 72 87 6 37 52 64 86
38 70 38 26 28 35 13 20 40 70
85 34 85 25 40 68 34
65 78 65 51 67 72 87 6 37 76 30 44 55 58 68 78
2 50 2 9 20 39 76 30 44 55 58 68 74 7 57 63 65 51 67 72 87 6 37 49 41 50
62 58 62 72 87 6 31 68 69 76 7 14 28 35 13 74 20 55 58
56 41 56 25 40 68 74 7 43 44 55 58 67 72 87 6 37 49 41
51 80 51 67 72 87 6 16 29 48 52 80
38 37 38 63 65 51 67 72 87 6 31 68 74 20 39 7 14 37
57 80 57 72 87 6 31 68 34 48 75 80
74 78 74 20 56 37 72 87 6 31 68 78
22 55 22 31 43 87 6 16 35 39 65 30 44 55
87 70 87 6 16 35 13 68 69 70
11 13 11 68 69 63 65 51 67 72 87 6 16 35 13
34 86 34 48 52 64 86
14 30 14 28 35 13 20 55 58 67 72 87 6 37 49 76 30
87 89 87 77 89
22 37 22 43 87 6 16 35 13 28 37
4 83 4 7 57 72 87 6 31 34 48 52 80 81 83
49 89 49 69 76 7 89
27 79 27 44 55 58 68 34 79
62 83 62 70 81 83
18 77 18 20 56 25 63 65 30 44 55 58 68 34 48 52 77
39 51 39 7 57 63 65 51
56 63 56 37 76 7 43 87 6 31 68 69 63
38 59 38 63 65 51 67 72 87 6 31 34 59
31 88 31 56 25 33 62 72 88
1 25 1 51 67 72 87 6 31 43 44 55 58 68 74 20 40 25
39 37 39 7 14 25 33 62 72 87 6 16 35 13 28 37
68 20 68 74 20
51 75 51 67 72 87 6 16 35 39 7 57 63 65 30 48 75
76 60 76 30 44 55 58 68 69 63 65 51 67 72 87 6 37 49 41 50 60
18 51 18 22 43 44 55 67 72 87 6 31 56 25 40 68 74 20 39 7 14 37 49 69 63 65 51
15 44 15 26 42 62 72 87 6 16 35 39 76 30 44
72 83 72 87 6 31 34 48 75 80 81 83
19 37 19 69 76 7 43 87 6 31 68 74 20 56 37
1 72 1 2 23 37 51 67 72
62 82 62 72 87 6 16 29 48 52 64 71 82
49 30 49 69 63 65 30
13 67 13 68 74 7 43 44 55 67
46 57 46 43 44 55 67 72 87 6 37 49 41 57
62 43 62 72 87 6 31 43
35 64 35 39 7 43 44 55 67 72 87 6 16 29 48 52 64
4 84 4 7 57 63 65 51 67 72 87 6 16 35 13 20 40 25 79 84
11 77 11 63 65 51 67 72 87 6 37 77
68 84 68 34 79 84
46 71 46 13 74 7 62 59 64 71
2 60 2 13 26 28 60
9 73 9 20 56 25 38 63 65 51 67 73
38 81 38 26 42 62 70 81
76 41 76 30 44 55 67 72 87 6 16 35 39 58 68 74 20 40 25 33 49 41
15 88 15 30 44 79 88
13 83 13 68 69 76 30 34 79 83
31 86 31 59 64 86
26 71 26 42 30 34 59 64 71
74 43 74 7 43
74 77 74 20 40 68 69 63 65 30 34 48 52 77
39 26 39 7 57 63 65 30 44 55 67 72 87 6 16 35 13 26
74 48 74 20 56 37 49 69 63 65 30 34 48
65 29 65 51 67 72 87 6 16 29
58 55 58 68 74 20 55
62 20 62 72 87 6 31 56 74 20
74 63 74 20 39 76 7 43 87 6 31 68 69 63
43 44 43 44
51 29 51 67 72 87 6 16 29
33 83 33 49 76 30 34 48 52 80 81 83
35 25 35 13 26 42 51 67 72 87 6 31 43 44 55 58 68 74 20 40 25
62 52 62 72 87 6 37 48 52
87 33 87 6 37 76 7 14 25 33
46 41 46 43 44 55 58 68 74 20 39 76 7 14 28 41
31 20 31 68 74 20
65 77 65 51 67 72 87 6 16 35 13 20 56 25 40 68 69 76 30 48 52 77
87 77 87 6 77
87 33 87 6 16 35 39 76 7 57 63 65 30 44 55 58 68 74 20 40 25 33
68 55 68 69 76 30 44 55
1 84 1 49 76 30 34 79 84
65 44 65 30 44
68 75 68 34 48 75
11 41 11 68 69 76 30 44 55 67 72 87 6 16 35 13 26 28 37 49 41
63 44 63 65 30 44
74 6 74 7 62 72 87 6
21 30 21 13 28 41 76 7 62 72 87 6 16 35 39 65 30
56 58 56 74 20 55 58
56 29 56 37 49 76 7 62 72 87 6 16 29
72 79 72 87 6 16 35 13 26 42 30 44 79
4 66 4 23 66
62 33 62 72 87 6 31 56 74 7 14 25 33
8 71 8 41 49 76 7 43 52 71
28 41 28 41
20 50 20 39 58 67 72 87 6 31 68 74 7 14 28 41 50
51 44 51 67 72 87 6 31 43 44
85 7 85 25 35 13 74 7
8 16 8 28 87 6 16
21 55 21 58 68 69 63 65 30 44 55
87 26 87 6 16 35 13 26
57 48 57 63 65 30 48
21 20 21 9 20
35 20 35 13 20
16 55 16 35 39 7 62 72 87 6 31 68 69 76 30 44 55
51 61 51 67 72 87 6 16 35 13 28 41 57 63 65 30 44 55 58 68 74 20 40 25 33 61
46 25 46 43 44 55 58 68 69 76 7 57 63 65 51 67 72 87 6 31 56 25
62 29 62 72 87 6 16 29
65 50 65 51 67 72 87 6 37 49 41 50
41 67 41 57 63 65 51 67
2 48 2 56 37 51 67 72 87 6 31 34 48
18 60 18 22 31 68 74 7 62 72 87 6 16 35 13 28 60
76 30 76 30
68 77 68 34 48 52 77
56 13 56 74 20 40 68 69 63 65 30 44 55 58 67 72 87 6 16 35 13
56 16 56 74 7 62 72 87 6 16
65 58 65 30 44 55 58
22 16 22 51 67 72 87 6 16
16 73 16 35 13 68 74 7 14 25 38 26 28 87 6 31 56 37 76 30 44 55 58 67 73
18 72 18 22 51 67 72
11 51 11 63 65 51
28 34 28 35 39 76 30 34
2 81 2 9 20 39 58 68 74 7 57 63 65 30 48 52 80 81
4 13 4 30 44 55 58 68 69 63 65 51 67 72 87 6 37 49 41 76 7 14 25 35 13
18 73 18 76 30 44 55 67 72 87 6 16 35 13 20 73
22 25 22 31 68 69 76 7 62 72 87 6 16 35 13 20 56 25
31 43 31 43
49 79 49 41 76 30 34 79
31 72 31 56 37 51 67 72
41 67 41 76 7 62 72 87 6 16 35 39 65 51 67
74 37 74 7 14 25 62 72 87 6 37
8 41 8 40 68 74 20 39 87 6 16 35 13 26 28 41
56 50 56 74 20 39 58 68 69 63 65 51 67 72 87 6 16 35 13 28 41 50
69 16 69 76 30 44 55 58 67 72 87 6 16
85 72 85 25 38 26 28 41 49 69 63 65 51 67 72
18 37 18 30 44 55 67 72 87 6 37
62 89 62 72 87 77 89
11 50 11 63 65 30 44 55 67 72 87 6 31 56 37 49 41 50
62 75 62 72 87 6 37 48 75
43 71 43 52 71
16 67 16 87 6 31 43 44 55 67
33 48 33 51 67 72 87 6 37 49 76 30 34 48
65 70 65 51 67 72 87 6 31 68 69 70
40 86 40 68 74 20 39 65 30 48 52 64 86
18 52 18 30 34 48 52
56 34 56 25 35 39 76 30 34
87 71 87 6 16 29 48 52 64 71
23 83 23 49 72 87 6 31 34 79 83
18 44 18 30 44
23 75 23 37 48 75
19 25 19 33 51 67 72 87 6 37 49 69 76 7 43 44 55 58 68 74 20 56 25
69 86 69 76 7 62 72 87 6 16 29 48 52 64 86
69 58 69 76 7 43 44 55 58
74 20 74 20
42 72 42 7 62 72
38 52 38 26 28 68 34 48 52
4 25 4 49 69 76 7 57 63 65 30 44 55 67 72 87 6 16 35 39 58 68 74 20 40 25
69 81 69 76 7 57 72 87 6 16 35 39 58 68 34 48 52 80 81
11 71 11 68 69 76 7 57 72 87 6 31 34 59 64 71
30 86 30 34 48 52 64 86
69 81 69 76 30 48 75 80 81
42 88 42 7 62 72 87 6 88
16 73 16 35 39 58 68 69 76 7 57 72 87 6 37 49 41 63 65 51 67 73
3 60 3 30 44 55 58 68 69 76 7 57 72 87 6 37 49 41 50 60
62 16 62 72 87 6 16
7 81 7 62 70 81
68 34 68 34
43 73 43 44 55 58 67 73
65 43 65 51 67 72 87 6 37 76 7 43
7 79 7 14 42 51 67 72 87 6 31 34 79
8 73 8 13 28 37 76 7 43 44 55 58 67 73
20 84 20 39 58 67 72 87 6 16 35 13 28 41 76 30 34 79 84
40 84 40 25 35 13 26 42 30 34 79 84
39 67 39 76 7 14 37 49 41 63 65 51 67
72 71 72 87 6 16 35 13 29 48 52 64 71
3 58 3 37 72 87 6 16 35 13 26 28 68 74 7 43 44 55 58
28 71 28 41 76 7 64 71
6 50 6 16 35 13 28 41 50
57 29 57 72 87 6 16 29
30 81 30 44 55 58 67 72 87 6 31 68 34 48 75 80 81
21 73 21 58 68 74 20 56 37 49 72 87 6 31 43 44 55 67 73
76 60 76 30 44 55 67 72 87 6 16 35 13 60
11 63 11 63
76 25 76 7 14 42 51 67 72 87 6 37 49 69 63 65 30 44 55 58 68 74 20 40 25
22 44 22 51 67 72 87 6 16 35 39 65 30 44
40 26 40 68 74 20 56 37 51 67 72 87 6 16 35 13 26
20 29 20 56 37 49 76 7 14 42 30 44 55 67 72 87 6 16 29
39 55 39 58 67 72 87 6 31 56 74 20 40 68 69 76 7 57 63 65 30 44 55
33 84 33 51 67 72 87 6 37 76 30 34 79 84
19 67 19 56 37 72 87 6 31 68 69 76 7 43 44 55 67
8 41 8 41
23 75 23 37 76 7 57 63 65 51 67 72 87 6 31 43 44 55 58 68 34 48 75
14 30 14 42 51 67 72 87 6 37 49 41 57 63 65 30
18 58 18 22 43 44 55 58
4 26 4 26
8 63 8 13 68 69 76 30 44 55 67 72 87 6 37 49 41 63
58 48 58 68 34 48
85 13 85 25 38 65 30 44 55 58 68 74 7 14 37 51 67 72 87 6 16 35 13
56 80 56 37 76 7 57 63 65 51 80
65 58 65 51 67 72 87 6 37 49 76 30 44 55 58
19 63 19 56 37 49 69 63
46 71 46 43 52 71
65 84 65 30 34 79 84
15 78 15 26 42 51 67 72 87 6 31 43 44 55 58 68 74 20 40 78
39 25 39 58 68 74 20 40 25
11 83 11 63 65 30 48 52 80 81 83
1 6 1 13 68 69 63 65 51 67 72 87 6
41 44 41 63 65 30 44
87 34 87 6 37 76 30 34
4 84 4 23 37 49 72 87 6 31 68 34 79 84
35 77 35 13 28 41 63 65 30 44 55 58 77
28 72 28 87 6 31 68 74 7 43 44 55 67 72
20 55 20 55
21 77 21 13 68 69 76 7 43 52 77
74 59 74 20 56 37 49 72 87 6 16 35 13 68 34 59
63 55 63 65 30 44 55
74 88 74 20 88
19 44 19 43 44
57 81 57 63 65 51 67 72 87 6 16 35 39 7 43 52 80 81
28 59 28 41 57 63 65 30 34 59
87 80 87 6 37 76 30 34 48 52 80
15 30 15 30
69 58 69 76 30 44 55 58
15 75 15 26 28 68 74 20 55 67 72 87 6 37 48 75
69 59 69 76 30 34 59
46 58 46 43 44 55 58
18 7 18 76 7
69 48 69 63 65 30 34 48
21 86 21 58 67 72 86
14 6 14 37 49 76 30 44 55 67 72 87 6
22 6 22 43 44 55 67 72 87 6
33 83 33 49 76 7 14 34 48 75 80 81 83
49 7 49 76 7
8 33 8 28 37 51 67 72 87 6 31 56 25 33
62 13 62 72 87 6 16 35 13
4 20 4 74 7 62 72 87 6 16 35 13 20
15 81 15 26 28 35 39 87 6 37 48 75 80 81
85 82 85 25 63 65 51 59 64 71 82
19 79 19 43 44 79
87 89 87 77 89
2 71 2 33 49 72 87 6 16 29 48 52 64 71
65 72 65 51 67 72
26 73 26 28 37 72 87 6 16 35 13 74 7 57 63 65 51 67 73
18 89 18 22 51 59 89
21 58 21 26 42 7 62 72 87 6 31 56 74 20 55 58
25 61 25 33 61
23 50 23 49 41 50
57 29 57 63 65 30 44 55 58 67 72 87 6 16 29
56 77 56 25 35 39 58 67 72 87 6 37 52 77
42 43 42 7 57 63 65 51 67 72 87 6 31 43
72 50 72 87 6 37 49 41 50
87 6 87 6
31 81 31 56 37 72 87 6 16 29 48 52 80 81
68 16 68 74 20 55 58 67 72 87 6 16
39 59 39 65 51 59
39 58 39 58
25 73 25 62 72 87 6 16 35 13 74 7 14 37 51 67 73
34 80 34 48 52 80
22 60 22 51 67 72 87 6 16 35 13 60
19 64 19 38 65 30 48 52 64
56 63 56 74 20 39 76 7 43 44 55 58 68 69 63
68 63 68 74 7 43 87 6 31 56 25 63
15 81 15 30 44 55 58 67 72 87 6 37 52 80 81
22 48 22 31 56 25 33 49 76 7 43 44 55 58 68 69 63 65 30 48
19 84 19 56 25 79 84
28 16 28 37 72 87 6 16
40 61 40 25 33 61
4 50 4 26 28 37 76 30 44 55 58 68 69 63 65 51 67 72 87 6 16 35 13 20 39 7 14 25 33 49 41 50
37 75 37 48 75
11 67 11 68 69 76 7 62 72 87 6 37 49 41 63 65 30 44 55 67
27 84 27 44 79 84
33 44 33 49 41 57 63 65 30 44
65 73 65 30 44 55 58 67 73
87 77 87 77
34 83 34 79 83
31 37 31 68 74 20 56 37
41 84 41 76 30 34 79 84
14 57 14 42 7 57
85 63 85 25 63
41 29 41 76 7 43 87 6 16 29
35 81 35 39 87 6 31 34 48 75 80 81
3 26 3 38 26
51 67 51 67
15 7 15 30 44 55 58 67 72 87 6 37 76 7
11 67 11 68 69 63 65 51 67
31 77 31 56 74 7 62 72 87 77
35 72 35 13 68 74 7 14 37 49 41 63 65 51 67 72
85 30 85 25 35 39 65 30
15 29 15 30 44 55 67 72 87 6 16 29
6 48 6 16 29 48
11 89 11 59 89
28 59 28 37 51 59
21 75 21 9 62 72 87 6 16 29 48 75
68 57 68 69 63 65 51 67 72 87 6 37 49 41 57
43 84 43 44 55 58 68 74 7 57 72 87 6 16 35 13 84
34 80 34 48 75 80
28 59 28 41 57 63 65 51 59
87 25 87 6 31 43 44 55 58 68 74 20 40 25
62 26 62 72 87 6 16 35 13 26
42 71 42 62 59 64 71
31 60 31 68 69 63 65 51 67 72 87 6 37 49 41 50 60
35 89 35 13 68 34 59 89
15 75 15 30 34 48 75
65 75 65 51 67 72 87 6 31 34 48 75
46 13 46 43 44 55 58 67 72 87 6 16 35 13
31 34 31 68 74 7 43 44 55 67 72 87 6 16 35 39 76 30 34
8 89 8 40 68 69 63 65 30 34 59 89
21 43 21 9 20 56 37 72 87 6 31 68 69 76 7 43
2 29 2 9 20 39 87 6 16 29
11 88 11 88
2 30 2 9 62 72 87 6 37 49 69 63 65 30
23 44 23 37 72 87 6 31 68 74 7 43 44
40 55 40 25 33 51 67 72 87 6 37 76 30 44 55
3 57 3 27 44 55 58 68 74 7 57
37 84 37 49 69 76 30 44 55 67 72 87 6 31 56 74 20 40 68 34 79 84
39 51 39 58 68 74 7 57 63 65 51
87 55 87 6 31 56 37 76 30 44 55
72 29 72 87 6 16 29
16 84 16 35 39 65 51 67 72 87 6 31 34 79 84
85 79 85 25 35 13 68 69 63 65 30 34 79
11 48 11 68 34 48
87 70 87 6 31 68 69 70
87 52 87 6 16 29 48 52
21 33 21 13 26 28 37 72 87 6 31 56 74 20 39 7 14 25 33
58 44 58 68 74 20 39 65 30 44
62 80 62 72 87 6 37 52 80
43 48 43 44 55 58 67 72 87 6 31 34 48
56 55 56 25 35 39 76 7 57 72 87 6 31 43 44 55
11 64 11 59 64
21 71 21 13 20 56 37 49 59 64 71
30 75 30 48 75
40 59 40 68 74 20 55 58 67 72 87 6 16 35 13 28 41 63 65 51 59
9 86 9 62 72 86
11 58 11 63 65 51 67 72 87 6 37 49 69 76 30 44 55 58
15 82 15 26 42 7 57 72 87 6 37 52 64 82
68 73 68 69 76 30 44 55 58 67 73
7 79 7 62 72 87 6 16 35 13 68 34 79
28 86 28 64 86
4 58 4 23 49 69 76 7 57 72 87 6 31 68 74 20 55 58
85 25 85 25
56 80 56 74 7 57 63 65 51 80
35 34 35 39 65 30 34
40 6 40 68 69 76 30 44 55 67 72 87 6
85 33 85 25 33
87 81 87 6 31 34 48 75 80 81
26 50 26 28 41 50
8 89 8 28 6 16 35 77 89
62 88 62 72 87 6 16 29 48 88
7 80 7 14 37 76 30 44 55 58 68 74 20 56 25 62 72 87 6 31 43 52 80
28 81 28 68 34 48 75 80 81
76 72 76 30 44 55 67 72
42 60 42 62 72 87 6 37 76 7 14 28 60
4 86 4 7 43 52 64 86
14 30 14 28 35 39 58 67 72 87 6 37 76 30
33 79 33 49 69 63 65 30 44 79
11 51 11 68 69 76 30 44 55 67 72 87 6 16 35 39 7 14 42 51
18 41 18 58 68 69 76 30 44 55 67 72 87 6 16 35 39 7 14 37 49 41
87 29 87 6 16 29
14 67 14 25 33 62 72 87 6 16 35 13 26 42 51 67
18 48 18 22 31 68 74 20 40 25 38 63 65 30 48
39 43 39 7 43
2 52 2 33 49 69 63 65 51 67 72 87 6 31 43 52
37 44 37 76 7 14 25 33 51 67 72 87 6 31 56 74 20 40 68 69 63 65 30 44
87 29 87 6 16 29
74 33 74 7 14 25 33
72 80 72 87 6 31 34 48 75 80
69 84 69 63 65 30 34 79 84
2 77 2 23 66 77
65 29 65 51 67 72 87 6 16 29
42 88 42 51 67 72 87 6 88
2 52 2 13 26 42 30 34 48 52
11 50 11 63 65 51 67 72 87 6 37 49 41 50
23 66 23 66
26 50 26 42 62 72 87 6 16 35 39 7 14 37 49 41 50
68 89 68 69 76 30 44 79 84 89
37 52 37 52
76 80 76 7 57 72 87 6 37 49 41 63 65 30 48 75 80
58 48 58 68 74 7 57 63 65 30 48
26 52 26 28 68 69 76 7 62 72 87 6 37 52
1 7 1 51 67 72 87 6 31 56 37 76 7
16 80 16 87 6 31 43 52 80
87 55 87 6 16 35 39 65 30 44 55
35 30 35 13 68 69 63 65 51 67 72 87 6 37 76 30
22 6 22 51 67 72 87 6
42 41 42 30 44 55 58 67 72 87 6 31 68 69 76 7 14 28 41
4 67 4 26 28 6 37 49 76 7 14 42 51 67
49 34 49 76 30 44 55 58 68 74 7 57 72 87 6 31 34
15 88 15 30 44 79 88
37 81 37 49 76 30 44 55 67 72 87 6 31 43 52 80 81
26 83 26 42 62 70 81 83
14 70 14 25 33 49 41 70
14 63 14 37 76 30 44 55 58 68 74 20 40 25 38 63
63 44 63 65 30 44
68 51 68 69 63 65 51
4 30 4 49 76 30
4 13 4 26 42 7 57 63 65 51 67 72 87 6 16 35 13
2 61 2 33 61
16 86 16 86
28 41 28 35 39 58 68 69 76 7 43 44 55 67 72 87 6 31 56 74 20 40 25 33 49 41
8 34 8 41 63 65 30 34
68 48 68 74 7 57 72 87 6 16 29 48
28 48 28 35 39 7 57 72 87 6 37 49 69 76 30 34 48
3 75 3 27 44 55 67 72 87 6 31 34 48 75
51 80 51 67 72 87 6 31 43 52 80
8 78 8 41 57 78
8 37 8 41 49 69 63 65 51 67 72 87 6 37
15 64 15 30 48 52 64
42 58 42 7 57 63 65 51 67 72 87 6 37 76 30 44 55 58
46 88 46 43 44 55 58 68 34 79 88
13 52 13 74 20 55 58 67 72 87 6 37 52
40 83 40 70 81 83
49 64 49 41 57 72 87 6 31 56 64
2 67 2 56 37 51 67
49 6 49 76 30 44 55 58 68 69 63 65 51 67 72 87 6
38 6 38 63 65 30 44 55 58 68 69 76 7 62 72 87 6
1 33 1 2 33
28 20 28 87 6 16 35 13 20
6 52 6 31 68 34 48 52
18 64 18 20 55 67 72 87 6 16 29 48 52 64
76 73 76 7 14 42 51 67 73
42 57 42 7 57
46 41 46 13 28 41
18 25 18 22 51 67 72 87 6 31 68 74 20 40 25
69 83 69 76 7 62 70 81 83
87 55 87 6 31 56 74 20 40 68 69 63 65 30 44 55
25 29 25 62 72 87 6 16 29
21 63 21 13 74 20 55 58 68 69 63
30 81 30 48 75 80 81
19 25 19 43 87 6 31 68 69 76 7 14 25
14 7 14 25 63 65 30 44 55 67 72 87 6 16 35 13 20 39 58 68 74 7
14 33 14 25 33
42 58 42 7 43 44 55 58
51 50 51 67 72 87 6 16 35 13 26 28 41 50
11 59 11 59
3 43 3 38 65 30 44 55 67 72 87 6 16 35 13 26 42 7 43
31 37 31 43 44 55 67 72 87 6 16 35 13 68 74 7 14 37
56 41 56 37 49 41
74 13 74 20 40 68 69 63 65 30 44 55 58 67 72 87 6 16 35 13
28 67 28 68 69 63 65 51 67
85 7 85 25 33 51 67 72 87 6 37 49 69 63 65 30 44 55 58 68 74 7
31 83 31 56 74 7 14 28 87 6 37 48 52 80 81 83
22 78 22 31 68 74 20 40 78
1 78 1 49 69 63 65 51 67 72 87 6 31 56 37 76 30 44 55 58 68 78
14 70 14 28 37 51 67 72 87 6 16 35 39 76 7 57 63 65 30 44 55 58 68 74 20 40 25 38 26 42 62 70
4 44 4 7 14 42 30 44
58 83 58 67 72 87 6 16 29 48 52 80 81 83
22 72 22 31 68 69 76 30 44 55 58 67 72
42 52 42 7 62 72 87 6 16 29 48 52
76 20 76 7 62 72 87 6 31 68 74 20
4 41 4 7 57 72 87 6 37 49 41
11 79 11 68 34 79
20 75 20 40 68 74 7 62 72 87 6 37 76 30 48 75
33 44 33 51 67 72 87 6 37 49 41 57 63 65 30 44
39 59 39 7 57 63 65 51 59
8 59 8 9 62 72 87 6 16 35 59
11 88 11 68 34 48 75 88
37 79 37 49 41 57 72 87 6 16 35 13 28 68 34 79
22 25 22 31 56 25
51 73 51 67 73
7 55 7 57 72 87 6 31 56 25 63 65 30 44 55
3 58 3 27 44 55 58
49 79 49 76 7 14 25 33 51 67 72 87 6 16 35 13 68 34 79
25 81 25 35 39 76 30 44 55 67 72 87 6 37 51 80 81
19 34 19 69 63 65 30 44 55 58 68 34
22 20 22 51 67 72 87 6 37 49 41 76 7 57 63 65 30 44 55 58 68 74 20
40 7 40 68 74 7
76 29 76 7 62 72 87 6 16 29
74 63 74 7 14 37 51 67 72 87 6 16 35 39 76 30 44 55 58 68 69 63
58 67 58 68 69 76 30 44 55 67
3 37 3 37
40 55 40 68 74 20 39 58 67 72 87 6 31 43 44 55
42 48 42 30 34 48
62 64 62 59 64
2 80 2 33 51 67 72 87 6 37 49 76 30 34 48 52 80
31 51 31 56 74 7 62 72 87 6 16 35 39 65 51
4 25 4 26 42 30 44 55 58 67 72 87 6 31 56 25
30 44 30 44
68 73 68 69 76 30 44 55 67 73
35 77 35 39 65 51 67 72 87 6 31 68 69 76 7 43 52 77
28 34 28 37 49 41 57 63 65 30 34
19 16 19 38 26 28 41 57 63 65 30 44 55 67 72 87 6 16
8 77 8 9 62 72 87 77
68 83 68 34 79 83
19 84 19 33 49 69 63 65 30 44 79 84
23 50 23 49 41 50
14 63 14 37 51 67 72 87 6 31 43 44 55 58 68 74 7 57 63
39 80 39 58 67 72 87 6 37 49 76 7 43 52 80
62 77 62 72 87 6 37 76 30 34 48 52 77
18 13 18 22 31 43 87 6 16 35 13
49 30 49 69 76 30
51 84 51 67 72 87 6 31 43 44 79 84
21 20 21 9 20
8 89 8 41 63 65 30 48 52 77 89
38 30 38 26 42 30
42 79 42 30 34 79
68 57 68 74 7 57
39 26 39 76 7 14 25 38 26
19 77 19 62 72 87 77
34 83 34 79 83
40 41 40 68 69 76 30 44 55 58 67 72 87 6 16 35 13 28 41
65 81 65 51 80 81
28 6 28 87 6
4 43 4 49 76 7 43
57 48 57 63 65 30 48
23 52 23 37 49 76 30 48 52
31 6 31 56 25 62 72 87 6
46 82 46 13 28 35 39 58 67 82
72 52 72 87 6 16 29 48 52
42 41 42 30 44 55 67 72 87 6 37 76 7 14 28 41
38 64 38 26 28 87 6 31 43 52 64
4 72 4 74 7 43 87 6 37 76 30 44 55 67 72
25 79 25 79
49 51 49 76 7 62 72 87 6 31 68 69 63 65 51
69 20 69 76 7 14 28 37 51 67 72 87 6 31 56 74 20
4 44 4 23 49 41 63 65 30 44
8 43 8 13 68 74 20 40 25 63 65 30 44 55 67 72 87 6 31 43
68 63 68 74 20 40 25 33 49 69 63
87 82 87 6 37 59 64 82
34 86 34 86
1 67 1 51 67
76 63 76 30 44 55 67 72 87 6 31 68 69 63
28 67 28 87 6 37 51 67
20 80 20 55 58 68 74 7 62 72 87 6 37 51 80
14 29 14 28 35 13 29
42 30 42 30
14 44 14 28 35 13 68 74 7 62 72 87 6 31 43 44
57 67 57 72 87 6 37 49 41 76 30 44 55 58 68 69 63 65 51 67
76 37 76 30 44 55 58 67 72 87 6 31 56 37
49 37 49 76 30 44 55 67 72 87 6 37
19 34 19 33 51 67 72 87 6 31 34
65 60 65 30 44 55 58 68 69 76 7 43 87 6 16 35 13 60
11 79 11 68 69 63 65 30 34 79
62 63 62 72 87 6 37 49 69 63
8 37 8 40 68 69 63 65 30 44 55 67 72 87 6 16 35 13 28 37
8 64 8 40 68 34 59 64
37 52 37 72 87 6 31 43 52
8 79 8 40 68 74 7 57 63 65 51 67 72 87 6 37 76 30 34 79
13 44 13 28 87 6 16 35 39 7 14 37 49 69 63 65 30 44
51 52 51 67 72 87 6 37 52
46 25 46 13 26 42 7 62 72 87 6 31 43 44 55 58 68 74 20 40 25
26 44 26 42 51 67 72 87 6 16 35 13 28 68 69 63 65 30 44
20 55 20 55
74 55 74 20 40 68 69 76 30 44 55
65 59 65 30 34 59
19 73 19 56 74 20 39 87 6 31 68 69 76 30 44 55 58 67 73
25 67 25 62 72 87 6 16 35 39 76 7 43 44 55 67
1 34 1 39 87 6 37 76 30 34
62 57 62 72 87 6 37 49 41 76 7 57
51 80 51 80
22 43 22 43
14 43 14 25 33 62 72 87 6 31 43
43 84 43 44 79 84
85 34 85 25 33 62 72 87 6 31 34
15 51 15 26 28 6 31 56 25 38 63 65 51
21 58 21 58
20 73 20 56 74 7 57 63 65 51 67 73
35 57 35 39 7 57
38 20 38 26 28 87 6 16 35 13 20
74 89 74 7 43 87 77 89
6 52 6 37 48 52
74 81 74 20 55 58 68 34 48 52 80 81
35 88 35 39 58 67 72 88
1 81 1 7 43 87 6 16 35 13 68 34 48 52 80 81
68 55 68 69 76 7 62 72 87 6 31 43 44 55
19 84 19 33 51 67 72 87 6 37 49 69 76 7 43 44 55 84
49 71 49 59 64 71
56 26 56 74 7 57 72 87 6 16 35 13 26
43 44 43 44
68 7 68 69 76 7
49 34 49 72 87 6 31 34
23 52 23 37 49 41 76 30 48 52
31 25 31 56 74 20 40 25
18 52 18 58 68 34 48 52
38 61 38 63 65 51 67 72 87 6 16 35 39 58 68 74 20 40 25 33 61
37 44 37 51 67 72 87 6 31 43 44
85 86 85 25 62 59 64 86
6 73 6 37 76 30 44 55 67 73
76 63 76 7 43 87 6 31 68 69 63
2 77 2 9 62 72 87 77
18 52 18 22 34 48 52
76 73 76 30 44 55 58 67 73
49 72 49 72
42 30 42 30
22 41 22 51 67 72 87 6 37 49 41
18 70 18 76 30 44 55 67 72 87 6 37 49 69 70
51 71 51 59 64 71
76 89 76 7 43 87 6 16 29 48 52 77 89
4 77 4 30 48 52 77
68 41 68 69 76 7 43 44 55 67 72 87 6 37 49 41
68 13 68 74 7 57 72 87 6 16 35 13
1 88 1 7 14 37 49 72 88
68 89 68 69 76 7 57 72 87 6 31 56 74 20 40 25 33 62 59 89
1 64 1 51 59 64
51 55 51 67 72 87 6 37 76 30 44 55
3 25 3 27 44 55 58 68 74 20 56 25
19 29 19 56 37 49 41 76 30 44 55 67 72 87 6 16 29
39 86 39 76 30 34 48 52 64 86
15 80 15 22 51 80
2 82 2 9 71 82
19 29 19 62 72 87 6 16 29
38 26 38 26
41 79 41 63 65 51 67 72 87 6 31 43 44 79
74 63 74 20 39 58 68 69 63
14 60 14 42 51 67 72 87 6 37 49 41 50 60
68 61 68 74 7 57 63 65 51 67 72 87 6 31 56 25 33 61
21 88 21 26 42 30 44 79 88
69 80 69 76 7 14 25 33 51 80
74 77 74 7 14 28 6 31 34 48 52 77
74 67 74 20 56 37 49 76 7 43 87 6 16 35 39 65 51 67
35 25 35 13 68 69 76 30 44 55 58 67 72 87 6 31 56 74 20 40 25
1 84 1 13 74 20 56 25 63 65 51 67 72 87 6 37 49 69 76 7 43 44 79 84
65 7 65 51 67 72 87 6 37 49 69 76 7
62 88 62 72 88
3 52 3 30 34 48 52
2 80 2 13 68 69 63 65 51 80
74 25 74 20 40 25
1 64 1 51 67 72 87 6 31 56 64
1 79 1 34 79
56 63 56 37 49 41 76 30 44 55 58 68 69 63
11 25 11 68 74 7 14 25
56 51 56 74 7 43 44 55 58 67 72 87 6 31 68 69 63 65 51
35 33 35 39 76 7 14 37 72 87 6 31 43 44 55 58 68 74 20 40 25 33
18 67 18 76 30 44 55 58 68 69 63 65 51 67
72 84 72 87 6 16 35 39 7 43 44 84
69 64 69 63 65 51 67 72 87 6 31 68 74 7 14 42 30 48 52 64
19 57 19 69 63 65 51 67 72 87 6 37 49 41 57
46 41 46 13 74 7 14 28 41
22 75 22 31 56 25 38 65 30 34 48 75
63 55 63 65 30 44 55
1 51 1 51
4 20 4 23 37 76 7 43 44 55 58 67 72 87 6 31 68 74 20
38 16 38 26 28 37 72 87 6 16
14 51 14 37 49 72 87 6 31 43 44 55 58 68 74 7 57 63 65 51
31 73 31 43 87 6 37 76 7 57 63 65 30 44 55 58 67 73
43 75 43 44 55 58 67 72 87 6 16 29 48 75
69 88 69 76 30 48 75 88
19 80 19 33 62 72 87 6 31 56 37 76 30 44 55 58 68 74 20 39 7 43 52 80
21 82 21 26 28 68 69 76 30 44 55 58 67 82
69 37 69 63 65 30 44 55 58 67 72 87 6 37
1 13 1 37 72 87 6 16 35 13
38 41 38 63 65 51 67 72 87 6 16 35 13 28 41
39 43 39 7 43
4 51 4 49 69 76 7 62 72 87 6 37 51
63 73 63 65 51 67 73
3 52 3 38 63 65 30 34 48 52
74 67 74 7 62 72 87 6 31 56 37 76 30 44 55 58 68 69 63 65 51 67
2 77 2 56 37 51 67 72 87 77
85 58 85 25 33 62 72 87 6 37 76 7 14 28 68 74 20 55 58
46 71 46 13 29 48 52 64 71
18 43 18 58 68 69 76 7 43
18 88 18 22 34 48 88
42 20 42 51 67 72 87 6 31 68 74 20
11 78 11 68 78
76 70 76 30 44 55 67 72 87 6 16 35 13 26 28 41 70
22 57 22 43 87 6 37 49 41 57
19 55 19 38 65 30 44 55
19 48 19 33 51 67 72 87 6 16 29 48
35 79 35 13 68 69 76 30 44 55 67 72 87 6 31 34 79
49 43 49 41 57 63 65 30 44 55 58 68 74 7 43
1 9 1 2 9
6 52 6 31 34 48 52
65 60 65 51 67 72 87 6 16 35 13 20 40 68 74 7 14 28 60
14 75 14 37 48 75
19 44 19 33 51 67 72 87 6 37 49 69 76 7 57 63 65 30 44
72 84 72 87 6 31 68 34 79 84
38 30 38 63 65 30
4 52 4 49 69 63 65 30 44 55 58 68 34 48 52
35 43 35 13 74 20 39 7 43
19 57 19 56 74 7 57
14 26 14 25 38 26
9 29 9 20 56 37 72 87 6 16 29
56 75 56 37 51 67 72 87 6 16 35 13 68 34 48 75
3 34 3 33 51 67 72 87 6 16 35 13 28 41 76 30 44 55 58 68 34
68 89 68 34 79 84 89
56 44 56 25 38 26 28 35 39 76 7 43 44
85 64 85 25 62 59 64
21 52 21 9 62 72 87 6 31 34 48 52
51 80 51 80
6 29 6 16 29
38 26 38 26
21 34 21 42 51 67 72 87 6 37 76 7 43 44 55 58 68 34
21 63 21 26 28 35 13 20 40 25 63
1 66 1 2 23 66
58 81 58 67 72 87 6 37 51 80 81
56 43 56 74 20 39 58 68 69 63 65 30 44 55 67 72 87 6 31 43
1 26 1 13 26
76 70 76 7 43 87 6 16 35 13 74 20 55 58 68 69 70
57 67 57 72 87 6 37 49 69 76 30 44 55 67
4 71 4 30 44 55 67 72 87 6 31 68 74 20 56 64 71
8 34 8 41 49 76 30 34
51 55 51 67 72 87 6 37 49 69 76 7 57 63 65 30 44 55
2 44 2 33 62 72 87 6 31 56 74 7 14 37 49 69 76 30 44
14 83 14 25 38 65 51 67 72 87 6 31 68 34 48 52 80 81 83
46 7 46 13 74 7
63 79 63 65 30 34 79
76 60 76 30 44 55 58 67 72 87 6 16 35 13 60
2 70 2 13 26 42 62 70
69 59 69 76 7 57 63 65 51 59
4 23 4 23
16 81 16 29 48 52 80 81
41 71 41 63 65 51 67 72 87 6 71
64 86 64 86
35 81 35 13 29 48 75 80 81
18 82 18 22 34 48 52 64 71 82
85 61 85 25 33 61
18 33 18 76 7 57 63 65 30 44 55 67 72 87 6 16 35 39 58 68 74 20 40 25 33
62 48 62 72 87 6 16 35 39 76 30 34 48
4 59 4 7 43 44 55 67 72 87 6 37 51 59
87 13 87 6 16 35 13
31 72 31 43 87 6 37 76 7 57 63 65 30 44 55 67 72
30 73 30 44 55 67 73
63 48 63 65 51 67 72 87 6 31 43 44 55 58 68 69 76 30 48
1 83 1 37 72 87 6 16 29 48 75 80 81 83
40 51 40 25 38 65 51
42 70 42 62 70
40 41 40 68 69 76 30 44 55 58 67 72 87 6 31 56 37 49 41
14 57 14 37 49 41 57
27 75 27 44 55 67 72 87 6 16 35 39 7 14 28 68 34 48 75
68 78 68 78
31 78 31 56 37 49 72 87 6 16 35 13 20 39 7 14 25 40 78
15 30 15 30
16 52 16 29 48 52
2 9 2 9
65 44 65 30 44
19 20 19 69 63 65 30 44 55 58 68 74 20
57 52 57 72 87 6 31 34 48 52
42 61 42 7 57 63 65 51 67 72 87 6 16 35 13 74 20 40 25 33 61
76 58 76 7 57 63 65 51 67 72 87 6 31 56 74 20 39 58
42 43 42 30 44 55 58 67 72 87 6 31 43
13 48 13 68 69 76 30 44 55 58 67 72 87 6 16 29 48
16 44 16 87 6 37 49 76 30 44
76 75 76 7 62 72 87 6 16 29 48 75
42 58 42 7 14 37 49 41 57 63 65 51 67 72 87 6 16 35 39 58
11 81 11 63 65 30 48 75 80 81
1 61 1 2 33 61
65 78 65 30 44 55 67 72 87 6 31 68 78
4 37 4 49 41 63 65 51 67 72 87 6 16 35 13 68 69 76 7 14 28 37
87 16 87 6 16
33 55 33 49 76 7 14 42 62 72 87 6 31 43 44 55
42 25 42 62 72 87 6 31 56 25
8 44 8 62 72 87 6 37 76 30 44
19 86 19 69 63 65 30 44 55 67 72 86
18 26 18 22 43 44 55 58 67 72 87 6 16 35 13 26
68 78 68 78
40 16 40 68 74 20 56 25 62 72 87 6 16
30 83 30 34 48 75 80 81 83
87 37 87 6 31 56 37
68 13 68 69 76 7 57 63 65 30 44 55 67 72 87 6 16 35 13
49 58 49 76 30 44 55 58
57 67 57 72 87 6 31 56 37 51 67
85 44 85 25 40 68 69 63 65 30 44
19 41 19 33 51 67 72 87 6 37 49 41
21 71 21 26 28 6 71
63 29 63 65 51 67 72 87 6 16 29
3 37 3 27 44 55 67 72 87 6 37
49 59 49 59
56 55 56 74 20 55
14 83 14 25 63 65 51 67 72 87 6 37 49 76 30 48 52 80 81 83
56 34 56 37 72 87 6 31 34
40 58 40 68 69 63 65 51 67 72 87 6 31 56 37 76 30 44 55 58
1 37 1 37
8 51 8 13 26 42 51
13 80 13 20 56 74 7 57 63 65 51 67 72 87 6 31 68 34 48 75 80
28 41 28 68 69 76 30 44 55 67 72 87 6 37 49 41
21 29 21 13 28 35 39 7 43 44 55 67 72 87 6 16 29
49 79 49 69 76 30 34 79
51 67 51 67
9 79 9 62 72 87 6 37 76 30 34 79
8 67 8 9 62 72 87 6 37 49 41 76 30 44 55 58 67
74 81 74 7 62 72 87 6 16 29 48 52 80 81
40 61 40 25 33 61
21 58 21 58
2 63 2 13 68 69 76 30 44 55 67 72 87 6 37 49 41 57 63
2 52 2 9 20 56 25 40 68 34 48 52
22 70 22 51 67 72 87 6 31 43 44 55 58 68 74 20 40 70
6 55 6 37 49 41 57 63 65 30 44 55
2 60 2 23 49 41 50 60
23 84 23 49 69 63 65 51 67 72 87 6 37 76 30 44 55 84
69 41 69 76 7 62 72 87 6 37 49 41
42 81 42 51 80 81
38 51 38 26 28 37 72 87 6 16 35 39 7 57 63 65 51
87 51 87 6 37 76 30 44 55 58 68 69 63 65 51
46 48 46 43 44 55 67 72 87 6 16 35 13 74 20 40 68 34 48
4 79 4 30 44 79
11 52 11 63 65 51 67 72 87 6 31 43 44 55 58 68 69 76 30 48 52
15 83 15 26 42 30 48 52 80 81 83
76 26 76 30 44 55 67 72 87 6 16 35 13 26
11 43 11 68 74 20 56 37 49 76 7 57 72 87 6 31 43
22 84 22 34 79 84
14 58 14 42 51 67 72 87 6 16 35 39 65 30 44 55 58
74 82 74 7 64 82
40 80 40 68 74 20 55 58 67 72 87 6 16 35 39 7 14 42 51 80
87 70 87 6 37 76 7 14 25 35 13 68 69 70
8 9 8 9
7 75 7 57 63 65 51 67 72 87 6 16 29 48 75
39 50 39 7 43 87 6 16 35 13 28 41 50
62 64 62 59 64
69 83 69 63 65 51 67 72 87 6 31 43 52 80 81 83
27 71 27 44 55 67 72 87 6 16 35 59 64 71
58 29 58 68 74 7 14 37 51 67 72 87 6 16 29
18 55 18 58 68 69 76 30 44 55
30 81 30 34 48 75 80 81
19 34 19 38 65 51 67 72 87 6 16 35 13 26 28 68 34
15 83 15 26 42 62 72 87 6 16 29 48 52 80 81 83
65 61 65 51 67 72 87 6 16 35 13 74 20 56 25 33 61
39 79 39 87 6 37 49 41 63 65 30 34 79
40 34 40 25 33 51 67 72 87 6 37 76 7 43 44 55 58 68 74 20 39 65 30 34
23 73 23 37 49 76 7 57 63 65 51 67 73
14 70 14 37 76 30 44 55 58 68 74 20 39 65 51 67 72 87 6 16 35 13 28 41 70
62 29 62 72 87 6 16 29
65 58 65 30 44 55 58
25 50 25 40 68 69 63 65 30 44 55 58 67 72 87 6 31 56 37 49 41 50
85 43 85 25 63 65 51 67 72 87 6 31 56 37 76 7 43
74 30 74 7 43 87 6 16 35 39 65 30
2 64 2 23 49 76 30 34 48 52 64
27 52 27 44 55 67 72 87 6 16 35 13 28 68 69 63 65 30 48 52
49 44 49 69 63 65 30 44
68 67 68 74 7 62 72 87 6 37 76 30 44 55 58 67
57 29 57 72 87 6 16 29
49 60 49 41 50 60
46 26 46 13 20 56 25 38 26
37 61 37 51 67 72 87 6 31 56 25 33 61
21 20 21 42 7 43 87 6 31 56 74 20
40 51 40 68 69 63 65 51
20 80 20 39 65 51 80
65 83 65 30 48 52 80 81 83
25 55 25 63 65 51 67 72 87 6 16 35 39 58 68 74 20 55
34 80 34 48 75 80
68 25 68 74 20 55 58 67 72 87 6 31 56 25
2 23 2 23
63 79 63 65 51 67 72 87 6 16 35 39 76 30 34 79
4 44 4 74 20 39 7 14 37 76 30 44
65 30 65 30
18 86 18 59 64 86
20 52 20 39 87 6 31 34 48 52
69 25 69 63 65 51 67 72 87 6 31 56 25
22 70 22 51 67 72 87 6 16 35 13 20 40 70
21 77 21 26 28 35 39 58 77
19 44 19 43 44
46 13 46 13
49 48 49 41 63 65 30 34 48
35 44 35 39 65 30 44
14 78 14 25 40 78
62 63 62 72 87 6 16 35 13 74 20 56 25 33 49 69 63
19 34 19 62 72 87 6 37 49 41 76 7 14 34
1 84 1 13 68 69 76 30 44 84
27 81 27 44 55 58 67 72 87 6 37 52 80 81
65 70 65 30 44 55 67 72 87 6 31 68 74 20 56 37 49 41 70
21 63 21 13 26 42 51 67 72 87 6 31 43 44 55 58 68 74 7 57 63
38 50 38 26 42 7 14 37 76 30 44 55 58 68 74 20 40 25 62 72 87 6 16 35 13 28 41 50
42 55 42 62 72 87 6 37 49 41 76 7 14 25 35 13 68 69 63 65 30 44 55
40 72 40 68 74 20 39 65 51 67 72
35 29 35 13 26 42 62 72 87 6 16 29
8 59 8 40 25 38 65 30 44 55 67 72 87 6 37 51 59
11 77 11 63 65 30 48 52 77
64 86 64 86
27 73 27 44 55 67 73
27 71 27 44 55 67 72 87 6 71
58 67 58 67
22 20 22 43 87 6 31 56 25 35 13 68 74 20
2 52 2 56 25 38 63 65 51 67 72 87 6 16 35 13 28 37 52
22 61 22 31 56 37 72 87 6 16 35 39 7 14 25 33 61
18 82 18 58 67 72 87 6 71 82
28 78 28 35 13 68 74 20 40 78
30 75 30 48 75
8 55 8 40 68 74 7 14 42 51 67 72 87 6 37 49 41 76 30 44 55
1 88 1 34 79 88
39 33 39 76 7 43 44 55 58 68 74 20 40 25 33
35 60 35 13 60
31 52 31 43 52
3 59 3 9 62 59
31 52 31 68 74 20 40 25 63 65 30 34 48 52
41 84 41 76 30 44 84
43 81 43 52 80 81
7 86 7 14 42 30 44 55 58 67 72 86
8 9 8 9
11 86 11 68 69 76 7 14 37 49 72 86
85 25 85 25
7 67 7 14 42 51 67
7 50 7 57 63 65 51 67 72 87 6 37 49 41 50
46 43 46 13 74 7 43
76 84 76 30 44 84
38 58 38 26 28 35 13 68 69 76 30 44 55 58
7 44 7 14 25 62 72 87 6 31 68 74 20 56 37 49 76 30 44
3 41 3 27 44 55 58 68 69 76 7 62 72 87 6 37 49 41
23 81 23 37 48 75 80 81
39 67 39 58 68 69 63 65 30 44 55 67
11 30 11 68 69 76 30
8 82 8 28 6 16 29 48 52 64 82
7 50 7 43 44 55 58 68 74 20 40 25 33 51 67 72 87 6 37 49 41 50
38 84 38 65 51 67 72 87 6 37 49 69 76 7 43 44 84
31 16 31 43 44 55 67 72 87 6 16
31 37 31 56 37
8 9 8 9
35 37 35 39 65 30 44 55 67 72 87 6 37
74 52 74 20 40 25 63 65 30 44 55 58 68 34 48 52
39 71 39 76 30 48 52 64 71
62 13 62 72 87 6 16 35 13
87 89 87 6 16 29 48 52 77 89
69 26 69 63 65 30 44 55 58 68 74 20 40 25 38 26
76 80 76 7 62 72 87 6 16 35 39 58 68 69 63 65 30 48 75 80
22 52 22 43 44 55 58 68 69 63 65 30 34 48 52
87 71 87 6 31 34 59 64 71
43 84 43 44 79 84
4 29 4 74 7 62 72 87 6 16 35 13 29
38 26 38 26
85 33 85 25 33
1 64 1 49 72 87 6 37 76 30 34 48 52 64
62 84 62 72 87 6 16 35 13 84
2 59 2 23 37 51 67 72 87 6 31 56 74 7 57 63 65 30 44 55 58 68 34 59
56 37 56 37
14 83 14 42 30 34 48 52 80 81 83
85 6 85 25 35 13 28 41 57 63 65 30 44 55 67 72 87 6
85 30 85 25 63 65 51 67 72 87 6 37 76 30
51 48 51 67 72 87 6 31 43 44 55 58 68 34 48
13 83 13 20 40 68 74 7 14 34 79 83
2 32 2 23 32
72 84 72 87 6 31 68 34 79 84
35 20 35 13 20
30 75 30 44 55 58 68 34 48 75
40 57 40 68 74 20 39 76 7 62 72 87 6 31 56 25 35 13 28 41 57
40 59 40 68 69 76 7 14 34 59
74 59 74 20 40 68 69 63 65 30 34 59
40 86 40 68 69 63 65 30 48 52 64 86
1 89 1 37 51 67 72 87 6 77 89
18 81 18 30 48 75 80 81
16 73 16 35 13 74 7 14 37 76 30 44 55 58 68 69 63 65 51 67 73
56 33 56 25 33
15 7 15 22 31 68 74 7
49 25 49 41 63 65 51 67 72 87 6 16 35 39 76 30 44 55 58 68 74 20 40 25
76 37 76 30 44 55 67 72 87 6 37
25 55 25 63 65 30 44 55
72 86 72 86
74 79 74 7 62 72 87 6 16 35 39 65 30 44 79
30 55 30 44 55
21 51 21 58 68 74 7 14 28 37 76 30 44 55 67 72 87 6 16 35 39 65 51
46 43 46 43
11 64 11 68 69 63 65 51 67 72 87 6 37 76 30 34 59 64
46 60 46 13 60
1 73 1 51 67 72 87 6 31 43 44 55 58 68 74 20 73
28 63 28 35 13 20 56 74 7 14 42 51 67 72 87 6 37 49 69 63
7 84 7 43 44 55 67 72 87 6 16 35 39 76 30 34 79 84
7 61 7 57 63 65 51 67 72 87 6 37 49 69 76 30 44 55 58 68 74 20 56 25 33 61
46 86 46 43 52 64 86
38 34 38 63 65 30 34
72 52 72 87 6 37 49 69 63 65 30 34 48 52
39 20 39 76 30 44 55 67 72 87 6 16 35 13 74 20
14 34 14 25 38 65 51 67 72 87 6 31 34
56 70 56 25 35 13 20 40 70
40 82 40 68 34 59 64 82
38 75 38 26 28 37 76 7 57 72 87 6 16 29 48 75
18 16 18 58 68 74 7 14 28 37 72 87 6 16
35 67 35 39 87 6 37 76 30 44 55 58 68 69 63 65 51 67
58 67 58 68 74 20 55 67
28 26 28 41 57 63 65 30 44 55 67 72 87 6 37 49 69 76 7 14 25 38 26
65 41 65 30 44 55 67 72 87 6 37 49 76 7 14 28 41
31 33 31 56 74 20 40 25 33
42 82 42 30 44 55 58 68 34 59 64 71 82
22 52 22 31 34 48 52
19 37 19 62 72 87 6 16 35 13 20 56 37
69 75 69 63 65 30 44 55 58 68 34 48 75
63 50 63 65 30 44 55 58 68 74 7 14 42 62 72 87 6 16 35 13 26 28 41 50
41 71 41 57 63 65 51 59 64 71
38 58 38 63 65 30 44 55 58
62 58 62 72 87 6 16 35 39 58
46 55 46 43 44 55
46 72 46 43 44 55 67 72
28 50 28 41 50
18 63 18 58 68 74 7 62 72 87 6 16 35 13 20 56 37 49 69 63
14 60 14 42 30 44 55 58 67 72 87 6 16 35 13 28 60
22 67 22 51 67
20 79 20 39 58 68 69 76 30 34 79
25 52 25 40 68 34 48 52
7 81 7 43 52 80 81
69 79 69 76 7 57 63 65 51 67 72 87 6 16 35 13 74 20 39 58 68 34 79
46 67 46 43 44 55 67
11 89 11 63 65 51 67 72 87 77 89
41 48 41 49 72 87 6 16 29 48
30 80 30 48 75 80
31 44 31 68 69 76 30 44
1 48 1 7 57 63 65 30 48
39 77 39 87 6 37 76 7 43 52 77
25 29 25 35 13 20 55 67 72 87 6 16 29
38 77 38 65 30 44 55 67 72 87 77
18 83 18 20 56 25 63 65 30 44 79 83
21 55 21 42 30 44 55
20 73 20 39 58 67 73
31 26 31 56 74 20 39 58 68 69 76 7 62 72 87 6 16 35 13 26
68 84 68 69 76 30 44 79 84
22 34 22 51 67 72 87 6 31 43 44 55 58 68 69 76 30 34
63 80 63 65 30 48 75 80
74 16 74 20 39 76 7 43 44 55 58 68 69 63 65 51 67 72 87 6 16
19 48 19 43 44 55 67 72 87 6 16 35 39 65 30 48
31 82 31 68 69 76 30 34 59 64 71 82
56 43 56 74 7 43
74 57 74 7 57
13 55 13 74 20 56 37 51 67 72 87 6 16 35 39 76 30 44 55
9 71 9 62 72 87 6 71
74 34 74 7 62 72 87 6 16 35 13 68 34
25 86 25 63 65 51 86
46 48 46 43 44 55 58 68 69 63 65 51 67 72 87 6 31 34 48
65 72 65 51 67 72
38 89 38 63 65 51 59 89
1 37 1 13 26 28 68 69 76 30 44 55 67 72 87 6 37
1 88 1 51 67 72 87 6 31 34 48 88
56 41 56 37 49 41
42 78 42 51 67 72 87 6 37 49 41 57 63 65 30 44 55 58 68 78
40 7 40 68 69 63 65 51 67 72 87 6 16 35 39 7
2 88 2 9 62 72 87 6 37 48 88
76 37 76 30 44 55 58 68 69 63 65 51 67 72 87 6 37
9 44 9 62 72 87 6 37 49 76 30 44
38 59 38 26 28 87 6 16 35 59
8 6 8 41 76 7 43 44 55 58 67 72 87 6
4 6 4 26 42 51 67 72 87 6
74 43 74 7 62 72 87 6 31 43
62 29 62 72 87 6 16 29
33 50 33 49 41 50
87 30 87 6 37 76 30
35 71 35 59 64 71
69 43 69 76 7 14 28 35 13 68 74 20 55 58 67 72 87 6 31 43
46 71 46 43 44 55 58 67 72 87 6 31 68 74 20 56 64 71
2 57 2 23 37 76 7 57
56 64 56 64
39 61 39 58 68 74 20 40 25 33 61
16 84 16 87 6 31 56 25 40 68 74 7 14 37 76 30 44 84
9 84 9 20 40 25 62 72 87 6 31 34 79 84
56 13 56 25 35 13
56 51 56 37 49 76 30 44 55 58 68 69 63 65 51
1 6 1 7 57 72 87 6
35 43 35 39 65 51 67 72 87 6 31 43
3 83 3 38 26 42 62 70 81 83
65 78 65 30 44 55 58 68 78
85 51 85 25 38 26 42 51
74 16 74 7 62 72 87 6 16
85 50 85 25 38 63 65 30 44 55 67 72 87 6 16 35 39 76 7 14 37 49 41 50
69 44 69 76 30 44
28 34 28 6 37 76 30 34
74 30 74 7 43 44 55 58 68 69 76 30
1 72 1 39 65 51 67 72
62 75 62 72 87 6 16 29 48 75
76 77 76 30 48 52 77
74 86 74 20 39 65 30 48 52 64 86
9 86 9 20 40 25 63 65 51 67 72 86
40 82 40 68 34 48 52 71 82
16 67 16 87 6 31 56 74 7 57 63 65 30 44 55 67
28 77 28 87 77
15 52 15 22 34 48 52
33 44 33 51 67 72 87 6 31 43 44
85 61 85 25 33 61
51 71 51 67 72 87 6 31 34 48 52 71
74 29 74 7 62 72 87 6 16 29
63 81 63 65 30 34 48 75 80 81
18 55 18 58 68 74 20 55
85 59 85 25 63 65 30 34 59
38 61 38 26 28 35 13 74 20 40 25 33 61
14 37 14 37
42 71 42 51 59 64 71
23 67 23 49 76 30 44 55 58 68 69 63 65 51 67
49 61 49 69 63 65 51 67 72 87 6 37 76 30 44 55 58 68 74 7 14 25 33 61
22 55 22 51 67 72 87 6 31 43 44 55
4 55 4 26 42 62 72 87 6 31 43 44 55
1 48 1 49 76 30 34 48
42 60 42 51 67 72 87 6 37 49 69 76 7 57 63 65 30 44 55 58 68 74 20 40 25 38 26 28 41 50 60
56 43 56 74 20 39 7 43
11 60 11 68 69 76 7 43 44 55 67 72 87 6 16 35 13 28 60
19 44 19 38 63 65 30 44
38 80 38 26 28 41 49 76 7 62 72 87 6 37 51 80
43 81 43 44 55 58 67 72 87 6 31 56 37 51 80 81
74 70 74 7 14 37 51 67 72 87 6 16 35 13 68 69 70
8 37 8 62 72 87 6 37
46 52 46 13 74 20 56 25 35 39 65 30 44 55 67 72 87 6 16 29 48 52
74 71 74 7 43 52 71
33 75 33 51 67 72 87 6 37 49 76 30 48 75
40 29 40 68 74 7 43 44 55 67 72 87 6 16 29
31 77 31 34 48 52 77
19 44 19 56 25 35 13 20 55 67 72 87 6 31 43 44
38 59 38 65 51 67 72 87 6 37 76 7 62 59
19 30 19 56 25 38 63 65 51 67 72 87 6 31 68 74 20 39 76 30
74 55 74 20 39 65 30 44 55
11 79 11 63 65 51 67 72 87 6 16 35 39 7 43 44 79
58 79 58 68 34 79
38 25 38 65 30 44 55 67 72 87 6 31 56 37 76 7 14 28 68 74 20 40 25
42 75 42 30 48 75
3 26 3 38 26
87 80 87 6 37 52 80
11 67 11 63 65 30 44 55 67
72 80 72 87 6 37 48 52 80
18 60 18 30 44 55 67 72 87 6 37 49 41 50 60
69 81 69 63 65 51 67 72 87 6 31 43 52 80 81
28 43 28 41 76 30 44 55 67 72 87 6 31 43
20 67 20 40 68 69 63 65 51 67
85 83 85 25 33 51 67 72 87 6 16 29 48 52 80 81 83
38 67 38 63 65 51 67
62 26 62 72 87 6 31 56 25 38 26
15 60 15 30 44 55 58 68 69 76 7 14 28 60
14 84 14 25 40 68 74 7 57 63 65 30 44 84
7 71 7 57 72 87 6 31 59 64 71
14 20 14 37 51 67 72 87 6 16 35 13 20
11 70 11 63 65 30 44 55 58 68 69 70
56 82 56 74 7 57 72 87 6 31 43 52 71 82
37 79 37 49 72 87 6 31 34 79
39 81 39 87 6 16 35 13 74 20 40 25 62 70 81
65 52 65 30 48 52
9 67 9 62 72 87 6 37 51 67
57 44 57 63 65 51 67 72 87 6 16 35 39 7 43 44
9 29 9 62 72 87 6 16 29
68 16 68 69 63 65 51 67 72 87 6 16
49 13 49 72 87 6 16 35 13
31 80 31 56 74 7 43 52 80
65 34 65 30 34
31 29 31 68 74 7 57 63 65 51 67 72 87 6 16 29
39 70 39 87 6 37 49 41 70
18 82 18 22 43 52 71 82
69 16 69 63 65 30 44 55 67 72 87 6 16
3 70 3 38 63 65 51 67 72 87 6 37 76 30 44 55 58 68 74 7 62 70
22 13 22 31 43 87 6 16 35 13
62 75 62 72 87 6 31 68 69 63 65 30 34 48 75
56 50 56 37 49 72 87 6 16 35 13 26 42 7 14 28 41 50
30 81 30 48 52 80 81
19 41 19 56 25 63 65 51 67 72 87 6 31 68 69 76 7 14 28 41
62 20 62 72 87 6 16 35 39 65 30 44 55 58 68 74 20
11 89 11 68 69 76 7 62 72 87 77 89
38 29 38 26 42 30 44 55 58 67 72 87 6 16 29
11 77 11 68 34 48 52 77
57 29 57 72 87 6 16 29
2 23 2 23
85 7 85 25 63 65 51 67 72 87 6 16 35 13 68 74 7
22 70 22 51 67 72 87 6 16 35 13 68 74 20 56 37 49 69 70
40 71 40 68 34 48 52 64 71
7 83 7 62 70 81 83
31 52 31 68 34 48 52
9 61 9 62 72 87 6 31 56 25 33 61
74 57 74 20 55 67 72 87 6 16 35 13 28 68 69 76 7 57
4 51 4 30 44 55 67 72 87 6 37 49 76 7 57 63 65 51
62 75 62 72 87 6 16 29 48 75
4 13 4 74 20 55 67 72 87 6 16 35 13
1 29 1 51 67 72 87 6 16 29
46 80 46 43 87 6 31 34 48 52 80
43 55 43 44 55
4 83 4 49 41 76 30 44 55 67 72 87 6 31 43 52 80 81 83
42 51 42 51
51 55 51 67 72 87 6 37 76 7 57 63 65 30 44 55
9 80 9 62 72 87 6 16 29 48 52 80
22 30 22 31 43 87 6 16 35 39 58 68 69 76 30
9 79 9 20 40 68 74 7 14 28 37 76 30 44 79
38 44 38 65 30 44
56 20 56 37 49 72 87 6 16 35 39 58 68 74 20
72 29 72 87 6 16 29
35 50 35 13 68 69 63 65 30 44 55 58 67 72 87 6 31 56 37 76 7 14 28 41 50
46 30 46 43 44 55 67 72 87 6 16 35 39 65 30
31 6 31 43 44 55 58 67 72 87 6
18 73 18 58 68 74 20 73
6 67 6 37 51 67
30 79 30 34 79
76 44 76 7 43 44
30 55 30 44 55
22 73 22 31 56 37 72 87 6 16 35 39 58 67 73
1 48 1 37 76 30 48
4 51 4 23 37 51
56 60 56 74 20 39 58 68 69 76 30 44 55 67 72 87 6 37 49 41 50 60
15 30 15 26 42 30
51 48 51 67 72 87 6 31 43 44 55 58 68 34 48
11 58 11 63 65 30 44 55 58
31 83 31 68 69 63 65 51 80 81 83
8 70 8 40 25 38 63 65 51 67 72 87 6 31 68 69 70
38 89 38 65 51 59 89
62 6 62 72 87 6
35 55 35 39 7 57 72 87 6 37 49 76 30 44 55
21 44 21 13 74 20 56 25 63 65 51 67 72 87 6 16 35 39 7 14 28 37 76 30 44
49 73 49 72 87 6 31 56 37 51 67 73
6 52 6 31 68 69 76 30 34 48 52
33 55 33 51 67 72 87 6 16 35 13 74 20 39 7 57 63 65 30 44 55
16 44 16 87 6 37 76 7 43 44
15 44 15 30 44
76 16 76 7 43 87 6 16
49 30 49 76 7 14 42 51 67 72 87 6 16 35 13 68 69 63 65 30
15 44 15 22 51 67 72 87 6 31 43 44
14 48 14 37 49 76 7 62 72 87 6 31 34 48
9 48 9 62 72 87 6 31 34 48
8 83 8 28 41 49 76 30 34 79 83
35 89 35 39 65 51 67 72 87 77 89
11 89 11 68 74 7 57 63 65 30 34 48 52 77 89
11 84 11 63 65 30 34 79 84
22 41 22 51 67 72 87 6 37 76 7 14 25 33 49 41
35 73 35 39 76 30 44 55 67 73
21 89 21 58 67 72 87 6 77 89
14 64 14 34 48 52 64
11 60 11 60
40 7 40 25 33 51 67 72 87 6 37 76 7
40 82 40 68 69 76 30 44 55 67 72 87 6 16 29 48 75 82
15 72 15 26 28 37 49 72
19 70 19 69 70
4 80 4 30 34 48 75 80
56 64 56 64
56 58 56 74 20 40 25 38 63 65 51 67 72 87 6 31 68 69 76 7 43 44 55 58
18 81 18 22 31 56 74 7 57 72 87 6 16 35 39 58 68 69 70 81
38 34 38 26 42 51 67 72 87 6 16 35 39 65 30 44 55 58 68 34
1 7 1 49 41 63 65 51 67 72 87 6 16 35 13 74 7
62 70 62 70
46 82 46 43 87 6 16 29 48 75 82
63 84 63 65 30 44 79 84
49 26 49 69 76 7 14 42 30 44 55 67 72 87 6 16 35 39 58 68 74 20 40 25 38 26
4 51 4 74 7 14 25 62 72 87 6 16 35 13 26 28 37 51
40 59 40 25 63 65 51 59
18 70 18 30 44 55 67 72 87 6 16 35 39 58 68 69 70
21 20 21 13 20
68 83 68 69 70 81 83
63 80 63 65 51 80
22 33 22 31 43 44 55 67 72 87 6 16 35 39 76 7 14 25 33
76 57 76 7 57
21 37 21 42 30 44 55 67 72 87 6 37
16 44 16 87 6 31 56 74 7 43 44
2 82 2 23 49 59 64 71 82
33 75 33 62 72 87 6 37 48 75
85 63 85 25 40 68 69 76 7 57 63
68 51 68 69 76 30 44 55 58 67 72 87 6 16 35 13 74 7 14 25 63 65 51
21 16 21 42 62 72 87 6 16
37 48 37 48
19 29 19 56 74 7 62 72 87 6 16 29
40 81 40 68 74 7 14 28 41 76 30 48 75 80 81
18 88 18 30 34 79 88
56 73 56 74 20 39 7 43 44 55 67 73
38 84 38 26 28 37 51 67 72 87 6 31 68 74 20 55 84
34 86 34 48 52 64 86
85 41 85 25 40 68 69 76 30 44 55 67 72 87 6 16 35 13 26 28 41
74 37 74 7 43 87 6 37
11 82 11 68 69 63 65 51 59 64 71 82
69 59 69 63 65 30 44 55 67 72 87 6 31 34 59
87 88 87 6 88
68 82 68 74 20 55 58 67 72 87 6 37 48 75 82
42 37 42 51 67 72 87 6 31 68 74 20 56 25 35 13 26 28 37
65 57 65 51 67 72 87 6 37 49 41 76 7 57
3 26 3 38 26
40 71 40 68 69 76 30 44 55 58 67 72 87 6 71
34 75 34 48 75
39 30 39 65 30
85 75 85 25 38 26 42 51 67 72 87 6 31 43 44 55 58 68 34 48 75
69 29 69 76 30 44 55 67 72 87 6 16 29
31 30 31 68 69 63 65 30
19 58 19 33 49 41 63 65 30 44 55 58
85 84 85 25 33 51 67 72 87 6 16 35 39 58 68 69 76 7 43 44 84
39 83 39 58 67 72 87 6 16 29 48 75 80 81 83
62 44 62 72 87 6 37 76 7 43 44
21 78 21 13 68 78
22 20 22 31 56 74 7 14 42 62 72 87 6 16 35 13 20
34 86 34 86
42 52 42 7 14 34 48 52
6 67 6 31 68 69 63 65 30 44 55 67
35 26 35 13 26
40 63 40 68 69 63
15 30 15 30
56 41 56 37 49 41
65 20 65 51 67 72 87 6 16 35 13 20
33 81 33 62 72 87 6 37 52 80 81
28 48 28 37 72 87 6 16 29 48
15 71 15 64 71
38 58 38 65 30 44 55 58
37 73 37 51 67 73
30 50 30 44 55 58 67 72 87 6 16 35 13 74 20 56 37 49 69 76 7 14 28 41 50
56 16 56 74 20 40 25 62 72 87 6 16
42 75 42 7 57 72 87 6 31 34 48 75
56 60 56 25 33 51 67 72 87 6 16 35 13 28 60
28 50 28 41 50
1 26 1 13 26
1 67 1 51 67
2 83 2 56 37 52 80 81 83
65 58 65 30 44 55 58
3 16 3 27 44 55 67 72 87 6 16
18 16 18 76 7 57 72 87 6 16
39 88 39 76 30 34 48 88
46 41 46 13 68 74 20 40 25 33 49 69 76 30 44 55 67 72 87 6 16 35 39 7 14 28 41
68 88 68 74 20 40 25 35 39 87 6 37 48 75 88
42 89 42 51 59 89
76 43 76 7 43
72 80 72 87 6 16 29 48 52 80
14 41 14 28 41
16 48 16 87 6 31 68 34 48
39 84 39 65 51 67 72 87 6 16 35 13 20 40 68 34 79 84
19 34 19 38 26 28 41 63 65 51 67 72 87 6 16 35 39 76 30 34
74 43 74 7 43
21 64 21 26 42 7 43 87 6 37 49 69 76 30 48 52 64
65 82 65 30 48 52 71 82
76 83 76 30 48 75 80 81 83
56 78 56 25 40 78
87 79 87 6 16 35 39 76 30 44 55 58 68 34 79
41 44 41 76 7 14 42 30 44
33 55 33 62 72 87 6 16 35 39 7 14 37 49 41 57 63 65 30 44 55
19 13 19 43 87 6 16 35 13
26 71 26 28 68 74 7 14 59 64 71
34 48 34 48
87 79 87 6 31 68 34 79
7 81 7 62 70 81
63 73 63 65 30 44 55 58 67 73
49 72 49 41 63 65 30 44 55 58 67 72
15 51 15 26 42 62 72 87 6 31 68 69 63 65 51
46 16 46 13 20 55 67 72 87 6 16
33 55 33 49 41 63 65 30 44 55
69 43 69 63 65 51 67 72 87 6 37 49 76 30 44 55 58 68 74 7 43
87 73 87 6 16 35 13 26 42 51 67 73
1 33 1 2 33
3 61 3 33 61
22 72 22 51 67 72
38 48 38 63 65 30 48
58 73 58 67 73
42 34 42 51 67 72 87 6 31 68 34
74 7 74 7
85 61 85 25 33 61
28 48 28 37 49 76 7 43 87 6 16 29 48
16 44 16 35 39 7 14 42 30 44
28 73 28 68 74 7 14 42 51 67 73
19 75 19 33 51 67 72 87 6 37 49 41 76 7 43 44 55 58 68 74 20 40 25 63 65 30 48 75
19 29 19 56 37 51 67 72 87 6 16 29
16 86 16 86
8 7 8 13 28 37 49 69 63 65 51 67 72 87 6 16 35 39 58 68 74 7
56 84 56 74 20 55 84
1 6 1 37 49 41 63 65 51 67 72 87 6
43 71 43 52 64 71
1 61 1 39 7 57 63 65 51 67 72 87 6 31 56 37 49 69 76 30 44 55 58 68 74 20 40 25 33 61
21 77 21 26 42 51 67 72 87 6 31 43 44 55 58 68 34 48 52 77
8 79 8 40 68 69 76 30 34 79
74 80 74 20 55 67 72 87 6 31 68 34 48 52 80
4 51 4 49 72 87 6 37 51
69 73 69 63 65 30 44 55 67 73
31 63 31 68 69 63
2 43 2 9 20 40 25 63 65 30 44 55 67 72 87 6 16 35 39 7 43
4 6 4 74 7 14 42 62 72 87 6
26 29 26 42 51 67 72 87 6 16 29
8 89 8 13 20 56 74 7 57 63 65 51 67 72 87 6 37 48 52 77 89
34 75 34 48 75
4 73 4 74 20 73
46 29 46 43 87 6 16 35 13 29
31 50 31 56 74 20 40 68 69 63 65 51 67 72 87 6 37 49 41 50
21 43 21 26 42 51 67 72 87 6 31 43
31 88 31 68 34 48 75 88
4 80 4 49 41 76 7 43 44 55 67 72 87 6 37 51 80
68 44 68 69 63 65 30 44
69 83 69 70 81 83
15 30 15 30
58 75 58 67 72 87 6 37 48 75
56 48 56 25 62 72 87 6 16 29 48
85 61 85 25 33 61
9 86 9 20 56 37 72 87 6 16 86
56 77 56 37 72 87 6 77
27 67 27 44 55 67
18 7 18 58 68 74 7
28 20 28 87 6 16 35 13 20
42 89 42 7 62 72 87 77 89
21 86 21 13 68 34 59 64 86
69 13 69 76 7 43 87 6 16 35 13
27 84 27 79 84
3 13 3 30 44 55 58 67 72 87 6 16 35 13
28 55 28 87 6 37 76 30 44 55
87 33 87 6 16 35 13 74 20 40 25 33
42 81 42 51 67 72 87 6 37 76 30 34 48 52 80 81
34 48 34 48
72 86 72 87 6 86
18 63 18 30 44 55 58 67 72 87 6 37 49 41 57 63
65 71 65 51 59 64 71
56 48 56 74 7 57 72 87 6 31 34 48
26 83 26 42 7 43 44 55 67 72 87 6 16 35 13 20 39 65 30 34 79 83
3 64 3 27 44 55 67 72 87 6 37 76 7 14 28 64
31 67 31 43 44 55 67
1 61 1 39 87 6 16 35 13 20 40 25 33 61
58 61 58 67 72 87 6 31 56 25 33 61
42 41 42 30 44 55 58 67 72 87 6 37 49 41
76 83 76 7 14 28 87 6 16 29 48 52 80 81 83
16 83 16 35 13 83
38 60 38 26 28 87 6 31 56 25 35 13 60
69 78 69 76 7 62 72 87 6 37 49 41 63 65 30 44 55 58 68 78
15 75 15 26 28 35 39 7 62 72 87 6 16 29 48 75
14 51 14 28 37 49 72 87 6 16 35 39 65 51
38 71 38 26 28 35 39 87 6 71
9 71 9 62 59 64 71
15 41 15 22 31 68 74 7 14 37 72 87 6 16 35 13 26 28 41
49 83 49 76 30 34 79 83
49 29 49 41 76 30 44 55 58 68 74 7 14 42 51 67 72 87 6 16 29
28 59 28 68 34 59
37 81 37 48 75 80 81
4 71 4 49 76 7 62 72 87 6 31 34 48 52 64 71
14 72 14 37 49 69 76 7 62 72
43 29 43 44 55 67 72 87 6 16 29
74 16 74 20 40 68 69 76 7 14 37 49 41 63 65 51 67 72 87 6 16
19 58 19 62 72 87 6 16 35 39 65 30 44 55 58
72 86 72 87 6 86
6 75 6 37 76 30 34 48 75
43 50 43 44 55 58 67 72 87 6 37 49 41 50
46 29 46 13 29
40 20 40 68 74 20
34 48 34 48
68 29 68 74 20 56 37 72 87 6 16 29
18 63 18 22 51 67 72 87 6 37 76 7 43 44 55 58 68 69 63
42 70 42 62 70
19 75 19 38 65 30 48 75
49 55 49 41 63 65 30 44 55
65 72 65 30 44 55 58 67 72
62 7 62 72 87 6 37 76 7
8 73 8 9 20 39 87 6 37 51 67 73
62 34 62 72 87 6 16 35 39 65 30 34
1 30 1 51 67 72 87 6 37 76 30
63 29 63 65 51 67 72 87 6 31 56 37 49 76 30 44 55 58 68 74 20 39 7 14 25 38 26 28 35 13 29
56 84 56 74 7 14 42 51 67 72 87 6 16 35 39 76 30 34 79 84
15 75 15 26 42 62 72 87 6 37 76 30 48 75
56 67 56 74 7 62 72 87 6 37 76 30 44 55 58 68 69 63 65 51 67
13 44 13 28 41 63 65 51 67 72 87 6 31 43 44
16 81 16 87 6 37 51 80 81
3 52 3 37 76 7 14 28 6 16 35 13 29 48 52
49 16 49 76 7 14 37 72 87 6 16
40 79 40 25 62 72 87 6 16 35 39 76 30 34 79
49 67 49 76 30 44 55 67
40 52 40 68 69 63 65 51 67 72 87 6 31 34 48 52
85 63 85 25 63
8 7 8 13 74 7
39 51 39 76 30 44 55 58 67 72 87 6 37 49 41 57 63 65 51
62 88 62 72 87 6 88
33 75 33 49 69 63 65 51 67 72 87 6 16 29 48 75
22 33 22 31 43 44 55 67 72 87 6 16 35 13 20 56 25 33
85 52 85 25 35 39 58 68 74 7 43 52
69 77 69 76 30 44 55 58 77
41 75 41 76 30 48 75
41 84 41 63 65 51 67 72 87 6 31 56 37 49 69 76 30 44 79 84
25 71 25 35 13 74 20 56 64 71
49 41 49 76 7 14 28 41
13 84 13 68 69 76 30 44 84
28 84 28 87 6 31 34 79 84
40 81 40 25 35 39 87 6 31 34 48 75 80 81
35 75 35 13 29 48 75
28 71 28 64 71
42 37 42 7 57 63 65 30 44 55 67 72 87 6 37
69 86 69 76 30 48 52 64 86
1 7 1 37 72 87 6 16 35 13 26 28 68 69 76 7
51 79 51 67 72 87 6 16 35 13 68 74 7 57 63 65 30 34 79
68 78 68 78
46 29 46 43 87 6 16 29
38 86 38 26 28 64 86
69 51 69 63 65 51
62 55 62 72 87 6 37 49 41 76 7 43 44 55
31 44 31 68 74 20 40 25 38 65 30 44
14 70 14 42 30 44 55 58 67 72 87 6 37 76 7 62 70
35 72 35 13 28 41 76 30 44 55 58 68 69 63 65 51 67 72
3 64 3 33 51 59 64
4 64 4 30 34 59 64
27 84 27 44 84
76 58 76 30 44 55 58
11 44 11 63 65 30 44
62 71 62 59 64 71
2 6 2 9 20 39 7 57 72 87 6
27 84 27 44 84
38 13 38 63 65 51 67 72 87 6 37 49 69 76 30 44 55 58 68 74 7 14 28 35 13
40 58 40 68 74 20 55 58
49 67 49 76 7 14 25 40 68 74 20 55 58 67
15 58 15 22 51 67 72 87 6 31 43 44 55 58
39 79 39 65 30 34 79
38 89 38 26 28 87 77 89
87 16 87 6 16
35 89 35 59 89
68 7 68 74 7
2 82 2 56 37 52 71 82
56 64 56 64
65 25 65 30 44 55 58 68 74 20 40 25
74 64 74 7 64
20 86 20 56 37 49 59 64 86
56 67 56 37 51 67
74 37 74 20 39 58 67 72 87 6 31 56 37
19 77 19 43 44 55 58 67 72 87 77
37 67 37 76 7 62 72 87 6 31 43 44 55 58 67
11 52 11 63 65 51 67 72 87 6 37 49 76 30 34 48 52
65 80 65 30 44 55 67 72 87 6 37 51 80
25 80 25 33 51 80
49 55 49 41 57 63 65 51 67 72 87 6 37 76 30 44 55
39 43 39 7 43
25 67 25 63 65 51 67
74 79 74 20 56 37 72 87 6 16 35 13 68 34 79
40 82 40 25 38 65 51 67 72 87 6 37 49 76 30 34 48 52 71 82
51 55 51 67 72 87 6 16 35 39 65 30 44 55
1 9 1 2 9
8 57 8 13 74 7 57
46 6 46 43 87 6
30 80 30 44 55 58 68 69 63 65 51 80
33 84 33 62 72 87 6 31 56 74 7 43 44 84
26 75 26 42 51 67 72 87 6 16 29 48 75
21 89 21 9 62 72 87 6 37 48 52 77 89
35 55 35 13 26 42 7 14 25 33 49 76 30 44 55
39 83 39 65 30 44 79 83
28 82 28 6 31 68 34 48 52 64 71 82
22 71 22 34 59 64 71
30 80 30 48 52 80
76 60 76 30 44 55 58 67 72 87 6 16 35 13 26 28 60
25 80 25 38 63 65 30 48 75 80
14 16 14 37 51 67 72 87 6 16
69 81 69 63 65 30 34 48 52 80 81
31 83 31 43 87 6 37 49 41 70 81 83
18 72 18 76 7 43 87 6 37 49 69 63 65 30 44 55 58 67 72
1 50 1 7 14 25 35 13 28 41 50
8 84 8 9 62 72 87 6 37 76 7 43 44 55 84
18 6 18 20 56 74 7 62 72 87 6
56 43 56 74 7 43
3 51 3 37 76 30 44 55 58 67 72 87 6 31 68 69 63 65 51
31 80 31 68 69 63 65 51 67 72 87 6 16 29 48 75 80
14 70 14 28 68 74 20 56 25 62 70
15 77 15 30 44 55 67 72 87 77
8 78 8 41 57 78
3 64 3 27 44 55 67 72 87 6 31 68 34 59 64
87 75 87 6 16 29 48 75
3 61 3 33 61
19 80 19 43 52 80
8 72 8 62 72
62 43 62 72 87 6 31 56 74 7 43
26 73 26 42 7 14 37 49 72 87 6 31 68 69 76 30 44 55 67 73
69 26 69 76 7 14 42 30 44 55 67 72 87 6 16 35 13 26
28 89 28 77 89
87 6 87 6
49 83 49 69 63 65 30 34 48 75 80 81 83
3 26 3 38 26
2 78 2 23 66 78
14 26 14 42 7 57 72 87 6 16 35 13 26
14 58 14 25 38 63 65 51 67 72 87 6 31 68 74 7 43 44 55 58
74 29 74 7 57 63 65 30 44 55 58 67 72 87 6 16 29
49 64 49 72 87 6 37 59 64
39 83 39 7 43 52 80 81 83
4 78 4 7 57 63 65 51 67 72 87 6 31 56 74 20 40 78
28 59 28 87 6 37 59
2 41 2 56 37 72 87 6 16 35 13 28 41
56 70 56 25 40 70
49 58 49 72 87 6 16 35 39 7 14 37 76 30 44 55 58
63 79 63 65 51 67 72 87 6 37 76 7 43 44 79
49 50 49 41 50
65 72 65 51 67 72
72 48 72 87 6 16 29 48
19 79 19 38 63 65 51 67 72 87 6 37 49 76 7 14 42 30 44 79
37 86 37 51 67 72 87 6 31 59 64 86
31 81 31 56 74 7 57 72 87 6 37 76 30 34 48 75 80 81
56 72 56 37 49 72
11 64 11 68 74 20 55 67 72 87 6 31 56 37 76 7 64
76 86 76 30 34 86
35 50 35 39 58 67 72 87 6 31 56 37 49 41 50
4 67 4 30 44 55 58 67
74 59 74 20 55 67 72 87 6 37 59
56 63 56 37 76 30 44 55 58 67 72 87 6 31 68 69 63
21 44 21 26 28 6 16 35 13 68 74 20 39 65 30 44
13 84 13 26 42 30 44 84
62 80 62 72 87 6 16 35 13 68 34 48 52 80
14 43 14 28 87 6 16 35 13 20 55 58 68 69 76 7 43
35 63 35 39 87 6 37 49 41 57 63
68 73 68 74 20 55 58 67 73
40 26 40 68 74 20 55 67 72 87 6 16 35 13 26
35 86 35 39 58 68 69 76 7 14 59 64 86
74 50 74 7 14 37 49 76 30 44 55 67 72 87 6 31 56 25 35 13 28 41 50
28 72 28 35 13 20 40 68 69 63 65 30 44 55 58 67 72
35 86 35 59 64 86
18 82 18 22 43 44 55 67 72 87 6 37 76 7 57 63 65 51 59 64 71 82
2 29 2 13 29
13 81 13 74 7 14 34 48 52 80 81
38 64 38 63 65 30 34 59 64
2 25 2 9 20 39 87 6 37 76 7 14 25
22 64 22 51 67 72 87 6 31 68 74 7 14 34 59 64
14 55 14 42 51 67 72 87 6 37 49 69 63 65 30 44 55
16 80 16 87 6 37 49 76 30 44 55 58 68 69 63 65 51 80
87 25 87 6 37 76 30 44 55 58 68 74 20 40 25
28 13 28 37 51 67 72 87 6 16 35 13
4 84 4 7 57 72 87 6 31 56 74 20 55 58 68 69 76 30 44 79 84
22 48 22 43 87 6 31 34 48
38 73 38 26 73
8 41 8 41
11 25 11 68 69 63 65 30 44 55 58 67 72 87 6 31 56 25
1 13 1 13
8 73 8 41 76 7 62 72 87 6 37 51 67 73
56 43 56 25 40 68 69 63 65 30 44 55 67 72 87 6 37 49 76 7 43
8 89 8 41 63 65 30 48 52 77 89
42 16 42 30 44 55 67 72 87 6 16
27 29 27 44 55 58 67 72 87 6 16 29
87 86 87 6 16 35 39 65 51 59 64 86
85 64 85 25 63 65 30 34 48 52 64
62 78 62 72 87 6 16 35 39 58 68 78
22 77 22 34 48 52 77
74 52 74 7 57 63 65 30 44 55 58 67 72 87 6 37 52
68 57 68 69 63 65 30 44 55 58 67 72 87 6 37 49 41 57
8 58 8 9 20 40 68 74 7 14 42 30 44 55 58
8 6 8 40 25 35 39 65 30 44 55 67 72 87 6
1 79 1 49 72 87 6 31 34 79
39 30 39 65 30
46 71 46 13 68 34 48 52 64 71
85 81 85 25 62 72 87 6 16 35 39 65 30 34 48 75 80 81
69 7 69 63 65 30 44 55 58 68 74 7
1 88 1 39 76 30 44 55 67 72 87 6 16 29 48 88
57 79 57 63 65 51 67 72 87 6 37 76 30 34 79
35 13 35 13
38 71 38 63 65 30 34 59 64 71
68 60 68 69 63 65 51 67 72 87 6 37 49 41 50 60
23 83 23 49 69 70 81 83
25 67 25 63 65 51 67
3 78 3 38 26 42 51 67 72 87 6 16 35 39 58 68 78
68 26 68 74 20 40 25 38 26
11 52 11 68 69 63 65 51 67 72 87 6 37 48 52
26 71 26 28 37 49 41 63 65 51 59 64 71
65 30 65 30
8 84 8 40 25 33 49 72 87 6 31 43 44 84
85 67 85 25 63 65 30 44 55 67
69 83 69 63 65 30 48 75 80 81 83
23 29 23 37 72 87 6 16 29
16 84 16 35 39 76 7 62 72 87 6 37 49 69 63 65 30 34 79 84
74 37 74 7 62 72 87 6 37
31 86 31 68 69 76 30 48 52 64 86
15 60 15 22 51 67 72 87 6 37 49 41 76 7 57 63 65 30 44 55 58 68 74 20 40 25 35 13 28 60
65 88 65 51 67 72 88
31 86 31 43 87 6 86
41 71 41 63 65 30 44 55 58 68 74 7 62 72 87 6 31 34 48 52 64 71
14 63 14 42 51 67 72 87 6 31 43 44 55 58 68 69 76 7 57 63
74 75 74 20 56 37 48 75
35 81 35 13 26 42 7 43 87 6 37 52 80 81
57 52 57 63 65 51 67 72 87 6 37 48 52
49 52 49 69 76 7 57 63 65 51 67 72 87 6 37 48 52
49 63 49 69 63
2 89 2 9 62 59 89
58 55 58 68 74 20 39 65 51 67 72 87 6 16 35 13 26 28 41 49 69 76 30 44 55
41 48 41 63 65 30 34 48
2 86 2 33 49 69 76 30 34 48 52 64 86
19 34 19 62 72 87 6 31 56 37 76 7 14 34
85 16 85 25 63 65 30 44 55 58 67 72 87 6 16
19 50 19 69 76 7 14 25 35 13 26 28 37 49 41 50
42 55 42 51 67 72 87 6 31 56 37 49 69 63 65 30 44 55
3 78 3 38 63 65 51 67 72 87 6 16 35 13 28 37 76 7 43 44 55 58 68 78
51 55 51 67 72 87 6 16 35 13 68 69 63 65 30 44 55
68 7 68 74 7
46 73 46 13 20 56 37 72 87 6 16 35 39 58 68 69 63 65 30 44 55 67 73
31 43 31 43
42 6 42 7 14 28 37 72 87 6
1 26 1 13 26
62 16 62 72 87 6 16
1 75 1 34 48 75
49 50 49 41 50
22 60 22 51 67 72 87 6 16 35 13 60
39 37 39 65 51 67 72 87 6 37
38 77 38 63 65 51 67 72 87 77
2 66 2 23 66
38 60 38 65 30 44 55 58 68 74 20 56 37 72 87 6 16 35 13 28 60
85 48 85 25 38 63 65 51 67 72 87 6 37 76 30 34 48
25 44 25 63 65 51 67 72 87 6 16 35 39 76 7 14 42 30 44
56 83 56 25 38 65 51 80 81 83
35 61 35 13 28 41 49 69 63 65 51 67 72 87 6 37 76 30 44 55 58 68 74 20 56 25 33 61
30 75 30 48 75
28 64 28 68 34 48 52 64
69 64 69 63 65 51 59 64
2 72 2 56 37 51 67 72
56 48 56 37 51 67 72 87 6 16 35 39 58 68 34 48
87 13 87 6 16 35 13
39 13 39 76 7 43 44 55 58 67 72 87 6 31 68 74 20 40 25 35 13
56 75 56 74 20 39 7 14 25 38 63 65 51 67 72 87 6 31 43 44 55 58 68 34 48 75
46 16 46 13 28 6 16
46 59 46 13 68 74 20 56 37 51 59
20 50 20 56 25 40 68 69 76 7 57 63 65 51 67 72 87 6 37 49 41 50
31 73 31 68 69 63 65 51 67 73
18 26 18 76 7 14 28 35 13 26
26 29 26 42 51 67 72 87 6 16 29
4 34 4 7 14 28 35 39 65 51 67 72 87 6 37 76 30 34
19 7 19 38 26 28 6 37 49 76 7
49 64 49 72 87 6 31 68 69 76 30 34 48 52 64
69 34 69 76 30 34
14 50 14 25 63 65 51 67 72 87 6 16 35 39 76 7 43 44 55 58 68 74 20 56 37 49 41 50
22 84 22 51 67 72 87 6 31 34 79 84
25 67 25 35 13 20 39 58 68 74 7 62 72 87 6 31 56 37 49 76 30 44 55 67
6 73 6 31 43 44 55 58 67 73
49 50 49 41 50
42 86 42 51 67 72 87 6 86
49 89 49 69 76 7 57 72 87 6 31 34 79 84 89
74 63 74 7 62 72 87 6 31 68 69 63
15 67 15 30 44 55 67
31 6 31 56 37 76 7 14 42 30 44 55 58 68 74 20 40 25 33 62 72 87 6
63 73 63 65 51 67 73
31 13 31 56 37 76 7 14 28 87 6 16 35 13
11 70 11 63 65 51 67 72 87 6 31 68 69 70
28 16 28 37 72 87 6 16
33 61 33 61
19 60 19 33 49 41 50 60
16 73 16 87 6 31 68 69 76 30 44 55 67 73
25 81 25 40 70 81
22 26 22 31 68 74 7 14 37 76 30 44 55 58 67 72 87 6 16 35 13 26
14 57 14 37 49 41 76 7 57
65 84 65 30 34 79 84
13 81 13 68 34 48 52 80 81
42 80 42 51 80
15 63 15 22 51 67 72 87 6 31 68 74 7 57 63
69 84 69 63 65 30 44 84
40 60 40 68 74 7 57 72 87 6 16 35 13 60
19 89 19 56 25 33 62 72 87 6 16 35 13 20 40 68 74 7 57 63 65 30 34 48 52 77 89
38 7 38 26 42 30 44 55 58 68 74 7
37 55 37 76 30 44 55
56 79 56 74 20 40 68 34 79
74 84 74 7 62 72 87 6 16 35 39 76 30 34 79 84
62 20 62 72 87 6 31 68 74 20
15 80 15 22 31 34 48 75 80
28 58 28 37 49 69 63 65 51 67 72 87 6 16 35 39 76 30 44 55 58
26 81 26 42 62 70 81
62 73 62 72 87 6 31 56 25 38 26 28 41 57 63 65 30 44 55 58 68 74 7 14 42 51 67 73
3 83 3 27 44 55 58 67 72 87 6 37 48 75 80 81 83
22 57 22 31 68 69 76 30 44 55 58 67 72 87 6 37 49 41 57
42 89 42 62 59 89
26 75 26 28 37 72 87 6 31 34 48 75
18 88 18 76 30 44 55 58 68 34 48 75 88
28 57 28 35 13 68 69 63 65 51 67 72 87 6 37 76 7 57
21 79 21 9 20 56 37 51 67 72 87 6 31 43 44 79
21 57 21 58 68 74 7 57
34 79 34 79
26 67 26 42 51 67
3 77 3 33 62 72 87 6 16 35 77
74 7 74 7
46 58 46 13 68 74 20 56 25 63 65 51 67 72 87 6 37 76 30 44 55 58
14 83 14 28 41 49 69 70 81 83
3 20 3 27 44 55 67 72 87 6 16 35 13 20
27 71 27 44 55 67 72 87 6 71
31 25 31 43 44 55 58 68 74 20 40 25
11 41 11 68 74 7 57 63 65 51 67 72 87 6 37 49 41
46 84 46 43 44 55 84
4 41 4 26 42 7 62 72 87 6 37 49 41
22 60 22 31 43 87 6 37 49 41 50 60
63 44 63 65 30 44
1 43 1 39 65 30 44 55 58 67 72 87 6 16 35 13 28 68 74 7 43
46 88 46 43 87 6 88
59 71 59 64 71
72 83 72 87 6 31 43 44 55 58 68 69 76 7 57 63 65 51 80 81 83
62 89 62 72 87 6 77 89
20 52 20 56 25 38 26 28 41 63 65 51 67 72 87 6 31 34 48 52
18 26 18 20 39 58 68 74 7 62 72 87 6 16 35 13 26
8 34 8 28 35 39 76 30 34
30 79 30 44 79
39 50 39 76 30 44 55 58 68 74 20 40 25 62 72 87 6 37 49 41 50
7 50 7 14 37 49 69 63 65 51 67 72 87 6 16 35 13 28 41 50
51 81 51 80 81
27 73 27 44 55 67 73
38 89 38 89
1 29 1 37 76 30 44 55 67 72 87 6 16 29
74 75 74 7 62 72 87 6 16 29 48 75
38 78 38 65 30 44 55 67 72 87 6 16 35 39 58 68 78
87 34 87 6 31 68 34
85 43 85 25 38 65 30 44 55 58 67 72 87 6 31 43
3 25 3 33 62 72 87 6 37 76 7 14 25
65 57 65 51 67 72 87 6 31 56 37 76 7 57
19 58 19 38 63 65 51 67 72 87 6 31 43 44 55 58
72 52 72 87 6 16 35 13 29 48 52
69 37 69 63 65 51 67 72 87 6 37
35 72 35 39 7 62 72
8 41 8 40 68 69 76 7 43 44 55 67 72 87 6 37 49 41
40 20 40 68 74 20
37 86 37 76 7 62 72 87 6 86
11 88 11 68 74 7 43 87 6 88
41 79 41 49 69 63 65 51 67 72 87 6 16 35 13 74 20 40 25 38 26 42 30 44 55 58 68 34 79
11 34 11 63 65 51 67 72 87 6 37 76 30 44 55 58 68 34
46 88 46 43 44 79 88
35 57 35 39 58 68 69 76 7 14 42 30 44 55 67 72 87 6 37 49 41 57
35 67 35 39 65 51 67
4 7 4 49 41 63 65 51 67 72 87 6 31 68 69 76 7
68 64 68 74 20 39 76 30 44 55 58 67 72 87 6 31 43 52 64
68 61 68 74 20 56 25 33 61
19 64 19 69 63 65 51 59 64
42 82 42 30 34 59 64 71 82
31 71 31 34 48 52 64 71
65 20 65 51 67 72 87 6 37 49 76 30 44 55 58 68 74 20
8 16 8 62 72 87 6 16
21 89 21 26 28 37 49 41 63 65 51 59 89
68 51 68 69 76 7 43 87 6 37 49 41 63 65 51
3 70 3 9 20 39 65 51 67 72 87 6 16 35 13 26 42 7 62 70
11 72 11 63 65 30 44 55 67 72
85 59 85 25 40 68 34 59
49 70 49 72 87 6 16 35 13 28 41 63 65 30 44 55 58 68 69 70
21 7 21 26 42 51 67 72 87 6 16 35 13 20 56 25 38 65 30 44 55 58 68 69 76 7
28 50 28 41 50
40 78 40 78
15 41 15 22 43 44 55 58 68 74 20 56 25 33 49 41
40 58 40 68 69 63 65 30 44 55 58
18 59 18 76 30 34 59
38 75 38 26 42 30 48 75
85 16 85 25 35 39 87 6 16
28 79 28 41 63 65 30 34 79
1 88 1 49 72 88
19 26 19 56 25 38 26
39 63 39 58 67 72 87 6 37 49 69 63
62 52 62 72 87 6 31 43 52
8 61 8 28 41 49 69 63 65 30 44 55 58 68 74 20 40 25 33 61
49 29 49 72 87 6 16 29
72 84 72 87 6 37 76 7 57 63 65 30 44 84
21 37 21 9 62 72 87 6 37
15 26 15 22 43 87 6 31 56 74 20 39 7 14 28 35 13 26
76 26 76 7 62 72 87 6 16 35 13 26
4 13 4 7 62 72 87 6 16 35 13
35 6 35 13 26 42 7 43 44 55 67 72 87 6
42 13 42 51 67 72 87 6 37 49 41 63 65 30 44 55 58 68 74 20 56 25 38 26 28 35 13
26 50 26 42 7 14 28 68 69 76 30 44 55 67 72 87 6 16 35 13 74 20 56 37 49 41 50
35 75 35 39 87 6 37 76 30 34 48 75
8 61 8 13 74 7 14 25 33 61
3 26 3 38 26
39 70 39 76 30 44 55 58 68 69 63 65 51 67 72 87 6 37 49 41 70
49 26 49 41 76 7 43 44 55 67 72 87 6 16 35 13 26
23 66 23 66
18 82 18 30 44 55 67 72 87 6 31 59 64 71 82
46 60 46 13 26 28 60
8 59 8 41 49 76 7 43 44 55 58 68 34 59
14 51 14 42 51
2 30 2 56 74 7 62 72 87 6 31 68 69 63 65 30
21 59 21 42 7 57 72 87 6 16 35 39 65 51 59
56 20 56 74 20
38 73 38 65 30 44 55 67 72 87 6 31 68 74 20 73
72 75 72 87 6 37 48 75
20 79 20 56 74 7 14 25 35 39 58 67 72 87 6 31 43 44 79
21 30 21 42 62 72 87 6 16 35 13 20 56 37 49 69 76 30
56 33 56 25 33
31 82 31 59 64 71 82
14 61 14 25 33 61
74 63 74 7 14 28 87 6 31 56 37 49 76 30 44 55 58 68 69 63
8 30 8 9 62 72 87 6 31 68 69 76 30
19 61 19 33 61
85 16 85 25 40 68 74 20 39 76 7 62 72 87 6 16
65 48 65 30 44 55 58 67 72 87 6 16 29 48
20 83 20 39 87 6 31 56 25 33 49 69 63 65 51 80 81 83
39 84 39 65 51 67 72 87 6 31 34 79 84
22 60 22 51 67 72 87 6 37 76 7 14 28 41 50 60
11 52 11 63 65 30 44 55 67 72 87 6 37 76 7 43 52
58 86 58 67 72 86
18 60 18 22 51 67 72 87 6 16 35 39 58 68 69 76 7 14 28 37 49 41 50 60
15 13 15 30 44 55 67 72 87 6 16 35 13
19 89 19 56 37 59 89
11 20 11 63 65 51 67 72 87 6 31 56 74 20
28 60 28 60
21 75 21 13 68 34 48 75
21 59 21 42 51 59
62 89 62 59 89
21 43 21 13 26 42 51 67 72 87 6 37 76 7 43
49 58 49 41 57 63 65 51 67 72 87 6 37 76 30 44 55 58
69 33 69 63 65 51 67 72 87 6 16 35 13 26 42 7 43 44 55 58 68 74 20 40 25 33
15 37 15 22 43 87 6 37
2 58 2 23 37 51 67 72 87 6 16 35 39 58
18 43 18 22 31 56 74 7 43
11 6 11 68 74 7 43 44 55 58 67 72 87 6
28 71 28 37 49 41 57 72 87 6 71
3 37 3 9 20 55 67 72 87 6 37
8 20 8 62 72 87 6 16 35 13 20
18 67 18 76 7 62 72 87 6 31 56 37 51 67
69 88 69 76 30 44 79 88
68 81 68 34 48 52 80 81
18 83 18 58 68 34 79 83
69 7 69 76 7
30 67 30 44 55 58 68 74 20 39 7 43 87 6 37 49 69 63 65 51 67
3 61 3 33 61
38 67 38 63 65 51 67
8 63 8 13 68 69 76 7 57 63
18 80 18 22 51 67 72 87 6 37 76 7 14 34 48 52 80
38 44 38 63 65 30 44
51 83 51 80 81 83
7 29 7 62 72 87 6 16 29
22 29 22 43 87 6 16 29
56 55 56 74 7 57 63 65 51 67 72 87 6 31 43 44 55
3 6 3 27 44 55 67 72 87 6
19 33 19 33
65 43 65 30 44 55 67 72 87 6 31 43
69 37 69 76 7 57 72 87 6 31 68 74 20 56 37
46 77 46 13 29 48 52 77
2 77 2 23 49 69 76 30 48 52 77
18 78 18 22 31 43 44 55 67 72 87 6 16 35 13 28 68 78
6 83 6 31 56 74 7 43 44 79 83
65 78 65 51 67 72 87 6 37 76 7 14 42 30 44 55 58 68 78
56 55 56 25 33 51 67 72 87 6 16 35 39 7 57 63 65 30 44 55
31 63 31 56 37 51 67 72 87 6 16 35 39 76 7 57 63
18 48 18 76 7 62 72 87 6 37 48
34 71 34 48 52 71
51 73 51 67 73
20 80 20 56 25 63 65 51 67 72 87 6 37 48 75 80
13 79 13 74 7 14 34 79
11 63 11 68 69 63
56 16 56 37 49 69 63 65 51 67 72 87 6 16
28 13 28 68 74 20 39 87 6 16 35 13
15 72 15 26 28 41 49 72
42 78 42 30 44 55 58 68 69 63 65 51 67 72 87 6 37 76 7 57 78
40 89 40 68 74 20 39 58 77 89
14 59 14 25 40 68 74 20 56 37 59
42 50 42 51 67 72 87 6 37 49 41 50
76 88 76 7 57 63 65 51 67 72 88
4 29 4 49 41 76 30 44 55 67 72 87 6 16 29
51 75 51 67 72 87 6 31 43 44 55 58 68 69 76 30 48 75
68 71 68 69 76 7 64 71
31 72 31 43 44 55 67 72
43 50 43 87 6 37 49 41 50
74 61 74 20 56 25 33 61
37 86 37 72 87 6 16 29 48 52 64 86
3 72 3 38 63 65 51 67 72
18 89 18 22 89
25 86 25 62 59 64 86
20 80 20 39 7 43 44 55 67 72 87 6 16 29 48 75 80
9 79 9 62 72 87 6 16 35 13 74 7 57 63 65 30 44 79
39 25 39 58 67 72 87 6 31 68 74 20 40 25
33 71 33 62 59 64 71
74 33 74 20 56 25 33
1 67 1 51 67
87 79 87 6 31 68 34 79
23 84 23 37 51 67 72 87 6 16 35 13 84
65 6 65 30 44 55 67 72 87 6
42 89 42 62 59 89
35 30 35 13 68 74 7 14 25 63 65 30
3 29 3 27 44 55 67 72 87 6 16 35 13 29
42 26 42 51 67 72 87 6 16 35 13 26
85 43 85 25 33 49 69 63 65 51 67 72 87 6 31 68 74 7 43
1 16 1 7 43 87 6 16
63 81 63 65 51 67 72 87 6 37 52 80 81
65 63 65 51 67 72 87 6 16 35 13 26 28 37 76 30 44 55 58 68 69 63
41 52 41 57 72 87 6 37 52
35 29 35 13 29
22 34 22 43 44 55 67 72 87 6 16 35 13 28 37 49 76 30 34
85 41 85 25 33 49 41
16 29 16 29
64 71 64 71
6 55 6 37 49 41 63 65 30 44 55
39 79 39 7 57 63 65 51 67 72 87 6 16 35 13 26 28 37 49 41 76 30 34 79
40 43 40 68 74 7 43
34 75 34 48 75
35 75 35 39 76 7 14 34 48 75
63 75 63 65 30 34 48 75
42 78 42 7 57 78
65 26 65 51 67 72 87 6 37 49 41 76 7 14 42 30 44 55 58 68 74 20 56 25 38 26
31 81 31 43 44 55 58 68 69 63 65 30 34 48 75 80 81
46 7 46 13 26 42 30 44 55 58 67 72 87 6 16 35 39 7
4 55 4 26 42 62 72 87 6 37 76 30 44 55
62 52 62 72 87 6 16 35 39 7 14 37 48 52
3 50 3 27 44 55 67 72 87 6 37 49 41 50
31 75 31 43 44 55 67 72 87 6 16 29 48 75
35 30 35 39 76 30
74 89 74 7 62 59 89
68 84 68 34 79 84
46 55 46 13 74 7 62 72 87 6 31 43 44 55
74 16 74 20 39 87 6 16
85 72 85 25 63 65 51 67 72
40 80 40 68 69 63 65 51 67 72 87 6 16 35 13 28 37 76 7 43 52 80
21 73 21 9 62 72 87 6 31 43 44 55 58 68 74 7 57 63 65 51 67 73
19 25 19 33 51 67 72 87 6 37 49 41 57 63 65 30 44 55 58 68 69 76 7 14 25
18 48 18 30 44 55 58 67 72 87 6 16 35 13 29 48
46 58 46 43 44 55 58
8 77 8 40 68 34 48 52 77
31 80 31 68 74 20 55 67 72 87 6 16 35 13 26 28 41 57 63 65 51 80
68 48 68 69 63 65 30 44 55 58 67 72 87 6 31 34 48
46 51 46 43 44 55 58 68 74 7 62 72 87 6 37 49 41 57 63 65 51
15 72 15 30 44 55 67 72
4 81 4 49 41 76 30 44 55 67 72 87 6 37 51 80 81
39 33 39 58 68 74 20 56 25 33
31 52 31 34 48 52
19 64 19 62 59 64
35 80 35 39 58 67 72 87 6 16 29 48 52 80
18 63 18 58 67 72 87 6 37 49 41 63
3 13 3 30 44 55 58 67 72 87 6 16 35 13
38 89 38 26 28 41 76 7 62 72 87 6 77 89
22 72 22 51 67 72
46 75 46 43 87 6 31 68 34 48 75
49 71 49 69 76 7 43 87 6 71
74 86 74 7 14 34 48 52 64 86
68 75 68 69 63 65 30 48 75
65 61 65 51 67 72 87 6 37 49 41 76 30 44 55 58 68 74 20 40 25 33 61
18 80 18 58 68 34 48 75 80
22 6 22 51 67 72 87 6
63 44 63 65 30 44
11 59 11 63 65 30 34 59
4 64 4 74 7 57 63 65 30 48 52 64
14 73 14 28 37 72 87 6 31 68 74 7 43 44 55 58 67 73
85 81 85 25 62 72 87 6 16 29 48 52 80 81
69 55 69 63 65 51 67 72 87 6 16 35 13 74 7 14 28 41 76 30 44 55
3 44 3 38 65 30 44
74 88 74 7 62 72 87 6 16 35 39 76 30 34 79 88
31 6 31 68 69 76 30 44 55 67 72 87 6
21 51 21 13 26 42 30 44 55 58 68 74 20 40 25 38 65 51
69 82 69 63 65 51 67 72 87 6 71 82
8 77 8 28 37 72 87 77
3 61 3 33 61
2 30 2 9 62 72 87 6 31 56 37 76 7 57 63 65 30
87 77 87 77
11 43 11 68 74 7 43
28 13 28 41 49 76 30 44 55 67 72 87 6 16 35 13
25 83 25 40 70 81 83
8 75 8 41 63 65 30 34 48 75
11 57 11 68 69 76 30 44 55 67 72 87 6 16 35 13 26 28 37 49 41 57
56 52 56 37 49 69 76 7 57 63 65 51 67 72 87 6 31 43 52
11 25 11 68 69 63 65 30 44 55 58 67 72 87 6 31 56 25
14 78 14 28 35 13 20 39 7 57 78
22 84 22 51 67 72 87 6 16 35 13 26 28 37 49 69 63 65 30 34 79 84
18 13 18 20 39 87 6 16 35 13
22 75 22 43 44 55 58 68 34 48 75
3 48 3 38 65 30 48
33 50 33 49 41 50
65 71 65 51 67 72 87 6 71
26 75 26 28 37 48 75
38 44 38 63 65 51 67 72 87 6 37 49 69 76 30 44
28 29 28 35 39 58 67 72 87 6 16 29
21 48 21 13 68 69 76 7 62 72 87 6 16 29 48
2 63 2 33 49 69 76 7 57 63
25 83 25 38 63 65 51 80 81 83
87 58 87 6 37 76 30 44 55 58
19 75 19 56 37 76 7 43 44 55 67 72 87 6 31 34 48 75
14 79 14 34 79
20 44 20 55 58 68 69 63 65 30 44
27 79 27 44 55 67 72 87 6 31 34 79
2 55 2 9 20 56 37 49 69 63 65 51 67 72 87 6 31 68 74 7 43 44 55
13 48 13 68 69 63 65 30 34 48
30 83 30 48 75 80 81 83
87 16 87 6 16
19 59 19 56 74 20 39 87 6 31 43 44 55 58 68 34 59
38 78 38 26 28 41 63 65 51 67 72 87 6 37 76 7 57 78
16 61 16 35 13 68 74 7 43 44 55 58 67 72 87 6 31 56 25 33 61
31 86 31 34 86
51 84 51 67 72 87 6 37 49 76 30 44 79 84
11 33 11 68 74 7 14 25 33
68 67 68 74 20 55 67
6 73 6 31 43 44 55 58 67 73
11 89 11 63 65 51 67 72 87 77 89
16 80 16 29 48 52 80
3 75 3 30 34 48 75
63 55 63 65 51 67 72 87 6 37 76 30 44 55
3 51 3 33 51
19 44 19 38 26 42 51 67 72 87 6 31 68 74 7 14 37 49 76 30 44
22 80 22 34 48 52 80
8 78 8 40 78
40 6 40 68 74 7 57 63 65 30 44 55 58 67 72 87 6
76 89 76 7 43 52 77 89
28 41 28 35 13 20 56 74 7 14 37 49 41
28 86 28 87 6 86
1 30 1 7 14 42 30
35 43 35 13 20 39 58 67 72 87 6 31 68 74 7 43
30 71 30 48 52 71
69 59 69 76 30 44 55 67 72 87 6 37 49 59
56 60 56 74 7 14 28 35 13 60
68 50 68 74 20 39 76 30 44 55 67 72 87 6 37 49 41 50
31 81 31 43 52 80 81
14 82 14 37 51 67 82
16 29 16 29
39 50 39 58 68 69 76 30 44 55 67 72 87 6 37 49 41 50
15 57 15 30 44 55 67 72 87 6 37 76 7 57
21 41 21 9 20 40 25 62 72 87 6 31 68 69 76 7 14 28 41
30 67 30 44 55 67
19 78 19 33 51 67 72 87 6 37 49 41 76 7 14 28 35 13 26 42 30 44 55 58 68 74 20 40 78
35 78 35 39 58 68 78
26 67 26 28 41 49 69 63 65 51 67
19 63 19 33 51 67 72 87 6 31 68 74 7 57 63
14 13 14 37 49 69 76 7 43 44 55 58 68 74 20 39 87 6 16 35 13
69 79 69 76 7 14 37 49 41 63 65 51 67 72 87 6 31 34 79
68 79 68 34 79
57 55 57 63 65 30 44 55
40 60 40 68 74 7 43 87 6 16 35 13 26 28 60
6 80 6 16 35 39 58 68 69 63 65 30 34 48 52 80
39 61 39 7 62 72 87 6 37 49 76 30 44 55 58 68 74 20 56 25 33 61
68 55 68 74 20 40 25 62 72 87 6 16 35 39 76 30 44 55
31 60 31 56 37 72 87 6 16 35 13 60
69 78 69 63 65 30 44 55 58 67 72 87 6 16 35 13 74 20 40 78
39 34 39 65 51 67 72 87 6 31 56 37 76 30 34
74 29 74 20 40 25 63 65 51 67 72 87 6 16 29
85 60 85 25 40 68 74 20 39 76 30 44 55 67 72 87 6 16 35 13 28 60
74 26 74 20 55 67 72 87 6 16 35 13 26
74 89 74 20 55 84 89
63 86 63 65 51 67 72 87 6 86
3 37 3 33 62 72 87 6 37
59 86 59 64 86
14 79 14 42 30 34 79
35 29 35 13 74 20 40 68 69 76 7 14 25 33 51 67 72 87 6 16 29
18 26 18 58 68 74 20 39 65 30 44 55 67 72 87 6 16 35 13 26
15 33 15 22 31 68 74 20 56 25 33
27 44 27 44
18 34 18 76 30 34
14 61 14 37 51 67 72 87 6 16 35 13 20 56 25 33 61
49 58 49 41 57 63 65 30 44 55 58
7 73 7 62 72 87 6 37 51 67 73
3 77 3 27 44 55 58 67 72 87 6 16 29 48 52 77
56 44 56 37 72 87 6 31 43 44
38 43 38 26 28 87 6 31 43
69 37 69 76 7 57 63 65 30 44 55 58 67 72 87 6 31 56 37
68 84 68 74 7 43 44 84
18 60 18 22 31 68 74 7 62 72 87 6 37 49 41 50 60
28 20 28 68 74 20
14 7 14 37 76 7
14 16 14 37 51 67 72 87 6 16
56 50 56 25 40 68 69 76 7 57 63 65 51 67 72 87 6 37 49 41 50
1 75 1 49 76 30 48 75
38 41 38 65 51 67 72 87 6 37 49 69 76 30 44 55 58 68 74 20 40 25 35 13 26 28 41
8 52 8 13 68 34 48 52
13 80 13 74 20 56 37 49 41 76 30 48 75 80
21 57 21 26 28 37 76 30 44 55 67 72 87 6 16 35 13 20 39 7 57
22 60 22 51 67 72 87 6 37 49 41 50 60
23 32 23 32
28 80 28 41 63 65 51 80
19 41 19 33 49 72 87 6 16 35 13 74 7 14 28 41
69 13 69 63 65 51 67 72 87 6 16 35 13
15 30 15 22 51 67 72 87 6 31 56 74 20 55 58 68 69 76 30
26 71 26 28 41 49 76 30 34 59 64 71
43 50 43 44 55 58 67 72 87 6 37 49 41 50
76 25 76 7 14 37 51 67 72 87 6 16 35 13 28 68 74 20 40 25
39 37 39 58 68 69 76 30 44 55 67 72 87 6 37
40 44 40 68 69 63 65 51 67 72 87 6 31 43 44
18 71 18 20 55 67 72 87 6 37 59 64 71
58 67 58 68 69 63 65 30 44 55 67
1 89 1 51 59 89
2 71 2 9 20 56 74 7 14 25 63 65 51 59 64 71
33 44 33 49 41 76 30 44
21 25 21 42 30 44 55 58 68 74 20 40 25
28 43 28 68 69 76 30 44 55 58 67 72 87 6 31 43
11 51 11 63 65 51
37 79 37 49 41 63 65 51 67 72 87 6 16 35 39 76 30 34 79
63 83 63 65 30 34 48 75 80 81 83
8 88 8 28 87 6 31 43 44 55 67 72 88
27 48 27 44 55 67 72 87 6 16 29 48
22 71 22 51 67 72 87 6 71
15 83 15 26 42 7 57 72 87 6 16 29 48 75 80 81 83
68 13 68 69 63 65 51 67 72 87 6 16 35 13
39 7 39 65 51 67 72 87 6 37 76 7
42 73 42 7 43 44 55 67 73
87 64 87 6 31 68 69 76 30 34 48 52 64
68 50 68 69 63 65 30 44 55 67 72 87 6 37 49 41 50
21 25 21 26 42 51 67 72 87 6 16 35 13 28 68 74 20 56 25
42 7 42 30 44 55 58 68 74 7
28 80 28 68 69 76 30 44 55 67 72 87 6 31 43 52 80
42 75 42 51 67 72 87 6 37 49 41 57 63 65 30 48 75
13 84 13 26 42 62 72 87 6 37 49 41 63 65 30 44 55 84
2 80 2 9 20 39 65 30 34 48 52 80
4 58 4 74 7 43 87 6 16 35 39 58
9 81 9 62 70 81
3 73 3 30 44 55 58 68 74 20 39 76 7 62 72 87 6 16 35 13 26 28 41 63 65 51 67 73
22 59 22 34 59
23 52 23 37 76 7 43 87 6 16 29 48 52
39 71 39 7 43 52 71
40 25 40 25
14 81 14 25 38 26 28 35 13 68 69 70 81
69 16 69 63 65 30 44 55 67 72 87 6 16
58 48 58 68 74 7 62 72 87 6 37 76 30 48
76 7 76 7
69 73 69 63 65 51 67 72 87 6 16 35 39 7 43 44 55 58 68 74 20 73
1 20 1 7 62 72 87 6 31 68 74 20
28 20 28 68 74 20
8 13 8 41 49 69 63 65 30 44 55 67 72 87 6 31 68 74 20 40 25 38 26 28 35 13
6 80 6 16 29 48 52 80
23 83 23 49 41 76 7 62 70 81 83
42 30 42 51 67 72 87 6 37 76 30
1 25 1 2 23 37 49 69 63 65 30 44 55 58 68 74 20 39 87 6 31 56 25
14 57 14 28 41 76 7 57
3 25 3 33 49 76 30 44 55 58 68 74 20 40 25
21 29 21 42 62 72 87 6 16 29
35 48 35 13 74 7 14 37 51 67 72 87 6 16 29 48
30 48 30 34 48
38 63 38 63
8 60 8 28 60
15 79 15 30 44 55 58 67 72 87 6 37 76 7 14 34 79
4 64 4 7 43 44 55 58 67 72 87 6 37 48 52 64
41 48 41 63 65 51 67 72 87 6 37 48
62 6 62 72 87 6
25 29 25 33 49 72 87 6 16 29
4 83 4 26 42 62 70 81 83
30 83 30 48 75 80 81 83
65 64 65 30 44 55 58 67 72 87 6 16 35 13 28 37 51 59 64
3 37 3 37
62 89 62 59 89
87 37 87 6 37
3 89 3 33 62 59 89
72 73 72 87 6 16 35 39 76 7 14 28 41 49 69 63 65 51 67 73
40 57 40 68 69 63 65 51 67 72 87 6 31 56 74 7 57
8 48 8 28 35 39 58 67 72 87 6 31 56 37 76 30 48
19 13 19 33 49 41 57 63 65 51 67 72 87 6 16 35 13
33 50 33 49 41 50
19 77 19 69 76 30 48 52 77
18 71 18 58 68 34 48 52 71
31 25 31 56 25
40 29 40 68 69 63 65 30 44 55 58 67 72 87 6 16 29
40 60 40 68 74 20 56 37 72 87 6 16 35 13 60
85 50 85 25 33 49 69 63 65 30 44 55 67 72 87 6 37 76 7 14 28 41 50
9 71 9 71
39 30 39 65 30
18 7 18 22 31 56 37 72 87 6 16 35 13 20 40 68 74 7
26 71 26 42 62 59 64 71
87 67 87 6 31 56 37 51 67
31 33 31 43 44 55 58 67 72 87 6 16 35 13 28 68 74 7 14 25 33
41 48 41 57 63 65 51 67 72 87 6 31 68 69 76 30 34 48
15 77 15 22 34 48 52 77
76 7 76 7
40 55 40 68 74 20 56 25 33 49 41 57 63 65 51 67 72 87 6 16 35 13 26 28 37 76 7 43 44 55
20 48 20 40 68 74 7 14 34 48
49 25 49 76 30 44 55 67 72 87 6 31 56 25
42 55 42 7 62 72 87 6 16 35 13 28 41 63 65 30 44 55
11 48 11 68 34 48
46 30 46 43 44 55 67 72 87 6 16 35 13 26 28 41 57 63 65 30
87 80 87 6 37 48 52 80
6 52 6 37 48 52
31 83 31 43 44 79 83
27 83 27 79 83
69 86 69 76 30 48 52 64 86
49 81 49 72 87 6 16 35 39 7 57 63 65 30 44 55 58 68 69 70 81
39 50 39 87 6 16 35 13 28 37 49 41 50
49 77 49 76 7 43 52 77
39 29 39 65 51 67 72 87 6 37 49 69 76 7 14 28 35 13 29
35 52 35 39 65 51 67 72 87 6 31 34 48 52
72 52 72 87 6 31 68 34 48 52
13 67 13 20 40 68 74 7 57 72 87 6 31 43 44 55 67
85 55 85 25 63 65 30 44 55
8 7 8 28 37 49 76 30 44 55 67 72 87 6 16 35 39 7
4 72 4 49 76 7 62 72
41 48 41 49 69 76 7 57 72 87 6 31 34 48
15 61 15 22 43 44 55 67 72 87 6 16 35 13 68 74 20 40 25 33 61
57 84 57 72 87 6 16 35 13 68 69 76 7 43 44 79 84
42 82 42 62 70 82
40 37 40 25 33 62 72 87 6 37
14 89 14 37 59 89
21 41 21 26 28 41
68 30 68 69 76 30
46 79 46 43 44 55 67 72 87 6 16 35 39 58 68 34 79
19 78 19 56 25 63 65 30 44 55 67 72 87 6 31 68 69 76 7 57 78
22 48 22 34 48
62 78 62 72 87 6 37 49 76 30 44 55 58 68 74 7 57 78
21 25 21 26 28 68 74 20 39 7 43 44 55 58 67 72 87 6 31 56 25
1 61 1 2 56 25 33 61
6 80 6 37 51 80
22 83 22 51 67 72 87 6 37 48 52 80 81 83
51 29 51 67 72 87 6 16 29
21 88 21 9 62 72 87 6 16 29 48 88
15 16 15 26 42 7 62 72 87 6 16
31 30 31 43 44 55 58 68 69 63 65 30
14 75 14 42 62 72 87 6 16 29 48 75
37 50 37 49 72 87 6 16 35 13 28 41 50
25 84 25 40 68 34 79 84
37 44 37 51 67 72 87 6 31 43 44
76 50 76 30 44 55 58 68 69 63 65 51 67 72 87 6 31 56 37 49 41 50
69 73 69 63 65 51 67 73
76 25 76 7 14 25
22 29 22 31 56 37 49 76 30 44 55 67 72 87 6 16 29
22 7 22 31 68 74 7
42 80 42 7 57 63 65 51 80
40 41 40 25 35 39 65 30 44 55 58 68 74 20 56 37 49 41
7 29 7 43 87 6 16 29
40 16 40 68 74 20 55 67 72 87 6 16
2 55 2 56 37 72 87 6 31 68 69 76 30 44 55
28 58 28 87 6 16 35 39 76 30 44 55 58
2 32 2 23 32
31 81 31 43 52 80 81
22 52 22 51 67 72 87 6 16 35 39 58 68 34 48 52
31 64 31 34 48 52 64
1 9 1 2 9
35 64 35 39 7 57 63 65 51 67 72 87 6 16 29 48 52 64
3 20 3 9 20
56 16 56 37 49 41 57 63 65 30 44 55 58 68 69 76 7 43 87 6 16
63 79 63 65 30 34 79
40 58 40 68 74 7 43 44 55 58
41 86 41 63 65 51 86
3 73 3 38 26 73
11 7 11 68 74 20 39 7
42 81 42 30 44 55 58 68 69 70 81
1 34 1 51 67 72 87 6 31 34
42 79 42 51 67 72 87 6 31 34 79
20 44 20 56 37 76 7 57 72 87 6 31 43 44
13 75 13 74 20 55 67 72 87 6 16 35 39 58 68 34 48 75
69 81 69 63 65 51 80 81
8 84 8 28 87 6 31 68 34 79 84
2 82 2 82
1 23 1 2 23
19 72 19 33 49 41 76 30 44 55 58 68 69 63 65 51 67 72
16 55 16 35 13 68 69 63 65 30 44 55
46 88 46 43 87 6 31 68 74 7 57 72 88
18 41 18 22 43 44 55 58 67 72 87 6 16 35 13 26 28 41
9 84 9 20 56 37 51 67 72 87 6 16 35 13 74 7 14 25 79 84
8 64 8 13 28 64
14 51 14 28 41 57 63 65 51
2 41 2 23 49 41
74 58 74 20 55 58
37 52 37 76 7 57 72 87 6 16 29 48 52
42 34 42 7 14 34
76 60 76 30 44 55 67 72 87 6 37 49 41 50 60
68 67 68 69 76 7 57 72 87 6 37 51 67
21 88 21 9 62 72 88
76 7 76 7
57 61 57 63 65 51 67 72 87 6 37 76 30 44 55 58 68 74 20 40 25 33 61
31 30 31 68 69 63 65 30
3 16 3 9 62 72 87 6 16
27 48 27 44 55 58 67 72 87 6 31 68 34 48
35 34 35 39 7 57 72 87 6 37 49 76 30 34
40 70 40 25 63 65 30 44 55 58 67 72 87 6 31 68 69 70
40 34 40 68 74 7 14 25 33 62 72 87 6 31 34
4 33 4 30 44 55 67 72 87 6 37 76 7 14 25 33
38 58 38 63 65 51 67 72 87 6 31 68 69 76 7 14 28 35 39 58
13 71 13 28 41 63 65 51 59 64 71
85 72 85 25 35 13 26 28 68 69 76 7 57 72
51 52 51 67 72 87 6 37 48 52
28 59 28 41 57 63 65 51 67 72 87 6 37 49 69 76 30 34 59
15 89 15 77 89
9 75 9 20 39 87 6 37 48 75
69 58 69 63 65 51 67 72 87 6 37 49 41 76 7 43 44 55 58
14 77 14 28 87 6 77
19 82 19 56 74 20 55 67 72 87 6 71 82
3 48 3 33 62 72 87 6 16 29 48
63 80 63 65 30 48 52 80
68 79 68 34 79
42 84 42 30 44 79 84
56 20 56 74 20
16 50 16 35 13 20 40 25 38 26 42 51 67 72 87 6 37 49 41 50
76 13 76 30 44 55 67 72 87 6 16 35 13
3 37 3 33 49 41 63 65 51 67 72 87 6 37
27 29 27 44 55 58 67 72 87 6 16 29
27 50 27 44 55 58 68 69 76 7 57 63 65 51 67 72 87 6 37 49 41 50
4 43 4 49 69 76 7 43
57 75 57 63 65 30 34 48 75
18 7 18 20 39 65 30 44 55 58 67 72 87 6 16 35 13 74 7
40 78 40 78
4 43 4 7 43
4 51 4 30 44 55 67 72 87 6 31 56 25 63 65 51
18 89 18 59 89
76 25 76 30 44 55 58 68 69 63 65 51 67 72 87 6 31 56 25
4 43 4 26 28 68 74 20 56 37 72 87 6 31 43
8 41 8 28 41
87 58 87 6 16 35 39 58
62 6 62 72 87 6
87 89 87 6 77 89
72 81 72 87 6 16 29 48 52 80 81
2 29 2 23 37 49 76 30 44 55 67 72 87 6 31 68 74 7 14 25 35 13 29
42 37 42 30 44 55 58 68 69 76 7 14 37
4 20 4 26 42 51 67 72 87 6 31 43 44 55 58 68 74 20
21 67 21 9 20 39 7 14 28 37 49 76 30 44 55 67
39 41 39 58 68 69 76 30 44 55 67 72 87 6 16 35 13 28 41
21 52 21 58 68 74 20 40 25 35 39 7 57 63 65 51 67 72 87 6 31 34 48 52
33 83 33 62 72 87 6 31 43 52 80 81 83
4 29 4 30 44 55 58 67 72 87 6 16 29
19 84 19 69 76 30 44 79 84
51 44 51 67 72 87 6 31 43 44
19 71 19 64 71
85 51 85 25 63 65 51
27 80 27 44 55 58 67 72 87 6 37 49 69 76 7 14 34 48 75 80
76 7 76 7
68 30 68 74 7 43 87 6 16 35 13 26 42 30
3 80 3 30 34 48 52 80
57 75 57 72 87 6 16 29 48 75
35 34 35 39 58 68 34
56 16 56 25 62 72 87 6 16
14 57 14 25 62 72 87 6 16 35 39 76 7 57
57 79 57 63 65 30 34 79
35 83 35 13 20 40 68 74 7 43 44 55 58 67 72 87 6 31 34 79 83
35 13 35 13
14 80 14 37 48 52 80
76 59 76 7 43 44 55 58 68 34 59
38 59 38 26 28 41 76 7 62 72 87 6 37 51 59
15 33 15 22 31 56 37 76 7 14 25 33
21 63 21 58 68 69 76 30 44 55 67 72 87 6 37 49 41 63
2 57 2 9 20 40 25 33 62 72 87 6 16 35 39 76 7 57
87 34 87 6 31 56 25 35 39 76 7 14 28 37 49 41 63 65 30 34
51 73 51 67 73
38 73 38 63 65 51 67 73
2 67 2 9 20 40 25 33 49 41 57 72 87 6 37 51 67
22 61 22 31 43 44 55 58 67 72 87 6 16 35 39 7 14 25 33 61
22 29 22 31 43 44 55 67 72 87 6 16 29
87 37 87 6 37
23 80 23 49 69 76 7 62 72 87 6 16 29 48 52 80
18 79 18 30 44 79
87 70 87 6 31 56 25 40 70
3 9 3 9
68 44 68 74 20 56 37 51 67 72 87 6 16 35 39 65 30 44
9 52 9 20 55 67 72 87 6 37 52
40 88 40 25 63 65 30 44 79 88
40 51 40 68 69 76 30 44 55 67 72 87 6 16 35 39 65 51
15 79 15 22 34 79
43 48 43 44 55 67 72 87 6 37 48
40 84 40 25 63 65 51 67 72 87 6 37 76 30 34 79 84
87 51 87 6 37 49 69 63 65 51
1 51 1 51
35 67 35 13 68 74 20 40 25 63 65 51 67
68 75 68 34 48 75
74 52 74 20 40 68 34 48 52
62 86 62 72 87 6 86
11 82 11 68 69 70 82
63 44 63 65 51 67 72 87 6 16 35 13 68 69 76 30 44
1 33 1 49 72 87 6 16 35 13 68 74 20 40 25 33
4 88 4 74 20 88
76 75 76 7 14 34 48 75
39 34 39 65 30 34
1 48 1 49 41 63 65 30 34 48
63 80 63 65 51 80
56 88 56 37 76 7 14 42 30 48 75 88
21 9 21 9
13 71 13 74 7 57 63 65 51 59 64 71
68 82 68 69 63 65 51 67 82
62 71 62 59 64 71
35 60 35 13 60
31 50 31 68 69 76 7 14 42 30 44 55 58 67 72 87 6 37 49 41 50
85 86 85 25 35 59 64 86
18 79 18 58 67 72 87 6 16 35 39 7 43 44 79
8 6 8 41 57 63 65 51 67 72 87 6
11 25 11 68 69 63 65 51 67 72 87 6 31 56 25
23 32 23 32
26 61 26 28 68 74 7 43 44 55 67 72 87 6 31 56 25 33 61
35 71 35 59 64 71
28 79 28 68 69 76 30 44 79
69 30 69 63 65 30
35 16 35 13 26 42 30 44 55 67 72 87 6 16
14 77 14 34 48 52 77
4 51 4 23 37 51
69 57 69 76 7 57
65 13 65 51 67 72 87 6 16 35 13
40 13 40 25 38 65 30 44 55 67 72 87 6 16 35 13
42 30 42 30
34 86 34 59 64 86
68 6 68 74 7 57 72 87 6
26 52 26 42 51 67 72 87 6 16 29 48 52
23 52 23 49 41 63 65 51 67 72 87 6 16 29 48 52
76 16 76 30 44 55 58 67 72 87 6 16
22 63 22 51 67 72 87 6 37 49 76 30 44 55 58 68 69 63
35 34 35 39 58 68 74 7 43 44 55 67 72 87 6 31 34
18 25 18 30 44 55 67 72 87 6 31 56 25
74 41 74 20 56 37 49 41
76 25 76 7 43 87 6 31 68 74 20 56 25
42 13 42 51 67 72 87 6 16 35 13
21 13 21 13
2 25 2 33 51 67 72 87 6 16 35 39 76 7 14 25
87 81 87 6 16 35 13 68 34 48 75 80 81
11 16 11 68 69 63 65 30 44 55 58 67 72 87 6 16
14 33 14 25 33
74 89 74 7 43 44 55 58 67 72 87 77 89
74 86 74 7 43 44 55 67 72 86
8 80 8 13 74 7 62 72 87 6 37 49 41 63 65 30 48 75 80
68 70 68 69 70
85 78 85 25 40 78
57 71 57 72 87 6 71
40 64 40 68 34 48 52 64
46 25 46 13 74 7 14 42 62 72 87 6 31 56 25
65 72 65 30 44 55 58 67 72
15 43 15 26 28 87 6 31 43
87 77 87 77
21 25 21 13 68 69 63 65 30 44 55 67 72 87 6 16 35 39 76 7 14 25
15 78 15 26 28 41 57 78
49 89 49 59 89
62 43 62 72 87 6 16 35 39 7 43
11 29 11 63 65 30 44 55 67 72 87 6 16 29
19 48 19 56 25 35 13 74 20 39 76 7 57 63 65 30 44 55 58 67 72 87 6 16 29 48
62 59 62 59
69 51 69 76 30 44 55 67 72 87 6 16 35 13 20 56 37 49 41 63 65 51
41 86 41 49 76 7 57 72 87 6 37 59 64 86
42 55 42 7 62 72 87 6 16 35 39 65 30 44 55
11 25 11 68 74 20 40 25
13 73 13 74 7 62 72 87 6 31 43 44 55 67 73
22 70 22 51 67 72 87 6 31 68 69 70
4 67 4 30 44 55 67
8 52 8 9 62 72 87 6 37 48 52
6 81 6 16 29 48 75 80 81
40 86 40 25 33 51 59 64 86
68 16 68 69 76 7 57 72 87 6 16
35 80 35 13 74 20 39 65 51 67 72 87 6 37 76 30 34 48 75 80
39 71 39 76 7 64 71
65 79 65 51 67 72 87 6 37 49 41 76 30 34 79
40 48 40 25 33 51 67 72 87 6 16 35 39 76 30 34 48
1 72 1 49 69 63 65 30 44 55 58 67 72
46 37 46 43 44 55 67 72 87 6 37
56 25 56 25
3 7 3 33 49 69 63 65 30 44 55 67 72 87 6 37 76 7
1 7 1 7
7 80 7 14 37 49 69 63 65 30 48 52 80
42 37 42 51 67 72 87 6 37
1 44 1 51 67 72 87 6 31 43 44
65 64 65 30 34 59 64
19 41 19 56 37 49 76 7 43 44 55 67 72 87 6 31 68 74 20 40 25 35 13 26 28 41
68 44 68 74 20 40 25 38 63 65 30 44
85 55 85 25 62 72 87 6 31 43 44 55
62 88 62 72 88
69 30 69 76 30
2 13 2 56 25 62 72 87 6 16 35 13
3 13 3 27 44 55 67 72 87 6 16 35 13
46 29 46 13 29
42 88 42 62 72 88
1 66 1 2 23 66
65 67 65 30 44 55 67
9 84 9 62 72 87 6 37 76 30 44 84
6 73 6 31 56 37 76 30 44 55 67 73
87 57 87 6 37 49 69 76 7 57
8 75 8 28 37 51 67 72 87 6 31 43 44 55 58 68 34 48 75
11 80 11 63 65 30 44 55 67 72 87 6 31 34 48 52 80
72 67 72 87 6 37 51 67
40 77 40 68 74 20 39 76 30 34 48 52 77
38 73 38 26 28 68 69 63 65 51 67 73
6 80 6 31 56 37 52 80
85 61 85 25 33 61
26 81 26 28 68 34 48 75 80 81
40 25 40 68 74 7 57 63 65 30 44 55 58 67 72 87 6 31 56 25
62 59 62 72 87 6 37 76 30 44 55 58 68 34 59
62 61 62 72 87 6 16 35 13 20 40 68 74 7 14 25 33 61
39 77 39 76 7 43 52 77
38 89 38 89
57 55 57 72 87 6 31 56 74 20 39 7 43 44 55
22 80 22 34 48 52 80
56 34 56 74 7 14 34
49 67 49 69 63 65 51 67
16 67 16 35 39 58 68 74 7 43 87 6 37 49 76 30 44 55 67
22 13 22 31 43 44 55 58 67 72 87 6 16 35 13
11 57 11 63 65 51 67 72 87 6 31 68 74 7 57
35 25 35 13 68 69 63 65 51 67 72 87 6 31 56 25
15 82 15 30 34 48 75 82
3 59 3 38 63 65 51 67 72 87 6 31 68 69 76 7 14 34 59
14 67 14 28 35 39 65 51 67
76 86 76 30 48 52 64 86
16 55 16 35 13 68 69 63 65 30 44 55
31 70 31 56 37 49 76 30 44 55 58 68 69 70
65 55 65 30 44 55
35 37 35 39 58 67 72 87 6 37
33 86 33 49 69 63 65 51 86
72 67 72 87 6 16 35 39 65 51 67
19 50 19 69 76 30 44 55 67 72 87 6 16 35 39 58 68 74 20 56 37 49 41 50
1 67 1 13 68 74 20 56 37 51 67
8 7 8 9 20 56 37 76 30 44 55 58 67 72 87 6 16 35 13 74 7
19 37 19 43 87 6 37
43 55 43 44 55
3 78 3 38 65 51 67 72 87 6 37 49 69 76 30 44 55 58 68 74 7 57 78
1 55 1 7 57 63 65 51 67 72 87 6 31 68 69 76 30 44 55
28 6 28 37 76 30 44 55 58 67 72 87 6
20 55 20 55
21 81 21 42 30 44 55 58 67 72 87 6 37 76 7 43 52 80 81
87 72 87 6 16 35 13 68 74 7 57 72
1 26 1 13 26
69 20 69 76 30 44 55 58 68 74 20
57 55 57 72 87 6 31 68 69 63 65 30 44 55
15 67 15 26 28 87 6 31 68 69 63 65 51 67
42 29 42 62 72 87 6 16 29
21 30 21 42 7 43 87 6 16 35 39 58 68 69 76 30
35 41 35 39 76 7 43 87 6 37 49 41
23 44 23 37 76 30 44
14 34 14 34
8 6 8 41 76 30 44 55 58 67 72 87 6
65 50 65 51 67 72 87 6 16 35 13 26 28 41 50
31 60 31 56 37 76 30 44 55 58 68 69 63 65 51 67 72 87 6 16 35 13 26 28 60
31 79 31 34 79
69 80 69 76 30 44 55 58 68 34 48 75 80
40 57 40 68 74 7 57
6 75 6 37 48 75
42 33 42 51 67 72 87 6 31 56 25 33
87 83 87 6 31 56 74 7 43 52 80 81 83
85 50 85 25 63 65 30 44 55 58 68 69 76 7 62 72 87 6 37 49 41 50
40 79 40 68 74 7 62 72 87 6 31 34 79
46 20 46 13 26 28 41 49 72 87 6 31 68 74 20
49 71 49 72 87 6 31 34 48 52 71
56 48 56 25 35 13 26 28 6 16 29 48
46 43 46 13 68 69 63 65 30 44 55 58 67 72 87 6 37 49 76 7 43
46 78 46 13 20 39 65 30 44 55 67 72 87 6 31 68 74 7 57 78
3 84 3 30 34 79 84
65 64 65 30 44 55 67 72 87 6 37 49 59 64
7 52 7 43 44 55 67 72 87 6 31 34 48 52
23 73 23 37 76 30 44 55 67 73
74 67 74 7 62 72 87 6 31 56 37 49 76 30 44 55 58 67
1 20 1 39 58 68 74 20
18 58 18 30 44 55 58
40 51 40 68 69 63 65 51
40 73 40 68 69 76 30 44 55 67 72 87 6 16 35 13 26 73
76 86 76 30 44 55 67 72 87 6 37 49 69 63 65 51 86
19 83 19 56 25 63 65 30 44 79 83
57 50 57 63 65 30 44 55 67 72 87 6 37 49 41 50
38 83 38 63 65 30 48 52 80 81 83
19 34 19 56 74 20 55 58 68 34
15 48 15 30 34 48
46 70 46 13 68 69 76 7 14 25 62 70
20 79 20 39 65 30 44 79
87 48 87 6 16 29 48
9 48 9 62 72 87 6 37 76 30 48
31 88 31 34 48 88
39 30 39 7 62 72 87 6 37 76 30
85 61 85 25 33 61
31 60 31 68 74 20 39 65 30 44 55 58 67 72 87 6 16 35 13 28 60
14 72 14 42 51 67 72
15 30 15 30
63 48 63 65 30 34 48
85 43 85 25 40 68 74 20 56 37 49 76 7 43
43 44 43 44
74 79 74 20 56 25 62 72 87 6 37 76 7 57 63 65 30 34 79
87 77 87 77
40 44 40 68 69 76 7 62 72 87 6 31 43 44
56 61 56 25 33 61
38 16 38 63 65 51 67 72 87 6 16
22 83 22 43 44 79 83
3 7 3 30 44 55 58 68 74 7
35 72 35 13 26 28 37 76 30 44 55 67 72
68 64 68 34 59 64
27 86 27 44 55 67 72 86
68 67 68 74 20 55 67
76 33 76 30 44 55 58 68 74 20 40 25 33
35 70 35 39 65 51 67 72 87 6 31 43 44 55 58 68 69 70
46 48 46 43 44 55 67 72 87 6 37 76 30 48
22 72 22 43 44 55 67 72
46 77 46 43 52 77
56 30 56 37 76 30
20 86 20 56 64 86
37 52 37 49 76 7 14 28 41 57 72 87 6 31 68 34 48 52
38 71 38 65 51 67 72 87 6 71
42 88 42 51 67 72 87 6 37 48 75 88
3 30 3 30
13 50 13 26 28 41 50
14 25 14 25
62 6 62 72 87 6
46 52 46 13 68 34 48 52
1 57 1 13 26 42 62 72 87 6 31 56 74 7 57
11 57 11 63 65 51 67 72 87 6 16 35 13 68 74 7 57
51 50 51 67 72 87 6 31 43 44 55 58 68 69 76 7 14 28 37 49 41 50
18 82 18 20 39 76 7 43 52 71 82
56 88 56 37 76 30 44 79 88
40 37 40 68 69 63 65 51 67 72 87 6 37
19 25 19 43 44 55 67 72 87 6 31 68 74 7 14 25
65 88 65 30 48 75 88
37 61 37 49 76 7 43 87 6 31 68 74 20 40 25 33 61
3 50 3 37 49 41 50
9 79 9 20 39 76 7 43 44 79
38 61 38 63 65 30 44 55 58 68 69 76 7 62 72 87 6 31 56 74 20 40 25 33 61
33 73 33 49 76 7 62 72 87 6 16 35 13 28 37 51 67 73
1 81 1 7 57 72 87 6 16 29 48 75 80 81
42 72 42 7 14 37 76 30 44 55 67 72
56 63 56 37 51 67 72 87 6 31 68 69 76 7 57 63
39 61 39 65 51 67 72 87 6 16 35 13 28 68 69 76 7 14 25 33 61
7 84 7 43 87 6 31 34 79 84
2 7 2 33 51 67 72 87 6 31 43 44 55 58 68 74 7
74 25 74 20 40 25
28 78 28 6 31 68 78
14 72 14 37 72
69 71 69 63 65 30 34 59 64 71
69 51 69 63 65 51
11 20 11 68 74 20
13 48 13 29 48
85 25 85 25
42 7 42 51 67 72 87 6 16 35 13 26 28 41 76 7
49 6 49 41 76 7 62 72 87 6
4 86 4 30 34 48 52 64 86
68 75 68 69 76 7 14 34 48 75
3 48 3 27 44 55 58 68 34 48
85 16 85 25 33 51 67 72 87 6 16
3 26 3 33 49 69 63 65 30 44 55 67 72 87 6 31 56 25 38 26
2 89 2 56 74 20 55 58 68 69 76 30 34 48 52 77 89
46 88 46 43 87 6 16 29 48 75 88
63 71 63 65 30 48 52 64 71
65 52 65 30 48 52
35 34 35 13 28 37 76 7 57 63 65 30 44 55 58 68 34
9 55 9 20 55
38 26 38 26
16 75 16 87 6 31 68 34 48 75
13 81 13 20 56 37 76 30 44 55 58 67 72 87 6 31 34 48 75 80 81
19 41 19 56 37 72 87 6 16 35 13 28 41
63 83 63 65 30 44 55 58 67 72 87 6 16 29 48 52 80 81 83
3 48 3 38 63 65 30 44 55 67 72 87 6 16 29 48
3 89 3 37 76 7 89
4 67 4 23 49 69 76 30 44 55 67
15 6 15 26 28 6
74 78 74 7 57 63 65 30 44 55 58 68 78
3 83 3 37 52 80 81 83
21 64 21 13 28 64
15 13 15 30 44 55 58 67 72 87 6 16 35 13
76 60 76 30 44 55 58 68 69 63 65 51 67 72 87 6 37 49 41 50 60
25 80 25 38 63 65 30 34 48 52 80
18 20 18 20
15 61 15 22 31 68 74 20 40 25 33 61
9 81 9 62 70 81
58 48 58 67 72 87 6 37 48
15 64 15 26 28 35 59 64
43 75 43 87 6 37 48 75
30 84 30 44 79 84
56 88 56 25 62 72 87 6 37 76 7 43 44 79 88
38 79 38 63 65 30 44 55 67 72 87 6 31 34 79
38 30 38 26 28 37 76 7 62 72 87 6 31 43 44 55 58 68 69 63 65 30
72 73 72 87 6 37 49 41 57 63 65 30 44 55 67 73
18 29 18 22 51 67 72 87 6 16 29
27 44 27 44
23 84 23 49 76 30 34 79 84
28 7 28 68 74 7
38 26 38 26
46 16 46 13 68 69 63 65 30 44 55 67 72 87 6 16
41 71 41 49 69 63 65 51 59 64 71
2 75 2 9 62 72 87 6 16 35 39 76 7 14 25 63 65 30 48 75
3 7 3 9 62 72 87 6 31 68 74 7
20 55 20 40 25 38 63 65 51 67 72 87 6 31 43 44 55
37 52 37 49 76 30 44 55 67 72 87 6 31 43 52
43 80 43 87 6 31 34 48 75 80
4 48 4 74 20 39 65 51 67 72 87 6 31 68 34 48
76 78 76 7 14 37 49 69 63 65 51 67 72 87 6 31 56 74 20 55 58 68 78
68 41 68 69 76 30 44 55 58 67 72 87 6 37 49 41
33 50 33 51 67 72 87 6 37 76 30 44 55 58 68 74 7 14 28 41 50
68 20 68 74 20
8 77 8 13 28 41 57 63 65 30 34 48 52 77
28 79 28 41 49 69 76 30 44 79
38 80 38 26 28 68 34 48 75 80
22 30 22 31 43 44 55 67 72 87 6 16 35 39 65 30
87 37 87 6 31 56 37
69 72 69 76 30 44 55 67 72
49 88 49 72 87 6 16 29 48 88
37 50 37 49 41 50
4 30 4 23 49 41 76 30
62 86 62 72 87 6 86
18 59 18 22 31 56 37 49 41 63 65 30 44 55 58 68 69 76 7 14 34 59
40 59 40 25 63 65 51 67 72 87 6 16 35 13 28 37 59
39 75 39 65 30 48 75
28 26 28 35 13 26
85 77 85 25 33 49 76 7 57 63 65 51 67 72 87 6 16 35 13 28 77
3 72 3 9 62 72
19 44 19 69 63 65 30 44
56 64 56 37 76 7 43 87 6 31 59 64
22 52 22 31 43 44 55 58 67 72 87 6 16 29 48 52
42 30 42 30
4 81 4 7 14 34 48 75 80 81
4 13 4 74 7 43 87 6 16 35 13
68 64 68 74 7 62 59 64
58 50 58 68 74 20 39 76 30 44 55 67 72 87 6 16 35 13 26 28 41 50
46 75 46 13 68 34 48 75
65 80 65 51 80
56 33 56 25 33
1 86 1 34 48 52 64 86
8 44 8 13 20 55 58 67 72 87 6 37 76 30 44
87 29 87 6 16 29
76 16 76 7 43 87 6 16
1 79 1 49 69 76 7 62 72 87 6 31 34 79
8 33 8 40 68 74 7 14 28 35 39 76 30 44 55 58 67 72 87 6 31 56 25 33
85 13 85 25 40 68 74 20 56 37 76 7 62 72 87 6 16 35 13
15 77 15 22 51 67 72 87 6 16 29 48 52 77
8 37 8 40 68 74 7 62 72 87 6 37
1 59 1 49 59
56 78 56 37 49 72 87 6 16 35 13 74 20 55 58 68 78
42 86 42 51 67 72 86
21 88 21 42 62 72 87 6 88
68 59 68 69 63 65 30 34 59
58 79 58 67 72 87 6 16 35 39 76 30 34 79
18 43 18 30 44 55 58 68 74 7 14 42 62 72 87 6 31 43
43 52 43 87 6 16 35 13 28 68 34 48 52
33 84 33 49 69 63 65 51 67 72 87 6 16 35 39 76 7 43 44 79 84
2 61 2 33 61
8 37 8 41 63 65 51 67 72 87 6 37
2 72 2 56 25 63 65 30 44 55 58 68 74 20 39 76 7 62 72
30 48 30 34 48
21 82 21 9 20 55 67 72 87 6 31 59 64 82
49 89 49 76 7 62 72 87 6 37 59 89
28 34 28 37 49 72 87 6 31 68 74 7 57 63 65 30 34
74 34 74 7 14 42 30 34
13 75 13 68 74 7 62 72 87 6 31 34 48 75
62 33 62 72 87 6 16 35 13 20 40 25 33
38 88 38 63 65 30 34 79 88
31 86 31 34 59 64 86
14 16 14 37 76 7 62 72 87 6 16
65 79 65 51 67 72 87 6 31 68 34 79
76 55 76 30 44 55
63 80 63 65 51 80
76 77 76 30 34 48 52 77
16 48 16 29 48
42 71 42 51 59 64 71
18 16 18 76 7 62 72 87 6 16
11 16 11 68 69 63 65 51 67 72 87 6 16
49 84 49 41 76 7 14 34 79 84
1 13 1 51 67 72 87 6 31 43 44 55 58 68 74 20 56 25 35 13
14 73 14 42 62 72 87 6 31 68 74 20 39 58 67 73
76 73 76 7 62 72 87 6 16 35 13 74 20 55 67 73
18 72 18 20 55 67 72
11 80 11 68 69 76 30 48 75 80
87 7 87 6 31 68 74 7
41 52 41 63 65 30 48 52
74 29 74 7 14 25 35 39 76 30 44 55 58 68 69 63 65 51 67 72 87 6 16 29
22 6 22 31 68 69 76 30 44 55 58 67 72 87 6
3 55 3 33 49 41 63 65 30 44 55
87 82 87 6 71 82
41 86 41 76 30 44 55 67 72 86
20 44 20 56 74 7 57 63 65 30 44
26 48 26 28 35 39 58 67 72 87 6 37 48
62 83 62 70 81 83
35 50 35 13 20 56 25 62 72 87 6 31 68 74 7 14 28 41 50
21 88 21 9 20 39 58 68 69 76 30 44 79 88
2 72 2 33 49 76 7 14 25 40 68 69 63 65 51 67 72
4 88 4 74 20 56 37 76 7 57 63 65 51 67 72 87 6 88
74 58 74 20 39 58
13 44 13 26 42 51 67 72 87 6 16 35 39 58 68 74 7 43 44
51 81 51 80 81
22 52 22 34 48 52
19 75 19 56 74 7 43 44 55 67 72 87 6 37 76 30 34 48 75
85 59 85 25 38 63 65 51 67 72 87 6 16 35 13 26 42 62 59
42 41 42 30 44 55 58 68 74 20 56 37 51 67 72 87 6 16 35 13 28 41
2 44 2 13 68 69 63 65 30 44
49 33 49 72 87 6 31 56 74 20 40 25 33
65 82 65 30 34 48 52 71 82
68 16 68 69 63 65 51 67 72 87 6 16
18 20 18 20
2 6 2 9 62 72 87 6
39 72 39 87 6 37 51 67 72
62 52 62 72 87 6 31 56 37 49 41 63 65 30 48 52
39 7 39 87 6 37 76 7
49 59 49 59
35 83 35 13 74 20 55 67 72 87 6 16 29 48 52 80 81 83
65 41 65 51 67 72 87 6 16 35 13 28 41
39 44 39 87 6 16 35 13 68 74 20 40 25 33 49 76 30 44
34 48 34 48
69 81 69 63 65 51 80 81
19 72 19 43 87 6 16 35 39 65 30 44 55 58 67 72
35 50 35 39 58 67 72 87 6 37 49 41 50
49 52 49 69 63 65 51 67 72 87 6 16 29 48 52
74 88 74 7 62 72 88
49 44 49 41 57 63 65 51 67 72 87 6 31 56 25 40 68 74 20 39 7 43 44
64 86 64 86
15 50 15 26 28 41 50
6 67 6 37 51 67
31 37 31 56 37
4 50 4 26 28 37 49 41 50
7 67 7 14 42 62 72 87 6 37 76 30 44 55 58 67
28 60 28 60
28 20 28 68 74 20
56 84 56 25 79 84
18 64 18 76 30 44 55 67 72 87 6 37 51 59 64
21 25 21 26 28 6 31 56 25
62 13 62 72 87 6 16 35 13
1 72 1 49 76 30 44 55 67 72
68 43 68 74 20 55 67 72 87 6 37 76 7 43
43 67 43 44 55 58 68 74 7 62 72 87 6 16 35 13 20 56 25 63 65 51 67
16 50 16 35 13 68 74 7 57 72 87 6 37 49 41 50
14 70 14 42 51 67 72 87 6 37 49 76 30 44 55 58 68 74 20 40 25 38 26 28 41 70
42 70 42 62 70
65 30 65 30
28 37 28 87 6 37
15 86 15 30 44 55 58 68 34 86
65 52 65 51 67 72 87 6 37 48 52
41 80 41 57 63 65 51 67 72 87 6 37 52 80
11 81 11 68 74 20 39 87 6 16 29 48 75 80 81
40 67 40 68 74 20 55 67
56 43 56 37 72 87 6 31 43
42 37 42 7 14 28 41 76 30 44 55 58 68 69 63 65 51 67 72 87 6 37
15 41 15 26 28 41
11 82 11 63 65 51 67 72 87 6 37 48 52 71 82
74 43 74 7 57 63 65 51 67 72 87 6 31 43
33 52 33 62 72 87 6 16 35 39 7 14 37 52
85 41 85 25 35 39 76 7 62 72 87 6 31 56 37 49 41
19 37 19 43 87 6 37
26 29 26 42 7 62 72 87 6 16 29
40 59 40 68 34 59
41 79 41 63 65 30 34 79
18 6 18 30 44 55 58 67 72 87 6
39 70 39 58 68 69 76 30 44 55 67 72 87 6 37 49 41 70
39 67 39 76 7 43 44 55 58 67
23 32 23 32
15 29 15 26 28 35 13 29
34 79 34 79
1 33 1 2 33
4 16 4 26 28 6 16
23 32 23 32
46 89 46 13 74 7 57 63 65 30 48 52 77 89
19 41 19 69 63 65 30 44 55 58 67 72 87 6 37 49 41
40 60 40 68 69 63 65 51 67 72 87 6 16 35 13 28 60
1 79 1 49 41 57 72 87 6 37 76 30 44 79
56 72 56 74 7 57 72
21 9 21 9
4 13 4 26 42 7 62 72 87 6 16 35 13
35 82 35 59 64 71 82
56 86 56 37 59 64 86
74 73 74 7 62 72 87 6 16 35 13 68 69 76 30 44 55 58 67 73
35 33 35 13 26 28 87 6 31 56 25 33
15 16 15 30 44 55 67 72 87 6 16
19 83 19 56 37 51 67 72 87 6 16 29 48 52 80 81 83
20 71 20 56 37 59 64 71
28 72 28 68 74 7 62 72
18 37 18 20 56 25 62 72 87 6 37
62 25 62 72 87 6 16 35 13 68 74 20 40 25
65 41 65 51 67 72 87 6 37 49 41
33 79 33 51 67 72 87 6 37 76 30 34 79
87 63 87 6 16 35 39 58 68 69 63
37 83 37 49 41 70 81 83
19 29 19 62 72 87 6 16 29
15 59 15 26 28 41 63 65 30 34 59
62 81 62 72 87 6 37 52 80 81
31 43 31 43
15 70 15 22 31 43 87 6 16 35 13 20 40 70
4 63 4 23 37 49 41 63
3 33 3 33
33 84 33 49 41 63 65 30 44 55 84
4 86 4 26 42 51 67 72 86
85 67 85 25 35 39 76 30 44 55 67
65 7 65 30 44 55 67 72 87 6 16 35 39 7
11 88 11 63 65 30 44 79 88
46 7 46 13 28 35 39 65 51 67 72 87 6 31 68 69 76 7
20 44 20 55 58 68 69 63 65 30 44
35 16 35 39 87 6 16
26 29 26 28 68 69 63 65 51 67 72 87 6 16 29
2 7 2 56 37 76 7
42 64 42 7 64
23 55 23 49 41 63 65 51 67 72 87 6 37 76 30 44 55
56 25 56 37 72 87 6 16 35 13 74 20 40 25
19 50 19 69 63 65 51 67 72 87 6 31 43 44 55 58 68 74 20 40 25 33 49 41 50
7 79 7 57 63 65 51 67 72 87 6 37 76 30 34 79
35 51 35 39 7 14 25 40 68 74 20 55 67 72 87 6 37 49 69 63 65 51
31 83 31 43 87 6 16 35 13 74 7 62 70 81 83
31 78 31 56 74 20 40 78
65 34 65 30 34
76 48 76 30 34 48
43 44 43 87 6 16 35 39 65 30 44
3 9 3 9
22 80 22 43 87 6 37 76 30 34 48 52 80
3 16 3 9 20 39 76 30 44 55 58 68 69 63 65 51 67 72 87 6 16
74 34 74 20 56 25 33 51 67 72 87 6 31 68 34
56 84 56 25 63 65 51 67 72 87 6 31 34 79 84
56 58 56 37 76 30 44 55 58
51 48 51 67 72 87 6 31 43 44 55 58 68 69 63 65 30 34 48
25 48 25 40 68 69 63 65 30 34 48
30 55 30 44 55
1 60 1 49 41 76 30 44 55 67 72 87 6 16 35 13 26 28 60
4 52 4 7 62 72 87 6 37 76 30 48 52
85 63 85 25 38 63
37 84 37 72 87 6 31 34 79 84
87 89 87 77 89
68 86 68 74 7 43 44 55 67 72 86
2 32 2 23 32
15 43 15 22 43
27 81 27 44 55 67 72 87 6 31 43 52 80 81
14 60 14 37 76 7 62 72 87 6 16 35 13 26 28 41 50 60
18 57 18 20 40 68 74 7 57
33 86 33 51 86
6 80 6 31 43 52 80
22 30 22 31 56 37 49 41 63 65 30
19 55 19 62 72 87 6 16 35 39 58 68 69 76 7 43 44 55
31 70 31 43 44 55 67 72 87 6 16 35 13 68 74 7 62 70
68 44 68 69 76 7 57 72 87 6 31 43 44
1 70 1 39 87 6 31 68 69 70
19 83 19 56 25 35 13 29 48 75 80 81 83
37 52 37 49 41 57 72 87 6 16 29 48 52
39 50 39 76 30 44 55 67 72 87 6 37 49 41 50
4 61 4 30 44 55 67 72 87 6 16 35 13 26 28 68 74 20 56 25 33 61
49 52 49 69 63 65 30 44 55 67 72 87 6 31 43 52
6 84 6 37 76 30 34 79 84
19 78 19 56 74 7 62 72 87 6 16 35 39 58 68 78
76 50 76 30 44 55 58 68 69 63 65 51 67 72 87 6 37 49 41 50
4 66 4 23 66
68 34 68 74 7 43 44 55 67 72 87 6 37 49 41 57 63 65 30 34
8 41 8 41
58 55 58 68 74 20 55
46 41 46 43 44 55 67 72 87 6 16 35 13 26 28 41
11 51 11 63 65 51
18 59 18 58 67 72 87 6 31 56 25 35 13 28 68 34 59
62 30 62 72 87 6 16 35 13 74 20 40 68 69 63 65 30
62 77 62 72 87 77
25 29 25 38 26 28 87 6 16 29
38 77 38 63 65 51 67 72 87 77
65 43 65 51 67 72 87 6 31 43
68 6 68 69 63 65 51 67 72 87 6
8 50 8 41 50
1 6 1 39 76 30 44 55 67 72 87 6
16 52 16 87 6 37 76 30 34 48 52
16 80 16 35 39 58 68 34 48 75 80
21 50 21 26 42 51 67 72 87 6 37 76 7 14 28 41 50
15 73 15 30 44 55 67 73
19 48 19 33 51 67 72 87 6 37 76 7 43 44 55 58 68 69 63 65 30 48
62 81 62 72 87 6 16 29 48 52 80 81
8 51 8 40 25 35 13 68 69 63 65 51
18 57 18 30 44 55 67 72 87 6 31 68 74 7 57
8 48 8 41 63 65 51 67 72 87 6 37 48
2 78 2 9 62 72 87 6 37 76 30 44 55 58 68 78
14 57 14 28 68 69 76 7 57
18 71 18 59 64 71
20 75 20 39 76 30 44 55 58 67 72 87 6 31 34 48 75
11 6 11 63 65 51 67 72 87 6
8 67 8 62 72 87 6 37 51 67
2 32 2 23 32
38 70 38 65 51 67 72 87 6 16 35 39 7 62 70
20 81 20 55 58 67 72 87 6 16 29 48 75 80 81
38 30 38 65 30
76 88 76 30 34 79 88
6 86 6 86
68 89 68 74 20 56 37 51 67 72 87 77 89
87 57 87 6 37 76 7 14 28 41 57
65 25 65 30 44 55 67 72 87 6 31 56 25
76 26 76 30 44 55 58 67 72 87 6 16 35 13 26
9 73 9 62 72 87 6 37 51 67 73
22 25 22 31 68 74 20 55 67 72 87 6 37 76 7 14 25
2 81 2 33 62 72 87 6 16 35 13 28 68 34 48 52 80 81
26 67 26 28 68 74 7 62 72 87 6 31 56 37 49 76 30 44 55 67
40 43 40 68 74 7 62 72 87 6 31 43
28 6 28 68 69 76 7 62 72 87 6
2 60 2 9 62 72 87 6 16 35 13 60
31 67 31 68 69 76 7 62 72 87 6 16 35 39 65 30 44 55 58 67
42 61 42 62 72 87 6 37 76 7 57 63 65 30 44 55 58 68 74 20 40 25 33 61
2 83 2 56 25 33 51 67 72 87 6 37 76 7 57 63 65 30 34 79 83
35 6 35 13 20 40 68 69 63 65 51 67 72 87 6
76 29 76 30 44 55 58 67 72 87 6 16 29
1 88 1 51 67 72 87 6 16 29 48 75 88
56 26 56 74 20 39 87 6 16 35 13 26
40 26 40 68 74 20 39 87 6 16 35 13 26
35 81 35 39 87 6 31 34 48 52 80 81
72 81 72 87 6 31 68 74 7 57 63 65 30 48 75 80 81
28 55 28 68 69 63 65 51 67 72 87 6 31 43 44 55
15 73 15 22 43 44 55 58 67 73
39 89 39 7 57 72 87 6 37 51 59 89
15 41 15 22 31 68 69 76 7 62 72 87 6 37 49 41
62 37 62 72 87 6 37
18 16 18 22 31 68 69 63 65 51 67 72 87 6 16
4 52 4 7 14 37 52
46 89 46 13 28 35 39 58 68 69 63 65 30 34 48 52 77 89
85 57 85 25 38 63 65 30 44 55 67 72 87 6 37 49 41 57
35 72 35 39 87 6 37 72
33 80 33 51 67 72 87 6 16 29 48 75 80
39 20 39 7 62 72 87 6 16 35 13 74 20
8 63 8 9 62 72 87 6 16 35 13 28 68 69 63
21 26 21 13 26
18 34 18 76 7 14 34
1 81 1 2 33 49 76 30 44 55 58 67 72 87 6 16 29 48 52 80 81
33 52 33 49 72 87 6 16 35 13 29 48 52
62 80 62 72 87 6 16 35 39 76 30 34 48 75 80
15 72 15 26 42 62 72
16 84 16 87 6 37 49 76 30 34 79 84
3 48 3 33 49 76 30 44 55 67 72 87 6 16 29 48
23 48 23 37 48
11 60 11 60
62 29 62 72 87 6 16 35 13 29
65 82 65 30 34 59 64 82
69 70 69 63 65 30 44 55 58 67 72 87 6 31 68 74 7 62 70
31 64 31 43 52 64
56 6 56 25 33 62 72 87 6
8 55 8 62 72 87 6 16 35 13 74 20 55
31 13 31 56 25 38 26 28 68 69 63 65 30 44 55 58 67 72 87 6 16 35 13
35 64 35 39 65 51 59 64
46 52 46 43 44 55 58 68 34 48 52
14 80 14 28 87 6 37 51 80
35 7 35 39 7
72 44 72 87 6 31 56 25 40 68 74 20 39 76 7 57 63 65 30 44
85 29 85 25 38 65 30 44 55 58 68 69 76 7 57 72 87 6 16 29
19 78 19 43 87 6 31 56 37 49 41 76 30 44 55 58 68 74 7 57 78
76 43 76 30 44 55 67 72 87 6 31 43
8 78 8 62 72 87 6 16 35 39 76 7 43 44 55 58 68 74 20 56 25 40 78
51 86 51 67 72 86
28 78 28 35 39 58 68 78
40 86 40 68 69 63 65 51 67 72 87 6 16 29 48 52 64 86
56 48 56 37 49 69 63 65 30 34 48
42 75 42 7 57 63 65 51 67 72 87 6 37 48 75
40 81 40 25 33 51 80 81
15 16 15 30 44 55 58 67 72 87 6 16
22 82 22 31 43 87 6 37 59 64 71 82
34 86 34 59 64 86
85 7 85 25 62 72 87 6 16 35 39 76 7
65 75 65 30 34 48 75
16 67 16 87 6 31 56 37 51 67
2 82 2 56 82
35 34 35 13 26 28 87 6 31 56 25 63 65 30 34
27 81 27 44 55 58 67 72 87 6 31 68 69 70 81
49 84 49 72 87 6 31 68 69 63 65 30 44 79 84
85 29 85 25 38 65 30 44 55 67 72 87 6 16 29
9 55 9 20 40 25 63 65 51 67 72 87 6 31 43 44 55
87 84 87 6 37 49 69 63 65 30 44 79 84
15 48 15 22 31 56 25 63 65 30 48
7 44 7 14 37 49 69 76 30 44
33 52 33 62 72 87 6 37 49 69 76 7 14 34 48 52
56 13 56 74 20 39 7 14 37 51 67 72 87 6 16 35 13
22 30 22 51 67 72 87 6 37 49 69 76 7 43 44 55 58 68 74 20 39 65 30
15 51 15 22 43 87 6 16 35 39 65 51
28 33 28 68 69 63 65 30 44 55 58 67 72 87 6 16 35 13 20 56 25 33
7 79 7 43 87 6 31 68 74 20 39 76 30 44 79
46 83 46 13 83
14 29 14 42 30 44 55 67 72 87 6 16 29
49 25 49 76 30 44 55 67 72 87 6 16 35 13 20 40 25
49 43 49 69 63 65 51 67 72 87 6 37 76 7 43
37 84 37 76 7 62 72 87 6 16 35 39 65 30 34 79 84
62 72 62 72
49 84 49 41 63 65 51 67 72 87 6 37 76 30 34 79 84
2 60 2 33 62 72 87 6 16 35 13 60
25 81 25 62 72 87 6 37 49 76 30 48 52 80 81
14 84 14 42 51 67 72 87 6 31 43 44 84
16 50 16 35 39 58 67 72 87 6 37 49 41 50
28 58 28 41 76 30 44 55 58
21 25 21 9 62 72 87 6 31 56 25
40 73 40 68 69 76 7 57 63 65 30 44 55 67 73
62 16 62 72 87 6 16
46 34 46 43 44 55 67 72 87 6 31 68 69 63 65 30 34
85 77 85 25 35 39 58 77
11 30 11 63 65 51 67 72 87 6 31 43 44 55 58 68 69 76 30
46 33 46 13 20 40 25 33
18 41 18 20 40 68 69 76 30 44 55 58 67 72 87 6 37 49 41
15 89 15 77 89
34 48 34 48
56 33 56 25 33
38 77 38 26 28 6 31 68 74 7 62 72 87 77
28 58 28 68 69 63 65 51 67 72 87 6 31 56 25 35 39 58
20 55 20 56 74 7 62 72 87 6 37 76 30 44 55
35 29 35 13 68 74 7 57 72 87 6 16 29
8 80 8 28 37 52 80
19 83 19 62 72 87 6 37 48 52 80 81 83
13 67 13 20 56 74 7 43 87 6 31 68 69 63 65 51 67
85 37 85 25 62 72 87 6 37
15 48 15 26 42 30 34 48
2 7 2 56 25 63 65 30 44 55 67 72 87 6 16 35 39 7
21 79 21 58 67 72 87 6 37 76 30 34 79
46 57 46 43 44 55 58 67 72 87 6 16 35 39 7 57
21 78 21 13 68 69 63 65 30 44 55 67 72 87 6 16 35 39 76 7 57 78
62 34 62 72 87 6 16 35 13 28 37 49 41 76 7 43 44 55 58 68 34
11 59 11 59
19 82 19 62 72 87 6 37 48 75 82
26 75 26 42 30 34 48 75
3 7 3 38 26 28 68 74 7
8 43 8 28 68 69 63 65 30 44 55 67 72 87 6 31 43
38 60 38 63 65 30 44 55 58 68 69 76 7 57 72 87 6 37 49 41 50 60
87 86 87 6 86
8 67 8 62 72 87 6 37 76 7 57 63 65 30 44 55 58 67
76 34 76 7 43 87 6 31 34
28 58 28 37 51 67 72 87 6 16 35 13 68 74 20 56 25 33 49 76 30 44 55 58
3 57 3 30 44 55 58 67 72 87 6 37 76 7 57
38 34 38 63 65 30 34
42 67 42 62 72 87 6 37 76 30 44 55 58 67
15 83 15 26 28 68 74 20 56 37 72 87 6 31 43 52 80 81 83
1 70 1 2 56 25 33 49 69 70
2 67 2 23 37 51 67
11 63 11 63
18 78 18 22 51 67 72 87 6 37 76 7 57 78
14 43 14 28 87 6 31 43
39 58 39 58
49 59 49 41 63 65 30 34 59
4 61 4 30 44 55 58 68 74 7 43 87 6 31 56 25 33 61
19 72 19 38 26 28 68 74 7 57 72
85 50 85 25 63 65 51 67 72 87 6 16 35 13 28 41 50
69 77 69 63 65 51 67 72 87 77
49 6 49 76 7 43 44 55 67 72 87 6
8 73 8 13 68 69 63 65 30 44 55 58 67 73
85 26 85 25 38 26
15 48 15 30 48
65 75 65 51 67 72 87 6 31 43 44 55 58 68 34 48 75
35 34 35 13 68 74 20 40 25 62 72 87 6 31 34
18 82 18 30 48 52 71 82
46 59 46 43 44 55 58 67 72 87 6 16 35 39 7 14 42 30 34 59
23 84 23 37 49 72 87 6 31 43 44 84
4 13 4 49 76 30 44 55 58 68 69 63 65 51 67 72 87 6 16 35 13
3 6 3 30 44 55 58 67 72 87 6
76 50 76 7 14 28 41 50
8 30 8 62 72 87 6 16 35 13 20 40 25 38 26 42 30
56 61 56 25 33 61
31 67 31 68 74 20 40 25 38 63 65 30 44 55 67
42 13 42 51 67 72 87 6 16 35 13
3 6 3 33 49 76 7 62 72 87 6
22 7 22 43 87 6 16 35 13 68 74 7
1 70 1 37 76 30 44 55 67 72 87 6 31 56 25 35 13 20 40 70
23 73 23 49 69 63 65 51 67 73
31 29 31 68 74 7 43 87 6 16 29
35 75 35 13 68 74 20 40 25 63 65 30 34 48 75
11 77 11 68 34 48 52 77
74 58 74 7 43 44 55 58
62 41 62 72 87 6 16 35 13 28 41
69 83 69 63 65 51 67 72 87 6 31 56 37 52 80 81 83
4 73 4 74 20 73
40 71 40 68 34 59 64 71
25 81 25 40 68 74 20 55 58 67 72 87 6 37 52 80 81
15 25 15 26 28 37 76 7 14 25
42 59 42 30 34 59
21 89 21 13 29 48 52 77 89
40 73 40 25 38 26 42 7 57 63 65 51 67 73
57 55 57 63 65 51 67 72 87 6 31 56 37 49 69 76 30 44 55
72 79 72 87 6 31 68 34 79
62 80 62 72 87 6 31 34 48 75 80
39 67 39 7 62 72 87 6 31 43 44 55 67
56 83 56 25 63 65 51 80 81 83
22 83 22 51 80 81 83
14 77 14 37 51 67 72 87 6 31 43 44 55 58 68 34 48 52 77
76 64 76 30 34 48 52 64
68 73 68 69 63 65 30 44 55 58 67 73
65 48 65 30 44 55 58 68 69 76 7 14 28 6 37 48
72 79 72 87 6 37 76 30 44 79
56 30 56 74 7 14 42 62 72 87 6 31 68 69 76 30
46 55 46 13 20 56 74 7 14 28 35 39 76 30 44 55
35 79 35 39 65 51 67 72 87 6 37 76 30 44 79
15 29 15 22 43 87 6 16 29
11 61 11 63 65 51 67 72 87 6 37 49 69 76 7 14 25 33 61
35 51 35 39 65 51
69 73 69 63 65 30 44 55 58 67 73
85 43 85 25 40 68 69 76 7 43
76 37 76 30 44 55 58 68 69 63 65 51 67 72 87 6 37
87 52 87 6 16 29 48 52
68 25 68 69 63 65 51 67 72 87 6 31 56 74 20 40 25
57 67 57 63 65 30 44 55 58 67
28 37 28 37
68 60 68 69 76 7 57 63 65 30 44 55 58 67 72 87 6 37 49 41 50 60
23 81 23 37 72 87 6 16 29 48 52 80 81
46 78 46 13 26 42 30 44 55 58 67 72 87 6 37 49 76 7 57 78
46 52 46 13 26 28 35 39 76 7 14 37 51 67 72 87 6 16 29 48 52
56 70 56 25 35 13 20 39 65 51 67 72 87 6 31 68 69 70
74 82 74 7 62 59 64 71 82
57 71 57 63 65 30 44 55 58 68 69 76 7 64 71
15 16 15 22 31 68 74 20 55 67 72 87 6 16
62 48 62 72 87 6 16 29 48
21 9 21 9
1 13 1 49 41 76 7 62 72 87 6 16 35 13
72 86 72 87 6 37 76 30 34 86
11 48 11 63 65 51 67 72 87 6 37 48
28 57 28 41 57
41 29 41 63 65 51 67 72 87 6 16 29
14 30 14 37 76 30
21 9 21 9
65 63 65 30 44 55 67 72 87 6 16 35 13 20 56 37 49 41 76 7 57 63
11 41 11 68 69 76 7 14 25 33 62 72 87 6 37 49 41
76 81 76 7 43 52 80 81
19 82 19 33 51 59 64 82
23 66 23 66
46 16 46 43 44 55 67 72 87 6 16
41 73 41 76 7 57 72 87 6 31 68 69 63 65 30 44 55 67 73
39 30 39 7 14 42 62 72 87 6 16 35 13 68 69 63 65 30
68 25 68 74 7 43 44 55 58 67 72 87 6 31 56 25
76 79 76 30 44 79
30 75 30 34 48 75
11 30 11 63 65 51 67 72 87 6 31 68 74 7 14 42 30
13 71 13 26 42 62 59 64 71
18 82 18 59 64 71 82
74 57 74 7 57
63 84 63 65 51 67 72 87 6 31 34 79 84
39 51 39 76 7 14 42 30 44 55 58 67 72 87 6 31 56 37 51
63 29 63 65 30 44 55 58 68 69 76 7 57 72 87 6 16 29
49 57 49 76 7 57
1 60 1 7 14 42 30 44 55 58 67 72 87 6 16 35 13 60
31 48 31 56 74 7 43 44 55 58 68 69 63 65 51 67 72 87 6 37 76 30 34 48
8 67 8 28 41 76 7 14 42 30 44 55 67
63 67 63 65 30 44 55 58 68 74 20 56 37 51 67
42 79 42 7 43 44 79
4 80 4 26 42 7 43 44 55 67 72 87 6 31 56 25 33 49 41 63 65 30 34 48 52 80
38 33 38 26 42 51 67 72 87 6 37 76 7 43 44 55 58 68 74 20 56 25 33
87 55 87 6 31 56 74 7 14 42 30 44 55
62 70 62 72 87 6 31 56 74 20 55 58 68 69 70
31 78 31 68 78
87 89 87 77 89
4 16 4 30 44 55 67 72 87 6 16
11 67 11 68 69 63 65 30 44 55 58 67
26 86 26 42 7 14 37 51 59 64 86
58 73 58 67 73
42 30 42 62 72 87 6 31 68 69 76 7 57 63 65 30
22 78 22 31 56 25 40 68 78
13 73 13 68 74 7 14 28 41 76 30 44 55 58 67 73
34 71 34 48 52 71
76 67 76 7 62 72 87 6 31 56 37 51 67
3 29 3 30 44 55 67 72 87 6 16 29
87 30 87 6 37 76 30
69 25 69 63 65 30 44 55 67 72 87 6 31 56 25
2 29 2 56 37 72 87 6 16 29
68 48 68 74 20 39 65 30 44 55 67 72 87 6 16 35 13 28 37 48
76 89 76 30 34 48 52 77 89
11 79 11 68 74 20 39 58 67 72 87 6 16 35 13 26 42 7 57 63 65 30 34 79
3 57 3 9 62 72 87 6 37 49 41 57
31 67 31 56 37 72 87 6 16 35 39 65 30 44 55 58 67
25 52 25 63 65 30 34 48 52
35 72 35 39 76 30 44 55 67 72
19 73 19 62 72 87 6 37 76 30 44 55 67 73
69 61 69 63 65 30 44 55 58 68 74 7 14 25 33 61
35 83 35 13 74 20 55 58 68 69 70 81 83
28 70 28 87 6 31 68 74 20 39 76 7 62 70
21 86 21 58 68 74 20 55 67 72 87 6 86
30 86 30 48 52 64 86
26 50 26 28 41 50
87 81 87 6 16 29 48 75 80 81
56 58 56 25 33 62 72 87 6 37 49 76 7 43 44 55 58
22 86 22 43 87 6 16 29 48 52 64 86
39 58 39 58
38 75 38 65 51 67 72 87 6 31 34 48 75
41 80 41 76 30 34 48 75 80
2 23 2 23
35 25 35 39 7 57 72 87 6 31 68 74 20 40 25
68 84 68 34 79 84
3 70 3 33 62 70
40 77 40 68 69 76 7 57 63 65 30 34 48 52 77
22 55 22 31 43 87 6 37 76 30 44 55
49 29 49 72 87 6 16 29
63 61 63 65 51 67 72 87 6 31 56 25 33 61
72 73 72 87 6 37 51 67 73
51 52 51 67 72 87 6 31 43 52
42 51 42 51
8 75 8 41 76 7 57 72 87 6 37 49 69 63 65 30 34 48 75
8 52 8 28 6 31 34 48 52
8 44 8 13 26 28 41 76 7 14 42 30 44
49 64 49 72 87 6 16 29 48 52 64
76 30 76 30
76 44 76 7 43 44
22 78 22 31 68 78
31 25 31 56 25
8 25 8 41 49 76 7 62 72 87 6 31 68 74 20 56 25
28 80 28 68 69 63 65 51 67 72 87 6 16 35 39 76 7 14 34 48 52 80
4 60 4 26 28 68 74 7 43 87 6 16 35 13 60
22 63 22 51 67 72 87 6 16 35 13 28 41 49 69 63
30 55 30 44 55
9 83 9 62 72 87 6 37 49 69 63 65 30 48 52 80 81 83
1 58 1 49 69 63 65 30 44 55 58
58 67 58 67
85 83 85 25 38 26 42 7 43 52 80 81 83
87 83 87 6 31 34 79 83
35 77 35 77
58 52 58 68 34 48 52
56 81 56 25 40 70 81
69 60 69 76 30 44 55 58 67 72 87 6 37 49 41 50 60
22 84 22 31 34 79 84
14 30 14 28 68 69 63 65 51 67 72 87 6 37 76 30
19 79 19 38 65 30 44 55 58 68 34 79
58 80 58 68 34 48 52 80
28 59 28 68 34 59
4 80 4 74 7 57 63 65 51 80
38 72 38 65 30 44 55 67 72
49 59 49 72 87 6 31 59
6 81 6 16 35 13 68 69 63 65 30 48 75 80 81
11 88 11 88
40 34 40 25 33 62 72 87 6 31 34
35 55 35 13 68 74 20 40 25 63 65 30 44 55
19 29 19 38 65 51 67 72 87 6 16 29
38 52 38 63 65 51 67 72 87 6 37 48 52
38 25 38 26 28 37 76 7 43 87 6 31 56 25
11 25 11 63 65 51 67 72 87 6 31 56 25
39 72 39 87 6 16 35 13 28 37 49 41 76 30 44 55 58 68 74 20 40 25 33 62 72
28 33 28 35 39 65 30 44 55 58 68 74 20 40 25 33
69 63 69 63
4 79 4 49 76 7 62 72 87 6 31 56 25 63 65 30 34 79
19 44 19 56 37 49 41 76 30 44
65 79 65 51 67 72 87 6 16 35 13 28 41 76 7 14 34 79
31 60 31 56 25 38 65 51 67 72 87 6 16 35 13 60
21 72 21 26 42 62 72
21 83 21 26 28 37 49 69 70 81 83
42 72 42 7 62 72
65 26 65 30 44 55 58 68 74 20 40 25 38 26
43 29 43 87 6 16 29
27 50 27 44 55 67 72 87 6 16 35 13 28 41 50
85 29 85 25 63 65 30 44 55 58 67 72 87 6 31 56 74 20 40 68 69 76 7 14 28 35 13 29
42 30 42 30
43 44 43 87 6 37 49 76 30 44
76 70 76 30 44 55 58 67 72 87 6 16 35 39 7 14 42 62 70
21 41 21 9 62 72 87 6 16 35 39 7 14 28 41
11 59 11 59
6 52 6 31 68 34 48 52
15 73 15 22 43 44 55 58 67 73
65 83 65 51 80 81 83
21 81 21 26 42 51 80 81
68 84 68 34 79 84
1 57 1 39 76 30 44 55 67 72 87 6 31 56 25 33 49 41 57
87 82 87 6 31 68 34 59 64 82
35 78 35 39 65 51 67 72 87 6 31 56 25 40 78
46 83 46 13 74 7 62 70 81 83
26 29 26 42 7 14 25 63 65 51 67 72 87 6 16 29
49 51 49 72 87 6 16 35 13 28 68 74 7 57 63 65 51
76 43 76 30 44 55 58 67 72 87 6 16 35 13 20 40 68 74 7 43
49 73 49 72 87 6 31 43 44 55 67 73
31 41 31 56 37 76 7 57 63 65 51 67 72 87 6 16 35 13 74 20 40 25 33 49 41
68 37 68 69 76 30 44 55 67 72 87 6 37
31 41 31 43 44 55 58 68 69 76 7 57 63 65 51 67 72 87 6 16 35 13 74 20 56 37 49 41
18 84 18 22 51 67 72 87 6 16 35 13 28 68 34 79 84
51 29 51 67 72 87 6 16 29
87 20 87 6 16 35 39 58 68 74 20
76 16 76 7 57 72 87 6 16
1 60 1 37 72 87 6 16 35 13 60
18 59 18 20 40 25 35 39 7 14 37 59
8 70 8 40 68 69 70
18 77 18 20 56 25 63 65 51 67 72 87 6 16 29 48 52 77
85 50 85 25 40 68 69 76 30 44 55 58 67 72 87 6 31 56 37 49 41 50
22 86 22 51 59 64 86
3 70 3 33 51 67 72 87 6 31 68 69 70
11 58 11 63 65 30 44 55 58
35 71 35 59 64 71
76 13 76 7 14 42 51 67 72 87 6 37 49 69 63 65 30 44 55 58 68 74 20 40 25 35 13
25 73 25 35 13 20 73
40 7 40 25 38 65 30 44 55 67 72 87 6 16 35 39 76 7
9 52 9 62 72 87 6 31 56 74 20 40 25 35 13 29 48 52
38 58 38 26 28 41 57 72 87 6 16 35 39 7 43 44 55 58
85 34 85 25 40 68 34
72 55 72 87 6 16 35 39 7 43 44 55
65 44 65 51 67 72 87 6 37 76 7 14 42 30 44
76 86 76 30 48 52 64 86
40 83 40 70 81 83
14 79 14 34 79
11 88 11 88
51 29 51 67 72 87 6 16 29
15 89 15 30 44 84 89
13 44 13 74 7 57 63 65 30 44
4 23 4 23
31 88 31 34 48 75 88
11 70 11 68 69 70
57 86 57 63 65 51 59 64 86
6 80 6 31 43 52 80
49 29 49 76 30 44 55 67 72 87 6 16 35 13 29
51 84 51 67 72 87 6 16 35 13 84
19 81 19 62 72 87 6 37 51 80 81
62 83 62 70 81 83
85 79 85 25 40 68 34 79
28 77 28 41 76 7 57 72 87 77
39 71 39 65 51 59 64 71
11 13 11 63 65 51 67 72 87 6 16 35 13
38 30 38 26 28 41 49 69 76 30
57 50 57 63 65 30 44 55 58 68 74 20 40 25 38 26 42 51 67 72 87 6 16 35 39 7 14 28 41 50
28 70 28 68 69 76 7 14 25 62 70
63 29 63 65 30 44 55 58 68 69 76 7 43 87 6 31 56 25 35 13 29
43 75 43 44 55 67 72 87 6 31 68 34 48 75
76 20 76 7 57 63 65 51 67 72 87 6 16 35 13 68 74 20
11 59 11 68 34 59
85 63 85 25 38 63
43 55 43 87 6 37 49 76 7 14 25 40 68 69 63 65 30 44 55
76 58 76 7 62 72 87 6 31 68 74 20 56 25 35 13 28 41 63 65 30 44 55 58
39 37 39 7 43 87 6 37
39 55 39 87 6 31 43 44 55
15 26 15 22 31 43 87 6 16 35 39 58 68 69 76 7 14 25 38 26
34 81 34 48 52 80 81
8 75 8 28 6 31 34 48 75
74 80 74 7 57 72 87 6 31 34 48 75 80
11 67 11 68 69 76 7 14 37 72 87 6 16 35 13 74 20 40 25 63 65 30 44 55 58 67
65 34 65 30 34
31 82 31 59 64 82
76 89 76 30 44 79 84 89
76 29 76 30 44 55 58 67 72 87 6 16 29
87 77 87 6 77
3 78 3 30 44 55 67 72 87 6 31 68 78
38 83 38 26 42 51 67 72 87 6 37 49 69 70 81 83
4 37 4 7 57 72 87 6 37
1 59 1 49 69 63 65 30 34 59
76 78 76 30 44 55 58 68 78
8 61 8 41 76 7 43 44 55 58 68 74 20 40 25 33 61
65 81 65 30 44 55 67 72 87 6 37 48 52 80 81
3 13 3 27 44 55 67 72 87 6 16 35 13
74 48 74 20 39 7 62 72 87 6 37 49 69 63 65 30 34 48
76 20 76 7 14 37 51 67 72 87 6 31 56 25 40 68 74 20
58 81 58 68 69 76 30 44 55 67 72 87 6 16 29 48 52 80 81
39 64 39 65 30 48 52 64
46 7 46 13 20 39 7
11 37 11 68 74 7 14 28 87 6 37
26 83 26 42 7 57 63 65 30 34 48 52 80 81 83
85 79 85 25 35 13 74 20 56 37 72 87 6 31 34 79
57 55 57 63 65 30 44 55
1 57 1 13 26 42 30 44 55 67 72 87 6 31 68 69 76 7 57
35 37 35 13 26 42 51 67 72 87 6 37
56 58 56 37 51 67 72 87 6 16 35 13 68 74 20 55 58
3 61 3 33 61
76 84 76 30 44 84
9 48 9 62 72 87 6 31 34 48
16 50 16 35 13 68 74 20 39 65 30 44 55 67 72 87 6 37 49 41 50
8 13 8 28 68 74 7 43 87 6 16 35 13
35 26 35 13 26
35 63 35 13 68 69 63
68 83 68 34 79 83
57 81 57 63 65 51 67 72 87 6 31 56 37 48 75 80 81
87 57 87 6 16 35 39 7 57
39 13 39 76 7 43 87 6 16 35 13
57 81 57 72 87 6 31 56 74 7 62 70 81
49 41 49 41
15 71 15 26 28 64 71
30 79 30 34 79
56 30 56 37 51 67 72 87 6 31 68 69 76 30
49 13 49 72 87 6 16 35 13
56 43 56 25 35 39 7 43
21 88 21 58 68 69 63 65 51 67 72 88
68 43 68 74 20 40 25 35 39 76 7 62 72 87 6 31 43
18 34 18 22 34
22 13 22 31 68 74 20 40 25 62 72 87 6 16 35 13
4 57 4 74 7 57
28 50 28 41 50
85 51 85 25 38 63 65 51
87 52 87 6 31 68 34 48 52
31 86 31 34 59 64 86
72 81 72 87 6 37 76 7 57 63 65 51 80 81
26 55 26 28 37 76 7 62 72 87 6 31 43 44 55
42 71 42 62 72 87 6 71
4 23 4 23
56 34 56 74 20 55 58 67 72 87 6 16 35 13 26 28 68 34
35 48 35 13 28 87 6 31 34 48
21 57 21 42 7 57
40 20 40 68 74 20
56 52 56 25 63 65 51 67 72 87 6 31 34 48 52
21 52 21 13 28 35 39 58 68 69 76 30 34 48 52
15 57 15 22 51 67 72 87 6 37 76 30 44 55 58 68 74 7 57
35 25 35 13 74 20 40 25
1 44 1 13 74 20 39 76 7 57 63 65 51 67 72 87 6 31 43 44
43 67 43 44 55 67
15 60 15 26 28 60
74 41 74 20 55 58 67 72 87 6 16 35 13 28 41
65 72 65 51 67 72
4 67 4 74 20 55 58 67
18 16 18 76 30 44 55 58 68 69 63 65 51 67 72 87 6 16
19 84 19 56 25 33 49 69 63 65 51 67 72 87 6 16 35 13 74 20 40 68 34 79 84
37 75 37 48 75
35 13 35 13
11 78 11 68 69 76 30 44 55 58 67 72 87 6 31 56 25 40 78
76 79 76 30 34 79
65 84 65 30 44 79 84
11 71 11 68 34 48 52 64 71
62 64 62 59 64
43 44 43 87 6 37 76 7 57 63 65 30 44
65 84 65 51 67 72 87 6 31 34 79 84
40 37 40 68 69 63 65 51 67 72 87 6 37
28 77 28 41 57 72 87 77
8 78 8 62 72 87 6 31 43 44 55 58 68 78
62 79 62 72 87 6 31 43 44 79
59 71 59 64 71
4 73 4 7 57 72 87 6 16 35 13 28 68 69 63 65 30 44 55 58 67 73
3 27 3 27
21 70 21 9 62 70
56 55 56 37 76 30 44 55
65 67 65 30 44 55 67
21 83 21 13 28 6 37 52 80 81 83
4 61 4 7 14 25 33 61
87 88 87 6 88
21 88 21 9 62 72 87 6 37 48 88
35 48 35 39 76 7 62 72 87 6 37 48
19 70 19 62 70
19 43 19 43
65 33 65 30 44 55 58 68 74 7 43 87 6 31 56 25 33
42 88 42 62 72 87 6 16 29 48 88
28 78 28 35 13 68 74 20 40 78
6 55 6 31 43 44 55
1 71 1 2 56 25 62 72 87 6 71
25 83 25 79 83
69 6 69 63 65 30 44 55 67 72 87 6
31 63 31 68 69 63
1 6 1 49 76 7 62 72 87 6
16 80 16 29 48 75 80
20 81 20 55 67 72 87 6 37 52 80 81
15 34 15 26 42 62 72 87 6 31 68 34
49 13 49 69 76 30 44 55 58 68 74 7 43 87 6 16 35 13
57 67 57 72 87 6 31 56 37 76 30 44 55 58 68 69 63 65 51 67
2 23 2 23
46 51 46 13 74 20 56 37 49 69 63 65 51
76 75 76 30 34 48 75
14 61 14 28 6 31 56 74 20 40 25 33 61
42 70 42 30 44 55 67 72 87 6 37 49 76 7 14 28 68 74 20 40 70
65 63 65 51 67 72 87 6 31 43 44 55 58 68 74 20 39 7 57 63
14 16 14 37 76 7 57 72 87 6 16
69 55 69 63 65 51 67 72 87 6 31 68 74 7 43 44 55
21 63 21 42 51 67 72 87 6 31 56 37 49 41 57 63
27 55 27 44 55
35 82 35 59 64 71 82
56 89 56 37 76 30 48 52 77 89
18 26 18 20 39 87 6 16 35 13 26
56 67 56 74 7 57 63 65 51 67
41 67 41 57 63 65 51 67
49 55 49 41 76 7 57 63 65 51 67 72 87 6 31 43 44 55
42 52 42 7 43 52
39 7 39 76 7
21 30 21 26 42 7 57 63 65 51 67 72 87 6 37 76 30
11 78 11 68 74 20 40 78
14 48 14 28 35 13 68 74 20 56 25 38 63 65 51 67 72 87 6 16 29 48
31 44 31 56 74 20 39 58 68 69 76 7 43 44
11 20 11 63 65 51 67 72 87 6 31 68 74 20
11 60 11 60
46 7 46 13 68 74 7
14 50 14 37 49 41 50
4 83 4 30 34 79 83
68 83 68 34 48 52 80 81 83
22 75 22 51 67 72 87 6 37 48 75
11 81 11 68 69 63 65 30 34 48 52 80 81
14 26 14 37 72 87 6 16 35 13 26
46 16 46 13 28 41 57 63 65 30 44 55 58 68 74 7 14 37 72 87 6 16
85 83 85 25 79 83
40 71 40 68 69 76 30 44 55 58 67 72 87 6 71
26 67 26 42 51 67
87 64 87 6 16 35 39 7 62 59 64
38 25 38 65 51 67 72 87 6 37 76 7 14 25
68 52 68 74 7 57 72 87 6 37 76 30 48 52
76 6 76 30 44 55 58 67 72 87 6
4 41 4 30 44 55 58 67 72 87 6 37 49 41
85 88 85 25 33 51 67 72 87 6 88
18 16 18 20 40 25 63 65 51 67 72 87 6 16
22 52 22 34 48 52
51 75 51 67 72 87 6 16 29 48 75
31 86 31 43 52 64 86
68 83 68 74 20 55 58 67 72 87 6 37 48 75 80 81 83
35 33 35 39 7 14 25 33
85 80 85 25 63 65 51 80
3 57 3 37 76 30 44 55 67 72 87 6 16 35 39 7 57
22 64 22 51 67 72 87 6 16 29 48 52 64
62 13 62 72 87 6 16 35 13
42 52 42 30 48 52
35 86 35 59 64 86
62 58 62 72 87 6 16 35 39 76 30 44 55 58
4 50 4 49 41 50
68 59 68 69 63 65 51 67 72 87 6 31 34 59
42 43 42 51 67 72 87 6 31 43
35 34 35 39 87 6 31 43 44 55 58 68 69 76 7 14 28 41 63 65 30 34
87 71 87 6 31 43 52 71
62 30 62 72 87 6 16 35 13 68 74 7 57 63 65 30
31 64 31 59 64
68 72 68 74 20 56 37 72
40 13 40 68 69 63 65 30 44 55 67 72 87 6 16 35 13
4 50 4 74 7 43 44 55 67 72 87 6 37 49 41 50
16 80 16 29 48 75 80
56 41 56 74 20 39 58 68 69 63 65 51 67 72 87 6 16 35 13 28 41
14 79 14 25 62 72 87 6 16 35 39 76 7 43 44 79
25 80 25 38 65 30 34 48 75 80
1 80 1 34 48 75 80
42 7 42 62 72 87 6 16 35 39 7
22 20 22 31 68 74 7 43 87 6 16 35 13 20
43 81 43 52 80 81
56 7 56 74 7
18 58 18 58
74 77 74 20 55 58 77
4 86 4 74 7 14 59 64 86
6 67 6 31 56 37 51 67
11 83 11 63 65 51 80 81 83
74 75 74 7 57 63 65 30 44 55 58 67 72 87 6 16 29 48 75
37 67 37 76 30 44 55 58 68 69 63 65 51 67
8 20 8 9 62 72 87 6 31 68 74 20
76 88 76 7 43 87 6 16 29 48 75 88
56 61 56 25 33 61
38 52 38 65 51 67 72 87 6 37 76 30 48 52
6 48 6 31 56 25 63 65 30 34 48
15 55 15 30 44 55
46 86 46 13 29 48 52 64 86
72 75 72 87 6 16 29 48 75
76 73 76 7 62 72 87 6 37 51 67 73
18 88 18 20 39 87 6 31 43 44 55 67 72 88
68 57 68 74 7 57
43 75 43 44 55 58 67 72 87 6 16 29 48 75
14 33 14 25 33
18 48 18 20 40 68 34 48
7 81 7 57 72 87 6 37 48 75 80 81
3 51 3 37 51
57 44 57 63 65 51 67 72 87 6 16 35 39 76 7 43 44
18 7 18 58 67 72 87 6 37 49 41 76 7
26 52 26 42 51 67 72 87 6 16 35 39 65 30 44 55 58 68 34 48 52
33 80 33 49 69 76 30 44 55 58 67 72 87 6 37 51 80
87 52 87 6 31 68 34 48 52
87 43 87 6 31 68 69 76 7 43
65 7 65 30 44 55 58 67 72 87 6 16 35 39 76 7
68 50 68 74 7 62 72 87 6 16 35 13 28 41 50
2 78 2 23 66 78
56 51 56 74 7 62 72 87 6 37 76 30 44 55 58 68 69 63 65 51
11 51 11 68 69 63 65 51
40 44 40 68 69 63 65 30 44
25 71 25 38 65 51 59 64 71
56 13 56 25 33 49 41 63 65 51 67 72 87 6 31 43 44 55 58 68 69 76 7 14 28 35 13
13 81 13 28 68 69 63 65 30 44 55 58 67 72 87 6 37 52 80 81
2 55 2 56 37 72 87 6 16 35 13 20 55
3 33 3 33
68 77 68 34 48 52 77
22 30 22 51 67 72 87 6 31 68 69 76 7 14 25 63 65 30
42 58 42 7 62 72 87 6 31 68 74 20 39 58
11 16 11 63 65 30 44 55 58 67 72 87 6 16
85 44 85 25 63 65 51 67 72 87 6 31 68 74 7 43 44
3 77 3 9 20 40 25 38 26 28 87 77
19 80 19 33 62 72 87 6 31 34 48 52 80
23 86 23 49 72 86
2 30 2 56 74 20 39 87 6 31 68 69 76 30
68 82 68 74 20 39 65 51 59 64 82
19 50 19 43 87 6 37 49 41 50
62 55 62 72 87 6 16 35 13 20 40 68 74 7 57 63 65 30 44 55
28 79 28 68 34 79
20 81 20 39 7 43 52 80 81
62 73 62 72 87 6 16 35 39 7 57 63 65 30 44 55 67 73
23 61 23 37 49 69 76 7 57 72 87 6 16 35 39 58 68 74 20 40 25 33 61
28 67 28 68 69 63 65 51 67
8 57 8 40 25 62 72 87 6 37 49 76 7 57
68 79 68 74 7 62 72 87 6 37 49 76 30 44 79
35 86 35 13 74 7 62 59 64 86
42 80 42 62 72 87 6 31 68 34 48 52 80
87 63 87 6 31 43 44 55 58 68 69 63
9 81 9 62 70 81
21 86 21 58 67 72 86
8 51 8 40 68 69 76 30 44 55 67 72 87 6 37 51
69 37 69 76 7 62 72 87 6 37
35 30 35 13 68 74 7 57 63 65 51 67 72 87 6 37 76 30
40 78 40 78
2 59 2 23 49 76 30 34 59
11 13 11 68 74 7 14 37 72 87 6 16 35 13
56 41 56 74 20 40 25 38 65 30 44 55 58 68 69 76 7 43 87 6 37 49 41
3 72 3 37 49 72
40 16 40 68 69 63 65 51 67 72 87 6 16
74 30 74 7 14 25 63 65 30
19 20 19 33 62 72 87 6 16 35 13 74 20
19 67 19 69 76 7 43 44 55 67
40 70 40 70
20 80 20 55 67 72 87 6 37 76 7 43 52 80
43 79 43 44 79
46 63 46 43 44 55 58 67 72 87 6 31 56 74 20 40 68 69 76 7 14 37 49 41 57 63
19 83 19 62 70 81 83
15 7 15 22 43 44 55 67 72 87 6 37 76 7
33 84 33 62 72 87 6 31 68 34 79 84
33 83 33 49 69 76 7 62 72 87 6 31 43 52 80 81 83
31 79 31 43 87 6 16 35 39 7 14 28 37 76 30 34 79
74 33 74 20 40 25 33
4 66 4 23 66
87 84 87 6 16 35 39 65 30 34 79 84
2 20 2 9 20
18 48 18 20 56 74 7 57 72 87 6 31 68 34 48
16 80 16 35 39 7 62 72 87 6 37 49 41 63 65 30 48 52 80
8 61 8 28 35 39 7 57 63 65 51 67 72 87 6 31 43 44 55 58 68 74 20 40 25 33 61
65 59 65 30 34 59
4 37 4 26 42 7 57 63 65 51 67 72 87 6 37
76 6 76 7 62 72 87 6
37 52 37 48 52
70 81 70 81
9 73 9 62 72 87 6 31 56 25 40 68 74 7 43 44 55 67 73
74 88 74 20 55 67 72 87 6 16 35 39 58 68 69 76 30 44 79 88
42 89 42 62 59 89
56 37 56 37
19 29 19 56 37 76 30 44 55 58 68 69 63 65 51 67 72 87 6 16 29
42 75 42 62 72 87 6 16 35 39 76 30 48 75
31 81 31 34 48 52 80 81
15 81 15 26 28 6 31 34 48 52 80 81
40 78 40 78
26 29 26 28 87 6 16 29
11 50 11 68 69 76 30 44 55 58 67 72 87 6 37 49 41 50
49 29 49 69 76 30 44 55 67 72 87 6 16 29
14 20 14 37 51 67 72 87 6 31 68 74 20
74 77 74 20 39 58 68 69 76 30 34 48 52 77
65 55 65 30 44 55
18 7 18 20 55 67 72 87 6 37 49 76 7
49 6 49 69 63 65 30 44 55 58 68 74 20 39 87 6
49 25 49 76 30 44 55 58 67 72 87 6 31 56 25
3 75 3 37 51 67 72 87 6 16 35 39 58 68 74 7 57 63 65 30 48 75
49 7 49 69 76 7
22 58 22 51 67 72 87 6 37 49 41 57 63 65 30 44 55 58
38 16 38 26 42 51 67 72 87 6 16
22 63 22 31 56 37 51 67 72 87 6 16 35 39 58 68 69 63
42 63 42 30 44 55 58 68 69 63
34 81 34 48 75 80 81
22 82 22 31 59 64 71 82
23 29 23 37 51 67 72 87 6 16 29
69 88 69 76 7 62 72 88
38 88 38 65 51 67 72 88
28 29 28 35 39 58 68 69 63 65 51 67 72 87 6 16 29
72 29 72 87 6 16 35 13 29
8 59 8 41 57 63 65 30 34 59
22 89 22 89
87 64 87 6 37 76 30 48 52 64
39 25 39 76 30 44 55 67 72 87 6 31 68 74 7 14 25
42 71 42 30 48 52 64 71
51 44 51 67 72 87 6 37 76 7 57 63 65 30 44
34 80 34 48 52 80
72 55 72 87 6 16 35 13 28 37 49 69 63 65 30 44 55
85 83 85 25 38 65 51 67 72 87 6 37 48 75 80 81 83
22 73 22 51 67 73
14 13 14 28 68 74 20 40 25 63 65 30 44 55 67 72 87 6 16 35 13
43 79 43 87 6 16 35 39 76 7 14 34 79
21 78 21 42 30 44 55 58 68 69 76 7 57 78
69 26 69 63 65 51 67 72 87 6 37 76 7 14 28 35 39 58 68 74 20 40 25 38 26
31 6 31 43 44 55 67 72 87 6
23 48 23 49 72 87 6 16 29 48
22 20 22 51 67 72 87 6 16 35 13 26 42 7 43 44 55 58 68 74 20
65 48 65 30 34 48
27 48 27 44 55 58 68 34 48
51 83 51 80 81 83
62 6 62 72 87 6
62 7 62 72 87 6 37 49 76 7
39 43 39 7 43
42 44 42 62 72 87 6 31 68 74 7 14 28 35 13 20 39 76 30 44
46 78 46 43 44 55 58 67 72 87 6 31 68 74 7 57 78
38 43 38 65 30 44 55 58 68 74 20 39 76 7 43
6 52 6 37 49 76 7 14 28 68 34 48 52
62 71 62 72 87 6 31 68 34 48 52 64 71
8 37 8 40 68 74 7 43 87 6 31 56 37
74 63 74 7 43 87 6 31 68 69 63
87 79 87 6 16 35 39 76 30 44 79
33 81 33 51 67 72 87 6 16 35 13 68 69 76 30 34 48 52 80 81
37 67 37 51 67
85 78 85 25 40 78
40 81 40 25 38 26 28 41 76 30 48 75 80 81
56 86 56 25 35 39 7 64 86
46 58 46 43 44 55 58
8 13 8 40 68 69 63 65 30 44 55 67 72 87 6 16 35 13
68 57 68 69 63 65 30 44 55 58 67 72 87 6 31 56 37 76 7 57
39 84 39 65 30 34 79 84
4 30 4 30
76 50 76 7 43 87 6 16 35 13 26 28 41 50
46 33 46 43 87 6 31 56 25 33
21 70 21 9 62 70
34 83 34 48 75 80 81 83
2 82 2 82
69 82 69 70 82
2 48 2 23 37 49 41 63 65 51 67 72 87 6 16 35 13 20 55 58 68 34 48
65 67 65 51 67
22 89 22 34 48 52 77 89
22 61 22 31 56 25 33 61
68 30 68 69 63 65 30
4 81 4 30 48 75 80 81
63 52 63 65 30 48 52
25 81 25 40 68 69 70 81
20 84 20 56 25 33 51 67 72 87 6 16 35 39 76 30 44 55 84
27 73 27 44 55 67 73
76 86 76 30 44 55 67 72 86
38 7 38 26 42 7
18 25 18 22 43 44 55 67 72 87 6 37 49 76 7 14 28 35 13 68 74 20 40 25
49 20 49 72 87 6 31 56 74 20
63 29 63 65 51 67 72 87 6 16 29
40 60 40 68 69 76 7 57 63 65 51 67 72 87 6 37 49 41 50 60
38 34 38 63 65 51 67 72 87 6 31 56 37 76 7 43 44 55 58 68 34
57 80 57 63 65 51 67 72 87 6 16 29 48 75 80
19 58 19 69 76 30 44 55 58
18 81 18 30 34 48 52 80 81
2 66 2 23 66
63 80 63 65 51 80
56 72 56 74 20 39 58 68 69 76 7 43 44 55 67 72
58 29 58 67 72 87 6 16 29
8 13 8 13
56 34 56 37 76 30 34
19 29 19 43 87 6 16 29
33 50 33 49 41 50
65 83 65 51 67 72 87 6 16 29 48 75 80 81 83
9 86 9 62 72 87 6 16 35 59 64 86
74 75 74 20 56 37 51 67 72 87 6 31 34 48 75
2 60 2 56 37 72 87 6 16 35 13 60
85 51 85 25 38 26 28 68 69 76 30 44 55 67 72 87 6 31 56 74 7 14 37 51
74 80 74 7 14 37 48 75 80
18 88 18 30 34 79 88
85 25 85 25
22 58 22 43 44 55 58
21 9 21 9
21 72 21 9 20 56 74 7 62 72
40 26 40 68 69 63 65 51 67 72 87 6 16 35 13 26
63 48 63 65 51 67 72 87 6 16 29 48
14 86 14 59 64 86
2 16 2 23 49 76 30 44 55 58 67 72 87 6 16
63 48 63 65 51 67 72 87 6 16 35 13 20 55 58 68 69 76 30 48
8 70 8 28 68 69 70
70 83 70 81 83
62 13 62 72 87 6 16 35 13
87 52 87 6 16 29 48 52
43 75 43 87 6 16 29 48 75
18 7 18 22 51 67 72 87 6 37 76 7
11 60 11 68 74 7 62 72 87 6 37 49 41 50 60
69 6 69 76 30 44 55 67 72 87 6
49 71 49 69 76 30 44 55 58 67 72 87 6 71
35 89 35 39 7 62 59 89
20 80 20 56 74 7 43 44 55 58 68 69 63 65 30 34 48 52 80
39 67 39 58 68 74 7 62 72 87 6 16 35 13 26 42 30 44 55 67
21 13 21 13
63 84 63 65 30 44 79 84
19 72 19 33 49 76 7 14 42 30 44 55 67 72
18 67 18 76 30 44 55 67
18 64 18 22 34 59 64
68 37 68 69 76 7 14 37
2 64 2 23 49 69 76 7 64
14 73 14 42 30 44 55 67 73
27 29 27 44 55 67 72 87 6 16 29
35 16 35 13 26 42 62 72 87 6 16
85 86 85 25 62 72 86
4 66 4 23 66
28 58 28 87 6 31 68 69 76 30 44 55 58
76 88 76 30 44 79 88
41 80 41 76 7 14 37 52 80
42 57 42 7 57
25 67 25 38 63 65 51 67
21 6 21 26 42 7 57 63 65 51 67 72 87 6
2 83 2 9 62 70 81 83
26 52 26 42 62 72 87 6 16 35 39 58 68 69 63 65 30 34 48 52
74 73 74 20 56 37 49 72 87 6 16 35 13 68 69 76 7 43 44 55 58 67 73
57 75 57 72 87 6 16 29 48 75
65 83 65 30 48 75 80 81 83
31 73 31 68 74 7 14 37 49 69 63 65 30 44 55 67 73
9 71 9 62 59 64 71
87 51 87 6 37 51
40 30 40 68 69 76 30
8 70 8 62 70
31 30 31 43 87 6 16 35 39 76 30
68 51 68 69 63 65 30 44 55 58 67 72 87 6 37 51
39 64 39 65 30 48 52 64
74 52 74 7 57 72 87 6 31 43 52
4 77 4 74 7 43 52 77
76 30 76 7 62 72 87 6 16 35 13 20 40 25 38 26 42 30
33 29 33 62 72 87 6 16 29
18 80 18 58 68 74 20 56 37 52 80
30 83 30 34 79 83
11 71 11 59 64 71
7 84 7 62 72 87 6 16 35 13 28 41 57 63 65 30 34 79 84
13 29 13 29
62 64 62 72 87 6 37 48 52 64
85 58 85 25 63 65 30 44 55 67 72 87 6 31 68 74 20 39 58
18 70 18 20 39 76 7 14 42 62 70
31 79 31 34 79
62 57 62 72 87 6 16 35 13 74 7 57
14 71 14 34 48 52 71
85 84 85 25 40 68 34 79 84
57 50 57 63 65 51 67 72 87 6 16 35 39 76 7 43 44 55 58 68 74 20 56 37 49 41 50
33 83 33 51 67 72 87 6 31 43 52 80 81 83
4 32 4 23 32
33 48 33 51 67 72 87 6 31 34 48
4 16 4 74 20 39 7 57 63 65 30 44 55 67 72 87 6 16
51 48 51 67 72 87 6 31 43 44 55 58 68 34 48
14 58 14 42 30 44 55 58
85 20 85 25 40 68 74 20
1 88 1 7 57 72 88
31 13 31 56 74 20 40 68 69 63 65 30 44 55 67 72 87 6 16 35 13
25 71 25 38 65 51 67 72 87 6 37 59 64 71
3 27 3 27
87 70 87 6 37 76 7 62 70
13 73 13 74 7 62 72 87 6 16 35 39 65 30 44 55 67 73
8 84 8 28 68 74 7 43 44 79 84
39 84 39 76 7 62 72 87 6 31 34 79 84
9 61 9 20 40 68 74 7 62 72 87 6 31 56 25 33 61
38 78 38 26 42 62 72 87 6 16 35 39 7 57 78
76 70 76 7 43 87 6 37 49 41 70
85 55 85 25 63 65 30 44 55
28 79 28 35 13 20 39 7 57 63 65 51 67 72 87 6 31 43 44 79
58 61 58 68 74 7 14 25 33 61
14 70 14 25 33 49 76 7 62 70
28 51 28 68 69 76 30 44 55 67 72 87 6 37 51
2 23 2 23
46 60 46 43 44 55 67 72 87 6 16 35 13 60
39 55 39 87 6 31 43 44 55
28 33 28 68 74 20 40 25 33
69 80 69 76 7 14 25 35 13 29 48 52 80
14 83 14 25 63 65 30 34 48 75 80 81 83
85 48 85 25 62 72 87 6 31 43 44 55 58 68 74 7 14 37 48
9 84 9 62 72 87 6 37 49 76 30 34 79 84
18 44 18 76 30 44
6 75 6 16 29 48 75
35 55 35 39 76 7 14 25 40 68 69 63 65 30 44 55
20 79 20 40 68 34 79
22 48 22 31 68 34 48
39 75 39 87 6 31 68 34 48 75
22 63 22 51 67 72 87 6 16 35 39 65 30 44 55 58 68 74 20 56 37 49 69 63
40 25 40 25
18 41 18 76 7 14 42 51 67 72 87 6 37 49 41
76 6 76 30 44 55 67 72 87 6
11 88 11 63 65 30 48 88
7 86 7 62 59 64 86
15 30 15 30
56 25 56 25
21 84 21 26 28 87 6 31 68 69 76 30 34 79 84
1 89 1 89
14 29 14 37 51 67 72 87 6 16 29
85 57 85 25 40 68 74 7 57
6 75 6 31 68 34 48 75
3 30 3 9 20 55 58 67 72 87 6 16 35 13 74 7 57 63 65 30
39 72 39 65 30 44 55 67 72
76 16 76 7 43 87 6 16
74 20 74 20
19 20 19 62 72 87 6 16 35 13 20
33 50 33 49 72 87 6 16 35 13 68 74 20 56 25 38 26 42 7 14 28 41 50
14 33 14 25 33
69 25 69 63 65 51 67 72 87 6 37 49 76 7 14 25
3 50 3 38 65 30 44 55 67 72 87 6 16 35 13 68 74 20 40 25 33 49 41 50
35 43 35 13 28 37 72 87 6 31 43
65 59 65 51 67 72 87 6 31 56 37 49 59
18 75 18 58 68 74 7 62 72 87 6 31 34 48 75
87 70 87 6 37 76 7 14 28 68 69 70
26 67 26 28 41 76 7 57 72 87 6 31 43 44 55 67
43 80 43 87 6 37 52 80
37 86 37 49 72 86
37 61 37 51 67 72 87 6 31 56 25 33 61
19 86 19 56 37 76 7 43 44 55 67 72 86
8 58 8 28 37 51 67 72 87 6 31 68 74 20 39 65 30 44 55 58
35 59 35 59
8 75 8 41 57 72 87 6 31 56 25 40 68 34 48 75
18 59 18 58 68 34 59
27 80 27 44 55 67 72 87 6 31 56 37 76 7 43 52 80
31 51 31 56 37 76 30 44 55 58 68 69 63 65 51
4 57 4 30 44 55 67 72 87 6 16 35 13 74 20 56 37 76 7 57
22 52 22 34 48 52
11 13 11 68 74 7 14 42 51 67 72 87 6 16 35 13
8 63 8 40 25 63
9 67 9 20 56 74 7 14 37 76 30 44 55 67
69 89 69 63 65 30 34 48 52 77 89
18 78 18 30 44 55 58 67 72 87 6 37 49 41 57 78
4 26 4 30 44 55 58 67 72 87 6 37 76 7 14 25 38 26
42 30 42 62 72 87 6 37 76 7 43 44 55 58 68 74 20 56 25 35 39 65 30
22 77 22 43 44 55 67 72 87 6 16 35 13 20 39 7 57 63 65 30 34 48 52 77
68 43 68 74 7 14 37 51 67 72 87 6 31 43
46 72 46 13 20 56 37 76 7 14 42 51 67 72
76 29 76 7 43 87 6 16 35 13 29
19 29 19 33 49 76 30 44 55 58 68 74 20 39 87 6 16 35 13 29
28 16 28 87 6 16
35 78 35 13 68 78
39 83 39 76 7 57 63 65 30 34 79 83
65 51 65 51
8 33 8 41 57 72 87 6 16 35 13 26 28 68 74 20 56 25 33
38 48 38 65 30 34 48
85 20 85 25 63 65 30 44 55 67 72 87 6 16 35 13 74 20
6 44 6 37 76 30 44
3 83 3 37 49 41 57 63 65 51 80 81 83
38 83 38 65 30 34 48 75 80 81 83
18 63 18 58 68 69 76 7 57 63
51 52 51 67 72 87 6 16 29 48 52
68 29 68 74 20 55 67 72 87 6 16 29
27 75 27 44 55 67 72 87 6 37 48 75
49 50 49 41 50
62 6 62 72 87 6
8 37 8 41 63 65 51 67 72 87 6 37
22 60 22 51 67 72 87 6 37 49 41 50 60
15 71 15 22 51 67 72 87 6 16 29 48 52 64 71
38 81 38 26 42 7 14 28 35 13 20 56 37 72 87 6 31 68 34 48 75 80 81
15 25 15 22 51 67 72 87 6 37 76 7 14 28 35 13 26 42 30 44 55 58 68 74 20 56 25
31 57 31 43 44 55 67 72 87 6 37 76 7 57
58 61 58 68 74 20 40 25 33 61
68 43 68 69 63 65 30 44 55 58 67 72 87 6 16 35 39 76 7 43
1 75 1 34 48 75
21 60 21 58 68 74 20 39 87 6 16 35 13 60
68 58 68 74 20 39 58
22 43 22 43
14 43 14 28 41 49 69 63 65 30 44 55 67 72 87 6 31 43
1 72 1 39 76 30 44 55 58 67 72
14 89 14 89
35 41 35 39 76 30 44 55 58 68 69 63 65 51 67 72 87 6 37 49 41
11 84 11 68 69 76 7 62 72 87 6 31 43 44 79 84
30 80 30 48 75 80
46 7 46 13 68 69 63 65 30 44 55 67 72 87 6 31 56 74 20 39 7
85 89 85 89
76 26 76 7 62 72 87 6 16 35 13 26
27 73 27 44 55 58 68 69 76 7 57 72 87 6 37 51 67 73
42 81 42 62 70 81
46 57 46 43 87 6 16 35 13 74 7 57
40 30 40 25 62 72 87 6 31 68 74 7 57 63 65 30
18 79 18 58 68 34 79
87 51 87 6 37 51
51 29 51 67 72 87 6 16 29
46 67 46 43 44 55 58 68 74 20 56 25 35 13 26 42 7 57 63 65 51 67
13 83 13 83
85 34 85 25 33 51 67 72 87 6 16 35 39 76 7 14 34
42 82 42 51 59 64 71 82
65 30 65 51 67 72 87 6 37 76 30
33 67 33 51 67
46 16 46 13 68 74 20 39 76 30 44 55 58 67 72 87 6 16
42 48 42 62 72 87 6 16 29 48
39 58 39 7 62 72 87 6 16 35 13 28 68 69 63 65 30 44 55 58
65 79 65 51 67 72 87 6 16 35 39 58 68 34 79
85 60 85 25 38 65 51 67 72 87 6 37 49 41 50 60
74 80 74 7 43 44 55 58 67 72 87 6 37 51 80
69 52 69 63 65 30 48 52
37 29 37 76 30 44 55 58 68 74 20 39 87 6 16 29
35 51 35 13 28 6 37 51
1 29 1 51 67 72 87 6 16 35 13 29
19 73 19 62 72 87 6 16 35 39 65 51 67 73
23 44 23 49 69 76 30 44
42 20 42 62 72 87 6 37 49 76 7 14 28 35 13 74 20
31 89 31 34 59 89
19 82 19 64 71 82
1 60 1 49 41 50 60
15 43 15 30 44 55 67 72 87 6 31 43
58 48 58 68 69 63 65 30 48
87 51 87 6 37 76 7 57 63 65 51
85 57 85 25 63 65 51 67 72 87 6 37 76 7 57
62 80 62 72 87 6 16 29 48 52 80
76 25 76 30 44 55 67 72 87 6 16 35 13 20 56 25
19 44 19 43 44
69 67 69 63 65 30 44 55 67
1 78 1 51 67 72 87 6 16 35 39 76 7 43 44 55 58 68 74 20 40 78
15 20 15 22 31 68 74 7 57 63 65 30 44 55 67 72 87 6 16 35 13 20
3 55 3 9 20 56 25 63 65 51 67 72 87 6 16 35 13 28 37 76 7 14 42 30 44 55
35 29 35 39 7 43 87 6 16 29
4 66 4 23 66
7 50 7 43 44 55 67 72 87 6 37 49 41 50
57 44 57 72 87 6 31 43 44
35 73 35 13 28 87 6 37 51 67 73
18 44 18 30 44
57 79 57 63 65 51 67 72 87 6 31 34 79
49 41 49 41
1 32 1 2 23 32
15 33 15 22 43 44 55 58 68 74 7 14 25 33
25 61 25 33 61
40 7 40 25 38 63 65 51 67 72 87 6 16 35 39 7
35 30 35 13 28 37 72 87 6 31 68 69 76 30
38 64 38 26 28 6 37 52 64
76 51 76 7 62 72 87 6 31 56 74 20 39 65 51
87 73 87 6 31 56 37 49 41 76 30 44 55 67 73
58 50 58 68 74 20 40 25 63 65 51 67 72 87 6 37 49 41 50
56 82 56 37 76 30 48 75 82
14 51 14 25 38 26 42 30 44 55 67 72 87 6 37 49 41 76 7 57 63 65 51
22 29 22 43 87 6 16 29
49 72 49 72
76 26 76 7 43 44 55 67 72 87 6 16 35 13 26
27 79 27 44 55 58 68 34 79
40 67 40 25 35 39 76 30 44 55 58 67
2 52 2 23 49 76 30 44 55 67 72 87 6 31 56 37 48 52
18 63 18 30 44 55 58 68 69 63
20 86 20 40 68 69 63 65 51 86
13 55 13 20 39 58 68 69 76 7 57 63 65 30 44 55
56 26 56 74 20 39 87 6 16 35 13 26
69 61 69 63 65 30 44 55 58 68 74 20 40 25 33 61
21 71 21 42 7 43 44 55 67 72 87 6 37 51 59 64 71
58 55 58 67 72 87 6 16 35 39 76 30 44 55
69 88 69 63 65 51 67 72 88
13 73 13 68 74 7 43 44 55 67 73
37 79 37 76 7 62 72 87 6 31 34 79
46 67 46 13 74 7 62 72 87 6 37 49 76 30 44 55 58 68 69 63 65 51 67
33 61 33 61
11 34 11 68 69 76 30 34
49 57 49 41 57
19 80 19 62 72 87 6 16 35 13 26 28 37 49 41 63 65 51 80
27 83 27 44 55 67 72 87 6 16 29 48 75 80 81 83
56 52 56 74 7 57 63 65 30 34 48 52
15 63 15 30 44 55 67 72 87 6 31 68 69 63
38 84 38 65 51 67 72 87 6 31 34 79 84
13 83 13 28 41 49 72 87 6 16 29 48 52 80 81 83
28 44 28 41 76 7 57 63 65 30 44
74 44 74 7 57 72 87 6 31 68 69 63 65 30 44
74 84 74 20 39 87 6 37 76 7 43 44 79 84
85 84 85 25 38 65 51 67 72 87 6 31 43 44 55 84
2 20 2 33 49 41 63 65 51 67 72 87 6 31 68 74 20
11 67 11 63 65 30 44 55 67
18 73 18 58 68 69 76 30 44 55 67 73
14 88 14 37 51 67 72 88
76 84 76 30 34 79 84
76 75 76 7 43 44 55 67 72 87 6 37 49 41 63 65 30 34 48 75
65 84 65 51 67 72 87 6 37 76 30 44 84
42 52 42 51 67 72 87 6 37 52
23 48 23 37 72 87 6 16 29 48
26 81 26 42 30 44 55 58 68 74 7 57 63 65 51 67 72 87 6 31 43 52 80 81
16 55 16 87 6 31 56 74 7 57 63 65 30 44 55
15 16 15 22 31 68 74 7 57 63 65 51 67 72 87 6 16
26 44 26 28 35 13 20 55 67 72 87 6 31 43 44
49 63 49 69 63
41 81 41 57 72 87 6 31 34 48 52 80 81
65 71 65 30 44 55 58 68 74 20 40 25 62 59 64 71
1 82 1 39 7 14 37 48 75 82
87 52 87 6 37 48 52
56 43 56 37 51 67 72 87 6 31 43
76 82 76 30 48 75 82
39 34 39 76 30 34
39 84 39 7 43 87 6 31 56 37 49 76 30 34 79 84
69 20 69 76 30 44 55 67 72 87 6 16 35 13 74 20
2 48 2 33 51 67 72 87 6 37 49 76 7 43 44 55 58 68 69 63 65 30 34 48
15 6 15 22 31 56 25 62 72 87 6
26 50 26 28 41 50
46 44 46 13 26 42 51 67 72 87 6 16 35 39 65 30 44
35 20 35 39 65 30 44 55 58 68 74 20
41 52 41 76 30 44 55 67 72 87 6 31 43 52
39 6 39 76 7 14 42 51 67 72 87 6
1 23 1 2 23
40 79 40 68 69 76 30 44 79
31 55 31 43 87 6 16 35 39 7 14 42 30 44 55
1 34 1 2 56 25 33 62 72 87 6 37 76 7 14 34
2 6 2 23 49 41 76 30 44 55 67 72 87 6
14 43 14 28 41 57 63 65 30 44 55 67 72 87 6 16 35 39 76 7 43
63 52 63 65 51 67 72 87 6 16 35 39 7 14 42 30 34 48 52
38 63 38 63
20 84 20 55 84
62 79 62 72 87 6 31 43 44 79
74 82 74 7 43 44 55 58 68 34 48 52 64 82
42 41 42 30 44 55 67 72 87 6 16 35 13 26 28 41
46 60 46 13 60
21 57 21 42 62 72 87 6 16 35 39 76 7 57
56 25 56 37 76 30 44 55 67 72 87 6 16 35 13 20 40 25
2 89 2 56 25 62 59 89
31 58 31 68 69 63 65 51 67 72 87 6 16 35 39 76 30 44 55 58
27 55 27 44 55
15 16 15 26 42 30 44 55 67 72 87 6 16
4 78 4 7 43 44 55 58 68 78
4 23 4 23
85 43 85 25 35 39 76 7 43
38 86 38 26 42 7 57 72 86
26 73 26 73
39 89 39 7 14 59 89
33 55 33 49 76 7 14 28 35 39 65 30 44 55
56 20 56 74 20
2 58 2 33 49 69 63 65 51 67 72 87 6 37 76 30 44 55 58
65 63 65 51 67 72 87 6 16 35 13 26 42 30 44 55 58 68 69 63
1 78 1 2 33 49 41 57 78
38 77 38 63 65 51 67 72 87 77
46 78 46 13 28 41 63 65 30 44 55 58 68 78
8 89 8 41 63 65 30 44 55 58 67 72 87 6 31 59 89
38 25 38 26 28 68 74 20 40 25
74 78 74 7 62 72 87 6 16 35 39 58 68 78
2 67 2 13 20 55 67
27 84 27 44 84
23 67 23 37 51 67
87 78 87 6 31 56 74 20 40 78
42 78 42 62 72 87 6 31 43 44 55 58 68 74 20 39 76 7 14 25 40 78
40 77 40 25 38 63 65 51 67 72 87 77
21 81 21 13 68 74 20 56 37 48 52 80 81
63 55 63 65 30 44 55
38 34 38 26 28 6 37 49 76 30 34
18 71 18 58 68 74 7 57 72 87 6 37 48 52 64 71
30 52 30 44 55 67 72 87 6 16 35 39 76 7 43 52
27 71 27 44 55 58 68 74 20 39 7 62 72 87 6 16 29 48 52 71
8 41 8 41
42 81 42 51 67 72 87 6 37 52 80 81
69 52 69 76 30 44 55 58 68 74 7 57 72 87 6 16 29 48 52
30 55 30 44 55
16 48 16 35 39 76 7 14 42 51 67 72 87 6 31 56 25 33 49 41 57 63 65 30 48
38 55 38 65 51 67 72 87 6 31 43 44 55
22 43 22 31 43
4 30 4 74 7 57 63 65 30
62 86 62 72 86
57 29 57 72 87 6 16 29
76 80 76 7 57 72 87 6 37 51 80
42 33 42 30 44 55 58 67 72 87 6 37 49 76 7 14 25 33
41 86 41 57 63 65 30 44 55 58 68 34 86
11 67 11 68 69 76 30 44 55 58 67
76 7 76 7
40 70 40 68 74 20 55 58 67 72 87 6 31 56 37 76 7 62 70
39 13 39 58 68 74 7 14 37 76 30 44 55 67 72 87 6 16 35 13
39 63 39 58 68 69 76 7 62 72 87 6 37 49 41 63
31 48 31 43 44 55 67 72 87 6 16 29 48
68 41 68 69 76 7 62 72 87 6 37 49 41
15 78 15 26 28 35 13 68 78
57 67 57 72 87 6 16 35 39 76 30 44 55 67
6 81 6 31 56 74 20 39 58 68 34 48 75 80 81
38 59 38 63 65 30 44 55 58 67 72 87 6 16 35 59
14 58 14 37 76 30 44 55 58
42 81 42 51 67 72 87 6 31 43 44 55 58 68 69 63 65 30 48 52 80 81
62 26 62 72 87 6 31 68 74 20 40 25 35 13 26
31 59 31 34 59
18 43 18 58 68 69 76 30 44 55 67 72 87 6 31 43
27 80 27 44 55 67 72 87 6 16 35 39 65 51 80
38 52 38 63 65 30 44 55 67 72 87 6 31 34 48 52
37 81 37 48 52 80 81
58 83 58 68 74 7 62 72 87 6 31 34 48 75 80 81 83
68 73 68 74 7 57 72 87 6 37 51 67 73
63 52 63 65 30 44 55 67 72 87 6 16 29 48 52
20 84 20 39 58 68 74 7 62 72 87 6 37 76 30 44 55 84
14 59 14 34 59
21 33 21 13 28 37 49 76 7 14 25 33
40 29 40 68 69 63 65 51 67 72 87 6 16 29
76 51 76 30 44 55 58 67 72 87 6 31 56 25 38 63 65 51
76 64 76 7 43 87 6 31 34 48 52 64
18 25 18 22 51 67 72 87 6 31 43 44 55 58 68 74 20 40 25
46 6 46 43 87 6
69 52 69 63 65 51 67 72 87 6 37 48 52
40 82 40 68 34 48 75 82
23 52 23 49 41 57 63 65 30 34 48 52
63 50 63 65 30 44 55 58 68 69 76 7 57 72 87 6 37 49 41 50
69 61 69 76 7 57 72 87 6 31 56 25 33 61
26 67 26 42 51 67
37 71 37 76 7 64 71
21 58 21 58
74 50 74 20 39 58 68 69 76 7 14 37 72 87 6 16 35 13 28 41 50
31 88 31 68 34 79 88
1 55 1 7 14 28 87 6 16 35 13 74 20 55
76 88 76 7 43 87 6 16 29 48 88
76 64 76 30 44 55 58 68 69 63 65 51 59 64
76 25 76 30 44 55 58 68 74 20 40 25
38 26 38 26
85 34 85 25 63 65 30 34
18 83 18 22 43 52 80 81 83
21 43 21 13 68 74 7 43
3 86 3 27 44 55 67 72 87 6 16 29 48 52 64 86
27 48 27 44 55 58 68 74 7 57 72 87 6 37 76 30 34 48
19 83 19 62 72 87 6 37 76 30 48 52 80 81 83
38 79 38 63 65 30 34 79
8 71 8 9 20 56 74 7 14 34 48 52 64 71
31 82 31 43 44 55 58 67 72 87 6 16 29 48 75 82
38 63 38 26 28 37 76 7 57 63
62 81 62 72 87 6 37 76 7 57 63 65 51 80 81
62 6 62 72 87 6
28 81 28 68 69 63 65 51 80 81
28 51 28 68 74 20 55 67 72 87 6 37 49 76 7 57 63 65 51
35 88 35 13 28 6 88
28 50 28 41 50
74 83 74 7 14 25 40 70 81 83
62 7 62 72 87 6 31 68 74 20 39 7
18 41 18 76 30 44 55 67 72 87 6 37 49 41
72 80 72 87 6 31 43 52 80
46 26 46 43 87 6 16 35 13 26
20 61 20 55 58 68 69 76 7 57 63 65 51 67 72 87 6 31 56 25 33 61
85 13 85 25 35 13
28 77 28 37 76 30 34 48 52 77
39 60 39 65 30 44 55 58 68 74 7 62 72 87 6 16 35 13 26 28 60
14 48 14 34 48
18 37 18 58 67 72 87 6 37
46 67 46 13 28 87 6 16 35 39 7 43 44 55 58 67
30 79 30 44 79
85 26 85 25 38 26
38 29 38 26 28 87 6 16 35 13 29
28 78 28 41 57 78
85 71 85 25 62 72 87 6 37 49 76 30 34 59 64 71
31 48 31 68 34 48
85 63 85 25 38 63
22 37 22 31 68 74 7 14 28 35 13 26 42 51 67 72 87 6 37
1 33 1 2 33
13 75 13 29 48 75
22 51 22 43 87 6 31 68 69 63 65 51
18 37 18 58 67 72 87 6 37
14 29 14 28 35 13 29
22 26 22 31 56 74 20 40 68 69 76 7 57 72 87 6 16 35 13 26
41 83 41 49 69 70 81 83
40 84 40 25 62 72 87 6 16 35 39 76 30 44 79 84
39 57 39 76 7 57
25 80 25 40 68 74 7 14 34 48 52 80
3 29 3 9 20 39 65 51 67 72 87 6 16 29
40 26 40 68 74 7 43 87 6 16 35 13 26
49 89 49 76 30 44 79 84 89
6 44 6 31 43 44
11 57 11 63 65 51 67 72 87 6 31 43 44 55 58 68 74 20 39 76 7 57
41 52 41 49 69 63 65 30 34 48 52
58 55 58 67 72 87 6 31 43 44 55
42 82 42 7 57 72 87 6 37 76 30 44 55 67 82
42 84 42 7 43 44 79 84
39 50 39 7 57 63 65 30 44 55 67 72 87 6 37 49 41 50
39 57 39 58 68 74 7 57
35 37 35 39 7 57 63 65 30 44 55 58 68 74 20 40 25 62 72 87 6 37
64 86 64 86
