38 63 38 65 9 36 50 82 44 55 58 77 79 88 12 45 64 0 20 39 63
39 20 39 65 9 36 50 82 44 55 67 72 87 78 10 17 20
21 52 21 42 51 59 24 27 36 37 52
21 48 21 42 62 13 0 20 56 16 35 39 58 77 79 88 48
88 84 88 48 52 77 79 84
18 51 18 51
16 73 16 35 64 0 13 74 58 68 72 87 78 44 55 67 73
31 36 31 16 87 72 88 12 24 27 36
51 44 51 67 72 44
59 55 59 5 75 88 48 52 64 44 55
65 80 65 77 79 88 12 66 78 10 30 50 82 44 55 58 68 72 53 80
8 36 8 9 36
74 16 74 6 31 16
22 36 22 34 59 24 27 78 10 17 20 40 68 9 36
69 71 69 51 67 72 88 48 75 82 44 55 58 68 9 20 56 74 6 37 52 64 71
65 34 65 9 50 82 44 55 67 72 87 78 10 30 34
2 9 2 9
49 33 49 72 53 88 12 24 27 36 37 51 17 33
38 24 38 16 29 48 88 12 24
34 55 34 79 88 48 75 82 44 55
21 26 21 26
68 75 68 69 76 27 78 10 17 70 29 48 75
82 71 82 44 55 58 67 72 87 78 10 30 48 52 64 71
57 45 57 12 45
1 24 1 2 33 51 59 24
88 71 88 48 52 71
69 37 69 51 17 20 48 88 12 37
1 86 1 78 10 17 33 49 72 86
82 44 82 44
78 71 78 10 24 71
2 30 2 56 27 36 59 5 75 82 44 79 88 48 52 64 0 20 40 78 10 30
38 45 38 16 35 41 63 29 48 75 88 12 45
42 48 42 62 72 87 78 10 24 27 44 79 88 48
42 82 42 70 29 48 75 88 12 37 52 64 82
8 51 8 41 45 50 82 44 55 58 68 69 51
49 45 49 76 37 51 17 33 45
56 30 56 64 71 82 44 79 88 48 52 77 55 67 72 87 78 10 30
6 24 6 88 12 24
22 32 22 9 62 20 32
28 17 28 87 78 10 17
41 29 41 63 29
11 54 11 78 10 17 58 54
46 89 46 60 84 89
3 80 3 82 44 55 58 77 79 88 48 75 80
77 54 77 55 58 54
42 13 42 62 13
68 44 68 9 62 13 20 56 27 44
65 58 65 77 55 58
15 54 15 30 48 75 82 44 55 58 54
14 53 14 28 64 82 44 55 58 68 72 53
11 17 11 70 29 48 88 12 72 44 55 58 68 69 51 17
4 88 4 49 76 27 5 52 71 82 44 55 58 67 72 88
68 61 68 69 51 17 33 61
85 33 85 23 66 77 79 88 48 52 71 82 44 55 58 67 72 87 78 10 17 33
28 51 28 68 69 51
21 83 21 20 56 74 58 81 83
42 51 42 51
70 24 70 29 48 75 88 12 24
68 72 68 9 50 82 44 55 67 72
30 29 30 50 82 44 79 88 12 29
18 17 18 51 17
85 63 85 57 63
72 84 72 53 84
37 5 37 59 5
8 33 8 40 25 85 88 12 45 64 71 82 44 55 58 67 72 87 78 10 17 33
4 58 4 74 6 31 16 45 64 44 55 58
27 36 27 36
87 37 87 72 53 88 12 37
82 80 82 44 55 58 68 72 88 48 75 80
11 16 11 59 64 0 10 30 52 71 82 44 55 67 72 53 88 12 37 76 27 5 6 16
28 64 28 64
76 77 76 37 77
38 63 38 16 35 39 63
19 0 19 56 82 44 55 67 72 87 78 10 48 52 64 0
72 55 72 44 79 88 48 52 77 55
31 71 31 43 52 64 71
1 43 1 2 9 36 37 48 75 82 44 79 88 12 24 27 5 52 77 55 67 72 87 78 10 17 58 68 69 51 59 64 0 13 20 56 74 6 31 43
38 78 38 16 29 48 88 12 75 82 44 55 67 72 87 78
1 25 1 20 40 25
85 71 85 88 48 52 71
74 66 74 58 77 79 88 12 66
20 86 20 39 87 72 86
9 32 9 20 32
23 50 23 66 78 10 30 44 55 58 68 74 6 31 16 29 48 52 77 79 88 12 50
62 83 62 72 87 78 44 84 89 83
74 32 74 58 68 9 20 32
18 33 18 20 40 68 69 51 17 33
15 36 15 26 17 20 39 58 68 9 36
2 84 2 23 66 78 10 17 20 39 87 72 53 88 12 45 50 60 84
68 54 68 74 6 77 55 67 72 87 78 10 17 58 54
69 12 69 51 17 78 44 79 88 12
19 20 19 62 20
69 24 69 51 17 78 10 24
28 79 28 88 12 45 77 79
40 5 40 25 5
40 81 40 78 44 79 88 48 75 80 81
58 0 58 67 72 53 88 48 52 64 0
21 53 21 20 48 88 12 37 72 53
11 73 11 68 69 76 27 44 79 88 12 73
11 75 11 88 48 75
14 77 14 25 82 44 55 58 77
39 54 39 87 72 44 55 58 54
1 37 1 23 37
4 37 4 70 82 44 55 58 77 79 88 12 37
1 20 1 20
41 53 41 70 29 48 75 88 12 50 82 44 55 67 72 53
25 75 25 35 39 63 29 48 75
3 44 3 38 65 9 36 59 24 27 5 64 0 45 77 55 58 68 69 76 37 51 67 82 44
3 13 3 9 36 59 24 71 82 44 79 88 12 29 48 52 77 55 67 72 87 78 10 17 33 62 13
38 51 38 16 35 64 0 45 50 82 44 79 88 48 52 77 55 58 67 72 87 78 10 17 20 56 27 36 37 51
49 79 49 76 27 88 48 52 71 82 44 55 58 67 72 87 78 10 17 20 40 41 66 77 79
85 77 85 88 12 45 77
51 5 51 59 24 27 5
76 75 76 27 44 79 88 48 75
25 5 25 5
41 84 41 63 65 77 89 84
40 23 40 25 85 23
65 88 65 9 62 72 87 78 10 48 75 82 44 79 88
88 71 88 12 24 71
15 53 15 41 63 29 48 52 64 71 82 44 55 58 67 72 53
72 67 72 87 78 10 48 52 71 82 44 55 67
15 57 15 22 31 16 35 41 57
76 77 76 27 88 12 29 48 52 77
38 50 38 13 28 64 44 79 88 12 50
28 27 28 88 48 52 71 82 44 55 67 72 87 78 10 24 27
7 67 7 17 58 68 9 20 55 67
49 33 49 72 87 78 10 17 33
65 6 65 77 79 88 12 72 44 55 58 68 74 6
1 88 1 13 68 69 72 44 79 88
28 54 28 88 48 52 64 44 55 58 54
34 10 34 48 88 12 37 72 87 78 10
65 52 65 77 79 88 48 52
11 20 11 70 29 48 88 12 75 82 44 55 58 68 9 20
9 44 9 20 56 82 44
82 53 82 44 55 67 72 53
14 84 14 51 67 82 44 84
40 78 40 68 72 87 78
58 0 58 77 55 67 82 44 79 88 12 37 76 27 78 10 30 34 0
1 82 1 39 65 77 79 88 12 37 72 87 78 10 48 75 82
31 60 31 43 44 79 88 48 52 77 55 58 68 72 87 78 10 17 33 49 69 51 59 5 6 45 50 60
14 73 14 25 40 78 10 30 48 75 88 12 73
76 80 76 37 51 80
22 9 22 9
18 61 18 57 24 71 82 44 55 67 72 88 12 37 51 17 33 61
78 67 78 10 17 70 29 48 52 71 82 44 55 67
18 13 18 59 64 0 13
59 84 59 5 89 84
31 75 31 56 64 82 44 79 88 48 75
85 5 85 23 5
18 45 18 51 17 33 45
46 86 46 88 48 52 64 86
14 25 14 25
21 61 21 26 17 33 61
33 17 33 78 10 17
41 52 41 50 82 44 55 58 67 72 88 12 29 48 52
11 60 11 70 29 48 52 64 0 27 36 59 24 71 82 44 55 58 67 72 88 12 45 50 60
59 55 59 5 52 64 82 44 55
69 51 69 51
8 48 8 62 72 44 79 88 48
11 86 11 88 12 75 82 44 55 58 67 72 86
58 61 58 77 55 67 82 44 79 88 12 72 87 78 10 17 33 61
2 24 2 9 62 13 10 48 52 77 55 67 72 87 78 44 79 88 12 24
34 66 34 79 88 12 66
72 83 72 88 48 52 80 81 83
63 0 63 75 82 44 55 58 77 79 88 48 52 64 0
49 58 49 69 72 53 88 12 24 71 82 44 55 58
22 60 22 9 50 60
57 44 57 72 88 12 44
21 53 21 82 44 55 67 72 53
37 86 37 44 55 58 54 86
35 57 35 39 58 68 9 62 20 40 41 57
56 86 56 16 86
77 0 77 55 67 72 53 88 48 52 64 0
78 54 78 10 17 20 39 76 37 52 64 0 27 79 88 48 75 82 44 55 58 54
76 52 76 37 36 59 5 88 48 52
35 59 35 59
3 83 3 43 66 78 10 17 60 83
14 75 14 28 6 16 45 64 82 44 55 58 68 72 53 88 48 75
56 41 56 16 35 41
78 29 78 10 17 70 82 44 79 88 12 45 77 55 58 68 9 20 56 16 29
51 55 51 17 78 10 24 71 82 44 55
68 37 68 69 76 37
46 50 46 88 12 37 76 27 36 50
4 51 4 30 34 79 88 48 75 82 44 55 58 68 69 51
87 72 87 72
37 81 37 48 52 77 55 67 72 53 80 81
8 75 8 9 71 82 44 79 88 12 66 78 10 24 27 5 75
21 9 21 58 68 9
21 70 21 20 56 64 82 44 55 67 72 87 78 10 17 70
62 0 62 20 40 25 79 88 12 75 82 44 55 58 67 72 87 78 10 30 48 52 64 0
22 59 22 31 43 66 77 79 88 12 72 44 55 58 68 69 76 37 59
42 10 42 51 17 78 10
8 61 8 62 20 39 64 82 44 55 58 67 72 87 78 10 17 33 61
49 84 49 89 84
57 17 57 63 65 77 79 88 48 52 71 82 44 55 67 72 87 78 10 17
68 84 68 69 72 88 48 52 71 82 44 84
56 60 56 74 58 68 69 51 59 64 82 44 55 67 72 87 78 10 30 48 75 88 12 50 60
3 41 3 38 16 35 41
7 53 7 17 70 29 48 88 12 24 27 78 10 30 50 82 44 55 58 68 69 51 67 72 53
1 57 1 2 56 74 58 77 79 88 48 52 64 82 44 55 67 72 87 78 10 17 33 62 20 40 25 85 57
25 5 25 63 29 48 52 64 71 82 44 55 67 72 87 78 10 24 27 36 59 5
18 29 18 22 34 29
21 25 21 20 40 25
76 83 76 37 49 69 72 88 12 75 80 81 83
1 80 1 2 9 36 37 51 67 82 44 79 88 48 52 77 55 58 68 72 53 80
46 17 46 88 48 75 82 44 55 67 72 87 78 10 17
49 52 49 76 37 77 79 88 48 52
22 88 22 31 6 88
23 83 23 50 60 84 89 83
18 48 18 20 48
35 53 35 41 45 50 82 44 55 67 72 53
35 57 35 41 57
22 44 22 31 6 77 55 67 82 44
59 71 59 24 71
35 45 35 41 66 77 79 88 48 75 82 44 55 58 68 74 6 31 16 45
42 17 42 70 29 48 75 88 12 50 82 44 55 67 72 87 78 10 17
16 29 16 29
7 10 7 62 13 10
33 45 33 45
76 10 76 37 77 55 58 67 82 44 79 88 12 24 27 78 10
6 79 6 37 36 59 64 44 79
64 55 64 0 45 77 79 88 48 75 82 44 55
64 80 64 71 82 44 55 67 72 53 80
8 48 8 9 71 82 44 55 58 77 79 88 48
42 41 42 70 29 48 88 12 50 82 44 55 67 72 87 78 10 17 20 40 41
58 71 58 68 72 87 78 10 30 48 52 71
4 81 4 30 50 82 44 55 67 72 87 78 10 17 20 48 88 12 45 64 0 27 36 81
26 5 26 17 58 68 74 6 71 82 44 55 67 72 87 78 10 24 27 36 59 5
33 66 33 78 10 17 20 39 58 67 82 44 79 88 12 66
49 75 49 76 37 51 17 78 10 48 75
40 0 40 25 35 59 64 0
41 29 41 70 29
7 0 7 14 51 59 64 0
22 43 22 43
30 48 30 48
15 17 15 26 17
51 45 51 59 5 6 45
22 48 22 43 66 78 44 79 88 48
68 79 68 74 6 71 82 44 79
70 48 70 29 48
68 80 68 9 71 82 44 79 88 48 75 80
56 77 56 64 44 55 58 77
40 72 40 25 63 65 9 62 20 88 48 75 82 44 55 58 67 72
4 48 4 72 53 88 48
42 66 42 70 29 48 52 64 82 44 79 88 12 66
23 36 23 49 76 37 36
21 61 21 58 68 74 6 16 45 64 71 82 44 79 88 12 24 27 5 72 87 78 10 17 33 61
57 12 57 24 71 82 44 55 67 72 53 88 12
74 12 74 58 68 9 50 82 44 79 88 12
38 67 38 16 35 39 63 29 48 52 77 79 88 12 66 78 44 55 58 67
11 12 11 78 10 30 34 48 88 12
46 75 46 88 48 75
22 51 22 9 20 88 12 37 51
27 53 27 78 10 48 52 77 55 67 72 53
65 54 65 77 79 88 12 24 71 82 44 55 58 54
11 80 11 68 9 50 82 44 55 67 72 88 12 75 80
35 81 35 59 5 72 44 55 58 77 79 88 48 52 80 81
43 71 43 52 71
76 32 76 27 78 10 17 32
74 86 74 6 71 82 44 55 58 54 86
74 53 74 58 77 55 67 72 53
43 83 43 66 77 89 83
26 84 26 88 12 60 84
6 50 6 45 50
49 53 49 88 12 45 64 82 44 55 67 72 53
74 50 74 58 67 72 87 78 10 30 44 79 88 12 45 64 0 20 39 63 65 9 50
58 73 58 77 55 67 73
69 32 69 51 17 32
57 10 57 72 53 88 12 66 78 10
6 80 6 16 87 78 10 48 52 80
14 70 14 42 70
27 71 27 78 10 24 71
15 51 15 41 70 29 48 52 77 55 58 68 69 51
65 88 65 77 55 67 82 44 79 88
22 55 22 43 44 55
28 84 28 35 39 64 44 84
21 72 21 82 44 55 67 72
26 10 26 17 20 48 52 64 0 10
7 32 7 57 82 44 79 88 48 52 77 55 58 67 72 87 78 10 17 32
72 29 72 44 79 88 12 66 77 55 58 68 9 62 20 40 78 10 17 70 29
13 17 13 26 28 82 44 55 58 67 72 87 78 10 17
35 59 35 59
27 36 27 36
38 16 38 16
21 13 21 20 55 58 77 79 88 48 52 64 0 13
30 84 30 34 48 52 71 82 44 79 88 12 72 87 78 10 17 58 77 89 84
14 66 14 59 5 75 82 44 55 67 72 53 88 48 52 64 0 13 20 56 16 35 41 66
85 60 85 57 72 44 79 88 12 60
18 16 18 57 24 27 36 59 64 0 20 56 16
37 79 37 72 87 78 10 17 58 77 55 67 82 44 79
69 79 69 51 67 82 44 79
56 30 56 74 58 77 79 88 12 37 48 52 64 0 10 30
56 50 56 16 29 48 52 77 55 58 68 69 72 44 79 88 12 66 78 10 17 20 40 41 50
70 86 70 82 44 55 67 72 86
74 77 74 58 77
21 82 21 42 62 20 39 65 77 79 88 12 45 64 82
63 48 63 75 82 44 55 67 72 87 78 10 17 58 77 79 88 48
7 75 7 14 9 62 20 39 64 71 82 44 79 88 12 75
63 67 63 75 82 44 55 58 67
35 58 35 64 44 55 58
14 0 14 51 17 70 82 44 79 88 12 45 64 0
70 55 70 29 48 88 12 50 82 44 55
37 10 37 77 79 88 12 75 82 44 55 67 72 87 78 10
76 77 76 37 52 77
20 67 20 39 76 37 59 24 71 82 44 55 67
3 9 3 38 16 45 50 82 44 55 58 68 9
31 5 31 43 52 77 79 88 12 37 51 59 5
85 89 85 57 82 44 84 89
42 51 42 51
2 6 2 34 59 5 64 0 10 17 58 68 74 6
15 27 15 41 49 76 27
19 52 19 38 16 35 64 44 79 88 48 52
31 83 31 43 87 78 10 48 88 12 50 82 44 79 84 89 83
77 24 77 55 58 68 74 6 71 82 44 79 88 12 72 87 78 10 48 52 64 0 27 36 37 59 24
13 44 13 74 6 37 51 67 82 44
6 75 6 16 87 78 44 79 88 48 75
72 54 72 87 78 10 17 70 82 44 79 88 48 52 77 55 58 54
40 48 40 25 62 20 88 12 75 82 44 55 67 72 87 78 10 17 70 29 48
77 66 77 55 58 68 72 88 12 66
30 45 30 50 82 44 55 58 68 74 6 48 52 77 79 88 12 45
65 72 65 9 36 50 82 44 55 67 72
4 71 4 30 50 82 44 79 88 48 52 71
2 71 2 82 44 79 88 48 52 64 71
8 57 8 41 57
46 81 46 88 48 52 80 81
3 89 3 9 36 59 64 44 79 84 89
62 44 62 20 55 58 77 79 88 48 52 64 44
58 54 58 54
72 36 72 44 79 88 12 37 77 55 58 68 69 76 27 36
27 24 27 78 10 30 34 79 88 12 24
88 24 88 12 72 44 55 58 68 69 51 59 24
1 86 1 23 37 36 50 82 44 79 88 48 52 64 86
63 67 63 75 82 44 55 67
87 83 87 78 44 84 89 83
65 52 65 77 79 88 12 44 55 67 72 87 78 10 17 20 48 52
19 6 19 56 64 44 79 88 12 37 51 59 24 27 5 6
76 70 76 27 36 37 48 88 12 75 82 44 55 67 72 87 78 10 17 70
30 79 30 34 79
28 9 28 77 55 58 68 9
23 75 23 49 88 12 75
4 5 4 30 34 48 88 12 24 27 5
4 70 4 49 88 48 75 82 44 55 67 72 87 78 10 17 70
78 12 78 44 79 88 12
58 5 58 68 69 72 87 78 10 48 88 12 24 27 5
42 5 42 51 59 5
88 0 88 48 52 64 0
19 58 19 62 13 74 58
40 72 40 41 49 72
7 67 7 62 72 53 88 48 75 82 44 55 67
68 44 68 74 58 77 79 88 12 66 78 10 24 27 5 64 0 13 28 41 57 72 44
63 52 63 75 82 44 55 67 72 87 78 10 48 52
46 48 46 88 48
26 17 26 17
18 73 18 20 40 25 62 72 44 55 58 67 73
82 10 82 44 79 88 12 66 77 55 58 67 72 87 78 10
13 73 13 68 72 44 55 67 82 73
14 82 14 25 38 16 45 64 44 55 67 82
9 61 9 71 82 44 55 67 72 88 48 52 64 0 27 78 10 17 33 61
1 29 1 13 29
11 54 11 70 29 48 52 71 82 44 55 58 54
74 12 74 58 67 72 88 12
59 17 59 24 71 82 44 79 88 48 52 77 55 58 67 72 87 78 10 17
41 53 41 76 27 78 10 48 88 12 72 53
13 50 13 28 6 45 50
69 50 69 76 27 36 50
51 73 51 17 33 49 69 76 37 36 59 5 64 44 79 88 48 52 71 82 73
18 6 18 20 48 52 71 82 44 55 58 67 72 88 12 45 64 0 13 74 6
39 59 39 76 37 36 59
76 59 76 27 36 59
68 64 68 9 50 82 44 55 58 77 79 88 12 45 64
15 52 15 30 34 59 64 82 44 79 88 12 37 52
56 10 56 27 36 37 44 79 88 12 45 77 55 58 68 72 87 78 10
13 73 13 0 20 73
26 12 26 17 20 48 88 12
2 13 2 56 74 6 31 43 87 72 53 88 48 52 64 0 13
35 6 35 64 44 79 88 12 45 77 55 58 68 74 6
25 24 25 63 65 77 79 88 12 37 36 59 24
72 12 72 88 12
76 60 76 27 79 88 12 50 60
19 66 19 43 66
31 16 31 16
40 55 40 41 70 29 48 52 77 79 88 12 75 82 44 55
76 24 76 37 72 88 12 24
63 80 63 75 82 44 55 67 72 53 80
7 86 7 55 58 54 86
21 70 21 58 77 79 88 12 75 82 44 55 67 72 87 78 10 17 70
14 89 14 59 24 27 36 37 77 79 88 12 75 82 44 55 84 89
14 24 14 28 64 0 13 68 72 87 78 10 24
77 48 77 55 67 72 44 79 88 48
87 64 87 72 88 48 52 64
1 12 1 13 28 41 63 29 48 52 71 82 44 79 88 12
56 32 56 64 71 82 44 79 88 12 72 87 78 10 17 32
62 83 62 20 88 12 44 79 84 89 83
51 10 51 17 78 10
58 79 58 77 79
15 20 15 26 42 51 17 20
19 13 19 38 65 77 55 67 82 44 79 88 12 45 64 0 13
72 66 72 44 79 88 12 66
25 45 25 85 57 24 27 79 88 12 45
88 81 88 12 72 87 78 10 17 33 62 13 0 27 36 81
28 52 28 37 77 55 67 72 87 78 10 30 50 82 44 79 88 12 24 27 36 59 64 0 20 56 16 29 48 52
23 29 23 37 76 27 78 10 48 52 71 82 44 79 88 12 29
23 66 23 66
74 67 74 6 16 87 72 53 88 48 75 82 44 55 67
6 55 6 37 36 50 82 44 55
40 88 40 68 74 58 77 79 88
63 53 63 29 48 88 12 72 53
35 71 35 41 63 65 77 79 88 48 75 82 44 55 58 68 69 72 87 78 10 24 71
59 10 59 5 75 82 44 55 58 67 72 87 78 10
56 75 56 74 58 68 72 87 78 44 79 88 48 75
15 30 15 26 28 6 71 82 44 79 88 12 72 87 78 10 30
27 79 27 78 44 79
22 13 22 9 71 82 44 79 88 48 52 64 0 13
33 45 33 45
39 52 39 64 44 79 88 48 52
2 53 2 82 44 79 88 48 52 77 55 67 72 53
58 86 58 54 86
18 13 18 59 5 72 88 48 52 64 0 20 40 25 62 13
14 50 14 28 41 66 77 55 67 82 44 79 88 12 72 87 78 10 24 27 36 37 51 59 64 0 45 50
18 45 18 20 39 87 78 10 17 33 62 13 0 45
25 81 25 35 41 76 27 79 88 12 24 71 82 44 55 58 68 74 6 16 87 72 53 80 81
76 20 76 27 5 64 71 82 44 79 88 48 52 77 55 58 67 72 87 78 10 17 33 62 20
22 36 22 9 36
4 45 4 58 77 55 67 72 88 12 45
26 32 26 10 17 32
22 16 22 31 16
38 55 38 13 68 9 36 37 72 53 88 48 52 64 44 55
2 34 2 34
2 23 2 23
68 71 68 72 44 79 88 48 52 71
38 10 38 13 10
11 36 11 59 5 52 77 55 58 68 9 36
6 10 6 48 88 12 45 64 0 27 78 10
1 37 1 49 76 37
65 50 65 9 36 59 5 64 44 55 58 68 74 6 45 50
37 84 37 51 67 82 44 55 84
63 50 63 65 9 36 50
15 54 15 30 48 88 12 45 64 0 20 40 41 49 72 44 55 58 54
9 54 9 50 82 44 55 58 54
49 44 49 76 27 5 79 88 48 52 71 82 44
57 55 57 78 10 17 20 48 88 12 24 27 36 50 82 44 55
65 13 65 9 62 13
31 12 31 56 16 29 48 75 88 12
76 81 76 37 48 75 80 81
18 54 18 22 34 79 88 48 52 64 0 13 28 6 16 45 77 55 58 54
40 52 40 68 9 36 50 82 44 79 88 12 45 77 55 58 67 72 87 78 10 48 52
82 48 82 44 55 58 67 72 53 88 48
26 24 26 10 24
26 36 26 28 82 44 55 67 72 87 78 10 24 27 36
22 20 22 34 48 88 12 45 64 0 13 20
2 0 2 78 10 30 44 55 58 68 74 6 16 29 48 88 12 37 51 17 20 56 27 5 64 0
3 33 3 64 0 20 56 82 44 79 88 48 52 77 55 58 67 72 87 78 10 17 33
21 20 21 58 68 74 6 45 64 0 20
62 29 62 13 28 41 76 27 36 59 24 71 82 44 55 58 68 9 20 39 65 77 79 88 48 52 64 0 10 17 70 29
27 17 27 5 64 0 45 77 79 88 48 52 71 82 44 55 58 68 74 6 31 43 87 78 10 17
39 6 39 63 29 48 52 77 79 88 12 45 64 82 44 55 67 72 87 78 10 30 34 0 13 68 9 36 59 5 6
35 78 35 39 58 77 79 88 12 72 87 78
46 20 46 88 12 72 87 78 10 17 20
13 52 13 68 74 6 48 52
34 61 34 59 24 71 82 44 55 58 77 79 88 48 52 64 0 27 78 10 17 33 61
30 66 30 52 71 82 44 55 58 77 79 88 12 66
1 58 1 20 40 68 74 58
21 60 21 20 48 52 64 0 27 79 88 12 60
3 58 3 37 76 27 5 6 88 48 52 77 55 58
2 71 2 9 62 20 39 64 71
40 26 40 41 57 24 27 79 88 48 52 77 55 58 68 69 51 67 72 87 78 10 17 33 62 20 39 64 0 13 26
33 32 33 32
46 10 46 88 12 50 82 44 55 67 72 87 78 10
3 26 3 30 44 55 58 67 72 87 78 10 17 33 62 13 26
21 27 21 26 28 77 55 58 67 82 44 79 88 48 52 64 0 27
23 86 23 37 36 59 24 71 82 44 55 58 77 79 88 12 66 78 10 48 52 64 86
77 48 77 79 88 48
31 51 31 68 72 87 78 10 17 33 51
65 20 65 9 62 72 87 78 10 17 20
46 89 46 88 12 37 59 89
1 53 1 13 29 48 88 12 75 82 44 55 67 72 53
2 48 2 9 50 82 44 79 88 48
26 61 26 42 51 17 33 61
40 51 40 78 44 55 58 77 79 88 12 37 51
85 73 85 57 12 72 87 78 10 17 33 49 76 37 52 64 44 79 88 48 75 82 73
42 30 42 51 67 82 44 55 58 77 79 88 12 66 78 10 30
9 83 9 71 82 44 55 67 72 87 78 10 48 52 77 79 84 89 83
23 55 23 49 69 72 44 55
56 80 56 74 6 16 87 72 53 80
62 16 62 13 20 56 16
28 9 28 35 39 65 9
20 79 20 48 75 82 44 79
76 81 76 37 77 79 88 12 24 27 78 44 55 67 72 53 80 81
11 6 11 70 82 44 55 67 72 53 88 12 37 51 17 58 68 74 6
2 84 2 23 49 72 87 78 10 48 52 64 82 44 79 84
31 45 31 43 75 82 44 79 88 12 45
2 64 2 78 10 17 58 67 72 88 48 52 64
68 80 68 74 58 77 79 88 12 24 27 36 37 52 71 82 44 55 67 72 87 78 10 48 75 80
21 45 21 58 77 55 67 82 44 79 88 12 45
18 81 18 59 64 44 79 88 12 37 77 55 58 54 81
77 80 77 55 67 72 53 80
11 67 11 88 48 75 82 44 55 58 67
18 45 18 51 17 33 45
70 83 70 81 83
9 45 9 71 82 44 79 88 48 52 64 0 45
22 63 22 9 62 13 26 28 41 63
6 79 6 31 56 16 87 78 10 17 20 88 48 75 82 44 79
23 10 23 49 76 37 44 55 58 67 72 87 78 10
19 0 19 56 27 88 48 52 64 0
20 67 20 56 27 5 72 88 48 75 82 44 55 67
46 36 46 88 12 24 71 82 44 55 67 72 87 78 10 17 33 62 13 68 9 36
40 30 40 78 10 30
87 58 87 78 10 24 27 88 48 75 82 44 55 58
19 32 19 56 64 71 82 44 79 88 12 37 59 5 6 16 87 78 10 17 32
22 55 22 31 16 35 41 66 77 55
88 73 88 48 75 82 44 55 58 67 72 87 78 10 24 73
41 67 41 76 37 48 88 12 24 71 82 44 55 67
23 5 23 37 49 88 12 29 48 52 64 71 82 44 55 58 67 72 87 78 10 24 27 5
69 73 69 76 37 36 50 82 44 55 67 73
16 53 16 29 48 52 71 82 44 55 58 68 69 76 37 77 79 88 12 72 53
58 52 58 77 79 88 48 52
57 53 57 82 44 55 67 72 53
11 51 11 78 10 48 75 88 12 37 51
22 52 22 43 75 82 44 79 88 12 37 48 52
42 0 42 51 67 72 87 78 44 55 58 68 9 62 20 56 74 6 16 45 64 0
68 37 68 74 6 37
56 36 56 16 87 78 44 55 58 68 74 6 48 88 12 37 36
21 45 21 42 62 13 28 41 45
59 55 59 64 71 82 44 55
3 86 3 9 62 20 55 67 72 86
35 5 35 59 5
15 10 15 22 43 52 77 79 88 48 75 82 44 55 67 72 87 78 10
14 78 14 9 71 82 44 79 88 12 66 78
56 86 56 16 86
42 17 42 51 17
18 82 18 57 72 53 88 12 75 82
21 25 21 42 70 29 48 52 64 0 20 40 25
1 54 1 78 10 17 33 45 77 79 88 48 75 82 44 55 58 54
63 55 63 29 48 52 77 55
30 86 30 34 86
3 84 3 43 87 78 44 84
85 79 85 57 63 29 48 88 12 75 82 44 79
56 64 56 64
33 83 33 49 69 72 44 79 84 89 83
74 75 74 6 88 48 75
42 77 42 70 82 44 79 88 48 52 77
18 48 18 76 27 88 48
23 50 23 50
56 37 56 82 44 55 58 68 69 76 37
30 55 30 44 55
72 84 72 87 78 44 79 84
13 24 13 68 69 76 27 78 10 30 34 59 24
19 73 19 69 72 87 78 10 24 71 82 73
72 17 72 88 12 24 27 78 44 55 58 68 69 76 37 51 17
43 52 43 66 78 10 30 44 79 88 48 52
39 41 39 63 29 48 52 71 82 44 55 58 68 74 6 45 77 79 88 12 24 27 78 10 30 34 59 64 0 13 20 56 16 35 41
40 29 40 41 50 82 44 55 67 72 87 78 10 17 70 29
11 78 11 78
18 73 18 22 43 52 64 44 55 67 82 73
34 83 34 59 89 83
62 59 62 13 74 58 68 9 36 59
74 29 74 6 48 52 77 79 88 12 50 82 44 55 67 72 87 78 10 17 70 29
37 24 37 72 87 78 10 24
49 29 49 76 37 77 55 67 82 44 79 88 12 29
85 30 85 88 48 52 64 71 82 44 55 67 72 87 78 10 30
57 80 57 24 71 82 44 55 58 77 79 88 48 52 80
11 25 11 70 82 44 79 88 12 45 64 0 20 40 25
76 54 76 27 78 44 55 58 54
68 84 68 69 72 53 84
8 29 8 28 41 76 27 88 48 75 82 44 55 67 72 87 78 10 30 52 64 0 13 68 69 51 17 70 29
31 73 31 56 27 36 50 82 73
38 73 38 13 28 6 37 72 53 88 48 75 82 73
25 17 25 79 88 12 29 48 52 64 44 55 58 67 72 87 78 10 17
51 17 51 17
35 5 35 59 5
22 34 22 34
51 12 51 67 72 87 78 10 17 70 82 44 79 88 12
35 51 35 64 44 79 88 12 37 51
16 0 16 35 59 24 71 82 44 55 67 72 87 78 10 48 52 64 0
4 54 4 49 72 88 48 52 71 82 44 55 58 54
20 0 20 48 52 77 79 88 12 45 64 0
31 10 31 56 64 44 55 58 68 69 72 87 78 10
49 79 49 72 44 79
15 89 15 30 34 79 88 12 72 53 84 89
31 52 31 16 29 48 52
19 51 19 69 51
3 33 3 37 51 17 33
40 34 40 78 10 30 34
4 50 4 23 50
22 66 22 34 0 20 88 12 66
22 64 22 9 71 82 44 55 58 67 72 87 78 10 48 52 64
43 86 43 52 64 86
33 12 33 49 69 76 37 52 64 71 82 44 55 67 72 53 88 12
39 44 39 63 65 77 55 67 72 53 88 12 37 52 64 71 82 44
85 64 85 88 48 52 64
46 88 46 88
2 20 2 9 62 13 20
68 60 68 9 50 60
25 80 25 63 65 9 20 48 52 80
22 0 22 31 43 52 64 0
87 67 87 72 88 12 75 82 44 55 67
31 36 31 68 74 6 45 77 79 88 12 72 87 78 10 48 52 64 0 20 39 63 65 9 36
6 67 6 77 79 88 48 75 82 44 55 67
22 5 22 31 6 88 48 52 64 0 20 39 65 9 36 59 5
49 71 49 76 27 5 6 16 35 59 24 71
19 75 19 38 65 77 55 58 68 69 51 67 72 88 48 75
22 66 22 43 66
3 72 3 30 48 75 88 12 45 50 82 44 55 58 67 72
42 13 42 62 13
20 29 20 56 16 29
11 54 11 68 72 44 55 58 54
87 72 87 72
38 72 38 16 45 77 55 67 72
22 64 22 9 62 20 40 41 45 64
33 79 33 45 64 44 55 67 72 88 48 52 77 79
85 16 85 57 24 71 82 44 55 67 72 87 78 10 17 20 40 25 38 16
19 86 19 72 53 88 48 75 82 44 55 58 54 86
46 67 46 88 12 37 36 50 82 44 55 58 67
15 60 15 22 31 43 75 88 12 50 60
42 37 42 70 82 44 55 58 68 72 87 78 10 48 52 77 79 88 12 37
15 17 15 26 17
15 29 15 41 57 63 29
14 53 14 59 24 27 78 10 48 88 12 37 77 55 58 68 69 72 53
57 36 57 78 44 79 88 12 24 27 36
22 20 22 9 20
22 78 22 31 43 87 78
31 79 31 68 9 20 48 88 12 37 44 55 58 77 79
18 84 18 76 37 49 69 51 59 24 27 5 89 84
13 86 13 20 55 58 68 74 6 16 87 78 10 17 70 29 48 88 12 72 86
22 58 22 43 75 88 12 45 77 55 58
64 29 64 82 44 55 67 72 87 78 10 24 27 5 6 16 29
35 30 35 64 0 13 20 56 74 6 48 88 12 44 55 58 67 72 87 78 10 30
42 71 42 63 75 88 12 44 55 67 72 87 78 10 24 71
69 71 69 72 88 12 37 52 64 71
28 48 28 68 74 6 37 36 50 82 44 79 88 48
56 55 56 82 44 55
88 50 88 12 50
77 55 77 55
76 26 76 27 44 55 58 68 74 6 48 52 64 0 13 26
8 44 8 28 41 70 82 44
76 64 76 37 49 69 72 53 88 48 52 64
65 59 65 9 50 82 44 79 88 48 52 77 55 58 68 69 72 87 78 10 30 34 59
88 5 88 12 24 27 5
14 17 14 34 29 48 75 88 12 66 78 10 17
40 9 40 78 44 55 58 68 9
14 33 14 34 59 24 27 79 88 12 66 78 10 17 33
88 83 88 48 75 80 81 83
88 86 88 12 37 52 71 82 44 55 58 54 86
39 26 39 64 0 13 26
22 36 22 9 36
43 10 43 66 78 10
72 75 72 88 48 75
69 32 69 51 17 32
18 54 18 51 67 82 44 55 58 54
88 48 88 12 75 82 44 55 67 72 87 78 10 30 34 29 48
59 45 59 5 79 88 48 52 64 82 44 55 67 72 87 78 10 17 33 45
37 55 37 44 55
46 84 46 88 12 66 78 44 84
25 45 25 62 20 39 76 27 79 88 12 45
74 72 74 6 48 52 77 55 58 68 69 72
9 86 9 20 48 75 88 12 24 27 36 59 5 64 82 44 55 58 67 72 87 78 10 17 33 49 76 37 51 86
7 12 7 57 24 27 44 55 58 67 72 87 78 10 17 20 56 74 6 37 48 75 88 12
62 44 62 20 88 48 75 82 44
78 75 78 10 24 27 5 64 71 82 44 55 58 77 79 88 12 75
19 32 19 69 51 17 32
21 13 21 42 51 59 5 64 0 20 56 27 44 55 67 72 87 78 10 17 33 62 13
40 45 40 25 33 62 72 53 88 48 52 71 82 44 55 58 68 74 6 45
38 61 38 65 77 55 67 72 44 79 88 12 37 49 69 51 59 24 27 5 64 0 10 17 33 61
42 50 42 70 29 48 75 82 44 55 58 67 72 53 88 12 50
31 34 31 6 88 48 52 64 0 45 50 82 44 55 67 72 87 78 10 30 34
87 84 87 72 44 55 84
22 10 22 9 62 72 44 79 88 12 66 78 10
35 70 35 41 70
65 70 65 77 55 58 68 69 51 17 70
69 59 69 51 67 72 44 55 58 77 79 88 12 37 59
16 71 16 29 48 88 12 24 71
38 16 38 16
87 51 87 72 53 88 12 37 51
6 10 6 88 48 52 64 0 10
39 79 39 76 37 59 5 72 87 78 10 30 34 0 45 64 71 82 44 79
42 5 42 63 29 48 52 77 55 58 68 69 72 87 78 44 79 88 12 37 59 5
34 32 34 59 24 71 82 44 55 58 67 72 53 88 12 37 51 17 32
76 78 76 27 78
87 64 87 78 10 17 33 62 20 55 58 67 72 53 88 12 37 59 64
62 32 62 20 55 58 77 79 88 12 72 87 78 10 17 32
19 29 19 38 16 29
69 45 69 76 27 79 88 12 45
46 24 46 88 12 24
65 13 65 9 62 13
69 33 69 51 17 33
70 48 70 29 48
25 45 25 33 45
88 79 88 12 72 44 79
18 70 18 57 72 44 55 58 68 69 51 17 70
77 84 77 89 84
56 30 56 74 6 37 72 53 88 12 44 55 58 68 69 76 27 78 10 30
65 32 65 77 55 58 68 72 44 79 88 12 66 78 10 17 32
43 81 43 52 80 81
31 34 31 56 64 0 27 5 88 12 72 87 78 10 30 34
26 5 26 28 64 0 27 5
41 5 41 66 77 79 88 48 75 82 44 55 58 68 72 87 78 10 17 20 56 27 5
6 84 6 48 88 12 24 27 5 75 82 44 84
8 59 8 62 72 53 88 48 75 82 44 55 58 68 69 51 59
21 59 21 58 68 9 36 59
27 54 27 36 59 24 71 82 44 55 58 54
56 79 56 16 35 59 24 71 82 44 79
76 52 76 37 52
39 33 39 87 78 10 17 33
74 41 74 6 16 35 41
37 67 37 52 77 55 67
74 54 74 58 54
51 75 51 67 72 53 88 12 75
3 71 3 30 34 59 24 71
13 75 13 20 55 67 82 44 79 88 12 24 27 78 10 30 48 75
64 83 64 44 55 58 54 81 83
27 17 27 36 59 24 71 82 44 55 67 72 87 78 10 17
40 27 40 41 49 69 51 17 33 45 50 82 44 55 58 77 79 88 12 24 27
39 54 39 65 9 50 82 44 55 58 54
22 36 22 9 36
15 41 15 26 42 62 20 40 41
19 89 19 62 72 88 12 24 89
34 71 34 79 88 48 52 64 82 44 55 67 72 87 78 10 24 71
41 73 41 66 78 10 48 52 77 79 88 12 37 36 50 82 73
62 50 62 20 48 52 71 82 44 55 67 72 88 12 50
58 50 58 67 72 44 79 88 12 50
57 86 57 24 71 82 44 55 58 54 86
15 72 15 41 63 65 9 20 56 74 6 31 68 69 72
34 79 34 79
68 6 68 74 6
34 17 34 0 20 48 52 71 82 44 55 58 68 69 76 27 36 37 77 79 88 12 72 87 78 10 17
4 75 4 49 76 37 72 44 79 88 48 75
62 32 62 20 32
85 66 85 57 63 29 48 52 64 44 79 88 12 66
25 54 25 33 62 72 44 55 58 54
28 57 28 35 41 57
56 16 56 74 6 16
82 54 82 44 55 58 54
74 17 74 58 77 79 88 48 75 82 44 55 67 72 87 78 10 17
16 53 16 29 48 75 82 44 79 88 12 66 77 55 67 72 53
22 26 22 9 62 13 26
46 75 46 88 12 29 48 75
33 75 33 49 69 51 59 24 71 82 44 79 88 48 75
4 29 4 70 29
22 88 22 31 68 69 76 37 44 79 88
6 29 6 71 82 44 55 67 72 87 78 10 17 33 62 20 40 25 12 29
3 32 3 30 52 77 79 88 12 72 44 55 58 68 9 20 32
11 24 11 78 10 24
49 59 49 69 72 88 12 37 36 59
18 71 18 59 24 71
76 12 76 27 44 55 58 68 74 6 16 35 39 87 72 53 88 12
37 50 37 48 88 12 50
78 36 78 44 55 58 68 69 76 27 36
23 73 23 37 36 50 82 44 55 67 72 53 88 48 52 64 0 20 73
65 10 65 9 20 48 88 12 72 87 78 10
2 70 2 33 51 59 24 27 78 10 17 70
87 86 87 72 53 88 12 66 78 10 48 52 71 82 44 55 58 54 86
40 83 40 78 10 17 20 55 67 72 53 80 81 83
58 80 58 68 69 51 80
46 36 46 88 12 66 78 10 17 58 68 74 6 37 51 59 5 64 0 27 36
42 79 42 62 20 40 68 72 44 79
13 84 13 60 84
85 45 85 23 5 52 64 82 44 55 67 72 88 12 45
6 84 6 31 68 72 87 78 10 30 50 82 44 55 84
51 54 51 59 24 71 82 44 55 58 54
3 64 3 43 87 78 10 30 52 64
28 72 28 41 66 77 55 58 67 72
4 32 4 23 32
31 54 31 6 88 48 52 77 55 58 54
82 54 82 44 55 58 54
22 63 22 9 20 40 41 57 63
35 73 35 39 65 77 55 67 73
64 24 64 71 82 44 55 58 67 72 88 12 24
11 5 11 59 5
1 23 1 2 23
26 10 26 17 78 10
19 37 19 56 74 58 77 79 88 12 37
7 86 7 55 58 67 72 86
76 79 76 27 78 10 30 44 79
30 36 30 52 71 82 44 79 88 12 72 87 78 10 17 33 49 76 27 36
14 20 14 9 20
15 80 15 22 34 79 88 12 37 52 64 71 82 44 55 67 72 53 80
8 36 8 9 36
76 52 76 37 52
38 53 38 65 9 20 88 48 75 82 44 55 67 72 53
8 88 8 28 35 39 87 72 88
51 67 51 59 24 27 5 75 82 44 55 67
43 54 43 44 79 88 12 45 77 55 58 54
19 75 19 62 20 55 58 68 69 76 27 5 75
22 24 22 34 79 88 12 24
15 75 15 22 9 36 50 82 44 79 88 12 75
74 37 74 6 37
21 41 21 58 77 55 67 72 53 88 48 52 64 0 13 74 6 31 56 16 35 41
23 81 23 66 78 10 17 70 81
18 48 18 57 63 29 48
62 84 62 20 55 84
76 82 76 37 59 5 52 64 0 27 36 50 82
35 20 35 41 63 75 82 44 79 88 12 37 52 77 55 58 68 9 20
19 36 19 38 65 9 50 82 44 79 88 48 52 77 55 67 72 87 78 10 24 27 36
42 41 42 63 75 82 44 55 58 68 9 20 40 41
35 33 35 39 63 29 48 52 77 79 88 12 45 50 82 44 55 67 72 87 78 10 17 33
49 72 49 72
35 71 35 41 45 50 82 44 79 88 12 24 71
51 50 51 67 72 88 48 75 82 44 55 58 68 9 36 50
64 54 64 44 55 58 54
65 32 65 9 20 32
37 36 37 52 64 82 44 55 67 72 87 78 10 48 75 88 12 24 27 36
16 81 16 45 50 82 44 55 67 72 53 80 81
14 63 14 25 63
4 77 4 82 44 55 67 72 88 48 52 77
3 64 3 82 44 55 67 72 87 78 10 48 75 88 12 37 59 64
65 26 65 9 62 13 26
8 9 8 9
57 32 57 24 71 82 44 55 67 72 87 78 10 17 32
64 86 64 71 82 44 79 88 12 72 86
41 36 41 76 27 36
33 48 33 78 10 48
62 78 62 72 87 78
64 71 64 71
35 79 35 59 24 71 82 44 55 58 77 79
9 36 9 36
68 6 68 9 71 82 44 55 58 67 72 87 78 10 48 75 88 12 37 49 76 27 5 6
26 84 26 17 33 49 88 48 52 71 82 44 79 84
88 48 88 48
62 78 62 72 87 78
87 0 87 72 53 88 48 52 64 0
74 88 74 6 45 50 82 44 79 88
46 32 46 88 12 37 59 24 27 78 10 17 32
23 84 23 66 78 44 84
6 0 6 71 82 44 79 88 48 52 64 0
42 70 42 70
57 12 57 78 10 17 58 67 82 44 79 88 12
56 72 56 16 35 64 71 82 44 55 67 72
13 73 13 10 17 70 29 48 52 64 82 73
22 55 22 31 6 45 64 82 44 55
14 24 14 34 48 88 12 24
46 52 46 88 48 52
31 41 31 68 9 71 82 44 55 58 77 79 88 48 52 64 0 13 28 41
28 51 28 37 51
19 43 19 43
33 55 33 49 69 51 67 82 44 79 88 48 52 77 55
11 86 11 59 24 27 36 37 51 86
30 10 30 48 52 64 71 82 44 79 88 12 66 78 10
56 82 56 64 71 82
19 58 19 69 51 67 82 44 55 58
59 5 59 5
41 55 41 70 29 48 75 82 44 55
49 59 49 76 27 36 59
35 89 35 59 89
26 10 26 17 70 82 44 79 88 12 45 64 0 27 78 10
62 84 62 13 10 48 75 88 12 50 82 44 79 84
49 24 49 76 37 77 79 88 12 24
69 24 69 72 53 88 12 24
19 80 19 72 53 80
3 45 3 9 71 82 44 55 58 67 72 87 78 10 17 33 45
1 44 1 2 78 10 30 50 82 44
40 66 40 41 50 82 44 55 67 72 87 78 10 17 20 88 12 66
82 45 82 44 79 88 12 45
38 77 38 16 87 72 88 48 52 77
11 64 11 78 10 17 33 51 59 64
6 81 6 45 50 82 44 55 58 81
18 88 18 20 48 75 88
57 80 57 82 44 79 88 12 29 48 75 80
22 34 22 34
68 45 68 74 6 37 77 79 88 12 50 82 44 55 58 67 72 87 78 10 48 52 64 0 45
15 79 15 22 9 36 50 82 44 79
41 54 41 70 82 44 55 58 54
26 54 26 42 63 65 77 55 58 54
1 58 1 37 76 27 78 44 55 58
82 86 82 44 55 58 54 86
25 0 25 5 72 88 48 75 82 44 55 58 68 9 36 59 64 0
11 79 11 78 44 55 58 68 74 6 16 29 48 75 88 12 45 64 0 27 36 59 5 79
35 29 35 39 63 29
13 12 13 10 48 75 88 12
22 52 22 34 79 88 12 29 48 52
39 71 39 63 29 48 52 71
70 55 70 29 48 88 12 37 76 27 36 59 24 71 82 44 55
22 86 22 31 6 86
70 50 70 29 48 52 64 71 82 44 55 58 77 79 88 12 45 50
19 55 19 69 51 59 24 71 82 44 55
51 55 51 67 82 44 55
25 75 25 33 51 17 70 29 48 75
22 45 22 31 6 16 29 48 75 82 44 79 88 12 45
58 12 58 67 82 44 79 88 12
8 57 8 40 41 57
43 53 43 75 82 44 79 88 12 37 49 72 53
85 63 85 57 63
22 82 22 34 59 64 44 79 88 48 52 71 82
40 36 40 68 9 36
21 37 21 82 44 79 88 12 72 87 78 10 24 27 36 59 5 6 16 35 41 76 37
77 45 77 55 58 67 72 88 12 45
62 26 62 13 26
9 75 9 62 72 88 12 75
43 44 43 87 72 44
14 52 14 59 64 44 55 58 68 72 87 78 10 17 70 29 48 52
15 41 15 41
13 71 13 28 88 48 52 71
64 66 64 71 82 44 79 88 12 66
34 45 34 29 48 52 64 0 13 28 68 9 20 56 27 79 88 12 45
65 55 65 77 55
22 54 22 43 75 82 44 55 58 54
62 44 62 20 48 52 77 55 58 68 69 76 37 51 17 78 44
33 66 33 62 20 88 12 66
1 32 1 23 32
35 61 35 41 70 29 48 52 71 82 44 55 58 67 72 88 12 66 78 10 17 33 61
18 9 18 59 64 71 82 44 79 88 48 52 77 55 58 68 9
26 24 26 88 12 24
14 36 14 42 51 17 58 68 9 36
31 51 31 16 29 48 88 12 37 51
4 9 4 70 29 48 88 12 50 82 44 55 58 68 9
8 12 8 28 64 0 10 30 34 29 48 52 71 82 44 79 88 12
3 83 3 64 0 20 48 75 88 12 84 89 83
49 25 49 88 48 52 71 82 44 55 67 72 87 78 10 30 34 0 13 28 35 41 57 63 65 9 20 40 25
2 30 2 23 66 78 10 30
74 73 74 6 48 88 12 66 78 10 17 70 73
15 36 15 30 52 71 82 44 55 58 68 9 36
63 0 63 29 48 75 88 12 72 87 78 10 30 34 0
7 50 7 17 78 10 24 71 82 44 79 88 12 37 36 50
26 80 26 42 62 72 53 80
72 10 72 53 88 12 66 78 10
69 36 69 51 17 70 29 48 52 77 79 88 12 50 82 44 55 58 68 72 87 78 10 30 34 0 27 36
16 52 16 45 64 82 44 55 58 77 79 88 12 29 48 52
13 10 13 26 42 51 59 24 71 82 44 55 58 68 72 88 12 37 49 76 27 78 10
8 71 8 28 41 57 12 75 82 44 79 88 48 52 71
9 0 9 36 37 51 17 20 48 52 71 82 44 79 88 12 45 77 55 67 72 87 78 10 24 27 5 64 0
38 79 38 13 20 56 64 82 44 55 58 77 79
43 84 43 52 77 89 84
51 36 51 67 82 44 79 88 12 24 27 36
68 5 68 72 87 78 10 30 50 82 44 55 58 77 79 88 12 37 51 59 5
59 10 59 64 71 82 44 79 88 48 52 77 55 58 67 72 87 78 10
11 54 11 68 69 76 37 52 64 71 82 44 55 58 54
33 80 33 45 50 82 44 79 88 48 52 80
22 20 22 9 20
63 81 63 65 77 79 88 12 44 55 58 81
43 0 43 52 64 0
8 64 8 28 64
70 10 70 82 44 79 88 12 45 77 55 58 67 72 87 78 10
31 37 31 6 71 82 44 55 67 72 87 78 10 48 52 64 0 27 79 88 12 37
87 89 87 72 53 84 89
33 10 33 78 10
7 48 7 43 44 79 88 12 37 48
22 84 22 43 87 72 88 48 75 82 44 84
35 54 35 39 65 9 20 40 25 12 45 77 55 58 54
39 58 39 65 77 79 88 12 37 59 64 44 55 58
19 64 19 82 44 55 67 72 53 88 12 45 64
21 75 21 26 42 63 75
46 52 46 88 48 52
11 79 11 59 5 64 71 82 44 55 58 67 72 88 12 66 77 79
38 88 38 16 29 48 52 64 0 20 39 87 72 53 88
76 88 76 37 51 59 5 75 82 44 55 67 72 53 88
8 84 8 62 72 88 12 44 79 84
9 80 9 36 59 64 71 82 44 55 58 68 69 51 80
43 50 43 87 78 10 48 75 82 44 79 88 12 66 77 55 58 68 9 50
74 43 74 6 31 43
76 45 76 27 36 59 24 71 82 44 55 58 77 79 88 48 52 64 0 45
1 26 1 13 26
87 29 87 78 44 55 67 72 88 12 29
31 41 31 16 35 41
11 88 11 78 44 79 88
57 81 57 12 44 55 58 81
1 52 1 39 65 9 62 13 20 40 41 50 82 44 79 88 48 52
23 10 23 50 82 44 55 67 72 87 78 10
37 0 37 59 64 0
16 83 16 29 48 88 12 75 80 81 83
74 70 74 6 45 64 71 82 44 79 88 12 24 27 78 10 17 70
14 53 14 28 87 78 44 79 88 12 72 53
8 59 8 40 78 10 24 27 36 59
15 6 15 26 88 48 75 82 44 55 58 68 74 6
42 88 42 51 59 5 52 71 82 44 55 67 72 53 88
1 82 1 23 5 64 0 27 78 10 30 34 79 88 48 75 82
4 5 4 23 37 59 64 44 79 88 12 24 27 5
14 58 14 42 70 82 44 55 58
82 50 82 44 79 88 12 50
63 54 63 29 48 75 82 44 55 58 54
9 5 9 62 20 48 52 64 71 82 44 55 67 72 88 12 37 59 5
22 48 22 31 68 69 72 88 48
40 81 40 41 63 75 80 81
49 32 49 88 12 45 50 82 44 55 67 72 87 78 10 17 32
60 83 60 83
27 66 27 79 88 12 66
87 10 87 78 10
25 24 25 5 88 12 24
68 66 68 69 51 59 5 88 12 66
20 32 20 55 58 67 82 44 79 88 12 37 51 17 32
14 37 14 51 17 70 82 44 79 88 12 66 77 55 58 68 69 76 37
11 30 11 59 5 64 44 79 88 12 37 72 87 78 10 30
23 79 23 37 72 44 79
19 60 19 38 16 35 39 76 37 77 55 67 72 44 79 88 12 50 60
65 73 65 77 79 88 12 73
3 16 3 38 65 77 79 88 48 52 71 82 44 55 67 72 87 78 10 17 33 45 64 0 13 68 69 51 59 5 6 16
28 12 28 37 52 71 82 44 79 88 12
27 29 27 79 88 12 29
59 55 59 64 71 82 44 79 88 12 66 78 10 30 52 77 55
69 78 69 76 37 72 87 78
43 83 43 87 72 53 84 89 83
49 43 49 76 37 36 59 5 6 31 43
87 50 87 78 10 48 75 82 44 55 58 67 72 53 88 12 50
28 77 28 87 72 44 55 58 77
76 10 76 27 79 88 48 52 71 82 44 55 67 72 87 78 10
62 5 62 13 29 48 52 77 79 88 12 24 27 5
13 24 13 29 48 75 88 12 24
69 53 69 72 53
76 0 76 37 36 50 82 44 79 88 48 52 64 0
1 53 1 39 87 72 53
40 27 40 68 69 51 59 24 27
56 67 56 16 87 72 53 88 12 50 82 44 55 58 67
4 64 4 72 87 78 10 30 50 82 44 79 88 12 29 48 52 64
65 55 65 77 55
33 5 33 78 44 55 58 77 79 88 12 37 76 27 5
70 67 70 29 48 88 12 75 82 44 55 58 67
39 51 39 58 68 74 6 31 56 16 87 78 10 30 50 82 44 79 88 12 37 51
20 71 20 88 12 37 48 52 71
39 17 39 76 37 48 75 82 44 79 88 12 66 77 55 67 72 87 78 10 17
88 12 88 12
42 66 42 63 29 48 75 88 12 66
21 0 21 20 56 82 44 79 88 12 29 48 52 64 0
16 53 16 29 48 52 77 79 88 12 45 50 82 44 55 67 72 53
22 71 22 9 20 48 52 71
68 44 68 69 72 53 88 48 75 82 44
62 89 62 13 0 27 88 48 75 82 44 55 84 89
65 43 65 9 50 82 44 79 88 12 45 64 0 13 29 48 52 77 55 58 68 74 6 31 43
2 73 2 72 53 88 48 75 82 44 55 67 73
37 66 37 36 59 5 88 12 66
38 71 38 13 74 58 68 9 20 39 63 29 48 88 12 45 64 71
16 86 16 29 48 75 88 12 50 82 44 55 58 67 72 86
1 24 1 37 51 17 58 77 55 67 82 44 79 88 12 66 78 10 24
7 12 7 62 20 39 87 78 10 30 34 48 52 77 55 58 68 74 6 45 50 82 44 79 88 12
42 44 42 70 29 48 75 88 12 45 50 82 44
31 45 31 16 45
63 80 63 65 77 79 88 48 52 64 82 44 55 58 68 69 76 37 72 53 80
57 17 57 72 53 88 48 52 71 82 44 55 58 68 69 76 27 78 10 17
14 71 14 34 29 48 88 12 24 71
7 79 7 43 44 79
68 17 68 74 6 71 82 44 79 88 48 52 77 55 58 67 72 87 78 10 17
22 12 22 9 20 88 12
46 58 46 88 48 52 64 71 82 44 55 58
6 61 6 77 79 88 48 52 71 82 44 55 58 67 72 87 78 10 17 33 61
15 34 15 22 34
62 89 62 13 84 89
15 10 15 30 50 82 44 55 67 72 87 78 10
37 75 37 76 27 36 59 24 71 82 44 55 58 68 72 53 88 48 75
2 32 2 33 32
30 61 30 50 82 44 55 67 72 87 78 10 17 33 61
40 30 40 68 74 6 31 43 66 77 79 88 48 52 71 82 44 55 67 72 87 78 10 30
22 0 22 31 16 35 39 63 65 77 79 88 48 75 82 44 55 58 67 72 87 78 10 17 20 40 68 74 6 45 64 0
39 73 39 63 65 77 55 58 67 73
49 67 49 69 51 17 58 68 72 53 88 12 45 77 55 67
4 53 4 30 34 79 88 48 75 82 44 55 58 67 72 53
22 88 22 31 68 69 76 37 77 55 58 67 82 44 79 88
38 78 38 16 29 48 75 88 12 37 36 59 64 0 13 26 42 51 67 72 87 78
87 27 87 72 88 12 24 27
88 84 88 48 52 71 82 44 84
31 44 31 56 82 44
1 0 1 37 49 72 87 78 10 30 44 79 88 48 52 64 0
8 0 8 9 71 82 44 79 88 48 52 77 55 67 72 87 78 10 17 20 56 64 0
78 52 78 44 55 58 77 79 88 48 52
57 53 57 63 75 82 44 55 67 72 53
49 51 49 69 76 37 51
35 37 35 59 64 82 44 55 58 77 79 88 12 66 78 10 17 20 40 68 69 76 37
19 29 19 43 66 77 79 88 12 29
40 72 40 25 12 72
33 61 33 61
14 17 14 25 40 78 10 17
62 72 62 72
21 0 21 82 44 55 67 72 88 12 37 36 59 5 64 0
87 72 87 72
1 24 1 37 48 88 12 24
87 0 87 72 88 48 52 64 0
15 50 15 26 10 24 27 5 79 88 12 45 50
39 29 39 64 44 55 58 77 79 88 12 29
85 12 85 88 12
72 32 72 53 88 48 52 64 0 13 20 32
82 5 82 44 55 67 72 88 12 24 27 5
13 5 13 26 42 51 59 5
57 66 57 24 71 82 44 79 88 12 66
27 66 27 79 88 12 66
18 37 18 76 37
68 59 68 9 50 82 44 79 88 48 52 77 55 67 72 87 78 10 30 34 59
1 30 1 23 66 78 10 30
76 81 76 37 49 72 53 80 81
62 32 62 20 32
15 26 15 26
18 26 18 59 24 71 82 44 79 88 12 72 87 78 10 17 33 45 77 55 58 68 9 62 13 26
1 44 1 37 48 75 88 12 50 82 44
31 89 31 6 48 88 12 45 77 79 84 89
19 73 19 43 75 82 73
56 88 56 16 45 50 82 44 55 67 72 87 78 10 24 27 36 37 48 75 88
33 75 33 62 72 87 78 10 48 75
62 51 62 20 48 75 82 44 55 58 77 79 88 12 66 78 10 17 33 51
87 67 87 72 53 88 48 75 82 44 55 58 67
26 80 26 42 70 82 44 55 67 72 88 12 75 80
9 29 9 71 82 44 79 88 12 29
82 53 82 44 55 67 72 53
69 34 69 51 17 70 29 48 52 77 79 88 12 45 50 82 44 55 67 72 87 78 10 30 34
82 84 82 44 84
76 24 76 27 5 79 88 12 24
8 45 8 41 45
7 24 7 55 67 72 53 88 12 24
62 34 62 72 87 78 10 30 34
41 86 41 76 27 36 37 51 86
37 54 37 77 55 58 54
2 29 2 34 29
69 5 69 76 37 36 59 5
88 5 88 12 24 27 5
3 67 3 30 52 77 55 67
21 60 21 58 77 79 88 12 60
21 44 21 26 10 24 71 82 44
4 10 4 70 82 44 79 88 48 52 77 55 58 67 72 87 78 10
39 53 39 76 27 5 88 48 52 64 82 44 55 67 72 53
16 17 16 29 48 52 77 79 88 12 66 78 10 17
16 75 16 35 41 57 72 87 78 10 48 75
64 52 64 44 55 58 77 79 88 48 52
62 26 62 13 26
76 53 76 27 36 37 44 55 67 72 53
82 17 82 44 55 58 77 79 88 12 37 49 69 51 17
31 75 31 43 75
85 24 85 23 5 79 88 48 75 82 44 55 67 72 87 78 10 24
74 70 74 6 16 35 41 63 29 48 52 77 55 58 67 72 88 12 66 78 10 17 70
3 64 3 37 51 59 64
31 53 31 16 35 41 57 72 53
82 75 82 44 55 58 67 72 87 78 10 24 27 5 79 88 12 75
33 52 33 49 72 53 88 48 52
6 48 6 77 55 67 72 87 78 10 24 27 44 79 88 12 37 48
40 83 40 25 5 89 83
46 89 46 88 48 52 71 82 44 84 89
4 0 4 74 6 48 75 82 44 79 88 12 72 87 78 10 30 34 0
39 80 39 64 82 44 79 88 48 75 80
22 71 22 34 79 88 48 52 71
6 50 6 45 64 71 82 44 79 88 48 52 77 55 58 67 72 87 78 10 30 50
74 67 74 58 77 55 67
8 6 8 28 6
2 71 2 82 44 55 67 72 53 88 12 24 71
14 58 14 51 17 33 62 20 40 68 69 72 88 48 52 77 55 58
82 79 82 44 55 67 72 53 88 48 52 77 79
8 89 8 9 50 82 44 84 89
70 54 70 29 48 52 64 82 44 55 58 54
1 30 1 13 20 56 16 35 41 66 78 10 30
87 72 87 72
46 45 46 88 12 75 82 44 55 67 72 87 78 10 17 70 29 48 52 64 0 45
3 64 3 38 65 9 71 82 44 55 58 67 72 53 88 48 52 64
62 0 62 20 56 64 0
13 10 13 26 10
72 45 72 87 78 10 48 75 82 44 55 58 77 79 88 12 37 59 64 0 45
7 86 7 64 0 45 77 55 58 54 86
2 66 2 23 66
28 57 28 41 57
85 73 85 88 12 73
69 0 69 76 37 48 52 64 71 82 44 79 88 12 72 87 78 10 30 34 0
20 5 20 40 68 74 58 67 82 44 79 88 12 37 59 5
8 34 8 62 20 39 65 9 36 50 82 44 79 88 12 37 76 27 5 64 0 10 30 34
19 89 19 25 79 84 89
2 59 2 34 59
69 6 69 51 67 72 53 88 12 66 77 55 58 68 74 6
28 17 28 37 51 17
22 33 22 9 50 82 44 55 58 67 72 87 78 10 17 33
38 27 38 65 9 50 82 44 79 88 12 24 27
40 10 40 78 10
9 83 9 20 88 48 75 82 44 55 58 68 69 51 80 81 83
15 55 15 30 34 48 88 12 72 87 78 44 55
16 32 16 87 78 10 17 70 29 48 52 64 0 20 32
40 75 40 25 62 13 26 88 12 29 48 75
57 52 57 82 44 79 88 48 52
18 60 18 22 9 50 82 44 79 88 12 60
62 6 62 13 74 6
69 37 69 76 37
59 84 59 64 44 79 84
7 44 7 64 82 44
14 66 14 59 64 82 44 55 67 72 88 12 66
15 80 15 41 50 82 44 55 58 68 74 6 48 52 80
78 83 78 10 30 34 59 64 44 55 58 81 83
85 16 85 23 66 77 79 88 48 75 82 44 55 58 67 72 87 78 10 24 27 5 6 16
62 81 62 13 26 28 37 72 53 88 48 75 80 81
68 50 68 9 71 82 44 55 67 72 53 88 48 52 64 0 10 30 50
64 50 64 82 44 79 88 48 52 77 55 67 72 87 78 10 30 50
3 5 3 30 50 82 44 55 58 68 72 88 12 37 49 69 76 27 5
49 54 49 88 48 75 82 44 55 58 54
9 83 9 50 82 44 79 83
19 55 19 69 51 17 33 45 77 55
1 80 1 39 87 72 53 80
28 80 28 41 70 82 44 79 88 48 52 64 0 27 36 37 72 53 80
69 75 69 51 67 72 87 78 10 17 33 49 76 37 52 77 79 88 12 75
46 50 46 88 12 50
35 44 35 59 64 71 82 44
1 5 1 13 0 45 50 82 44 79 88 12 24 27 5
1 84 1 39 63 75 88 12 44 55 84
76 73 76 27 36 50 82 73
26 54 26 28 77 79 88 12 29 48 52 64 71 82 44 55 58 54
6 12 6 45 77 79 88 12
15 88 15 22 31 56 82 44 55 58 77 79 88
35 13 35 64 0 27 5 72 53 88 12 66 78 10 30 52 77 55 58 68 9 62 13
76 81 76 27 88 12 44 55 67 72 53 80 81
59 32 59 5 75 82 44 55 67 72 53 88 12 24 27 78 10 17 32
65 59 65 9 50 82 44 79 88 12 37 59
76 16 76 37 51 67 72 88 48 52 71 82 44 55 58 68 74 6 16
38 58 38 65 77 55 58
76 61 76 27 78 10 17 33 61
14 10 14 34 79 88 48 52 64 82 44 55 67 72 87 78 10
37 66 37 59 64 82 44 55 58 77 79 88 12 66
31 17 31 68 72 87 78 10 17
74 59 74 6 45 77 79 88 48 52 71 82 44 55 67 72 87 78 10 30 34 59
64 84 64 44 79 88 12 24 89 84
19 50 19 82 44 79 88 12 50
7 54 7 17 20 40 25 85 57 82 44 79 88 12 29 48 52 77 55 58 54
31 51 31 16 45 77 79 88 12 37 51
85 80 85 57 63 29 48 52 71 82 44 79 88 12 37 72 53 80
74 50 74 6 37 36 50
14 30 14 9 50 82 44 79 88 12 29 48 52 77 55 58 67 72 87 78 10 30
57 48 57 12 75 82 44 55 67 72 88 48
65 59 65 9 36 59
22 32 22 34 29 48 88 12 45 50 82 44 55 58 68 69 51 67 72 87 78 10 17 32
68 70 68 69 76 27 36 37 51 59 24 71 82 44 79 88 12 29 48 52 64 0 45 77 55 67 72 87 78 10 17 70
18 88 18 59 24 71 82 44 79 88
62 6 62 13 74 6
19 82 19 72 87 78 10 17 58 77 55 67 82
19 52 19 43 75 88 48 52
74 6 74 6
31 71 31 16 29 48 52 64 71
70 86 70 82 44 79 88 48 52 77 55 58 54 86
18 55 18 22 31 6 48 75 88 12 44 55
7 5 7 43 75 82 44 79 88 12 66 78 10 24 27 5
14 73 14 28 64 44 79 88 48 52 71 82 73
14 45 14 34 29 48 75 88 12 45
40 71 40 78 10 48 52 71
46 88 46 88
35 73 35 64 44 79 88 48 52 77 55 67 73
59 5 59 5
59 66 59 24 27 79 88 12 66
26 79 26 17 33 49 72 53 88 48 52 77 55 67 82 44 79
43 73 43 75 82 73
22 58 22 34 59 64 44 55 58
49 88 49 88
27 73 27 44 79 88 48 75 82 73
1 81 1 37 59 64 71 82 44 79 88 48 75 80 81
40 64 40 68 74 6 31 56 64
46 64 46 88 48 52 64
56 71 56 27 36 59 24 71
22 50 22 31 68 72 88 12 37 59 24 27 36 50
78 12 78 44 79 88 12
3 75 3 27 36 59 64 44 79 88 48 75
22 60 22 9 20 55 58 67 82 44 79 88 12 50 60
9 71 9 71
40 77 40 78 44 79 88 12 66 77
65 44 65 9 62 13 26 88 12 72 87 78 44
87 36 87 72 44 79 88 12 37 76 27 36
15 63 15 41 63
65 53 65 9 36 37 77 55 67 72 53
58 73 58 68 74 6 71 82 73
68 64 68 69 51 67 82 44 55 58 77 79 88 48 52 64
33 10 33 49 76 37 77 55 67 72 44 79 88 48 52 64 0 13 68 9 20 56 27 78 10
35 70 35 59 5 52 77 79 88 12 45 50 82 44 55 67 72 87 78 10 17 70
2 72 2 72
85 10 85 23 50 82 44 55 67 72 87 78 10
8 72 8 70 29 48 75 82 44 79 88 12 72
1 33 1 23 37 48 75 82 44 79 88 12 24 27 5 6 16 35 64 0 45 77 55 67 72 87 78 10 17 33
27 55 27 44 55
35 27 35 59 24 27
87 17 87 78 10 17
78 45 78 10 30 50 82 44 55 58 68 74 6 45
39 54 39 76 27 36 37 52 64 0 20 55 58 54
25 52 25 5 72 88 48 52
3 71 3 27 78 10 24 71
49 24 49 69 51 59 24
49 16 49 76 37 59 64 0 10 24 27 79 88 48 52 71 82 44 55 58 68 69 51 17 20 56 16
22 61 22 43 52 64 0 13 26 17 33 61
9 86 9 71 82 44 55 58 77 79 88 12 24 27 5 64 86
78 17 78 10 17
56 24 56 27 36 59 24
76 80 76 27 78 10 24 71 82 44 79 88 12 29 48 75 80
19 58 19 72 44 55 58
77 36 77 79 88 12 45 64 71 82 44 55 58 68 72 87 78 10 24 27 36
4 53 4 70 82 44 55 58 67 72 53
3 75 3 43 75
42 77 42 63 75 88 12 29 48 52 71 82 44 55 58 77
58 36 58 67 82 44 79 88 12 37 59 24 27 36
26 48 26 42 63 65 77 79 88 12 50 82 44 55 67 72 87 78 10 48
46 32 46 88 48 52 71 82 44 55 67 72 87 78 10 17 32
42 26 42 51 17 33 62 13 26
18 75 18 76 37 72 88 12 29 48 75
11 73 11 59 24 71 82 73
38 44 38 16 29 48 75 82 44
82 84 82 44 55 84
38 77 38 13 28 37 49 76 27 36 50 82 44 79 88 12 45 77
87 45 87 78 44 79 88 12 45
42 77 42 63 65 77
65 55 65 77 55
76 52 76 27 36 59 24 71 82 44 55 67 72 53 88 48 52
14 54 14 51 17 58 54
40 10 40 68 74 58 77 55 67 82 44 79 88 12 72 87 78 10
82 24 82 44 55 58 67 72 87 78 10 30 48 88 12 24
15 27 15 41 63 29 48 52 71 82 44 79 88 12 45 64 0 27
3 34 3 43 52 71 82 44 79 88 12 24 27 78 10 30 34
3 37 3 9 50 82 44 55 67 72 88 12 37
6 17 6 45 64 44 55 67 72 87 78 10 17
18 34 18 22 34
8 54 8 41 76 27 78 44 55 58 54
35 10 35 59 24 71 82 44 79 88 12 45 77 55 67 72 87 78 10
62 80 62 13 68 9 36 59 24 27 44 55 58 77 79 88 48 75 80
43 0 43 87 72 53 88 48 52 64 0
34 17 34 48 52 64 82 44 55 67 72 87 78 10 17
70 10 70 82 44 55 58 67 72 87 78 10
16 5 16 35 59 24 27 5
35 9 35 39 63 65 9
42 79 42 62 13 68 9 71 82 44 55 67 72 88 48 52 64 0 27 79
8 12 8 28 37 76 27 88 12
2 84 2 9 71 82 44 79 88 12 37 51 59 64 0 13 26 17 20 55 84
42 83 42 62 72 87 78 44 79 83
13 50 13 29 48 52 71 82 44 79 88 12 72 87 78 10 30 50
65 67 65 9 50 82 44 55 58 67
51 75 51 17 20 56 64 0 10 24 27 78 44 79 88 48 75
13 54 13 10 48 52 71 82 44 55 58 54
30 5 30 52 71 82 44 79 88 12 66 78 10 24 27 5
69 27 69 76 27
72 83 72 53 84 89 83
4 70 4 70
35 60 35 39 76 27 36 59 5 6 48 52 71 82 44 55 58 77 79 88 12 50 60
20 55 20 40 68 74 58 67 82 44 55
46 37 46 88 12 50 82 44 55 58 68 69 76 37
74 30 74 6 71 82 44 79 88 12 29 48 52 64 0 27 78 10 30
68 30 68 74 58 77 79 88 48 52 64 82 44 55 67 72 87 78 10 30
31 51 31 56 27 88 48 52 71 82 44 55 67 72 87 78 10 17 33 51
31 53 31 16 29 48 52 77 79 88 12 45 64 71 82 44 55 67 72 53
3 78 3 43 52 71 82 44 79 88 12 37 49 69 72 87 78
65 30 65 77 79 88 48 75 82 44 55 58 67 72 87 78 10 30
3 55 3 30 34 29 48 52 77 55
15 27 15 30 52 64 82 44 55 67 72 87 78 10 24 27
82 45 82 44 79 88 12 45
18 29 18 22 34 29
57 12 57 63 65 77 79 88 12
37 5 37 59 5
33 83 33 62 72 53 80 81 83
22 81 22 31 68 74 6 16 45 50 82 44 79 88 12 37 51 59 5 75 80 81
35 30 35 59 64 44 55 58 68 69 76 27 78 10 30
21 10 21 58 68 69 76 27 78 10
68 12 68 74 6 48 75 88 12
23 17 23 50 82 44 55 67 72 87 78 10 17
28 0 28 82 44 79 88 12 45 64 0
74 79 74 6 16 29 48 52 71 82 44 79
39 59 39 64 71 82 44 79 88 12 24 27 78 10 17 33 51 59
56 67 56 74 58 67
30 81 30 50 82 44 55 58 54 81
70 48 70 29 48
31 78 31 68 69 76 27 36 59 64 82 44 55 58 67 72 87 78
46 54 46 88 48 52 64 71 82 44 55 58 54
42 66 42 70 29 48 52 71 82 44 79 88 12 66
13 75 13 26 17 33 51 67 72 53 88 48 75
2 12 2 82 44 55 67 72 88 12
46 29 46 88 12 29
43 50 43 75 82 44 79 88 48 52 77 55 67 72 87 78 10 17 20 39 76 27 36 50
3 16 3 38 16
62 50 62 13 20 88 12 50
42 52 42 62 13 0 10 17 58 67 72 87 78 44 79 88 48 52
74 34 74 58 67 82 44 79 88 12 66 78 10 30 34
56 29 56 74 6 48 52 71 82 44 79 88 12 29
64 53 64 71 82 44 55 58 67 72 53
15 88 15 26 42 62 13 74 58 77 79 88
43 45 43 75 82 44 55 58 77 79 88 12 45
21 63 21 58 68 9 20 40 25 85 57 63
4 64 4 23 37 51 17 78 44 55 58 68 72 88 48 52 64
72 12 72 88 12
7 79 7 62 20 55 58 67 82 44 79
31 30 31 68 9 50 82 44 55 67 72 87 78 10 30
19 50 19 43 52 77 55 67 72 87 78 10 48 88 12 50
19 89 19 25 79 88 48 75 82 44 84 89
8 75 8 70 29 48 88 12 37 36 59 5 75
59 44 59 5 75 88 48 52 71 82 44
3 6 3 37 52 77 79 88 48 75 82 44 55 67 72 87 78 10 24 27 5 6
74 12 74 58 67 72 88 12
59 71 59 24 71
37 32 37 51 17 32
3 83 3 64 82 44 55 67 72 88 12 45 50 60 84 89 83
28 60 28 6 45 50 60
4 64 4 72 44 79 88 48 52 64
87 5 87 72 44 79 88 12 24 27 5
62 29 62 13 29
1 20 1 20
42 59 42 51 59
63 66 63 75 88 12 66
82 81 82 44 55 58 68 9 62 20 88 12 72 53 80 81
78 71 78 44 79 88 48 52 71
65 73 65 9 62 72 53 88 48 75 82 73
58 53 58 68 9 62 13 29 48 75 88 12 50 82 44 55 67 72 53
21 88 21 20 39 64 71 82 44 79 88
22 17 22 9 50 82 44 79 88 12 72 87 78 10 17
49 13 49 69 76 27 78 10 24 71 82 44 55 58 68 9 20 48 75 88 12 45 64 0 13
21 82 21 26 10 30 50 82
15 34 15 22 34
4 23 4 23
21 30 21 42 63 29 48 52 77 79 88 12 75 82 44 55 67 72 87 78 10 30
3 60 3 37 72 88 12 60
4 12 4 23 66 78 44 79 88 12
7 84 7 57 24 89 84
28 75 28 41 70 29 48 75
30 79 30 48 52 71 82 44 79
76 33 76 27 78 10 17 33
28 50 28 6 45 77 79 88 12 75 82 44 55 58 67 72 87 78 10 30 52 64 0 20 39 65 9 50
65 72 65 77 79 88 48 52 64 71 82 44 55 67 72
19 67 19 38 65 9 36 59 64 44 79 88 12 45 77 55 58 67
42 33 42 51 17 33
41 71 41 50 82 44 79 88 12 66 77 55 67 72 87 78 10 30 52 64 71
57 45 57 82 44 79 88 12 45
8 88 8 41 66 78 44 79 88
65 71 65 77 55 67 82 44 79 88 12 66 78 10 48 52 71
33 0 33 78 10 17 70 82 44 79 88 12 37 36 59 5 64 0
49 89 49 72 88 12 29 48 75 82 44 55 84 89
43 32 43 87 78 10 17 33 32
21 24 21 20 56 16 29 48 52 71 82 44 55 58 77 79 88 12 66 78 10 24
26 17 26 28 87 78 10 17
35 72 35 41 49 72
2 72 2 9 62 72
57 54 57 82 44 79 88 12 66 77 55 58 54
31 86 31 6 48 52 64 86
76 75 76 37 72 53 88 12 50 82 44 55 58 68 9 62 13 74 6 48 75
40 27 40 41 45 77 55 58 67 72 53 88 12 24 27
70 17 70 29 48 75 82 44 55 58 77 79 88 12 72 87 78 10 17
41 67 41 45 77 55 58 67
21 13 21 42 70 29 48 75 88 12 24 71 82 44 55 58 68 9 62 13
65 9 65 9
49 52 49 72 53 88 12 45 64 0 20 48 52
19 84 19 62 13 26 17 20 39 63 75 82 44 84
9 55 9 36 50 82 44 55
62 0 62 13 0
19 60 19 38 13 26 17 60
85 17 85 57 12 45 50 82 44 79 88 48 52 77 55 58 67 72 87 78 10 17
18 10 18 51 17 78 10
15 70 15 26 17 70
70 12 70 82 44 79 88 12
69 9 69 72 88 12 75 82 44 55 58 68 9
20 73 20 73
13 73 13 0 27 88 48 75 82 73
21 88 21 58 68 74 6 16 29 48 75 82 44 55 67 72 53 88
19 53 19 62 72 53
6 53 6 88 12 75 82 44 55 58 68 69 51 67 72 53
46 77 46 88 48 52 77
19 17 19 69 51 17
65 30 65 9 62 72 87 78 10 30
4 16 4 82 44 79 88 48 52 77 55 58 68 74 6 16
65 72 65 77 79 88 48 75 82 44 55 58 67 72
72 66 72 88 12 66
82 71 82 44 55 58 68 69 51 17 33 45 64 0 10 24 71
27 44 27 44
1 64 1 20 56 64
62 51 62 20 55 67 82 44 79 88 12 37 51
25 45 25 38 16 29 48 75 82 44 79 88 12 45
2 52 2 56 82 44 79 88 48 52
70 66 70 29 48 75 82 44 55 67 72 87 78 10 17 20 56 16 35 41 66
4 5 4 72 88 12 37 36 59 5
87 83 87 78 10 17 60 84 89 83
2 64 2 56 64
88 45 88 12 45
68 24 68 69 51 59 64 71 82 44 55 67 72 88 12 24
51 48 51 67 72 88 48
57 36 57 24 27 36
63 24 63 75 82 44 79 88 48 52 64 0 20 40 78 10 24
62 54 62 20 39 58 54
1 89 1 23 50 60 84 89
7 44 7 14 25 12 72 44
35 20 35 64 71 82 44 55 67 72 87 78 10 17 20
69 78 69 72 87 78
72 71 72 44 79 88 12 29 48 52 71
46 27 46 88 12 37 49 69 51 67 72 87 78 10 17 70 82 44 55 58 68 9 20 39 64 0 27
82 81 82 44 55 58 67 72 87 78 10 17 33 62 20 48 75 88 12 24 27 36 81
40 37 40 25 5 6 37
88 0 88 48 75 82 44 55 67 72 87 78 10 30 52 64 0
43 17 43 52 77 55 67 72 87 78 10 17
8 79 8 9 20 48 52 77 79
19 5 19 25 79 88 48 75 82 44 55 58 67 72 87 78 10 17 20 56 27 5
22 66 22 31 43 66
1 24 1 49 72 87 78 10 24
43 81 43 52 77 55 58 81
70 71 70 82 44 55 58 67 72 87 78 10 17 33 49 69 51 59 5 75 88 48 52 71
74 83 74 58 77 55 67 82 44 84 89 83
11 45 11 70 82 44 79 88 12 37 36 59 5 6 45
18 5 18 51 59 5
62 25 62 13 26 17 58 77 79 88 12 45 64 0 20 40 25
11 75 11 68 72 88 48 75
41 86 41 66 77 55 58 54 86
3 34 3 30 34
40 5 40 25 5
49 72 49 72
49 27 49 76 37 59 5 79 88 48 75 82 44 55 58 67 72 87 78 10 30 34 0 27
63 45 63 65 77 55 58 68 74 6 45
82 66 82 44 55 67 72 87 78 10 24 27 88 12 66
11 33 11 70 82 44 79 88 48 52 64 0 27 78 10 17 33
6 80 6 37 36 50 82 44 79 88 48 52 80
56 84 56 74 6 71 82 44 84
13 45 13 29 48 52 71 82 44 55 67 72 88 12 45
15 16 15 30 50 82 44 79 88 48 52 77 55 58 68 74 6 16
46 59 46 88 48 52 71 82 44 55 58 67 72 87 78 10 30 34 59
39 29 39 58 68 69 51 17 70 29
6 17 6 16 35 64 71 82 44 79 88 48 52 77 55 67 72 87 78 10 17
76 78 76 27 78
35 16 35 64 44 55 67 72 87 78 10 30 34 0 13 20 56 16
3 5 3 37 76 27 5
65 29 65 9 71 82 44 55 58 68 72 88 12 29
87 17 87 78 44 79 88 12 66 77 55 58 68 69 51 17
57 67 57 63 29 48 52 71 82 44 55 67
57 71 57 12 24 71
69 72 69 72
18 29 18 22 43 44 55 67 72 53 88 12 45 64 0 13 29
65 51 65 9 62 20 40 41 49 69 51
57 55 57 12 45 77 55
78 29 78 10 17 70 29
15 67 15 30 52 64 44 79 88 12 24 27 78 10 17 58 68 9 20 55 67
2 10 2 9 20 39 64 71 82 44 79 88 12 72 87 78 10
46 79 46 88 12 75 82 44 79
28 53 28 87 78 44 55 67 72 53
59 48 59 24 71 82 44 55 67 72 53 88 12 29 48
19 59 19 56 16 35 64 0 27 36 59
28 41 28 41
65 84 65 9 36 59 24 89 84
76 70 76 27 79 88 12 75 82 44 55 58 68 9 20 40 41 70
19 32 19 43 87 72 44 79 88 48 52 64 0 20 32
11 51 11 68 69 51
56 5 56 27 36 59 5
65 58 65 9 71 82 44 55 58
18 13 18 76 27 78 10 24 71 82 44 55 58 77 79 88 12 45 64 0 20 39 65 9 62 13
76 81 76 27 36 50 82 44 79 88 12 75 80 81
87 78 87 78
59 12 59 64 44 55 58 68 72 53 88 12
43 12 43 87 78 44 79 88 12
87 13 87 72 44 55 58 68 9 36 59 64 0 13
1 64 1 78 10 30 48 52 64
8 89 8 62 20 56 74 6 71 82 44 84 89
19 81 19 43 52 77 79 88 12 29 48 75 82 44 55 58 67 72 87 78 10 17 70 81
76 88 76 37 52 64 44 55 67 72 88
49 25 49 69 51 17 20 40 25
39 54 39 64 44 55 58 54
22 6 22 9 62 13 74 6
13 36 13 29 48 52 64 0 45 77 79 88 12 37 76 27 36
77 75 77 55 58 68 69 51 17 70 29 48 75
64 32 64 71 82 44 79 88 48 52 77 55 67 72 87 78 10 30 34 0 13 26 17 32
69 50 69 76 37 44 79 88 12 50
46 88 46 88
4 58 4 74 6 48 88 12 44 55 58
64 48 64 82 44 79 88 48
82 71 82 44 79 88 48 52 64 71
22 55 22 9 71 82 44 79 88 48 52 77 55
7 75 7 64 82 44 55 58 67 72 53 88 48 75
19 26 19 62 13 26
62 30 62 20 40 78 10 30
57 32 57 78 44 55 58 68 69 51 17 32
26 53 26 42 62 20 39 58 77 55 67 72 53
76 48 76 37 36 59 64 0 10 48
76 24 76 27 78 10 30 34 59 24
16 44 16 35 64 82 44
9 5 9 62 13 26 10 24 27 5
18 84 18 59 64 71 82 44 55 84
74 55 74 58 77 79 88 12 29 48 75 82 44 55
87 51 87 72 53 88 48 52 77 55 58 68 69 51
19 43 19 43
78 12 78 10 24 27 88 12
19 67 19 38 13 28 64 71 82 44 55 67
37 29 37 36 59 24 27 88 48 75 82 44 55 58 68 72 87 78 10 17 70 29
15 77 15 26 10 17 58 77
18 54 18 20 40 41 66 78 10 24 71 82 44 79 88 48 52 77 55 58 54
28 30 28 6 77 55 58 68 72 87 78 10 30
69 86 69 76 37 49 72 44 79 88 48 52 77 55 58 54 86
43 17 43 66 78 10 17
76 80 76 37 51 80
2 23 2 23
8 88 8 41 63 29 48 52 64 71 82 44 55 67 72 87 78 10 24 27 79 88
43 80 43 52 71 82 44 55 67 72 53 80
1 6 1 13 74 6
88 73 88 48 52 64 71 82 73
26 54 26 28 41 45 64 44 55 58 54
65 0 65 77 55 58 67 82 44 79 88 48 52 64 0
35 71 35 59 24 71
9 71 9 20 39 64 71
4 45 4 30 48 52 64 71 82 44 55 58 68 74 6 88 12 45
63 52 63 75 88 48 52
15 43 15 22 43
40 20 40 41 57 24 71 82 44 55 58 77 79 88 12 37 36 59 64 0 20
56 44 56 82 44
49 75 49 72 44 79 88 12 75
16 0 16 45 50 82 44 55 58 77 79 88 48 52 64 0
46 82 46 88 12 24 27 5 75 82
68 79 68 74 58 77 55 67 72 53 88 48 52 71 82 44 79
46 83 46 60 84 89 83
20 32 20 32
74 53 74 58 67 72 53
85 9 85 57 78 10 48 88 12 45 64 0 13 20 40 68 9
2 73 2 23 49 69 51 59 64 44 55 58 67 82 73
13 12 13 26 10 17 70 29 48 75 88 12
3 30 3 30
6 32 6 77 79 88 48 52 71 82 44 55 58 67 72 87 78 10 24 27 36 37 51 59 64 0 13 20 32
46 13 46 88 48 52 64 0 13
9 12 9 20 48 75 88 12
59 45 59 24 71 82 44 55 67 72 87 78 10 17 20 88 12 29 48 52 64 0 45
21 66 21 20 48 52 71 82 44 79 88 12 66
69 32 69 72 88 12 37 51 17 32
11 60 11 78 44 55 58 77 79 88 12 60
41 45 41 45
9 36 9 36
23 80 23 66 78 10 17 33 62 13 26 88 48 75 80
31 55 31 6 37 36 50 82 44 55
74 86 74 58 67 72 86
33 29 33 49 69 76 37 51 17 58 77 79 88 12 29
34 5 34 59 5
20 32 20 32
37 86 37 36 59 24 71 82 44 55 58 54 86
41 79 41 57 63 65 77 55 67 82 44 79
7 80 7 14 9 71 82 44 55 58 67 72 53 80
19 60 19 82 44 79 88 12 45 77 55 58 68 72 87 78 10 17 33 49 69 51 59 64 0 27 36 50 60
40 44 40 41 66 78 44
62 0 62 20 56 64 0
69 77 69 72 53 88 12 45 77
21 54 21 58 54
41 45 41 57 12 45
69 70 69 51 59 24 27 44 55 67 72 87 78 10 17 70
70 67 70 29 48 88 12 75 82 44 55 58 67
3 6 3 30 52 77 79 88 48 75 82 44 55 58 68 74 6
7 67 7 64 82 44 79 88 48 52 77 55 67
65 84 65 77 89 84
33 79 33 78 10 24 27 79
33 0 33 62 20 56 82 44 79 88 12 45 64 0
34 84 34 48 88 12 37 59 64 82 44 79 84
2 45 2 82 44 55 58 68 74 6 16 35 64 0 13 26 17 33 49 72 53 88 12 45
25 54 25 33 62 72 44 55 58 54
46 24 46 88 12 50 82 44 55 58 68 69 72 87 78 10 17 33 51 59 24
3 29 3 64 82 44 55 58 68 74 6 77 79 88 12 29
63 79 63 65 9 20 48 75 88 12 66 77 55 58 67 72 44 79
15 10 15 26 10
14 79 14 59 64 0 10 30 50 82 44 55 58 77 79
14 29 14 28 88 12 29
2 77 2 78 44 79 88 12 66 77
56 71 56 74 6 37 52 64 71
8 66 8 41 66
26 75 26 88 48 75
51 53 51 59 5 79 88 12 50 82 44 55 67 72 53
20 55 20 40 78 10 30 44 79 88 12 37 48 52 77 55
33 36 33 62 20 56 74 6 31 16 35 41 76 27 36
20 71 20 48 52 71
18 10 18 20 48 88 12 24 71 82 44 55 67 72 87 78 10
26 45 26 28 68 74 6 88 12 45
38 10 38 16 45 77 55 58 67 82 44 79 88 48 52 64 0 27 78 10
23 52 23 49 69 76 37 59 5 52
11 13 11 78 10 17 33 62 13
13 79 13 20 48 75 88 12 50 82 44 55 58 68 69 76 27 36 59 64 0 45 77 79
15 54 15 22 31 68 74 58 54
26 81 26 42 70 82 44 55 58 77 79 88 48 75 80 81
87 83 87 78 10 24 71 82 44 79 84 89 83
68 48 68 72 53 88 48
23 52 23 49 88 48 52
77 81 77 55 58 54 81
65 59 65 9 36 59
76 26 76 37 36 59 24 71 82 44 55 58 77 79 88 48 52 64 0 13 26
87 17 87 72 44 55 58 68 69 51 17
74 6 74 6
20 67 20 88 48 52 71 82 44 55 58 67
77 55 77 55
22 32 22 31 68 9 20 32
82 12 82 44 79 88 12
19 23 19 25 85 23
77 36 77 79 88 12 37 36
2 45 2 78 10 24 27 44 79 88 12 45
39 86 39 87 72 86
87 63 87 78 10 17 20 56 16 35 39 63
22 9 22 9
39 5 39 58 68 9 36 59 5
87 70 87 78 44 79 88 12 37 51 17 70
82 17 82 44 55 58 67 72 87 78 10 17
88 48 88 48
40 83 40 68 72 87 78 44 84 89 83
64 66 64 44 55 58 77 79 88 12 66
62 51 62 13 68 69 51
22 45 22 9 36 37 48 52 64 82 44 79 88 12 66 78 10 24 27 5 6 45
49 29 49 72 88 12 29
87 5 87 78 44 79 88 12 37 49 76 27 5
56 66 56 82 44 79 88 12 66
14 55 14 59 5 64 44 55
28 52 28 35 41 45 77 79 88 48 52
43 71 43 75 88 48 52 71
26 0 26 28 68 69 72 88 48 52 64 0
39 34 39 76 37 51 59 24 27 79 88 48 52 71 82 44 55 67 72 87 78 10 30 34
87 72 87 72
1 12 1 2 33 78 44 79 88 12
70 48 70 29 48
77 36 77 79 88 12 37 36
22 45 22 9 36 59 5 88 12 45
57 67 57 82 44 55 67
22 86 22 31 43 44 55 58 54 86
33 83 33 49 72 44 79 83
11 45 11 59 5 75 82 44 79 88 48 52 64 0 45
57 17 57 24 71 82 44 79 88 48 52 77 55 58 68 74 6 37 49 69 51 17
68 79 68 69 51 17 78 44 55 58 77 79
74 80 74 6 77 79 88 48 52 80
25 24 25 5 72 44 55 58 77 79 88 12 24
56 12 56 64 44 79 88 12
2 45 2 23 66 77 79 88 12 45
4 36 4 74 58 68 9 36
82 24 82 44 79 88 12 72 87 78 10 24
74 66 74 6 77 79 88 12 66
30 48 30 52 71 82 44 79 88 48
57 53 57 78 10 48 52 64 0 27 36 59 24 71 82 44 79 88 12 45 77 55 67 72 53
11 53 11 68 9 36 59 5 6 77 79 88 48 75 82 44 55 67 72 53
4 48 4 58 68 72 53 88 12 29 48
40 16 40 68 74 6 16
22 86 22 31 68 9 71 82 44 55 67 72 86
18 84 18 20 40 41 49 88 48 75 82 44 84
38 29 38 16 29
11 59 11 59
88 48 88 48
68 89 68 9 62 20 88 48 75 82 44 84 89
2 0 2 34 0
33 24 33 62 72 87 78 10 24
22 83 22 31 6 77 89 83
76 53 76 37 52 77 79 88 48 75 82 44 55 67 72 53
4 82 4 72 88 48 52 71 82
8 84 8 28 77 89 84
69 25 69 76 27 88 12 45 64 71 82 44 55 58 68 9 20 40 25
6 83 6 16 84 89 83
58 71 58 77 79 88 12 29 48 52 64 71
70 83 70 81 83
76 55 76 37 77 55
37 52 37 77 79 88 48 52
76 34 76 27 79 88 48 75 82 44 55 67 72 87 78 10 30 34
85 73 85 57 78 44 55 67 82 73
57 67 57 12 24 27 44 55 67
62 84 62 20 40 41 76 37 48 88 12 66 78 44 79 84
23 71 23 66 77 79 88 48 52 71
49 81 49 72 88 48 75 80 81
37 75 37 44 55 67 72 88 48 75
8 30 8 70 29 48 88 12 50 82 44 55 58 68 72 87 78 10 30
22 16 22 31 16
28 66 28 64 0 45 77 55 67 82 44 79 88 12 66
40 12 40 68 72 44 79 88 12
1 82 1 23 37 76 27 78 10 30 48 52 77 79 88 12 72 44 55 58 67 82
74 66 74 6 45 77 55 58 67 82 44 79 88 12 66
25 67 25 79 88 48 75 82 44 55 58 67
23 48 23 37 51 59 24 71 82 44 55 67 72 88 48
31 13 31 16 35 59 24 71 82 44 79 88 48 52 77 55 67 72 87 78 10 30 34 0 13
41 84 41 50 82 44 55 84
46 75 46 88 12 29 48 75
40 26 40 25 62 13 26
19 53 19 56 82 44 55 58 68 72 53
72 80 72 53 80
16 73 16 45 64 71 82 73
18 6 18 22 34 0 10 24 71 82 44 55 58 68 74 6
14 81 14 51 67 82 44 79 88 48 75 80 81
42 77 42 51 67 82 44 55 58 77
20 48 20 39 65 77 55 67 82 44 79 88 48
1 26 1 7 14 34 79 88 12 75 82 44 55 67 72 87 78 10 48 52 64 0 13 26
28 53 28 82 44 79 88 12 72 53
89 84 89 84
51 73 51 59 64 44 55 58 77 79 88 48 75 82 73
21 10 21 82 44 55 67 72 87 78 10
26 84 26 28 82 44 84
68 54 68 74 58 54
58 29 58 68 69 76 37 49 72 87 78 10 30 34 29
41 86 41 50 82 44 55 58 67 72 86
35 81 35 39 87 78 10 30 34 48 75 80 81
69 6 69 51 17 20 56 16 29 48 52 77 55 58 68 74 6
18 45 18 22 9 20 56 64 71 82 44 79 88 12 45
33 29 33 78 10 48 75 82 44 55 58 77 79 88 12 29
28 75 28 87 72 53 88 48 75
3 58 3 64 44 79 88 12 37 52 77 55 58
20 81 20 40 41 70 81
3 9 3 9
69 60 69 72 88 12 60
18 80 18 59 24 27 78 10 48 52 71 82 44 79 88 12 66 77 55 58 68 72 53 80
49 67 49 88 48 52 77 55 67
3 41 3 9 71 82 44 55 58 67 72 87 78 10 48 52 64 0 13 28 35 41
9 12 9 36 59 5 79 88 12
57 66 57 12 66
77 32 77 79 88 12 45 64 82 44 55 58 67 72 87 78 10 17 20 32
72 10 72 87 78 10
9 24 9 71 82 44 55 67 72 87 78 10 24
2 81 2 33 45 50 82 44 55 58 77 79 88 48 75 80 81
33 66 33 45 50 82 44 55 67 72 87 78 10 24 27 5 6 88 12 66
85 0 85 23 50 82 44 79 88 12 45 64 0
57 86 57 24 27 5 52 77 55 58 67 72 86
40 33 40 41 50 82 44 79 88 12 29 48 52 77 55 58 67 72 87 78 10 17 33
31 81 31 68 74 58 77 55 67 72 88 48 52 80 81
76 88 76 27 36 50 82 44 55 58 67 72 88
7 53 7 43 75 88 48 52 71 82 44 55 58 68 72 53
74 9 74 58 68 9
40 27 40 41 57 63 65 9 36 59 24 27
1 48 1 23 66 77 55 67 82 44 79 88 12 29 48
1 45 1 20 48 52 77 55 58 68 74 6 16 45
22 51 22 43 75 82 44 55 67 72 53 88 48 52 64 0 13 26 42 51
65 77 65 77
27 24 27 36 59 64 71 82 44 55 58 68 69 51 17 70 29 48 52 77 79 88 12 24
7 55 7 64 44 55
69 36 69 76 27 36
18 58 18 51 59 64 71 82 44 55 58
4 67 4 70 29 48 88 12 66 77 55 67
56 32 56 16 45 77 79 88 12 24 71 82 44 55 58 67 72 87 78 10 17 33 49 69 76 27 36 59 64 0 20 32
15 9 15 22 34 0 45 77 79 88 48 52 71 82 44 55 58 68 9
11 83 11 78 10 17 33 51 80 81 83
25 53 25 79 88 12 45 50 82 44 55 67 72 53
8 34 8 70 82 44 79 88 12 66 78 10 30 34
26 54 26 28 82 44 55 58 54
87 45 87 78 10 48 52 77 79 88 12 45
31 52 31 6 77 79 88 12 37 44 55 67 72 87 78 10 48 52
38 75 38 16 29 48 75
42 50 42 62 20 48 52 77 55 67 72 44 79 88 12 50
42 70 42 70
62 26 62 13 26
15 84 15 89 84
4 25 4 30 52 77 55 58 67 72 87 78 10 17 20 40 25
46 6 46 88 12 29 48 75 82 44 55 58 68 74 6
1 17 1 2 34 29 48 75 82 44 55 67 72 87 78 10 17
23 24 23 37 59 64 0 20 40 25 5 72 87 78 10 24
58 67 58 77 79 88 48 52 64 82 44 55 67
4 48 4 72 87 78 44 79 88 48
74 13 74 6 71 82 44 79 88 12 37 72 87 78 10 30 34 0 13
4 77 4 23 66 77
85 29 85 88 12 29
8 33 8 41 50 82 44 55 58 77 79 88 12 37 51 17 33
85 75 85 88 48 75
20 80 20 88 12 37 52 80
35 32 35 39 65 77 55 58 67 72 87 78 10 17 32
41 66 41 66
22 17 22 34 48 52 77 79 88 12 72 87 78 10 17
37 71 37 36 50 82 44 55 58 67 72 88 48 52 71
49 0 49 72 44 79 88 48 52 64 0
68 36 68 69 51 67 82 44 55 58 77 79 88 12 37 72 87 78 10 24 27 36
49 36 49 69 51 59 64 82 44 55 58 68 9 36
37 17 37 52 77 79 88 48 75 82 44 55 67 72 87 78 10 17
42 64 42 51 67 72 53 88 48 52 64
8 12 8 9 71 82 44 79 88 12
6 50 6 31 43 52 64 82 44 55 58 77 79 88 12 50
27 29 27 79 88 48 52 71 82 44 55 67 72 87 78 10 30 34 29
87 79 87 72 53 88 48 75 82 44 79
76 77 76 37 77
58 32 58 77 79 88 48 75 82 44 55 67 72 87 78 10 17 33 32
8 58 8 40 78 44 55 58
14 50 14 9 62 72 44 55 58 77 79 88 12 50
68 37 68 69 76 37
27 55 27 5 72 87 78 10 24 71 82 44 55
87 55 87 78 44 55
76 57 76 27 5 52 77 79 88 48 75 82 44 55 67 72 87 78 10 17 20 40 41 57
15 27 15 41 76 27
19 17 19 82 44 55 67 72 88 12 37 51 17
27 55 27 5 52 77 55
68 27 68 69 76 27
88 54 88 48 52 77 55 58 54
65 83 65 9 62 13 60 83
14 33 14 25 33
68 84 68 69 72 44 84
3 32 3 64 0 10 17 20 32
22 64 22 43 52 64
59 36 59 5 79 88 48 52 71 82 44 55 58 67 72 87 78 10 24 27 36
31 0 31 68 72 53 88 48 52 64 0
34 10 34 29 48 52 64 0 13 10
77 54 77 55 58 54
40 73 40 68 72 44 79 88 48 75 82 73
37 81 37 77 55 58 54 81
76 13 76 27 5 72 87 78 10 24 71 82 44 79 88 48 52 64 0 13
13 52 13 28 41 50 82 44 79 88 12 66 78 10 48 52
33 32 33 32
3 66 3 9 50 82 44 79 88 12 66
85 89 85 23 5 64 0 89
40 83 40 25 35 41 49 89 83
2 5 2 34 29 48 52 71 82 44 55 58 68 9 36 37 59 24 27 5
59 75 59 5 6 37 52 77 79 88 48 75
72 52 72 53 88 12 29 48 75 82 44 55 58 68 9 20 39 76 37 52
23 53 23 37 72 53
68 72 68 9 50 82 44 55 67 72
88 0 88 12 50 82 44 55 58 68 9 62 13 0
88 54 88 48 75 82 44 55 58 54
4 37 4 49 69 76 37
3 80 3 37 52 71 82 44 79 88 12 45 64 0 20 56 27 5 75 80
41 86 41 50 82 44 55 58 54 86
88 86 88 12 45 50 82 44 55 67 72 86
88 24 88 48 52 71 82 44 55 58 68 69 72 87 78 10 24
30 5 30 34 59 5
85 33 85 88 12 50 82 44 55 67 72 87 78 10 17 33
82 73 82 73
11 89 11 78 44 84 89
7 48 7 57 24 27 78 44 79 88 48
41 29 41 70 29
3 51 3 30 50 82 44 55 58 68 69 76 37 51
14 82 14 25 40 41 63 65 9 20 88 48 75 82
28 44 28 35 39 64 44
40 79 40 25 33 45 50 82 44 79
8 54 8 70 82 44 55 58 54
87 41 87 72 44 79 88 48 52 77 55 58 68 69 76 27 5 64 0 13 20 40 41
62 60 62 13 60
22 64 22 9 71 82 44 55 58 68 69 51 59 5 79 88 48 52 64
42 83 42 63 29 48 75 82 44 84 89 83
27 86 27 79 88 48 52 64 71 82 44 55 67 72 86
57 48 57 12 37 36 59 5 88 48
63 50 63 65 77 79 88 48 52 64 44 55 67 72 87 78 10 17 58 68 74 6 16 45 50
85 24 85 57 24
20 36 20 39 58 77 55 67 72 87 78 44 79 88 48 52 64 0 27 36
74 32 74 58 77 55 67 82 44 79 88 48 52 64 0 20 39 87 78 10 17 33 32
16 73 16 45 64 82 73
28 29 28 37 76 27 79 88 12 66 77 55 58 68 9 62 20 56 74 6 16 29
40 75 40 68 69 51 67 82 44 79 88 12 29 48 75
30 32 30 52 71 82 44 55 67 72 87 78 10 17 32
9 52 9 36 37 48 52
82 71 82 44 79 88 12 72 87 78 10 24 71
31 10 31 43 44 55 67 72 87 78 10
77 45 77 79 88 48 52 71 82 44 55 67 72 87 78 10 17 33 62 13 68 74 6 37 49 76 27 36 59 5 64 0 45
43 80 43 52 80
87 52 87 72 88 48 52
39 45 39 58 68 72 44 79 88 12 45
76 48 76 27 78 44 79 88 48
62 41 62 20 40 41
37 79 37 59 64 44 79
87 51 87 72 44 79 88 12 45 77 55 58 68 69 51
85 79 85 23 5 6 48 75 88 12 50 82 44 79
16 12 16 35 64 71 82 44 55 67 72 87 78 10 48 52 77 79 88 12
69 16 69 76 37 77 55 58 68 74 6 16
77 17 77 55 58 67 72 88 12 37 51 17
31 13 31 16 45 50 82 44 55 67 72 87 78 10 30 34 79 88 12 24 27 36 59 64 0 20 56 74 58 68 69 51 17 33 62 13
1 70 1 49 76 37 77 79 88 48 75 82 44 55 58 67 72 87 78 10 17 70
21 13 21 42 62 13
23 29 23 66 78 10 17 20 48 52 77 79 88 12 29
2 0 2 56 64 0
37 79 37 36 50 82 44 79
23 36 23 37 36
56 54 56 27 78 10 48 52 77 55 58 54
28 67 28 68 9 71 82 44 55 67
8 63 8 41 63
21 10 21 58 68 74 6 37 36 59 64 0 45 77 79 88 12 66 78 10
58 45 58 68 69 76 27 5 88 48 52 64 0 45
77 55 77 79 88 48 52 71 82 44 55
31 37 31 68 72 53 88 12 37
11 17 11 88 12 66 78 10 17
39 5 39 58 68 9 50 82 44 79 88 48 52 77 55 67 72 87 78 10 17 33 51 59 64 0 27 5
74 73 74 58 77 55 67 73
76 10 76 27 36 50 82 44 55 58 67 72 88 12 45 64 0 10
69 53 69 76 37 36 59 5 72 53
19 60 19 82 44 55 58 68 72 87 78 10 30 34 59 64 0 27 36 50 60
6 84 6 16 84
82 17 82 44 79 88 12 66 78 10 17
70 53 70 82 44 55 67 72 53
42 36 42 63 29 48 75 82 44 55 58 77 79 88 12 37 36
19 73 19 56 27 44 55 58 68 74 6 31 43 66 77 79 88 12 50 82 73
21 67 21 42 70 29 48 75 88 12 50 82 44 55 67
14 51 14 51
20 67 20 56 82 44 55 67
49 12 49 88 12
15 84 15 22 9 36 59 5 88 48 52 64 71 82 44 84
1 66 1 23 66
42 71 42 62 20 56 74 6 71
85 54 85 88 48 75 82 44 55 67 72 87 78 10 17 58 54
18 63 18 22 9 62 20 39 63
70 73 70 73
62 71 62 13 29 48 52 71
15 24 15 22 34 79 88 12 24
74 81 74 58 54 81
65 5 65 9 20 40 41 45 50 82 44 55 67 72 88 12 37 49 76 27 5
38 6 38 65 9 62 72 87 78 10 17 20 55 58 68 69 76 37 59 64 0 13 74 6
39 0 39 64 0
78 54 78 44 55 58 54
40 80 40 41 50 82 44 55 58 77 79 88 12 66 78 10 17 70 29 48 75 80
15 13 15 30 34 59 24 27 88 48 52 64 0 13
11 58 11 59 5 72 53 88 48 52 77 55 58
43 67 43 87 72 88 12 45 50 82 44 55 67
19 89 19 69 76 37 48 52 71 82 44 84 89
68 59 68 9 20 39 76 37 59
76 30 76 27 88 48 52 71 82 44 55 58 68 69 51 17 78 10 30
35 52 35 59 24 27 5 52
15 77 15 30 52 71 82 44 55 58 67 72 88 12 45 77
77 29 77 55 58 67 82 44 79 88 12 29
26 81 26 17 33 51 80 81
40 30 40 78 10 30
42 12 42 70 82 44 55 67 72 53 88 12
15 43 15 41 57 24 71 82 44 55 67 72 88 12 29 48 52 64 0 10 30 34 59 5 6 31 43
51 71 51 59 5 64 44 55 58 68 9 36 37 76 27 78 10 48 52 71
6 17 6 31 16 87 78 10 17
74 13 74 58 68 9 62 13
74 30 74 6 48 75 82 44 55 67 72 87 78 10 30
35 32 35 39 64 71 82 44 55 67 72 87 78 10 17 32
42 26 42 63 29 48 52 71 82 44 79 88 12 45 64 0 13 26
23 81 23 5 64 82 44 55 58 67 72 53 80 81
64 67 64 82 44 55 58 67
31 52 31 43 52
74 10 74 58 68 69 76 27 5 88 12 37 36 59 24 71 82 44 55 67 72 87 78 10
25 36 25 38 65 9 36
49 84 49 76 37 72 88 48 75 82 44 79 84
46 55 46 88 48 52 77 55
56 67 56 82 44 79 88 12 29 48 52 77 55 58 67
11 66 11 70 82 44 79 88 12 66
40 41 40 41
22 44 22 9 71 82 44
19 29 19 56 82 44 55 58 67 72 87 78 10 30 34 29
87 66 87 78 10 30 44 55 58 68 72 53 88 12 66
7 73 7 17 78 44 55 58 67 72 88 12 45 64 71 82 73
6 5 6 48 52 71 82 44 79 88 12 24 27 36 59 5
28 80 28 64 82 44 79 88 48 75 80
21 72 21 42 51 17 70 29 48 75 82 44 55 58 68 74 6 77 79 88 12 72
22 84 22 43 66 78 10 17 70 29 48 75 82 44 84
28 34 28 64 71 82 44 79 88 48 52 77 55 58 68 69 51 67 72 87 78 10 30 34
3 29 3 38 16 45 64 0 27 5 6 48 52 77 79 88 12 29
87 45 87 78 10 17 33 45
39 67 39 87 72 88 12 29 48 52 64 71 82 44 55 67
3 50 3 38 13 29 48 75 82 44 55 67 72 53 88 12 50
2 12 2 33 51 67 72 88 12
74 82 74 6 45 77 55 67 82
8 88 8 9 20 56 64 82 44 55 58 77 79 88
49 84 49 76 37 72 87 78 44 79 84
23 29 23 49 69 72 87 78 10 30 34 29
46 64 46 88 48 52 64
13 53 13 74 58 68 9 36 59 5 64 71 82 44 55 67 72 53
11 63 11 78 44 55 58 68 9 20 40 41 63
21 44 21 20 48 88 12 75 82 44
31 73 31 68 74 6 45 77 79 88 12 50 82 73
70 12 70 29 48 75 88 12
40 25 40 25
4 32 4 23 32
8 70 8 70
26 84 26 42 62 72 87 78 44 84
74 13 74 58 77 55 67 72 87 78 10 24 71 82 44 79 88 48 52 64 0 13
62 53 62 72 53
88 79 88 48 75 82 44 79
69 60 69 76 27 36 50 60
77 73 77 55 58 68 69 51 67 73
2 45 2 56 16 35 39 64 44 79 88 12 45
9 52 9 50 82 44 79 88 48 52
69 17 69 51 17
78 44 78 10 24 71 82 44
3 79 3 82 44 79
18 9 18 22 9
57 54 57 72 44 55 58 54
78 32 78 10 17 32
16 24 16 45 64 71 82 44 79 88 48 52 77 55 58 68 9 62 13 10 24
85 29 85 57 63 75 82 44 79 88 12 29
4 16 4 30 52 64 0 13 20 56 16
76 44 76 37 51 17 70 29 48 52 64 44
72 66 72 88 12 66
64 0 64 0
76 51 76 37 52 64 44 55 58 68 69 51
9 79 9 20 39 64 71 82 44 55 58 77 79
49 75 49 76 27 44 55 58 77 79 88 12 75
16 17 16 35 39 65 9 71 82 44 79 88 48 52 64 0 10 17
58 36 58 67 72 88 12 45 64 0 27 36
41 55 41 57 12 37 36 59 24 27 88 48 52 77 55
8 23 8 40 25 85 23
14 89 14 9 62 13 10 24 27 5 79 84 89
76 60 76 37 48 88 12 60
38 82 38 65 77 79 88 48 75 82
21 63 21 26 42 63
23 73 23 66 78 44 79 88 48 52 64 82 73
68 77 68 72 87 78 44 55 58 77
33 54 33 78 44 55 58 54
28 78 28 41 50 82 44 79 88 12 37 77 55 67 72 87 78
76 34 76 37 59 24 71 82 44 79 88 48 52 64 0 13 68 69 72 87 78 10 30 34
64 81 64 71 82 44 55 58 77 79 88 48 75 80 81
46 89 46 88 12 72 44 55 84 89
72 24 72 87 78 10 48 88 12 24
82 52 82 44 55 67 72 87 78 10 30 52
25 53 25 79 88 48 52 71 82 44 55 67 72 53
57 24 57 24
77 66 77 79 88 12 66
69 82 69 76 37 72 88 48 75 82
41 66 41 63 65 77 55 58 67 82 44 79 88 12 66
65 88 65 77 55 58 67 72 88
19 73 19 56 74 6 88 48 75 82 73
38 16 38 16
56 86 56 82 44 55 58 68 72 88 12 66 78 10 24 27 5 6 16 86
51 17 51 17
58 54 58 54
19 45 19 38 16 45
2 83 2 56 82 44 55 67 72 88 48 75 80 81 83
43 24 43 66 78 10 24
31 53 31 68 74 6 71 82 44 55 58 67 72 53
74 81 74 6 71 82 44 55 58 68 69 76 27 88 48 52 80 81
77 67 77 55 58 67
65 73 65 77 55 67 73
15 64 15 41 45 64
16 29 16 29
41 52 41 76 27 78 44 79 88 12 29 48 52
33 45 33 51 67 82 44 79 88 12 45
30 12 30 34 29 48 52 77 79 88 12
7 81 7 64 44 55 58 81
6 66 6 48 52 77 79 88 12 66
34 24 34 59 24
30 5 30 50 82 44 55 67 72 87 78 10 24 27 36 59 5
35 78 35 41 66 77 79 88 12 24 27 78
65 30 65 77 79 88 48 75 82 44 55 58 68 72 87 78 10 30
2 82 2 23 50 82
78 12 78 44 79 88 12
42 20 42 62 13 20
46 70 46 88 12 75 82 44 55 67 72 87 78 10 17 70
8 13 8 62 13
27 36 27 5 88 48 52 71 82 44 55 58 68 9 36
1 7 1 7
85 52 85 88 48 52
58 24 58 77 79 88 48 75 82 44 55 67 72 87 78 10 24
7 79 7 17 20 40 41 49 88 48 52 71 82 44 79
62 10 62 13 29 48 52 71 82 44 55 67 72 87 78 10
4 55 4 82 44 55
42 12 42 62 72 53 88 12
14 73 14 34 29 48 52 77 79 88 12 45 64 82 44 55 58 67 73
3 73 3 37 44 55 58 68 69 51 59 24 71 82 73
62 88 62 72 44 79 88
28 9 28 35 39 65 9
8 78 8 28 64 71 82 44 55 67 72 87 78
22 53 22 34 48 75 88 12 66 77 55 67 72 53
8 5 8 40 68 74 6 77 79 88 48 75 82 44 55 58 67 72 87 78 10 17 33 51 59 5
77 17 77 79 88 12 45 64 44 55 67 72 87 78 10 17
4 88 4 74 6 48 88
18 63 18 57 82 44 79 88 12 45 64 0 13 26 42 63
46 78 46 88 12 72 87 78
11 37 11 88 48 75 82 44 55 58 68 69 76 37
41 66 41 66
8 52 8 9 50 82 44 55 58 68 69 72 53 88 48 52
69 59 69 51 59
51 50 51 59 5 52 71 82 44 55 58 67 72 53 88 12 66 78 10 30 50
11 82 11 78 44 79 88 12 66 77 55 58 68 69 76 27 36 50 82
23 71 23 50 82 44 55 58 77 79 88 12 37 76 27 5 52 64 71
46 81 46 88 48 75 80 81
38 86 38 65 9 62 72 86
28 10 28 64 44 55 67 72 87 78 10
43 45 43 87 72 44 79 88 12 45
56 53 56 27 5 52 77 79 88 48 75 82 44 55 67 72 53
8 12 8 62 20 48 88 12
69 78 69 72 87 78
78 12 78 10 24 71 82 44 55 67 72 88 12
51 79 51 67 72 53 88 48 75 82 44 79
68 72 68 9 20 56 27 5 52 64 82 44 55 58 67 72
38 53 38 65 77 55 58 67 72 53
15 89 15 22 43 87 78 10 30 50 82 44 55 84 89
42 89 42 62 20 48 88 12 72 53 84 89
62 45 62 72 87 78 10 17 33 45
11 9 11 88 48 75 82 44 55 58 68 9
19 66 19 69 72 88 12 66
65 58 65 9 50 82 44 55 58
51 32 51 17 20 32
56 79 56 74 6 71 82 44 55 58 77 79
64 5 64 44 79 88 48 52 77 55 58 68 9 20 40 25 35 41 49 69 51 59 5
8 57 8 41 57
30 24 30 34 0 10 48 75 88 12 24
3 59 3 9 36 59
22 71 22 9 71
69 81 69 72 88 12 29 48 75 80 81
49 59 49 69 76 37 59
63 53 63 65 9 36 37 52 64 44 55 58 67 72 53
33 12 33 51 59 5 72 88 12
20 52 20 88 48 52
22 52 22 43 52
3 16 3 82 44 79 88 48 52 64 0 13 74 6 16
56 58 56 16 45 64 82 44 55 58
77 5 77 55 58 67 82 44 79 88 12 37 76 27 5
2 5 2 34 59 5
11 27 11 70 29 48 52 64 71 82 44 55 58 68 69 51 59 5 75 88 12 24 27
14 26 14 42 62 13 26
30 86 30 34 48 75 82 44 55 58 68 72 86
42 59 42 51 59
38 77 38 13 20 39 64 71 82 44 55 58 77
56 78 56 16 87 78
57 10 57 78 10
85 60 85 23 50 60
34 45 34 29 48 88 12 45
58 0 58 67 72 88 12 37 52 64 0
87 50 87 78 44 79 88 12 50
1 59 1 49 69 76 27 44 79 88 12 45 64 0 13 20 40 25 33 51 59
21 5 21 26 42 62 13 28 35 39 64 71 82 44 55 67 72 87 78 10 30 48 75 88 12 37 76 27 36 59 5
42 66 42 51 67 72 44 79 88 12 66
78 0 78 10 24 71 82 44 55 58 77 79 88 12 37 36 59 64 0
64 86 64 86
39 81 39 63 29 48 88 12 72 53 80 81
68 24 68 69 76 27 44 55 58 77 79 88 12 24
7 54 7 43 66 77 79 88 12 24 27 78 10 17 58 54
15 12 15 22 9 36 37 76 27 5 75 88 12
34 86 34 86
27 0 27 79 88 48 52 64 0
27 79 27 79
82 36 82 44 55 67 72 87 78 10 48 52 77 79 88 12 37 36
43 45 43 75 82 44 55 58 68 74 6 45
56 71 56 64 44 55 58 68 9 20 48 52 71
70 53 70 82 44 79 88 12 24 27 5 72 53
19 75 19 69 51 59 5 6 31 43 66 78 10 24 27 44 79 88 48 75
35 66 35 41 66
63 24 63 29 48 52 64 0 20 56 16 35 41 57 24
22 89 22 9 62 13 26 17 60 84 89
26 17 26 42 63 29 48 75 82 44 79 88 12 66 78 10 17
27 0 27 78 44 79 88 48 52 64 0
74 89 74 58 68 9 71 82 44 79 84 89
74 50 74 6 45 64 71 82 44 55 67 72 87 78 10 48 88 12 50
15 0 15 30 34 0
4 34 4 72 87 78 10 30 34
31 54 31 6 16 45 64 82 44 55 58 54
56 64 56 64
6 52 6 37 52
8 53 8 62 13 74 58 67 72 53
19 60 19 38 65 9 62 13 20 40 41 76 37 36 59 5 79 88 12 50 60
26 50 26 17 70 29 48 75 88 12 50
56 86 56 64 86
2 23 2 23
15 27 15 26 88 48 75 82 44 55 58 67 72 87 78 10 17 20 56 64 0 27
11 77 11 68 69 72 87 78 10 48 52 77
87 20 87 72 44 55 58 77 79 88 12 66 78 10 17 20
13 83 13 83
51 75 51 17 70 82 44 55 67 72 53 88 48 75
2 79 2 9 71 82 44 79
20 52 20 55 58 67 82 44 79 88 48 52
22 29 22 34 29
63 79 63 65 9 62 13 26 17 33 78 10 48 52 64 82 44 79
18 64 18 51 17 20 39 65 77 79 88 12 45 64
34 29 34 29
31 58 31 68 9 20 55 58
77 32 77 55 58 67 82 44 79 88 12 37 76 27 5 72 87 78 10 48 52 64 0 20 32
74 54 74 58 54
25 54 25 40 68 9 36 59 24 71 82 44 79 88 48 52 77 55 58 54
35 82 35 64 44 79 88 48 52 77 55 58 67 82
49 77 49 72 53 88 12 29 48 52 77
40 6 40 25 5 6
77 71 77 79 88 48 75 82 44 55 58 67 72 87 78 10 24 71
23 10 23 50 82 44 55 58 77 79 88 12 66 78 10
39 51 39 76 37 51
68 86 68 72 86
43 44 43 52 77 79 88 12 24 71 82 44
21 0 21 42 51 59 24 27 79 88 12 29 48 52 64 0
65 66 65 77 55 67 72 87 78 44 79 88 12 66
76 13 76 37 77 79 88 48 75 82 44 55 58 68 72 87 78 10 17 20 39 64 0 13
76 79 76 27 78 10 48 52 64 44 79
56 20 56 16 29 48 52 64 71 82 44 55 58 68 69 51 17 20
2 60 2 72 53 88 12 37 76 27 78 10 17 60
14 10 14 51 17 20 48 52 77 55 67 82 44 79 88 12 37 72 87 78 10
40 57 40 41 57
49 25 49 69 72 87 78 10 24 71 82 44 55 58 68 9 20 40 25
59 45 59 24 71 82 44 79 88 48 52 64 0 20 56 27 5 6 45
65 37 65 9 62 13 20 39 63 29 48 88 12 37
39 89 39 64 0 27 79 88 12 72 87 78 44 55 84 89
23 86 23 49 76 27 44 79 88 12 37 72 86
21 75 21 42 63 65 77 79 88 48 75
72 79 72 88 48 75 82 44 79
69 88 69 51 59 24 27 79 88
76 50 76 27 44 79 88 12 50
18 32 18 22 9 62 20 32
56 48 56 82 44 55 58 68 74 6 48
56 37 56 16 87 78 10 30 44 79 88 12 24 27 36 37
87 52 87 78 10 30 50 82 44 55 58 68 69 51 17 33 49 72 53 88 48 52
87 29 87 72 53 88 48 52 64 0 27 5 6 16 29
74 52 74 58 67 72 44 79 88 12 37 48 52
49 29 49 88 12 24 27 36 50 82 44 55 58 67 72 87 78 10 30 34 29
46 86 46 88 48 75 82 44 55 58 54 86
65 54 65 77 79 88 12 50 82 44 55 58 54
76 16 76 27 78 10 48 75 82 44 79 88 12 37 59 64 0 45 77 55 58 68 74 6 31 56 16
2 89 2 72 87 78 10 30 44 84 89
82 81 82 44 79 88 12 37 52 77 55 58 68 74 6 31 56 16 29 48 75 80 81
42 20 42 62 20
64 55 64 82 44 55
62 57 62 20 40 41 57
14 43 14 25 62 13 68 69 76 27 79 88 12 29 48 52 64 82 44 55 67 72 87 78 10 30 34 59 5 6 31 43
31 83 31 68 74 6 16 35 59 5 64 82 44 55 84 89 83
76 58 76 27 79 88 12 45 50 82 44 55 58
65 70 65 9 20 48 75 82 44 55 58 67 72 53 88 12 24 27 78 10 17 70
8 57 8 41 57
40 66 40 68 9 71 82 44 55 58 77 79 88 48 52 64 0 13 28 41 66
58 53 58 77 79 88 48 75 82 44 55 67 72 53
82 55 82 44 55
31 34 31 43 44 79 88 12 72 87 78 10 30 34
57 81 57 63 65 77 79 88 12 72 53 80 81
25 55 25 35 59 24 71 82 44 55
39 63 39 63
15 29 15 41 63 29
77 84 77 55 58 67 72 53 84
19 33 19 82 44 55 67 72 87 78 10 17 33
11 78 11 88 48 52 71 82 44 55 67 72 87 78
4 64 4 70 82 44 79 88 12 24 27 78 10 17 33 51 59 64
88 36 88 48 75 82 44 55 58 68 9 36
27 45 27 79 88 12 45
3 54 3 37 44 55 58 54
20 32 20 39 64 71 82 44 55 58 67 72 87 78 10 17 33 32
9 54 9 50 82 44 79 88 12 66 77 55 58 54
4 23 4 23
31 13 31 43 66 77 55 67 82 44 79 88 48 52 64 0 13
35 48 35 39 63 29 48
56 44 56 16 35 59 5 72 44
25 52 25 85 57 12 66 78 44 55 58 68 74 6 48 52
51 79 51 59 24 71 82 44 79
72 71 72 53 88 12 66 78 10 24 71
2 78 2 56 27 88 48 52 77 55 67 72 87 78
33 66 33 49 72 87 78 10 30 34 59 5 52 77 55 58 67 82 44 79 88 12 66
4 66 4 23 66
13 52 13 26 42 63 65 9 36 59 24 71 82 44 55 58 68 74 6 88 48 52
62 79 62 13 28 37 49 76 27 44 55 58 77 79
1 67 1 37 49 72 88 48 75 82 44 55 67
62 26 62 13 26
40 9 40 68 9
76 88 76 27 44 79 88
42 79 42 51 67 82 44 55 58 77 79
82 36 82 44 79 88 48 52 64 0 13 26 42 51 59 5 72 87 78 10 24 27 36
62 79 62 13 20 56 74 6 37 44 79
33 81 33 45 64 71 82 44 79 88 48 75 80 81
28 20 28 37 52 64 44 55 58 68 9 20
64 44 64 44
34 71 34 29 48 88 12 75 82 44 55 58 68 9 20 56 64 0 27 36 59 24 71
41 75 41 66 78 44 55 67 72 88 48 75
18 88 18 20 56 16 29 48 88
15 17 15 41 63 29 48 52 71 82 44 79 88 12 72 87 78 10 17
85 44 85 23 5 6 37 72 44
22 12 22 34 59 24 27 44 55 67 72 87 78 10 48 88 12
1 41 1 2 9 20 40 41
1 9 1 23 49 88 12 75 82 44 55 58 68 9
70 81 70 29 48 75 88 12 45 50 82 44 55 67 72 53 80 81
56 67 56 82 44 55 58 67
42 79 42 63 65 9 50 82 44 79
72 0 72 53 88 48 52 64 0
68 80 68 74 6 77 79 88 12 44 55 58 67 72 53 80
6 71 6 45 64 71
26 24 26 42 51 67 72 87 78 10 30 34 0 27 5 79 88 12 24
39 6 39 65 77 79 88 12 24 27 36 37 44 55 58 68 74 6
1 26 1 23 50 82 44 79 88 48 52 64 0 13 26
21 10 21 26 88 12 66 78 10
2 27 2 56 27
87 59 87 78 10 30 34 48 88 12 44 55 58 68 74 6 37 51 59
49 37 49 76 37
68 33 68 69 76 27 88 12 66 78 10 17 33
11 84 11 78 44 84
40 27 40 41 66 77 79 88 12 29 48 52 71 82 44 55 58 67 72 87 78 10 24 27
76 83 76 37 44 79 83
27 17 27 78 10 17
15 36 15 22 9 36
49 48 49 76 37 48
87 67 87 78 44 55 67
49 64 49 88 12 29 48 52 64
28 34 28 82 44 79 88 48 52 77 55 67 72 87 78 10 30 34
62 36 62 20 39 63 65 9 36
8 33 8 41 63 65 9 36 37 59 64 44 79 88 48 52 77 55 58 68 69 76 27 78 10 17 33
8 63 8 41 63
56 13 56 74 6 77 55 58 68 69 72 87 78 10 24 27 36 59 64 0 13
16 17 16 35 39 76 37 51 17
31 45 31 43 75 82 44 79 88 12 45
3 12 3 82 44 79 88 12
16 84 16 29 48 88 12 24 89 84
33 48 33 45 64 82 44 79 88 48
62 86 62 72 86
4 79 4 72 87 78 10 30 52 71 82 44 79
37 24 37 49 76 27 5 88 12 24
2 51 2 23 49 69 51
13 32 13 29 48 88 12 24 27 5 64 82 44 55 67 72 87 78 10 17 33 62 20 32
11 54 11 88 48 52 77 55 58 54
19 25 19 25
82 12 82 44 55 58 77 79 88 12
88 17 88 12 66 78 10 17
76 51 76 37 51
9 66 9 71 82 44 79 88 12 66
31 54 31 68 9 62 13 74 58 54
28 58 28 82 44 55 58
87 58 87 78 44 55 58
62 81 62 13 20 55 67 72 44 79 88 48 52 80 81
78 29 78 44 55 58 77 79 88 12 29
56 52 56 64 71 82 44 55 58 68 69 51 59 5 88 48 52
11 9 11 68 9
38 32 38 13 20 32
46 52 46 88 48 52
14 89 14 25 5 75 88 12 50 82 44 79 84 89
62 48 62 20 48
13 84 13 84
69 55 69 72 88 48 52 71 82 44 55
76 17 76 27 79 88 12 45 64 0 13 68 74 58 77 55 67 72 87 78 10 17
78 80 78 44 55 58 68 69 76 37 77 79 88 12 75 80
76 55 76 27 88 12 75 82 44 55
40 60 40 68 74 58 77 79 88 48 75 82 44 55 67 72 87 78 10 17 33 49 69 76 37 36 50 60
26 83 26 10 48 52 77 89 83
15 57 15 41 57
18 66 18 51 59 64 0 27 44 55 58 68 72 88 12 66
46 45 46 88 12 45
31 80 31 43 44 79 88 12 29 48 52 80
28 45 28 64 71 82 44 55 67 72 88 12 45
21 61 21 42 63 75 88 12 37 51 17 33 61
41 80 41 66 78 44 55 58 68 72 53 80
4 36 4 58 68 69 51 17 20 48 75 82 44 55 67 72 87 78 10 24 27 36
46 45 46 88 12 66 77 55 58 68 74 6 45
37 48 37 76 27 5 64 44 55 67 72 87 78 10 17 70 29 48
34 24 34 0 10 48 75 88 12 24
51 0 51 59 64 0
4 77 4 58 77
78 29 78 10 17 70 29
40 79 40 78 44 79
11 32 11 68 69 76 37 77 79 88 48 75 82 44 55 67 72 87 78 10 17 32
20 86 20 88 12 37 36 59 5 64 86
25 29 25 62 72 44 79 88 12 29
13 45 13 28 35 39 64 0 45
1 89 1 23 66 78 44 84 89
28 60 28 64 44 55 58 67 72 53 88 12 60
85 10 85 23 49 76 37 59 24 27 78 44 55 67 72 53 88 48 52 64 0 10
42 55 42 62 72 44 79 88 12 66 77 55
74 43 74 6 31 43
46 84 46 60 84
69 9 69 76 27 44 55 58 68 9
58 79 58 67 82 44 79
19 20 19 25 62 20
25 0 25 5 52 64 0
41 83 41 45 77 55 84 89 83
82 67 82 44 55 67
72 0 72 87 78 10 17 20 40 41 57 82 44 79 88 48 52 64 0
4 67 4 49 76 37 72 53 88 48 75 82 44 55 67
1 73 1 20 88 12 24 73
69 66 69 72 88 12 66
30 67 30 34 79 88 12 44 55 67
64 73 64 71 82 73
30 86 30 52 64 0 20 88 12 44 55 67 72 86
58 55 58 77 55
65 72 65 9 36 59 64 0 45 50 82 44 79 88 12 66 77 55 67 72
43 54 43 52 71 82 44 55 58 54
42 29 42 63 29
77 75 77 55 58 67 82 44 79 88 48 75
43 32 43 87 78 10 17 32
46 77 46 88 12 66 77
41 50 41 76 37 48 52 64 0 45 50
51 32 51 17 20 32
87 83 87 78 10 48 52 80 81 83
15 79 15 41 57 78 10 24 71 82 44 79
46 77 46 88 48 52 77
34 29 34 48 52 71 82 44 79 88 12 29
59 53 59 24 27 78 10 30 44 55 58 67 72 53
19 33 19 69 51 17 33
7 67 7 43 87 72 88 48 75 82 44 55 67
18 82 18 57 63 65 77 79 88 48 52 71 82
18 57 18 57
33 84 33 51 59 5 64 44 84
38 63 38 13 26 42 63
72 32 72 87 78 10 17 32
56 37 56 74 6 48 88 12 37
72 83 72 44 79 83
16 0 16 45 77 55 67 72 87 78 44 79 88 48 52 64 0
46 51 46 88 12 72 87 78 10 17 33 51
30 81 30 50 82 44 55 58 77 79 88 48 52 80 81
38 88 38 13 29 48 75 82 44 55 58 68 69 76 37 77 79 88
39 81 39 87 78 10 17 33 51 59 64 82 44 55 67 72 88 48 75 80 81
65 33 65 9 62 72 87 78 10 17 33
69 77 69 76 37 77
13 67 13 68 74 6 37 76 27 78 44 55 67
41 80 41 70 29 48 75 80
18 6 18 20 56 16 87 78 10 17 70 82 44 55 58 68 74 6
56 53 56 64 44 79 88 12 66 77 55 67 72 53
21 70 21 42 70
35 16 35 64 71 82 44 79 88 12 29 48 52 77 55 58 68 74 6 16
30 50 30 34 0 45 50
7 12 7 14 59 5 75 82 44 79 88 12
22 50 22 9 20 48 52 77 55 58 68 72 87 78 44 79 88 12 50
22 30 22 31 56 82 44 79 88 48 52 77 55 58 67 72 87 78 10 30
39 25 39 63 75 88 12 50 82 44 55 67 72 87 78 10 17 20 40 25
25 86 25 79 88 48 52 77 55 58 54 86
76 13 76 27 88 48 75 82 44 55 58 68 74 6 31 56 64 0 13
14 79 14 25 33 62 20 55 58 67 82 44 79
42 24 42 70 82 44 79 88 12 24
23 81 23 50 82 44 79 88 12 75 80 81
88 52 88 48 52
21 59 21 26 28 37 59
58 5 58 77 79 88 48 75 82 44 55 67 72 87 78 10 30 34 59 5
35 79 35 59 24 27 79
8 77 8 70 82 44 55 58 77
69 78 69 76 37 44 55 67 72 87 78
38 29 38 16 35 39 63 29
31 34 31 6 48 52 77 79 88 12 50 82 44 55 67 72 87 78 10 30 34
40 84 40 25 85 88 48 75 82 44 79 84
39 5 39 65 77 79 88 12 24 27 5
63 50 63 65 9 36 50
11 51 11 88 48 75 82 44 55 58 68 69 51
6 75 6 16 35 39 64 82 44 79 88 48 75
25 81 25 35 39 76 27 44 55 67 72 53 80 81
85 51 85 23 49 69 51
8 52 8 9 62 13 10 30 52
74 29 74 58 68 69 51 17 20 39 63 29
46 79 46 88 48 75 82 44 79
8 45 8 70 29 48 75 82 44 55 58 77 79 88 12 45
9 44 9 71 82 44
85 63 85 57 63
38 0 38 16 45 77 55 58 68 9 62 20 39 76 37 52 64 0
85 72 85 88 48 75 82 44 55 58 67 72
28 53 28 68 72 53
68 54 68 9 50 82 44 55 58 54
74 37 74 58 68 69 76 37
85 71 85 57 24 71
82 67 82 44 55 67
22 48 22 34 79 88 12 45 77 55 58 68 74 6 31 16 29 48
62 0 62 13 0
40 10 40 25 79 88 48 75 82 44 55 67 72 87 78 10
3 81 3 43 87 72 53 88 48 75 80 81
37 17 37 49 76 27 79 88 12 50 82 44 55 58 67 72 87 78 10 17
68 41 68 9 62 20 40 41
27 48 27 78 10 48
30 24 30 48 75 82 44 55 58 67 72 87 78 10 24
85 58 85 57 24 27 36 37 52 64 82 44 55 58
43 50 43 75 82 44 55 58 68 9 20 56 16 35 39 65 77 79 88 12 66 78 10 30 48 52 64 0 45 50
14 36 14 25 62 72 44 55 58 68 9 36
38 67 38 16 87 78 44 55 58 67
31 84 31 68 72 88 12 45 50 60 84
77 66 77 79 88 12 24 71 82 44 55 67 72 87 78 10 48 52 64 0 27 5 6 31 43 66
56 44 56 64 71 82 44
2 70 2 34 29 48 88 12 45 64 0 10 17 70
8 84 8 62 20 39 63 75 88 12 29 48 52 64 82 44 55 58 67 72 53 84
22 59 22 34 59
63 48 63 29 48
4 51 4 30 52 71 82 44 55 67 72 87 78 10 17 33 51
56 6 56 27 88 12 44 55 58 68 74 6
77 10 77 79 88 12 45 64 44 55 58 67 72 87 78 10
8 64 8 28 6 71 82 44 55 58 68 69 76 37 51 17 20 40 25 12 75 88 48 52 64
2 55 2 9 20 55
46 84 46 88 12 75 82 44 79 84
62 71 62 20 56 27 36 59 24 71
25 55 25 35 41 66 78 10 24 71 82 44 55
19 77 19 25 5 75 82 44 79 88 12 24 27 36 59 64 0 20 40 41 63 29 48 52 77
31 75 31 68 72 87 78 44 79 88 48 75
9 83 9 71 82 44 79 88 48 75 80 81 83
69 59 69 51 59
28 16 28 82 44 79 88 12 66 77 55 67 72 87 78 10 24 27 5 6 16
40 0 40 41 63 29 48 75 82 44 79 88 12 37 51 17 78 10 30 52 64 0
46 63 46 88 48 75 82 44 55 58 68 9 62 20 39 63
22 9 22 9
78 44 78 10 30 50 82 44
39 79 39 64 44 79
25 50 25 38 16 29 48 52 64 71 82 44 55 67 72 87 78 10 30 50
19 24 19 82 44 55 58 77 79 88 12 24
40 27 40 68 69 51 59 5 52 77 79 88 12 24 27
21 72 21 42 62 20 39 58 77 79 88 48 52 71 82 44 55 67 72
74 88 74 6 31 56 16 35 59 64 71 82 44 79 88
7 67 7 14 42 62 20 39 65 9 71 82 44 55 67
39 44 39 65 9 62 20 48 88 12 75 82 44
16 29 16 29
70 36 70 29 48 75 82 44 79 88 12 37 36
87 16 87 72 53 88 12 45 64 0 27 5 6 16
2 59 2 34 59
38 59 38 16 29 48 52 71 82 44 55 58 77 79 88 12 72 87 78 10 30 34 59
49 51 49 69 51
38 32 38 65 9 20 32
65 32 65 77 79 88 12 29 48 52 71 82 44 55 67 72 87 78 10 30 34 59 5 64 0 20 32
1 79 1 23 66 78 44 79
68 32 68 74 6 31 16 29 48 52 71 82 44 55 67 72 87 78 10 17 32
1 55 1 49 69 72 87 78 44 79 88 48 52 77 55
16 36 16 35 59 5 72 44 79 88 12 37 36
8 75 8 40 41 50 82 44 79 88 48 75
31 58 31 6 77 55 58
18 59 18 59
35 59 35 59
13 32 13 20 32
43 5 43 75 88 12 29 48 52 64 71 82 44 55 67 72 87 78 10 17 58 68 69 51 59 5
7 0 7 17 58 77 79 88 12 29 48 52 64 0
76 88 76 27 36 50 82 44 79 88
9 0 9 71 82 44 79 88 48 52 77 55 67 72 87 78 10 24 27 5 6 37 36 59 64 0
82 17 82 44 55 67 72 87 78 10 17
27 67 27 5 79 88 48 75 82 44 55 58 67
22 72 22 43 66 77 79 88 12 45 50 82 44 55 58 67 72
63 84 63 29 48 88 12 84
37 54 37 51 67 72 53 88 48 52 77 55 58 54
21 10 21 26 17 33 62 13 74 6 48 88 12 50 82 44 55 67 72 87 78 10
69 83 69 51 17 60 84 89 83
72 83 72 44 55 58 77 89 83
28 37 28 35 39 87 72 88 12 37
8 20 8 62 20
31 80 31 56 74 6 45 64 82 44 79 88 12 72 53 80
77 71 77 55 58 68 72 53 88 48 52 71
26 66 26 28 6 16 29 48 52 71 82 44 79 88 12 66
74 55 74 58 67 82 44 79 88 12 66 77 55
74 53 74 58 67 72 53
88 81 88 12 72 53 80 81
65 45 65 9 71 82 44 79 88 12 45
28 82 28 88 12 72 87 78 10 30 34 59 5 64 0 13 29 48 75 82
38 12 38 16 29 48 88 12
46 82 46 88 12 24 27 36 59 64 71 82
38 60 38 13 68 74 58 77 55 67 72 44 79 88 12 50 60
68 73 68 74 6 37 77 55 58 67 73
62 86 62 20 40 25 38 16 86
4 79 4 58 67 82 44 79
74 52 74 58 77 55 67 72 53 88 48 52
43 81 43 66 78 44 79 88 48 75 80 81
15 55 15 41 66 77 79 88 48 75 82 44 55
15 32 15 22 9 20 56 27 78 10 48 52 64 0 45 50 82 44 79 88 12 37 51 17 32
7 73 7 55 67 73
8 5 8 9 36 59 5
56 6 56 27 44 79 88 12 66 77 55 58 68 74 6
68 59 68 69 51 59
41 36 41 76 37 59 24 27 36
31 51 31 56 16 35 59 5 52 77 79 88 12 37 51
22 64 22 9 36 59 24 27 78 44 79 88 48 52 64
40 41 40 41
49 70 49 76 37 48 75 82 44 79 88 12 72 87 78 10 17 70
87 51 87 72 88 48 52 71 82 44 55 58 68 69 51
14 12 14 25 35 41 45 64 44 55 58 67 72 53 88 12
59 52 59 24 71 82 44 55 67 72 53 88 48 52
38 10 38 16 87 78 10
77 44 77 55 58 67 82 44
14 13 14 9 62 13
4 77 4 74 6 77
38 10 38 13 10
74 20 74 6 71 82 44 55 58 68 9 20
76 54 76 37 49 88 12 72 44 55 58 54
16 81 16 45 64 71 82 44 55 58 81
35 51 35 39 87 72 88 12 37 51
1 37 1 23 37
19 13 19 62 13
11 86 11 59 5 52 71 82 44 55 58 54 86
34 24 34 0 13 68 74 58 67 72 87 78 10 24
21 60 21 82 44 79 88 12 60
85 66 85 88 12 66
38 71 38 65 77 55 67 72 44 79 88 12 45 64 0 13 26 28 6 71
59 54 59 24 71 82 44 55 58 54
68 78 68 69 72 87 78
88 79 88 48 52 77 79
49 81 49 69 76 37 52 77 79 88 48 75 80 81
21 50 21 20 56 64 82 44 55 67 72 87 78 10 48 75 88 12 45 50
57 36 57 12 66 77 79 88 48 75 82 44 55 58 67 72 87 78 10 24 27 36
20 24 20 40 78 10 30 48 75 82 44 79 88 12 24
7 79 7 57 82 44 55 58 77 79
4 79 4 23 66 78 44 55 58 77 79
58 32 58 67 72 87 78 10 17 32
35 58 35 59 24 71 82 44 55 58
22 5 22 9 62 20 39 76 37 77 55 67 72 88 12 45 64 0 27 5
70 45 70 29 48 75 88 12 37 52 64 0 45
57 10 57 78 10
7 71 7 64 82 44 79 88 48 52 71
11 5 11 59 5
74 89 74 6 31 68 72 88 48 52 64 44 79 84 89
87 20 87 78 10 17 20
41 71 41 57 12 24 71
15 60 15 30 50 60
4 51 4 82 44 79 88 12 45 77 55 58 67 72 87 78 10 30 34 0 20 39 76 37 51
70 84 70 82 44 79 88 12 66 78 10 24 89 84
28 59 28 37 52 77 79 88 12 66 78 10 24 27 36 59
38 53 38 13 28 77 79 88 48 52 71 82 44 55 67 72 53
21 77 21 26 17 20 48 88 12 45 77
65 60 65 77 55 58 67 82 44 79 88 48 52 64 0 45 50 60
78 52 78 44 79 88 48 52
77 86 77 79 88 12 72 86
14 59 14 59
2 34 2 78 10 30 34
69 86 69 72 86
26 24 26 88 12 50 82 44 55 58 67 72 87 78 10 24
49 32 49 76 37 59 64 44 79 88 48 52 77 55 67 72 87 78 10 17 32
14 55 14 9 50 82 44 55
74 83 74 58 81 83
35 45 35 59 5 64 44 55 58 68 72 53 88 12 45
15 71 15 30 52 71
39 12 39 64 82 44 55 58 68 74 6 48 75 88 12
23 10 23 66 78 10
18 6 18 59 64 0 45 77 55 58 68 74 6
27 73 27 44 55 67 73
33 12 33 78 44 55 58 68 72 53 88 12
33 75 33 78 44 79 88 12 29 48 75
16 52 16 45 50 82 44 55 58 67 72 53 88 48 52
2 27 2 9 71 82 44 55 67 72 53 88 12 66 78 10 24 27
46 53 46 88 48 52 71 82 44 55 67 72 53
1 6 1 13 74 6
25 29 25 82 44 55 67 72 53 88 12 29
88 75 88 12 24 27 5 75
46 71 46 88 48 75 82 44 55 58 67 72 87 78 10 17 20 56 64 71
76 66 76 37 59 24 71 82 44 79 88 12 66
56 29 56 16 29
88 83 88 48 52 80 81 83
31 70 31 16 87 78 10 17 70
3 78 3 30 48 88 12 72 87 78
34 29 34 0 10 48 75 82 44 55 58 68 69 76 37 77 79 88 12 29
25 79 25 63 65 9 20 56 27 5 79
19 34 19 38 13 10 30 34
46 67 46 88 48 75 82 44 55 58 67
85 71 85 23 5 52 71
87 60 87 78 44 55 58 68 69 76 27 36 50 60
85 57 85 57
8 63 8 41 57 63
46 45 46 88 12 45
28 27 28 41 76 27
49 6 49 76 27 79 88 12 66 78 10 48 75 82 44 55 58 68 74 6
49 54 49 72 53 88 48 75 82 44 55 58 54
41 32 41 66 78 10 17 20 32
78 24 78 10 24
14 61 14 51 17 33 61
49 17 49 69 51 17
63 67 63 75 88 48 52 64 44 55 67
20 48 20 40 68 69 76 37 72 88 48
85 30 85 88 48 52 71 82 44 55 67 72 87 78 10 30
63 53 63 29 48 52 64 82 44 79 88 12 72 53
69 13 69 76 37 52 64 0 13
46 60 46 60
6 67 6 71 82 44 55 67
35 37 35 39 64 44 55 58 68 9 36 37
14 86 14 51 86
70 10 70 82 44 79 88 12 45 77 55 67 72 87 78 10
41 83 41 66 77 79 88 12 84 89 83
42 82 42 51 17 20 56 82
27 48 27 88 48
28 45 28 41 45
4 66 4 70 29 48 75 88 12 66
40 9 40 41 66 78 10 48 52 77 55 58 68 9
37 66 37 36 50 82 44 79 88 12 66
21 29 21 82 44 55 58 68 69 51 17 70 29
28 45 28 77 79 88 48 52 71 82 44 55 58 67 72 87 78 10 17 20 56 64 0 13 74 6 45
11 6 11 68 74 6
30 44 30 52 64 82 44
3 72 3 43 52 64 0 13 29 48 75 82 44 55 58 68 72
49 70 49 88 12 50 82 44 55 67 72 87 78 10 17 70
1 60 1 2 78 44 79 88 12 60
8 0 8 40 41 66 77 79 88 48 75 82 44 55 58 67 72 87 78 10 30 34 0
51 52 51 59 24 71 82 44 55 67 72 87 78 10 30 34 48 52
39 55 39 58 67 72 88 12 24 71 82 44 55
8 82 8 70 82
31 0 31 68 72 87 78 10 30 50 82 44 79 88 48 52 64 0
56 44 56 74 6 77 55 58 67 72 87 78 10 17 70 82 44
23 73 23 37 51 17 58 67 82 73
74 6 74 6
8 16 8 40 78 44 79 88 12 45 77 55 58 68 9 62 13 74 6 31 16
69 17 69 51 17
51 17 51 17
38 17 38 13 26 17
39 37 39 63 29 48 75 82 44 55 58 68 69 76 37
70 32 70 29 48 88 12 37 51 17 32
8 60 8 40 68 74 6 48 52 71 82 44 79 88 12 50 60
87 30 87 78 10 30
68 44 68 74 58 67 72 53 88 12 45 64 71 82 44
15 17 15 30 44 79 88 12 37 51 17
15 43 15 22 43
9 32 9 20 32
38 52 38 16 45 50 82 44 55 58 68 69 72 88 48 52
8 84 8 41 70 29 48 75 82 44 55 58 68 69 76 27 5 52 77 89 84
85 10 85 57 12 45 50 82 44 79 88 48 52 64 0 10
34 50 34 0 10 17 33 45 50
1 12 1 39 58 77 55 67 72 87 78 10 24 71 82 44 79 88 12
87 5 87 78 10 30 52 64 0 27 5
18 66 18 20 40 68 72 87 78 10 30 52 64 82 44 79 88 12 66
58 29 58 67 72 87 78 10 30 44 79 88 12 29
7 83 7 14 42 51 59 5 64 0 13 29 48 88 12 44 84 89 83
38 73 38 13 0 10 48 52 77 79 88 12 24 27 78 44 55 58 67 73
63 50 63 29 48 88 12 50
11 86 11 59 5 75 88 48 52 71 82 44 55 67 72 86
34 24 34 59 24
62 0 62 13 26 42 70 82 44 55 58 68 74 6 37 49 88 48 52 64 0
2 24 2 34 59 24
77 17 77 55 67 82 44 79 88 12 72 87 78 10 17
72 80 72 44 79 88 12 75 80
77 80 77 55 67 82 44 79 88 12 72 53 80
74 25 74 58 68 72 53 88 12 66 78 10 17 20 40 25
87 50 87 78 10 48 88 12 37 59 24 27 36 50
76 59 76 37 59
62 6 62 13 28 6
22 59 22 31 68 9 71 82 44 79 88 48 52 77 55 67 72 87 78 10 30 34 59
62 84 62 20 56 27 78 10 17 58 67 72 44 55 84
51 61 51 17 33 61
21 30 21 26 17 78 10 30
31 9 31 6 16 45 77 79 88 48 75 82 44 55 58 67 72 87 78 10 17 20 39 63 65 9
64 44 64 71 82 44
20 79 20 88 48 52 64 71 82 44 55 58 67 72 87 78 10 30 34 79
8 23 8 40 25 85 23
62 66 62 13 29 48 75 82 44 79 88 12 66
3 37 3 9 62 13 74 6 31 16 45 77 55 58 68 72 88 12 37
33 32 33 32
15 51 15 30 50 82 44 55 67 72 87 78 10 17 58 68 69 51
9 44 9 62 13 20 40 25 63 29 48 75 82 44
57 36 57 24 27 36
3 0 3 37 59 64 0
1 37 1 37
72 75 72 53 88 48 75
65 9 65 9
87 13 87 72 88 48 75 82 44 55 58 68 9 62 13
49 89 49 88 48 75 82 44 55 67 72 53 84 89
62 84 62 13 60 84
28 24 28 35 59 24
1 17 1 7 17
63 84 63 75 82 44 55 58 68 9 50 60 84
19 73 19 82 73
16 54 16 29 48 75 82 44 55 58 54
14 63 14 25 63
3 82 3 37 77 79 88 48 52 71 82
56 25 56 74 6 16 29 48 52 64 71 82 44 55 58 77 79 88 12 72 87 78 10 30 34 0 20 40 25
78 10 78 10
62 44 62 72 53 88 48 75 82 44
18 63 18 57 63
3 88 3 64 44 55 58 67 72 53 88
51 54 51 67 72 87 78 44 79 88 48 52 77 55 58 54
49 86 49 76 37 51 59 24 71 82 44 55 58 54 86
8 17 8 28 41 57 63 65 77 79 88 48 75 82 44 55 58 67 72 87 78 10 17
85 71 85 57 63 75 82 44 79 88 48 52 64 71
65 67 65 9 62 20 48 52 71 82 44 55 67
14 36 14 34 29 48 52 71 82 44 55 67 72 87 78 10 24 27 36
88 24 88 12 24
51 48 51 67 72 44 55 58 77 79 88 48
58 81 58 68 9 50 82 44 79 88 48 75 80 81
68 54 68 69 51 59 5 6 31 16 87 78 10 24 27 79 88 12 45 77 55 58 54
62 17 62 20 39 58 68 69 51 17
9 84 9 71 82 44 84
88 75 88 48 75
40 13 40 78 10 17 33 62 13
27 79 27 44 79
87 54 87 72 88 12 24 71 82 44 55 58 54
33 83 33 51 59 24 71 82 44 79 84 89 83
41 55 41 76 27 78 44 55
57 0 57 12 50 82 44 79 88 48 52 64 0
2 20 2 9 20
1 89 1 2 78 44 84 89
15 80 15 41 66 78 10 24 27 5 88 12 37 36 50 82 44 55 67 72 53 80
74 6 74 6
56 32 56 16 35 59 64 44 79 88 48 52 77 55 67 72 87 78 10 17 32
11 37 11 68 69 51 59 24 27 78 10 48 88 12 37
46 59 46 88 12 37 59
49 24 49 76 27 44 55 67 72 53 88 12 24
49 66 49 88 12 66
9 83 9 50 82 44 84 89 83
15 29 15 41 70 29
64 54 64 0 20 48 52 77 55 58 54
68 51 68 69 51
30 29 30 34 29
35 51 35 64 71 82 44 79 88 48 52 77 55 58 68 69 51
49 52 49 76 27 5 64 44 79 88 48 52
8 81 8 40 78 10 24 71 82 44 55 58 81
40 24 40 68 72 87 78 10 24
27 52 27 79 88 48 52
68 59 68 69 51 59
69 64 69 76 27 36 37 59 64
26 79 26 28 6 77 79
37 10 37 48 75 82 44 55 58 77 79 88 12 72 87 78 10
49 81 49 76 37 72 87 78 10 24 71 82 44 79 88 48 75 80 81
88 84 88 48 52 64 82 44 84
68 17 68 69 51 17
14 12 14 51 17 20 48 52 64 44 55 58 77 79 88 12
35 78 35 39 76 27 78
38 20 38 65 9 20
59 83 59 5 88 48 75 82 44 84 89 83
19 89 19 38 89
8 12 8 41 45 77 79 88 12
15 89 15 89
18 60 18 51 17 70 29 48 75 82 44 55 58 68 69 72 53 88 12 60
39 75 39 64 82 44 55 58 77 79 88 48 75
70 0 70 82 44 55 58 67 72 87 78 10 24 27 36 59 64 0
16 45 16 45
4 55 4 72 88 12 44 55
69 89 69 51 84 89
2 71 2 34 59 5 75 82 44 55 58 67 72 87 78 10 17 70 29 48 52 71
31 60 31 68 69 76 37 59 24 71 82 44 79 88 48 52 77 55 58 67 72 87 78 10 30 34 0 20 40 25 33 62 13 74 6 45 50 60
74 67 74 58 77 55 67
74 54 74 6 45 50 82 44 79 88 12 37 77 55 58 54
62 10 62 13 0 10
63 75 63 75
23 24 23 66 77 79 88 12 72 87 78 10 24
62 51 62 13 26 42 51
82 48 82 44 55 67 72 88 48
15 6 15 41 70 82 44 55 58 68 74 6
56 67 56 64 71 82 44 55 58 67
38 79 38 13 10 17 33 62 20 56 74 58 77 55 67 82 44 79
51 10 51 59 24 71 82 44 79 88 48 52 77 55 58 67 72 87 78 10
27 71 27 5 6 71
69 71 69 51 17 20 56 64 71
30 55 30 50 82 44 55
27 24 27 44 79 88 48 52 64 0 45 77 55 67 72 87 78 10 17 33 49 76 37 36 59 24
42 53 42 62 13 68 9 50 82 44 55 67 72 53
35 83 35 41 57 72 53 80 81 83
16 84 16 35 39 65 9 36 59 64 82 44 84
62 0 62 20 48 88 12 37 52 71 82 44 55 58 67 72 87 78 10 24 27 5 64 0
78 50 78 10 17 33 51 67 72 88 48 75 82 44 55 58 68 69 76 27 36 50
40 83 40 41 50 60 84 89 83
77 45 77 79 88 12 45
59 79 59 64 44 79
11 58 11 68 74 58
1 53 1 13 20 39 76 37 36 50 82 44 55 67 72 53
25 10 25 5 64 0 13 10
56 54 56 74 58 54
82 71 82 44 55 58 68 74 6 71
69 52 69 72 88 48 52
40 16 40 68 74 6 16
13 73 13 20 40 25 5 88 48 52 71 82 73
62 77 62 72 88 48 52 77
68 9 68 9
18 34 18 22 9 50 82 44 55 67 72 87 78 10 30 34
30 24 30 34 48 75 82 44 55 67 72 87 78 10 24
51 71 51 59 24 71
4 81 4 70 82 44 79 88 48 52 80 81
22 88 22 9 20 48 88
21 86 21 42 70 29 48 75 88 12 66 77 55 67 72 86
26 86 26 10 30 52 64 44 55 67 72 86
3 58 3 27 79 88 12 66 78 10 48 75 82 44 55 58
76 10 76 27 88 48 52 71 82 44 55 67 72 87 78 10
65 52 65 77 79 88 12 75 82 44 55 67 72 87 78 10 48 52
72 17 72 88 12 37 51 59 24 27 78 10 17
62 55 62 72 53 88 12 29 48 52 71 82 44 55
65 53 65 9 62 13 68 72 53
33 83 33 62 20 40 68 9 36 50 60 84 89 83
18 82 18 20 40 41 66 78 10 24 71 82
6 66 6 16 45 64 71 82 44 79 88 12 66
58 73 58 67 73
38 52 38 65 9 36 50 82 44 55 58 77 79 88 12 72 87 78 10 17 20 48 52
64 86 64 86
15 73 15 41 50 82 44 55 67 73
20 83 20 56 64 82 44 55 67 72 87 78 10 48 75 88 12 45 83
87 44 87 72 44
68 17 68 69 51 17
49 36 49 76 27 36
39 84 39 65 77 79 84
19 37 19 62 20 56 27 88 12 37
23 50 23 50
1 6 1 2 33 51 59 24 27 5 6
74 81 74 58 68 72 53 80 81
74 84 74 6 77 79 84
46 71 46 88 12 24 71
22 27 22 34 48 75 88 12 37 76 27
57 55 57 12 44 55
63 73 63 75 82 44 55 67 72 53 88 12 73
21 86 21 26 10 24 71 82 44 55 58 54 86
43 86 43 52 71 82 44 55 58 54 86
68 73 68 69 72 87 78 10 24 73
42 61 42 51 17 33 61
69 17 69 72 87 78 10 17
65 10 65 77 79 88 12 75 82 44 55 58 67 72 87 78 10
74 78 74 6 48 75 82 44 79 88 12 37 72 87 78
40 25 40 25
8 64 8 28 35 64
38 59 38 65 77 79 88 48 52 64 44 55 67 72 87 78 10 30 34 0 27 36 37 49 69 51 59
62 81 62 20 39 76 27 5 64 71 82 44 79 88 48 75 80 81
16 10 16 35 64 71 82 44 79 88 48 52 77 55 58 67 72 87 78 10
13 73 13 28 64 44 79 88 12 24 27 5 6 48 52 71 82 73
70 53 70 82 44 55 58 68 69 72 53
85 6 85 57 82 44 55 58 68 74 6
76 86 76 27 5 79 88 12 66 77 55 67 72 86
63 48 63 75 82 44 79 88 12 29 48
20 75 20 48 75
18 72 18 76 37 52 64 0 20 88 48 75 82 44 55 67 72
18 17 18 51 67 72 44 55 58 68 69 76 37 48 52 77 79 88 12 66 78 10 17
30 83 30 50 82 44 55 58 81 83
64 29 64 82 44 55 67 72 87 78 10 17 70 29
8 41 8 40 41
49 0 49 88 48 52 64 0
13 83 13 26 88 48 52 80 81 83
46 73 46 88 12 44 55 58 67 82 73
33 0 33 51 67 82 44 55 58 68 74 6 45 64 0
6 55 6 71 82 44 55
21 81 21 26 28 82 44 55 58 68 9 62 13 20 40 25 63 29 48 52 77 79 88 12 37 72 87 78 10 17 33 49 76 27 36 81
74 36 74 58 68 9 36
72 24 72 87 78 10 24
14 55 14 34 59 5 52 64 82 44 79 88 12 66 77 55
25 36 25 82 44 79 88 48 52 77 55 67 72 87 78 10 17 58 68 69 51 59 24 27 36
33 54 33 78 10 48 52 64 0 13 28 41 45 77 79 88 12 50 82 44 55 58 54
26 66 26 88 12 66
46 59 46 88 48 52 71 82 44 55 67 72 87 78 10 17 20 56 27 5 6 31 68 69 51 59
49 29 49 76 37 72 53 88 12 29
68 55 68 72 53 88 12 75 82 44 55
28 41 28 6 16 35 41
76 44 76 37 77 79 88 48 52 64 71 82 44
56 45 56 27 5 75 82 44 79 88 12 45
42 53 42 62 72 53
1 30 1 13 29 48 88 12 37 49 72 87 78 10 30
4 88 4 58 68 9 71 82 44 55 67 72 53 88
76 60 76 27 44 79 88 12 60
35 81 35 39 87 72 53 80 81
74 64 74 6 45 64
15 9 15 26 28 68 9
82 10 82 44 55 67 72 87 78 10
28 45 28 6 45
35 16 35 39 63 29 48 75 88 12 50 82 44 55 58 68 74 6 31 16
62 75 62 72 87 78 44 79 88 12 75
34 79 34 79
21 45 21 82 44 79 88 12 45
31 34 31 16 29 48 52 71 82 44 79 88 12 66 78 10 30 34
39 84 39 65 9 62 13 60 84
59 54 59 5 79 88 12 24 27 78 10 17 70 82 44 55 58 54
18 84 18 57 24 89 84
8 58 8 40 68 72 44 79 88 12 45 77 55 58
1 80 1 49 88 12 44 55 67 72 87 78 10 30 48 75 80
18 20 18 59 64 0 20
72 81 72 44 55 58 77 79 88 12 37 48 75 80 81
31 30 31 6 37 48 52 64 0 27 88 12 66 78 10 30
15 29 15 26 28 87 78 10 24 27 36 59 64 44 79 88 12 37 51 17 70 29
18 30 18 59 5 88 12 44 55 67 72 87 78 10 30
19 89 19 69 76 37 51 17 33 78 10 24 27 5 79 84 89
7 5 7 57 24 27 5
72 17 72 87 78 10 17
14 89 14 34 59 5 6 45 50 82 44 84 89
22 20 22 9 20
25 54 25 40 68 9 36 37 76 27 88 12 44 55 58 54
62 45 62 20 40 41 49 76 27 36 37 72 88 12 29 48 52 64 0 45
18 27 18 59 24 27
72 29 72 44 79 88 12 29
1 41 1 2 56 64 0 27 78 10 17 58 68 74 6 31 16 35 41
40 9 40 78 44 79 88 12 66 77 55 58 68 9
35 44 35 39 65 77 55 67 72 87 78 10 30 48 88 12 75 82 44
59 86 59 5 75 82 44 79 88 12 72 86
2 73 2 34 79 88 12 45 64 44 55 67 82 73
65 82 65 9 50 82
43 81 43 52 80 81
1 10 1 78 10
56 53 56 74 58 68 9 50 82 44 55 67 72 53
59 67 59 64 71 82 44 79 88 12 45 77 55 67
42 77 42 70 29 48 52 77
11 86 11 68 72 86
14 41 14 51 59 64 0 45 50 82 44 79 88 12 37 48 52 77 55 67 72 87 78 10 17 58 68 69 76 27 5 6 16 35 41
20 32 20 32
26 75 26 88 48 75
41 32 41 66 77 79 88 48 52 71 82 44 55 58 67 72 87 78 10 17 32
18 17 18 76 37 44 55 67 72 87 78 10 17
19 12 19 43 87 72 88 12
7 48 7 64 0 10 48
42 13 42 63 65 9 71 82 44 55 67 72 53 88 12 37 76 27 5 6 31 43 52 64 0 13
30 67 30 50 82 44 55 67
21 71 21 82 44 55 67 72 87 78 10 17 20 40 25 85 23 37 48 52 64 71
77 50 77 79 88 48 75 82 44 55 67 72 87 78 10 17 58 68 69 51 59 5 64 0 45 50
38 84 38 65 77 79 84
28 10 28 87 78 10
49 60 49 88 12 50 60
74 41 74 58 68 72 87 78 10 17 20 56 16 35 41
1 64 1 2 72 87 78 10 48 52 64
34 71 34 59 24 71
15 0 15 41 45 64 0
11 50 11 70 29 48 75 88 12 50
64 71 64 71
31 78 31 16 29 48 88 12 72 87 78
65 79 65 9 62 20 55 67 72 88 48 52 77 79
15 80 15 26 28 6 77 55 67 72 53 80
11 32 11 88 12 66 78 10 17 32
19 66 19 25 85 57 78 10 24 27 5 79 88 12 66
40 50 40 78 10 24 27 36 37 77 55 58 68 9 50
19 89 19 72 44 79 84 89
21 73 21 58 77 79 88 12 37 76 27 5 6 16 87 72 44 55 67 82 73
64 71 64 71
38 30 38 65 9 62 13 0 10 30
22 61 22 31 56 74 6 48 75 88 12 45 50 82 44 55 67 72 87 78 10 17 58 68 9 20 40 25 33 61
40 16 40 25 35 59 64 71 82 44 79 88 48 52 77 55 58 68 74 6 31 56 16
51 48 51 59 5 88 48
8 30 8 9 71 82 44 55 58 68 74 6 37 77 79 88 12 66 78 10 30
76 84 76 37 51 59 64 0 10 48 52 77 55 67 82 44 79 84
26 81 26 42 51 80 81
1 20 1 49 69 76 37 48 52 77 79 88 12 24 27 36 50 82 44 55 58 67 72 87 78 10 17 20
42 17 42 51 17
74 86 74 58 77 79 88 48 75 82 44 55 67 72 86
70 29 70 82 44 55 58 77 79 88 12 45 64 0 20 40 25 63 29
62 37 62 72 88 48 52 64 71 82 44 55 58 68 69 76 37
19 89 19 82 44 79 84 89
8 20 8 9 62 20
39 60 39 63 75 82 44 55 67 72 87 78 10 48 88 12 60
59 66 59 5 64 82 44 55 67 72 53 88 12 66
56 16 56 16
46 72 46 88 12 72
30 84 30 44 79 84
37 71 37 36 50 82 44 79 88 12 24 71
8 27 8 41 76 27
88 44 88 48 75 82 44
20 17 20 48 75 82 44 55 58 67 72 87 78 10 17
11 55 11 68 72 87 78 10 17 70 82 44 55
35 12 35 39 87 72 88 12
34 83 34 59 89 83
56 13 56 64 0 13
76 51 76 27 79 88 12 45 77 55 67 72 87 78 10 17 58 68 69 51
74 48 74 58 67 72 88 48
37 80 37 36 59 64 71 82 44 55 67 72 88 48 52 80
22 52 22 34 29 48 52
64 79 64 0 13 10 30 48 52 77 79
9 52 9 20 48 52
33 0 33 62 13 74 6 45 64 0
15 86 15 26 10 30 52 71 82 44 55 67 72 86
56 41 56 16 35 41
4 36 4 23 37 36
8 70 8 70
20 29 20 48 52 71 82 44 79 88 12 29
21 17 21 26 17
22 12 22 34 48 75 82 44 55 58 68 72 88 12
88 32 88 48 75 82 44 55 58 67 72 87 78 10 17 32
38 33 38 65 9 50 82 44 55 58 67 72 87 78 10 17 33
65 17 65 9 62 13 10 17
6 73 6 31 56 16 35 59 24 27 44 79 88 48 52 71 82 73
33 84 33 49 76 27 36 59 24 89 84
1 72 1 39 76 37 59 24 27 36 50 82 44 55 58 67 72
69 41 69 51 59 24 27 79 88 12 29 48 52 77 55 58 68 9 62 20 40 41
27 24 27 44 55 58 68 72 87 78 10 24
2 50 2 34 79 88 48 52 64 0 13 26 10 30 50
51 44 51 17 58 67 82 44
56 88 56 82 44 79 88
76 73 76 37 51 67 73
49 0 49 76 37 44 79 88 48 52 64 0
4 48 4 82 44 79 88 48
26 29 26 42 63 29
6 75 6 48 75
58 12 58 68 74 6 77 79 88 12
69 9 69 76 37 44 79 88 12 29 48 52 77 55 58 67 72 87 78 10 17 20 39 63 65 9
3 52 3 27 78 44 55 58 77 79 88 48 52
14 80 14 28 68 69 72 87 78 10 30 50 82 44 79 88 48 75 80
46 75 46 88 48 75
20 54 20 40 68 72 44 55 58 54
18 89 18 51 84 89
4 67 4 70 29 48 52 64 82 44 55 67
11 34 11 70 29 48 52 71 82 44 79 88 12 72 87 78 10 30 34
31 30 31 68 74 6 48 75 82 44 79 88 12 37 49 69 51 17 33 78 10 30
2 58 2 23 49 69 76 27 5 79 88 48 52 64 82 44 55 58
41 55 41 57 78 10 17 33 51 59 64 0 27 44 55
49 30 49 69 76 27 36 50 82 44 79 88 12 72 87 78 10 30
69 88 69 76 37 36 59 64 0 13 10 48 75 82 44 55 67 72 53 88
25 32 25 85 57 78 10 17 32
69 52 69 76 37 77 79 88 48 52
58 32 58 77 79 88 12 24 71 82 44 55 67 72 87 78 10 17 32
3 63 3 43 66 78 44 55 58 68 9 62 13 0 20 39 63
51 44 51 67 82 44
20 0 20 40 25 5 64 0
21 66 21 82 44 55 67 72 87 78 10 17 70 29 48 52 64 0 45 77 79 88 12 66
21 71 21 26 10 24 71
68 53 68 9 50 82 44 55 58 67 72 53
40 63 40 41 63
78 80 78 10 17 20 40 68 9 50 82 44 55 58 67 72 88 48 52 80
31 0 31 56 27 36 37 52 64 0
18 60 18 59 5 6 45 50 60
76 71 76 27 36 50 82 44 79 88 48 52 71
42 58 42 70 82 44 55 58
3 77 3 37 52 77
7 80 7 64 82 44 79 88 48 52 80
22 83 22 9 50 60 84 89 83
15 78 15 26 17 78
21 79 21 42 63 29 48 88 12 24 27 78 10 30 34 79
62 61 62 20 40 68 69 51 17 33 61
87 45 87 78 10 24 71 82 44 55 67 72 88 12 37 36 59 5 52 64 0 45
69 54 69 51 67 82 44 79 88 12 29 48 52 77 55 58 54
35 37 35 39 76 37
3 20 3 9 71 82 44 55 58 77 79 88 48 52 64 0 20
34 5 34 0 27 36 37 52 77 79 88 12 75 82 44 55 58 68 9 20 40 25 35 59 5
2 53 2 72 53
70 61 70 82 44 55 58 67 72 87 78 10 17 33 61
28 41 28 41
87 88 87 78 10 30 50 82 44 79 88
38 59 38 65 9 62 13 29 48 88 12 37 59
62 30 62 20 88 48 75 82 44 55 67 72 87 78 10 30
9 48 9 50 82 44 55 67 72 53 88 48
18 79 18 51 17 78 10 48 52 64 44 79
39 55 39 64 44 55
34 53 34 48 88 12 50 82 44 55 67 72 53
8 66 8 41 63 29 48 52 77 55 67 72 87 78 10 24 71 82 44 79 88 12 66
76 53 76 37 44 79 88 12 72 53
39 37 39 76 37
87 86 87 72 86
4 52 4 30 52
78 66 78 10 48 52 77 55 58 68 69 51 67 72 88 12 66
78 0 78 44 55 67 72 53 88 48 52 64 0
6 73 6 71 82 44 55 67 73
34 5 34 59 64 82 44 55 67 72 87 78 10 30 48 52 77 79 88 12 24 27 5
33 5 33 51 59 5
1 44 1 2 78 10 24 27 36 50 82 44
65 58 65 77 79 88 48 75 82 44 55 58
74 64 74 58 77 79 88 48 52 64
63 10 63 65 77 79 88 48 75 82 44 55 67 72 87 78 10
62 81 62 72 87 78 44 79 88 48 75 80 81
3 80 3 37 51 80
39 20 39 76 37 59 5 72 53 88 48 52 64 0 20
78 10 78 10
74 12 74 58 67 82 44 79 88 12
21 13 21 42 63 65 9 62 72 87 78 10 30 34 0 13
56 29 56 16 29
19 48 19 72 88 48
87 77 87 72 53 88 12 45 64 44 55 58 77
62 78 62 13 26 10 17 58 77 79 88 12 24 27 78
9 83 9 36 59 64 44 79 83
63 52 63 75 82 44 55 58 67 72 87 78 10 24 27 88 48 52
26 81 26 88 48 75 80 81
4 45 4 23 49 69 72 88 48 52 77 55 58 68 74 6 31 16 45
59 67 59 64 0 10 24 27 44 79 88 12 37 77 55 67
22 52 22 34 29 48 52
11 51 11 78 10 17 58 68 69 51
31 53 31 6 45 64 71 82 44 55 67 72 53
76 84 76 37 52 71 82 44 84
8 83 8 41 50 82 44 55 84 89 83
62 79 62 72 44 79
34 10 34 59 24 27 79 88 12 44 55 67 72 87 78 10
68 30 68 74 58 77 79 88 12 45 64 82 44 55 67 72 87 78 10 30
15 60 15 22 31 6 48 88 12 72 87 78 10 17 60
72 52 72 53 88 48 52
28 44 28 41 76 37 77 79 88 48 52 71 82 44
33 44 33 62 20 55 67 82 44
18 75 18 20 40 25 12 75
2 66 2 78 44 79 88 12 66
43 53 43 66 77 55 58 67 72 53
56 75 56 16 87 78 10 24 27 5 75
23 10 23 50 82 44 55 67 72 87 78 10
4 78 4 70 29 48 75 88 12 45 50 82 44 55 67 72 87 78
37 17 37 51 17
58 12 58 67 72 87 78 44 79 88 12
15 5 15 22 31 6 88 48 75 82 44 55 58 68 69 76 27 36 59 5
4 41 4 72 87 78 10 30 34 0 13 28 35 41
41 52 41 76 37 52
42 83 42 62 20 55 67 72 87 78 44 84 89 83
70 55 70 29 48 75 82 44 55
62 33 62 20 56 82 44 79 88 48 52 64 0 10 17 33
62 45 62 72 88 12 45
20 67 20 56 74 58 77 55 67
41 17 41 70 29 48 52 64 82 44 55 58 68 69 76 37 72 87 78 10 17
16 44 16 35 64 0 20 48 75 82 44
76 44 76 27 88 12 37 44
2 79 2 23 49 69 72 44 55 58 77 79
22 16 22 31 16
2 79 2 82 44 79
21 59 21 42 51 59
30 17 30 34 79 88 48 52 64 0 10 17
18 79 18 57 82 44 79
34 50 34 0 20 40 78 10 24 27 36 50
64 55 64 82 44 55
7 54 7 17 33 62 13 29 48 75 82 44 79 88 12 37 52 77 55 58 54
28 75 28 88 48 75
14 58 14 9 71 82 44 55 58
18 64 18 57 82 44 79 88 48 52 64
59 83 59 64 0 13 84 89 83
26 84 26 88 48 75 82 44 79 84
23 53 23 37 72 53
56 36 56 64 71 82 44 55 58 67 72 87 78 10 17 20 39 63 29 48 52 77 79 88 12 37 76 27 36
19 81 19 69 72 87 78 10 30 34 29 48 52 77 79 88 12 45 64 44 55 58 81
31 60 31 68 69 72 87 78 10 17 58 77 55 67 82 44 79 88 12 29 48 52 64 0 20 56 16 35 59 5 6 45 50 60
57 53 57 63 65 77 79 88 12 50 82 44 55 67 72 53
22 32 22 43 52 77 79 88 48 75 82 44 55 58 67 72 87 78 10 17 33 32
1 9 1 37 36 59 24 71 82 44 79 88 12 66 77 55 58 68 9
19 36 19 38 16 29 48 75 82 44 55 67 72 87 78 10 24 27 36
11 89 11 59 89
76 29 76 27 88 48 52 71 82 44 55 58 68 69 51 59 64 0 13 29
1 16 1 20 56 16
76 53 76 37 77 55 58 67 72 53
28 48 28 6 88 48
8 70 8 40 41 70
49 88 49 72 44 55 58 68 9 20 56 74 6 88
25 17 25 62 72 87 78 10 17
56 89 56 16 45 50 82 44 84 89
7 81 7 14 25 40 68 72 53 80 81
20 36 20 39 64 44 55 67 72 87 78 10 24 27 36
87 9 87 72 44 55 58 68 9
30 50 30 50
40 44 40 68 74 6 45 64 44
63 10 63 65 9 71 82 44 79 88 12 45 64 0 27 36 37 72 87 78 10
62 27 62 20 48 52 71 82 44 79 88 12 37 49 76 27
41 36 41 50 82 44 79 88 48 52 64 0 20 56 27 36
9 75 9 62 13 28 35 59 64 0 45 77 79 88 12 75
34 66 34 48 52 77 79 88 12 66
72 17 72 44 79 88 12 24 27 78 10 17
39 44 39 64 44
14 72 14 51 59 5 52 64 71 82 44 55 58 67 72
6 61 6 88 12 45 64 82 44 55 67 72 87 78 10 17 33 61
49 81 49 69 51 80 81
38 16 38 16
74 72 74 58 68 72
20 53 20 39 63 29 48 52 64 82 44 79 88 12 37 76 27 36 59 5 72 53
4 59 4 30 48 75 82 44 55 67 72 87 78 10 17 33 51 59
16 53 16 45 50 82 44 79 88 12 66 77 55 67 72 53
11 60 11 59 24 71 82 44 55 67 72 88 12 29 48 52 64 0 20 56 27 36 50 60
3 83 3 89 83
56 72 56 27 5 72
19 53 19 69 76 27 79 88 48 52 77 55 58 67 72 53
7 80 7 64 0 45 77 79 88 48 52 80
42 9 42 63 65 9
31 67 31 6 71 82 44 55 67
88 86 88 48 75 82 44 55 67 72 86
15 12 15 22 43 87 72 53 88 12
35 67 35 64 71 82 44 55 67
49 54 49 72 87 78 10 48 88 12 50 82 44 55 58 54
18 70 18 51 59 64 82 44 55 58 67 72 87 78 10 17 70
35 66 35 59 24 71 82 44 55 67 72 88 12 66
46 59 46 88 48 52 64 71 82 44 55 58 68 69 51 17 20 56 27 36 59
1 71 1 7 43 44 55 67 72 88 12 29 48 52 71
6 45 6 77 55 58 68 69 51 59 64 0 45
62 58 62 20 48 88 12 72 87 78 10 17 70 82 44 55 58
42 16 42 70 29 48 75 88 12 44 55 58 68 9 62 20 56 74 6 16
87 88 87 72 88
40 89 40 78 44 79 84 89
11 71 11 78 44 55 58 77 79 88 48 52 64 71
7 29 7 17 58 68 74 6 48 52 71 82 44 79 88 12 29
25 24 25 5 6 77 79 88 12 24
70 32 70 29 48 75 82 44 55 58 77 79 88 12 66 78 10 17 32
3 52 3 9 36 37 51 59 5 64 0 10 48 52
42 32 42 51 17 32
4 16 4 74 6 31 16
31 63 31 16 35 39 63
87 84 87 78 44 84
41 17 41 57 63 29 48 52 71 82 44 55 58 67 72 87 78 10 17
40 51 40 41 57 78 10 30 52 77 79 88 48 75 82 44 55 58 68 69 51
68 36 68 69 76 37 77 79 88 48 75 82 44 55 67 72 87 78 10 30 34 0 27 36
87 25 87 78 10 17 20 40 25
74 0 74 58 68 9 20 40 25 62 13 0
30 45 30 50 82 44 79 88 12 45
38 5 38 16 29 48 75 88 12 37 76 27 5
77 75 77 79 88 48 75
35 66 35 39 76 37 52 64 0 20 48 88 12 66
57 79 57 24 71 82 44 79
11 67 11 68 9 36 59 5 6 31 56 64 0 13 29 48 88 12 72 87 78 44 55 67
62 10 62 20 40 41 70 29 48 75 82 44 79 88 12 66 78 10
51 71 51 59 64 44 55 67 72 88 48 52 71
11 29 11 70 29
74 89 74 58 67 72 53 84 89
28 29 28 82 44 55 67 72 87 78 10 17 70 29
27 79 27 79
40 37 40 25 33 78 10 48 75 82 44 55 58 68 74 6 37
68 10 68 9 62 13 20 55 58 67 82 44 79 88 12 66 78 10
37 10 37 49 69 72 87 78 10
72 5 72 53 88 12 66 78 10 24 27 5
27 52 27 78 44 79 88 48 52
18 30 18 51 59 24 27 78 10 30
70 67 70 29 48 75 88 12 24 27 44 55 67
85 55 85 88 12 50 82 44 55
62 50 62 20 48 52 64 82 44 79 88 12 45 77 55 67 72 87 78 10 17 58 68 9 50
21 77 21 42 70 29 48 88 12 37 52 77
49 58 49 69 76 37 36 50 82 44 55 58
69 82 69 76 37 49 72 87 78 44 55 58 68 9 71 82
14 72 14 59 5 75 82 44 55 67 72
18 34 18 22 34
3 75 3 9 62 20 40 41 66 78 10 30 52 64 0 13 74 6 48 75
49 71 49 72 88 48 52 71
7 50 7 64 0 45 50
87 83 87 72 44 79 83
41 73 41 66 77 55 58 67 73
14 83 14 34 48 75 88 12 45 83
18 51 18 22 34 59 24 71 82 44 79 88 48 52 64 0 10 17 33 51
78 81 78 10 30 52 71 82 44 55 67 72 53 80 81
64 12 64 71 82 44 55 67 72 53 88 12
25 44 25 85 57 12 66 77 55 58 68 72 88 48 52 64 44
20 45 20 55 58 68 74 6 77 79 88 12 45
21 67 21 42 70 82 44 55 67
14 16 14 59 5 64 82 44 55 58 68 74 6 16
74 48 74 58 77 55 67 82 44 79 88 48
38 6 38 13 74 6
19 72 19 72
23 84 23 49 88 12 72 87 78 10 24 27 79 84
39 13 39 65 9 62 13
31 51 31 68 72 53 88 12 37 51
28 75 28 87 72 88 48 75
6 0 6 37 59 5 64 0
31 20 31 6 88 12 72 87 78 10 24 27 5 75 82 44 55 58 68 9 62 13 20
21 48 21 42 63 29 48
19 83 19 62 20 88 48 52 80 81 83
76 80 76 37 48 88 12 72 53 80
77 29 77 79 88 12 29
49 54 49 69 72 53 88 12 50 82 44 55 58 54
46 27 46 88 48 52 64 0 27
74 73 74 6 37 49 69 76 27 36 50 82 73
35 36 35 41 50 82 44 55 67 72 87 78 10 17 58 68 69 76 37 36
56 58 56 64 44 55 58
35 55 35 64 44 55
21 88 21 58 77 55 67 72 44 79 88
34 52 34 0 13 10 24 71 82 44 79 88 48 52
40 20 40 68 72 44 79 88 12 45 64 0 20
78 73 78 10 30 44 55 67 82 73
19 78 19 43 87 78
4 66 4 74 6 37 48 88 12 66
35 10 35 39 76 37 77 79 88 12 45 64 71 82 44 55 58 68 74 6 16 87 78 10
35 44 35 41 57 12 72 53 88 48 75 82 44
69 78 69 51 59 5 52 64 71 82 44 79 88 12 66 78
69 48 69 72 88 48
40 64 40 25 5 75 82 44 79 88 12 45 64
1 55 1 39 58 68 72 44 79 88 48 52 77 55
46 54 46 88 48 75 82 44 55 58 54
87 79 87 72 53 88 12 50 82 44 79
69 24 69 51 67 72 53 88 12 24
58 83 58 81 83
8 59 8 40 41 49 76 37 59
38 43 38 16 87 78 10 48 88 12 66 77 55 58 68 69 51 17 20 39 65 9 62 13 74 6 31 43
30 12 30 52 64 0 13 28 37 48 88 12
65 66 65 9 36 37 77 55 67 82 44 79 88 12 66
64 45 64 0 45
68 64 68 72 87 78 10 17 33 45 64
49 70 49 69 51 17 20 40 41 70
19 13 19 38 13
74 12 74 58 77 55 67 82 44 79 88 12
42 12 42 63 29 48 88 12
15 64 15 30 52 64
68 88 68 9 50 82 44 55 58 67 72 53 88
40 72 40 25 5 79 88 12 37 77 55 67 72
74 20 74 6 31 16 45 64 71 82 44 79 88 12 24 27 78 10 17 20
11 17 11 59 5 79 88 12 72 87 78 10 17
11 79 11 78 44 79
1 73 1 7 14 34 79 88 48 75 82 44 55 67 73
42 0 42 62 20 56 64 0
39 79 39 76 27 5 79
31 53 31 6 71 82 44 55 67 72 53
15 57 15 41 57
63 75 63 65 77 55 67 82 44 79 88 48 75
28 44 28 68 9 50 82 44
35 32 35 64 0 20 32
46 54 46 88 12 44 55 58 54
77 52 77 79 88 48 52
3 58 3 43 66 78 10 17 58
38 52 38 16 45 77 79 88 48 52
1 55 1 7 62 20 48 88 12 75 82 44 55
82 10 82 44 79 88 12 66 77 55 67 72 87 78 10
42 79 42 63 29 48 88 12 72 44 79
7 32 7 64 0 20 32
65 89 65 77 79 88 12 29 48 52 71 82 44 84 89
43 32 43 66 77 55 58 68 72 87 78 10 48 52 71 82 44 79 88 12 24 27 36 37 59 64 0 20 32
15 26 15 26
35 82 35 59 64 71 82
51 79 51 59 64 82 44 79
18 80 18 57 78 44 79 88 48 75 80
39 66 39 58 77 79 88 12 66
69 54 69 76 37 48 75 88 12 66 78 44 55 58 54
69 48 69 72 88 48
62 51 62 20 56 27 36 37 51
2 5 2 56 16 45 64 71 82 44 55 67 72 87 78 10 24 27 36 59 5
26 24 26 10 24
87 70 87 78 10 17 70
74 34 74 6 77 79 88 48 75 82 44 55 67 72 87 78 10 30 34
46 33 46 88 48 75 82 44 55 67 72 87 78 10 17 33
40 33 40 25 33
3 67 3 9 71 82 44 55 67
4 73 4 49 76 37 44 55 58 67 72 87 78 10 24 71 82 73
38 44 38 16 35 64 82 44
3 36 3 43 52 71 82 44 55 58 67 72 88 12 37 36
3 9 3 9
1 53 1 78 10 17 70 29 48 75 88 12 50 82 44 55 67 72 53
2 64 2 78 10 24 71 82 44 79 88 48 52 64
70 71 70 29 48 52 71
4 44 4 58 67 82 44
57 12 57 82 44 55 67 72 88 12
8 84 8 89 84
39 70 39 58 77 79 88 48 75 82 44 55 67 72 87 78 10 17 70
49 29 49 88 12 29
8 57 8 40 25 85 57
87 29 87 72 44 55 58 77 79 88 12 29
19 29 19 56 82 44 79 88 12 29
18 44 18 51 59 5 52 71 82 44
4 52 4 70 82 44 79 88 12 37 51 59 5 52
35 51 35 59 5 72 87 78 10 17 33 51
11 36 11 78 10 24 71 82 44 79 88 48 52 64 0 27 36
15 6 15 41 66 78 44 55 58 68 74 6
63 67 63 65 77 55 67
46 44 46 88 12 75 82 44
56 34 56 16 29 48 75 82 44 55 58 77 79 88 12 66 78 10 30 34
74 36 74 6 71 82 44 55 58 68 9 36
38 5 38 65 9 50 82 44 55 67 72 87 78 10 17 33 49 69 76 27 5
87 67 87 72 88 48 75 82 44 55 67
87 81 87 72 88 12 75 80 81
78 53 78 10 17 33 49 69 76 37 48 52 64 44 55 58 67 72 53
6 71 6 88 12 24 71
63 75 63 29 48 52 77 55 58 67 82 44 79 88 12 75
78 71 78 44 79 88 12 24 71
23 10 23 50 82 44 79 88 12 72 87 78 10
1 44 1 13 26 28 6 45 64 82 44
58 17 58 67 72 87 78 10 17
49 58 49 76 37 77 55 58
46 37 46 88 12 66 78 10 24 27 36 37
42 81 42 51 80 81
9 10 9 71 82 44 79 88 48 52 77 55 67 72 87 78 10
78 67 78 44 55 67
43 29 43 44 55 67 72 53 88 12 37 49 69 51 17 20 40 41 70 29
63 36 63 65 9 36
1 55 1 20 88 48 52 77 55
59 73 59 24 71 82 73
20 45 20 56 74 6 45
35 82 35 59 24 27 36 50 82
14 29 14 42 51 67 82 44 79 88 48 52 64 0 10 30 34 29
39 24 39 65 77 79 88 48 52 71 82 44 55 58 68 72 87 78 10 24
82 52 82 44 79 88 12 45 64 0 10 48 52
43 84 43 66 78 10 30 48 52 77 79 88 12 84
62 70 62 13 10 17 70
59 17 59 5 6 16 87 78 10 17
20 86 20 39 65 9 71 82 44 79 88 48 52 77 55 58 54 86
77 84 77 55 84
62 36 62 13 68 69 76 37 36
63 29 63 29
77 73 77 79 88 48 75 82 44 55 58 67 73
82 73 82 44 55 58 68 72 88 12 73
59 84 59 24 27 5 79 84
87 58 87 72 44 55 58
42 55 42 51 17 20 55
14 89 14 34 29 48 88 12 75 82 44 79 84 89
59 12 59 24 71 82 44 55 58 67 72 88 12
9 86 9 20 40 68 72 86
85 88 85 23 5 72 53 88
25 0 25 40 68 74 58 77 55 67 82 44 79 88 12 72 87 78 10 30 34 0
41 73 41 63 75 82 44 55 67 73
40 41 40 41
4 72 4 82 44 55 58 67 72
19 72 19 25 85 88 48 52 71 82 44 55 67 72
2 77 2 9 71 82 44 55 58 77
82 66 82 44 55 67 72 53 88 12 66
39 86 39 87 78 44 55 58 54 86
39 12 39 64 71 82 44 79 88 12
74 58 74 6 48 52 64 44 55 58
11 81 11 59 24 71 82 44 79 88 12 29 48 52 77 55 67 72 53 80 81
23 84 23 37 77 55 84
39 5 39 76 27 5
57 0 57 24 71 82 44 55 67 72 87 78 10 48 52 64 0
39 86 39 58 54 86
68 45 68 69 76 37 59 5 64 0 45
8 10 8 41 76 37 44 55 58 77 79 88 12 66 78 10
70 36 70 82 44 79 88 48 52 77 55 67 72 87 78 10 30 34 59 64 0 20 56 27 36
68 13 68 9 62 13
63 44 63 29 48 52 71 82 44
37 75 37 44 55 58 77 79 88 12 29 48 75
22 89 22 9 50 82 44 79 88 12 72 53 84 89
34 84 34 79 88 12 60 84
8 17 8 40 78 10 17
62 72 62 72
4 20 4 49 72 87 78 10 48 75 82 44 55 58 68 9 20
63 52 63 65 9 62 72 87 78 10 30 50 82 44 55 58 68 69 51 17 70 29 48 52
22 43 22 43
65 12 65 9 20 40 68 74 6 16 35 64 71 82 44 55 67 72 53 88 12
39 60 39 76 37 52 71 82 44 55 67 72 87 78 10 30 50 60
85 58 85 57 63 29 48 52 64 82 44 79 88 12 72 87 78 10 17 33 45 77 55 58
42 77 42 70 82 44 79 88 48 52 77
69 32 69 51 17 33 32
7 81 7 57 63 29 48 52 71 82 44 79 88 12 72 87 78 10 17 58 81
56 10 56 27 78 10
31 64 31 68 9 36 59 64
56 60 56 64 0 20 88 12 60
63 71 63 29 48 88 12 24 71
30 17 30 34 48 88 12 66 78 10 17
31 30 31 16 45 50 82 44 79 88 48 52 64 0 13 20 39 76 27 5 72 87 78 10 30
14 71 14 42 62 13 68 72 87 78 44 79 88 48 52 64 71
78 17 78 10 17
46 32 46 88 12 29 48 52 64 82 44 55 58 68 69 51 17 32
41 55 41 66 78 44 55
7 10 7 43 52 77 55 67 82 44 79 88 12 37 49 76 27 78 10
14 88 14 9 20 56 27 78 10 30 48 88
3 30 3 30
82 36 82 44 55 67 72 87 78 10 24 27 36
11 77 11 59 64 71 82 44 55 67 72 88 48 52 77
49 54 49 69 72 88 12 66 77 55 58 54
31 73 31 43 66 78 44 55 67 73
76 88 76 37 51 59 5 88
1 16 1 37 52 71 82 44 55 67 72 87 78 10 17 20 56 16
27 36 27 36
77 52 77 79 88 12 45 50 82 44 55 67 72 87 78 10 17 58 68 69 76 37 48 52
4 53 4 74 6 77 79 88 48 52 64 82 44 55 67 72 53
1 84 1 13 74 6 16 29 48 88 12 24 89 84
38 83 38 13 28 35 64 0 89 83
11 32 11 59 24 27 79 88 12 50 82 44 55 67 72 87 78 10 17 32
30 36 30 50 82 44 55 58 68 74 6 37 36
1 32 1 2 23 32
26 81 26 28 35 64 71 82 44 55 58 77 79 88 48 52 80 81
68 37 68 69 51 59 5 79 88 12 37
40 89 40 41 50 82 44 79 84 89
46 67 46 88 48 52 77 55 67
39 6 39 87 78 44 55 58 68 74 6
33 29 33 62 13 29
35 61 35 39 87 78 10 17 33 61
14 50 14 51 17 70 29 48 88 12 45 50
51 86 51 67 82 44 55 58 54 86
59 75 59 24 71 82 44 55 67 72 87 78 10 30 48 88 12 75
23 53 23 5 79 88 48 52 77 55 67 72 53
22 64 22 31 6 37 59 64
40 53 40 41 50 82 44 55 58 77 79 88 12 72 53
37 54 37 52 71 82 44 55 58 54
23 44 23 5 6 71 82 44
43 45 43 52 71 82 44 55 58 68 74 6 16 45
21 52 21 82 44 79 88 12 66 78 10 48 52
13 79 13 26 42 70 29 48 88 12 44 79
62 33 62 72 87 78 10 24 71 82 44 79 88 12 45 77 55 58 68 69 51 17 33
2 53 2 82 44 79 88 12 66 77 55 58 68 69 72 53
18 73 18 59 24 73
1 80 1 78 44 55 58 77 79 88 48 52 80
11 63 11 68 69 72 87 78 10 17 20 40 41 63
1 44 1 78 44
65 88 65 77 55 58 68 72 88
70 0 70 82 44 79 88 48 52 64 0
28 59 28 6 77 55 58 68 9 71 82 44 79 88 12 72 87 78 10 24 27 36 59
42 6 42 63 65 77 79 88 48 52 71 82 44 55 58 68 74 6
41 52 41 70 29 48 88 12 37 52
87 84 87 72 53 88 12 50 60 84
22 5 22 31 6 77 79 88 48 52 64 0 20 40 25 63 65 9 62 72 87 78 10 17 33 51 59 5
65 58 65 9 20 48 75 82 44 79 88 12 66 77 55 58
56 33 56 64 0 27 44 79 88 12 45 77 55 67 72 87 78 10 17 33
30 5 30 48 88 12 75 82 44 55 67 72 87 78 10 24 27 5
65 71 65 77 55 67 82 44 79 88 48 52 71
7 52 7 43 52
34 84 34 59 64 44 79 88 48 52 77 55 84
35 48 35 64 0 10 30 34 29 48
74 77 74 58 77
68 63 68 72 87 78 10 24 71 82 44 79 88 12 37 59 5 52 64 0 20 40 25 85 57 63
27 83 27 88 48 75 80 81 83
74 89 74 6 77 55 58 68 72 88 48 75 82 44 79 84 89
16 71 16 87 72 88 48 52 71
3 80 3 38 13 26 28 82 44 55 67 72 88 48 75 80
59 54 59 24 27 88 48 52 64 82 44 55 58 54
42 20 42 63 65 9 36 59 5 6 45 50 82 44 55 58 68 72 87 78 10 17 20
59 79 59 24 71 82 44 79
34 48 34 48
14 25 14 25
18 57 18 57
16 44 16 35 59 24 71 82 44
31 51 31 16 35 59 5 75 88 12 45 64 82 44 55 58 68 69 51
49 12 49 72 44 79 88 12
2 75 2 33 45 77 55 58 68 72 87 78 10 48 52 64 0 27 36 59 5 75
9 52 9 36 59 5 75 88 12 37 52
37 0 37 59 64 0
27 24 27 79 88 48 75 82 44 55 67 72 87 78 10 24
35 45 35 64 0 45
74 53 74 6 88 48 52 64 82 44 55 58 68 72 53
41 12 41 45 64 71 82 44 55 58 67 72 53 88 12
9 45 9 62 20 56 16 45
20 36 20 39 65 9 36
63 67 63 65 77 79 88 48 52 71 82 44 55 67
49 89 49 88 48 75 82 44 79 84 89
68 51 68 74 6 31 43 44 79 88 12 37 51
62 82 62 20 48 88 12 44 55 67 82
42 26 42 62 13 26
49 67 49 76 37 36 59 24 71 82 44 55 58 67
56 73 56 16 87 78 44 79 88 12 37 76 27 5 6 71 82 73
56 63 56 16 35 41 63
69 58 69 72 44 55 58
7 24 7 62 72 53 88 12 24
13 52 13 74 6 88 48 52
8 77 8 9 36 59 5 6 37 77
14 66 14 34 59 24 71 82 44 55 67 72 53 88 12 66
15 32 15 26 17 32
56 27 56 16 29 48 88 12 24 27
39 53 39 58 68 69 76 37 59 24 71 82 44 79 88 12 29 48 52 77 55 67 72 53
37 32 37 48 88 12 24 71 82 44 55 58 68 72 87 78 10 17 20 32
3 43 3 43
74 66 74 58 77 79 88 12 66
30 80 30 48 75 80
25 79 25 5 79
31 13 31 56 16 35 59 64 71 82 44 55 58 68 9 62 13
15 55 15 30 44 55
2 44 2 34 79 88 12 37 48 75 82 44
20 80 20 56 74 58 77 79 88 12 45 64 71 82 44 55 67 72 53 80
39 73 39 63 75 88 48 52 64 71 82 44 55 67 73
65 55 65 77 55
64 50 64 0 45 50
14 27 14 51 59 24 27
27 83 27 79 83
70 75 70 82 44 79 88 48 75
4 48 4 30 34 29 48
59 29 59 5 64 71 82 44 55 67 72 53 88 12 29
42 88 42 63 65 9 20 56 82 44 55 58 67 72 88
1 63 1 13 26 42 70 82 44 79 88 12 45 64 0 20 40 25 63
87 13 87 72 88 48 52 64 0 13
18 50 18 22 43 52 64 0 45 50
19 51 19 56 74 6 37 51
11 84 11 88 48 75 82 44 79 84
13 17 13 0 27 88 12 24 71 82 44 55 58 68 69 51 17
64 45 64 44 79 88 12 45
57 73 57 24 73
19 79 19 38 13 10 30 52 77 79
4 10 4 82 44 55 67 72 87 78 10
82 45 82 44 79 88 48 52 77 55 58 68 9 20 56 64 0 45
4 58 4 74 6 77 55 58
40 6 40 25 85 23 66 78 44 55 58 68 74 6
23 79 23 50 82 44 79
19 0 19 72 53 88 48 52 64 0
68 52 68 74 6 16 29 48 52
65 27 65 77 55 58 68 69 51 59 24 27
18 83 18 51 84 89 83
69 75 69 51 17 58 77 55 67 82 44 79 88 48 75
72 67 72 44 55 58 67
25 73 25 12 45 64 44 55 67 73
18 58 18 76 37 51 59 5 6 77 79 88 12 44 55 58
56 73 56 74 6 16 29 48 88 12 73
49 30 49 69 51 17 70 82 44 79 88 12 66 78 10 30
42 58 42 62 13 10 24 71 82 44 79 88 48 52 77 55 58
68 29 68 69 72 88 12 29
35 9 35 64 82 44 55 58 68 9
76 16 76 27 79 88 12 45 64 82 44 55 58 67 72 87 78 10 30 34 0 20 56 16
65 82 65 9 50 82
4 48 4 49 69 51 59 24 71 82 44 55 67 72 53 88 48
14 58 14 9 71 82 44 55 58
64 71 64 82 44 55 58 67 72 87 78 10 24 71
65 81 65 77 55 58 81
31 63 31 6 77 79 88 12 75 82 44 55 58 68 9 62 20 39 63
33 36 33 45 50 82 44 79 88 12 72 87 78 10 30 48 52 64 0 27 36
4 73 4 70 82 73
57 32 57 24 27 44 79 88 12 37 52 77 55 58 67 72 87 78 10 17 32
14 37 14 28 37
1 58 1 13 0 45 77 55 58
6 66 6 16 45 50 82 44 55 67 72 53 88 12 66
78 67 78 10 30 44 55 58 67
38 54 38 16 29 48 52 77 55 58 54
2 13 2 33 62 13
19 29 19 56 64 71 82 44 79 88 12 29
8 33 8 62 20 55 67 82 44 79 88 12 72 87 78 10 17 33
40 23 40 25 85 23
56 55 56 27 36 50 82 44 55
39 32 39 64 0 45 77 79 88 12 66 78 10 17 32
39 89 39 58 68 72 88 48 75 82 44 79 84 89
38 45 38 16 45
21 17 21 26 42 62 13 20 40 68 74 58 77 79 88 48 52 64 71 82 44 55 67 72 87 78 10 17
33 61 33 61
69 70 69 51 17 70
70 67 70 82 44 55 67
76 53 76 27 79 88 12 72 53
20 45 20 56 74 6 45
19 80 19 62 20 39 63 65 77 79 88 12 29 48 52 64 44 55 58 68 74 6 37 72 53 80
41 12 41 70 29 48 88 12
39 5 39 58 77 55 67 82 44 79 88 12 24 27 36 37 51 59 5
78 24 78 10 24
8 12 8 9 62 20 55 67 82 44 79 88 12
30 73 30 44 55 67 82 73
46 72 46 88 48 75 82 44 55 58 67 72
18 29 18 22 31 56 16 45 50 82 44 79 88 12 29
64 79 64 0 20 56 74 58 68 69 72 44 79
78 55 78 10 24 27 44 55
31 84 31 68 9 62 20 56 82 44 55 67 72 88 12 24 89 84
40 57 40 41 57
30 17 30 34 29 48 75 82 44 79 88 12 37 72 87 78 10 17
15 5 15 41 57 78 44 79 88 12 45 64 0 20 39 76 27 5
6 79 6 31 16 87 78 10 48 75 88 12 66 77 55 67 82 44 79
18 78 18 59 24 71 82 44 79 88 48 52 77 55 67 72 87 78
74 61 74 6 31 56 82 44 79 88 48 52 77 55 58 68 69 72 87 78 10 17 33 61
85 5 85 23 5
26 5 26 42 63 29 48 52 71 82 44 55 58 68 69 76 37 36 59 5
78 48 78 10 48
74 13 74 6 31 68 9 62 13
13 79 13 28 82 44 55 67 72 87 78 10 17 33 62 20 40 25 38 65 77 79
42 52 42 70 29 48 52
69 72 69 72
38 27 38 13 68 69 76 27
70 81 70 29 48 52 64 0 13 28 37 51 17 58 81
28 60 28 37 44 79 88 12 60
25 36 25 35 39 65 9 36
76 37 76 27 44 79 88 12 37
15 37 15 26 28 37
65 66 65 77 55 58 67 82 44 79 88 12 66
3 27 3 38 13 29 48 52 71 82 44 55 67 72 53 88 12 24 27
8 44 8 28 82 44
16 36 16 35 59 64 82 44 55 67 72 88 12 37 36
65 59 65 9 36 59
49 44 49 69 76 27 5 6 71 82 44
38 60 38 65 9 71 82 44 79 88 12 72 87 78 10 48 52 64 0 13 68 69 76 27 36 50 60
30 10 30 52 77 79 88 48 75 82 44 55 67 72 87 78 10
34 67 34 0 45 77 79 88 48 52 64 44 55 67
76 84 76 37 44 79 84
46 0 46 88 48 52 64 0
62 80 62 13 28 6 37 77 55 58 68 72 88 48 52 80
40 29 40 41 63 29
82 45 82 44 55 58 67 72 88 12 45
2 86 2 82 44 55 58 54 86
8 36 8 40 41 45 77 79 88 48 75 82 44 55 67 72 87 78 10 17 58 68 9 20 39 76 27 36
62 20 62 20
72 81 72 44 55 58 54 81
56 66 56 64 82 44 55 58 67 72 87 78 10 24 27 79 88 12 66
74 52 74 6 77 55 67 82 44 79 88 48 52
40 53 40 25 33 62 20 56 74 58 77 79 88 48 75 82 44 55 67 72 53
76 37 76 37
8 17 8 41 76 27 36 37 51 17
14 67 14 9 20 55 67
42 79 42 62 72 88 12 50 82 44 79
3 13 3 30 34 0 13
22 89 22 31 56 74 58 67 82 44 55 84 89
8 51 8 28 35 39 76 37 51
15 78 15 26 28 88 48 52 71 82 44 55 67 72 87 78
20 48 20 39 76 27 5 75 88 48
39 55 39 64 71 82 44 55
39 24 39 64 0 20 88 12 24
78 55 78 10 17 70 29 48 88 12 72 44 55
78 32 78 10 17 32
42 82 42 62 13 28 82
49 0 49 76 37 77 55 67 72 87 78 10 17 20 39 63 65 9 36 50 82 44 79 88 12 45 64 0
76 41 76 37 44 55 58 68 74 6 31 16 35 41
1 50 1 39 58 68 74 6 16 35 41 63 65 9 50
41 36 41 70 82 44 55 58 77 79 88 12 66 78 10 24 27 36
1 70 1 78 10 17 70
18 13 18 76 27 36 37 59 64 0 13
87 83 87 78 10 48 88 12 50 60 83
28 44 28 37 48 75 82 44
2 17 2 78 10 30 52 71 82 44 55 67 72 53 88 12 37 51 17
65 13 65 77 55 67 72 44 79 88 48 52 64 0 13
26 48 26 88 48
74 25 74 6 31 43 52 64 0 20 40 25
18 37 18 22 34 48 75 88 12 37
40 27 40 41 76 27
78 29 78 44 79 88 12 29
57 75 57 82 44 79 88 48 75
4 50 4 23 50
40 41 40 41
65 58 65 77 55 58
68 32 68 9 20 32
69 6 69 76 37 52 77 79 88 48 75 82 44 55 58 68 74 6
68 33 68 69 72 87 78 10 17 33
39 50 39 64 71 82 44 79 88 12 50
19 70 19 25 40 41 70
85 66 85 23 66
14 16 14 42 51 17 58 67 72 87 78 10 30 34 0 13 74 6 31 16
3 67 3 30 48 88 12 75 82 44 55 58 67
14 79 14 59 5 72 44 79
62 59 62 20 40 25 33 45 64 0 10 48 88 12 72 87 78 44 55 58 68 74 6 16 35 59
18 80 18 57 78 10 30 52 80
76 88 76 37 36 50 82 44 55 58 67 72 87 78 10 17 33 51 59 64 0 45 77 79 88
35 25 35 64 0 10 17 20 40 25
56 75 56 82 44 55 67 72 87 78 10 17 70 29 48 88 12 75
87 51 87 72 53 88 12 37 51
30 36 30 34 0 27 36
70 67 70 82 44 55 58 67
40 63 40 25 63
14 64 14 59 5 64
46 12 46 88 12
21 41 21 20 40 25 35 41
18 59 18 59
87 72 87 72
35 59 35 59
14 72 14 9 71 82 44 79 88 12 37 72
7 52 7 43 75 88 48 52
62 37 62 72 53 88 12 37
22 0 22 34 0
22 36 22 9 36
62 66 62 72 87 78 10 17 20 40 68 74 6 48 88 12 66
63 75 63 65 9 71 82 44 55 67 72 53 88 12 75
34 32 34 59 64 0 20 39 65 77 79 88 12 29 48 52 71 82 44 55 67 72 87 78 10 17 32
35 67 35 59 64 82 44 79 88 48 52 77 55 67
25 80 25 82 44 55 67 72 87 78 10 17 70 29 48 75 80
22 86 22 9 62 72 44 55 58 54 86
14 59 14 51 59
88 71 88 12 29 48 75 82 44 55 67 72 87 78 10 24 71
39 9 39 58 77 79 88 48 52 64 0 20 56 74 6 31 68 9
51 53 51 17 33 78 44 79 88 12 72 53
27 75 27 44 79 88 48 75
62 36 62 13 20 40 78 44 79 88 12 24 27 36
33 79 33 45 50 82 44 55 67 72 87 78 10 30 52 77 79
60 83 60 83
77 54 77 79 88 48 75 82 44 55 58 54
11 45 11 78 10 17 70 29 48 75 88 12 45
19 25 19 25
87 37 87 72 53 88 12 37
6 52 6 45 50 82 44 79 88 48 52
39 64 39 87 78 44 79 88 48 52 64
77 17 77 79 88 48 75 82 44 55 67 72 87 78 10 17
49 71 49 69 76 27 79 88 48 75 82 44 55 67 72 87 78 10 24 71
16 84 16 29 48 52 77 79 88 12 50 60 84
31 57 31 16 35 41 57
51 80 51 59 64 0 13 74 58 77 79 88 48 52 80
56 64 56 64
35 79 35 39 65 9 36 59 24 71 82 44 55 58 77 79
40 17 40 41 66 78 10 17
58 55 58 67 72 53 88 12 44 55
46 77 46 88 12 66 77
38 12 38 65 9 71 82 44 79 88 12
65 30 65 9 71 82 44 55 67 72 88 12 45 64 0 27 78 10 30
69 9 69 51 17 70 29 48 52 64 0 10 30 50 82 44 79 88 12 45 77 55 58 68 9
63 17 63 75 88 48 52 77 55 58 68 72 87 78 10 17
19 33 19 56 16 87 78 10 17 33
1 27 1 49 76 27
39 6 39 63 65 77 55 58 68 9 50 82 44 79 88 12 37 76 27 78 10 17 33 62 20 40 25 5 6
40 55 40 68 9 20 56 74 58 77 55
9 29 9 50 82 44 79 88 12 72 87 78 10 17 70 29
46 6 46 88 48 75 82 44 55 67 72 87 78 10 17 58 68 74 6
22 36 22 34 79 88 12 72 87 78 10 24 27 36
62 44 62 72 88 12 50 82 44
6 54 6 31 43 52 64 82 44 55 58 54
33 29 33 45 77 55 67 82 44 79 88 12 29
57 86 57 24 71 82 44 79 88 48 52 77 55 58 67 72 87 78 10 17 20 40 25 85 23 5 64 86
21 79 21 26 42 51 17 33 49 88 12 44 55 67 72 87 78 10 48 52 77 79
87 37 87 78 10 17 70 82 44 55 67 72 88 12 37
31 41 31 6 16 35 41
68 75 68 9 20 56 16 29 48 75
3 70 3 27 79 88 48 52 64 44 55 67 72 87 78 10 17 70
4 79 4 23 49 72 87 78 44 55 58 77 79
38 27 38 16 87 78 44 79 88 12 24 27
46 80 46 88 48 75 80
2 10 2 56 82 44 55 67 72 87 78 10
78 32 78 10 48 75 82 44 55 58 68 9 20 32
31 70 31 16 87 78 10 17 70
31 51 31 68 72 88 12 37 51
3 37 3 27 36 37
43 29 43 66 78 44 79 88 12 29
69 86 69 51 86
69 66 69 72 87 78 10 48 52 64 71 82 44 79 88 12 66
76 79 76 27 44 79
46 20 46 88 48 52 64 0 20
56 84 56 74 6 31 16 87 78 44 55 84
72 29 72 87 78 10 48 75 88 12 29
30 36 30 52 64 82 44 79 88 12 72 87 78 10 24 27 36
2 55 2 56 16 45 77 55
16 81 16 87 78 10 17 33 49 69 76 27 36 50 82 44 55 67 72 53 80 81
23 75 23 50 82 44 55 58 68 69 76 37 36 59 64 0 20 48 75
42 55 42 63 65 77 55
82 0 82 44 55 67 72 87 78 10 30 52 64 0
18 77 18 20 39 63 65 77
27 50 27 5 6 31 56 16 45 50
2 72 2 78 10 30 50 82 44 79 88 12 66 77 55 58 67 72
23 81 23 49 76 37 48 52 71 82 44 55 67 72 53 80 81
8 16 8 40 78 44 55 58 68 74 6 16
85 44 85 88 48 52 64 82 44
4 60 4 82 44 79 88 48 52 64 0 13 28 87 78 10 30 50 60
87 84 87 72 88 48 52 64 44 84
9 10 9 36 37 48 52 64 82 44 55 58 67 72 87 78 10
11 48 11 88 48
23 24 23 37 49 69 51 59 5 72 87 78 10 24
87 51 87 72 44 55 58 77 79 88 12 37 51
88 36 88 12 24 27 36
65 48 65 9 50 82 44 79 88 48
16 71 16 45 64 71
68 0 68 74 6 71 82 44 55 58 77 79 88 48 52 64 0
65 24 65 9 62 13 28 68 69 51 17 78 10 24
76 86 76 27 88 12 45 50 82 44 55 58 67 72 86
33 61 33 61
39 51 39 63 29 48 75 88 12 45 50 82 44 55 58 67 72 87 78 10 17 20 40 25 62 13 68 69 51
27 10 27 78 10
72 84 72 53 88 48 75 82 44 84
62 75 62 13 0 27 79 88 48 75
18 45 18 20 40 41 57 24 27 78 10 30 50 82 44 55 58 68 69 72 53 88 12 45
56 71 56 64 44 55 58 77 79 88 48 52 71
38 81 38 65 77 79 88 48 52 80 81
42 6 42 51 67 72 44 55 58 77 79 88 48 52 64 0 13 74 6
87 20 87 78 10 30 34 29 48 52 64 0 20
70 86 70 29 48 88 12 50 82 44 55 67 72 86
85 71 85 57 12 50 82 44 79 88 48 52 71
21 86 21 82 44 79 88 12 29 48 52 77 55 58 67 72 86
88 84 88 12 45 77 79 84
59 81 59 5 64 0 27 78 44 79 88 12 72 53 80 81
72 86 72 88 48 75 82 44 55 58 54 86
19 67 19 82 44 79 88 48 52 77 55 67
85 63 85 57 63
7 52 7 55 58 77 79 88 48 52
28 66 28 37 44 55 58 67 72 87 78 10 30 52 64 0 20 56 16 45 77 79 88 12 66
40 52 40 68 72 88 48 52
41 5 41 49 88 12 66 78 10 17 33 62 20 40 25 63 65 9 36 59 24 27 5
41 12 41 70 29 48 52 77 55 58 67 82 44 79 88 12
14 81 14 34 0 20 48 52 64 44 55 58 54 81
88 48 88 12 37 72 87 78 10 48
46 10 46 88 12 45 50 82 44 55 67 72 87 78 10
7 36 7 55 58 67 82 44 79 88 12 24 27 36
3 52 3 43 75 82 44 55 58 77 79 88 48 52
64 66 64 0 10 48 75 88 12 66
23 86 23 49 76 27 36 59 24 71 82 44 55 67 72 88 12 45 64 86
8 66 8 40 78 44 79 88 12 66
21 73 21 58 77 79 88 48 52 64 0 10 17 20 73
38 20 38 65 77 55 67 82 44 79 88 12 45 64 0 20
87 83 87 78 44 55 58 67 72 53 88 48 75 80 81 83
39 86 39 58 68 9 71 82 44 55 67 72 53 88 48 52 64 86
21 44 21 58 77 55 67 72 44
34 0 34 0
31 59 31 43 52 77 55 58 68 69 76 37 59
35 75 35 64 71 82 44 55 58 77 79 88 48 75
9 29 9 62 20 48 52 77 55 67 72 44 79 88 12 29
72 73 72 44 55 67 73
21 52 21 42 70 82 44 55 67 72 53 88 48 52
38 73 38 16 45 64 0 10 48 75 88 12 50 82 73
87 20 87 78 10 17 20
63 67 63 75 82 44 55 58 68 69 51 67
11 70 11 70
22 84 22 89 84
56 58 56 64 82 44 55 58
74 59 74 58 67 72 44 79 88 12 37 49 69 76 27 36 59
11 44 11 88 48 52 64 0 10 17 70 82 44
1 29 1 20 48 75 82 44 79 88 12 29
35 84 35 59 64 82 44 84
15 72 15 41 63 29 48 75 88 12 50 82 44 55 58 67 72
40 80 40 41 57 72 53 80
58 75 58 77 55 67 72 88 48 75
19 51 19 56 27 88 12 37 49 69 51
38 57 38 13 20 40 41 57
18 20 18 20
68 80 68 69 51 17 70 82 44 79 88 48 75 80
58 83 58 77 89 83
56 17 56 27 79 88 12 66 78 10 17
4 89 4 70 29 48 88 12 24 89
3 66 3 37 76 27 44 79 88 12 66
21 70 21 42 70
42 50 42 63 65 77 79 88 48 52 64 0 45 50
21 13 21 20 39 65 9 62 13
40 24 40 68 9 36 50 82 44 55 58 77 79 88 12 24
7 86 7 17 33 62 72 86
62 71 62 13 74 58 77 79 88 12 75 82 44 55 67 72 87 78 10 30 48 52 64 71
43 0 43 66 78 10 30 44 55 58 68 74 6 37 59 5 64 0
30 32 30 44 79 88 12 37 51 17 32
39 75 39 65 77 79 88 48 75
15 54 15 30 52 64 71 82 44 55 58 54
62 52 62 20 39 76 37 51 59 64 0 13 10 48 52
57 5 57 12 24 27 5
13 81 13 29 48 52 80 81
9 84 9 62 13 74 58 77 55 67 82 44 79 84
7 52 7 57 63 65 9 36 59 24 71 82 44 55 58 68 72 88 48 52
26 32 26 17 32
26 79 26 88 48 52 64 0 13 20 56 82 44 79
6 75 6 37 49 69 51 59 64 82 44 55 67 72 53 88 12 75
87 78 87 78
57 66 57 82 44 79 88 12 66
76 71 76 27 36 50 82 44 79 88 12 24 71
63 54 63 65 77 55 67 82 44 79 88 12 66 78 10 17 20 48 52 64 0 13 68 74 58 54
59 81 59 24 71 82 44 79 88 12 72 87 78 10 30 52 80 81
56 77 56 27 78 10 24 71 82 44 55 58 77
35 20 35 59 5 79 88 48 75 82 44 55 67 72 87 78 10 17 33 62 20
28 64 28 77 79 88 12 45 64
14 45 14 34 59 24 71 82 44 79 88 12 45
6 67 6 37 36 50 82 44 55 67
64 54 64 0 45 77 79 88 48 52 71 82 44 55 58 54
21 64 21 42 62 20 56 82 44 55 58 67 72 88 12 29 48 52 64
9 17 9 20 55 58 68 69 51 59 5 79 88 12 24 27 78 10 17
18 72 18 59 5 88 12 45 77 55 58 68 72
49 36 49 76 37 36
59 52 59 5 6 88 48 52
76 50 76 27 79 88 12 50
56 44 56 82 44
4 44 4 82 44
65 33 65 77 79 88 48 75 82 44 55 58 68 69 72 87 78 10 17 33
13 45 13 0 45
62 20 62 20
26 86 26 28 37 44 55 58 54 86
65 9 65 9
6 17 6 71 82 44 55 67 72 87 78 10 17
69 55 69 76 27 79 88 12 37 72 44 55
69 32 69 51 17 20 32
6 17 6 71 82 44 55 58 68 9 20 40 41 66 78 10 17
38 44 38 16 87 78 10 17 33 49 69 72 53 88 12 44
3 59 3 9 62 13 10 48 52 71 82 44 79 88 12 37 36 59
20 53 20 56 74 58 77 79 88 48 75 82 44 55 67 72 53
40 48 40 41 70 29 48
42 88 42 70 29 48 75 82 44 79 88
7 81 7 62 72 87 78 10 48 52 80 81
76 75 76 27 78 10 30 52 77 55 67 82 44 79 88 48 75
68 60 68 74 58 67 82 44 79 88 48 52 64 0 45 50 60
19 44 19 82 44
40 52 40 25 38 65 9 71 82 44 79 88 48 52
27 71 27 44 79 88 12 66 77 55 58 68 74 6 31 43 52 71
49 32 49 76 37 44 79 88 12 72 87 78 10 17 20 32
11 75 11 70 29 48 52 71 82 44 79 88 12 37 59 24 27 5 64 0 20 56 16 35 39 63 75
22 83 22 34 48 75 88 12 24 89 83
2 27 2 34 48 88 12 24 27
21 80 21 82 44 79 88 48 75 80
56 55 56 27 5 6 71 82 44 55
56 79 56 82 44 79
85 27 85 57 24 27
15 13 15 26 42 62 13
38 84 38 13 10 17 60 84
14 71 14 28 68 72 88 48 52 64 71
68 53 68 74 6 71 82 44 55 58 77 79 88 12 37 52 64 0 27 5 72 53
41 50 41 49 72 53 88 12 50
58 79 58 68 74 6 77 55 67 82 44 79
51 45 51 17 33 45
3 9 3 9
43 24 43 66 78 44 79 88 12 24
82 10 82 44 79 88 12 72 87 78 10
8 73 8 9 50 82 73
85 73 85 23 37 51 17 70 82 73
77 45 77 79 88 12 29 48 52 64 71 82 44 55 58 68 9 20 56 27 78 10 30 34 0 45
60 83 60 84 89 83
78 52 78 10 48 52
56 88 56 27 36 37 59 5 6 71 82 44 79 88
18 0 18 59 64 0
8 50 8 9 50
69 36 69 51 17 58 68 74 6 45 64 0 20 40 41 50 82 44 55 67 72 87 78 10 24 27 36
21 16 21 26 28 6 16
4 75 4 74 58 67 72 87 78 44 79 88 48 75
56 51 56 64 0 13 10 30 34 79 88 12 29 48 75 82 44 55 58 68 69 51
63 66 63 75 82 44 55 67 72 87 78 10 24 27 88 12 66
87 75 87 78 10 30 44 55 58 77 79 88 48 75
69 0 69 72 87 78 10 30 52 64 0
56 24 56 82 44 55 58 67 72 87 78 10 24
72 80 72 87 78 10 17 20 48 75 80
77 71 77 79 88 48 52 64 71
28 86 28 88 12 37 49 76 27 78 10 30 52 77 55 58 68 69 51 86
51 75 51 17 20 39 65 77 79 88 12 29 48 75
11 60 11 88 12 50 60
18 58 18 76 27 36 37 52 77 55 58
20 84 20 55 58 68 74 6 77 89 84
74 29 74 6 31 16 29
65 48 65 77 55 67 72 44 79 88 48
85 73 85 88 12 50 82 73
4 43 4 74 6 31 43
1 72 1 7 62 13 68 9 50 82 44 55 67 72
62 26 62 13 26
77 75 77 55 58 68 72 87 78 44 79 88 48 75
68 5 68 74 6 71 82 44 79 88 48 52 77 55 67 72 87 78 10 17 33 49 69 76 27 36 59 5
76 78 76 37 44 79 88 12 24 27 78
49 24 49 72 53 88 12 24
74 9 74 6 31 16 29 48 75 82 44 55 58 68 9
70 81 70 81
34 75 34 0 20 40 78 10 17 58 68 72 44 79 88 12 75
69 32 69 51 17 32
35 17 35 59 24 71 82 44 79 88 48 52 77 55 58 67 72 87 78 10 17
28 30 28 35 41 50 82 44 79 88 12 24 27 36 37 72 87 78 10 30
18 83 18 76 37 49 72 44 84 89 83
68 5 68 69 51 59 5
1 71 1 37 77 79 88 48 52 71
57 48 57 78 10 48
49 10 49 72 44 79 88 48 52 64 0 13 26 10
68 84 68 74 58 77 79 84
33 79 33 49 88 48 75 82 44 79
76 9 76 37 36 50 82 44 55 58 77 79 88 12 29 48 52 64 0 13 68 9
56 82 56 82
35 29 35 59 5 6 16 29
39 89 39 65 77 89
11 58 11 70 82 44 55 58
31 34 31 6 16 29 48 52 71 82 44 79 88 12 66 78 10 30 34
13 73 13 68 74 58 77 55 67 82 73
21 64 21 26 42 63 65 77 79 88 48 75 82 44 55 58 67 72 87 78 10 30 34 59 24 27 5 64
27 75 27 88 48 75
56 59 56 64 44 79 88 12 24 27 36 59
62 52 62 13 28 82 44 55 58 68 69 51 59 5 52
68 17 68 9 71 82 44 55 58 67 72 87 78 10 17
31 30 31 68 69 76 27 79 88 48 75 82 44 55 58 67 72 87 78 10 30
4 64 4 30 52 64
69 83 69 72 44 84 89 83
78 45 78 10 17 33 45
1 20 1 20
1 80 1 23 37 49 72 88 12 75 80
11 77 11 88 12 66 77
65 77 65 77
1 59 1 39 87 72 53 88 12 66 77 55 58 68 9 36 37 59
18 52 18 22 9 20 88 48 52
1 29 1 23 5 72 87 78 44 55 58 77 79 88 12 29
3 10 3 37 44 55 67 72 87 78 10
18 52 18 76 27 44 55 67 72 53 88 48 52
23 53 23 37 44 55 67 72 53
34 55 34 79 88 48 52 64 44 55
69 32 69 51 17 32
78 50 78 44 79 88 48 52 64 0 45 50
65 50 65 77 79 88 48 75 82 44 55 67 72 87 78 10 30 34 59 64 0 27 36 50
15 10 15 22 34 48 88 12 75 82 44 55 67 72 87 78 10
21 0 21 42 63 29 48 75 82 44 55 67 72 53 88 12 66 78 10 30 34 0
11 86 11 68 74 6 45 77 79 88 48 52 64 71 82 44 55 58 54 86
40 86 40 41 76 37 77 79 88 12 50 82 44 55 58 68 9 62 20 39 87 72 86
70 48 70 82 44 55 67 72 53 88 48
2 75 2 34 48 75
37 73 37 48 52 64 71 82 44 55 67 72 88 12 73
1 52 1 20 55 67 82 44 79 88 12 72 87 78 10 48 52
43 24 43 52 77 79 88 12 50 82 44 55 58 67 72 87 78 10 24
1 29 1 39 76 37 59 5 79 88 12 29
3 36 3 37 76 27 36
49 26 49 69 51 17 33 62 13 26
88 44 88 12 72 87 78 10 30 48 52 64 82 44
76 53 76 37 49 88 48 75 82 44 55 67 72 53
19 33 19 25 79 88 12 50 82 44 55 67 72 87 78 10 17 33
70 75 70 29 48 75
74 72 74 6 71 82 44 55 67 72
51 52 51 67 72 88 48 52
3 9 3 9
62 45 62 13 68 74 6 77 79 88 12 29 48 52 71 82 44 55 67 72 87 78 10 24 27 5 64 0 45
8 70 8 70
21 55 21 26 88 48 75 82 44 55
88 17 88 12 37 52 64 71 82 44 55 67 72 87 78 10 17
14 29 14 34 29
42 83 42 62 20 39 58 81 83
59 17 59 24 27 36 50 82 44 55 67 72 53 88 12 37 51 17
42 75 42 51 17 58 68 9 36 37 48 75
69 86 69 51 86
1 54 1 13 0 10 17 33 45 50 82 44 55 58 54
8 70 8 70
56 20 56 74 6 77 79 88 48 52 64 0 13 20
25 48 25 82 44 79 88 48
22 16 22 43 75 82 44 79 88 48 52 77 55 67 72 87 78 10 24 27 5 6 31 16
22 79 22 9 62 20 88 48 52 64 82 44 55 67 72 87 78 10 17 58 77 79
85 0 85 23 5 75 88 48 52 64 0
35 26 35 59 24 71 82 44 79 88 12 72 87 78 10 30 48 52 64 0 13 26
68 36 68 9 36
7 79 7 17 20 56 74 58 68 72 53 88 48 75 82 44 79
3 36 3 82 44 55 67 72 88 12 37 51 17 58 68 69 76 27 36
19 44 19 69 76 27 5 72 53 88 48 75 82 44
49 71 49 76 27 78 44 79 88 48 52 64 71
28 64 28 64
23 48 23 66 78 44 55 67 72 53 88 12 37 49 69 51 17 20 56 16 29 48
65 81 65 9 62 13 26 17 33 51 59 64 82 44 55 67 72 88 48 75 80 81
42 71 42 63 29 48 75 82 44 79 88 12 24 71
56 77 56 64 44 55 58 77
74 82 74 6 37 76 27 36 50 82
27 75 27 78 44 79 88 48 75
20 86 20 40 68 69 72 44 55 58 54 86
78 48 78 44 55 58 68 69 76 27 79 88 48
19 0 19 56 74 58 68 9 71 82 44 79 88 12 45 64 0
33 86 33 45 77 79 88 48 52 71 82 44 55 58 54 86
22 77 22 9 50 82 44 55 58 77
69 80 69 76 27 78 10 24 71 82 44 55 58 67 72 53 80
28 27 28 87 72 53 88 48 52 64 0 27
72 81 72 87 78 44 79 88 48 52 80 81
28 12 28 82 44 55 67 72 87 78 10 48 75 88 12
40 48 40 41 63 29 48
65 24 65 9 36 50 82 44 79 88 12 37 59 24
9 12 9 71 82 44 55 67 72 87 78 10 24 27 79 88 12
9 29 9 20 88 12 29
14 79 14 25 12 72 88 48 52 77 79
8 53 8 62 72 53
13 17 13 10 24 71 82 44 55 58 77 79 88 12 37 51 17
33 24 33 51 17 70 29 48 75 82 44 79 88 12 72 87 78 10 24
37 81 37 36 50 82 44 79 88 48 75 80 81
8 9 8 41 63 65 9
18 27 18 51 59 24 27
57 73 57 63 65 77 79 88 48 52 64 44 55 58 67 82 73
19 63 19 25 63
58 67 58 67
46 53 46 88 48 75 82 44 55 67 72 53
74 33 74 58 67 72 87 78 10 17 33
43 81 43 75 80 81
46 48 46 88 12 45 50 82 44 55 58 67 72 87 78 10 48
26 10 26 10
65 24 65 9 50 82 44 79 88 12 66 78 10 24
31 60 31 56 74 58 68 72 88 12 50 60
82 53 82 44 55 58 67 72 53
3 57 3 38 16 35 41 57
35 45 35 41 70 29 48 75 88 12 45
65 32 65 9 71 82 44 79 88 48 52 64 0 10 17 32
87 54 87 78 10 48 88 12 66 77 55 58 54
42 12 42 63 75 88 12
8 0 8 9 62 13 0
3 29 3 64 0 13 74 6 16 29
78 86 78 10 17 20 48 52 77 79 88 12 37 44 55 58 54 86
31 37 31 16 87 78 10 17 33 51 67 72 44 79 88 12 37
69 83 69 72 53 80 81 83
78 0 78 10 48 75 88 12 45 64 0
41 73 41 45 50 82 73
74 84 74 6 48 88 12 72 44 79 84
88 84 88 48 52 77 89 84
65 51 65 77 79 88 12 45 64 0 20 39 76 37 51
14 54 14 51 59 24 71 82 44 55 58 54
85 81 85 57 12 37 59 24 27 88 48 52 71 82 44 55 67 72 87 78 10 17 33 62 20 56 74 58 68 69 51 80 81
37 0 37 72 87 78 10 17 58 77 55 67 82 44 79 88 12 45 64 0
42 72 42 51 67 82 44 79 88 12 37 77 55 58 68 69 76 27 78 10 17 33 49 72
46 20 46 88 12 72 87 78 10 17 20
65 88 65 77 55 58 67 72 53 88
3 77 3 9 20 39 64 0 45 77
72 48 72 44 79 88 48
38 29 38 65 9 62 13 0 20 39 58 68 69 76 37 51 17 70 29
76 64 76 37 77 55 67 82 44 79 88 12 45 64
14 29 14 42 70 29
74 17 74 58 67 82 44 79 88 12 72 87 78 10 17
59 71 59 64 82 44 79 88 48 52 71
28 86 28 77 55 58 54 86
76 72 76 37 52 77 79 88 48 75 82 44 55 67 72
76 86 76 37 51 86
18 53 18 51 59 24 27 88 48 52 64 82 44 55 58 67 72 53
41 54 41 76 37 77 55 58 54
41 53 41 49 72 53
33 5 33 49 69 76 27 5
26 75 26 28 64 0 27 5 52 77 55 67 82 44 79 88 48 75
9 73 9 20 73
19 29 19 38 16 29
74 70 74 6 37 76 27 78 10 17 70
30 79 30 50 82 44 79
7 45 7 62 20 48 52 71 82 44 79 88 12 45
20 84 20 40 78 44 84
1 16 1 39 58 68 74 6 16
56 36 56 74 6 77 79 88 48 52 64 0 13 28 82 44 55 58 68 9 36
49 13 49 72 44 79 88 12 45 64 0 13
59 5 59 5
21 51 21 42 51
42 77 42 70 29 48 75 82 44 55 58 77
42 5 42 70 29 48 52 71 82 44 79 88 12 37 51 67 72 87 78 10 24 27 5
26 48 26 42 63 29 48
3 75 3 30 52 77 55 58 68 69 51 59 64 82 44 79 88 48 75
40 50 40 41 50
78 50 78 44 79 88 12 66 77 55 58 68 9 62 20 56 27 36 59 5 64 0 45 50
46 79 46 88 12 37 51 59 64 82 44 79
13 83 13 84 89 83
43 24 43 52 77 79 88 12 29 48 75 82 44 55 58 67 72 87 78 10 24
22 25 22 9 20 40 25
65 27 65 9 36 59 24 71 82 44 55 58 67 72 88 48 52 64 0 20 40 41 76 27
64 29 64 0 13 29
40 5 40 78 10 24 71 82 44 79 88 48 52 64 0 27 5
14 81 14 9 71 82 44 79 88 48 75 80 81
15 54 15 30 44 79 88 48 52 77 55 58 54
14 41 14 28 35 41
3 89 3 38 65 77 55 84 89
87 34 87 78 10 30 34
65 30 65 77 79 88 12 50 82 44 55 67 72 87 78 10 30
30 84 30 50 82 44 84
4 66 4 23 66
15 88 15 30 50 82 44 55 58 68 74 6 88
64 71 64 0 27 36 59 24 71
8 25 8 40 25
85 55 85 57 78 10 48 75 88 12 45 77 55
30 17 30 34 0 10 17
37 44 37 52 64 44
13 80 13 0 10 48 52 71 82 44 79 88 12 72 53 80
39 80 39 63 75 80
68 52 68 74 58 77 79 88 12 29 48 52
77 0 77 79 88 48 52 71 82 44 55 58 67 72 87 78 10 30 34 0
69 77 69 76 27 44 79 88 48 52 77
68 29 68 72 87 78 10 17 20 40 41 70 29
87 5 87 78 10 30 34 59 64 82 44 79 88 12 24 27 5
59 48 59 24 27 79 88 48
4 13 4 74 6 48 52 64 44 79 88 12 66 78 10 17 33 45 77 55 58 68 9 62 13
30 83 30 34 79 88 48 75 82 44 84 89 83
65 88 65 77 55 67 82 44 79 88
21 89 21 42 63 29 48 75 88 12 45 77 89
37 50 37 36 50
38 17 38 13 26 17
69 0 69 51 67 82 44 55 58 68 74 6 45 64 0
37 71 37 72 87 78 10 48 75 88 12 66 77 55 58 68 9 36 59 24 71
74 20 74 58 68 9 20
28 80 28 87 78 44 79 88 48 52 64 0 20 39 65 77 55 58 68 72 53 80
78 32 78 10 17 33 45 50 82 44 79 88 12 29 48 52 64 0 20 32
20 86 20 56 16 35 41 45 50 82 44 55 58 54 86
23 48 23 50 82 44 79 88 48
63 67 63 29 48 88 12 37 36 59 5 6 31 43 52 77 55 67
57 24 57 24
9 83 9 36 50 60 83
70 45 70 82 44 55 58 68 74 6 16 29 48 88 12 66 78 10 17 33 45
28 20 28 68 9 20
56 52 56 16 87 72 53 88 12 37 59 5 52
39 59 39 76 37 59
11 37 11 68 69 76 37
19 73 19 25 85 57 24 71 82 44 55 58 68 72 87 78 10 30 52 64 0 20 40 41 70 73
11 78 11 59 5 72 87 78
19 58 19 43 87 78 10 17 58
43 12 43 66 78 10 30 52 64 0 45 50 82 44 55 67 72 88 12
85 34 85 23 49 69 51 59 64 71 82 44 55 67 72 87 78 10 30 34
78 86 78 10 24 71 82 44 55 58 68 72 86
49 86 49 76 27 79 88 12 24 71 82 44 55 58 68 69 51 86
27 55 27 79 88 48 75 82 44 55
4 6 4 58 68 74 6
38 20 38 13 20
88 55 88 48 75 82 44 55
23 44 23 50 82 44
16 5 16 45 77 55 58 68 69 76 27 5
68 48 68 74 58 67 72 88 48
65 77 65 77
40 50 40 41 63 29 48 52 71 82 44 79 88 12 50
3 37 3 37
62 44 62 13 0 10 48 75 82 44
16 45 16 29 48 52 64 0 13 26 88 12 45
40 48 40 41 63 75 88 48
8 60 8 41 63 75 88 12 45 50 60
35 37 35 64 71 82 44 55 67 72 87 78 10 48 88 12 37
8 63 8 9 62 13 26 42 63
51 55 51 17 58 68 9 36 50 82 44 55
30 45 30 48 75 82 44 55 58 68 74 6 16 45
65 60 65 9 50 60
4 34 4 49 88 48 75 82 44 55 67 72 87 78 10 30 34
13 80 13 28 6 45 50 82 44 55 67 72 88 48 75 80
2 17 2 34 48 52 64 44 79 88 12 24 27 78 10 17
19 13 19 69 51 59 24 71 82 44 55 58 68 9 20 40 78 10 30 34 0 13
18 86 18 57 72 44 55 58 77 79 88 12 37 51 86
8 55 8 28 87 72 88 12 75 82 44 55
6 75 6 31 16 35 39 63 75
25 29 25 40 41 70 29
11 66 11 59 64 0 10 24 71 82 44 79 88 12 66
22 86 22 43 75 88 48 52 64 86
35 27 35 39 76 27
35 29 35 41 70 29
74 86 74 58 68 72 86
56 52 56 27 44 79 88 48 52
6 5 6 77 79 88 12 45 64 0 10 24 27 5
62 60 62 72 53 88 12 60
39 60 39 87 78 10 48 75 82 44 79 88 12 50 60
23 53 23 5 52 64 0 45 50 82 44 55 67 72 53
11 34 11 59 24 71 82 44 55 67 72 87 78 10 30 34
59 71 59 64 0 13 74 6 77 55 58 68 9 71
49 9 49 69 76 37 36 59 64 0 45 77 79 88 12 29 48 52 71 82 44 55 58 67 72 87 78 10 17 20 40 41 57 24 27 5 6 16 35 39 65 9
63 83 63 75 80 81 83
70 83 70 82 44 84 89 83
11 88 11 70 82 44 79 88
46 77 46 88 48 52 77
58 67 58 68 69 76 37 51 59 64 44 55 67
82 75 82 44 55 58 67 72 87 78 10 17 70 29 48 75
27 45 27 44 55 67 72 88 12 45
39 55 39 64 44 55
65 72 65 77 79 88 48 75 82 44 55 67 72
46 88 46 88
57 0 57 82 44 55 58 77 79 88 12 29 48 52 64 0
25 54 25 40 78 44 55 58 54
64 36 64 82 44 55 58 68 9 36
25 75 25 38 13 20 40 41 63 75
3 16 3 38 65 77 79 88 48 52 64 44 55 58 68 9 20 56 16
22 72 22 9 20 55 58 77 79 88 12 72
22 86 22 9 36 50 82 44 55 58 54 86
77 81 77 79 88 12 24 71 82 44 55 58 68 69 72 53 80 81
15 59 15 22 9 50 82 44 55 58 67 72 88 12 37 59
7 66 7 43 66
64 73 64 44 55 67 82 73
82 12 82 44 55 67 72 53 88 12
62 10 62 13 20 48 52 64 0 10
31 51 31 56 64 82 44 79 88 48 52 77 55 58 68 69 51
78 12 78 44 79 88 12
58 75 58 68 72 44 79 88 48 75
22 75 22 34 0 20 40 25 12 37 49 76 27 79 88 48 75
74 52 74 58 77 55 67 72 88 48 52
28 83 28 77 79 83
49 71 49 88 48 52 64 71
58 66 58 67 72 44 79 88 12 66
3 48 3 43 52 71 82 44 55 67 72 87 78 10 24 27 79 88 48
38 73 38 13 26 73
65 82 65 77 55 58 67 82
23 61 23 50 82 44 55 58 68 74 6 16 35 41 57 78 10 17 33 61
46 82 46 88 48 75 82
16 29 16 45 77 79 88 48 75 82 44 55 67 72 87 78 10 30 34 29
46 26 46 88 48 75 82 44 55 67 72 87 78 10 24 27 36 37 59 64 0 13 26
40 52 40 68 69 76 37 36 50 82 44 79 88 48 52
39 30 39 76 27 78 10 30
56 82 56 74 6 31 16 45 50 82
25 84 25 82 44 55 58 68 74 6 48 88 12 60 84
4 59 4 74 58 68 9 20 55 67 72 53 88 12 37 36 59
2 86 2 23 37 76 27 78 44 79 88 48 52 77 55 67 72 86
7 17 7 17
2 12 2 33 78 10 30 34 29 48 75 88 12
7 0 7 14 34 0
23 50 23 50
85 17 85 88 12 37 77 55 58 68 9 62 13 0 10 17
43 52 43 75 88 48 52
78 67 78 10 48 52 64 44 55 67
59 84 59 24 71 82 44 84
85 63 85 57 63
68 37 68 74 58 77 55 67 72 88 12 37
58 5 58 77 55 67 72 53 88 12 37 49 69 76 27 5
74 73 74 58 77 55 67 73
39 86 39 63 65 9 36 50 82 44 55 67 72 86
15 6 15 22 31 6
69 29 69 51 59 24 27 78 10 17 20 48 75 88 12 29
18 27 18 76 27
35 80 35 41 63 29 48 52 71 82 44 55 58 67 72 53 80
21 66 21 20 39 58 67 82 44 79 88 12 66
14 80 14 9 62 72 87 78 10 24 71 82 44 79 88 48 75 80
63 79 63 29 48 75 88 12 37 44 55 58 68 74 6 31 16 35 41 45 77 79
49 75 49 72 53 88 48 75
26 17 26 17
22 36 22 9 36
28 88 28 37 44 79 88
20 45 20 55 58 68 69 72 87 78 44 79 88 12 45
15 64 15 22 31 16 29 48 52 64
77 66 77 55 58 67 72 53 88 12 66
11 24 11 59 24
1 82 1 37 59 64 44 55 58 77 79 88 12 45 50 82
88 17 88 48 52 64 44 55 58 67 72 87 78 10 17
35 67 35 39 76 27 88 12 66 78 44 55 67
68 36 68 9 36
65 81 65 9 62 72 88 12 37 77 55 58 81
65 45 65 9 20 88 12 45
58 61 58 68 9 62 13 74 6 71 82 44 79 88 12 45 64 0 20 48 52 77 55 67 72 87 78 10 17 33 61
85 0 85 57 24 71 82 44 55 67 72 53 88 12 45 64 0
87 88 87 78 44 79 88
43 54 43 66 78 44 55 58 54
56 57 56 16 35 41 57
72 66 72 87 78 44 79 88 12 66
39 0 39 87 78 44 79 88 12 45 64 0
11 0 11 78 10 48 52 64 0
65 37 65 9 36 37
14 71 14 25 40 78 44 55 58 68 9 71
46 12 46 88 12
69 59 69 51 59
70 54 70 82 44 55 67 72 87 78 10 17 58 54
82 17 82 44 55 67 72 87 78 10 17
76 17 76 27 79 88 48 75 82 44 55 58 67 72 87 78 10 17
28 89 28 37 49 76 27 5 88 12 44 79 84 89
56 67 56 27 5 64 0 13 74 58 67
15 89 15 30 48 75 88 12 50 82 44 79 84 89
42 66 42 63 65 9 50 82 44 79 88 12 66
3 78 3 27 78
34 50 34 29 48 75 88 12 50
11 66 11 78 44 79 88 12 66
72 24 72 87 78 10 24
69 75 69 72 87 78 10 30 52 64 82 44 79 88 48 75
76 67 76 27 5 79 88 12 50 82 44 55 67
42 89 42 51 84 89
14 73 14 9 71 82 73
37 36 37 36
56 73 56 16 29 48 88 12 37 59 5 75 82 73
26 24 26 17 58 77 55 67 72 53 88 12 24
14 72 14 25 85 88 12 24 71 82 44 55 67 72
15 48 15 30 44 79 88 48
16 10 16 45 77 79 88 48 75 82 44 55 58 68 69 72 87 78 10
39 64 39 64
19 25 19 25
3 26 3 9 62 13 26
69 77 69 51 67 82 44 79 88 12 66 77
13 52 13 0 20 39 63 29 48 52
3 33 3 82 44 79 88 12 66 78 10 17 33
35 37 35 64 44 79 88 12 37
15 5 15 22 34 79 88 12 50 82 44 55 58 68 9 36 59 5
13 53 13 68 74 6 71 82 44 55 58 67 72 53
30 54 30 34 59 24 27 78 44 55 58 54
3 71 3 27 36 37 44 79 88 12 29 48 52 64 0 10 24 71
14 29 14 25 82 44 55 67 72 53 88 12 29
68 64 68 72 53 88 48 52 64
65 6 65 77 79 88 48 75 82 44 55 58 68 74 6
42 73 42 62 72 87 78 44 55 67 73
58 73 58 77 55 67 82 73
78 32 78 44 79 88 12 45 64 0 20 32
85 66 85 23 66
27 83 27 79 83
30 45 30 48 75 82 44 79 88 12 45
65 41 65 77 55 67 82 44 79 88 12 24 27 78 10 48 52 64 0 13 28 41
70 17 70 29 48 88 12 24 71 82 44 55 67 72 87 78 10 17
56 58 56 16 45 50 82 44 55 58
69 60 69 51 17 60
74 41 74 58 68 9 62 20 40 41
42 77 42 63 75 88 48 52 77
34 45 34 79 88 12 45
3 83 3 64 71 82 44 84 89 83
85 77 85 88 12 29 48 75 82 44 55 58 77
57 75 57 63 65 9 50 82 44 55 67 72 88 48 75
1 73 1 23 66 77 79 88 48 75 82 73
70 79 70 29 48 52 71 82 44 55 67 72 88 12 37 76 27 78 10 17 33 45 77 79
85 30 85 23 50 82 44 55 67 72 88 12 66 78 10 30
57 67 57 78 10 17 70 29 48 52 71 82 44 79 88 12 66 77 55 67
8 17 8 9 36 50 82 44 55 58 67 72 53 88 12 24 27 78 10 17
30 73 30 48 75 82 73
49 52 49 72 88 48 52
1 25 1 37 36 50 82 44 55 58 67 72 87 78 10 30 48 75 88 12 45 64 0 20 40 25
11 30 11 78 10 30
8 9 8 40 78 44 55 58 68 9
19 6 19 82 44 79 88 48 52 64 0 27 5 6
14 80 14 42 63 75 80
14 10 14 59 64 0 27 36 37 77 79 88 12 29 48 52 71 82 44 55 67 72 87 78 10
76 86 76 37 72 86
19 20 19 62 20
26 48 26 88 48
15 37 15 41 76 37
4 44 4 72 44
8 81 8 41 70 82 44 55 58 81
18 55 18 22 9 20 55
2 67 2 82 44 55 58 67
58 80 58 68 74 6 16 35 41 66 78 10 24 27 5 64 44 55 67 72 88 48 75 80
20 73 20 48 52 77 55 67 73
25 75 25 40 41 50 82 44 79 88 12 75
14 6 14 59 5 6
65 58 65 77 79 88 12 29 48 52 64 44 55 58
27 86 27 78 10 30 44 55 67 72 86
37 45 37 72 53 88 12 45
39 16 39 58 68 74 6 16
22 66 22 34 29 48 52 64 44 79 88 12 66
89 83 89 83
59 86 59 64 86
4 71 4 30 48 75 88 12 24 71
62 77 62 20 39 65 9 71 82 44 55 67 72 87 78 10 17 33 45 64 0 13 68 74 58 77
21 23 21 20 40 25 85 23
6 52 6 16 29 48 52
14 82 14 51 67 82
18 45 18 76 27 5 72 88 12 45
7 24 7 57 24
70 84 70 82 44 79 84
25 79 25 79
42 80 42 51 80
59 83 59 24 89 83
41 84 41 49 69 51 17 70 82 44 79 84
40 79 40 25 5 75 82 44 79
9 5 9 62 72 87 78 44 55 58 77 79 88 12 37 59 5
18 89 18 57 72 87 78 44 84 89
68 86 68 72 44 79 88 12 66 77 55 58 54 86
34 71 34 0 27 36 59 24 71
1 36 1 39 63 65 9 20 56 82 44 79 88 12 24 27 36
41 32 41 70 82 44 55 58 68 74 6 16 87 78 10 17 33 62 20 32
9 55 9 50 82 44 55
40 58 40 68 72 87 78 10 48 88 12 50 82 44 55 58
35 60 35 59 64 71 82 44 55 58 67 72 88 12 50 60
22 34 22 34
18 52 18 51 17 70 29 48 52
65 88 65 77 55 58 67 72 44 79 88
51 48 51 17 70 29 48
85 81 85 23 50 82 44 79 88 48 52 80 81
49 44 49 76 37 59 64 71 82 44
35 88 35 41 76 27 79 88
87 12 87 78 10 48 88 12
82 24 82 44 79 88 12 37 72 87 78 10 24
59 44 59 5 64 0 20 55 58 77 79 88 12 29 48 52 71 82 44
87 24 87 78 10 24
21 67 21 20 88 12 24 27 36 37 48 75 82 44 55 67
57 50 57 82 44 55 58 67 72 53 88 12 50
27 10 27 36 59 24 71 82 44 55 67 72 87 78 10
49 45 49 76 37 48 88 12 45
46 48 46 88 48
8 80 8 41 49 72 87 78 10 30 52 80
14 55 14 9 20 39 76 27 88 12 66 78 44 55
19 26 19 38 13 26
88 44 88 12 50 82 44
31 24 31 56 82 44 55 58 68 72 87 78 10 24
16 86 16 35 59 24 71 82 44 55 58 54 86
3 9 3 9
25 10 25 12 50 82 44 79 88 48 52 77 55 58 67 72 87 78 10
56 45 56 74 58 67 72 44 79 88 12 45
26 61 26 28 6 37 77 79 88 48 52 71 82 44 55 58 67 72 87 78 10 17 33 61
8 80 8 70 82 44 79 88 48 75 80
16 24 16 87 72 44 79 88 12 37 76 27 78 10 24
62 13 62 13
42 66 42 51 17 78 10 30 52 64 44 79 88 12 66
37 32 37 59 64 0 20 32
43 10 43 66 78 10
23 50 23 50
2 44 2 56 74 6 37 52 71 82 44
87 24 87 78 10 24
42 81 42 63 75 80 81
38 48 38 65 77 55 58 68 9 71 82 44 79 88 48
2 55 2 72 87 78 10 24 71 82 44 55
4 89 4 23 66 78 44 84 89
82 73 82 44 55 58 67 73
85 48 85 23 49 88 48
77 5 77 55 67 72 87 78 10 17 20 40 25 33 51 59 5
14 25 14 25
42 12 42 63 65 9 20 56 16 35 59 24 71 82 44 79 88 12
13 67 13 68 72 44 55 67
39 83 39 87 78 10 24 27 36 50 60 83
2 86 2 82 44 55 58 54 86
16 48 16 35 41 63 29 48
39 71 39 58 67 82 44 79 88 48 52 64 71
15 30 15 30
4 54 4 23 37 59 64 82 44 55 58 54
3 63 3 38 13 29 48 52 71 82 44 55 58 77 79 88 12 24 27 36 59 64 0 20 39 63
35 48 35 39 63 29 48
74 63 74 6 45 77 55 58 68 72 44 79 88 48 52 64 0 20 39 63
64 24 64 82 44 79 88 12 24
62 63 62 20 39 63
27 86 27 5 64 71 82 44 55 58 54 86
2 71 2 23 50 82 44 55 58 67 72 88 12 45 64 71
23 5 23 49 69 76 37 51 59 5
19 82 19 43 52 77 55 67 82
7 67 7 14 51 17 20 88 12 50 82 44 55 67
43 53 43 87 78 10 30 44 55 67 72 53
35 60 35 59 64 71 82 44 79 88 12 50 60
65 78 65 77 55 67 82 44 79 88 12 72 87 78
1 16 1 37 52 77 79 88 12 50 82 44 55 58 68 74 6 16
31 5 31 68 69 51 59 5
68 86 68 9 50 82 44 79 88 12 37 77 55 58 67 72 86
82 48 82 44 79 88 12 72 87 78 10 48
11 58 11 78 10 17 20 56 16 87 72 88 48 52 71 82 44 55 58
72 84 72 44 79 84
15 75 15 30 52 77 55 67 82 44 79 88 48 75
85 80 85 88 12 29 48 75 80
14 24 14 42 62 72 87 78 10 17 20 55 58 67 82 44 79 88 12 24
65 75 65 9 20 48 75
28 64 28 41 66 78 44 55 67 72 88 12 37 36 59 5 64
87 27 87 78 10 24 27
22 64 22 34 59 64
35 20 35 39 65 9 62 20
59 55 59 24 27 88 48 75 82 44 55
58 61 58 77 79 88 48 75 82 44 55 67 72 87 78 10 17 33 61
69 58 69 72 44 55 58
85 80 85 57 24 71 82 44 55 58 77 79 88 12 72 87 78 10 48 75 80
56 52 56 27 88 48 52
68 51 68 69 51
39 24 39 76 37 59 24
15 27 15 22 9 36 59 24 27
69 16 69 51 59 24 27 36 37 44 55 58 68 74 6 16
51 73 51 67 72 53 88 48 52 64 71 82 73
46 66 46 88 12 66
31 71 31 16 35 59 5 52 71
15 20 15 41 76 37 36 50 82 44 55 58 68 9 20
34 32 34 79 88 48 75 82 44 55 58 68 9 62 20 32
4 37 4 82 44 79 88 12 37
46 82 46 88 48 52 71 82
39 45 39 63 65 77 55 67 82 44 79 88 12 45
74 67 74 58 67
65 5 65 77 79 88 12 45 50 82 44 55 67 72 87 78 10 24 27 5
2 89 2 82 44 84 89
1 88 1 37 77 55 67 82 44 79 88
74 81 74 6 31 43 52 77 79 88 48 75 80 81
31 84 31 6 16 84
23 48 23 50 82 44 79 88 48
13 66 13 29 48 88 12 66
69 12 69 51 59 5 88 12
26 36 26 42 62 72 87 78 10 17 33 49 69 76 27 36
30 36 30 50 82 44 79 88 12 37 36
18 9 18 57 63 65 9
82 71 82 44 79 88 48 52 71
82 67 82 44 55 58 67
21 55 21 42 63 29 48 88 12 45 64 0 20 40 78 44 55
1 27 1 2 23 49 76 27
20 24 20 88 12 66 78 10 24
28 52 28 41 76 37 36 50 82 44 79 88 12 72 87 78 10 30 34 48 52
34 83 34 48 88 12 45 77 79 83
37 17 37 51 59 5 79 88 12 72 87 78 10 17
62 16 62 13 20 56 16
23 66 23 66
42 53 42 51 17 20 39 64 44 79 88 12 37 72 53
40 27 40 41 76 27
64 45 64 0 45
31 86 31 6 71 82 44 79 88 12 45 77 55 67 72 86
3 52 3 30 52
74 71 74 58 68 69 76 27 36 50 82 44 55 67 72 87 78 10 24 71
1 41 1 13 28 35 41
7 53 7 64 44 79 88 12 66 78 10 17 33 51 67 72 53
4 64 4 49 88 48 52 64
59 12 59 24 71 82 44 55 58 68 74 6 37 76 27 78 10 48 75 88 12
40 32 40 25 85 57 12 50 82 44 79 88 48 52 77 55 67 72 87 78 10 17 32
34 0 34 0
78 71 78 44 79 88 12 37 76 27 36 59 24 71
46 20 46 88 48 52 71 82 44 55 58 68 9 20
78 10 78 10
3 43 3 43
14 6 14 42 51 67 72 53 88 12 24 71 82 44 55 58 68 74 6
39 79 39 58 77 55 67 82 44 79
72 24 72 88 12 24
21 71 21 26 42 70 29 48 75 88 12 24 71
16 80 16 87 72 53 80
38 32 38 13 29 48 52 64 0 20 32
69 52 69 51 17 78 10 24 27 44 79 88 12 29 48 52
62 48 62 72 44 79 88 12 37 59 5 6 48
33 80 33 45 64 0 20 55 67 82 44 79 88 48 75 80
69 50 69 72 88 12 50
57 50 57 24 71 82 44 55 58 77 79 88 48 52 64 0 45 50
28 44 28 41 70 82 44
26 79 26 10 17 78 44 79
76 25 76 37 59 5 6 48 52 71 82 44 79 88 12 72 87 78 10 17 20 40 25
1 29 1 13 29
74 10 74 6 77 55 58 67 72 87 78 10
40 48 40 25 38 13 74 6 31 16 29 48
56 16 56 16
58 53 58 68 69 51 59 5 6 16 35 41 76 27 44 55 67 72 53
3 78 3 43 52 64 71 82 44 55 58 67 72 87 78
46 32 46 88 12 45 50 82 44 55 58 67 72 87 78 10 30 34 0 27 36 37 51 17 32
64 75 64 71 82 44 55 67 72 87 78 10 17 58 77 79 88 48 75
64 66 64 0 27 88 12 66
56 6 56 74 6
26 10 26 10
78 71 78 10 30 50 82 44 79 88 12 45 64 0 20 39 76 27 36 59 24 71
22 45 22 9 36 37 49 76 27 88 12 50 82 44 55 67 72 87 78 10 17 20 56 16 45
65 67 65 9 50 82 44 55 67
22 26 22 31 16 35 64 0 13 26
22 32 22 9 50 82 44 79 88 48 52 77 55 58 68 74 6 31 16 87 78 10 17 32
16 86 16 35 41 57 82 44 55 58 54 86
59 71 59 5 88 48 52 71
40 50 40 25 85 23 50
27 79 27 79
34 10 34 59 24 27 5 72 87 78 10
49 41 49 76 27 5 6 16 35 41
82 5 82 44 79 88 48 52 64 0 27 5
31 82 31 6 77 79 88 48 52 64 0 20 55 67 82
14 48 14 42 63 75 82 44 79 88 48
85 64 85 23 37 59 5 88 48 52 64
64 10 64 71 82 44 55 58 67 72 87 78 10
2 30 2 78 10 30
15 60 15 41 76 27 36 50 60
74 24 74 6 71 82 44 79 88 12 24
40 50 40 78 10 17 58 68 74 6 37 48 88 12 50
11 83 11 59 64 0 27 79 83
9 81 9 71 82 44 79 88 48 75 80 81
46 78 46 88 48 52 64 71 82 44 55 58 68 72 87 78
18 50 18 76 27 5 52 77 55 58 68 72 87 78 10 24 71 82 44 79 88 12 45 50
15 48 15 26 28 41 70 29 48
70 44 70 82 44
13 45 13 0 45
42 9 42 70 29 48 52 77 79 88 12 75 82 44 55 67 72 87 78 10 17 33 62 20 40 25 63 65 9
2 61 2 9 36 37 51 17 33 61
49 33 49 69 76 37 36 59 24 71 82 44 55 58 67 72 87 78 10 17 33
16 12 16 45 50 82 44 55 58 77 79 88 12
26 84 26 88 12 45 77 89 84
68 34 68 9 62 20 48 52 64 0 45 50 82 44 79 88 12 66 78 10 30 34
42 6 42 63 65 9 36 37 51 67 82 44 55 58 77 79 88 48 52 64 0 20 39 76 27 5 6
49 80 49 69 72 88 48 75 80
2 64 2 33 62 72 53 88 12 45 64
77 36 77 79 88 48 52 71 82 44 55 58 68 9 36
2 45 2 82 44 55 67 72 53 88 12 66 78 10 17 33 45
3 67 3 43 52 77 79 88 12 44 55 58 67
6 84 6 48 75 82 44 79 84
65 27 65 9 50 82 44 55 67 72 87 78 10 30 48 88 12 24 27
56 45 56 16 45
6 29 6 37 59 24 27 79 88 12 29
21 89 21 42 62 20 56 16 35 41 76 37 52 71 82 44 84 89
6 81 6 88 48 75 80 81
31 58 31 16 45 77 79 88 48 52 64 44 55 58
35 84 35 39 64 82 44 84
43 45 43 44 79 88 12 45
31 75 31 43 66 78 44 79 88 48 75
65 52 65 77 55 58 68 74 6 16 87 78 10 30 52
40 20 40 68 9 20
21 66 21 58 67 82 44 79 88 12 66
59 29 59 24 27 78 10 30 52 64 71 82 44 55 58 77 79 88 12 29
23 50 23 50
69 48 69 72 53 88 48
82 54 82 44 79 88 12 45 77 55 58 54
42 36 42 63 29 48 75 88 12 45 77 55 58 68 9 36
28 29 28 41 45 50 82 44 55 67 72 87 78 10 48 88 12 29
9 29 9 50 82 44 55 58 67 72 87 78 10 17 70 29
8 45 8 28 35 41 45
51 0 51 17 70 29 48 52 71 82 44 55 58 67 72 88 12 37 59 64 0
59 66 59 5 64 71 82 44 55 67 72 53 88 12 66
7 79 7 64 71 82 44 79
85 77 85 88 12 37 76 27 36 59 64 0 20 39 63 65 77
31 52 31 43 52
35 48 35 59 24 71 82 44 79 88 12 29 48
2 82 2 33 49 76 27 44 55 58 67 72 53 88 48 52 64 71 82
15 45 15 30 52 71 82 44 55 58 67 72 87 78 10 17 20 40 41 66 77 79 88 12 45
15 88 15 26 10 30 52 64 82 44 79 88
27 79 27 78 44 55 58 77 79
78 17 78 10 17
7 32 7 14 51 17 32
64 44 64 71 82 44
25 29 25 38 16 29
41 10 41 76 27 78 10
49 6 49 76 27 44 55 58 68 74 6
62 84 62 13 0 45 64 44 84
77 0 77 79 88 12 75 82 44 55 58 67 72 87 78 10 48 52 64 0
15 60 15 26 17 33 78 44 79 88 12 60
59 29 59 64 71 82 44 55 58 77 79 88 12 66 78 10 17 70 29
14 82 14 42 51 59 24 71 82
8 73 8 70 73
46 83 46 88 48 75 80 81 83
20 5 20 39 76 27 5
1 73 1 37 72 53 88 12 44 55 67 73
7 12 7 57 63 29 48 88 12
41 29 41 45 64 82 44 79 88 48 52 77 55 67 72 87 78 10 30 34 0 20 56 74 6 16 29
64 73 64 0 27 44 55 58 77 79 88 12 24 71 82 73
6 48 6 48
62 13 62 13
56 64 56 74 6 48 52 64
49 79 49 69 72 53 88 12 29 48 52 77 55 58 67 82 44 79
87 75 87 72 53 88 48 75
22 82 22 9 50 82
49 54 49 72 87 78 10 48 75 82 44 55 58 54
6 83 6 16 84 89 83
13 83 13 74 6 71 82 44 55 58 68 69 72 87 78 10 24 89 83
15 77 15 41 49 69 51 67 72 88 12 29 48 52 64 82 44 55 58 77
34 32 34 48 75 82 44 79 88 12 37 51 17 32
37 83 37 59 5 64 71 82 44 55 84 89 83
4 83 4 30 44 84 89 83
9 83 9 50 60 83
14 9 14 9
56 67 56 16 45 64 71 82 44 55 58 67
7 0 7 14 9 20 88 48 52 64 0
28 81 28 37 48 75 80 81
68 89 68 72 53 88 12 84 89
46 32 46 88 48 52 71 82 44 55 58 68 9 20 32
42 16 42 70 29 48 75 82 44 55 58 77 79 88 12 72 87 78 10 17 20 56 27 5 6 16
3 24 3 30 34 0 27 79 88 12 24
8 20 8 62 20
35 77 35 64 71 82 44 55 58 67 72 53 88 12 45 77
64 12 64 0 20 39 63 29 48 75 88 12
49 60 49 69 51 59 64 82 44 79 88 12 72 87 78 10 30 50 60
40 66 40 41 66
59 10 59 24 71 82 44 55 67 72 87 78 10
56 80 56 16 87 78 10 30 44 79 88 48 75 80
76 86 76 27 78 44 79 88 48 52 77 55 58 68 74 6 86
26 80 26 42 70 29 48 75 82 44 79 88 12 72 53 80
3 83 3 27 88 48 52 77 55 58 68 74 6 16 45 64 71 82 44 79 83
18 78 18 51 17 78
51 54 51 59 5 79 88 48 75 82 44 55 58 54
27 54 27 78 44 55 58 54
20 66 20 55 67 72 88 12 66
39 81 39 58 77 79 88 12 75 82 44 55 67 72 53 80 81
87 17 87 78 10 17
74 29 74 58 68 9 36 59 24 27 5 64 82 44 55 67 72 87 78 10 48 75 88 12 29
74 55 74 58 67 72 88 48 52 64 71 82 44 55
4 45 4 70 82 44 55 67 72 87 78 10 24 27 36 37 49 88 48 52 64 0 45
15 16 15 22 31 6 16
11 9 11 68 9
56 12 56 64 0 10 48 88 12
38 26 38 13 26
21 0 21 82 44 55 58 68 74 6 31 43 52 64 0
76 64 76 37 77 79 88 48 52 64
69 78 69 76 27 79 88 12 50 82 44 55 58 68 72 87 78
4 50 4 49 69 76 27 78 10 48 88 12 50
7 52 7 17 33 78 10 30 44 55 58 68 69 72 88 12 37 59 5 52
72 44 72 53 88 48 52 71 82 44
22 29 22 43 87 78 10 48 52 71 82 44 55 67 72 53 88 12 29
15 88 15 26 28 68 69 51 17 58 77 79 88
8 60 8 70 29 48 88 12 50 60
74 37 74 58 77 79 88 12 37
78 52 78 10 24 71 82 44 79 88 48 52
34 48 34 48
69 30 69 76 27 79 88 12 37 48 52 71 82 44 55 67 72 87 78 10 30
13 84 13 60 84
25 17 25 35 39 76 37 51 17
7 24 7 62 13 10 24
78 83 78 10 48 52 80 81 83
87 6 87 72 44 55 58 77 79 88 12 29 48 52 64 0 20 39 76 27 5 6
2 32 2 23 32
21 64 21 42 70 29 48 88 12 45 64
58 86 58 68 74 6 71 82 44 55 67 72 88 48 52 64 86
8 75 8 62 72 88 48 75
37 32 37 52 77 79 88 12 66 78 10 17 32
28 71 28 37 77 55 67 82 44 79 88 12 72 87 78 10 30 34 59 5 52 71
18 88 18 22 31 43 52 64 71 82 44 55 67 72 53 88
26 83 26 88 48 75 82 44 55 58 77 79 83
33 0 33 45 77 79 88 48 75 82 44 55 58 67 72 87 78 10 17 20 39 64 0
46 13 46 88 48 75 82 44 55 67 72 87 78 10 17 20 40 68 69 51 59 5 52 64 0 13
2 6 2 9 20 40 78 10 24 27 5 6
30 86 30 34 86
46 89 46 88 48 52 64 71 82 44 55 58 77 79 84 89
62 17 62 72 53 88 48 52 77 55 58 68 69 51 17
46 86 46 88 48 52 64 86
74 67 74 58 67
3 0 3 27 79 88 48 52 64 0
7 0 7 14 51 59 64 0
37 67 37 48 52 77 79 88 12 24 71 82 44 55 67
14 41 14 28 41
39 82 39 58 77 55 67 72 87 78 10 24 71 82
35 72 35 39 64 44 79 88 12 37 77 55 67 72
77 80 77 79 88 12 29 48 52 80
21 73 21 42 63 65 77 55 67 73
14 17 14 59 24 27 79 88 48 52 64 82 44 55 58 67 72 87 78 10 17
2 86 2 72 86
15 37 15 41 76 37
39 9 39 65 9
68 81 68 9 62 72 88 48 75 80 81
87 79 87 72 44 79
11 82 11 70 29 48 75 88 12 72 87 78 10 30 50 82
56 34 56 27 79 88 48 75 82 44 55 67 72 87 78 10 30 34
22 24 22 31 16 29 48 75 88 12 24
65 33 65 77 79 88 48 52 71 82 44 55 58 67 72 87 78 10 17 33
18 78 18 20 40 25 38 16 29 48 52 64 0 10 24 71 82 44 55 67 72 87 78
26 36 26 88 12 66 78 10 24 27 36
20 5 20 39 64 0 10 24 27 36 59 5
15 63 15 26 17 20 39 63
15 10 15 26 10
25 52 25 63 65 9 62 13 20 55 67 82 44 79 88 12 72 87 78 10 17 70 29 48 52
59 36 59 64 0 45 77 79 88 12 66 78 44 55 58 68 9 36
40 5 40 68 72 88 12 24 27 36 59 5
11 50 11 59 5 75 88 12 50
14 27 14 9 71 82 44 55 58 68 72 53 88 12 24 27
9 12 9 62 13 28 68 72 44 55 58 77 79 88 12
19 79 19 62 20 88 12 37 36 59 64 0 13 29 48 75 82 44 79
23 48 23 50 82 44 79 88 48
78 36 78 10 24 27 36
85 27 85 23 49 69 72 87 78 10 30 48 52 71 82 44 55 58 77 79 88 12 24 27
87 6 87 72 88 48 52 77 55 58 68 9 20 56 74 6
1 60 1 78 10 17 70 29 48 75 82 44 79 88 12 50 60
18 66 18 76 37 48 88 12 66
8 10 8 41 63 29 48 75 82 44 55 58 67 72 87 78 10
8 20 8 41 70 29 48 88 12 66 78 10 17 20
22 30 22 43 66 77 55 67 82 44 79 88 48 52 64 0 20 39 87 78 10 30
40 79 40 25 5 88 48 52 71 82 44 55 58 77 79
42 66 42 63 65 77 55 67 72 88 12 66
21 13 21 26 88 12 75 82 44 55 58 67 72 87 78 10 24 27 36 37 51 17 70 29 48 52 64 0 13
8 32 8 62 20 32
33 61 33 61
49 0 49 88 48 52 64 0
78 79 78 44 55 58 77 79
11 44 11 78 44
1 67 1 39 76 27 88 48 75 82 44 55 67
39 66 39 76 37 72 87 78 44 79 88 12 66
76 53 76 37 72 53
35 79 35 59 64 0 13 20 39 87 72 53 88 12 50 82 44 79
35 17 35 64 0 13 74 58 68 69 51 17
41 54 41 50 82 44 55 58 54
20 83 20 48 75 88 12 66 78 44 84 89 83
70 0 70 29 48 88 12 66 78 10 30 52 64 0
3 80 3 9 20 55 58 68 74 6 31 56 82 44 79 88 48 75 80
40 45 40 41 63 29 48 75 82 44 55 58 68 74 6 31 16 87 72 88 12 45
6 66 6 31 16 29 48 52 64 82 44 79 88 12 66
22 25 22 34 0 13 20 40 25
59 29 59 5 64 71 82 44 55 67 72 88 12 24 27 78 10 30 34 0 13 28 41 70 29
57 54 57 72 53 88 48 52 64 82 44 55 58 54
2 81 2 82 44 79 88 12 66 77 55 67 72 53 80 81
33 73 33 49 72 87 78 10 24 71 82 73
35 32 35 64 82 44 55 67 72 87 78 10 17 32
85 67 85 23 66 77 79 88 12 29 48 75 82 44 55 67
25 10 25 79 88 48 52 71 82 44 55 58 68 72 87 78 10
63 17 63 65 9 20 40 68 69 51 17
40 34 40 25 12 66 77 79 88 48 75 82 44 55 58 67 72 87 78 10 30 34
21 5 21 82 44 79 88 48 52 77 55 58 68 69 76 27 36 59 5
27 81 27 78 10 24 71 82 44 79 88 48 75 80 81
11 52 11 70 82 44 79 88 48 52
69 70 69 76 37 52 77 79 88 48 75 82 44 55 58 68 72 87 78 10 17 70
62 71 62 13 29 48 52 64 82 44 55 67 72 87 78 10 30 34 59 24 71
7 50 7 64 71 82 44 55 67 72 88 12 45 50
37 66 37 52 64 44 79 88 12 66
9 84 9 62 72 53 84
62 83 62 13 26 17 70 81 83
31 29 31 16 29
8 0 8 41 50 82 44 79 88 48 52 64 0
33 84 33 78 10 24 89 84
8 6 8 62 72 53 88 12 44 55 58 68 74 6
19 25 19 25
14 30 14 59 64 82 44 79 88 12 66 77 55 67 72 87 78 10 30
28 80 28 87 78 10 48 75 80
2 80 2 9 20 55 58 68 69 76 27 79 88 12 72 53 80
8 25 8 40 25
16 50 16 45 50
31 29 31 16 29
21 73 21 42 51 17 78 10 48 75 82 44 79 88 12 73
14 78 14 28 87 78
18 45 18 51 59 24 27 5 6 16 45
9 10 9 20 40 78 10
88 86 88 48 52 77 55 58 67 72 86
58 53 58 68 9 50 82 44 55 67 72 53
77 12 77 55 67 72 87 78 44 79 88 12
18 10 18 20 39 65 9 71 82 44 55 67 72 87 78 10
65 80 65 9 71 82 44 55 58 67 72 53 80
19 75 19 56 74 6 88 48 75
85 78 85 23 66 78
14 54 14 34 59 24 71 82 44 79 88 12 29 48 52 77 55 58 54
1 29 1 13 20 48 52 77 55 58 67 72 87 78 10 17 70 82 44 79 88 12 37 49 69 51 59 24 27 5 6 16 35 41 57 63 29
74 83 74 6 37 59 64 82 44 84 89 83
38 10 38 65 9 62 13 10
2 71 2 72 44 55 58 77 79 88 12 24 27 36 37 59 64 0 20 56 74 6 31 68 9 71
39 75 39 76 37 72 87 78 10 48 75
13 10 13 28 35 39 64 82 44 55 67 72 87 78 10
63 50 63 65 9 20 56 82 44 55 58 77 79 88 12 50
77 81 77 55 67 82 44 79 88 12 72 53 80 81
49 86 49 69 76 37 51 67 82 44 55 58 54 86
4 83 4 23 50 82 44 84 89 83
76 58 76 27 79 88 12 24 71 82 44 55 58
42 53 42 51 17 33 78 10 30 44 79 88 12 24 27 5 72 53
3 58 3 30 44 55 58
42 48 42 62 20 88 48
33 79 33 78 10 48 75 88 12 44 79
63 55 63 75 88 12 50 82 44 55
65 27 65 77 79 88 12 75 82 44 55 67 72 87 78 10 17 33 49 76 27
14 37 14 25 35 59 64 82 44 79 88 12 45 77 55 58 68 69 76 37
18 58 18 76 37 59 5 52 77 79 88 48 75 82 44 55 67 72 87 78 10 17 58
65 24 65 77 79 88 12 37 59 24
39 32 39 58 77 79 88 12 45 50 82 44 55 67 72 87 78 10 17 20 32
46 17 46 88 48 52 77 55 58 68 69 76 37 51 17
74 59 74 58 77 79 88 48 52 71 82 44 55 67 72 87 78 10 17 33 51 59
63 45 63 29 48 52 77 55 67 82 44 79 88 12 24 27 36 37 59 64 0 45
28 89 28 87 78 44 55 84 89
68 48 68 72 88 12 29 48
77 81 77 55 67 72 53 80 81
37 48 37 59 5 88 48
37 75 37 51 67 82 44 79 88 48 75
42 34 42 63 29 48 52 64 82 44 55 67 72 87 78 10 30 34
62 54 62 13 74 58 54
28 77 28 82 44 79 88 12 37 77
85 9 85 23 37 52 64 0 45 50 82 44 55 58 68 9
68 82 68 69 51 59 64 82
11 70 11 70
3 6 3 37 77 55 58 68 74 6
85 83 85 88 12 44 84 89 83
46 10 46 88 12 66 78 10
42 81 42 63 29 48 88 12 75 80 81
59 53 59 5 72 53
39 0 39 63 75 82 44 79 88 12 29 48 52 64 0
22 32 22 34 59 64 71 82 44 55 67 72 87 78 10 17 32
68 58 68 72 87 78 44 55 58
76 5 76 27 5
21 44 21 42 63 29 48 52 71 82 44
9 66 9 20 56 74 58 68 69 51 17 78 44 79 88 12 66
8 73 8 40 41 76 27 44 55 67 72 87 78 10 17 20 73
65 20 65 9 20
26 53 26 17 33 51 59 5 79 88 48 75 82 44 55 67 72 53
51 45 51 17 33 45
76 17 76 37 48 52 64 71 82 44 55 58 77 79 88 12 24 27 5 72 87 78 10 17
68 20 68 9 62 20
51 17 51 17
22 37 22 9 50 82 44 79 88 12 37
77 24 77 79 88 12 24
4 34 4 30 34
28 66 28 35 41 45 77 55 58 68 9 50 82 44 79 88 12 66
31 20 31 56 64 0 20
35 71 35 59 24 71
49 33 49 88 12 75 82 44 55 58 68 9 36 59 5 64 0 20 40 78 10 17 33
19 48 19 82 44 79 88 48
1 75 1 13 29 48 75
21 45 21 58 77 79 88 48 52 71 82 44 55 67 72 87 78 10 17 33 51 59 64 0 20 56 74 6 45
42 45 42 70 82 44 55 67 72 88 12 45
3 27 3 27
25 36 25 5 64 71 82 44 79 88 48 52 77 55 58 67 72 87 78 10 24 27 36
28 75 28 37 44 55 58 67 72 88 12 75
62 70 62 72 88 48 75 82 44 55 58 68 9 36 37 51 17 70
78 29 78 44 79 88 12 29
1 50 1 37 44 55 67 72 87 78 10 30 48 88 12 50
28 78 28 87 72 88 12 66 78
7 86 7 14 28 88 48 52 71 82 44 55 67 72 87 78 10 24 27 5 6 86
56 58 56 74 58
13 84 13 29 48 88 12 84
34 0 34 0
77 45 77 79 88 12 45
2 13 2 34 0 13
62 12 62 13 20 40 41 70 29 48 75 82 44 79 88 12
70 75 70 29 48 75
64 73 64 71 82 73
88 17 88 48 75 82 44 55 67 72 87 78 10 17
74 17 74 6 16 29 48 52 77 55 67 72 87 78 10 30 50 82 44 79 88 12 24 27 36 59 64 0 13 68 69 76 37 51 17
77 86 77 55 58 54 86
82 67 82 44 55 67
38 24 38 65 9 36 59 64 44 79 88 12 66 78 10 24
15 55 15 41 76 27 36 59 24 71 82 44 79 88 48 52 64 0 45 77 55
38 60 38 16 29 48 52 71 82 44 55 58 77 79 88 12 37 76 27 5 6 31 68 69 72 87 78 10 30 50 60
14 86 14 28 41 45 64 86
49 86 49 69 51 86
3 30 3 27 88 12 75 82 44 55 67 72 87 78 10 30
42 54 42 62 13 20 48 75 82 44 55 58 54
87 75 87 78 10 17 20 40 41 63 75
69 55 69 76 27 79 88 12 24 71 82 44 55
78 24 78 10 24
2 44 2 78 44
59 81 59 5 75 80 81
40 80 40 78 44 55 58 68 72 88 48 75 80
25 44 25 40 41 45 64 82 44
14 79 14 34 79
77 55 77 79 88 12 24 71 82 44 55
72 84 72 53 84
43 83 43 52 64 71 82 44 79 84 89 83
46 58 46 88 48 75 82 44 55 58
14 48 14 28 6 88 48
68 13 68 9 62 13
39 84 39 65 77 79 84
41 84 41 45 77 79 84
18 75 18 22 34 48 88 12 75
11 67 11 70 82 44 55 67
33 32 33 32
63 55 63 75 88 12 24 71 82 44 55
1 73 1 37 51 59 24 73
33 79 33 45 64 82 44 55 58 77 79
77 5 77 79 88 48 75 82 44 55 58 68 72 87 78 10 17 20 56 74 6 37 51 59 5
49 58 49 72 44 79 88 12 29 48 52 77 55 58
8 50 8 41 50
68 89 68 74 6 37 77 89
33 48 33 78 10 24 27 44 79 88 48
56 17 56 27 5 64 71 82 44 55 67 72 87 78 10 17
14 79 14 28 88 48 75 82 44 79
76 72 76 37 77 79 88 48 75 82 44 55 58 67 72
77 24 77 79 88 12 24
56 32 56 16 87 78 10 17 32
42 16 42 51 17 78 10 30 50 82 44 55 58 68 74 6 31 16
63 17 63 75 88 48 52 71 82 44 55 58 68 69 51 17
33 81 33 45 77 79 88 12 72 53 80 81
35 66 35 39 76 27 44 79 88 12 66
21 54 21 42 51 67 72 53 88 48 52 64 71 82 44 55 58 54
43 44 43 87 72 44
31 29 31 56 82 44 55 58 68 74 6 16 29
38 59 38 16 35 59
1 51 1 7 14 42 51
56 43 56 74 6 31 43
15 55 15 26 28 64 0 45 50 82 44 55
15 86 15 26 42 51 67 82 44 55 58 68 72 86
42 29 42 62 13 29
58 71 58 68 74 6 31 56 64 71
27 44 27 79 88 48 75 82 44
21 66 21 82 44 79 88 12 66
59 52 59 5 75 82 44 55 67 72 53 88 12 29 48 52
40 61 40 25 33 61
76 55 76 27 36 50 82 44 55
1 12 1 78 44 79 88 12
69 81 69 72 87 78 44 55 58 54 81
87 83 87 72 88 48 75 82 44 79 84 89 83
15 88 15 41 50 82 44 79 88
39 5 39 65 9 50 82 44 55 58 68 72 87 78 10 17 20 40 25 5
69 77 69 72 44 79 88 48 52 77
76 72 76 37 51 59 64 82 44 55 58 67 72
19 5 19 56 64 82 44 55 58 68 69 76 37 59 5
51 52 51 67 72 88 48 52
37 52 37 77 55 67 72 88 48 52
68 60 68 9 50 60
21 59 21 42 62 20 39 63 65 77 79 88 48 52 64 71 82 44 55 58 67 72 87 78 10 30 34 59
74 67 74 58 77 55 67
85 70 85 57 12 24 27 79 88 48 52 64 71 82 44 55 67 72 87 78 10 17 70
37 67 37 72 88 12 45 50 82 44 55 67
74 53 74 6 16 35 59 5 64 71 82 44 79 88 48 52 77 55 58 67 72 53
59 45 59 5 79 88 48 52 64 0 45
58 53 58 67 72 53
60 83 60 83
85 23 85 23
18 55 18 20 48 75 82 44 79 88 12 66 77 55
39 66 39 64 82 44 55 67 72 53 88 12 66
59 83 59 64 82 44 55 84 89 83
60 83 60 83
19 23 19 25 85 23
68 9 68 9
2 59 2 82 44 55 58 77 79 88 12 37 59
15 82 15 22 43 87 78 44 79 88 12 24 71 82
46 29 46 88 12 29
26 5 26 42 51 59 5
57 44 57 82 44
78 10 78 10
62 63 62 20 39 63
69 84 69 51 84
35 86 35 39 65 9 71 82 44 55 58 77 79 88 48 52 64 86
77 12 77 55 67 82 44 79 88 12
46 37 46 88 48 52 64 0 20 40 41 66 77 55 58 68 9 36 37
43 86 43 66 77 79 88 12 50 82 44 55 67 72 86
2 33 2 33
35 77 35 39 64 71 82 44 55 67 72 53 88 48 52 77
59 5 59 5
56 12 56 64 82 44 79 88 12
65 78 65 77 55 67 72 87 78
28 70 28 41 70
31 9 31 43 75 82 44 55 58 68 9
26 61 26 42 62 20 39 76 37 49 69 51 67 72 44 55 58 77 79 88 12 66 78 10 17 33 61
68 45 68 69 72 53 88 12 45
2 55 2 23 5 79 88 12 24 27 78 44 55
85 16 85 57 78 10 17 20 56 16
74 80 74 58 68 69 76 37 36 50 82 44 79 88 48 75 80
51 24 51 17 78 10 24
49 33 49 69 76 37 59 24 71 82 44 55 58 67 72 87 78 10 17 33
70 66 70 29 48 52 71 82 44 55 67 72 88 12 66
68 70 68 9 71 82 44 55 58 77 79 88 12 72 87 78 10 17 70
39 48 39 64 82 44 55 67 72 53 88 48
11 45 11 70 29 48 88 12 45
41 79 41 63 29 48 75 88 12 37 51 59 64 0 45 50 82 44 79
1 89 1 49 72 53 88 12 44 84 89
85 44 85 23 49 69 72 44
69 77 69 51 67 72 53 88 48 52 77
11 27 11 68 74 6 48 52 64 0 27
15 36 15 22 9 36
68 5 68 69 76 27 5
63 73 63 65 77 55 58 67 73
3 24 3 38 16 45 50 82 44 79 88 12 72 87 78 10 24
39 60 39 87 78 44 55 58 67 72 88 12 60
15 75 15 41 50 82 44 79 88 48 75
70 12 70 29 48 88 12
2 5 2 34 59 5
23 54 23 66 78 44 55 58 54
19 78 19 38 16 87 78
59 54 59 5 79 88 12 29 48 75 82 44 55 58 54
2 41 2 33 51 17 20 40 41
57 67 57 82 44 55 58 67
58 61 58 67 72 87 78 44 79 88 12 45 64 0 10 17 33 61
82 80 82 44 79 88 48 52 80
74 88 74 6 88
87 75 87 72 88 48 75
9 24 9 36 37 49 88 48 75 82 44 55 58 67 72 87 78 10 24
19 88 19 62 72 44 55 58 77 79 88
59 0 59 64 0
19 25 19 25
7 17 7 62 20 39 63 65 77 79 88 12 24 71 82 44 55 58 67 72 87 78 10 17
26 50 26 17 33 45 50
38 77 38 13 28 77
74 41 74 58 68 9 20 40 41
31 77 31 56 64 82 44 55 67 72 53 88 48 52 77
78 80 78 10 48 52 80
41 0 41 63 29 48 52 71 82 44 79 88 12 24 27 5 64 0
8 48 8 62 13 26 10 30 44 79 88 48
4 60 4 49 76 37 51 17 70 29 48 88 12 60
70 75 70 82 44 55 58 68 72 88 48 75
40 27 40 25 33 45 64 71 82 44 55 58 68 74 6 16 35 41 57 78 10 24 27
46 17 46 88 48 52 71 82 44 55 58 68 72 87 78 10 17
38 48 38 65 77 79 88 48
28 0 28 64 0
40 50 40 68 69 76 27 36 50
15 34 15 22 34
74 67 74 6 71 82 44 79 88 48 52 77 55 58 67
23 66 23 66
14 84 14 25 62 20 56 82 44 84
21 60 21 42 51 67 82 44 55 58 77 79 88 12 60
38 53 38 13 29 48 88 12 50 82 44 55 67 72 53
64 0 64 0
23 5 23 50 82 44 55 58 68 69 51 59 5
31 83 31 6 37 44 84 89 83
65 37 65 9 36 37
69 70 69 51 17 70
14 29 14 34 29
15 26 15 26
58 55 58 68 74 6 77 55
40 71 40 41 76 27 78 10 24 71
14 24 14 59 24
58 44 58 77 79 88 48 52 71 82 44
2 34 2 34
42 70 42 70
49 34 49 69 51 59 64 0 13 10 30 34
65 10 65 77 55 67 72 53 88 12 66 78 10
3 72 3 9 50 82 44 55 67 72
42 52 42 62 20 39 63 65 77 55 58 68 69 76 37 59 24 71 82 44 79 88 48 52
11 84 11 59 89 84
37 24 37 72 44 79 88 12 24
33 36 33 45 64 0 20 48 75 88 12 37 36
2 59 2 34 59
14 64 14 42 63 29 48 52 64
26 61 26 17 33 61
3 73 3 30 50 82 44 79 88 48 52 64 0 20 39 58 68 72 87 78 10 17 33 49 76 27 36 37 59 24 73
28 45 28 35 41 63 65 9 20 39 64 82 44 55 58 67 72 88 12 45
20 80 20 40 78 44 55 67 72 53 80
20 29 20 48 52 77 79 88 12 50 82 44 55 67 72 87 78 10 17 70 29
8 25 8 40 25
19 24 19 43 75 82 44 79 88 48 52 64 0 20 56 27 78 10 24
28 82 28 6 16 29 48 52 71 82
42 53 42 51 59 24 71 82 44 79 88 48 52 77 55 58 67 72 53
69 44 69 51 59 64 82 44
3 73 3 27 36 50 82 44 55 58 77 79 88 12 73
20 71 20 48 75 82 44 55 67 72 87 78 10 17 58 77 79 88 12 24 71
14 73 14 34 48 75 88 12 44 55 67 73
85 81 85 57 72 87 78 10 30 44 55 58 81
77 32 77 79 88 48 52 64 44 55 67 72 87 78 10 17 32
49 0 49 76 27 79 88 12 75 82 44 55 67 72 87 78 10 48 52 64 0
19 86 19 43 87 72 53 88 12 50 82 44 55 58 68 69 51 59 64 86
21 17 21 42 63 29 48 88 12 75 82 44 55 67 72 87 78 10 17
31 13 31 6 16 29 48 52 64 0 13
87 17 87 78 10 17
65 52 65 77 55 67 82 44 79 88 12 66 78 10 48 52
87 88 87 72 53 88
1 77 1 20 40 68 72 44 79 88 12 66 77
46 78 46 88 12 66 78
33 5 33 49 76 27 5
56 16 56 16
7 80 7 62 20 55 67 82 44 79 88 48 75 80
38 54 38 13 29 48 52 77 55 67 82 44 79 88 12 66 78 10 17 58 54
62 24 62 72 44 79 88 12 37 76 27 78 10 24
14 88 14 9 71 82 44 55 58 68 72 53 88
7 53 7 55 67 72 53
6 0 6 71 82 44 79 88 12 24 27 78 10 17 33 45 64 0
68 79 68 69 72 87 78 10 17 20 48 52 64 82 44 79
11 53 11 70 82 44 55 67 72 53
46 88 46 88
38 59 38 13 74 6 37 52 77 79 88 48 75 82 44 55 58 68 9 20 56 16 35 59
35 55 35 59 24 71 82 44 55
49 89 49 69 72 53 88 12 66 77 89
42 52 42 62 72 44 55 58 77 79 88 48 52
72 36 72 87 78 10 17 20 39 76 37 36
34 86 34 59 5 6 16 87 72 86
3 71 3 9 71
15 57 15 41 57
8 80 8 40 68 9 50 82 44 55 67 72 53 80
3 9 3 27 5 79 88 12 44 55 58 68 9
3 71 3 43 75 82 44 79 88 12 24 71
4 72 4 72
82 79 82 44 79
41 67 41 70 82 44 55 67
8 66 8 70 82 44 55 67 72 88 12 66
64 50 64 71 82 44 79 88 12 50
18 16 18 20 56 16
15 59 15 26 42 63 65 9 36 59
31 48 31 6 88 48
8 41 8 28 41
25 17 25 38 65 77 55 67 82 44 79 88 12 66 78 10 17
22 48 22 31 56 27 44 79 88 48
40 44 40 68 74 6 16 87 78 44
88 5 88 48 75 82 44 55 58 68 74 6 37 51 59 5
11 9 11 68 74 6 71 82 44 55 58 67 72 87 78 10 17 70 29 48 88 12 45 64 0 13 28 41 63 65 9
2 5 2 23 5
88 79 88 12 24 27 5 79
8 50 8 41 50
85 32 85 57 24 27 88 48 52 64 0 20 32
35 81 35 59 24 71 82 44 55 58 54 81
30 17 30 52 64 71 82 44 79 88 12 37 59 24 27 78 10 17
11 70 11 70
38 30 38 16 45 64 71 82 44 79 88 12 24 27 78 10 30
15 44 15 30 50 82 44
30 44 30 52 77 55 58 67 72 87 78 44
56 36 56 16 45 77 79 88 48 75 82 44 55 67 72 87 78 10 24 27 36
8 37 8 9 36 37
49 9 49 69 51 59 64 44 55 58 68 9
14 25 14 25
59 0 59 64 0
43 36 43 44 79 88 12 66 78 10 24 27 36
11 37 11 68 72 87 78 10 48 75 82 44 79 88 12 37
85 79 85 88 12 44 79
65 71 65 77 79 88 48 75 82 44 55 67 72 87 78 10 24 27 5 64 71
11 30 11 88 12 44 55 58 67 72 87 78 10 30
6 10 6 48 52 71 82 44 79 88 12 37 77 55 58 67 72 87 78 10
28 58 28 77 79 88 12 45 64 71 82 44 55 58
18 88 18 57 82 44 79 88
85 73 85 57 24 27 44 55 67 73
37 52 37 77 55 67 82 44 79 88 48 52
78 29 78 44 79 88 12 29
70 83 70 29 48 52 64 71 82 44 79 83
11 70 11 70
1 89 1 7 62 72 88 12 75 82 44 84 89
8 27 8 70 29 48 88 12 24 27
76 71 76 27 44 79 88 12 24 71
1 26 1 13 26
23 81 23 5 72 87 78 10 30 50 82 44 79 88 12 75 80 81
49 81 49 76 37 36 59 5 75 80 81
41 24 41 49 72 87 78 10 24
28 88 28 37 77 55 58 67 82 44 79 88
64 32 64 71 82 44 79 88 48 52 77 55 58 68 9 20 32
7 52 7 57 24 71 82 44 79 88 12 29 48 52
13 36 13 29 48 88 12 24 27 36
78 29 78 10 17 33 45 64 71 82 44 79 88 12 29
22 5 22 9 20 40 41 49 76 27 5
58 48 58 68 72 44 79 88 48
65 61 65 9 62 72 44 79 88 48 52 77 55 58 68 69 51 17 33 61
35 37 35 41 66 77 79 88 12 72 87 78 10 24 27 36 37
14 32 14 59 24 27 36 50 82 44 55 67 72 53 88 48 52 64 0 20 56 74 6 31 43 87 78 10 17 33 32
39 16 39 65 9 62 20 56 74 6 16
85 45 85 23 50 82 44 55 67 72 88 12 45
23 10 23 5 6 48 52 71 82 44 79 88 12 37 51 17 78 10
11 34 11 88 48 52 64 71 82 44 55 58 68 69 72 87 78 10 30 34
35 82 35 59 24 71 82
34 55 34 59 64 82 44 55
13 73 13 0 45 50 82 44 79 88 12 72 87 78 10 30 48 52 77 55 58 67 73
77 24 77 79 88 48 52 71 82 44 55 67 72 87 78 10 24
51 66 51 17 78 44 79 88 12 66
43 66 43 87 78 44 79 88 48 52 64 0 20 40 41 66
43 17 43 87 72 88 12 66 78 10 17
58 54 58 54
31 89 31 16 45 77 89
78 84 78 10 48 52 77 89 84
2 50 2 82 44 79 88 48 52 77 55 67 72 87 78 10 30 50
58 75 58 68 74 6 45 50 82 44 55 67 72 88 48 75
87 12 87 72 88 12
6 29 6 48 88 12 29
65 30 65 9 50 82 44 55 67 72 87 78 10 30
6 80 6 77 55 58 67 72 53 80
40 16 40 41 45 64 44 55 58 67 72 53 88 12 66 78 10 17 20 56 16
28 51 28 77 55 58 68 69 51
85 16 85 88 12 37 36 50 82 44 55 58 68 9 62 20 56 16
46 71 46 88 48 52 71
6 52 6 31 43 75 82 44 79 88 48 52
57 44 57 82 44
4 5 4 70 29 48 88 12 75 82 44 55 67 72 87 78 10 24 27 5
18 20 18 20
42 80 42 51 80
62 5 62 13 10 24 27 36 59 5
63 45 63 65 77 79 88 12 45
1 78 1 23 50 82 44 79 88 12 45 77 55 58 68 69 51 67 72 87 78
11 33 11 70 82 44 55 58 68 74 6 16 87 78 10 17 33
40 41 40 41
74 79 74 6 16 45 64 44 55 58 77 79
27 54 27 36 37 51 67 72 44 55 58 54
20 32 20 32
65 84 65 77 89 84
13 52 13 29 48 52
6 32 6 71 82 44 55 67 72 87 78 10 17 70 29 48 52 64 0 13 26 42 62 20 32
42 48 42 51 17 78 10 48
30 52 30 34 79 88 48 52
15 12 15 30 34 48 52 77 55 58 67 82 44 79 88 12
34 53 34 29 48 88 12 37 49 72 53
9 52 9 50 82 44 55 58 67 72 87 78 10 17 20 48 52
88 73 88 48 52 71 82 73
1 27 1 49 76 27
28 36 28 77 79 88 48 75 82 44 55 58 67 72 87 78 10 24 27 36
42 60 42 51 67 82 44 79 88 12 29 48 52 77 55 58 68 9 50 60
57 12 57 82 44 55 58 77 79 88 12
33 75 33 78 10 17 58 77 79 88 12 29 48 75
49 53 49 76 27 5 6 77 79 88 48 52 71 82 44 55 67 72 53
22 66 22 9 20 40 41 66
39 50 39 76 27 5 6 48 52 77 79 88 12 45 50
16 48 16 29 48
72 75 72 87 78 44 55 58 68 74 6 48 75
21 67 21 26 88 48 52 71 82 44 55 67
38 84 38 65 9 71 82 44 84
13 0 13 20 48 52 64 0
49 9 49 76 37 48 88 12 75 82 44 55 58 68 9
87 9 87 78 10 30 50 82 44 79 88 48 52 77 55 58 68 9
63 86 63 29 48 88 12 24 71 82 44 55 58 67 72 86
11 55 11 78 10 48 52 77 55
78 12 78 10 48 52 71 82 44 79 88 12
21 83 21 20 56 16 29 48 52 77 55 67 72 87 78 44 79 83
1 37 1 13 20 39 63 65 9 36 37
40 64 40 25 38 65 9 71 82 44 55 58 68 74 6 45 77 79 88 12 37 76 27 36 59 5 64
16 75 16 35 64 0 10 30 44 79 88 48 75
18 63 18 59 5 6 77 79 88 48 75 82 44 55 67 72 87 78 10 17 33 62 13 20 39 63
11 20 11 68 74 6 37 36 59 5 64 82 44 55 67 72 87 78 10 30 34 0 20
25 81 25 40 68 9 20 55 58 54 81
49 58 49 88 12 37 48 75 82 44 55 58
46 59 46 88 12 44 55 67 72 87 78 10 30 34 59
41 66 41 63 29 48 75 88 12 66
20 73 20 88 12 24 73
77 52 77 79 88 48 52
78 75 78 44 79 88 48 75
23 17 23 37 52 77 79 88 12 66 78 10 17
28 82 28 6 48 88 12 45 50 82
63 55 63 65 9 20 56 82 44 55
59 0 59 5 64 0
2 89 2 56 64 82 44 79 88 48 52 77 55 84 89
40 37 40 68 69 76 37
27 17 27 78 10 17
16 83 16 84 89 83
14 86 14 59 5 64 0 13 68 74 6 86
13 83 13 29 48 75 88 12 45 77 79 83
77 36 77 79 88 48 75 82 44 55 67 72 87 78 10 17 20 39 58 68 69 51 59 5 6 16 35 41 76 27 36
8 48 8 70 29 48
62 9 62 13 10 30 52 64 44 55 58 68 9
21 88 21 26 28 87 78 44 79 88
35 59 35 59
34 44 34 29 48 88 12 37 49 69 76 27 44
56 84 56 82 44 84
43 0 43 52 64 0
2 72 2 72
8 51 8 9 71 82 44 79 88 12 72 87 78 10 17 33 51
8 24 8 41 57 24
23 50 23 50
58 12 58 67 72 88 12
68 5 68 9 71 82 44 79 88 12 72 87 78 10 24 27 5
76 64 76 27 44 79 88 12 72 87 78 10 30 34 48 52 64
78 29 78 10 24 71 82 44 79 88 12 29
22 13 22 43 52 77 79 88 12 75 82 44 55 58 67 72 87 78 10 17 20 39 63 65 9 62 13
3 78 3 27 78
2 73 2 34 79 88 12 75 82 44 55 67 73
85 17 85 57 82 44 55 67 72 88 12 37 49 69 51 17
46 27 46 88 12 24 27
2 54 2 78 10 30 50 82 44 55 58 54
18 52 18 22 9 20 88 48 75 82 44 55 67 72 87 78 10 17 33 62 13 74 6 37 49 76 27 5 52
39 52 39 87 78 10 48 52
20 75 20 88 48 75
18 29 18 20 56 74 58 68 9 62 13 0 10 48 88 12 29
65 50 65 77 55 67 82 44 79 88 12 50
11 78 11 78
88 45 88 12 45
59 67 59 64 0 10 48 52 77 55 58 67
69 78 69 51 17 33 78
11 6 11 68 69 51 59 64 0 13 74 6
40 32 40 78 10 17 32
74 50 74 6 31 16 29 48 88 12 50
9 24 9 20 48 88 12 24
68 0 68 74 6 71 82 44 55 67 72 53 88 48 52 64 0
11 80 11 70 82 44 55 58 67 72 87 78 10 17 33 51 80
31 83 31 56 27 78 44 79 83
6 66 6 16 29 48 52 64 82 44 79 88 12 66
77 45 77 79 88 12 45
22 71 22 34 59 24 71
49 60 49 76 27 78 10 48 75 82 44 79 88 12 45 50 60
6 12 6 31 68 72 44 79 88 12
23 71 23 49 72 44 55 58 68 9 71
59 12 59 24 27 88 12
21 51 21 42 51
68 36 68 69 76 37 48 52 77 55 67 82 44 79 88 12 24 27 36
34 55 34 48 88 12 75 82 44 55
18 66 18 22 43 52 64 71 82 44 55 58 67 72 53 88 12 66
7 73 7 14 25 5 52 64 44 55 67 72 88 12 24 71 82 73
64 32 64 71 82 44 55 58 68 69 72 87 78 10 17 32
70 53 70 29 48 52 71 82 44 79 88 12 45 77 55 58 67 72 53
1 78 1 20 48 88 12 66 78
46 89 46 88 12 37 36 59 24 71 82 44 84 89
4 50 4 82 44 79 88 12 50
77 17 77 55 67 82 44 79 88 12 66 78 10 17
8 41 8 41
20 79 20 48 88 12 24 27 78 10 30 50 82 44 55 58 77 79
15 75 15 30 34 59 24 71 82 44 79 88 48 75
88 36 88 48 75 82 44 55 67 72 87 78 10 17 58 68 9 36
31 58 31 6 37 76 27 44 55 58
20 5 20 40 25 35 64 0 45 50 82 44 79 88 12 72 87 78 10 24 27 5
9 24 9 36 59 24
40 75 40 68 9 62 20 88 48 75
35 20 35 59 5 6 16 87 72 88 12 29 48 75 82 44 55 58 68 9 20
28 12 28 68 72 44 79 88 12
26 75 26 42 70 29 48 75
74 6 74 6
6 86 6 16 35 64 44 79 88 48 52 77 55 58 54 86
85 77 85 23 49 76 37 44 55 58 68 9 62 13 26 10 30 52 77
34 83 34 48 88 12 44 55 58 77 89 83
65 41 65 9 71 82 44 55 58 67 72 87 78 10 48 75 88 12 45 64 0 20 40 41
46 82 46 88 48 75 82
14 25 14 25
25 53 25 62 13 74 6 48 75 82 44 79 88 12 66 78 10 17 20 40 41 76 37 49 72 53
2 16 2 56 16
65 72 65 9 71 82 44 55 67 72
20 44 20 88 12 72 87 78 10 24 27 5 64 44
41 75 41 57 24 27 5 88 48 75
40 37 40 68 69 76 37
19 5 19 62 13 28 37 44 79 88 12 72 87 78 10 17 20 40 25 5
41 36 41 76 37 36
78 17 78 10 17
87 80 87 78 44 79 88 12 37 59 5 75 80
85 0 85 88 12 45 64 0
6 29 6 37 36 50 82 44 55 67 72 88 12 29
88 84 88 48 75 82 44 55 58 68 72 87 78 10 17 33 45 50 60 84
74 44 74 6 16 87 72 53 88 48 75 82 44
38 89 38 13 10 30 34 79 88 48 52 71 82 44 55 84 89
16 45 16 45
40 83 40 68 74 58 81 83
8 30 8 40 25 12 45 64 0 10 30
64 45 64 0 45
14 0 14 42 70 29 48 75 82 44 55 58 67 72 53 88 12 66 78 10 17 20 39 63 65 9 36 59 64 0
11 77 11 88 48 75 82 44 55 58 77
21 9 21 42 63 65 9
22 59 22 34 59
2 33 2 9 62 72 87 78 10 17 33
70 54 70 29 48 88 12 37 77 55 58 54
41 29 41 63 29
4 53 4 74 58 77 79 88 48 52 64 44 55 67 72 53
62 27 62 72 88 12 37 76 27
88 50 88 12 45 50
15 66 15 41 66
39 9 39 65 9
78 36 78 44 55 58 67 72 53 88 12 24 27 36
76 9 76 37 49 69 51 59 5 6 16 87 72 44 79 88 12 66 77 55 58 68 9
68 89 68 74 6 31 56 64 71 82 44 84 89
8 84 8 62 20 40 41 50 60 84
14 41 14 28 41
20 79 20 88 48 52 64 44 79
43 54 43 75 82 44 55 58 54
3 79 3 9 36 59 64 82 44 79
42 59 42 51 67 82 44 55 58 77 79 88 48 52 64 0 27 5 6 31 43 66 78 10 30 34 59
56 79 56 74 6 16 35 59 24 71 82 44 79
74 78 74 6 31 16 87 78
51 81 51 67 82 44 55 58 54 81
76 12 76 37 52 77 55 67 82 44 79 88 12
1 13 1 49 76 37 44 79 88 48 52 64 0 13
13 55 13 20 55
30 54 30 50 82 44 79 88 12 66 78 10 24 27 5 52 77 55 58 54
21 10 21 26 42 70 29 48 88 12 44 55 67 72 87 78 10
4 6 4 58 68 74 6
2 78 2 82 44 79 88 12 66 78
35 54 35 41 70 29 48 52 71 82 44 55 58 54
25 12 25 35 41 57 12
19 71 19 25 12 24 71
43 53 43 44 79 88 12 72 53
19 34 19 38 65 77 55 67 82 44 79 88 12 66 78 10 30 34
2 16 2 56 16
14 72 14 42 62 72
62 5 62 20 48 88 12 50 82 44 55 67 72 87 78 10 24 27 5
28 64 28 64
35 70 35 64 71 82 44 55 67 72 87 78 10 17 70
11 52 11 78 44 55 58 68 74 6 37 52
21 53 21 26 28 77 79 88 48 52 71 82 44 55 67 72 53
18 89 18 51 84 89
40 48 40 25 33 78 44 79 88 12 29 48
3 12 3 37 77 55 67 72 44 79 88 12
1 5 1 23 5
77 12 77 55 58 68 72 87 78 10 48 52 71 82 44 79 88 12
15 5 15 41 66 78 10 24 71 82 44 55 58 68 9 36 59 5
7 44 7 57 72 87 78 10 24 27 79 88 12 50 82 44
15 58 15 41 45 64 44 55 58
89 84 89 84
28 55 28 37 52 77 55
31 79 31 16 29 48 75 82 44 79
31 10 31 56 27 5 88 12 66 77 55 67 72 87 78 10
62 48 62 13 26 17 58 77 55 67 72 88 48
74 0 74 58 77 55 67 82 44 79 88 12 66 78 10 30 48 52 64 0
46 78 46 88 12 75 82 44 55 67 72 87 78
31 81 31 16 35 59 64 44 79 88 48 52 77 55 58 54 81
87 12 87 78 10 48 52 71 82 44 55 67 72 53 88 12
34 32 34 0 20 32
37 29 37 48 75 82 44 55 58 77 79 88 12 29
30 79 30 44 79
40 64 40 41 50 82 44 79 88 12 45 64
76 79 76 37 77 55 58 68 9 71 82 44 79
87 84 87 78 44 84
77 66 77 79 88 12 66
1 73 1 23 37 51 17 58 67 72 87 78 10 24 27 36 50 82 73
82 45 82 44 55 67 72 87 78 10 30 52 64 0 20 88 12 45
65 82 65 77 55 58 67 72 44 79 88 48 52 64 82
85 13 85 57 63 65 9 62 13
20 55 20 40 78 10 24 71 82 44 55
51 44 51 17 33 49 72 44
51 5 51 59 5
30 17 30 48 75 82 44 55 67 72 88 12 66 78 10 17
8 24 8 40 41 76 27 78 10 24
21 55 21 20 40 25 85 88 12 29 48 75 82 44 55
70 24 70 82 44 79 88 12 66 78 10 24
11 78 11 78
33 29 33 62 13 20 56 74 58 77 55 67 72 53 88 12 29
8 70 8 70
28 20 28 82 44 55 67 72 88 48 52 64 0 20
63 73 63 65 77 55 58 68 72 87 78 44 79 88 48 75 82 73
69 45 69 76 27 44 79 88 12 45
65 54 65 9 71 82 44 79 88 12 37 52 64 0 27 36 59 5 6 45 77 55 58 54
28 83 28 64 82 44 79 83
74 89 74 58 68 69 72 53 84 89
39 16 39 87 78 44 55 58 68 74 6 31 16
14 34 14 34
68 71 68 9 71
49 27 49 76 27
23 29 23 49 76 27 78 10 30 34 29
3 64 3 64
13 10 13 10
37 80 37 76 27 78 10 17 70 29 48 75 80
49 51 49 76 37 51
11 13 11 68 9 71 82 44 55 58 77 79 88 48 52 64 0 13
42 5 42 63 65 9 36 59 5
87 59 87 78 10 30 34 59
62 12 62 72 53 88 12
42 52 42 63 75 88 48 52
18 70 18 51 17 70
38 73 38 13 10 24 73
68 20 68 9 20
63 75 63 75
49 55 49 72 87 78 10 30 44 55
21 29 21 26 42 70 29
3 20 3 64 0 20
56 13 56 64 0 13
42 5 42 70 82 44 79 88 12 37 72 87 78 10 30 34 48 52 77 55 58 68 9 36 59 5
69 12 69 51 59 64 44 55 67 72 87 78 10 17 70 29 48 52 77 79 88 12
41 29 41 63 29
38 24 38 16 87 72 44 79 88 12 66 78 10 24
74 84 74 58 68 69 51 84
11 66 11 70 29 48 88 12 66
35 9 35 41 50 82 44 79 88 12 45 64 0 20 56 74 58 68 9
26 36 26 10 24 27 36
25 55 25 79 88 12 37 51 59 5 6 31 56 64 71 82 44 55
49 78 49 72 87 78
14 66 14 9 62 72 88 12 66
65 60 65 9 20 56 16 35 39 58 77 79 88 48 75 82 44 55 67 72 87 78 10 17 60
27 24 27 36 59 5 52 71 82 44 55 67 72 87 78 10 17 70 29 48 75 88 12 24
35 50 35 59 24 71 82 44 55 58 77 79 88 48 52 64 0 45 50
35 34 35 41 76 37 52 71 82 44 55 58 77 79 88 12 66 78 10 30 34
31 20 31 68 69 76 37 59 5 52 71 82 44 55 58 67 72 88 12 45 64 0 20
28 80 28 6 71 82 44 79 88 48 75 80
72 84 72 53 84
77 86 77 79 88 48 52 71 82 44 55 58 67 72 86
70 86 70 29 48 75 82 44 55 67 72 86
13 44 13 28 35 64 82 44
2 51 2 33 62 72 44 55 58 68 69 51
8 45 8 41 45
76 25 76 27 44 79 88 12 45 64 0 20 40 25
11 78 11 78
69 45 69 51 17 58 68 9 36 50 82 44 79 88 48 52 77 55 67 72 87 78 10 30 34 0 45
1 77 1 20 39 63 65 9 50 82 44 79 88 48 52 77
70 86 70 82 44 55 58 67 72 86
39 71 39 64 71
76 27 76 27
14 33 14 25 33
77 17 77 79 88 48 75 82 44 55 58 68 69 51 17
46 55 46 88 48 52 64 71 82 44 55
1 53 1 2 34 59 24 71 82 44 79 88 12 72 53
25 5 25 5
25 50 25 38 13 28 64 71 82 44 55 58 68 9 50
76 70 76 37 49 69 51 17 70
85 51 85 23 66 77 79 88 12 37 51
38 66 38 13 26 28 68 9 71 82 44 79 88 12 66
31 37 31 56 74 6 16 45 77 55 58 67 82 44 79 88 12 37
3 86 3 38 65 9 62 20 40 78 44 79 88 12 66 77 55 58 54 86
33 32 33 32
9 36 9 36
68 83 68 69 51 59 64 44 55 67 72 53 84 89 83
20 79 20 48 75 82 44 79
85 23 85 23
78 0 78 10 30 34 0
16 29 16 29
8 84 8 28 6 88 48 75 82 44 79 84
4 27 4 30 52 77 55 58 68 72 87 78 10 24 27
3 50 3 9 62 13 0 45 50
85 32 85 23 32
21 44 21 58 68 72 44
31 48 31 56 27 88 12 66 78 10 17 20 48
70 24 70 29 48 88 12 24
51 53 51 59 5 88 48 75 82 44 55 58 68 72 53
59 80 59 5 88 12 45 64 0 27 36 37 52 80
21 25 21 82 44 55 67 72 87 78 10 17 20 40 25
38 70 38 65 9 36 50 82 44 55 67 72 87 78 10 17 70
18 89 18 51 84 89
21 67 21 42 62 72 44 55 67
46 30 46 88 48 75 82 44 55 67 72 87 78 10 30
6 10 6 31 68 72 87 78 10
16 36 16 35 64 0 27 36
7 54 7 14 59 5 52 77 79 88 12 44 55 58 54
46 30 46 88 12 66 78 10 30
69 79 69 76 37 72 44 79
37 52 37 77 79 88 48 52
69 32 69 51 17 20 32
39 81 39 63 65 77 79 88 12 24 71 82 44 55 67 72 87 78 10 48 52 80 81
43 71 43 66 77 55 67 82 44 79 88 12 45 64 0 27 5 52 71
14 60 14 59 24 71 82 44 55 67 72 88 12 60
13 45 13 29 48 75 88 12 45
74 80 74 58 68 69 51 80
46 29 46 88 12 29
70 81 70 81
4 34 4 30 34
87 52 87 72 53 88 48 52
3 48 3 30 50 82 44 55 58 68 72 87 78 10 17 20 88 48
59 0 59 64 0
20 81 20 48 52 71 82 44 55 67 72 87 78 10 17 58 54 81
42 12 42 62 72 53 88 12
57 84 57 78 10 30 48 52 64 0 27 88 12 60 84
4 80 4 23 49 69 51 67 72 87 78 44 79 88 48 75 80
63 48 63 29 48
14 67 14 51 67
4 82 4 72 87 78 44 55 58 68 9 62 20 56 74 6 45 77 79 88 48 52 71 82
74 9 74 58 68 9
35 53 35 39 87 72 53
77 54 77 55 58 54
88 45 88 12 45
37 24 37 36 50 82 44 55 58 67 72 87 78 10 30 48 88 12 24
1 45 1 23 66 78 44 79 88 12 45
33 10 33 45 77 55 58 68 72 87 78 10
38 26 38 13 26
70 67 70 82 44 55 67
23 80 23 5 88 12 29 48 75 80
63 5 63 29 48 88 12 37 36 59 5
2 23 2 23
14 73 14 28 64 71 82 73
74 60 74 58 77 55 67 82 44 79 88 48 52 64 0 13 28 41 66 78 10 17 60
2 13 2 56 82 44 79 88 48 52 77 55 58 68 74 6 45 64 0 13
63 86 63 65 9 50 82 44 55 58 77 79 88 12 45 64 86
26 66 26 42 51 59 24 71 82 44 55 67 72 53 88 12 66
21 75 21 58 68 72 87 78 10 24 27 5 52 77 55 67 82 44 79 88 48 75
42 30 42 62 72 87 78 10 30
25 5 25 82 44 79 88 12 66 77 55 58 67 72 87 78 10 24 27 5
3 24 3 43 87 78 10 24
25 48 25 5 52 77 55 58 68 9 20 40 41 66 78 10 17 70 29 48
77 36 77 55 58 68 9 71 82 44 79 88 12 72 87 78 10 24 27 36
33 17 33 51 17
63 67 63 75 82 44 55 67
59 80 59 5 75 82 44 79 88 48 52 80
56 63 56 64 82 44 79 88 12 24 27 78 10 17 20 40 25 85 57 63
25 12 25 38 65 77 79 88 12
39 44 39 63 75 82 44
85 70 85 23 49 76 27 5 6 77 55 58 68 69 51 17 70
31 55 31 68 9 50 82 44 55
1 70 1 2 72 87 78 10 17 70
4 64 4 70 82 44 79 88 12 29 48 52 64
26 44 26 28 82 44
87 73 87 78 44 79 88 12 73
19 0 19 38 65 77 55 67 72 88 48 52 64 0
7 29 7 64 82 44 55 58 68 9 62 13 29
65 33 65 77 79 88 12 50 82 44 55 67 72 87 78 10 30 34 29 48 52 64 0 13 74 58 68 69 76 27 36 37 51 17 33
7 71 7 43 52 71
85 89 85 57 82 44 55 67 72 53 84 89
42 79 42 70 29 48 75 82 44 79
37 10 37 59 64 0 10
46 6 46 88 12 45 77 55 58 68 74 6
40 34 40 68 74 58 67 72 87 78 10 30 34
59 73 59 5 88 12 24 73
15 82 15 30 34 79 88 48 52 64 44 55 67 82
23 0 23 50 82 44 79 88 48 52 64 0
42 12 42 70 82 44 55 67 72 87 78 10 30 34 79 88 12
25 12 25 85 57 82 44 55 67 72 53 88 12
46 55 46 88 48 75 82 44 55
35 70 35 41 50 82 44 55 58 68 69 76 27 78 10 17 70
78 79 78 10 48 88 12 50 82 44 79
42 45 42 62 13 29 48 75 88 12 45
3 9 3 9
26 80 26 10 48 52 80
18 63 18 22 34 29 48 75 82 44 79 88 12 45 64 0 13 20 40 41 63
65 73 65 77 79 88 12 50 82 73
28 48 28 6 16 29 48
64 73 64 71 82 73
27 86 27 79 88 48 52 64 86
37 48 37 48
3 81 3 38 65 77 55 67 82 44 79 88 12 75 80 81
76 88 76 27 44 79 88
19 70 19 43 75 82 44 55 67 72 87 78 10 17 70
4 86 4 72 86
56 80 56 64 0 20 48 75 80
43 83 43 44 84 89 83
49 48 49 88 48
43 52 43 75 88 48 52
87 53 87 72 53
7 73 7 55 67 72 53 88 48 75 82 73
15 78 15 41 45 77 55 67 72 87 78
21 0 21 42 51 17 70 29 48 52 64 0
64 71 64 0 13 68 69 51 59 24 71
35 82 35 64 0 20 88 48 52 77 55 67 82
77 29 77 79 88 48 75 82 44 55 67 72 87 78 10 30 34 29
6 84 6 37 36 59 64 82 44 79 84
28 88 28 6 37 36 50 82 44 55 58 77 79 88
18 37 18 20 55 58 68 69 76 27 79 88 12 37
46 66 46 88 12 66
2 20 2 56 16 29 48 52 71 82 44 55 67 72 87 78 10 17 20
64 66 64 82 44 55 58 67 72 53 88 12 66
74 12 74 6 71 82 44 79 88 12
68 34 68 9 71 82 44 55 58 77 79 88 12 24 27 78 10 30 34
18 36 18 76 27 36
49 48 49 88 12 29 48
64 84 64 0 45 77 55 84
19 53 19 38 65 77 79 88 48 52 71 82 44 55 67 72 53
23 79 23 5 6 45 77 79
15 10 15 26 10
38 60 38 13 20 39 65 9 62 72 44 79 88 12 60
3 84 3 89 84
30 0 30 50 82 44 79 88 12 37 36 59 5 64 0
31 5 31 43 66 77 79 88 12 37 49 76 27 5
49 20 49 88 12 72 44 55 58 68 9 62 20
88 80 88 48 75 80
65 33 65 9 50 82 44 79 88 12 66 78 10 17 33
37 29 37 77 79 88 48 52 71 82 44 55 58 67 72 87 78 10 17 70 29
31 36 31 6 45 50 82 44 55 67 72 87 78 10 24 27 36
21 79 21 26 88 48 52 77 55 58 67 72 87 78 44 79
28 77 28 6 16 45 77
69 48 69 51 67 82 44 79 88 12 29 48
78 29 78 10 48 75 82 44 55 58 68 9 62 13 26 17 70 29
4 79 4 74 58 67 72 87 78 10 24 71 82 44 79
77 73 77 79 88 48 52 71 82 73
4 88 4 70 82 44 55 58 77 79 88
2 71 2 9 71
22 13 22 31 68 9 62 13
69 27 69 72 87 78 10 30 34 59 24 27
85 67 85 88 12 75 82 44 55 67
62 78 62 20 39 58 77 79 88 48 75 82 44 55 67 72 87 78
19 67 19 43 44 55 67
35 86 35 39 76 27 78 10 24 71 82 44 55 58 54 86
27 48 27 5 6 88 48
35 80 35 39 76 37 59 64 71 82 44 79 88 48 75 80
39 27 39 64 0 27
14 71 14 25 63 65 9 71
51 17 51 17
77 0 77 55 58 68 74 6 71 82 44 79 88 48 52 64 0
13 17 13 26 88 12 29 48 52 64 82 44 55 58 67 72 87 78 10 17
56 64 56 82 44 79 88 12 45 64
57 66 57 82 44 79 88 12 66
87 64 87 78 10 24 71 82 44 55 58 68 74 6 45 64
51 54 51 67 82 44 55 58 54
59 67 59 64 71 82 44 79 88 48 52 77 55 67
39 67 39 64 0 20 56 74 58 77 55 67
26 66 26 10 24 71 82 44 79 88 12 66
31 6 31 6
56 71 56 16 35 64 0 10 30 52 71
2 66 2 9 62 72 53 88 12 66
85 16 85 57 82 44 55 58 77 79 88 12 66 78 10 24 27 5 6 16
87 6 87 72 53 88 12 50 82 44 55 58 68 74 6
82 83 82 44 79 83
3 78 3 82 44 55 58 68 9 62 72 87 78
46 80 46 88 48 75 80
37 79 37 36 59 24 27 44 79
39 63 39 63
35 29 35 39 64 82 44 79 88 48 52 77 55 58 67 72 87 78 10 30 34 29
85 86 85 57 82 44 55 58 77 79 88 48 52 64 0 13 68 72 86
40 34 40 25 82 44 55 58 77 79 88 12 29 48 52 64 0 20 39 76 37 36 59 24 27 78 10 30 34
4 27 4 82 44 79 88 12 37 49 69 76 27
18 45 18 51 67 82 44 55 58 77 79 88 48 52 64 0 45
4 24 4 82 44 55 67 72 53 88 12 37 36 59 24
77 32 77 79 88 12 29 48 75 82 44 55 58 68 9 62 20 32
11 64 11 70 29 48 52 64
62 30 62 72 87 78 44 79 88 48 52 64 0 10 30
69 33 69 72 87 78 10 17 33
68 83 68 72 87 78 44 79 84 89 83
85 63 85 57 63
22 53 22 43 75 88 48 52 77 55 58 67 72 53
56 52 56 27 79 88 48 52
76 84 76 27 44 84
28 29 28 37 51 59 24 27 5 75 82 44 79 88 12 29
87 77 87 78 44 79 88 12 66 77
70 17 70 29 48 88 12 37 51 17
16 29 16 29
65 9 65 9
11 71 11 59 64 71
31 17 31 6 71 82 44 55 67 72 87 78 10 17
74 79 74 58 68 69 72 88 12 29 48 52 77 79
14 63 14 25 85 57 63
28 13 28 87 78 44 79 88 12 24 27 36 59 64 0 13
20 50 20 55 58 77 79 88 12 29 48 52 64 0 45 50
42 55 42 62 72 87 78 10 48 75 88 12 24 27 44 55
14 16 14 59 64 0 20 56 16
85 81 85 88 12 75 82 44 55 67 72 53 80 81
72 45 72 87 78 10 24 27 44 79 88 12 45
22 0 22 34 0
25 55 25 85 88 12 45 50 82 44 55
76 73 76 37 44 55 67 82 73
56 24 56 27 44 79 88 48 52 77 55 67 72 87 78 10 24
76 0 76 27 44 79 88 12 45 64 0
38 25 38 65 9 20 40 25
74 73 74 58 77 55 67 72 44 79 88 48 75 82 73
74 29 74 58 77 79 88 12 29
63 44 63 29 48 75 88 12 44
33 5 33 49 72 87 78 44 55 58 68 9 62 13 10 24 27 5
34 84 34 59 5 52 64 0 20 48 75 82 44 79 88 12 45 50 60 84
2 58 2 33 49 76 27 36 50 82 44 79 88 12 29 48 52 77 55 58
40 25 40 25
63 17 63 65 77 79 88 48 52 64 44 55 67 72 87 78 10 17
3 63 3 64 0 20 39 63
58 50 58 77 55 67 72 87 78 10 24 71 82 44 79 88 12 29 48 52 64 0 45 50
62 67 62 20 39 64 0 45 77 79 88 48 52 71 82 44 55 58 67
41 45 41 45
70 73 70 73
51 50 51 59 24 27 78 10 17 70 29 48 75 82 44 55 67 72 53 88 12 50
59 67 59 24 27 5 52 77 79 88 12 66 78 10 30 50 82 44 55 58 67
41 29 41 70 29
11 33 11 59 64 82 44 79 88 12 37 51 17 33
69 54 69 72 88 48 75 82 44 55 58 54
82 79 82 44 55 58 77 79
87 60 87 78 10 17 60
77 0 77 55 58 67 82 44 79 88 12 45 64 0
28 70 28 87 78 10 17 70
63 55 63 29 48 75 82 44 79 88 12 66 77 55
28 77 28 77
28 66 28 41 66
74 54 74 6 45 77 55 58 54
31 44 31 43 75 82 44
16 36 16 29 48 88 12 37 36
74 5 74 58 68 9 36 50 82 44 79 88 48 52 77 55 67 72 87 78 10 17 20 40 41 49 76 37 59 5
15 34 15 22 34
8 84 8 70 29 48 75 82 44 79 88 12 72 87 78 10 30 34 59 89 84
9 0 9 62 13 20 39 65 77 79 88 12 44 55 58 68 69 72 87 78 10 48 52 64 0
28 13 28 35 59 24 71 82 44 55 67 72 88 12 45 64 0 13
46 53 46 88 48 52 71 82 44 55 67 72 53
8 30 8 40 78 10 30
72 45 72 53 88 12 37 51 17 33 45
38 17 38 16 45 77 79 88 48 52 64 82 44 55 58 67 72 87 78 10 17
33 75 33 51 17 70 29 48 75
76 71 76 27 44 79 88 12 37 77 55 67 72 87 78 10 17 20 39 65 9 71
68 58 68 9 36 59 5 72 53 88 12 44 55 58
15 81 15 30 52 80 81
69 83 69 72 87 78 44 55 58 68 9 62 13 26 28 88 48 52 77 79 84 89 83
49 59 49 88 48 52 71 82 44 55 58 68 9 36 59
87 88 87 72 88
15 20 15 41 49 88 12 45 64 0 20
11 71 11 59 5 88 48 52 64 0 27 78 10 24 71
58 66 58 77 55 67 82 44 79 88 12 66
37 83 37 72 88 48 52 64 44 79 84 89 83
19 20 19 62 13 20
19 13 19 38 13
42 6 42 51 59 5 6
68 0 68 9 50 82 44 55 58 77 79 88 12 37 36 59 64 0
6 66 6 77 55 67 82 44 79 88 12 66
2 83 2 82 44 55 67 72 53 80 81 83
37 12 37 49 69 51 17 20 48 75 88 12
25 12 25 63 29 48 75 82 44 79 88 12
65 54 65 9 71 82 44 55 58 54
88 12 88 12
3 37 3 37
22 53 22 31 43 87 78 10 24 27 79 88 48 52 71 82 44 55 58 67 72 53
70 10 70 29 48 75 88 12 24 27 44 55 67 72 87 78 10
8 66 8 28 64 44 55 58 68 72 53 88 12 66
40 83 40 68 72 53 80 81 83
3 45 3 27 88 12 45
76 29 76 37 59 64 44 55 67 72 53 88 12 66 78 10 17 70 29
69 17 69 76 27 79 88 12 45 50 82 44 55 67 72 87 78 10 17
46 73 46 88 12 73
19 52 19 72 53 88 48 52
28 66 28 6 16 35 39 87 78 44 55 58 68 72 53 88 12 66
19 17 19 82 44 55 67 72 87 78 10 17
46 50 46 88 12 50
14 34 14 25 79 88 48 75 82 44 55 58 67 72 87 78 10 30 34
63 73 63 29 48 52 64 44 79 88 12 72 87 78 10 24 71 82 73
87 78 87 78
70 0 70 29 48 52 64 0
37 29 37 59 64 71 82 44 55 58 77 79 88 12 29
74 64 74 58 68 9 62 13 28 64
37 71 37 77 79 88 48 75 82 44 55 67 72 87 78 10 24 71
68 12 68 74 58 67 72 44 79 88 12
11 79 11 78 44 79
13 44 13 20 55 58 77 79 88 12 24 27 5 64 44
16 83 16 45 50 82 44 79 84 89 83
18 44 18 51 59 5 75 88 48 52 64 0 10 24 71 82 44
56 77 56 16 45 77
39 27 39 64 82 44 79 88 12 24 27
42 71 42 63 75 88 48 52 71
2 82 2 78 44 79 88 48 52 71 82
42 45 42 70 29 48 75 88 12 45
69 44 69 72 44
76 34 76 37 72 87 78 10 30 34
35 73 35 64 0 13 28 87 78 44 55 67 73
19 13 19 38 13
68 13 68 69 72 44 79 88 12 45 64 0 13
4 34 4 72 53 88 12 66 78 10 30 34
15 63 15 41 63
35 6 35 39 64 44 79 88 12 66 78 10 30 34 59 5 6
14 55 14 59 5 88 48 75 82 44 55
35 50 35 41 57 12 24 27 79 88 48 75 82 44 55 67 72 87 78 10 30 34 0 45 50
82 10 82 44 55 67 72 87 78 10
76 82 76 27 78 44 79 88 12 37 77 55 58 67 82
40 13 40 25 62 13
78 55 78 44 55
35 54 35 41 70 29 48 88 12 44 55 58 54
76 81 76 37 52 64 82 44 79 88 12 29 48 75 80 81
43 44 43 52 71 82 44
72 17 72 87 78 10 17
3 86 3 9 62 20 40 25 79 88 48 52 64 82 44 55 67 72 86
42 51 42 51
20 80 20 56 82 44 79 88 12 75 80
46 17 46 88 12 37 44 55 58 68 72 87 78 10 17
62 26 62 13 26
28 73 28 35 59 64 44 79 88 48 52 77 55 67 73
14 52 14 42 70 29 48 88 12 24 71 82 44 55 58 67 72 87 78 10 30 52
35 72 35 64 71 82 44 55 67 72
87 77 87 78 10 30 50 82 44 79 88 48 52 64 0 27 36 37 77
57 81 57 82 44 55 58 77 79 88 48 52 80 81
19 52 19 62 13 10 48 52
26 50 26 28 41 50
4 70 4 70
49 48 49 76 37 77 79 88 12 45 50 82 44 55 58 68 9 36 59 24 27 78 10 17 20 48
56 16 56 16
62 0 62 13 0
58 66 58 77 55 67 72 44 79 88 12 66
18 78 18 22 43 66 78
88 80 88 12 75 80
2 17 2 33 49 69 51 17
64 12 64 0 10 30 48 52 77 55 67 82 44 79 88 12
18 6 18 59 5 6
41 86 41 63 75 82 44 55 67 72 86
62 64 62 72 53 88 48 52 64
3 27 3 37 49 76 27
65 71 65 77 55 58 67 72 87 78 10 17 70 29 48 52 64 71
34 53 34 79 88 48 75 82 44 55 67 72 53
8 36 8 62 20 88 12 37 36
38 55 38 16 45 77 79 88 48 52 64 71 82 44 55
68 77 68 74 58 77
64 29 64 0 45 50 82 44 55 67 72 87 78 10 48 88 12 29
77 10 77 79 88 48 52 64 0 27 78 10
15 36 15 26 28 35 64 82 44 55 67 72 88 12 37 36
27 55 27 44 55
4 13 4 49 72 87 78 10 48 52 64 0 13
8 17 8 40 78 10 17
42 5 42 62 72 88 12 45 64 0 13 20 39 63 29 48 52 77 55 58 68 9 36 37 51 59 5
74 30 74 58 77 79 88 48 75 82 44 55 67 72 87 78 10 30
8 48 8 40 68 9 71 82 44 79 88 48
76 73 76 37 77 55 67 73
72 53 72 53
87 81 87 78 44 79 88 48 52 77 55 58 67 72 53 80 81
3 59 3 37 76 27 36 59
62 55 62 13 26 10 48 52 77 55
82 10 82 44 55 58 68 72 87 78 10
87 48 87 78 44 79 88 48
8 37 8 9 62 20 40 68 69 51 67 82 44 55 58 77 79 88 12 37
85 79 85 23 50 82 44 55 67 72 87 78 10 48 52 77 79
65 64 65 9 50 82 44 55 67 72 87 78 10 30 52 64
78 86 78 10 24 27 79 88 12 44 55 58 67 72 86
13 86 13 10 17 20 39 64 86
38 75 38 16 45 64 0 10 24 27 5 88 48 75
87 27 87 72 44 55 58 77 79 88 12 24 27
59 0 59 64 0
19 36 19 69 51 17 78 44 79 88 12 24 27 36
57 5 57 63 29 48 52 71 82 44 55 67 72 53 88 12 37 51 59 5
65 81 65 9 62 20 39 76 37 36 81
39 59 39 58 68 74 6 37 77 79 88 48 52 71 82 44 55 67 72 87 78 10 30 34 0 13 28 35 41 76 27 36 59
39 24 39 63 29 48 88 12 75 82 44 55 67 72 87 78 10 24
69 12 69 76 27 5 64 71 82 44 55 67 72 87 78 10 30 34 29 48 88 12
70 12 70 29 48 88 12
62 29 62 20 40 41 45 77 79 88 12 44 55 58 68 74 6 16 29
3 71 3 30 44 55 67 72 87 78 10 48 88 12 24 71
4 71 4 30 44 79 88 48 52 64 71
18 55 18 76 37 51 59 5 75 88 48 52 77 55
23 52 23 66 77 79 88 48 75 82 44 55 58 67 72 87 78 10 24 27 36 37 52
21 71 21 42 70 29 48 52 71
27 75 27 5 64 71 82 44 79 88 48 75
25 45 25 33 45
68 70 68 69 51 59 64 44 55 58 77 79 88 12 66 78 10 17 70
28 51 28 37 51
26 32 26 17 32
51 32 51 17 32
11 80 11 59 5 52 80
49 9 49 76 27 78 10 17 58 68 9
4 84 4 30 48 52 71 82 44 79 84
34 0 34 0
31 0 31 6 48 75 82 44 55 67 72 87 78 10 30 34 0
19 20 19 62 13 20
26 0 26 28 77 79 88 12 45 50 82 44 55 58 68 9 20 40 25 85 23 66 78 10 30 34 48 52 64 0
65 77 65 77
37 0 37 76 27 78 10 24 71 82 44 79 88 48 52 64 0
3 41 3 64 0 20 40 41
14 34 14 51 17 58 67 82 44 79 88 12 66 78 10 30 34
87 29 87 72 53 88 12 29
69 51 69 51
42 63 42 63
76 88 76 27 79 88
9 29 9 62 72 87 78 10 24 27 88 12 29
11 55 11 59 5 6 31 56 27 44 55
14 6 14 51 59 5 6
51 44 51 17 20 48 88 12 44
4 88 4 23 37 59 64 71 82 44 55 67 72 88
28 60 28 41 50 60
39 41 39 65 77 55 58 68 74 6 16 35 41
14 20 14 9 20
76 16 76 27 5 6 71 82 44 79 88 48 52 77 55 58 68 69 51 17 20 56 16
8 86 8 28 82 44 55 58 54 86
28 67 28 6 45 77 55 58 67
26 75 26 10 48 75
35 54 35 41 49 72 44 55 58 54
38 44 38 16 87 72 53 88 12 66 78 10 24 71 82 44
63 86 63 29 48 88 12 24 27 36 37 72 86
16 66 16 45 77 55 67 72 87 78 10 17 70 82 44 79 88 12 66
49 27 49 76 27
70 10 70 82 44 55 58 77 79 88 12 66 78 10
65 79 65 77 79
37 86 37 59 24 71 82 44 79 88 48 52 77 55 67 72 86
33 84 33 45 50 82 44 55 67 72 53 84
19 82 19 43 44 55 67 72 87 78 10 30 52 71 82
57 12 57 12
14 72 14 9 50 82 44 55 67 72
68 29 68 74 6 16 29
43 44 43 66 78 10 48 75 82 44
37 61 37 51 17 33 61
38 58 38 16 87 78 44 55 58
87 83 87 72 88 48 75 80 81 83
30 61 30 50 82 44 55 58 67 72 87 78 10 17 33 61
19 84 19 25 62 13 29 48 88 12 24 71 82 44 84
3 34 3 30 34
18 57 18 57
14 71 14 51 59 24 27 36 37 72 53 88 48 52 71
9 0 9 20 40 78 10 30 34 0
11 80 11 68 69 72 53 80
59 29 59 5 64 71 82 44 55 58 67 72 87 78 10 24 27 88 12 29
31 37 31 6 48 52 77 55 67 72 53 88 12 24 27 36 37
56 83 56 27 78 44 84 89 83
88 44 88 48 52 71 82 44
6 5 6 31 56 74 58 68 9 36 59 5
87 60 87 78 10 17 60
26 0 26 28 77 79 88 48 75 82 44 55 67 72 87 78 10 30 34 0
4 20 4 74 6 77 79 88 48 52 71 82 44 55 58 67 72 87 78 10 17 20
42 25 42 62 20 40 25
31 59 31 16 35 59
76 17 76 27 78 10 17
88 36 88 12 37 51 67 72 87 78 10 24 27 36
4 24 4 72 87 78 10 24
85 86 85 88 48 52 64 86
74 55 74 6 16 87 78 44 79 88 48 52 77 55
3 17 3 37 77 79 88 48 75 82 44 55 58 67 72 87 78 10 17
85 32 85 23 32
38 29 38 16 29
11 36 11 59 5 79 88 12 75 82 44 55 67 72 87 78 10 24 27 36
15 80 15 30 50 82 44 79 88 12 45 64 0 27 5 75 80
27 67 27 88 12 66 78 44 55 67
68 89 68 74 58 67 82 44 55 84 89
6 86 6 88 12 24 71 82 44 55 58 54 86
4 50 4 49 72 44 79 88 12 50
72 81 72 44 55 58 54 81
3 30 3 30
64 55 64 82 44 55
27 71 27 78 10 30 44 79 88 48 52 71
2 0 2 56 64 0
15 43 15 22 31 43
87 13 87 78 10 17 33 62 20 40 25 38 13
31 53 31 16 29 48 88 12 75 82 44 55 67 72 53
23 53 23 5 52 77 79 88 12 45 50 82 44 55 67 72 53
31 75 31 43 75
37 45 37 51 17 20 56 82 44 55 67 72 87 78 10 24 27 36 59 5 6 88 12 45
82 10 82 44 55 67 72 87 78 10
30 44 30 50 82 44
87 73 87 78 10 17 20 40 25 5 72 53 88 48 52 71 82 73
64 86 64 71 82 44 55 67 72 88 12 24 27 78 10 17 58 54 86
51 83 51 67 82 44 79 88 12 24 83
11 5 11 70 82 44 55 67 72 87 78 10 30 52 77 79 88 12 24 27 5
56 34 56 82 44 55 67 72 87 78 10 30 34
77 54 77 55 58 54
56 81 56 27 5 88 48 52 64 0 13 26 17 78 10 24 71 82 44 55 58 54 81
87 88 87 78 44 55 58 77 79 88
42 84 42 51 17 33 49 89 84
23 5 23 5
43 53 43 44 55 58 68 72 53
65 66 65 77 79 88 12 66
39 60 39 65 77 79 88 12 50 60
78 81 78 10 17 58 81
59 73 59 24 27 36 37 51 17 33 49 72 53 88 12 73
6 5 6 71 82 44 79 88 48 52 64 0 20 56 27 36 59 5
31 9 31 68 9
69 48 69 76 27 36 37 52 71 82 44 55 58 68 74 6 31 56 64 0 10 30 48
2 27 2 82 44 79 88 12 37 76 27
28 61 28 35 59 64 71 82 44 79 88 48 52 77 55 58 67 72 87 78 10 17 33 61
3 80 3 38 13 26 42 70 82 44 55 67 72 87 78 10 17 33 49 76 27 88 48 75 80
11 48 11 88 48
68 52 68 72 87 78 10 30 50 82 44 79 88 12 29 48 52
22 44 22 43 66 78 10 48 75 82 44
8 44 8 70 29 48 88 12 66 77 55 67 72 87 78 44
31 59 31 68 9 36 50 82 44 79 88 12 45 77 55 58 67 72 87 78 10 17 33 49 76 37 51 59
46 59 46 88 12 37 59
21 89 21 58 67 72 87 78 44 55 84 89
40 66 40 41 45 64 0 10 17 20 48 52 77 79 88 12 66
33 45 33 45
38 27 38 65 9 50 82 44 55 67 72 88 12 37 76 27
15 12 15 26 42 63 65 9 71 82 44 79 88 12
85 23 85 23
31 55 31 16 29 48 75 82 44 55
59 44 59 64 82 44
8 17 8 70 82 44 55 58 67 72 87 78 10 17
59 84 59 24 71 82 44 84
63 36 63 65 9 36
78 12 78 10 48 88 12
72 81 72 44 79 88 48 52 77 55 58 54 81
15 6 15 22 31 16 87 78 10 24 71 82 44 79 88 12 37 48 52 64 0 20 56 74 6
56 55 56 16 35 64 0 13 29 48 52 71 82 44 55
25 67 25 35 41 57 63 29 48 52 71 82 44 55 67
39 33 39 63 29 48 52 77 79 88 12 75 82 44 55 67 72 87 78 10 17 33
31 73 31 6 37 59 24 71 82 73
43 67 43 52 77 79 88 48 75 82 44 55 67
21 66 21 20 88 12 66
3 6 3 82 44 55 58 68 74 6
19 83 19 56 74 6 31 16 84 89 83
3 5 3 38 65 9 36 50 82 44 79 88 12 37 49 76 27 5
35 66 35 41 70 82 44 79 88 12 66
19 53 19 72 53
40 57 40 41 57
14 55 14 28 35 41 45 77 79 88 48 52 71 82 44 55
6 75 6 31 43 66 77 55 67 82 44 79 88 12 75
7 75 7 64 44 79 88 48 75
31 70 31 68 74 6 71 82 44 55 67 72 87 78 10 17 70
65 10 65 9 62 72 87 78 10
78 73 78 44 55 67 73
22 70 22 9 36 37 48 75 88 12 72 87 78 10 17 70
49 72 49 88 12 45 50 82 44 55 58 67 72
37 53 37 49 88 12 75 82 44 55 67 72 53
39 0 39 64 0
85 17 85 57 78 10 17
63 29 63 29
64 55 64 71 82 44 79 88 12 66 78 10 24 27 5 52 77 55
13 29 13 29
57 50 57 78 10 30 48 88 12 50
22 52 22 43 52
14 53 14 9 20 88 48 52 64 71 82 44 55 67 72 53
65 10 65 77 55 67 72 87 78 10
7 50 7 64 0 45 50
28 59 28 41 57 24 27 78 10 17 70 29 48 75 88 12 37 59
35 24 35 41 50 82 44 79 88 12 24
85 57 85 57
77 54 77 79 88 12 66 78 44 55 58 54
2 59 2 34 59
20 55 20 88 12 75 82 44 55
49 55 49 69 76 37 59 5 75 82 44 55
62 66 62 72 88 12 66
14 33 14 34 59 24 71 82 44 55 58 77 79 88 12 45 64 0 27 36 37 51 17 33
33 61 33 61
34 48 34 59 24 27 5 64 71 82 44 79 88 48
77 50 77 55 58 67 82 44 79 88 12 45 50
74 59 74 58 68 69 51 59
89 83 89 83
33 29 33 45 77 55 67 72 87 78 44 79 88 12 29
1 29 1 20 56 64 0 13 26 10 24 27 5 72 53 88 12 29
38 26 38 13 26
28 32 28 35 64 0 27 36 37 52 77 79 88 12 75 82 44 55 58 67 72 87 78 10 17 32
39 41 39 65 9 62 20 40 41
30 67 30 52 64 71 82 44 55 67
2 73 2 82 73
62 60 62 72 87 78 10 24 71 82 44 55 58 77 79 88 12 60
33 24 33 45 64 0 10 24
68 66 68 74 6 16 35 41 66
16 66 16 29 48 52 77 55 67 82 44 79 88 12 66
74 10 74 58 68 69 76 37 77 79 88 48 75 82 44 55 67 72 87 78 10
34 5 34 29 48 52 77 79 88 12 45 50 82 44 55 58 68 74 6 37 59 5
40 30 40 41 63 75 88 12 44 55 58 68 69 51 17 78 10 30
65 30 65 9 50 82 44 55 67 72 87 78 10 30
42 27 42 70 82 44 55 67 72 88 12 24 27
69 83 69 51 80 81 83
19 45 19 82 44 79 88 12 45
6 29 6 71 82 44 79 88 48 52 77 55 58 68 9 62 72 87 78 10 17 70 29
69 80 69 76 27 5 6 71 82 44 55 67 72 88 12 75 80
60 84 60 84
15 13 15 30 44 79 88 48 52 64 0 13
15 53 15 30 50 82 44 55 58 67 72 53
8 86 8 40 78 44 79 88 12 24 27 36 59 64 86
78 80 78 10 48 88 12 72 53 80
19 44 19 25 40 68 74 6 77 55 58 67 82 44
22 12 22 9 50 82 44 79 88 12
2 34 2 34
87 51 87 78 10 17 20 56 16 29 48 88 12 72 44 55 58 68 69 51
78 83 78 10 48 75 88 12 37 36 81 83
35 82 35 41 76 37 77 79 88 12 24 71 82
43 73 43 66 78 44 79 88 48 75 82 73
46 45 46 88 12 45
49 89 49 76 37 77 89
19 88 19 43 66 77 55 67 72 88
21 64 21 26 88 12 24 71 82 44 55 58 68 9 62 13 10 17 33 45 64
30 48 30 34 0 10 48
85 37 85 23 37
22 58 22 34 29 48 52 77 79 88 12 50 82 44 55 58
42 12 42 62 72 53 88 12
87 32 87 78 10 17 33 32
82 67 82 44 55 58 67
27 73 27 44 55 58 68 69 72 88 48 52 64 82 73
1 34 1 49 76 37 52 77 55 67 82 44 79 88 12 72 87 78 10 30 34
21 6 21 58 68 74 6
87 16 87 72 53 88 48 52 77 55 58 68 74 6 16
76 53 76 27 79 88 12 37 49 72 53
63 84 63 29 48 88 12 75 82 44 55 58 67 72 53 84
8 48 8 9 50 82 44 55 67 72 88 12 29 48
40 25 40 25
85 23 85 23
49 88 49 76 27 78 10 17 58 77 55 67 72 88
3 58 3 30 52 77 55 58
19 51 19 69 51
16 80 16 29 48 88 12 37 72 53 80
68 80 68 72 87 78 44 55 58 77 79 88 12 24 27 5 75 80
35 66 35 41 66
8 54 8 40 68 74 58 54
49 32 49 69 51 17 33 32
22 9 22 9
69 37 69 76 37
64 86 64 86
63 67 63 75 82 44 55 67
70 24 70 29 48 75 82 44 79 88 12 45 77 55 67 72 87 78 10 24
28 77 28 64 0 20 39 76 37 44 79 88 48 52 77
15 29 15 41 66 77 79 88 48 52 71 82 44 55 67 72 87 78 10 17 33 62 13 20 56 16 29
62 51 62 20 48 88 12 37 51
68 79 68 9 62 20 55 58 77 79
14 71 14 59 5 52 64 71
58 50 58 77 79 88 12 45 50
56 5 56 16 29 48 75 82 44 55 58 68 74 6 31 43 52 64 0 13 10 24 27 5
2 80 2 82 44 79 88 48 52 80
9 44 9 62 13 0 10 24 71 82 44
59 24 59 24
87 0 87 78 10 24 27 5 72 88 48 52 64 0
28 52 28 82 44 55 58 67 72 87 78 10 30 52
7 10 7 43 66 78 10
62 82 62 72 87 78 44 55 67 82
39 58 39 58
19 36 19 38 13 29 48 88 12 24 27 36
76 25 76 27 78 10 17 33 62 20 40 25
2 54 2 23 66 78 10 48 88 12 37 52 64 71 82 44 55 58 54
42 80 42 63 65 9 20 56 82 44 55 67 72 87 78 10 48 75 80
2 75 2 72 87 78 10 17 70 29 48 75
56 10 56 82 44 79 88 12 45 64 0 13 68 9 62 72 87 78 10
7 86 7 57 24 27 78 44 79 88 12 66 77 55 58 54 86
23 73 23 37 36 50 82 73
77 66 77 55 58 68 74 6 71 82 44 79 88 12 66
14 73 14 28 35 41 63 75 82 73
85 57 85 57
62 32 62 20 32
59 73 59 64 44 79 88 12 72 87 78 10 30 50 82 73
46 44 46 88 48 75 82 44
74 82 74 58 67 72 53 88 12 45 64 0 27 36 59 24 71 82
78 75 78 10 17 20 48 75
14 77 14 25 63 75 82 44 55 58 68 72 87 78 10 17 20 40 41 76 37 49 88 48 52 64 0 13 26 28 35 39 65 77
57 80 57 63 65 77 79 88 48 75 80
8 81 8 62 72 44 55 58 68 74 6 31 43 52 77 79 88 48 75 80 81
70 45 70 82 44 79 88 12 45
34 75 34 59 24 27 78 10 30 50 82 44 79 88 48 75
38 89 38 16 84 89
8 17 8 28 37 59 64 71 82 44 55 58 67 72 87 78 10 17
77 81 77 79 88 48 75 80 81
87 73 87 72 53 88 48 75 82 44 55 67 73
46 66 46 88 12 66
18 79 18 57 24 27 5 52 71 82 44 79
39 45 39 65 77 79 88 48 52 64 0 45
18 54 18 51 17 58 54
37 75 37 48 75
51 73 51 67 82 73
42 63 42 63
14 83 14 25 62 20 39 65 9 71 82 44 84 89 83
57 50 57 63 29 48 52 71 82 44 55 67 72 88 12 50
46 64 46 88 48 52 64
9 45 9 50 82 44 79 88 12 45
70 5 70 29 48 88 12 24 71 82 44 55 67 72 87 78 10 17 58 68 69 51 59 5
82 55 82 44 55
1 80 1 2 33 51 80
63 66 63 65 9 50 82 44 55 58 68 69 76 37 59 5 6 77 79 88 12 66
49 67 49 76 37 59 64 44 55 67
6 54 6 45 77 79 88 48 75 82 44 55 58 54
78 36 78 10 24 27 36
4 9 4 49 72 53 88 48 52 64 44 55 58 68 69 51 17 20 39 65 9
35 45 35 39 63 65 77 79 88 48 52 71 82 44 55 58 68 74 6 31 56 64 0 45
49 29 49 76 27 36 59 5 79 88 12 29
58 81 58 54 81
28 83 28 68 74 58 77 55 84 89 83
35 34 35 41 50 82 44 55 67 72 87 78 10 30 34
28 51 28 64 44 55 58 68 69 51
27 67 27 44 55 67
69 20 69 51 67 82 44 79 88 48 52 64 0 13 68 9 20
8 67 8 70 29 48 75 82 44 55 67
76 37 76 37
21 50 21 20 56 82 44 79 88 12 45 50
22 66 22 43 66
14 66 14 59 64 0 27 36 50 82 44 79 88 12 66
30 5 30 50 82 44 55 58 68 74 6 77 79 88 12 24 27 36 59 5
43 86 43 87 72 44 55 58 54 86
77 29 77 79 88 48 75 82 44 55 58 67 72 87 78 10 17 70 29
16 36 16 45 77 55 67 72 87 78 10 30 52 71 82 44 79 88 12 24 27 36
78 10 78 10
70 10 70 29 48 52 71 82 44 79 88 12 72 87 78 10
42 77 42 62 20 56 27 5 88 48 52 64 71 82 44 55 58 77
25 12 25 40 41 70 29 48 75 82 44 79 88 12
63 52 63 75 82 44 55 67 72 88 48 52
40 50 40 41 50
40 37 40 25 79 88 12 72 44 55 58 68 74 6 37
49 51 49 76 27 5 6 48 88 12 37 51
39 70 39 63 29 48 75 88 12 24 71 82 44 55 58 67 72 87 78 10 17 70
8 12 8 40 41 45 50 82 44 55 67 72 53 88 12
27 55 27 44 55
76 12 76 27 44 79 88 12
63 44 63 29 48 88 12 75 82 44
9 73 9 36 37 49 69 72 44 55 67 73
85 55 85 57 72 88 48 75 82 44 55
31 67 31 6 16 45 64 0 27 44 55 67
76 82 76 27 5 79 88 12 29 48 75 82
6 50 6 48 88 12 24 27 36 50
85 60 85 23 49 76 37 52 77 55 67 72 88 12 50 60
42 24 42 63 65 9 71 82 44 55 67 72 87 78 10 24
57 52 57 82 44 79 88 48 52
39 12 39 64 82 44 79 88 12
8 67 8 9 20 40 78 44 55 67
49 77 49 88 12 24 71 82 44 55 58 77
77 55 77 55
85 52 85 23 50 82 44 55 67 72 87 78 10 30 48 52
58 44 58 77 79 88 12 50 82 44
65 44 65 9 62 72 53 88 48 75 82 44
69 70 69 51 17 70
87 29 87 72 88 12 29
58 36 58 68 9 71 82 44 55 67 72 87 78 10 30 52 64 0 27 36
20 32 20 32
2 0 2 56 16 35 41 66 77 55 58 68 9 50 82 44 79 88 48 52 64 0
41 29 41 70 29
82 54 82 44 55 58 54
26 44 26 17 70 29 48 52 64 71 82 44
77 24 77 55 58 67 82 44 79 88 12 24
6 5 6 71 82 44 55 58 77 79 88 12 72 87 78 10 17 20 39 76 37 51 59 24 27 5
7 36 7 62 20 39 76 37 77 79 88 12 50 82 44 55 58 68 9 36
82 44 82 44
26 71 26 42 51 17 78 44 79 88 48 52 71
38 58 38 13 20 39 87 78 44 55 58
46 75 46 88 48 75
57 81 57 24 71 82 44 79 88 48 75 80 81
46 12 46 88 12
43 0 43 52 71 82 44 55 58 67 72 87 78 10 17 20 40 41 45 64 0
64 81 64 82 44 79 88 48 75 80 81
85 30 85 88 48 52 64 0 10 30
65 70 65 9 50 82 44 55 67 72 87 78 10 17 70
23 5 23 66 78 10 30 34 59 24 27 5
88 81 88 48 75 82 44 55 67 72 87 78 10 17 70 81
6 0 6 71 82 44 55 58 67 72 53 88 48 52 64 0
56 45 56 64 44 55 67 72 87 78 10 17 33 45
42 55 42 51 17 58 68 69 76 37 48 52 64 44 55
31 12 31 6 71 82 44 55 67 72 88 12
38 71 38 16 45 77 55 58 67 72 87 78 44 79 88 12 37 76 27 36 59 24 71
22 37 22 43 52 77 55 58 68 74 6 37
42 17 42 62 72 88 48 52 77 55 58 68 69 51 17
69 33 69 51 17 33
1 82 1 2 78 44 79 88 48 52 71 82
59 84 59 64 44 84
35 34 35 39 63 29 48 75 82 44 79 88 12 66 77 55 67 72 87 78 10 30 34
3 0 3 64 0
1 64 1 78 44 79 88 48 52 64
16 45 16 45
49 30 49 88 12 75 82 44 55 58 67 72 87 78 10 30
40 44 40 25 85 88 12 66 77 55 58 67 82 44
87 77 87 72 53 88 48 52 71 82 44 55 58 77
76 60 76 37 77 79 88 12 75 82 44 55 58 67 72 87 78 10 30 50 60
64 55 64 44 55
87 45 87 78 10 48 75 82 44 79 88 12 45
20 54 20 39 58 54
11 84 11 70 29 48 52 71 82 44 79 84
87 6 87 72 53 88 48 52 71 82 44 55 58 68 74 6
27 45 27 88 12 45
65 44 65 9 36 50 82 44
22 34 22 34
15 82 15 26 10 24 27 36 59 64 82
46 0 46 88 12 24 71 82 44 55 67 72 87 78 10 17 70 29 48 52 64 0
21 71 21 58 67 82 44 79 88 12 24 71
51 12 51 59 64 0 45 77 79 88 12
35 82 35 59 5 79 88 12 37 36 50 82
77 83 77 55 58 54 81 83
8 71 8 70 29 48 88 12 37 51 59 24 27 5 64 71
26 52 26 10 30 48 52
49 36 49 76 27 36
19 20 19 38 13 0 20
20 53 20 88 12 29 48 75 82 44 55 67 72 53
43 44 43 75 88 48 52 71 82 44
40 0 40 25 38 16 29 48 52 71 82 44 55 67 72 87 78 10 30 34 59 64 0
2 52 2 78 10 30 52
22 54 22 43 75 82 44 55 58 54
38 13 38 13
42 36 42 51 59 64 44 55 58 68 9 62 20 56 27 36
11 36 11 78 10 24 71 82 44 79 88 12 37 36
26 5 26 88 12 24 27 36 59 5
78 86 78 44 55 58 54 86
9 86 9 71 82 44 55 58 68 72 86
40 16 40 41 66 78 10 24 71 82 44 55 58 68 9 20 56 16
3 81 3 82 44 55 58 54 81
85 9 85 23 49 69 76 37 77 55 67 82 44 79 88 48 52 64 0 13 74 6 31 68 9
68 78 68 72 53 88 12 66 78
38 86 38 16 86
8 78 8 40 78
74 72 74 58 77 79 88 48 75 82 44 55 67 72
42 0 42 70 29 48 52 64 0
49 53 49 69 72 53
40 52 40 41 63 75 88 48 52
35 88 35 39 87 78 44 55 58 68 74 6 37 77 79 88
59 36 59 24 27 36
62 79 62 13 68 69 51 67 82 44 79
31 36 31 43 44 55 58 68 72 87 78 10 24 27 36
76 13 76 37 59 64 0 13
38 52 38 13 26 10 30 52
31 34 31 56 74 6 37 72 87 78 10 30 34
19 57 19 25 40 41 57
18 75 18 51 67 72 88 12 75
64 71 64 0 27 5 6 37 49 88 12 29 48 52 71
35 64 35 64
41 83 41 45 77 79 84 89 83
31 9 31 68 9
59 67 59 5 79 88 12 44 55 67
2 27 2 56 16 29 48 88 12 75 82 44 55 58 68 9 62 20 39 76 27
18 33 18 59 24 27 88 48 75 82 44 55 58 67 72 87 78 10 17 33
49 88 49 69 72 44 79 88
9 81 9 50 82 44 55 67 72 53 80 81
19 55 19 72 88 48 52 64 71 82 44 55
78 80 78 10 17 70 82 44 79 88 48 75 80
58 86 58 54 86
22 16 22 31 16
1 64 1 37 36 50 82 44 55 67 72 53 88 12 29 48 52 64
35 6 35 59 24 71 82 44 55 58 77 79 88 48 52 64 0 27 5 6
42 17 42 51 17
69 33 69 76 37 51 17 33
27 29 27 78 10 48 75 82 44 55 58 77 79 88 12 29
31 54 31 16 35 39 58 54
21 51 21 42 51
49 32 49 76 37 51 17 32
21 83 21 82 44 84 89 83
33 50 33 45 50
62 72 62 13 74 58 68 9 36 50 82 44 79 88 48 52 77 55 67 72
85 73 85 57 72 53 88 48 52 71 82 44 55 58 67 73
40 75 40 25 35 59 64 71 82 44 55 67 72 53 88 48 75
22 88 22 9 71 82 44 79 88
69 51 69 51
40 9 40 68 9
19 66 19 62 20 39 76 27 79 88 12 66
4 13 4 70 29 48 75 82 44 79 88 12 45 64 0 13
62 84 62 72 87 78 10 24 27 5 89 84
70 71 70 82 44 55 67 72 87 78 10 48 52 71
22 51 22 9 20 48 52 64 82 44 79 88 12 66 78 10 17 33 51
37 36 37 36
46 13 46 88 12 72 87 78 44 55 58 68 69 51 17 33 62 13
4 12 4 82 44 79 88 12
74 82 74 58 68 69 51 17 78 10 24 27 5 79 88 12 45 64 71 82
82 32 82 44 55 58 68 9 62 20 32
82 36 82 44 55 58 77 79 88 12 24 27 36
39 45 39 58 68 9 62 13 10 30 34 0 20 55 67 82 44 79 88 12 45
77 84 77 89 84
21 53 21 42 51 59 64 71 82 44 55 58 67 72 53
9 71 9 71
46 9 46 88 48 52 64 0 27 36 37 44 55 58 68 9
40 58 40 78 44 55 58
41 71 41 45 50 82 44 79 88 12 24 71
65 73 65 9 36 50 82 73
41 12 41 57 12
74 59 74 6 45 50 82 44 55 58 68 9 36 37 59
21 48 21 42 63 75 82 44 79 88 48
56 37 56 74 6 37
34 86 34 0 10 30 44 55 67 72 88 48 52 64 86
76 54 76 27 88 48 75 82 44 55 58 54
59 66 59 64 44 55 67 72 87 78 10 30 34 29 48 75 88 12 66
65 55 65 77 79 88 12 37 36 50 82 44 55
46 55 46 88 48 75 82 44 55
64 71 64 0 20 40 25 5 75 88 48 52 71
20 71 20 39 64 82 44 55 58 77 79 88 48 52 71
18 82 18 76 27 79 88 48 75 82
37 67 37 44 55 67
14 48 14 9 50 82 44 79 88 48
76 59 76 37 59
31 0 31 16 35 64 0
6 79 6 37 72 44 79
15 51 15 30 50 82 44 55 58 68 69 51
39 16 39 64 44 55 58 68 74 6 48 52 77 79 88 12 24 27 5 72 87 78 10 30 34 0 20 56 16
30 66 30 44 55 67 72 88 12 66
72 52 72 44 79 88 48 52
6 71 6 88 12 37 36 59 5 52 71
49 5 49 88 48 75 82 44 55 58 67 72 87 78 10 24 27 36 59 5
40 66 40 68 9 36 50 82 44 55 67 72 53 88 12 66
82 0 82 44 79 88 12 66 77 55 58 68 69 72 87 78 10 17 33 51 59 64 0
70 50 70 29 48 52 64 0 13 10 30 50
41 12 41 57 12
41 80 41 66 78 44 79 88 12 72 53 80
74 82 74 6 71 82
18 64 18 20 55 58 67 82 44 79 88 48 52 64
23 24 23 50 82 44 55 58 67 72 53 88 12 24
68 9 68 9
77 80 77 79 88 48 75 80
3 67 3 30 34 59 24 27 79 88 12 75 82 44 55 67
68 10 68 9 62 13 20 56 74 6 16 45 77 55 67 82 44 79 88 48 52 64 0 10
14 20 14 34 0 20
39 54 39 63 65 9 36 59 24 71 82 44 55 58 54
18 53 18 57 63 75 88 48 52 71 82 44 55 58 67 72 53
7 24 7 57 72 53 88 12 24
59 12 59 64 71 82 44 79 88 12
22 33 22 34 59 5 52 64 71 82 44 55 58 77 79 88 12 37 51 17 33
69 54 69 76 27 78 44 55 58 54
26 17 26 17
64 12 64 82 44 79 88 12
14 33 14 51 17 33
74 71 74 6 31 16 35 64 82 44 79 88 12 37 76 27 78 10 17 20 48 52 71
7 83 7 64 44 55 67 72 53 88 48 52 77 79 84 89 83
3 86 3 37 48 88 12 72 86
42 60 42 70 82 44 79 88 12 45 50 60
42 57 42 51 59 5 6 31 16 35 41 57
35 64 35 59 64
49 75 49 69 76 37 59 5 75
43 29 43 66 78 10 30 48 75 82 44 79 88 12 29
31 37 31 43 52 77 55 58 67 82 44 79 88 12 37
3 32 3 43 66 78 10 17 32
39 24 39 87 72 88 12 24
1 73 1 20 73
31 10 31 16 35 59 64 0 10
3 12 3 82 44 55 67 72 53 88 12
41 84 41 57 24 89 84
8 89 8 28 41 70 29 48 52 77 79 88 12 72 53 84 89
1 67 1 39 63 29 48 88 12 44 55 67
33 44 33 45 77 55 58 67 82 44
26 10 26 17 58 68 72 87 78 10
42 24 42 63 65 9 36 37 51 59 64 0 20 48 88 12 24
13 75 13 0 27 5 72 53 88 12 75
6 84 6 88 48 52 64 71 82 44 84
57 12 57 72 53 88 12
64 5 64 44 79 88 12 37 76 27 5
62 52 62 20 56 16 35 39 76 37 52
59 48 59 64 71 82 44 55 67 72 53 88 48
68 78 68 9 50 82 44 55 67 72 87 78
15 72 15 26 42 70 29 48 52 77 79 88 12 75 82 44 55 58 68 72
39 9 39 65 77 79 88 48 75 82 44 55 58 68 9
38 5 38 13 68 69 51 59 5
11 45 11 59 64 0 45
18 54 18 51 67 82 44 55 58 54
35 55 35 59 64 44 55
65 72 65 77 79 88 48 75 82 44 55 67 72
16 75 16 87 72 88 12 75
2 17 2 33 45 50 82 44 55 67 72 88 48 52 64 0 10 17
63 17 63 75 82 44 55 67 72 87 78 10 17
57 10 57 82 44 55 67 72 87 78 10
28 58 28 6 16 29 48 75 88 12 37 51 17 20 39 64 71 82 44 55 58
40 17 40 41 76 37 51 17
76 37 76 37
6 24 6 71 82 44 55 67 72 53 88 12 66 78 10 24
7 48 7 17 70 29 48
1 41 1 20 40 41
18 17 18 51 17
1 55 1 78 10 48 75 82 44 55
63 81 63 75 82 44 55 67 72 53 88 48 52 80 81
31 26 31 6 88 12 29 48 75 82 44 55 58 68 9 36 37 49 72 87 78 10 17 33 62 13 26
43 54 43 44 79 88 12 45 77 55 58 54
11 64 11 88 12 29 48 52 64
40 44 40 68 9 50 82 44
22 29 22 34 29
19 79 19 72 53 88 12 44 79
31 52 31 16 29 48 52
87 54 87 72 88 12 45 50 82 44 55 58 54
76 58 76 27 78 44 55 58
4 5 4 74 6 71 82 44 55 67 72 53 88 12 24 27 5
40 26 40 25 82 44 55 58 67 72 88 12 45 64 0 13 26
42 45 42 62 72 87 78 44 79 88 12 45
27 29 27 78 44 79 88 12 29
4 61 4 74 6 45 77 79 88 48 75 82 44 55 67 72 87 78 10 24 27 5 64 0 20 39 65 9 62 13 28 68 69 51 17 33 61
68 60 68 74 58 67 82 44 79 88 12 60
46 73 46 88 12 24 71 82 73
1 75 1 2 56 27 5 88 12 75
11 20 11 68 69 76 37 49 88 12 29 48 75 82 44 55 67 72 87 78 10 17 20
2 13 2 72 53 88 48 52 64 0 13
20 36 20 48 52 64 0 27 36
77 52 77 79 88 48 75 82 44 55 67 72 87 78 10 30 52
34 53 34 48 88 12 45 64 71 82 44 55 67 72 53
39 52 39 63 75 82 44 55 67 72 88 48 52
16 12 16 35 59 5 52 77 55 58 67 82 44 79 88 12
33 29 33 62 13 29
13 61 13 0 27 88 48 52 64 44 55 67 72 87 78 10 17 33 61
8 66 8 70 29 48 88 12 66
65 88 65 77 55 58 67 72 88
16 81 16 87 78 44 79 88 48 52 80 81
11 34 11 78 10 30 34
74 27 74 6 37 51 67 82 44 79 88 48 52 64 0 27
68 60 68 69 51 59 24 27 44 79 88 12 50 60
19 30 19 69 72 87 78 10 30
56 78 56 64 0 45 77 55 67 72 87 78
40 72 40 41 70 29 48 88 12 72
70 55 70 82 44 55
43 5 43 44 79 88 12 24 27 5
87 84 87 72 53 84
62 83 62 72 53 80 81 83
37 75 37 52 71 82 44 79 88 48 75
4 30 4 30
3 89 3 9 20 39 76 37 44 79 84 89
37 55 37 77 55
19 25 19 25
37 29 37 52 64 44 79 88 12 29
19 29 19 69 72 88 12 37 48 52 77 55 58 68 74 6 16 29
18 33 18 57 78 10 30 44 55 58 68 69 51 17 33
1 25 1 20 40 25
65 53 65 77 55 58 67 72 53
3 78 3 38 16 87 78
3 83 3 27 88 12 66 77 55 67 82 44 84 89 83
1 30 1 78 10 30
11 77 11 88 48 52 77
87 58 87 78 10 17 58
19 63 19 25 63
34 17 34 59 24 71 82 44 55 58 67 72 87 78 10 17
56 41 56 74 6 77 79 88 48 75 82 44 55 67 72 87 78 10 17 20 40 41
74 81 74 6 88 12 66 78 44 55 58 54 81
76 20 76 27 36 59 24 71 82 44 79 88 48 52 77 55 58 67 72 87 78 10 17 20
60 84 60 84
14 24 14 59 5 64 71 82 44 55 58 77 79 88 12 24
11 89 11 68 9 50 60 84 89
4 84 4 58 68 9 36 50 82 44 79 84
40 86 40 78 10 30 48 75 82 44 79 88 12 45 64 0 20 39 76 37 52 77 55 58 54 86
46 80 46 88 12 24 71 82 44 55 67 72 53 80
26 24 26 88 12 24
18 51 18 51
8 29 8 70 82 44 79 88 48 52 64 0 13 29
30 50 30 50
28 27 28 88 48 52 71 82 44 55 58 67 72 87 78 10 17 20 40 68 74 6 37 36 59 24 27
11 24 11 78 10 24
20 36 20 55 58 68 9 36
16 53 16 45 50 82 44 55 67 72 53
15 9 15 22 9
1 86 1 13 0 20 48 88 12 72 86
21 80 21 20 56 27 79 88 48 75 82 44 55 58 68 72 53 80
38 77 38 16 29 48 52 77
19 70 19 43 52 64 0 13 28 35 59 5 79 88 48 75 82 44 55 67 72 87 78 10 17 70
14 12 14 42 51 67 82 44 55 58 77 79 88 12
4 41 4 70 29 48 52 64 71 82 44 79 88 12 45 77 55 67 72 87 78 10 17 20 40 41
8 32 8 40 25 12 72 87 78 10 17 20 32
85 50 85 23 50
35 81 35 39 64 82 44 55 58 68 74 6 37 59 5 72 53 88 48 75 80 81
19 30 19 62 72 87 78 10 30
21 61 21 26 88 12 75 82 44 55 58 67 72 87 78 10 17 33 61
21 58 21 58
42 41 42 62 20 40 41
56 45 56 16 29 48 52 64 71 82 44 79 88 12 45
56 13 56 27 36 50 82 44 79 88 12 66 77 55 58 67 72 87 78 10 30 34 0 13
25 75 25 62 72 88 48 75
22 70 22 34 79 88 12 75 82 44 55 67 72 87 78 10 17 70
2 37 2 56 82 44 79 88 12 37
41 75 41 57 24 27 44 55 58 68 72 87 78 10 30 34 79 88 48 75
68 83 68 69 51 17 60 84 89 83
8 88 8 41 66 77 79 88
3 43 3 43
76 77 76 27 79 88 12 37 51 17 70 29 48 75 82 44 55 58 77
18 29 18 57 78 44 79 88 12 29
20 66 20 88 12 66
41 84 41 70 29 48 88 12 84
46 66 46 88 12 66
38 44 38 16 35 59 24 71 82 44
76 32 76 37 52 64 0 20 32
62 29 62 13 10 17 70 29
14 44 14 59 64 0 45 50 82 44
8 86 8 9 71 82 44 79 88 12 45 77 55 58 54 86
49 79 49 69 76 37 77 79
68 86 68 74 58 77 55 67 72 86
38 64 38 16 35 64
68 72 68 69 51 17 20 39 58 67 72
49 73 49 72 53 88 48 52 64 71 82 73
38 86 38 65 9 20 56 74 58 54 86
42 55 42 63 75 82 44 55
23 36 23 49 88 12 75 82 44 55 67 72 87 78 10 30 34 0 27 36
42 81 42 70 29 48 75 80 81
82 53 82 44 55 67 72 53
19 73 19 72 88 48 75 82 73
1 54 1 20 48 52 71 82 44 55 58 54
30 79 30 34 59 64 44 79
43 45 43 66 77 79 88 48 52 64 44 55 58 68 69 51 67 72 87 78 10 30 34 59 5 6 31 56 16 45
19 63 19 38 16 35 39 63
42 67 42 62 72 44 55 67
14 44 14 59 64 71 82 44
69 55 69 76 37 52 77 55
41 12 41 70 29 48 52 77 55 58 67 72 88 12
18 66 18 20 56 64 82 44 79 88 12 66
87 86 87 72 86
41 79 41 76 37 44 79
65 26 65 9 50 82 44 79 88 12 66 78 10 30 48 52 64 0 13 26
42 10 42 70 82 44 79 88 12 45 77 55 67 72 87 78 10
74 75 74 6 71 82 44 79 88 12 29 48 75
65 36 65 9 36
65 0 65 77 55 58 67 82 44 79 88 12 45 64 0
40 81 40 25 35 41 45 77 55 58 81
7 80 7 43 44 79 88 48 75 80
35 44 35 59 64 82 44
82 79 82 44 79
15 81 15 26 42 62 13 74 58 67 82 44 79 88 48 75 80 81
74 29 74 6 37 48 88 12 29
21 54 21 58 54
13 17 13 29 48 52 71 82 44 79 88 12 66 78 10 17
65 88 65 77 79 88
21 10 21 58 67 72 87 78 10
28 82 28 68 69 76 37 44 55 67 82
37 50 37 51 17 20 48 75 82 44 79 88 12 50
4 89 4 74 58 77 79 84 89
76 72 76 37 59 64 44 55 67 72
26 12 26 28 87 72 88 12
15 64 15 26 42 62 20 55 67 72 88 12 29 48 52 64
30 71 30 50 82 44 55 58 68 74 6 31 56 16 87 78 10 17 70 29 48 88 12 24 71
51 71 51 17 33 49 69 76 37 59 64 71
30 84 30 34 79 88 12 72 87 78 10 24 89 84
18 84 18 20 48 52 64 0 13 60 84
31 51 31 43 52 77 79 88 48 75 82 44 55 58 67 72 87 78 10 17 33 51
77 53 77 79 88 12 50 82 44 55 67 72 53
11 50 11 68 72 87 78 44 55 58 77 79 88 12 45 50
13 24 13 29 48 88 12 24
43 48 43 75 82 44 55 67 72 53 88 48
42 70 42 70
58 67 58 68 69 72 88 48 75 82 44 55 67
56 71 56 16 35 64 0 45 50 82 44 79 88 12 37 76 27 36 59 24 71
2 23 2 23
78 36 78 10 17 20 56 16 29 48 75 82 44 79 88 12 24 27 36
23 36 23 37 36
39 12 39 63 29 48 75 88 12
4 72 4 49 72
19 10 19 38 13 29 48 75 82 44 79 88 12 72 87 78 10
72 79 72 53 88 48 52 77 79
63 83 63 75 80 81 83
39 48 39 58 68 69 72 53 88 48
76 0 76 27 78 10 24 71 82 44 79 88 48 52 77 55 58 68 74 6 45 64 0
51 44 51 59 64 82 44
34 75 34 0 13 28 68 69 51 67 82 44 55 58 77 79 88 48 75
4 12 4 30 34 29 48 52 77 79 88 12
49 51 49 69 51
78 86 78 44 55 58 54 86
76 89 76 37 77 55 84 89
15 24 15 41 57 24
76 10 76 27 78 10
56 41 56 74 58 77 79 88 12 29 48 75 82 44 55 67 72 87 78 10 30 34 0 13 28 41
27 75 27 36 37 77 79 88 48 75
9 83 9 50 82 44 84 89 83
8 83 8 40 78 10 48 52 80 81 83
43 80 43 52 80
87 48 87 78 10 24 27 79 88 12 29 48
18 60 18 51 67 72 44 79 88 12 60
2 36 2 72 87 78 10 17 33 62 20 88 12 37 36
76 30 76 37 49 72 87 78 10 30
2 6 2 23 66 77 55 58 68 74 6
7 36 7 62 13 20 56 74 6 71 82 44 55 58 68 72 87 78 10 30 48 52 64 0 27 36
27 17 27 78 10 17
2 29 2 72 87 78 10 17 20 88 12 29
8 59 8 40 41 45 64 82 44 55 58 68 74 6 31 16 87 78 10 48 52 77 79 88 12 37 59
9 48 9 50 82 44 55 67 72 87 78 10 30 48
19 16 19 82 44 55 58 68 74 6 16
15 59 15 30 34 29 48 75 82 44 79 88 12 66 77 55 58 67 72 87 78 10 17 20 40 68 74 6 37 59
31 84 31 6 48 52 77 79 84
64 71 64 82 44 79 88 12 24 71
34 5 34 59 5
65 54 65 77 79 88 48 52 64 44 55 58 54
33 67 33 78 44 55 58 67
21 6 21 26 88 48 52 71 82 44 55 58 68 69 76 27 5 6
63 81 63 75 80 81
28 55 28 87 72 88 12 24 71 82 44 55
40 33 40 41 66 78 10 17 33
22 6 22 31 6
9 75 9 50 82 44 55 58 68 69 72 53 88 48 75
20 86 20 56 16 45 77 55 58 54 86
69 16 69 76 27 5 88 48 52 64 0 20 56 16
62 75 62 13 28 6 71 82 44 79 88 48 75
74 72 74 6 77 55 67 72
39 81 39 63 65 9 71 82 44 55 58 68 72 53 80 81
34 10 34 79 88 12 24 71 82 44 55 67 72 87 78 10
31 17 31 56 64 71 82 44 55 67 72 87 78 10 17
2 30 2 78 10 30
15 50 15 30 50
77 10 77 79 88 12 45 64 0 27 36 50 82 44 55 67 72 87 78 10
25 71 25 79 88 48 52 71
23 36 23 37 36
58 83 58 54 81 83
22 10 22 43 66 78 10
31 66 31 56 82 44 55 58 68 74 6 37 72 53 88 12 66
49 71 49 69 72 44 55 58 68 74 6 16 35 59 64 71
27 53 27 78 44 55 67 72 53
42 20 42 62 13 20
13 29 13 29
1 72 1 13 74 58 68 72
1 48 1 23 5 72 53 88 12 29 48
33 36 33 45 50 82 44 55 67 72 88 12 24 27 36
19 64 19 38 16 45 64
13 52 13 29 48 52
2 60 2 23 50 60
14 41 14 42 70 29 48 88 12 44 55 58 68 74 6 31 16 45 64 0 20 40 41
49 0 49 76 37 36 50 82 44 55 67 72 87 78 10 48 52 64 0
9 48 9 50 82 44 55 58 67 72 88 48
58 73 58 68 72 44 79 88 48 52 77 55 67 73
25 44 25 62 72 53 88 12 24 71 82 44
68 9 68 9
8 44 8 28 77 55 67 72 44
59 84 59 24 27 44 84
56 51 56 74 6 77 79 88 12 29 48 75 82 44 55 58 68 69 51
72 79 72 87 78 10 24 71 82 44 79
2 50 2 9 50
38 25 38 65 9 71 82 44 79 88 12 29 48 52 77 55 67 72 87 78 10 24 27 5 64 0 20 40 25
38 67 38 13 26 17 70 82 44 55 58 67
15 79 15 41 57 63 65 77 79
11 80 11 59 24 71 82 44 55 67 72 53 88 48 75 80
85 71 85 88 12 66 78 10 24 71
59 50 59 64 0 27 88 48 52 71 82 44 55 58 68 9 36 50
72 44 72 53 88 48 75 82 44
46 70 46 88 12 24 27 78 10 17 70
42 89 42 63 65 77 79 88 12 29 48 52 71 82 44 55 58 68 9 50 60 84 89
7 71 7 64 71
38 55 38 65 77 79 88 12 44 55
28 0 28 41 57 78 10 24 71 82 44 79 88 48 52 64 0
58 67 58 68 9 36 37 49 72 87 78 10 30 48 75 82 44 79 88 12 45 77 55 67
23 0 23 66 78 10 17 58 67 82 44 79 88 48 52 64 0
64 45 64 0 45
20 24 20 39 76 37 59 24
43 81 43 44 79 88 12 72 53 80 81
2 72 2 23 66 77 79 88 12 37 72
87 50 87 78 10 30 50
18 13 18 22 9 62 13
7 84 7 89 84
64 50 64 71 82 44 79 88 48 52 77 55 58 68 9 50
35 41 35 41
85 82 85 57 63 29 48 52 64 71 82
38 66 38 13 10 48 52 71 82 44 79 88 12 66
46 51 46 88 12 29 48 75 82 44 55 67 72 87 78 10 17 33 51
1 89 1 37 49 88 48 52 71 82 44 55 84 89
82 0 82 44 55 67 72 87 78 10 48 52 64 0
28 17 28 68 74 6 16 29 48 75 82 44 55 58 67 72 87 78 10 17
28 30 28 87 78 10 30
49 34 49 76 37 36 50 82 44 79 88 48 52 77 55 58 68 69 72 87 78 10 30 34
62 75 62 72 44 55 58 68 9 20 48 75
65 58 65 77 79 88 12 75 82 44 55 58
78 24 78 10 24
19 34 19 82 44 55 58 77 79 88 48 52 64 0 20 40 78 10 30 34
30 66 30 34 29 48 52 77 79 88 12 66
59 81 59 5 75 80 81
69 53 69 72 53
31 83 31 16 35 39 63 75 80 81 83
22 9 22 9
39 0 39 65 77 79 88 12 29 48 52 71 82 44 55 58 68 74 6 16 45 64 0
30 71 30 52 71
74 43 74 6 31 43
58 67 58 68 69 51 67
64 84 64 82 44 79 88 12 45 77 89 84
43 54 43 44 55 58 54
76 30 76 27 79 88 12 72 87 78 10 30
68 37 68 74 6 37
27 54 27 5 72 44 55 58 54
14 78 14 28 88 48 75 82 44 55 67 72 87 78
72 48 72 53 88 48
1 32 1 49 88 48 52 77 55 67 72 87 78 10 30 34 59 64 0 13 26 42 51 17 32
34 79 34 79
34 66 34 29 48 75 82 44 79 88 12 66
14 10 14 59 5 6 37 72 88 12 29 48 52 64 0 10
34 45 34 0 45
35 0 35 59 5 52 64 0
1 58 1 49 88 12 24 71 82 44 55 58
46 80 46 88 48 75 80
82 75 82 44 55 58 68 72 88 12 75
4 27 4 30 48 75 82 44 79 88 12 66 77 55 67 72 87 78 10 24 27
22 52 22 43 52
74 16 74 6 16
15 73 15 41 49 76 37 59 64 71 82 44 79 88 12 72 87 78 10 17 58 67 73
85 63 85 57 63
14 44 14 59 5 6 45 77 55 58 67 72 44
16 24 16 45 77 79 88 12 44 55 67 72 87 78 10 24
18 80 18 59 5 88 48 75 82 44 55 58 67 72 53 80
22 79 22 9 62 72 87 78 44 79
37 17 37 51 17
3 17 3 38 16 87 78 10 17
21 79 21 42 51 67 72 44 79
56 84 56 74 6 71 82 44 55 58 68 69 72 53 88 48 52 77 79 84
40 9 40 68 9
14 83 14 9 71 82 44 55 84 89 83
43 84 43 66 77 89 84
3 51 3 30 50 82 44 55 58 68 69 51
40 80 40 41 50 82 44 55 58 68 69 51 80
30 84 30 34 59 24 27 36 37 51 84
40 88 40 25 5 6 48 75 82 44 79 88
30 66 30 52 71 82 44 79 88 12 66
49 71 49 69 76 27 44 79 88 48 52 71
65 52 65 77 55 67 82 44 79 88 48 52
59 32 59 24 71 82 44 55 58 68 74 6 45 77 79 88 12 29 48 52 64 0 20 32
4 34 4 30 34
69 5 69 76 27 5
8 75 8 9 71 82 44 79 88 12 29 48 75
38 26 38 13 26
37 66 37 51 17 70 29 48 75 82 44 79 88 12 66
69 37 69 76 37
51 75 51 17 58 67 72 88 48 75
15 41 15 41
69 44 69 76 27 44
85 77 85 88 12 66 77
76 17 76 27 78 10 17
15 9 15 41 63 65 9
56 45 56 64 82 44 55 67 72 53 88 12 45
49 45 49 72 53 88 12 45
63 50 63 29 48 88 12 45 50
39 67 39 76 27 5 75 88 48 52 77 55 58 68 69 51 67
42 89 42 70 82 44 84 89
87 67 87 78 44 55 67
21 73 21 26 28 68 72 44 55 58 67 73
37 75 37 44 79 88 12 29 48 75
40 20 40 68 9 20
56 71 56 64 0 27 44 79 88 48 52 71
60 84 60 84
37 48 37 48
59 71 59 24 71
51 10 51 59 24 71 82 44 79 88 12 29 48 52 64 0 10
51 50 51 59 24 27 36 50
31 29 31 6 16 87 78 44 79 88 12 29
21 26 21 26
31 67 31 16 35 59 64 82 44 55 67
70 86 70 82 44 55 58 68 74 6 86
11 70 11 70
19 32 19 56 16 45 64 44 79 88 12 66 77 55 58 68 72 87 78 10 17 32
82 44 82 44
87 29 87 78 10 24 71 82 44 55 58 67 72 53 88 12 29
40 67 40 25 12 29 48 75 82 44 55 67
39 55 39 63 75 88 48 52 77 55
69 71 69 51 59 5 52 71
8 32 8 70 29 48 52 77 55 58 68 72 87 78 10 17 32
85 82 85 57 72 53 88 12 29 48 52 77 55 58 67 82
1 32 1 49 69 51 17 32
4 86 4 30 34 29 48 88 12 45 64 86
49 6 49 72 87 78 10 17 20 55 58 68 74 6
42 45 42 51 67 72 88 12 66 77 55 58 68 74 6 31 16 35 41 45
16 66 16 45 77 79 88 12 66
7 53 7 14 28 64 71 82 44 79 88 12 24 27 5 52 77 55 67 72 53
11 37 11 68 74 58 77 79 88 12 37
16 36 16 29 48 75 82 44 79 88 12 66 78 10 24 27 36
30 10 30 52 71 82 44 55 67 72 87 78 10
57 71 57 24 27 5 6 37 36 59 64 71
87 6 87 78 10 17 20 56 74 6
18 51 18 51
18 89 18 59 24 89
14 51 14 51
18 79 18 59 5 6 88 48 75 82 44 55 58 77 79
19 78 19 62 13 10 48 88 12 66 78
68 82 68 9 62 72 87 78 44 79 88 48 75 82
88 17 88 12 72 87 78 10 17
38 9 38 16 87 78 44 55 58 68 9
76 29 76 27 79 88 12 29
19 86 19 69 51 59 24 71 82 44 55 58 68 74 6 48 52 77 79 88 12 66 78 10 30 34 0 45 64 86
21 24 21 58 68 9 36 59 24
62 13 62 13
20 75 20 88 48 75
57 45 57 24 71 82 44 79 88 12 45
21 37 21 82 44 55 58 68 9 36 37
78 83 78 10 17 33 62 72 88 12 66 77 89 83
28 66 28 68 74 6 77 55 67 82 44 79 88 12 66
31 67 31 6 45 77 79 88 48 52 64 44 55 67
14 25 14 25
63 79 63 65 9 71 82 44 55 58 77 79
69 37 69 72 87 78 44 55 58 68 74 6 37
15 41 15 41
20 17 20 39 87 72 53 88 12 29 48 52 64 0 10 17
11 60 11 78 44 79 88 12 60
56 24 56 82 44 79 88 12 72 87 78 10 24
25 80 25 63 65 9 36 37 44 55 67 72 53 88 48 75 80
6 45 6 45
49 43 49 88 12 44 55 58 68 74 6 31 43
78 54 78 44 55 58 54
3 0 3 64 0
38 17 38 13 74 6 45 77 79 88 48 75 82 44 55 58 68 9 62 72 87 78 10 17
14 29 14 25 38 16 35 41 76 27 36 59 24 71 82 44 55 58 77 79 88 12 29
74 27 74 6 37 48 52 77 79 88 12 24 27
43 55 43 66 77 79 88 12 29 48 52 64 71 82 44 55
40 50 40 25 85 23 50
35 0 35 59 24 71 82 44 55 58 67 72 87 78 10 48 52 64 0
68 53 68 72 53
30 71 30 50 82 44 79 88 48 52 64 0 20 40 68 9 71
87 45 87 72 44 79 88 12 24 27 78 10 30 52 64 0 45
74 66 74 58 67 82 44 79 88 12 72 87 78 10 48 52 64 0 20 40 41 66
70 66 70 82 44 79 88 12 66
4 43 4 49 69 51 67 82 44 79 88 48 52 64 0 13 74 6 31 43
8 59 8 62 20 48 75 88 12 24 27 36 59
72 83 72 87 78 44 84 89 83
26 81 26 17 33 51 80 81
65 73 65 77 55 58 67 72 87 78 44 79 88 12 73
63 0 63 75 88 12 45 64 0
68 20 68 9 20
35 50 35 64 71 82 44 55 58 77 79 88 12 45 50
85 72 85 88 48 75 82 44 55 67 72
15 5 15 30 52 77 79 88 12 29 48 75 82 44 55 58 68 72 87 78 10 24 27 5
16 48 16 29 48
22 67 22 43 66 77 79 88 48 75 82 44 55 67
77 86 77 79 88 48 52 71 82 44 55 67 72 86
70 29 70 29
74 26 74 6 45 64 82 44 79 88 12 24 27 78 10 17 20 40 41 66 77 55 58 68 9 62 13 26
68 10 68 9 71 82 44 55 67 72 87 78 10
57 86 57 72 53 88 48 52 64 0 20 39 65 77 55 58 54 86
85 67 85 88 48 52 64 71 82 44 55 67
35 72 35 39 64 82 44 55 58 67 72
19 58 19 82 44 55 58
33 54 33 78 10 30 52 77 79 88 12 45 50 82 44 55 58 54
76 59 76 37 77 55 58 68 69 51 59
1 34 1 37 51 67 72 87 78 10 30 34
42 30 42 63 29 48 52 71 82 44 55 67 72 53 88 12 24 27 78 10 30
85 71 85 23 49 72 53 88 12 37 76 27 36 50 82 44 55 58 68 69 51 59 24 71
4 89 4 82 44 84 89
27 44 27 88 12 29 48 52 64 82 44
2 81 2 23 49 72 88 48 52 80 81
76 89 76 37 36 59 64 0 10 24 89
65 59 65 9 71 82 44 79 88 12 24 27 36 59
6 24 6 45 50 82 44 55 67 72 87 78 10 24
72 81 72 53 80 81
37 80 37 52 71 82 44 79 88 48 75 80
38 88 38 13 28 35 64 82 44 79 88
1 7 1 7
25 66 25 33 45 64 0 10 30 50 82 44 79 88 12 66
2 34 2 78 10 30 34
21 9 21 82 44 79 88 12 72 87 78 10 24 27 5 64 0 20 39 65 9
28 41 28 41
34 53 34 29 48 52 71 82 44 79 88 12 72 53
2 60 2 56 16 45 64 71 82 44 55 58 77 79 88 12 37 76 27 36 50 60
68 51 68 69 51
21 52 21 20 48 52
14 9 14 28 82 44 55 58 68 9
74 54 74 58 54
11 16 11 68 9 62 20 56 16
37 36 37 49 88 48 52 71 82 44 55 67 72 87 78 10 24 27 36
19 66 19 43 87 72 88 12 66
68 72 68 74 58 77 55 67 72
18 45 18 22 43 44 79 88 12 45
39 53 39 64 71 82 44 55 67 72 53
43 55 43 87 72 44 55
69 80 69 76 37 51 80
8 41 8 41
22 6 22 31 56 74 6
51 86 51 67 72 86
26 52 26 10 48 52
56 59 56 27 88 12 37 51 59
57 80 57 24 71 82 44 79 88 12 29 48 75 80
28 44 28 35 39 87 78 44
58 45 58 77 79 88 12 45
46 29 46 88 48 75 82 44 55 58 68 74 6 31 16 29
41 81 41 49 69 76 37 77 55 58 54 81
40 13 40 25 62 13
46 75 46 88 48 75
13 48 13 68 9 71 82 44 79 88 48
68 41 68 9 36 37 52 71 82 44 55 67 72 87 78 10 48 88 12 45 64 0 13 26 17 20 40 41
4 86 4 70 29 48 75 82 44 55 58 54 86
2 41 2 56 74 58 68 69 72 87 78 10 17 20 40 41
8 80 8 9 71 82 44 55 58 77 79 88 48 75 80
49 37 49 88 12 37
56 59 56 16 35 59
64 75 64 44 79 88 12 24 27 5 75
69 48 69 76 27 88 48
15 77 15 26 42 62 20 39 63 29 48 88 12 45 77
40 25 40 25
57 55 57 63 75 88 12 24 27 44 55
58 79 58 77 79
46 86 46 88 48 75 82 44 55 67 72 86
65 60 65 77 55 58 68 74 6 16 45 50 60
21 86 21 42 70 82 44 55 58 54 86
64 53 64 82 44 55 67 72 53
33 53 33 49 69 76 27 5 64 0 10 24 71 82 44 55 58 67 72 53
70 67 70 82 44 55 67
2 88 2 9 71 82 44 79 88
68 77 68 69 72 53 88 48 75 82 44 55 58 77
41 54 41 45 77 55 58 54
87 73 87 78 10 17 20 56 16 29 48 88 12 73
21 10 21 26 28 35 39 65 9 36 37 51 59 5 52 71 82 44 79 88 12 66 78 10
46 81 46 88 48 52 80 81
34 45 34 0 10 30 48 75 88 12 45
49 20 49 76 37 59 24 71 82 44 55 67 72 87 78 10 17 33 62 13 26 28 64 0 20
49 60 49 69 72 87 78 10 17 60
64 36 64 71 82 44 55 67 72 88 12 37 36
64 55 64 71 82 44 55
38 52 38 65 77 79 88 12 24 27 36 59 5 52
11 34 11 59 5 64 0 13 28 37 52 77 79 88 48 75 82 44 55 67 72 87 78 10 30 34
46 13 46 88 48 52 64 0 13
38 32 38 13 28 37 44 55 58 68 72 87 78 10 17 20 32
27 36 27 78 44 79 88 12 37 36
74 84 74 58 77 89 84
31 48 31 56 16 45 64 71 82 44 55 67 72 87 78 10 17 20 39 63 65 9 62 13 68 74 58 77 79 88 12 29 48
38 32 38 65 77 55 67 72 87 78 10 30 52 71 82 44 79 88 12 37 51 17 32
19 41 19 38 65 9 62 13 28 35 41
40 10 40 78 10
8 36 8 70 29 48 52 71 82 44 79 88 12 66 77 55 58 68 72 87 78 10 24 27 36
34 0 34 0
16 5 16 87 78 44 55 58 77 79 88 12 37 36 59 5
14 53 14 42 70 29 48 88 12 37 77 55 58 67 72 53
35 52 35 64 0 10 48 52
22 83 22 31 68 72 53 84 89 83
85 13 85 57 12 24 71 82 44 79 88 48 52 77 55 58 67 72 87 78 10 17 33 51 59 64 0 13
65 88 65 9 36 37 59 64 0 13 20 55 67 72 87 78 44 79 88
18 16 18 76 27 5 6 16
40 78 40 78
85 80 85 23 66 78 10 17 33 51 80
87 70 87 78 10 17 70
11 83 11 59 5 79 83
21 48 21 26 10 48
62 30 62 20 88 48 75 82 44 55 58 67 72 87 78 10 30
18 75 18 20 55 58 67 72 88 48 75
35 36 35 39 63 29 48 52 71 82 44 79 88 12 66 78 10 24 27 36
40 55 40 25 33 45 77 55
35 48 35 41 76 37 36 50 82 44 79 88 48
16 83 16 87 72 44 55 84 89 83
87 58 87 72 44 55 58
40 0 40 41 49 76 27 78 10 30 34 0
8 13 8 62 13
1 82 1 23 37 36 59 24 27 44 79 88 12 45 50 82
76 17 76 37 51 17
85 48 85 88 12 29 48
87 0 87 78 44 55 67 72 53 88 12 37 51 59 5 64 0
46 16 46 88 48 75 82 44 55 58 68 74 6 16
40 9 40 68 9
38 73 38 13 74 58 67 82 73
19 50 19 25 38 13 0 27 5 6 77 79 88 12 50
87 82 87 72 53 88 48 75 82
22 82 22 9 62 20 88 12 44 55 67 82
14 6 14 34 29 48 88 12 37 36 59 64 82 44 55 58 67 72 87 78 10 17 20 56 74 6
6 66 6 48 52 64 44 79 88 12 66
4 5 4 72 87 78 10 48 52 77 79 88 12 45 64 44 55 58 68 74 6 16 35 39 65 9 20 56 27 36 59 5
37 0 37 52 64 0
63 67 63 65 9 62 72 88 12 37 51 17 33 45 50 82 44 55 58 67
58 67 58 67
46 12 46 88 12
62 44 62 13 10 17 78 44
1 24 1 49 69 72 87 78 10 24
4 83 4 23 5 52 71 82 44 84 89 83
6 0 6 37 59 24 71 82 44 79 88 48 52 64 0
26 67 26 28 6 77 55 58 67
85 33 85 23 49 72 88 48 52 77 55 58 68 69 51 17 33
72 24 72 87 78 44 79 88 48 52 64 0 10 17 33 49 76 37 59 24
33 17 33 51 17
58 54 58 54
20 44 20 88 48 75 82 44
8 6 8 70 29 48 75 82 44 55 67 72 53 88 12 37 51 59 5 6
58 54 58 54
78 0 78 10 24 71 82 44 79 88 12 45 64 0
39 78 39 87 78
33 44 33 78 10 48 75 82 44
51 48 51 59 5 72 53 88 48
22 58 22 31 68 9 36 37 48 52 71 82 44 55 58
70 79 70 29 48 88 12 72 87 78 10 17 33 49 69 76 27 36 37 44 79
59 24 59 24
88 53 88 48 75 82 44 55 58 67 72 53
1 79 1 39 76 37 77 55 67 72 88 12 29 48 52 64 82 44 79
4 71 4 70 29 48 52 71
8 81 8 70 81
87 24 87 78 10 24
56 45 56 16 87 78 10 48 75 82 44 79 88 12 45
41 0 41 76 37 59 24 27 36 50 82 44 79 88 12 66 78 10 17 20 56 16 45 64 0
28 54 28 77 55 58 54
39 48 39 87 72 53 88 48
62 84 62 20 40 41 49 89 84
58 71 58 77 79 88 12 66 78 10 24 27 5 52 71
27 29 27 79 88 12 29
2 48 2 33 51 59 64 44 55 67 72 87 78 10 48
8 88 8 62 72 88
76 71 76 27 78 10 24 71
56 70 56 82 44 55 58 77 79 88 12 45 64 0 13 28 68 72 87 78 10 17 70
4 24 4 72 87 78 10 24
65 43 65 9 71 82 44 79 88 48 52 64 0 20 56 16 45 77 55 58 67 72 87 78 10 24 27 5 6 31 43
43 80 43 66 78 10 48 75 80
15 78 15 26 17 78
41 71 41 45 50 82 44 55 58 68 9 62 13 74 6 77 79 88 48 52 64 71
28 84 28 87 72 88 48 52 71 82 44 84
88 54 88 48 52 77 55 58 54
69 26 69 51 67 72 87 78 10 24 71 82 44 79 88 48 52 77 55 58 68 9 62 13 26
28 86 28 6 31 68 74 58 67 72 86
46 45 46 88 12 45
1 66 1 2 23 66
62 5 62 13 26 10 30 48 52 77 55 58 68 69 51 59 5
69 82 69 76 27 88 48 52 64 44 55 58 67 82
19 48 19 62 13 29 48
76 17 76 37 44 55 58 68 69 51 17
20 5 20 88 48 52 77 55 58 67 72 87 78 10 24 27 5
22 34 22 34
6 0 6 71 82 44 79 88 48 52 64 0
37 73 37 52 77 79 88 48 75 82 73
49 27 49 69 51 67 72 87 78 44 79 88 12 37 76 27
58 17 58 68 69 51 17
64 32 64 0 10 17 33 32
65 55 65 77 55
26 73 26 73
18 29 18 51 17 70 29
8 36 8 40 68 69 76 27 36
74 83 74 58 68 69 72 87 78 10 24 27 88 12 75 82 44 79 84 89 83
4 17 4 74 6 48 88 12 75 82 44 55 58 68 72 87 78 10 17
38 24 38 16 87 78 10 17 70 82 44 55 58 77 79 88 12 24
40 33 40 25 33
9 54 9 50 82 44 55 58 54
4 80 4 58 77 79 88 48 52 71 82 44 55 67 72 53 80
76 0 76 27 5 64 0
1 73 1 37 49 72 88 12 73
39 13 39 87 72 88 48 52 64 0 13
22 5 22 34 59 5
85 53 85 57 63 65 9 36 37 48 75 82 44 55 67 72 53
62 12 62 20 48 75 88 12
76 27 76 37 51 59 24 27
13 83 13 68 69 51 80 81 83
19 55 19 43 87 72 53 88 12 66 78 44 55
76 33 76 27 36 37 52 77 79 88 12 24 71 82 44 55 67 72 87 78 10 17 33
33 86 33 45 50 82 44 79 88 48 52 77 55 67 72 87 78 10 17 58 54 86
70 12 70 82 44 55 58 77 79 88 12
26 44 26 28 37 49 88 12 44
39 73 39 65 9 71 82 73
30 86 30 50 82 44 79 88 48 52 64 86
51 71 51 17 33 45 64 71
49 54 49 69 51 67 72 88 12 50 82 44 55 58 54
34 5 34 0 10 48 75 88 12 37 59 24 27 5
19 83 19 72 53 88 48 75 80 81 83
14 71 14 25 62 13 68 69 51 67 82 44 55 58 77 79 88 48 52 64 71
14 10 14 34 59 24 27 36 37 52 64 71 82 44 55 58 68 9 62 13 10
1 79 1 78 10 48 88 12 24 71 82 44 55 58 68 69 76 27 79
62 10 62 20 48 88 12 44 55 67 72 87 78 10
27 84 27 88 48 52 71 82 44 79 84
18 51 18 51
3 79 3 9 36 59 64 44 79
72 10 72 87 78 10
49 50 49 76 37 36 50
19 44 19 69 76 37 59 5 72 44
58 79 58 68 74 6 16 87 78 10 24 27 44 79
68 79 68 74 6 37 49 76 27 5 72 53 88 12 24 71 82 44 55 58 77 79
59 5 59 5
22 24 22 34 59 24
46 48 46 88 48
14 34 14 34
31 78 31 68 9 62 72 87 78
59 86 59 64 0 13 10 48 52 77 79 88 12 50 82 44 55 58 54 86
65 67 65 9 36 37 52 77 79 88 48 75 82 44 55 67
56 83 56 16 87 72 44 79 83
42 58 42 70 82 44 55 58
30 0 30 50 82 44 55 67 72 53 88 12 45 64 0
72 75 72 88 48 75
85 63 85 57 63
37 61 37 48 88 12 66 78 10 17 33 61
18 60 18 22 9 50 60
28 27 28 41 49 69 51 67 82 44 79 88 12 37 77 55 58 68 72 87 78 10 24 27
43 54 43 52 77 79 88 48 75 82 44 55 58 54
20 86 20 40 68 69 72 88 48 52 71 82 44 55 58 54 86
69 66 69 72 88 12 37 44 55 58 68 74 6 31 43 66
82 55 82 44 55
18 89 18 59 5 6 71 82 44 79 84 89
70 55 70 82 44 55
65 33 65 9 62 13 26 17 33
59 53 59 64 82 44 55 67 72 53
74 59 74 58 77 79 88 12 75 82 44 55 67 72 87 78 10 17 20 40 41 49 69 51 59
46 55 46 88 48 75 82 44 55
35 50 35 59 24 71 82 44 79 88 12 45 50
18 26 18 22 9 71 82 44 55 58 68 74 6 31 56 16 45 64 0 13 26
8 51 8 62 72 87 78 10 30 34 29 48 52 77 79 88 12 24 27 36 37 51
33 81 33 51 80 81
14 25 14 25
40 89 40 41 76 37 52 64 71 82 44 84 89
11 75 11 70 82 44 55 58 77 79 88 48 75
33 75 33 45 64 44 79 88 48 75
4 6 4 74 6
76 79 76 27 88 48 52 77 55 58 68 69 51 67 82 44 79
46 6 46 88 12 37 59 5 6
78 53 78 44 79 88 48 52 64 0 10 17 58 67 72 53
56 79 56 27 79
62 60 62 20 48 88 12 50 60
35 71 35 59 5 75 88 48 52 71
13 83 13 84 89 83
19 52 19 56 16 87 72 88 48 52
37 50 37 36 50
85 57 85 57
18 34 18 22 34
57 66 57 63 75 82 44 55 67 72 88 12 66
7 48 7 14 34 59 64 82 44 79 88 48
58 29 58 68 74 6 88 48 52 71 82 44 55 67 72 87 78 10 17 33 49 76 37 36 59 64 0 13 29
39 66 39 65 9 62 72 53 88 12 66
59 36 59 24 27 36
77 61 77 79 88 48 75 82 44 55 67 72 87 78 10 17 33 61
28 44 28 68 74 6 45 77 55 58 67 72 53 88 48 52 64 0 13 26 10 30 50 82 44
69 6 69 51 67 72 87 78 10 48 75 88 12 37 77 55 58 68 74 6
11 75 11 68 69 51 17 70 82 44 79 88 12 37 76 27 5 75
21 58 21 20 40 41 63 75 88 12 29 48 52 77 55 58
74 9 74 6 77 79 88 48 75 82 44 55 58 68 9
15 9 15 22 9
65 12 65 77 79 88 12
72 10 72 88 12 66 78 10
69 32 69 76 27 78 10 17 32
15 73 15 41 45 64 71 82 73
78 86 78 10 17 70 29 48 88 12 75 82 44 55 58 68 72 86
18 52 18 57 12 29 48 52
28 86 28 68 72 86
18 27 18 57 82 44 55 58 77 79 88 12 37 49 72 87 78 10 24 27
74 50 74 58 68 9 36 50
42 63 42 63
88 50 88 12 50
85 9 85 57 63 65 9
62 73 62 72 44 55 67 82 73
39 0 39 64 0
72 83 72 87 78 10 48 75 82 44 84 89 83
11 71 11 70 82 44 79 88 48 52 71
38 52 38 16 87 78 10 48 52
3 75 3 27 5 88 12 75
56 50 56 27 36 59 24 71 82 44 55 58 67 72 87 78 10 17 20 39 64 0 45 50
18 84 18 51 17 78 44 79 84
2 67 2 9 36 59 24 27 79 88 48 52 77 55 67
72 12 72 88 12
87 52 87 78 10 48 52
18 64 18 76 37 77 55 58 68 74 6 88 12 45 64
19 37 19 69 76 37
15 58 15 22 34 59 24 71 82 44 55 58
56 30 56 27 5 79 88 48 52 71 82 44 55 67 72 87 78 10 30
21 63 21 26 42 62 20 40 41 63
62 82 62 72 53 88 12 45 64 71 82
46 78 46 88 12 66 78
28 79 28 82 44 55 58 77 79
27 81 27 36 59 24 71 82 44 79 88 12 66 78 10 17 20 40 25 63 65 77 55 67 72 53 80 81
38 52 38 13 68 72 87 78 44 55 58 77 79 88 48 52
21 81 21 82 44 55 58 77 79 88 48 75 80 81
2 41 2 56 74 58 77 79 88 48 52 71 82 44 55 67 72 87 78 10 17 20 40 41
57 44 57 24 27 44
37 5 37 59 5
39 32 39 63 75 88 12 45 64 0 20 32
31 30 31 6 71 82 44 55 67 72 87 78 10 30
4 41 4 70 82 44 55 58 67 72 87 78 10 17 20 40 41
37 66 37 72 44 79 88 12 66
41 5 41 63 65 9 36 37 76 27 5
25 71 25 40 68 74 6 16 45 77 55 67 82 44 79 88 12 29 48 52 71
1 45 1 13 68 69 51 59 5 6 45
69 36 69 76 27 36
28 5 28 41 76 27 5
46 75 46 88 48 75
56 53 56 64 82 44 79 88 12 72 53
27 81 27 36 81
15 63 15 41 63
31 63 31 43 66 78 10 24 27 79 88 48 75 82 44 55 58 68 69 76 37 51 17 33 62 20 40 41 63
63 80 63 75 80
87 48 87 72 88 48
43 75 43 75
18 77 18 59 24 71 82 44 55 67 72 88 12 66 78 10 30 52 64 0 45 77
69 86 69 51 86
65 55 65 9 36 59 5 52 71 82 44 55
22 13 22 34 0 13
4 55 4 23 66 78 10 24 27 36 37 52 64 82 44 55
19 5 19 72 87 78 10 24 27 36 37 59 5
31 84 31 43 66 77 79 88 48 75 82 44 84
19 10 19 38 65 77 55 58 68 69 51 17 78 10
3 6 3 37 44 55 58 68 74 6
23 52 23 49 88 48 52
56 58 56 27 79 88 12 29 48 75 82 44 55 58
68 5 68 9 50 82 44 55 58 77 79 88 12 24 27 5
3 37 3 37
63 32 63 65 77 79 88 48 75 82 44 55 67 72 87 78 10 17 32
59 52 59 5 75 82 44 55 58 67 72 88 48 52
25 32 25 82 44 79 88 12 66 77 55 58 68 9 20 32
82 45 82 44 79 88 12 45
72 71 72 44 79 88 48 52 64 71
19 79 19 62 13 20 55 67 82 44 79
69 58 69 76 37 36 59 64 71 82 44 55 58
15 66 15 41 66
4 72 4 30 34 29 48 52 71 82 44 55 67 72
20 54 20 55 58 54
46 5 46 88 48 52 64 71 82 44 55 58 67 72 87 78 10 24 27 5
19 79 19 72 87 78 10 17 58 68 74 6 48 52 64 0 13 28 88 12 45 77 79
21 0 21 58 77 55 67 72 87 78 44 79 88 48 52 64 0
1 24 1 13 68 74 58 67 82 44 79 88 12 24
31 79 31 68 72 88 12 50 82 44 79
18 80 18 51 80
16 66 16 29 48 75 88 12 66
70 67 70 29 48 52 71 82 44 79 88 12 66 78 10 17 20 56 16 35 64 0 13 26 28 6 77 55 67
56 25 56 74 58 68 9 62 20 40 25
76 29 76 37 59 64 0 10 17 70 29
87 53 87 78 10 24 27 36 37 77 79 88 48 75 82 44 55 67 72 53
76 83 76 27 79 84 89 83
2 13 2 56 74 58 77 79 88 12 29 48 52 71 82 44 55 67 72 87 78 10 30 34 59 5 6 45 64 0 13
57 24 57 63 75 82 44 55 58 77 79 88 12 37 76 27 78 10 24
58 86 58 54 86
41 32 41 70 82 44 55 58 77 79 88 12 66 78 10 17 32
77 84 77 79 88 12 45 50 82 44 84
19 50 19 43 75 82 44 79 88 48 52 77 55 67 72 87 78 10 30 50
7 86 7 14 51 86
70 86 70 82 44 55 58 54 86
85 67 85 23 50 82 44 55 67
56 73 56 64 0 13 26 10 24 71 82 44 79 88 48 52 77 55 67 73
69 60 69 76 37 72 87 78 10 17 60
42 63 42 63
9 71 9 71
62 72 62 72
19 77 19 38 65 77
28 73 28 35 41 45 50 82 44 55 58 68 72 53 88 12 73
23 17 23 49 69 51 17
40 10 40 78 10
72 50 72 53 88 12 50
43 32 43 66 78 10 17 32
13 50 13 74 6 88 12 50
1 37 1 37
58 67 58 68 74 6 45 50 82 44 55 67
49 50 49 72 88 12 45 50
56 27 56 27
56 6 56 64 71 82 44 79 88 48 52 77 55 58 68 74 6
68 60 68 9 36 59 24 27 78 44 55 67 72 53 88 12 50 60
82 55 82 44 55
21 72 21 26 10 24 71 82 44 55 67 72
1 83 1 20 39 64 44 84 89 83
85 88 85 57 24 71 82 44 79 88
35 51 35 39 58 68 69 51
9 71 9 36 50 82 44 79 88 12 45 64 71
31 24 31 6 45 50 82 44 79 88 12 37 77 55 58 68 9 20 40 78 10 24
18 29 18 59 24 27 79 88 12 29
65 17 65 9 20 88 48 75 82 44 55 67 72 87 78 10 17
25 48 25 33 78 44 79 88 12 29 48
14 82 14 25 79 88 48 75 82
40 64 40 68 74 58 77 55 67 72 88 12 29 48 52 64
69 20 69 51 17 78 10 24 27 44 55 67 72 53 88 12 45 64 0 20
82 29 82 44 79 88 48 52 77 55 67 72 87 78 10 17 20 56 64 0 13 26 42 70 29
57 54 57 12 45 77 79 88 48 52 71 82 44 55 58 54
35 29 35 41 66 77 79 88 12 29
49 82 49 88 12 50 82
42 89 42 63 65 77 55 58 68 9 71 82 44 79 84 89
76 71 76 37 48 52 64 82 44 55 58 68 9 71
8 36 8 70 29 48 52 71 82 44 79 88 12 37 36
33 73 33 49 69 51 59 24 73
82 54 82 44 55 58 54
51 71 51 67 82 44 55 58 77 79 88 12 37 48 52 64 71
56 32 56 74 58 67 72 87 78 10 17 20 32
59 67 59 5 88 48 75 82 44 55 67
33 53 33 51 67 72 53
40 72 40 25 5 79 88 48 52 64 44 55 67 72
65 72 65 77 79 88 48 52 64 82 44 55 58 68 9 20 40 78 10 30 34 59 24 27 36 37 49 69 72
46 48 46 88 48
15 78 15 22 34 59 5 72 87 78
1 77 1 13 10 17 70 29 48 75 82 44 79 88 12 66 77
11 55 11 68 69 72 44 79 88 12 45 77 55
3 81 3 9 50 82 44 55 67 72 87 78 10 17 70 81
22 43 22 43
88 75 88 12 75
70 84 70 82 44 84
40 84 40 25 79 84
1 29 1 7 43 52 71 82 44 79 88 12 29
42 59 42 51 59
57 45 57 12 24 71 82 44 79 88 48 52 64 0 45
21 75 21 42 63 29 48 88 12 75
34 61 34 59 24 71 82 44 79 88 12 66 77 55 67 72 87 78 10 17 33 61
11 82 11 70 82
35 55 35 39 65 9 71 82 44 55
6 73 6 37 48 52 64 82 73
59 66 59 5 72 88 12 66
40 75 40 78 10 48 88 12 75
34 54 34 79 88 48 52 77 55 58 54
42 73 42 63 65 77 79 88 48 75 82 44 55 67 73
33 79 33 78 10 24 71 82 44 79
27 44 27 44
39 89 39 87 72 88 12 29 48 52 71 82 44 55 84 89
63 61 63 29 48 52 71 82 44 55 58 77 79 88 12 24 27 78 10 17 33 61
62 84 62 13 26 10 24 89 84
57 84 57 78 10 17 33 49 89 84
41 81 41 45 50 82 44 79 88 48 75 80 81
20 83 20 39 63 29 48 88 12 44 84 89 83
69 86 69 51 59 5 64 71 82 44 55 67 72 86
69 51 69 51
22 33 22 31 56 16 35 59 24 71 82 44 79 88 12 29 48 52 64 0 10 17 33
87 9 87 72 53 88 12 37 59 64 0 10 24 71 82 44 55 58 68 9
14 67 14 42 70 82 44 55 67
4 64 4 70 82 44 55 58 68 74 6 31 43 52 64
85 13 85 88 12 45 64 82 44 55 67 72 87 78 10 30 34 0 13
25 12 25 35 59 64 0 45 77 79 88 12
1 51 1 23 50 82 44 55 58 68 69 51
64 5 64 44 55 58 68 74 6 16 87 78 10 24 27 36 59 5
1 29 1 13 0 45 64 82 44 55 58 67 72 87 78 10 17 70 29
2 59 2 78 10 17 70 82 44 79 88 12 37 59
51 36 51 17 33 78 44 79 88 48 52 64 0 27 36
78 0 78 10 30 48 52 71 82 44 55 67 72 53 88 12 24 27 36 37 59 64 0
38 59 38 13 74 6 45 77 79 88 48 52 64 0 27 36 59
49 71 49 69 51 59 24 71
59 73 59 24 27 44 55 58 77 79 88 12 37 48 52 71 82 73
4 30 4 30
37 55 37 77 55
8 48 8 70 82 44 55 67 72 87 78 10 30 48
4 84 4 70 82 44 55 67 72 87 78 10 17 60 84
15 86 15 22 9 36 59 24 27 5 52 77 79 88 48 75 82 44 55 58 67 72 86
20 0 20 55 67 82 44 79 88 48 52 64 0
85 67 85 23 49 69 51 67
76 53 76 27 5 64 71 82 44 55 58 68 9 20 40 41 45 77 79 88 12 72 53
74 48 74 58 77 55 67 72 44 79 88 48
39 24 39 76 27 78 10 24
42 79 42 51 67 82 44 79
14 17 14 51 67 72 87 78 10 17
88 12 88 12
87 86 87 78 10 48 52 64 86
40 84 40 25 33 62 72 53 88 48 75 82 44 55 84
62 43 62 13 20 56 74 6 31 43
30 45 30 50 82 44 55 58 68 9 36 59 5 64 0 45
13 10 13 29 48 75 82 44 55 58 67 72 87 78 10
49 89 49 76 37 52 77 79 88 12 66 78 10 48 75 82 44 84 89
4 32 4 58 77 79 88 48 75 82 44 55 67 72 87 78 10 17 32
85 5 85 23 5
69 58 69 51 17 58
4 5 4 23 49 72 87 78 10 48 52 77 79 88 12 24 71 82 44 55 58 68 69 76 27 36 59 5
25 75 25 35 59 5 75
85 37 85 23 37
8 12 8 28 6 31 56 16 87 72 88 12
37 71 37 44 79 88 12 29 48 52 64 71
1 34 1 7 14 34
39 29 39 76 37 59 64 71 82 44 79 88 12 29
13 84 13 20 88 12 37 44 79 84
30 73 30 52 64 44 79 88 48 75 82 73
40 5 40 78 10 24 27 36 59 5
14 37 14 34 0 27 36 37
51 55 51 17 20 88 48 75 82 44 55
16 86 16 35 39 58 68 9 20 88 12 24 71 82 44 55 67 72 86
65 82 65 9 62 20 39 58 67 82
43 55 43 66 77 55
68 0 68 69 72 87 78 44 79 88 48 52 64 0
7 66 7 14 28 6 45 77 55 67 82 44 79 88 12 66
34 36 34 59 24 27 36
20 50 20 88 12 50
21 78 21 26 17 78
14 82 14 9 50 82
35 50 35 41 50
65 67 65 77 79 88 48 52 64 44 55 67
33 10 33 62 20 40 41 63 29 48 75 88 12 24 27 5 64 0 13 68 72 87 78 10
1 73 1 23 5 6 31 56 27 36 37 48 52 77 79 88 12 44 55 67 73
82 52 82 44 55 58 68 9 62 20 39 63 75 88 48 52
2 32 2 78 10 48 88 12 37 51 17 32
18 12 18 20 48 75 88 12
2 9 2 9
18 86 18 59 5 6 31 16 35 39 87 78 10 17 70 82 44 55 58 77 79 88 12 29 48 52 64 86
25 81 25 82 44 79 88 12 75 80 81
16 10 16 35 64 71 82 44 55 58 68 9 62 13 0 10
35 86 35 39 58 77 79 88 48 52 71 82 44 55 67 72 86
38 71 38 16 35 64 0 20 39 65 9 71
34 66 34 59 64 71 82 44 55 67 72 53 88 12 66
3 50 3 38 16 35 41 63 75 88 48 52 64 44 55 58 67 72 87 78 10 30 50
15 79 15 30 52 71 82 44 79
68 73 68 69 72 88 48 52 71 82 73
49 58 49 72 88 12 45 64 82 44 55 58
13 44 13 20 39 65 9 50 82 44
56 12 56 82 44 55 58 67 72 87 78 10 17 70 29 48 75 88 12
43 83 43 44 79 83
41 79 41 50 82 44 79
82 66 82 44 55 67 72 87 78 10 17 33 51 59 24 27 79 88 12 66
14 86 14 51 86
49 61 49 88 48 75 82 44 55 67 72 87 78 10 17 33 61
78 50 78 44 55 58 68 9 50
15 52 15 30 48 52
72 5 72 87 78 44 55 58 77 79 88 12 24 27 5
15 43 15 22 31 43
18 66 18 20 55 58 68 72 87 78 10 17 70 82 44 79 88 12 66
62 77 62 13 0 45 77
62 6 62 72 87 78 10 17 20 39 76 37 77 79 88 48 75 82 44 55 58 68 74 6
25 73 25 62 20 73
14 34 14 34
87 32 87 78 10 17 32
69 61 69 72 44 79 88 12 66 78 10 17 33 61
43 50 43 52 71 82 44 55 58 67 72 53 88 12 37 36 50
43 44 43 44
70 12 70 29 48 88 12
39 52 39 58 68 69 72 87 78 44 79 88 12 29 48 52
63 61 63 65 9 62 72 53 88 12 37 51 17 33 61
14 82 14 42 63 75 82
76 33 76 27 44 55 67 72 87 78 10 17 33
49 24 49 88 48 52 71 82 44 55 58 67 72 87 78 10 24
76 24 76 27 5 64 71 82 44 55 58 67 72 87 78 10 48 88 12 24
31 60 31 43 44 55 58 77 79 88 12 60
69 86 69 72 44 55 58 68 74 6 16 35 39 64 86
68 44 68 72 88 12 75 82 44
13 73 13 29 48 88 12 75 82 44 55 67 73
16 86 16 45 77 79 88 48 52 71 82 44 55 58 54 86
33 71 33 78 10 17 58 68 9 71
74 59 74 6 16 35 41 45 64 44 55 67 72 87 78 10 17 58 77 79 88 12 37 36 59
39 27 39 76 37 49 88 48 52 64 0 20 56 27
26 53 26 28 6 48 88 12 50 82 44 55 67 72 53
8 64 8 28 64
19 77 19 82 44 55 67 72 87 78 10 17 70 29 48 75 88 12 66 77
87 24 87 78 44 79 88 12 24
25 24 25 63 29 48 75 82 44 55 67 72 88 12 24
2 5 2 9 50 82 44 79 88 12 37 49 76 27 5
41 44 41 63 75 82 44
51 86 51 86
34 29 34 29
37 17 37 52 77 79 88 48 75 82 44 55 58 67 72 87 78 10 17
2 48 2 82 44 55 67 72 53 88 48
46 24 46 88 12 24
56 82 56 82
51 84 51 17 78 10 30 44 79 88 12 45 50 60 84
74 25 74 58 68 9 20 40 25
46 72 46 88 48 52 71 82 44 55 58 67 72
58 80 58 77 55 67 82 44 79 88 48 75 80
59 52 59 5 6 16 87 72 44 79 88 48 52
8 55 8 70 29 48 75 88 12 37 59 24 27 44 55
40 50 40 41 57 24 71 82 44 55 58 68 69 76 27 88 12 50
65 81 65 9 62 13 26 88 12 45 77 55 67 72 53 80 81
35 17 35 41 49 69 76 37 51 17
16 83 16 84 89 83
49 71 49 76 37 52 71
28 58 28 41 70 82 44 55 58
2 16 2 72 87 78 10 48 88 12 24 71 82 44 55 58 68 74 6 16
76 77 76 27 88 48 52 77
18 81 18 59 24 27 88 12 37 44 55 67 72 87 78 10 17 33 49 69 51 80 81
85 12 85 23 37 52 71 82 44 55 58 68 74 6 48 75 88 12
65 44 65 77 79 88 12 29 48 52 64 0 27 44
62 75 62 20 55 67 72 88 48 75
51 81 51 67 82 44 55 58 81
35 63 35 39 63
38 67 38 65 9 20 39 58 77 55 67
46 60 46 60
77 53 77 79 88 48 75 82 44 55 58 67 72 53
74 77 74 58 77
85 9 85 57 63 29 48 75 88 12 44 55 58 68 9
8 9 8 9
8 20 8 62 13 20
58 44 58 68 69 72 87 78 10 17 20 56 16 35 39 76 27 36 59 5 79 88 12 37 52 71 82 44
34 5 34 59 64 82 44 79 88 12 24 27 5
15 12 15 41 70 82 44 79 88 12
74 67 74 6 48 52 64 0 45 50 82 44 55 67
21 9 21 20 48 52 71 82 44 79 88 12 66 77 55 58 68 9
35 45 35 64 0 45
6 32 6 77 79 88 48 52 71 82 44 55 58 67 72 87 78 10 24 27 5 64 0 20 32
2 34 2 34
38 77 38 65 9 62 13 20 88 48 75 82 44 55 58 77
2 88 2 56 82 44 79 88
4 78 4 70 29 48 75 88 12 66 78
35 52 35 59 5 88 12 66 78 10 48 52
19 32 19 38 16 29 48 75 82 44 55 67 72 88 12 37 49 69 51 17 32
14 20 14 34 29 48 75 82 44 79 88 12 66 78 10 17 33 45 64 0 20
62 83 62 13 83
8 89 8 62 72 88 12 75 82 44 84 89
9 67 9 50 82 44 55 67
68 82 68 74 6 88 12 75 82
30 73 30 50 82 73
49 0 49 76 27 79 88 48 75 82 44 55 67 72 87 78 10 30 34 0
28 9 28 87 72 44 79 88 12 29 48 52 64 0 13 26 17 20 40 25 38 65 9
27 24 27 44 79 88 12 24
27 61 27 79 88 48 52 64 44 55 58 68 72 87 78 10 17 33 61
2 52 2 72 88 12 29 48 52
40 58 40 68 74 6 77 55 58
31 86 31 56 27 36 59 24 71 82 44 79 88 12 37 52 64 86
30 67 30 48 52 64 0 45 50 82 44 79 88 12 66 77 55 58 67
13 48 13 20 48
69 59 69 51 59
31 59 31 6 16 35 59
46 59 46 88 12 24 27 5 6 37 51 59
22 63 22 9 62 20 39 63
19 24 19 56 74 6 48 52 71 82 44 79 88 12 24
38 55 38 65 77 55
70 29 70 29
39 5 39 63 65 77 79 88 12 50 82 44 55 67 72 87 78 10 17 20 40 68 9 62 13 74 6 48 52 64 0 27 5
28 88 28 35 41 50 82 44 55 67 72 88
8 70 8 70
65 78 65 9 20 88 48 52 64 71 82 44 55 58 68 72 87 78
7 73 7 57 78 44 79 88 12 45 64 82 73
82 80 82 44 79 88 12 72 53 80
35 63 35 64 0 45 77 79 88 12 24 27 36 59 5 52 71 82 44 55 58 68 9 62 20 39 63
3 73 3 64 0 10 30 44 79 88 48 75 82 73
35 50 35 41 50
30 55 30 52 77 79 88 48 75 82 44 55
33 86 33 78 44 79 88 48 52 64 86
14 13 14 9 50 82 44 79 88 48 52 64 0 13
42 77 42 51 17 58 77
16 71 16 35 59 64 82 44 79 88 48 52 71
26 54 26 10 17 58 54
40 48 40 25 63 65 77 55 58 68 69 76 37 36 59 24 27 44 79 88 48
65 17 65 77 55 58 67 82 44 79 88 12 66 78 10 17
26 32 26 17 32
85 71 85 57 63 75 88 48 52 71
41 24 41 76 27 44 55 67 72 87 78 10 17 70 29 48 88 12 24
4 73 4 23 66 78 10 17 70 82 73
7 44 7 62 72 44
42 81 42 51 80 81
31 84 31 43 52 77 89 84
74 48 74 58 77 55 67 72 88 48
59 12 59 64 0 27 79 88 12
64 84 64 0 10 48 52 71 82 44 55 67 72 88 12 45 50 60 84
70 52 70 29 48 52
62 52 62 20 39 65 77 55 67 82 44 79 88 48 52
38 58 38 65 9 50 82 44 55 58
35 5 35 59 5
78 32 78 10 17 32
62 53 62 72 53
46 30 46 88 12 37 52 71 82 44 55 67 72 87 78 10 30
56 52 56 16 87 78 10 48 52
16 86 16 45 77 55 67 82 44 79 88 12 72 86
25 12 25 85 57 78 10 30 52 77 55 58 68 69 51 59 5 72 44 79 88 12
7 55 7 55
41 53 41 50 82 44 55 58 77 79 88 12 66 78 10 24 27 5 72 53
51 71 51 59 64 44 55 67 72 88 48 52 71
74 78 74 6 31 16 87 78
21 64 21 26 10 48 52 64
39 77 39 63 65 77
3 12 3 27 78 10 48 75 82 44 79 88 12
11 55 11 78 10 30 50 82 44 55
65 88 65 9 71 82 44 55 58 68 72 87 78 10 24 27 5 88
74 20 74 58 77 79 88 48 52 71 82 44 55 67 72 87 78 10 17 33 51 59 5 64 0 20
78 29 78 10 30 34 59 64 71 82 44 55 58 77 79 88 12 29
25 80 25 79 88 48 52 71 82 44 55 67 72 87 78 10 17 33 49 76 27 5 75 80
76 89 76 27 88 12 45 50 82 44 84 89
56 80 56 16 35 64 82 44 79 88 48 52 77 55 67 72 53 80
14 9 14 9
46 70 46 88 48 52 64 44 55 58 67 72 87 78 10 17 70
87 53 87 72 53
69 59 69 51 59
70 55 70 82 44 55
30 45 30 34 59 5 64 82 44 79 88 12 45
14 9 14 9
22 9 22 9
39 79 39 65 9 20 48 52 77 79
64 66 64 71 82 44 55 67 72 53 88 12 66
37 73 37 59 24 73
19 37 19 25 35 39 76 37
23 24 23 37 59 5 6 88 12 24
57 84 57 72 88 48 52 64 44 84
11 13 11 78 44 79 88 48 52 64 0 13
28 60 28 77 79 88 12 66 78 10 17 60
31 82 31 68 69 51 17 78 10 48 52 77 79 88 12 45 50 82
18 67 18 59 64 82 44 55 67
38 34 38 16 29 48 75 88 12 50 82 44 55 67 72 87 78 10 30 34
18 13 18 57 24 71 82 44 79 88 48 52 77 55 67 72 87 78 10 17 33 62 13
20 44 20 40 25 79 88 48 75 82 44
8 20 8 62 20
28 32 28 88 12 29 48 52 71 82 44 55 58 67 72 87 78 10 30 34 59 64 0 20 32
22 36 22 9 36
3 67 3 9 36 59 64 0 20 39 58 67
3 13 3 38 13
18 86 18 51 86
25 80 25 63 29 48 75 82 44 55 58 67 72 53 80
35 5 35 59 5
68 50 68 69 72 44 79 88 12 66 78 10 24 27 36 50
68 24 68 74 58 77 79 88 12 66 78 10 24
40 34 40 68 69 76 37 44 79 88 12 45 77 55 67 72 87 78 10 30 34
69 30 69 76 37 77 79 88 12 50 82 44 55 67 72 87 78 10 30
35 58 35 59 24 27 36 37 44 55 58
57 67 57 78 44 55 67
77 0 77 55 67 82 44 79 88 48 52 64 0
63 17 63 29 48 88 12 50 82 44 55 58 68 72 87 78 10 17
69 33 69 51 59 24 71 82 44 79 88 48 52 64 0 10 17 33
21 58 21 58
76 89 76 37 36 50 82 44 55 58 77 89
11 67 11 78 44 55 67
34 66 34 29 48 52 64 82 44 79 88 12 66
8 89 8 62 20 88 48 75 82 44 84 89
89 83 89 83
22 44 22 9 50 82 44
58 36 58 68 74 6 45 64 71 82 44 79 88 48 52 77 55 67 72 87 78 10 17 20 39 76 27 36
68 48 68 69 76 37 48
31 51 31 68 72 53 88 12 24 27 36 37 51
38 6 38 16 35 64 44 79 88 48 52 77 55 58 67 72 87 78 10 17 33 51 59 5 6
26 84 26 17 60 84
39 84 39 65 77 89 84
51 48 51 67 72 44 79 88 48
76 59 76 37 36 59
4 41 4 30 52 77 79 88 48 75 82 44 55 67 72 87 78 10 17 20 40 41
11 5 11 59 5
62 9 62 72 44 79 88 12 45 77 55 58 68 9
18 59 18 57 63 29 48 52 64 44 55 58 77 79 88 12 66 78 10 30 34 59
20 80 20 48 52 80
65 78 65 77 55 58 67 72 87 78
8 78 8 40 25 35 59 64 0 20 39 63 29 48 75 82 44 79 88 12 66 78
8 67 8 41 45 64 44 55 58 67
19 6 19 69 76 37 51 17 58 68 74 6
38 83 38 13 10 48 75 88 12 45 64 71 82 44 55 84 89 83
76 0 76 37 36 59 5 72 53 88 48 52 64 0
4 54 4 58 54
39 17 39 64 0 27 36 37 72 87 78 10 17
6 48 6 16 87 78 10 30 52 77 55 58 68 69 51 67 82 44 79 88 48
9 54 9 50 82 44 55 58 54
42 20 42 51 67 82 44 79 88 12 37 59 64 0 20
6 84 6 88 12 50 82 44 84
11 51 11 59 24 27 79 88 48 52 64 0 13 68 69 51
68 24 68 9 36 59 24
25 80 25 63 29 48 75 80
1 20 1 20
85 71 85 23 37 72 53 88 48 52 71
78 10 78 10
4 53 4 70 29 48 88 12 37 77 55 58 68 9 62 72 53
59 67 59 64 82 44 79 88 12 37 51 67
87 53 87 72 53
4 37 4 49 76 37
76 59 76 37 36 59
2 0 2 34 0
6 45 6 16 87 72 53 88 12 45
51 66 51 67 82 44 55 58 77 79 88 12 66
8 24 8 62 20 39 63 29 48 88 12 66 78 10 24
11 50 11 88 48 52 71 82 44 55 58 68 74 6 45 50
43 83 43 75 88 48 52 71 82 44 79 84 89 83
11 12 11 88 12
69 79 69 76 27 88 12 50 82 44 79
22 67 22 34 59 64 71 82 44 55 67
40 60 40 78 44 79 88 12 60
85 6 85 88 12 44 55 58 68 74 6
18 51 18 51
46 88 46 88
42 88 42 70 82 44 55 67 72 87 78 10 17 33 62 13 29 48 88
85 32 85 23 32
69 54 69 72 87 78 10 30 52 64 0 45 77 55 58 54
37 10 37 44 55 67 72 87 78 10
4 89 4 72 44 79 84 89
72 71 72 44 79 88 48 52 71
85 20 85 57 63 65 9 20
4 81 4 74 58 81
87 86 87 78 10 17 20 48 75 82 44 79 88 12 72 86
37 12 37 49 72 44 79 88 12
28 64 28 68 9 36 59 64
58 61 58 77 79 88 48 52 71 82 44 55 67 72 87 78 10 17 33 61
31 0 31 56 64 0
27 81 27 44 79 88 12 29 48 75 80 81
8 75 8 70 29 48 75
49 32 49 76 37 51 17 32
42 59 42 51 59
31 71 31 16 35 64 44 79 88 12 24 27 36 37 77 55 58 67 72 87 78 10 30 52 71
7 54 7 17 78 10 24 27 44 55 58 54
46 54 46 88 48 52 71 82 44 55 58 54
76 58 76 27 36 50 82 44 79 88 48 52 64 0 13 74 58
19 77 19 56 82 44 55 67 72 87 78 10 48 88 12 45 77
87 71 87 78 44 79 88 12 24 71
78 0 78 10 24 71 82 44 55 58 77 79 88 48 52 64 0
77 73 77 55 67 82 73
42 12 42 62 72 88 12
70 55 70 82 44 79 88 48 52 77 55
62 30 62 13 10 30
33 54 33 49 76 37 72 87 78 44 55 58 54
3 54 3 64 71 82 44 55 58 54
2 71 2 82 44 79 88 48 52 71
69 89 69 72 53 84 89
20 66 20 48 75 82 44 79 88 12 66
74 67 74 6 31 16 45 64 44 79 88 48 52 77 55 58 67
88 36 88 48 52 64 0 10 24 27 36
74 79 74 6 31 68 69 76 37 77 55 58 67 82 44 79
21 44 21 20 40 25 38 65 77 55 58 68 72 53 88 12 29 48 75 82 44
68 72 68 72
74 5 74 6 71 82 44 79 88 48 52 77 55 67 72 87 78 10 24 27 5
78 12 78 44 79 88 12
46 41 46 88 12 29 48 52 77 55 58 68 9 62 13 28 35 41
42 32 42 62 13 68 9 50 82 44 55 58 77 79 88 12 37 36 59 64 0 10 17 32
35 48 35 39 65 9 50 82 44 55 58 68 72 87 78 10 48
85 55 85 88 48 75 82 44 55
21 64 21 42 51 59 5 75 88 12 45 64
28 27 28 37 59 64 0 27
28 82 28 37 72 53 88 48 75 82
31 79 31 56 74 6 88 48 52 64 82 44 79
19 45 19 56 82 44 55 67 72 88 12 45
8 24 8 62 13 0 45 64 71 82 44 79 88 12 24
18 26 18 22 34 29 48 52 71 82 44 79 88 12 37 51 59 64 0 13 26
38 66 38 13 29 48 88 12 66
72 80 72 53 80
40 53 40 68 74 58 77 79 88 48 52 71 82 44 55 67 72 53
14 81 14 51 80 81
8 32 8 9 20 32
19 72 19 62 20 55 67 72
72 84 72 53 88 48 52 64 82 44 84
1 30 1 2 78 10 30
40 25 40 25
49 78 49 69 76 37 72 87 78
78 79 78 10 24 27 5 72 44 79
28 10 28 64 82 44 55 58 67 72 87 78 10
65 30 65 77 79 88 12 37 36 59 5 75 82 44 55 67 72 87 78 10 30
40 0 40 68 74 58 77 79 88 48 52 71 82 44 55 67 72 87 78 10 17 20 39 65 9 62 13 28 6 31 56 27 5 64 0
70 66 70 29 48 75 88 12 66
68 6 68 74 6
56 50 56 16 87 72 44 55 58 77 79 88 48 52 64 0 20 39 63 65 9 50
42 9 42 51 67 82 44 79 88 48 52 77 55 58 68 9
23 66 23 66
49 75 49 76 27 79 88 12 29 48 75
31 57 31 56 64 71 82 44 79 88 48 52 77 55 58 68 9 20 40 25 85 57
35 33 35 39 58 68 9 62 13 26 42 63 65 77 79 88 48 75 82 44 55 67 72 87 78 10 17 33
64 44 64 44
14 80 14 25 63 65 77 79 88 48 52 80
4 44 4 58 77 79 88 48 52 71 82 44
88 84 88 12 29 48 52 64 44 55 67 72 87 78 10 30 50 60 84
16 45 16 35 59 5 79 88 48 52 71 82 44 55 58 67 72 87 78 10 17 33 45
39 89 39 65 9 36 50 60 84 89
23 5 23 50 82 44 55 58 68 69 76 27 5
65 17 65 9 50 82 44 55 67 72 53 88 12 66 78 10 17
28 29 28 41 66 77 79 88 48 75 82 44 55 67 72 87 78 10 30 34 29
64 0 64 0
9 45 9 36 37 59 5 6 71 82 44 79 88 48 52 64 0 45
85 32 85 23 5 79 88 48 52 77 55 67 72 87 78 10 17 32
85 57 85 57
35 77 35 64 71 82 44 79 88 12 72 87 78 10 30 52 77
28 25 28 82 44 55 58 77 79 88 48 52 64 0 20 40 25
38 53 38 13 28 88 12 45 77 55 67 72 53
68 77 68 9 50 82 44 55 67 72 87 78 10 48 75 88 12 24 27 5 64 0 13 20 39 58 77
4 43 4 82 44 55 58 68 74 6 31 43
18 83 18 20 55 58 81 83
38 34 38 16 45 64 0 10 30 34
82 52 82 44 55 67 72 53 88 48 52
46 54 46 88 48 75 82 44 55 58 54
46 58 46 88 48 52 64 82 44 55 67 72 87 78 10 17 33 62 20 39 58
49 37 49 69 76 37
4 52 4 74 58 67 82 44 79 88 48 52
87 37 87 72 53 88 12 37
18 27 18 76 27
28 81 28 6 31 16 35 41 66 78 10 17 20 39 65 77 79 88 48 52 64 71 82 44 55 58 81
3 60 3 82 44 79 88 12 50 60
15 5 15 30 48 75 82 44 55 58 68 69 76 37 51 67 72 87 78 10 24 27 5
3 55 3 64 82 44 55
11 89 11 88 48 52 71 82 44 55 58 67 72 53 84 89
49 79 49 76 27 36 37 77 79
62 80 62 20 55 67 82 44 79 88 48 75 80
70 53 70 29 48 88 12 72 53
51 71 51 59 64 71
85 55 85 57 72 87 78 10 30 50 82 44 55
38 60 38 65 9 71 82 44 79 88 12 60
28 73 28 35 64 0 10 17 33 78 44 55 58 77 79 88 48 75 82 73
37 79 37 76 27 44 79
2 77 2 56 74 58 77
77 73 77 55 67 73
22 81 22 9 50 82 44 55 67 72 87 78 10 30 34 79 88 48 75 80 81
22 9 22 31 56 16 45 77 55 58 67 82 44 79 88 48 52 64 0 20 39 65 9
39 63 39 63
41 83 41 45 50 82 44 55 67 72 88 12 84 89 83
59 24 59 24
87 36 87 78 10 17 20 88 12 37 36
85 83 85 23 5 64 71 82 44 79 84 89 83
34 55 34 0 27 79 88 12 45 64 44 55
16 5 16 87 78 10 30 48 75 88 12 37 49 69 76 27 5
31 88 31 43 52 71 82 44 79 88
18 53 18 22 34 29 48 88 12 75 82 44 55 67 72 53
20 44 20 40 41 63 75 82 44
77 84 77 89 84
25 73 25 40 78 44 55 58 68 69 76 27 36 37 52 77 79 88 12 24 71 82 73
78 86 78 10 24 71 82 44 55 58 54 86
77 66 77 55 67 82 44 79 88 12 66
31 67 31 16 87 78 44 79 88 12 45 77 55 67
63 50 63 29 48 75 88 12 50
27 17 27 78 10 17
74 27 74 58 77 55 67 72 44 79 88 12 24 27
64 45 64 0 10 24 71 82 44 79 88 48 52 77 55 58 68 74 6 45
3 89 3 30 52 64 0 45 50 82 44 84 89
76 72 76 37 51 67 72
28 27 28 64 0 20 40 25 38 13 68 69 72 44 79 88 12 37 49 76 27
56 61 56 82 44 79 88 12 72 87 78 10 17 33 61
6 5 6 16 45 50 82 44 79 88 12 24 27 5
39 44 39 63 29 48 52 64 71 82 44
16 67 16 87 78 10 48 88 12 45 50 82 44 55 67
88 81 88 48 52 71 82 44 55 58 68 69 72 53 80 81
35 89 35 41 66 78 10 48 88 12 60 84 89
39 33 39 87 78 10 17 33
58 44 58 67 72 44
14 60 14 42 70 82 44 79 88 12 50 60
43 48 43 44 79 88 48
40 32 40 41 49 72 44 55 58 68 69 51 17 32
11 59 11 59
18 81 18 20 48 52 71 82 44 79 88 12 45 64 0 10 17 58 77 55 67 72 53 80 81
57 44 57 78 10 24 71 82 44
64 32 64 82 44 79 88 12 45 77 55 67 72 87 78 10 17 32
77 80 77 55 58 67 72 53 80
57 5 57 24 27 5
7 84 7 55 58 68 9 20 56 74 6 71 82 44 79 88 48 52 77 89 84
59 24 59 24
31 89 31 43 52 64 44 84 89
42 63 42 63
38 45 38 65 9 71 82 44 55 67 72 87 78 10 17 20 48 52 64 0 13 74 58 68 69 51 59 24 27 5 79 88 12 45
68 27 68 69 76 27
31 37 31 6 37
18 20 18 20
64 55 64 82 44 79 88 12 24 27 36 37 51 17 58 77 55
15 61 15 41 49 72 87 78 10 17 33 61
87 30 87 78 10 30
28 5 28 35 59 5
35 24 35 59 24
74 58 74 58
70 12 70 29 48 88 12
28 78 28 82 44 79 88 12 45 64 0 13 26 42 62 20 39 58 77 55 67 72 87 78
77 67 77 55 67
11 75 11 70 82 44 55 58 67 72 88 48 75
33 10 33 78 10
56 86 56 16 35 59 64 86
65 13 65 9 20 56 82 44 55 58 77 79 88 48 52 64 0 13
42 13 42 62 13
11 84 11 88 12 84
21 10 21 20 40 78 10
64 36 64 0 10 30 50 82 44 55 58 68 69 51 17 33 49 76 37 36
26 81 26 17 33 45 64 82 44 79 88 12 75 80 81
65 86 65 9 62 13 28 6 77 79 88 12 45 64 71 82 44 55 67 72 86
27 48 27 79 88 48
20 32 20 32
23 75 23 66 78 44 55 67 72 88 48 75
62 45 62 20 40 41 45
28 66 28 82 44 55 67 72 88 12 66
68 79 68 72 53 88 48 52 64 82 44 79
69 57 69 51 17 33 45 77 79 88 12 24 27 36 59 5 6 16 35 39 65 9 20 40 25 85 57
33 53 33 49 76 27 36 59 5 52 71 82 44 55 67 72 53
11 44 11 88 48 75 82 44
68 73 68 74 58 67 73
49 58 49 69 72 88 12 24 27 78 10 48 52 64 44 55 58
85 24 85 23 5 6 37 36 50 82 44 55 67 72 87 78 10 24
72 81 72 87 78 44 79 88 48 52 80 81
57 24 57 82 44 55 67 72 87 78 10 17 33 51 59 24
85 82 85 88 48 75 82
18 9 18 76 27 78 10 24 71 82 44 79 88 48 52 77 55 58 68 9
25 83 25 85 57 78 10 48 75 80 81 83
70 53 70 82 44 55 67 72 53
42 12 42 70 29 48 75 88 12
26 45 26 28 88 12 45
26 53 26 42 62 20 55 67 72 53
69 82 69 51 67 72 87 78 44 55 58 68 9 36 59 64 0 13 20 56 27 88 48 75 82
46 78 46 88 12 75 82 44 55 67 72 87 78
18 0 18 22 9 71 82 44 55 58 77 79 88 48 52 64 0
14 37 14 59 5 75 82 44 55 67 72 53 88 12 37
65 86 65 77 79 88 48 75 82 44 55 67 72 86
40 26 40 25 62 13 26
15 16 15 26 28 6 16
8 30 8 41 63 65 77 79 88 12 44 55 58 67 72 87 78 10 30
18 58 18 76 27 79 88 12 72 87 78 10 24 71 82 44 55 58
72 44 72 53 88 48 52 71 82 44
69 27 69 76 27
76 34 76 37 36 50 82 44 55 67 72 87 78 10 30 34
42 75 42 62 20 56 74 58 67 72 87 78 10 17 33 49 69 76 37 52 71 82 44 79 88 12 29 48 75
25 55 25 33 78 44 55
23 36 23 50 82 44 79 88 12 37 59 5 72 87 78 10 24 27 36
8 54 8 40 41 49 69 51 67 82 44 55 58 54
9 44 9 71 82 44
34 45 34 29 48 75 82 44 55 67 72 88 12 45
87 64 87 72 88 12 24 71 82 44 55 58 68 69 76 37 52 64
72 10 72 87 78 10
30 71 30 50 82 44 55 58 77 79 88 12 66 78 10 24 71
35 36 35 59 24 27 36
42 30 42 51 59 5 6 45 50 82 44 55 58 68 69 76 27 78 10 30
13 83 13 74 58 81 83
87 16 87 78 44 79 88 12 45 77 55 58 68 74 6 16
19 52 19 72 53 88 48 52
63 5 63 65 77 79 88 12 37 48 75 82 44 55 58 67 72 87 78 10 24 27 5
63 17 63 75 88 48 52 64 0 13 74 6 45 77 55 58 68 9 20 40 78 10 17
37 12 37 48 75 82 44 79 88 12
15 58 15 26 17 58
26 32 26 28 37 36 59 5 75 88 12 29 48 52 71 82 44 55 67 72 87 78 10 17 32
27 45 27 78 44 79 88 12 45
23 29 23 49 76 37 48 88 12 29
35 24 35 39 65 77 55 67 72 44 79 88 12 24
64 71 64 71
87 6 87 78 10 30 44 55 58 68 74 6
77 24 77 55 58 68 9 36 59 24
14 79 14 34 48 52 77 55 67 82 44 79
59 66 59 24 27 36 37 51 67 72 87 78 10 30 48 52 77 55 58 68 74 6 71 82 44 79 88 12 66
11 55 11 88 12 75 82 44 55
37 61 37 76 27 79 88 12 29 48 75 82 44 55 58 67 72 87 78 10 17 33 61
3 84 3 89 84
14 44 14 25 33 49 88 12 45 50 82 44
77 24 77 55 67 72 87 78 10 24
74 5 74 6 31 56 16 35 59 5
72 75 72 44 79 88 48 75
68 17 68 69 51 17
15 34 15 22 34
59 79 59 24 71 82 44 55 67 72 53 88 48 52 64 0 13 26 10 30 34 79
25 10 25 63 29 48 75 82 44 79 88 12 24 27 78 10
8 83 8 62 72 87 78 44 84 89 83
85 44 85 23 66 78 44
49 41 49 69 76 27 44 79 88 48 52 77 55 58 68 72 87 78 10 30 34 0 13 20 40 25 35 41
18 77 18 59 5 6 77
14 59 14 34 79 88 48 75 82 44 55 67 72 87 78 10 17 20 39 76 27 36 37 59
69 84 69 72 44 84
69 48 69 76 27 88 48
46 80 46 88 12 75 80
4 32 4 23 32
27 29 27 5 6 77 55 58 67 82 44 79 88 12 29
15 34 15 30 34
87 17 87 78 10 17
4 36 4 49 76 37 36
19 51 19 69 51
30 52 30 52
21 73 21 82 73
85 50 85 23 50
76 54 76 27 79 88 12 72 87 78 10 48 52 71 82 44 55 58 54
9 54 9 20 48 75 88 12 45 50 82 44 55 58 54
19 51 19 25 63 65 9 50 82 44 55 58 68 69 51
62 88 62 13 74 6 71 82 44 79 88
49 27 49 76 27
31 80 31 16 29 48 75 80
43 83 43 75 80 81 83
70 12 70 82 44 55 58 68 69 51 59 64 0 13 29 48 75 88 12
21 27 21 58 67 82 44 79 88 12 72 87 78 10 24 27
20 48 20 40 41 49 88 12 29 48
77 67 77 55 67
20 45 20 48 52 64 82 44 79 88 12 45
72 50 72 87 78 10 24 27 79 88 12 45 50
21 6 21 26 28 64 71 82 44 55 67 72 87 78 10 48 52 77 79 88 12 24 27 5 6
77 80 77 79 88 12 37 48 75 80
8 29 8 70 29
72 66 72 87 78 10 30 50 82 44 79 88 12 66
14 44 14 34 0 10 30 50 82 44
27 79 27 36 59 24 71 82 44 79
49 79 49 69 72 44 79
59 84 59 64 82 44 79 88 48 52 77 55 67 72 87 78 10 17 33 62 13 74 58 68 9 36 50 60 84
76 37 76 37
35 79 35 64 71 82 44 79
39 84 39 76 27 44 79 84
21 71 21 42 63 75 88 48 52 77 55 58 67 72 87 78 10 24 71
56 34 56 27 5 88 48 75 82 44 55 67 72 87 78 10 30 34
16 80 16 29 48 75 80
65 30 65 9 36 50 82 44 55 67 72 53 88 12 37 51 59 64 0 10 30
27 17 27 36 37 51 17
69 86 69 51 17 78 44 55 58 54 86
69 10 69 51 17 58 68 72 87 78 10
1 71 1 39 64 71
40 75 40 41 66 78 44 79 88 48 75
18 32 18 22 31 56 64 0 20 32
18 27 18 76 27
87 81 87 78 10 24 71 82 44 79 88 48 75 80 81
8 60 8 70 29 48 75 88 12 60
69 54 69 72 88 48 52 77 55 58 54
8 84 8 62 72 53 88 48 75 82 44 79 84
14 33 14 51 67 82 44 55 58 77 79 88 12 37 49 76 27 78 10 17 33
35 63 35 39 63
57 67 57 24 71 82 44 55 67
51 83 51 80 81 83
23 24 23 37 59 24
59 75 59 5 75
19 67 19 62 13 68 9 71 82 44 55 58 67
87 30 87 78 10 30
68 86 68 74 58 67 72 86
74 41 74 58 67 72 53 88 48 52 64 0 20 40 41
74 73 74 58 68 9 62 72 87 78 10 17 20 40 25 33 49 69 51 67 82 73
33 45 33 45
38 67 38 65 77 55 67
35 79 35 41 63 65 9 62 13 68 74 58 77 79
40 80 40 41 66 77 55 58 67 82 44 79 88 12 37 76 27 5 6 48 75 80
64 48 64 44 79 88 48
40 6 40 41 70 82 44 79 88 12 37 77 55 58 68 74 6
8 10 8 41 50 82 44 55 58 68 9 62 13 26 17 70 29 48 75 88 12 37 76 27 78 10
14 82 14 9 36 50 82
51 75 51 17 20 56 27 44 55 58 77 79 88 12 75
11 58 11 59 5 75 82 44 55 58
62 10 62 72 87 78 10
64 73 64 44 55 67 72 53 88 12 29 48 52 71 82 73
34 5 34 48 75 82 44 55 67 72 53 88 12 37 49 69 76 27 5
40 78 40 41 76 27 78
31 41 31 16 35 41
20 66 20 48 75 88 12 66
4 73 4 72 44 55 58 67 82 73
35 54 35 39 63 29 48 52 77 55 58 54
20 61 20 40 78 10 17 33 61
38 58 38 65 9 71 82 44 55 58
16 67 16 87 78 44 55 58 67
2 13 2 33 62 13
7 48 7 43 44 55 67 72 88 12 37 59 64 0 27 78 10 48
21 71 21 82 44 79 88 48 52 71
69 75 69 51 59 5 64 71 82 44 55 67 72 88 12 75
8 70 8 70
9 48 9 62 20 55 58 77 79 88 48
62 48 62 20 88 48
41 67 41 45 77 55 67
2 81 2 56 82 44 79 88 48 75 80 81
64 29 64 0 45 50 82 44 55 58 67 72 87 78 10 48 52 77 79 88 12 37 49 69 51 17 70 29
76 75 76 27 36 59 24 71 82 44 79 88 48 75
38 13 38 13
37 71 37 76 27 5 88 12 24 71
11 58 11 70 82 44 55 58
62 33 62 13 29 48 75 82 44 55 67 72 87 78 10 17 33
38 72 38 13 0 20 39 65 9 50 82 44 55 67 72
76 55 76 37 72 44 55
70 83 70 81 83
58 81 58 67 82 44 79 88 48 75 80 81
37 0 37 59 5 52 64 0
68 82 68 72 88 48 75 82
76 29 76 27 36 59 24 71 82 44 55 67 72 87 78 10 30 34 29
38 75 38 16 29 48 75
11 73 11 78 10 24 71 82 44 79 88 12 73
3 73 3 64 71 82 73
46 33 46 88 12 29 48 75 82 44 55 67 72 87 78 10 17 33
37 48 37 77 55 67 72 88 48
25 24 25 63 75 82 44 55 58 77 79 88 48 52 64 0 27 78 10 24
6 24 6 37 36 59 24
20 66 20 56 64 82 44 79 88 12 66
88 83 88 12 72 44 79 83
26 36 26 28 87 78 10 30 52 71 82 44 55 67 72 88 12 37 59 24 27 36
42 81 42 62 13 10 17 78 44 79 88 12 72 53 80 81
1 53 1 78 44 79 88 48 52 77 55 67 72 53
85 66 85 88 12 66
65 61 65 77 55 58 67 72 87 78 10 48 88 12 37 51 17 33 61
21 79 21 20 39 65 77 55 67 82 44 79
40 84 40 41 45 50 60 84
9 32 9 62 20 32
3 51 3 38 13 74 6 77 79 88 48 75 82 44 55 58 68 69 76 37 51
3 66 3 43 66
34 17 34 59 5 79 88 48 75 82 44 55 58 68 69 72 87 78 10 17
2 45 2 82 44 79 88 12 45
27 50 27 78 44 79 88 12 50
40 51 40 41 50 82 44 79 88 12 72 87 78 10 17 33 51
9 73 9 62 72 88 12 50 82 73
16 61 16 87 78 10 17 33 61
38 36 38 65 9 50 82 44 55 67 72 53 88 12 37 36
25 61 25 33 61
28 44 28 87 72 53 88 12 44
69 54 69 76 27 79 88 48 52 71 82 44 55 58 54
20 66 20 48 88 12 66
41 75 41 63 75
37 45 37 49 69 76 27 79 88 12 29 48 75 82 44 55 58 67 72 87 78 10 17 20 56 74 6 16 45
56 0 56 64 0
40 70 40 41 49 88 48 75 82 44 55 67 72 87 78 10 17 70
19 24 19 69 76 27 5 6 16 87 78 10 24
87 53 87 72 53
23 71 23 66 77 55 58 67 82 44 79 88 12 24 71
8 12 8 9 36 37 51 67 82 44 79 88 12
14 9 14 9
65 45 65 77 55 67 82 44 79 88 12 45
8 83 8 89 83
65 83 65 9 36 81 83
78 48 78 10 17 70 82 44 55 58 77 79 88 48
57 50 57 78 10 48 88 12 50
40 75 40 68 9 71 82 44 79 88 48 52 64 0 27 5 75
74 53 74 58 77 55 67 72 53
87 72 87 72
85 89 85 88 48 52 64 44 55 58 67 72 53 84 89
21 63 21 42 63
77 71 77 55 67 72 87 78 10 24 71
18 33 18 51 17 33
4 24 4 30 48 52 64 0 27 36 59 24
65 72 65 77 79 88 12 72
69 24 69 76 27 36 50 82 44 79 88 12 24
38 82 38 16 29 48 52 77 55 67 72 87 78 44 79 88 12 24 71 82
38 41 38 16 35 41
72 24 72 87 78 44 79 88 12 24
20 67 20 55 67
31 64 31 56 74 58 68 9 71 82 44 55 67 72 87 78 10 48 52 64
1 20 1 20
70 55 70 29 48 52 64 44 55
38 66 38 13 74 6 16 45 50 82 44 79 88 12 66
28 34 28 82 44 79 88 12 66 78 10 30 34
88 79 88 12 50 82 44 79
14 79 14 59 5 6 77 79
77 12 77 55 58 68 9 62 13 29 48 88 12
65 5 65 9 36 50 82 44 55 58 77 79 88 12 37 51 67 72 87 78 10 17 33 62 20 56 27 5
74 75 74 58 68 9 20 39 87 78 10 24 71 82 44 79 88 48 75
82 79 82 44 79
51 84 51 17 78 10 24 89 84
31 10 31 16 29 48 52 77 79 88 12 50 82 44 55 67 72 87 78 10
4 54 4 58 54
68 81 68 9 62 20 88 48 52 80 81
42 17 42 51 17
16 45 16 29 48 75 88 12 66 78 10 17 33 45
13 5 13 10 24 27 5
15 36 15 22 9 36
8 33 8 9 71 82 44 79 88 48 52 77 55 67 72 87 78 10 17 33
19 37 19 69 76 27 36 37
21 6 21 42 51 17 70 82 44 79 88 12 66 77 55 58 68 74 6
82 48 82 44 55 67 72 88 48
42 24 42 70 29 48 52 77 79 88 12 45 50 82 44 55 67 72 87 78 10 24
9 5 9 71 82 44 55 58 68 69 51 67 72 88 48 52 64 0 27 5
39 50 39 64 71 82 44 55 58 67 72 87 78 10 30 48 88 12 45 50
39 55 39 63 75 88 12 29 48 52 71 82 44 55
23 48 23 66 77 55 58 68 74 6 31 43 44 79 88 48
49 81 49 88 12 75 80 81
41 86 41 50 82 44 55 67 72 87 78 10 17 58 54 86
74 37 74 58 68 69 76 37
8 48 8 41 76 37 77 79 88 48
77 0 77 55 58 68 69 51 59 24 71 82 44 79 88 48 52 64 0
46 24 46 88 12 24
56 13 56 82 44 79 88 48 52 64 0 13
77 79 77 55 67 82 44 79
59 45 59 24 27 88 12 45
1 58 1 78 44 55 58
28 72 28 37 49 72
22 70 22 34 79 88 12 45 50 82 44 55 58 68 69 76 27 78 10 17 70
74 20 74 58 67 82 44 79 88 12 37 36 59 5 52 64 0 20
68 12 68 9 71 82 44 55 67 72 53 88 12
11 58 11 78 10 17 58
39 52 39 63 75 82 44 55 67 72 53 88 12 29 48 52
65 5 65 77 55 67 72 88 12 37 49 69 51 59 5
39 24 39 58 68 72 87 78 10 24
62 26 62 13 26
74 80 74 58 77 79 88 48 75 80
15 27 15 41 57 24 27
31 45 31 6 16 45
21 32 21 20 32
76 17 76 37 77 79 88 48 75 82 44 55 67 72 87 78 10 17
14 33 14 34 0 10 17 33
13 86 13 29 48 75 88 12 66 78 10 24 27 44 55 58 68 74 6 16 86
49 9 49 76 37 52 71 82 44 55 58 68 9
11 60 11 70 29 48 52 71 82 44 55 67 72 87 78 10 17 33 51 59 64 0 13 60
11 44 11 78 10 24 71 82 44
1 73 1 78 10 24 71 82 73
38 86 38 16 87 78 10 48 52 77 79 88 12 45 50 82 44 55 67 72 86
35 30 35 39 87 78 10 30
18 25 18 22 43 52 64 44 55 58 68 9 62 72 87 78 10 17 20 40 25
87 82 87 72 88 48 52 71 82
3 51 3 64 71 82 44 79 88 48 52 77 55 58 67 72 87 78 10 17 33 49 69 51
51 36 51 67 72 87 78 44 55 58 77 79 88 12 37 36
64 10 64 82 44 55 58 67 72 87 78 10
85 88 85 88
58 53 58 67 72 53
35 63 35 41 63
3 16 3 38 16
68 64 68 72 53 88 48 52 64
76 79 76 27 79
40 0 40 25 82 44 79 88 12 66 78 10 17 20 56 64 0
34 10 34 79 88 12 66 78 10
64 32 64 0 10 17 32
49 73 49 88 12 24 27 36 50 82 73
76 60 76 37 51 59 24 71 82 44 55 67 72 88 12 45 50 60
3 29 3 37 36 50 82 44 55 67 72 87 78 10 48 52 77 79 88 12 29
70 55 70 29 48 75 88 12 66 77 55
62 60 62 13 60
49 44 49 76 27 5 6 31 56 82 44
68 32 68 74 6 71 82 44 55 67 72 53 88 12 37 51 17 32
3 27 3 27
62 50 62 13 26 88 12 45 50
7 53 7 43 44 79 88 12 45 77 55 58 67 72 53
49 10 49 69 76 37 36 50 82 44 79 88 12 24 27 78 10
57 84 57 82 44 55 58 67 72 87 78 10 17 33 45 77 79 84
46 89 46 88 48 75 82 44 79 84 89
31 27 31 16 45 64 0 27
46 59 46 88 12 24 71 82 44 55 67 72 87 78 10 17 20 40 68 74 6 37 36 59
4 89 4 72 53 88 12 29 48 75 82 44 79 84 89
25 80 25 38 16 35 41 50 82 44 79 88 12 37 48 75 80
18 37 18 76 37
21 48 21 26 17 70 82 44 55 58 77 79 88 48
69 60 69 51 67 82 44 79 88 12 66 78 10 30 34 59 64 0 45 50 60
15 58 15 30 44 55 58
70 79 70 29 48 75 82 44 79
16 55 16 35 64 0 13 26 17 70 29 48 52 71 82 44 55
4 78 4 70 29 48 75 82 44 79 88 12 72 87 78
65 37 65 9 20 48 75 82 44 55 67 72 87 78 10 24 27 36 37
31 88 31 56 16 87 72 53 88
34 5 34 0 10 24 27 5
35 70 35 41 70
11 45 11 59 5 6 16 45
78 12 78 44 79 88 12
43 54 43 52 77 55 58 54
2 16 2 56 16
68 77 68 9 71 82 44 55 67 72 53 88 48 52 77
41 61 41 66 77 79 88 48 75 82 44 55 67 72 87 78 10 17 33 61
42 86 42 70 29 48 52 64 44 55 67 72 86
33 84 33 49 76 37 77 79 88 12 50 82 44 84
33 81 33 51 80 81
69 88 69 51 67 82 44 55 58 77 79 88
34 55 34 79 88 48 52 77 55
78 81 78 10 30 52 71 82 44 79 88 12 72 53 80 81
30 73 30 50 82 73
38 37 38 13 26 10 17 70 29 48 52 71 82 44 79 88 12 37
22 59 22 34 48 52 71 82 44 79 88 12 45 77 55 58 68 74 6 37 36 59
2 32 2 23 32
27 50 27 44 55 67 72 88 12 37 36 50
3 13 3 9 62 20 39 63 65 77 79 88 12 24 71 82 44 55 58 68 69 51 17 70 29 48 52 64 0 13
30 75 30 44 55 58 77 79 88 48 75
30 36 30 44 55 58 77 79 88 12 24 27 36
15 63 15 41 63
40 16 40 41 70 82 44 55 58 67 72 87 78 10 17 20 56 16
25 48 25 33 51 59 24 27 36 37 44 55 67 72 87 78 10 30 34 29 48
8 44 8 28 82 44
76 34 76 27 79 88 12 50 82 44 55 67 72 87 78 10 30 34
41 29 41 70 29
23 17 23 5 72 88 12 45 77 55 58 68 69 51 17
72 5 72 88 48 75 82 44 55 58 68 69 51 59 5
77 45 77 55 67 82 44 79 88 12 45
23 48 23 66 77 55 58 68 74 6 48
40 54 40 25 85 57 82 44 79 88 48 52 64 0 20 55 58 54
19 84 19 38 89 84
77 73 77 79 88 48 75 82 44 55 67 73
21 52 21 20 56 27 78 10 17 70 29 48 52
46 43 46 88 48 52 64 0 45 77 55 58 68 74 6 31 43
49 54 49 72 88 48 52 77 55 58 54
70 5 70 29 48 52 64 82 44 79 88 12 45 77 55 58 67 72 87 78 10 17 20 56 27 5
30 52 30 44 79 88 12 45 64 0 20 48 52
35 13 35 64 0 13
78 32 78 10 17 32
35 10 35 41 45 64 82 44 55 67 72 87 78 10
15 41 15 41
77 12 77 55 58 68 72 87 78 10 30 52 64 44 79 88 12
85 50 85 23 50
39 54 39 76 37 72 44 55 58 54
16 52 16 45 64 0 10 48 52
68 44 68 74 6 71 82 44
87 9 87 78 44 79 88 48 52 64 0 13 74 58 68 9
18 13 18 22 34 0 13
8 51 8 28 41 66 77 79 88 12 37 51
1 10 1 49 72 87 78 10
62 73 62 13 28 77 55 58 67 73
65 84 65 9 20 48 88 12 45 50 60 84
13 36 13 28 41 76 27 36
62 26 62 13 26
22 44 22 34 0 27 88 12 37 36 59 64 44
85 71 85 88 12 45 50 82 44 55 58 67 72 87 78 10 24 71
70 10 70 29 48 88 12 44 55 67 72 87 78 10
11 29 11 70 29
62 5 62 13 74 58 68 72 44 79 88 12 37 51 59 5
76 80 76 37 77 79 88 48 75 80
14 12 14 42 62 13 29 48 75 88 12
3 71 3 82 44 79 88 12 37 52 77 55 58 68 74 6 71
1 7 1 7
63 66 63 29 48 75 88 12 66
63 48 63 75 82 44 79 88 48
57 52 57 24 27 5 52
46 67 46 88 12 24 71 82 44 55 67
37 12 37 44 79 88 12
31 89 31 6 37 72 53 84 89
57 67 57 63 65 9 36 37 76 27 79 88 12 75 82 44 55 67
74 34 74 6 45 50 82 44 79 88 48 52 77 55 67 72 87 78 10 30 34
25 75 25 63 29 48 75
46 60 46 60
3 58 3 82 44 55 58
76 72 76 27 5 88 12 72
2 36 2 82 44 55 58 67 72 87 78 10 48 75 88 12 37 49 69 76 27 36
30 55 30 50 82 44 55
35 72 35 39 63 75 82 44 55 67 72
63 12 63 65 9 20 55 58 68 74 6 37 49 72 44 79 88 12
63 36 63 65 9 71 82 44 79 88 12 24 27 36
42 84 42 62 20 39 76 37 72 44 84
25 80 25 63 29 48 75 80
37 24 37 76 27 88 12 24
33 81 33 51 67 82 44 55 58 81
4 12 4 30 34 29 48 88 12
9 44 9 20 40 68 69 72 88 12 66 78 44
76 73 76 27 44 79 88 48 52 64 82 73
76 52 76 37 59 5 6 31 56 82 44 79 88 12 29 48 52
22 30 22 43 75 82 44 79 88 48 52 77 55 58 68 9 20 40 78 10 30
49 17 49 69 51 17
78 48 78 10 30 48
68 79 68 9 20 88 48 75 82 44 79
3 81 3 9 50 82 44 55 67 72 53 88 48 52 80 81
85 37 85 57 24 27 36 59 5 6 31 16 35 39 76 37
14 71 14 34 29 48 52 64 71
26 0 26 17 70 29 48 52 64 0
4 78 4 72 87 78
31 67 31 68 74 58 67
59 81 59 5 64 0 13 68 74 58 54 81
82 54 82 44 79 88 12 37 51 67 72 87 78 10 30 52 77 55 58 54
28 13 28 35 39 76 37 49 69 72 44 79 88 48 52 64 0 13
43 67 43 75 82 44 55 58 67
43 36 43 87 72 53 88 12 45 64 0 27 36
11 83 11 88 12 60 84 89 83
82 52 82 44 55 58 68 9 20 40 41 45 64 0 10 30 52
2 24 2 56 27 78 10 24
11 81 11 68 72 44 55 58 81
46 81 46 88 48 75 80 81
31 67 31 6 77 55 67
35 26 35 59 24 27 78 44 55 58 68 69 51 17 33 62 13 26
1 34 1 2 23 49 72 87 78 10 30 34
39 20 39 58 77 79 88 48 52 64 71 82 44 55 67 72 87 78 10 17 20
22 86 22 43 66 78 44 55 58 54 86
21 50 21 20 39 87 72 53 88 12 50
62 41 62 13 74 58 77 79 88 48 52 71 82 44 55 67 72 87 78 10 17 20 40 41
19 66 19 43 52 71 82 44 55 67 72 87 78 10 30 48 75 88 12 66
6 86 6 16 45 64 86
2 71 2 9 62 13 26 42 63 75 82 44 55 58 67 72 88 48 52 71
88 79 88 48 75 82 44 79
64 55 64 44 55
65 58 65 9 20 40 25 35 59 64 44 55 58
18 27 18 57 82 44 55 58 67 72 87 78 10 17 33 51 59 24 27
28 88 28 68 74 58 67 82 44 79 88
2 53 2 34 48 52 64 71 82 44 55 58 77 79 88 12 66 78 10 17 20 56 74 6 16 35 39 76 37 72 53
14 84 14 51 84
15 44 15 30 44
62 25 62 20 40 25
18 43 18 22 43
82 66 82 44 79 88 12 66
38 64 38 13 29 48 75 82 44 79 88 12 66 77 55 58 68 9 20 56 64
78 71 78 44 55 58 77 79 88 48 52 71
87 81 87 72 44 55 58 54 81
22 86 22 34 79 88 12 44 55 58 68 69 72 86
22 81 22 34 29 48 52 77 55 58 54 81
37 45 37 44 79 88 12 45
35 37 35 39 58 68 9 36 37
15 57 15 41 57
28 64 28 88 12 72 87 78 10 30 52 64
38 45 38 13 10 17 33 62 20 40 25 35 41 45
87 66 87 78 44 79 88 12 66
68 58 68 74 58
4 79 4 74 6 31 56 16 87 72 53 88 12 44 55 58 77 79
68 54 68 74 58 54
72 84 72 88 12 45 50 60 84
20 32 20 32
43 71 43 52 71
30 24 30 48 52 77 79 88 12 37 59 24
1 64 1 39 64
9 55 9 71 82 44 79 88 12 72 87 78 10 17 33 62 20 40 25 85 57 63 65 77 55
7 86 7 14 25 79 88 12 29 48 52 64 44 55 58 54 86
59 61 59 5 79 88 48 52 71 82 44 55 67 72 87 78 10 17 33 61
59 66 59 5 6 37 49 88 12 66
18 71 18 20 48 52 64 0 27 36 50 82 44 79 88 12 72 87 78 10 17 33 51 59 24 71
14 12 14 25 85 57 78 10 48 52 71 82 44 79 88 12
64 83 64 0 45 50 60 84 89 83
6 79 6 45 77 79
42 89 42 62 20 88 12 29 48 52 71 82 44 79 84 89
8 32 8 62 13 26 17 32
15 26 15 26
51 67 51 59 64 0 45 77 55 58 67
26 86 26 42 51 86
42 10 42 70 29 48 88 12 45 50 82 44 55 67 72 87 78 10
76 83 76 37 48 52 80 81 83
15 27 15 26 17 78 44 79 88 12 37 76 27
56 29 56 64 44 55 58 77 79 88 12 29
65 53 65 77 55 58 68 72 53
40 27 40 78 10 24 27
70 54 70 29 48 75 82 44 55 58 54
68 16 68 9 36 37 77 79 88 48 75 82 44 55 67 72 87 78 10 17 33 51 59 64 0 13 20 56 16
1 55 1 23 50 82 44 55
68 25 68 74 6 16 45 50 82 44 79 88 48 52 77 55 58 67 72 87 78 10 24 27 5 64 0 20 40 25
68 67 68 74 6 16 45 77 55 67
11 37 11 70 29 48 88 12 37
65 73 65 77 79 88 48 75 82 44 55 67 73
16 24 16 45 50 82 44 79 88 12 37 59 24
76 67 76 27 79 88 48 52 64 82 44 55 67
25 80 25 63 65 77 79 88 12 50 82 44 55 67 72 87 78 10 30 48 75 80
13 45 13 20 56 64 0 27 79 88 12 45
63 66 63 65 77 79 88 12 66
85 64 85 88 12 37 36 50 82 44 55 67 72 87 78 10 48 52 64
51 53 51 59 24 71 82 44 55 58 67 72 53
1 60 1 37 51 67 82 44 55 58 77 79 88 12 60
87 75 87 78 44 79 88 48 75
15 79 15 41 50 82 44 79
1 63 1 39 63
43 79 43 87 72 88 12 24 71 82 44 79
4 23 4 23
22 54 22 31 6 48 75 82 44 55 58 54
65 33 65 9 71 82 44 55 67 72 87 78 10 17 33
58 71 58 77 79 88 12 24 27 5 6 16 29 48 75 82 44 55 67 72 87 78 10 17 33 62 20 39 76 37 51 59 64 71
15 58 15 41 50 82 44 79 88 12 37 36 59 5 6 45 77 55 58
40 37 40 68 69 76 37
76 55 76 27 79 88 48 75 82 44 55
70 84 70 29 48 52 71 82 44 84
15 80 15 41 57 82 44 79 88 12 75 80
6 67 6 37 59 64 44 55 67
68 52 68 74 6 45 77 79 88 48 52
19 6 19 43 52 71 82 44 55 58 68 74 6
42 30 42 62 13 10 30
20 55 20 40 68 72 88 12 29 48 52 77 55
20 52 20 88 12 66 78 10 48 52
38 89 38 89
38 33 38 65 9 50 82 44 79 88 48 52 77 55 67 72 87 78 10 17 20 40 25 33
21 44 21 20 88 48 75 82 44
89 83 89 83
82 67 82 44 55 67
28 10 28 68 69 51 59 5 64 71 82 44 79 88 48 52 77 55 58 67 72 87 78 10
64 12 64 71 82 44 55 67 72 87 78 10 48 88 12
37 24 37 59 24
72 81 72 53 88 48 75 80 81
68 77 68 69 51 17 70 29 48 52 77
25 5 25 5
25 73 25 82 73
51 79 51 59 24 71 82 44 79
19 43 19 43
6 32 6 45 64 0 10 48 52 77 55 58 68 69 51 17 20 32
8 30 8 28 35 41 66 78 10 30
19 0 19 38 13 0
56 80 56 16 45 64 71 82 44 79 88 48 52 77 55 58 67 72 87 78 10 24 27 36 59 5 75 80
22 75 22 43 87 78 10 48 88 12 75
22 45 22 9 71 82 44 55 58 67 72 87 78 10 30 52 64 0 45
34 86 34 79 88 48 75 82 44 55 67 72 86
37 48 37 72 53 88 48
20 83 20 55 84 89 83
76 83 76 37 72 87 78 10 24 83
85 86 85 23 49 72 88 48 52 64 86
14 67 14 28 77 55 67
15 81 15 30 52 80 81
74 66 74 6 45 50 82 44 79 88 12 66
85 29 85 57 12 37 51 67 82 44 55 58 68 72 87 78 10 17 70 29
35 9 35 41 45 77 79 88 48 75 82 44 55 58 68 9
22 64 22 34 59 64
11 83 11 68 69 76 37 48 52 71 82 44 84 89 83
77 32 77 79 88 48 75 82 44 55 67 72 87 78 10 17 32
30 86 30 34 79 88 12 75 82 44 55 67 72 86
25 73 25 33 49 69 76 37 72 87 78 44 55 67 82 73
58 12 58 77 55 67 72 87 78 10 17 20 56 64 71 82 44 79 88 12
3 0 3 9 20 88 48 52 64 0
9 52 9 62 20 48 52
20 81 20 48 75 80 81
15 24 15 22 43 66 78 10 24
43 54 43 75 82 44 55 58 54
63 17 63 75 88 48 52 64 0 13 26 42 62 72 87 78 10 17
85 57 85 57
59 10 59 5 72 87 78 10
1 37 1 37
15 0 15 22 43 75 82 44 55 67 72 88 12 37 36 59 64 0
88 86 88 48 75 82 44 55 58 54 86
56 37 56 74 6 37
74 9 74 58 68 9
56 41 56 16 35 41
69 83 69 76 37 36 50 60 84 89 83
76 5 76 27 5
65 70 65 77 79 88 48 75 82 44 55 67 72 87 78 10 17 70
72 48 72 44 55 58 77 79 88 48
62 32 62 20 32
27 29 27 78 10 48 88 12 29
34 79 34 59 5 52 77 55 58 67 82 44 79
72 53 72 53
14 86 14 51 86
35 81 35 64 0 10 30 52 80 81
1 17 1 49 76 37 51 67 72 87 78 10 17
74 6 74 6
49 44 49 72 53 88 48 52 71 82 44
63 10 63 29 48 52 77 55 67 82 44 79 88 12 66 78 10
14 79 14 25 35 41 49 69 51 67 72 87 78 44 79
3 13 3 82 44 55 67 72 87 78 10 17 33 62 13
65 17 65 77 79 88 48 52 71 82 44 55 67 72 87 78 10 17
72 45 72 87 78 10 30 44 55 58 68 74 6 45
9 73 9 62 20 73
56 27 56 16 35 59 24 27
21 55 21 58 68 9 20 56 27 5 52 77 55
37 32 37 44 55 58 77 79 88 12 72 87 78 10 17 32
30 86 30 34 59 64 86
18 34 18 22 34
87 53 87 72 53
2 51 2 33 51
15 77 15 41 63 65 77
11 29 11 70 29
8 9 8 9
19 41 19 25 40 41
70 36 70 29 48 52 77 79 88 12 45 50 82 44 55 67 72 87 78 10 24 27 36
33 12 33 62 72 88 12
43 80 43 66 77 55 58 68 9 50 82 44 79 88 48 75 80
34 71 34 48 52 64 0 27 5 79 88 12 24 71
3 48 3 30 34 29 48
2 54 2 23 50 82 44 55 58 54
4 67 4 74 58 67
34 86 34 79 88 12 75 82 44 55 67 72 86
27 86 27 79 88 48 75 82 44 55 67 72 87 78 10 30 34 86
9 54 9 71 82 44 55 58 54
19 50 19 62 20 40 41 63 29 48 52 77 79 88 12 44 55 58 68 72 87 78 10 24 27 5 6 16 45 50
40 60 40 25 63 75 82 44 55 58 67 72 88 12 50 60
41 24 41 57 24
13 48 13 68 9 62 72 53 88 48
21 77 21 58 68 9 20 48 52 71 82 44 79 88 12 66 77
38 33 38 13 26 88 48 52 71 82 44 55 67 72 87 78 10 17 33
4 0 4 82 44 79 88 12 37 76 27 36 59 64 0
6 81 6 77 79 88 48 75 82 44 55 58 54 81
30 29 30 34 29
78 54 78 44 55 58 54
87 16 87 72 53 88 12 29 48 52 64 0 20 56 16
69 79 69 76 27 88 48 75 82 44 79
38 84 38 89 84
42 80 42 63 75 80
4 59 4 23 37 59
14 0 14 59 64 0
31 41 31 56 16 35 41
59 67 59 64 82 44 55 67
28 24 28 87 78 10 24
78 53 78 44 79 88 12 72 53
31 27 31 56 74 6 71 82 44 79 88 48 52 77 55 58 67 72 87 78 10 24 27
2 50 2 82 44 55 58 68 72 53 88 12 50
14 44 14 28 35 41 49 69 51 67 72 88 48 75 82 44
35 77 35 39 63 65 77
8 54 8 62 20 55 58 54
2 6 2 82 44 79 88 12 29 48 52 64 0 27 5 6
62 66 62 13 74 6 31 16 45 50 82 44 55 67 72 53 88 12 66
49 25 49 76 27 36 50 82 44 55 67 72 88 12 29 48 52 64 0 20 40 25
31 64 31 6 71 82 44 79 88 48 52 64
4 71 4 49 69 76 27 78 44 79 88 48 52 64 71
25 5 25 5
14 25 14 25
51 5 51 67 72 87 78 10 48 52 71 82 44 79 88 12 24 27 5
62 88 62 13 29 48 52 77 55 58 68 69 76 37 36 50 82 44 79 88
27 29 27 5 64 82 44 79 88 12 29
39 44 39 76 37 72 87 78 10 30 48 88 12 24 71 82 44
18 12 18 59 24 71 82 44 79 88 12
40 72 40 68 74 6 37 72
63 0 63 65 77 79 88 48 52 64 0
1 82 1 23 50 82
14 41 14 28 41
46 30 46 88 48 75 82 44 55 67 72 87 78 10 30
77 12 77 79 88 12
16 86 16 86
4 13 4 82 44 79 88 48 52 64 0 13
76 55 76 37 52 71 82 44 55
42 0 42 70 29 48 52 64 0
39 20 39 87 78 10 17 33 62 13 20
1 26 1 7 62 13 26
18 77 18 22 43 52 77
56 9 56 74 58 68 9
85 59 85 57 82 44 55 58 68 72 87 78 10 48 88 12 24 27 36 59
11 79 11 68 69 76 37 51 67 72 88 12 29 48 75 82 44 55 58 77 79
35 78 35 39 87 78
72 12 72 88 12
27 75 27 5 75
25 55 25 5 6 88 12 29 48 75 82 44 55
8 79 8 9 20 88 12 66 77 55 67 72 44 79
4 32 4 58 67 72 87 78 10 17 32
11 36 11 70 29 48 52 64 82 44 79 88 12 66 77 55 67 72 87 78 10 24 27 36
85 58 85 23 5 75 88 12 45 64 82 44 55 58
56 55 56 27 79 88 12 66 77 55
16 66 16 29 48 88 12 66
41 48 41 76 27 5 79 88 48
6 71 6 31 56 64 82 44 55 58 68 69 76 37 72 53 88 12 24 27 36 59 5 52 71
49 72 49 69 76 37 44 79 88 12 72
1 83 1 7 62 20 48 75 80 81 83
49 59 49 72 53 88 12 37 51 59
85 52 85 88 48 52
87 44 87 72 44
58 67 58 68 69 51 67
40 32 40 25 62 20 32
46 54 46 88 12 44 55 58 54
74 88 74 58 77 79 88
4 54 4 74 58 54
58 29 58 77 55 67 82 44 79 88 12 29
87 45 87 72 53 88 12 45
19 9 19 25 33 45 64 82 44 79 88 12 29 48 52 77 55 58 68 72 87 78 10 30 34 59 24 27 5 6 16 35 39 63 65 9
74 81 74 58 81
3 75 3 27 88 48 75
22 48 22 9 50 82 44 55 67 72 88 48
38 5 38 16 35 59 5
42 75 42 51 67 72 44 55 58 77 79 88 12 75
76 41 76 37 52 77 79 88 12 45 50 82 44 55 58 67 72 87 78 10 17 33 51 59 5 6 31 16 35 41
28 53 28 6 31 16 87 72 53
7 10 7 43 52 64 0 20 39 76 37 49 88 12 29 48 75 82 44 55 58 67 72 87 78 10
46 20 46 88 48 52 71 82 44 55 67 72 87 78 10 17 20
6 71 6 71
26 79 26 17 20 39 76 27 78 10 24 71 82 44 55 67 72 88 12 66 77 79
28 79 28 68 72 87 78 44 79
59 80 59 5 88 12 75 80
14 58 14 25 35 39 58
22 34 22 34
87 52 87 78 44 55 67 72 53 88 48 52
62 9 62 13 20 39 65 9
88 67 88 12 24 27 36 37 59 5 64 82 44 55 67
23 45 23 50 82 44 55 58 67 72 88 12 45
87 33 87 72 88 12 45 64 0 10 17 33
22 17 22 34 0 10 17
85 79 85 57 78 44 79
19 25 19 25
74 84 74 58 77 79 88 48 75 82 44 55 84
34 5 34 29 48 52 71 82 44 79 88 12 72 87 78 10 24 27 5
85 67 85 23 37 51 67
9 81 9 50 82 44 79 88 48 75 80 81
14 17 14 28 88 12 37 72 87 78 10 17
40 30 40 41 70 82 44 55 67 72 87 78 10 30
4 58 4 82 44 55 58
1 17 1 49 69 51 17
39 70 39 87 78 44 55 67 72 53 88 12 37 51 17 33 62 13 28 41 70
14 41 14 28 41
85 89 85 88 12 66 77 79 84 89
62 71 62 20 39 58 77 55 67 72 53 88 12 24 71
3 63 3 43 66 78 10 48 52 71 82 44 55 58 67 72 88 12 37 76 27 36 59 64 0 13 26 17 20 39 63
26 17 26 10 17
3 72 3 43 75 82 44 55 58 67 72
31 44 31 43 87 72 88 12 50 82 44
38 88 38 13 20 55 58 77 79 88
13 0 13 28 64 0
33 52 33 49 69 72 53 88 12 29 48 52
9 81 9 36 37 44 55 67 72 87 78 10 48 75 80 81
69 81 69 51 59 5 79 88 12 24 71 82 44 55 58 67 72 87 78 10 30 48 75 80 81
2 41 2 34 59 64 0 13 28 41
43 54 43 44 55 58 54
59 66 59 64 44 55 58 77 79 88 12 66
68 10 68 74 6 31 43 66 78 10
51 17 51 17
21 20 21 20
57 36 57 63 65 9 36
14 24 14 34 59 5 72 87 78 44 79 88 48 52 64 0 13 26 10 24
69 6 69 76 37 77 79 88 48 52 64 71 82 44 55 58 68 74 6
42 53 42 62 13 68 9 50 82 44 79 88 12 37 49 72 53
19 29 19 56 74 58 77 79 88 12 37 76 27 5 6 16 29
19 52 19 69 76 37 48 52
11 66 11 68 69 51 59 24 27 5 79 88 12 66
77 0 77 79 88 12 45 64 0
85 23 85 23
26 50 26 88 12 50
62 67 62 13 29 48 75 82 44 55 67
28 66 28 41 50 82 44 55 58 67 72 87 78 10 17 70 29 48 75 88 12 66
3 58 3 64 44 55 58
85 6 85 57 24 27 78 44 55 58 68 74 6
31 9 31 6 71 82 44 55 58 68 9
56 0 56 64 0
82 83 82 44 79 84 89 83
39 52 39 76 37 49 72 88 48 52
88 17 88 48 75 82 44 55 67 72 87 78 10 17
25 86 25 33 51 59 24 71 82 44 55 67 72 86
4 75 4 30 50 82 44 55 58 67 72 88 12 66 78 10 17 33 49 76 37 48 75
8 77 8 40 68 9 62 13 0 45 77
82 55 82 44 55
64 54 64 82 44 55 58 54
40 77 40 25 33 51 59 24 27 78 10 30 34 48 75 88 12 72 44 55 58 68 74 6 77
46 24 46 88 48 75 82 44 55 67 72 87 78 10 24
33 29 33 45 50 82 44 55 58 67 72 87 78 10 17 70 29
1 77 1 20 39 58 77
34 80 34 48 52 80
85 59 85 23 37 36 59
20 48 20 55 58 77 79 88 48
56 32 56 82 44 55 58 67 72 53 88 12 24 27 78 10 17 32
87 54 87 72 53 88 12 50 82 44 55 58 54
7 55 7 55
40 84 40 25 38 13 74 58 67 72 88 12 45 50 60 84
15 77 15 26 28 37 59 5 64 0 45 77
51 54 51 59 5 6 71 82 44 79 88 48 52 77 55 58 54
38 37 38 13 68 69 72 53 88 12 37
3 53 3 38 65 9 71 82 44 55 67 72 53
57 44 57 12 66 78 44
49 50 49 76 37 52 71 82 44 55 67 72 87 78 10 24 27 36 50
19 9 19 56 16 35 64 0 10 24 27 36 59 5 6 31 68 9
41 73 41 63 75 88 48 52 64 71 82 44 55 67 72 87 78 10 17 70 73
13 44 13 68 74 58 77 55 67 72 53 88 12 44
39 32 39 76 37 72 87 78 10 17 32
8 89 8 28 64 44 55 58 68 72 87 78 10 17 33 45 50 60 84 89
65 53 65 9 36 59 5 79 88 48 52 64 82 44 55 67 72 53
88 80 88 48 52 80
22 12 22 9 36 59 24 27 44 55 58 68 72 53 88 12
77 0 77 79 88 12 45 50 82 44 55 58 67 72 87 78 10 48 52 64 0
77 45 77 79 88 48 75 82 44 55 67 72 87 78 10 30 34 0 45
13 55 13 10 24 71 82 44 55
18 64 18 51 67 82 44 55 58 77 79 88 48 52 64
1 34 1 78 10 30 34
37 0 37 36 59 64 0
46 89 46 60 84 89
20 73 20 40 68 74 6 31 43 52 77 55 67 72 88 12 45 50 82 73
34 29 34 29
19 32 19 62 20 32
72 83 72 88 48 75 82 44 79 83
51 84 51 84
59 75 59 5 52 71 82 44 79 88 48 75
38 71 38 13 20 39 87 72 88 48 52 64 71
3 83 3 9 50 82 44 79 83
38 52 38 16 45 64 0 27 5 52
15 58 15 26 17 20 56 74 6 31 68 9 71 82 44 79 88 48 52 77 55 58
51 12 51 17 33 45 50 82 44 55 58 77 79 88 12
70 81 70 29 48 52 71 82 44 79 88 12 75 80 81
41 79 41 57 63 65 77 79
77 54 77 55 58 54
76 44 76 27 5 79 88 12 50 82 44
11 45 11 88 12 45
33 80 33 49 69 51 17 58 77 55 67 72 53 88 48 52 80
74 75 74 58 77 55 67 72 87 78 10 24 27 79 88 48 75
42 25 42 70 29 48 52 71 82 44 79 88 12 37 51 59 5 6 16 45 77 55 67 72 87 78 10 30 34 0 20 40 25
6 73 6 45 64 71 82 44 55 58 67 73
31 43 31 43
49 80 49 76 37 52 77 79 88 12 24 27 36 50 82 44 55 67 72 87 78 10 17 58 68 9 62 13 74 6 16 29 48 75 80
23 66 23 49 76 27 88 12 66
4 58 4 30 50 82 44 55 58
16 54 16 87 72 88 48 75 82 44 55 58 54
27 54 27 5 75 88 48 52 77 55 58 54
9 36 9 36
41 67 41 50 82 44 55 67
78 84 78 44 55 84
77 5 77 79 88 12 24 71 82 44 55 58 68 9 36 37 76 27 5
18 29 18 57 63 29
40 75 40 25 82 44 55 67 72 87 78 10 48 75
41 52 41 45 64 71 82 44 55 58 68 9 62 20 56 16 87 72 88 48 52
11 63 11 68 9 36 59 64 82 44 79 88 48 52 77 55 58 67 72 87 78 10 17 20 39 63
3 50 3 64 82 44 55 67 72 53 88 12 24 27 36 50
85 72 85 23 5 6 77 79 88 48 52 64 82 44 55 67 72
19 89 19 72 53 84 89
31 41 31 16 35 41
78 79 78 44 79
89 83 89 83
13 50 13 28 35 59 5 75 88 12 50
72 86 72 86
87 81 87 72 53 88 48 52 80 81
22 60 22 9 50 60
4 88 4 74 6 48 75 82 44 79 88
87 5 87 78 10 24 27 5
13 45 13 10 30 34 48 52 64 82 44 79 88 12 45
16 17 16 29 48 52 77 55 58 68 69 51 17
27 54 27 78 44 55 58 54
74 55 74 6 77 55
23 17 23 66 78 10 17
4 10 4 70 29 48 52 71 82 44 55 67 72 87 78 10
22 29 22 34 29
8 6 8 40 68 74 6
25 36 25 79 88 12 37 51 17 33 45 77 55 58 67 72 87 78 10 24 27 36
8 17 8 41 45 50 82 44 79 88 12 24 27 78 10 17
3 86 3 37 77 55 58 68 9 36 50 82 44 79 88 12 29 48 52 64 86
26 54 26 17 33 51 67 82 44 55 58 54
13 17 13 26 17
70 52 70 82 44 79 88 48 52
23 10 23 5 88 48 75 82 44 55 67 72 87 78 10
11 26 11 70 29 48 88 12 44 55 67 72 87 78 10 17 33 51 59 64 0 13 26
25 55 25 82 44 55
72 83 72 44 79 83
33 71 33 49 88 48 52 71
78 84 78 10 24 71 82 44 55 84
38 54 38 16 29 48 75 88 12 24 71 82 44 55 58 54
11 34 11 88 48 52 77 55 58 67 72 87 78 10 30 34
57 24 57 24
43 75 43 52 64 44 55 67 72 53 88 48 75
19 20 19 25 79 88 48 52 64 71 82 44 55 58 67 72 87 78 10 17 20
13 36 13 0 45 50 82 44 55 67 72 87 78 10 24 27 36
14 37 14 34 59 5 6 77 79 88 12 37
7 66 7 57 12 66
14 64 14 9 20 56 64
62 50 62 72 87 78 10 30 48 52 64 82 44 79 88 12 50
30 79 30 34 29 48 52 64 0 10 17 78 44 55 67 72 53 88 12 66 77 79
1 23 1 23
11 67 11 68 74 58 77 55 67
16 10 16 35 41 45 50 82 44 79 88 12 24 27 78 10
21 55 21 20 39 76 27 44 55
40 34 40 68 9 50 82 44 79 88 12 29 48 52 64 0 45 77 55 67 72 87 78 10 30 34
85 29 85 57 82 44 55 67 72 87 78 10 17 70 29
37 83 37 36 59 5 79 84 89 83
28 0 28 87 78 44 55 58 77 79 88 48 52 64 0
34 79 34 79
62 72 62 13 26 17 33 78 10 48 75 82 44 55 58 68 69 72
74 73 74 6 37 48 52 77 55 58 67 73
23 12 23 37 72 53 88 12
76 5 76 37 48 75 82 44 79 88 12 45 77 55 67 72 87 78 10 17 20 56 16 35 59 64 0 27 5
8 58 8 70 82 44 55 58
4 32 4 23 32
34 66 34 29 48 75 88 12 66
25 12 25 12
28 72 28 68 72
28 27 28 87 72 53 88 12 75 82 44 55 58 68 9 62 13 0 27
14 20 14 42 62 13 20
43 10 43 75 88 12 72 87 78 10
1 36 1 37 36
21 13 21 42 62 20 40 41 76 37 59 64 0 13
26 32 26 17 32
2 24 2 9 20 56 64 0 13 10 24
20 52 20 40 41 63 75 82 44 79 88 48 52
88 81 88 48 75 80 81
62 60 62 72 87 78 44 79 88 12 60
64 86 64 71 82 44 79 88 48 52 77 55 58 67 72 86
26 50 26 17 70 29 48 88 12 50
19 54 19 25 62 13 68 69 51 59 64 0 10 30 34 79 88 12 66 77 55 58 54
26 36 26 28 35 41 45 64 0 10 17 58 77 79 88 12 37 76 27 36
7 55 7 17 78 10 24 71 82 44 55
11 89 11 88 12 60 84 89
16 36 16 87 78 44 79 88 12 24 27 36
38 83 38 16 45 77 55 84 89 83
70 67 70 82 44 79 88 12 72 87 78 10 17 58 77 55 67
40 73 40 25 35 64 44 79 88 48 75 82 73
14 53 14 51 17 78 44 55 58 67 72 53
8 24 8 28 35 59 24
82 36 82 44 79 88 12 37 36
65 66 65 77 55 58 68 9 36 59 5 75 82 44 79 88 12 66
15 70 15 30 52 77 55 58 67 82 44 79 88 12 37 49 69 51 17 70
77 10 77 79 88 12 24 27 44 55 58 68 69 51 17 78 10
59 36 59 5 52 64 82 44 79 88 12 37 49 69 76 27 36
18 12 18 22 31 56 64 82 44 79 88 12
76 52 76 27 79 88 48 52
23 71 23 5 64 82 44 55 58 77 79 88 12 24 71
14 72 14 28 68 72
85 63 85 88 48 52 77 55 58 68 72 87 78 10 17 33 62 13 20 39 63
2 13 2 33 45 64 0 13
34 79 34 79
23 67 23 66 77 79 88 12 37 52 64 82 44 55 67
78 75 78 10 24 71 82 44 79 88 12 75
33 83 33 78 10 30 52 80 81 83
1 26 1 23 50 82 44 79 88 12 72 87 78 10 17 33 62 13 26
22 9 22 9
28 50 28 35 41 50
87 24 87 72 53 88 12 24
49 30 49 76 37 51 17 58 67 82 44 79 88 12 72 87 78 10 30
69 16 69 51 67 72 87 78 10 48 75 82 44 55 58 68 74 6 31 16
23 79 23 50 82 44 55 67 72 53 88 12 29 48 52 64 0 45 77 79
40 75 40 25 82 44 79 88 12 37 49 76 27 78 10 30 48 75
42 44 42 63 65 9 71 82 44
4 72 4 23 37 48 52 77 55 67 72
22 53 22 34 0 20 88 48 52 77 55 67 72 53
8 78 8 9 36 37 48 75 82 44 55 67 72 87 78
46 37 46 88 12 37
69 84 69 76 27 36 50 60 84
3 73 3 27 79 88 48 75 82 44 55 67 73
46 12 46 88 12
82 80 82 44 55 67 72 88 48 52 80
21 29 21 42 70 29
62 52 62 72 44 79 88 48 52
39 13 39 63 65 9 71 82 44 55 58 68 72 88 12 45 64 0 13
65 51 65 9 20 39 76 27 79 88 12 44 55 58 68 69 51
68 6 68 74 6
38 0 38 16 45 64 0
46 81 46 88 48 75 80 81
28 86 28 82 44 79 88 12 37 77 55 58 54 86
40 64 40 25 35 59 64
35 64 35 41 63 75 82 44 79 88 12 29 48 52 64
22 37 22 31 56 16 35 59 5 75 88 48 52 64 0 27 36 37
85 83 85 57 82 44 84 89 83
58 10 58 68 74 6 77 79 88 12 37 59 24 27 36 50 82 44 55 67 72 87 78 10
58 66 58 68 74 6 88 12 66
56 86 56 82 44 55 67 72 88 48 52 64 86
85 52 85 23 66 77 55 67 72 88 48 52
19 6 19 56 74 6
59 55 59 24 71 82 44 55
40 63 40 41 63
38 64 38 65 9 50 82 44 79 88 12 29 48 52 64
74 71 74 58 77 79 88 12 75 82 44 55 67 72 87 78 10 30 52 71
9 17 9 50 82 44 79 88 12 45 77 55 58 67 72 87 78 10 17
88 12 88 12
62 67 62 13 74 58 77 55 67
3 77 3 9 50 82 44 55 58 77
49 73 49 88 48 52 71 82 73
62 53 62 13 0 27 88 48 52 71 82 44 55 67 72 53
51 84 51 17 60 84
9 75 9 36 50 82 44 79 88 48 75
15 41 15 41
69 89 69 72 87 78 10 30 44 84 89
40 6 40 68 74 6
16 54 16 29 48 52 77 55 58 54
18 30 18 59 24 71 82 44 55 67 72 87 78 10 30
76 64 76 27 5 88 48 52 64
34 0 34 0
23 83 23 50 82 44 79 83
34 81 34 79 88 48 52 80 81
37 83 37 44 55 84 89 83
15 54 15 26 42 70 29 48 75 82 44 55 58 54
63 32 63 65 9 62 20 32
8 20 8 41 70 82 44 55 58 77 79 88 12 37 76 27 78 10 17 20
87 72 87 72
43 52 43 75 82 44 55 67 72 53 88 48 52
38 86 38 16 86
23 66 23 66
28 73 28 87 78 44 79 88 12 29 48 75 82 73
2 58 2 82 44 79 88 48 52 77 55 58
88 54 88 48 52 64 44 55 58 54
23 53 23 66 78 10 30 34 0 45 50 82 44 55 67 72 53
87 64 87 78 10 17 33 45 50 82 44 79 88 48 52 64
76 88 76 37 59 24 27 5 64 82 44 79 88
38 48 38 65 9 62 20 88 48
21 66 21 26 10 17 78 44 79 88 12 66
33 0 33 45 77 79 88 48 52 64 82 44 55 67 72 87 78 10 30 34 0
63 81 63 29 48 75 80 81
43 44 43 75 88 12 29 48 52 64 71 82 44
31 13 31 6 45 64 0 13
41 55 41 49 69 72 88 12 37 52 64 82 44 55
56 58 56 27 79 88 12 75 82 44 55 58
51 17 51 17
11 82 11 78 10 48 88 12 75 82
69 81 69 72 53 88 48 75 80 81
35 6 35 41 76 27 88 48 52 77 55 58 68 74 6
11 82 11 68 9 62 20 40 41 70 82
15 10 15 26 28 37 77 79 88 48 52 71 82 44 55 58 67 72 87 78 10
15 57 15 41 57
58 12 58 77 79 88 12
68 10 68 74 58 77 55 67 82 44 79 88 12 66 78 10
49 83 49 76 37 51 17 78 44 84 89 83
64 50 64 82 44 79 88 12 45 50
57 48 57 24 27 88 48
74 79 74 6 31 56 16 35 41 49 88 12 44 79
62 82 62 13 68 69 72 53 88 12 44 55 67 82
64 86 64 86
68 27 68 74 6 37 76 27
42 88 42 63 29 48 75 88
37 32 37 48 52 71 82 44 55 58 68 9 62 20 32
9 45 9 50 82 44 55 58 68 74 6 45
11 52 11 68 72 44 55 58 77 79 88 48 52
39 83 39 63 29 48 52 80 81 83
46 60 46 88 12 60
77 86 77 55 58 54 86
6 53 6 37 72 53
14 61 14 42 70 82 44 79 88 12 45 64 0 27 78 10 17 33 61
74 67 74 6 37 52 77 55 67
1 7 1 7
22 0 22 34 29 48 75 82 44 79 88 12 45 64 0
30 84 30 48 75 82 44 79 88 12 72 87 78 10 24 89 84
87 59 87 78 10 17 33 51 59
4 5 4 49 88 48 52 64 0 27 5
33 29 33 49 88 12 24 71 82 44 55 67 72 87 78 10 17 70 29
28 63 28 41 63
21 89 21 20 48 52 77 89
21 72 21 42 70 82 44 55 58 67 72
57 86 57 82 44 55 58 54 86
15 81 15 41 63 29 48 88 12 37 76 27 36 81
14 6 14 25 38 65 9 20 56 82 44 55 67 72 87 78 10 17 33 51 59 5 52 64 0 13 74 6
21 80 21 26 42 70 29 48 75 82 44 55 58 67 72 87 78 10 30 52 80
69 73 69 72 53 88 12 73
70 86 70 29 48 88 12 50 82 44 55 58 54 86
65 24 65 9 20 40 25 85 88 48 52 64 0 13 74 6 37 51 17 33 62 72 87 78 10 24
31 80 31 6 77 55 58 67 82 44 79 88 48 52 80
58 54 58 54
28 73 28 35 64 71 82 73
87 16 87 78 10 48 52 64 82 44 55 58 68 74 6 16
26 45 26 17 20 39 58 77 79 88 12 75 82 44 55 67 72 87 78 10 48 52 64 0 45
35 79 35 39 58 77 79
18 89 18 76 27 78 10 17 70 82 44 79 88 12 37 49 89
70 83 70 81 83
68 82 68 9 20 88 12 24 27 78 10 30 52 64 71 82
39 25 39 65 9 20 40 25
7 36 7 17 33 49 76 27 36
69 83 69 51 67 72 53 80 81 83
31 51 31 16 35 41 76 27 78 10 17 33 51
4 82 4 74 58 77 55 67 82
34 12 34 48 75 88 12
56 16 56 16
77 44 77 55 58 67 82 44
35 51 35 59 64 0 13 29 48 75 82 44 55 58 68 69 76 27 79 88 12 72 87 78 10 17 33 51
46 67 46 88 12 29 48 75 82 44 55 58 67
65 50 65 9 50
31 10 31 16 87 78 10
51 67 51 67
31 9 31 16 35 64 44 55 58 68 9
4 66 4 49 72 88 12 66
22 71 22 31 56 64 71
6 61 6 45 50 82 44 55 67 72 87 78 10 17 33 61
33 54 33 62 20 88 12 66 78 44 55 58 54
19 24 19 69 76 37 51 67 72 87 78 10 24
63 50 63 75 88 12 37 36 50
56 13 56 64 0 13
22 37 22 9 36 37
25 55 25 33 49 69 72 88 48 75 82 44 55
88 73 88 48 75 82 73
4 82 4 30 52 77 79 88 48 75 82
74 71 74 6 77 55 67 72 87 78 44 79 88 12 29 48 52 71
30 55 30 52 77 79 88 12 72 87 78 10 24 27 44 55
87 64 87 78 44 79 88 48 52 64
62 48 62 72 87 78 44 79 88 48
78 36 78 44 55 58 68 9 36
14 50 14 59 64 0 45 50
2 45 2 34 59 24 27 5 64 0 45
19 5 19 62 13 0 27 5
72 53 72 53
87 13 87 78 10 17 33 62 13
56 9 56 64 0 20 39 63 65 9
39 48 39 64 82 44 79 88 48
68 84 68 74 58 67 72 53 88 48 75 82 44 55 84
88 44 88 12 37 36 50 82 44
41 0 41 66 77 79 88 12 37 59 24 71 82 44 55 58 68 72 87 78 10 48 52 64 0
1 77 1 23 37 48 52 77
88 80 88 12 72 53 80
30 79 30 50 82 44 79
69 5 69 76 27 5
76 5 76 27 36 37 59 5
40 45 40 78 44 55 58 68 9 36 37 72 88 12 45
33 45 33 45
30 80 30 52 71 82 44 79 88 48 75 80
41 12 41 57 63 75 88 12
31 32 31 16 45 77 79 88 48 75 82 44 55 58 67 72 87 78 10 17 32
28 29 28 35 64 44 79 88 48 52 77 55 58 67 72 87 78 10 17 70 29
22 50 22 43 75 82 44 55 67 72 87 78 10 17 70 29 48 88 12 37 52 64 0 20 56 16 45 50
58 52 58 77 55 67 82 44 79 88 12 37 52
57 73 57 63 65 77 55 58 68 9 62 72 87 78 44 79 88 48 52 71 82 73
41 84 41 50 60 84
39 20 39 63 65 9 62 20
42 89 42 51 67 72 87 78 44 79 84 89
13 48 13 29 48
21 78 21 82 44 55 67 72 87 78
2 79 2 34 79
76 44 76 37 49 69 72 53 88 48 75 82 44
6 79 6 31 68 69 51 59 64 0 10 48 88 12 75 82 44 79
8 55 8 62 20 48 52 64 71 82 44 55
21 64 21 42 70 82 44 55 58 77 79 88 48 52 64
20 24 20 55 58 68 9 36 59 24
21 44 21 58 67 72 88 12 75 82 44
26 55 26 10 30 48 52 64 0 27 5 6 77 55
6 79 6 45 77 55 58 67 72 87 78 44 79
63 17 63 65 77 79 88 12 66 78 10 17
41 52 41 70 29 48 52
22 88 22 31 56 74 58 77 55 67 72 88
28 16 28 6 16
3 0 3 30 50 82 44 55 67 72 87 78 10 17 58 68 9 62 13 74 6 77 79 88 12 37 52 64 0
74 12 74 58 67 82 44 79 88 12
68 51 68 69 51
40 59 40 41 49 69 51 59
25 67 25 33 62 20 55 58 67
72 45 72 53 88 12 45
42 45 42 63 65 77 55 67 72 53 88 12 45
40 20 40 25 35 64 0 20
43 86 43 75 82 44 79 88 12 29 48 52 77 55 58 54 86
60 84 60 84
18 48 18 51 17 70 82 44 55 67 72 88 48
11 82 11 68 9 62 13 0 27 36 59 5 79 88 12 45 64 82
3 81 3 27 36 81
89 83 89 83
46 64 46 88 48 52 64
19 55 19 43 44 55
13 24 13 0 20 40 41 66 78 10 24
19 72 19 69 51 67 72
46 27 46 88 12 66 78 10 24 27
56 53 56 16 45 64 44 79 88 12 72 53
76 44 76 37 36 59 24 27 78 10 17 33 51 67 82 44
38 67 38 65 77 55 67
8 25 8 41 49 69 51 67 82 44 55 58 77 79 88 48 52 64 0 13 68 74 6 16 87 78 10 17 20 40 25
18 48 18 59 5 64 82 44 79 88 12 66 78 10 48
4 67 4 23 50 82 44 55 67
8 25 8 40 25
49 6 49 69 72 53 88 48 75 82 44 55 58 68 74 6
74 0 74 6 37 49 69 51 17 58 77 79 88 48 52 71 82 44 55 67 72 87 78 10 30 34 59 64 0
60 83 60 84 89 83
76 45 76 37 52 77 79 88 48 75 82 44 55 58 68 74 6 45
